Tick,ExecInstrId,CoreId,CoreTypeId,IsGeneralHazardPass,IsPushInstrFail
3621,1924145348609,0,3,1,0
3622,1924145348610,0,3,0,0
3623,1924145348610,0,3,0,0
3624,1924145348610,0,3,0,0
3625,1924145348610,0,3,1,0
3625,1924145348611,0,3,1,0
3626,1924145348612,0,3,1,0
3626,1924145348613,0,3,1,0
3627,1924145348614,0,3,1,0
3627,1924145348615,0,3,1,0
3628,1924145348616,0,3,1,0
3628,1924145348617,0,3,1,0
3629,1924145348618,0,3,1,0
3629,1924145348619,0,3,1,0
3630,1924145348620,0,3,1,0
3630,1924145348621,0,3,1,0
3631,1924145348622,0,3,1,0
3631,1924145348623,0,3,0,0
3632,1924145348623,0,3,1,0
3632,1924145348624,0,3,0,0
3633,1924145348624,0,3,0,0
3634,1924145348624,0,3,0,0
3635,1924145348624,0,3,1,0
3635,1924145348625,0,3,1,0
3636,1924145348626,0,3,1,0
3636,1924145348627,0,3,0,0
3637,1924145348627,0,3,0,0
3638,1924145348627,0,3,0,0
3639,1924145348627,0,3,0,0
3640,1924145348627,0,3,1,0
3640,1924145348628,0,3,1,0
3641,1924145348629,0,3,1,0
3641,1924145348630,0,3,1,0
3642,1924145348631,0,3,1,0
3642,1924145348632,0,3,1,0
3643,1924145348633,0,3,1,0
3643,1924145348634,0,3,1,0
3644,1924145348635,0,3,1,0
3644,1924145348636,0,3,1,0
3645,1924145348637,0,3,1,0
3645,1924145348638,0,3,1,0
3646,1924145348639,0,3,1,0
3646,1924145348640,0,3,1,0
3647,1924145348641,0,3,1,0
3647,1924145348642,0,3,1,0
3648,1924145348643,0,3,1,0
3648,1924145348644,0,3,1,0
3649,1924145348645,0,3,1,0
3649,1924145348646,0,3,1,0
3650,1924145348647,0,3,1,0
3650,1924145348648,0,3,1,0
3651,1924145348649,0,3,1,0
3651,1924145348650,0,3,1,0
3652,1924145348651,0,3,1,0
3652,1924145348652,0,3,0,0
3653,1924145348652,0,3,0,0
3654,1924145348652,0,3,0,0
3655,1924145348652,0,3,0,0
3656,1924145348652,0,3,0,0
3658,1649267441728,0,2,1,0
3657,1924145348652,0,3,0,0
3658,1649267441729,0,2,1,0
3658,1924145348652,0,3,0,0
3659,1649267441730,0,2,0,0
3659,1924145348652,0,3,0,0
3660,1649267441730,0,2,0,0
3660,1924145348652,0,3,0,0
3661,1649267441730,0,2,0,0
3662,1649267441730,0,2,1,0
3661,1924145348652,0,3,0,0
3662,1649267441731,0,2,1,0
3663,1649267441732,0,2,1,0
3662,1924145348652,0,3,0,0
3663,1649267441733,0,2,1,0
3664,1649267441734,0,2,1,0
3663,1924145348652,0,3,0,0
3664,1649267441735,0,2,1,0
3665,1649267441736,0,2,1,0
3664,1924145348652,0,3,0,0
3665,1649267441737,0,2,1,0
3666,1649267441738,0,2,1,0
3665,1924145348652,0,3,0,0
3666,1649267441739,0,2,1,0
3667,1649267441740,0,2,1,0
3666,1924145348652,0,3,0,0
3667,1649267441741,0,2,1,0
3668,1649267441742,0,2,1,0
3667,1924145348652,0,3,0,0
3668,1649267441743,0,2,0,0
3669,1649267441743,0,2,1,0
3668,1924145348652,0,3,0,0
3669,1649267441744,0,2,0,0
3669,1924145348652,0,3,0,0
3670,1649267441744,0,2,0,0
3670,1924145348652,0,3,0,0
3671,1649267441744,0,2,0,0
3672,1649267441744,0,2,1,0
3671,1924145348652,0,3,0,0
3673,1374389534840,0,1,1,0
3672,1649267441745,0,2,1,0
3673,1649267441746,0,2,1,0
3672,1924145348652,0,3,0,0
3673,1374389534841,0,1,1,0
3673,1649267441747,0,2,0,0
3673,1924145348652,0,3,0,0
3674,1374389534842,0,1,0,0
3674,1649267441747,0,2,0,0
3674,1924145348652,0,3,0,0
3675,1374389534842,0,1,0,0
3675,1649267441747,0,2,0,0
3675,1924145348652,0,3,0,0
3676,1374389534842,0,1,0,0
3677,1374389534842,0,1,1,0
3676,1649267441747,0,2,0,0
3677,1649267441747,0,2,1,0
3676,1924145348652,0,3,0,0
3677,1374389534843,0,1,1,0
3678,1374389534844,0,1,1,0
3677,1649267441748,0,2,1,0
3678,1649267441749,0,2,1,0
3677,1924145348652,0,3,0,0
3678,1374389534845,0,1,1,0
3679,1374389534846,0,1,1,0
3678,1649267441750,0,2,1,0
3679,1649267441751,0,2,1,0
3678,1924145348652,0,3,0,0
3679,1374389534847,0,1,1,0
3680,1374389534848,0,1,1,0
3679,1649267441752,0,2,1,0
3680,1649267441753,0,2,1,0
3679,1924145348652,0,3,0,0
3680,1374389534849,0,1,1,0
3681,1374389534850,0,1,1,0
3680,1649267441754,0,2,1,0
3681,1649267441755,0,2,1,0
3680,1924145348652,0,3,0,0
3681,1374389534851,0,1,1,0
3682,1374389534852,0,1,1,0
3681,1649267441756,0,2,1,0
3682,1649267441757,0,2,1,0
3681,1924145348652,0,3,0,0
3682,1374389534853,0,1,1,0
3683,1374389534854,0,1,1,0
3682,1649267441758,0,2,1,0
3683,1649267441759,0,2,1,0
3682,1924145348652,0,3,0,0
3683,1374389534855,0,1,0,0
3684,1374389534855,0,1,1,0
3683,1649267441760,0,2,1,0
3684,1649267441761,0,2,1,0
3683,1924145348652,0,3,0,0
3684,1374389534856,0,1,0,0
3684,1649267441762,0,2,1,0
3685,1649267441763,0,2,1,0
3684,1924145348652,0,3,0,0
3685,1374389534856,0,1,0,0
3685,1649267441764,0,2,1,0
3686,1649267441765,0,2,1,0
3685,1924145348652,0,3,0,0
3686,1374389534856,0,1,0,0
3687,1374389534856,0,1,1,0
3686,1649267441766,0,2,1,0
3687,1649267441767,0,2,1,0
3686,1924145348652,0,3,0,0
3687,1374389534857,0,1,1,0
3688,1374389534858,0,1,1,0
3687,1649267441768,0,2,1,0
3688,1649267441769,0,2,1,0
3687,1924145348652,0,3,0,0
3688,1374389534859,0,1,0,0
3688,1649267441770,0,2,1,0
3689,1649267441771,0,2,1,0
3688,1924145348652,0,3,0,0
3689,1374389534859,0,1,0,0
3689,1649267441772,0,2,0,0
3689,1924145348652,0,3,0,0
3690,1374389534859,0,1,0,0
3690,1649267441772,0,2,0,0
3690,1924145348652,0,3,0,0
3691,1374389534859,0,1,0,0
3692,1374389534859,0,1,1,0
3691,1649267441772,0,2,0,0
3691,1924145348652,0,3,0,0
3692,1374389534860,0,1,1,0
3693,1374389534861,0,1,1,0
3692,1649267441772,0,2,0,0
3692,1924145348652,0,3,0,0
3693,1374389534862,0,1,1,0
3694,1374389534863,0,1,1,0
3693,1649267441772,0,2,0,0
3693,1924145348652,0,3,0,0
3694,1374389534864,0,1,1,0
3695,1374389534865,0,1,1,0
3694,1649267441772,0,2,0,0
3694,1924145348652,0,3,0,0
3695,1374389534866,0,1,1,0
3695,1649267441772,0,2,0,0
3695,1924145348652,0,3,0,0
3696,1374389534867,0,1,1,0
3697,1374389534868,0,1,1,0
3696,1649267441772,0,2,0,0
3696,1924145348652,0,3,0,0
3697,1374389534869,0,1,1,0
3698,1374389534870,0,1,1,0
3697,1649267441772,0,2,0,0
3697,1924145348652,0,3,0,0
3698,1374389534871,0,1,1,0
3699,1374389534876,0,1,1,0
3698,1649267441772,0,2,0,0
3698,1924145348652,0,3,0,0
3699,1374389534877,0,1,1,0
3699,1649267441772,0,2,0,0
3699,1924145348652,0,3,0,0
3700,1374389534878,0,1,1,0
3701,1374389534879,0,1,1,0
3700,1649267441772,0,2,0,0
3700,1924145348652,0,3,0,0
3701,1374389534884,0,1,1,0
3702,1374389534885,0,1,1,0
3701,1649267441772,0,2,0,0
3701,1924145348652,0,3,0,0
3702,1374389534886,0,1,1,0
3703,1374389534887,0,1,1,0
3702,1649267441772,0,2,0,0
3702,1924145348652,0,3,0,0
3703,1374389534888,0,1,1,0
3704,1374389534889,0,1,1,0
3703,1649267441772,0,2,0,0
3703,1924145348652,0,3,0,0
3704,1374389534890,0,1,1,0
3705,1374389534891,0,1,1,0
3704,1649267441772,0,2,0,0
3704,1924145348652,0,3,0,0
3705,1374389534892,0,1,1,0
3705,1649267441772,0,2,0,0
3705,1924145348652,0,3,0,0
3706,1374389534893,0,1,0,0
3706,1649267441772,0,2,0,0
3706,1924145348652,0,3,0,0
3707,1374389534893,0,1,0,0
3708,1374389534893,0,1,1,0
3707,1649267441772,0,2,0,0
3707,1924145348652,0,3,0,0
3708,1374389534894,0,1,1,0
3709,1374389534895,0,1,1,0
3708,1649267441772,0,2,0,0
3708,1924145348652,0,3,0,0
3709,1374389534896,0,1,0,0
3709,1649267441772,0,2,0,0
3709,1924145348652,0,3,0,0
3710,1374389534896,0,1,0,0
3710,1649267441772,0,2,0,0
3710,1924145348652,0,3,0,0
3711,1374389534896,0,1,0,0
3711,1649267441772,0,2,0,0
3711,1924145348652,0,3,0,0
3712,1374389534896,0,1,0,0
3713,1374389534896,0,1,1,0
3712,1649267441772,0,2,0,0
3712,1924145348652,0,3,0,0
3713,1374389534897,0,1,1,0
3714,1374389534898,0,1,1,0
3713,1649267441772,0,2,0,0
3713,1924145348652,0,3,0,0
3714,1374389534899,0,1,1,0
3715,1374389534900,0,1,1,0
3714,1649267441772,0,2,0,0
3714,1924145348652,0,3,0,0
3715,1374389534901,0,1,1,0
3716,1374389534902,0,1,1,0
3715,1649267441772,0,2,0,0
3715,1924145348652,0,3,0,0
3716,1374389534903,0,1,1,0
3717,1374389534904,0,1,1,0
3716,1649267441772,0,2,0,0
3716,1924145348652,0,3,0,0
3717,1374389534905,0,1,1,0
3718,3573412790458,0,1,1,0
3717,1649267441772,0,2,0,0
3717,1924145348652,0,3,0,0
3718,1374389534907,0,1,1,0
3719,1374389534908,0,1,1,0
3718,1649267441772,0,2,0,0
3718,1924145348652,0,3,0,0
3719,1374389534909,0,1,1,0
3720,1374389534910,0,1,1,0
3719,1649267441772,0,2,0,0
3719,1924145348652,0,3,0,0
3720,1374389534911,0,1,0,0
3721,1374389534911,0,1,1,0
3720,1649267441772,0,2,0,0
3720,1924145348652,0,3,0,0
3721,1374389534912,0,1,1,0
3722,1374389534913,0,1,1,0
3721,1649267441772,0,2,0,0
3721,1924145348652,0,3,0,0
3722,1374389534914,0,1,1,0
3723,1374389534915,0,1,1,0
3722,1649267441772,0,2,0,0
3722,1924145348652,0,3,0,0
3723,1374389534916,0,1,1,0
3724,1374389534917,0,1,1,0
3723,1649267441772,0,2,0,0
3723,1924145348652,0,3,0,0
3724,1374389534918,0,1,1,0
3724,1649267441772,0,2,0,0
3724,1924145348652,0,3,0,0
3725,1374389534919,0,1,0,0
3725,1649267441772,0,2,0,0
3725,1924145348652,0,3,0,0
3726,1374389534919,0,1,0,0
3726,1649267441772,0,2,0,0
3726,1924145348652,0,3,0,0
3727,1374389534919,0,1,0,0
3728,1374389534919,0,1,1,0
3727,1649267441772,0,2,0,0
3727,1924145348652,0,3,0,0
3728,1374389534920,0,1,1,0
3728,1649267441772,0,2,0,0
3728,1924145348652,0,3,0,0
3729,1374389534921,0,1,0,0
3729,1649267441772,0,2,0,0
3729,1924145348652,0,3,0,0
3730,1374389534921,0,1,0,0
3730,1649267441772,0,2,0,0
3730,1924145348652,0,3,0,0
3731,1374389534921,0,1,0,0
3732,1374389534921,0,1,1,0
3731,1649267441772,0,2,0,0
3731,1924145348652,0,3,0,0
3732,1374389534922,0,1,1,0
3732,1649267441772,0,2,0,0
3732,1924145348652,0,3,0,0
3733,1374389534923,0,1,0,0
3733,1649267441772,0,2,0,0
3733,1924145348652,0,3,0,0
3734,1374389534923,0,1,0,0
3734,1649267441772,0,2,0,0
3734,1924145348652,0,3,0,0
3735,1374389534923,0,1,0,0
3736,1374389534923,0,1,1,0
3735,1649267441772,0,2,0,0
3735,1924145348652,0,3,0,0
3736,1374389534924,0,1,1,0
3736,1649267441772,0,2,0,0
3736,1924145348652,0,3,0,0
3737,1374389534925,0,1,1,0
3737,1649267441772,0,2,0,0
3737,1924145348652,0,3,0,0
3738,1374389534926,0,1,0,0
3738,1649267441772,0,2,0,0
3738,1924145348652,0,3,0,0
3739,1374389534926,0,1,0,0
3740,1374389534926,0,1,1,0
3739,1649267441772,0,2,0,0
3739,1924145348652,0,3,0,0
3740,1374389534927,0,1,1,0
3740,1649267441772,0,2,0,0
3740,1924145348652,0,3,0,0
3741,1374389534928,0,1,0,0
3741,1649267441772,0,2,0,0
3741,1924145348652,0,3,0,0
3742,1374389534928,0,1,0,0
3742,1649267441772,0,2,0,0
3742,1924145348652,0,3,0,0
3743,1374389534928,0,1,0,0
3744,1374389534928,0,1,1,0
3743,1649267441772,0,2,0,0
3743,1924145348652,0,3,0,0
3744,1374389534929,0,1,1,0
3744,1649267441772,0,2,0,0
3744,1924145348652,0,3,0,0
3745,1374389534930,0,1,0,0
3745,1649267441772,0,2,0,0
3745,1924145348652,0,3,0,0
3746,1374389534930,0,1,0,0
3746,1649267441772,0,2,0,0
3746,1924145348652,0,3,0,0
3747,1374389534930,0,1,0,0
3748,1374389534930,0,1,1,0
3747,1649267441772,0,2,0,0
3747,1924145348652,0,3,0,0
3748,1374389534931,0,1,1,0
3748,1649267441772,0,2,0,0
3748,1924145348652,0,3,0,0
3749,1374389534932,0,1,0,0
3749,1649267441772,0,2,0,0
3749,1924145348652,0,3,0,0
3750,1374389534932,0,1,0,0
3750,1649267441772,0,2,0,0
3750,1924145348652,0,3,0,0
3751,1374389534932,0,1,0,0
3752,1374389534932,0,1,1,0
3751,1649267441772,0,2,0,0
3751,1924145348652,0,3,0,0
3752,1374389534933,0,1,1,0
3752,1649267441772,0,2,0,0
3752,1924145348652,0,3,0,0
3753,1374389534934,0,1,0,0
3753,1649267441772,0,2,0,0
3753,1924145348652,0,3,0,0
3754,1374389534934,0,1,0,0
3754,1649267441772,0,2,0,0
3754,1924145348652,0,3,0,0
3755,1374389534934,0,1,0,0
3756,1374389534934,0,1,1,0
3755,1649267441772,0,2,0,0
3755,1924145348652,0,3,0,0
3756,1374389534935,0,1,1,0
3756,1649267441772,0,2,0,0
3756,1924145348652,0,3,0,0
3757,1374389534936,0,1,0,0
3757,1649267441772,0,2,0,0
3757,1924145348652,0,3,0,0
3758,1374389534936,0,1,0,0
3758,1649267441772,0,2,0,0
3758,1924145348652,0,3,0,0
3759,1374389534936,0,1,0,0
3760,1374389534936,0,1,1,0
3759,1649267441772,0,2,0,0
3759,1924145348652,0,3,0,0
3760,1374389534937,0,1,1,0
3760,1649267441772,0,2,0,0
3760,1924145348652,0,3,0,0
3761,1374389534938,0,1,0,0
3761,1649267441772,0,2,0,0
3761,1924145348652,0,3,0,0
3762,1374389534938,0,1,0,0
3762,1649267441772,0,2,0,0
3762,1924145348652,0,3,0,0
3763,1374389534938,0,1,0,0
3764,1374389534938,0,1,1,0
3763,1649267441772,0,2,0,0
3763,1924145348652,0,3,0,0
3764,1374389534939,0,1,1,0
3764,1649267441772,0,2,0,0
3764,1924145348652,0,3,0,0
3765,1374389534941,0,1,0,0
3765,1649267441772,0,2,0,0
3765,1924145348652,0,3,0,0
3766,1374389534941,0,1,0,0
3766,1649267441772,0,2,0,0
3766,1924145348652,0,3,0,0
3767,1374389534941,0,1,0,0
3768,1374389534941,0,1,1,0
3767,1649267441772,0,2,0,0
3767,1924145348652,0,3,0,0
3768,1374389534942,0,1,1,0
3768,1649267441772,0,2,0,0
3768,1924145348652,0,3,0,0
3769,1374389534943,0,1,0,0
3769,1649267441772,0,2,0,0
3769,1924145348652,0,3,0,0
3770,1374389534943,0,1,0,0
3770,1649267441772,0,2,0,0
3770,1924145348652,0,3,0,0
3771,1374389534943,0,1,0,0
3772,1374389534943,0,1,1,0
3771,1649267441772,0,2,0,0
3771,1924145348652,0,3,0,0
3772,1374389534944,0,1,1,0
3772,1649267441772,0,2,0,0
3772,1924145348652,0,3,0,0
3773,1374389534945,0,1,0,0
3773,1649267441772,0,2,0,0
3773,1924145348652,0,3,0,0
3774,1374389534945,0,1,0,0
3774,1649267441772,0,2,0,0
3774,1924145348652,0,3,0,0
3775,1374389534945,0,1,0,0
3775,1649267441772,0,2,0,0
3775,1924145348652,0,3,0,0
3776,1374389534945,0,1,0,0
3776,1649267441772,0,2,0,0
3776,1924145348652,0,3,0,0
3777,1374389534945,0,1,0,0
3777,1649267441772,0,2,0,0
3777,1924145348652,0,3,0,0
3778,1374389534945,0,1,0,0
3778,1649267441772,0,2,0,0
3778,1924145348652,0,3,0,0
3779,1374389534945,0,1,0,0
3779,1649267441772,0,2,0,0
3779,1924145348652,0,3,0,0
3780,1374389534945,0,1,0,0
3780,1649267441772,0,2,0,0
3780,1924145348652,0,3,0,0
3781,1374389534945,0,1,0,0
3781,1649267441772,0,2,0,0
3781,1924145348652,0,3,0,0
3782,1374389534945,0,1,0,0
3782,1649267441772,0,2,0,0
3782,1924145348652,0,3,0,0
3783,1374389534945,0,1,0,0
3783,1649267441772,0,2,0,0
3783,1924145348652,0,3,0,0
3784,1374389534945,0,1,0,0
3784,1649267441772,0,2,0,0
3784,1924145348652,0,3,0,0
3785,1374389534945,0,1,0,0
3785,1649267441772,0,2,0,0
3785,1924145348652,0,3,0,0
3786,1374389534945,0,1,0,0
3786,1649267441772,0,2,0,0
3786,1924145348652,0,3,0,0
3787,1374389534945,0,1,0,0
3787,1649267441772,0,2,0,0
3787,1924145348652,0,3,0,0
3788,1374389534945,0,1,0,0
3788,1649267441772,0,2,0,0
3788,1924145348652,0,3,0,0
3789,1374389534945,0,1,0,0
3789,1649267441772,0,2,0,0
3789,1924145348652,0,3,0,0
3790,1374389534945,0,1,0,0
3790,1649267441772,0,2,0,0
3790,1924145348652,0,3,0,0
3791,1374389534945,0,1,0,0
3791,1649267441772,0,2,0,0
3791,1924145348652,0,3,0,0
3792,1374389534945,0,1,0,0
3792,1649267441772,0,2,0,0
3792,1924145348652,0,3,0,0
3793,1374389534945,0,1,0,0
3793,1649267441772,0,2,0,0
3793,1924145348652,0,3,0,0
3794,1374389534945,0,1,0,0
3794,1649267441772,0,2,0,0
3794,1924145348652,0,3,0,0
3795,1374389534945,0,1,0,0
3795,1649267441772,0,2,0,0
3795,1924145348652,0,3,0,0
3796,1374389534945,0,1,0,0
3796,1649267441772,0,2,0,0
3796,1924145348652,0,3,0,0
3797,1374389534945,0,1,0,0
3797,1649267441772,0,2,0,0
3797,1924145348652,0,3,0,0
3798,1374389534945,0,1,0,0
3798,1649267441772,0,2,0,0
3798,1924145348652,0,3,0,0
3799,1374389534945,0,1,0,0
3799,1649267441772,0,2,0,0
3799,1924145348652,0,3,0,0
3800,1374389534945,0,1,0,0
3800,1649267441772,0,2,0,0
3800,1924145348652,0,3,0,0
3801,1374389534945,0,1,0,0
3801,1649267441772,0,2,0,0
3801,1924145348652,0,3,0,0
3802,1374389534945,0,1,0,0
3802,1649267441772,0,2,0,0
3802,1924145348652,0,3,0,0
3803,1374389534945,0,1,0,0
3803,1649267441772,0,2,0,0
3803,1924145348652,0,3,0,0
3804,1374389534945,0,1,0,0
3804,1649267441772,0,2,0,0
3804,1924145348652,0,3,0,0
3805,1374389534945,0,1,0,0
3805,1649267441772,0,2,0,0
3805,1924145348652,0,3,0,0
3806,1374389534945,0,1,0,0
3806,1649267441772,0,2,0,0
3806,1924145348652,0,3,0,0
3807,1374389534945,0,1,0,0
3807,1649267441772,0,2,0,0
3807,1924145348652,0,3,0,0
3808,1374389534945,0,1,0,0
3808,1649267441772,0,2,0,0
3808,1924145348652,0,3,0,0
3809,1374389534945,0,1,0,0
3809,1649267441772,0,2,0,0
3809,1924145348652,0,3,0,0
3810,1374389534945,0,1,0,0
3810,1649267441772,0,2,0,0
3810,1924145348652,0,3,0,0
3811,1374389534945,0,1,0,0
3811,1649267441772,0,2,0,0
3811,1924145348652,0,3,0,0
3812,1374389534945,0,1,0,0
3812,1649267441772,0,2,0,0
3812,1924145348652,0,3,0,0
3813,1374389534945,0,1,0,0
3813,1649267441772,0,2,0,0
3813,1924145348652,0,3,0,0
3814,1374389534945,0,1,0,0
3814,1649267441772,0,2,0,0
3814,1924145348652,0,3,0,0
3815,1374389534945,0,1,0,0
3815,1649267441772,0,2,0,0
3815,1924145348652,0,3,0,0
3816,1374389534945,0,1,0,0
3816,1649267441772,0,2,0,0
3816,1924145348652,0,3,0,0
3817,1374389534945,0,1,0,0
3817,1649267441772,0,2,0,0
3817,1924145348652,0,3,0,0
3818,1374389534945,0,1,0,0
3818,1649267441772,0,2,0,0
3818,1924145348652,0,3,0,0
3819,1374389534945,0,1,0,0
3819,1649267441772,0,2,0,0
3819,1924145348652,0,3,0,0
3820,1374389534945,0,1,0,0
3820,1649267441772,0,2,0,0
3820,1924145348652,0,3,0,0
3821,1374389534945,0,1,0,0
3821,1649267441772,0,2,0,0
3821,1924145348652,0,3,0,0
3822,1374389534945,0,1,0,0
3822,1649267441772,0,2,0,0
3822,1924145348652,0,3,0,0
3823,1374389534945,0,1,0,0
3823,1649267441772,0,2,0,0
3823,1924145348652,0,3,0,0
3824,1374389534945,0,1,0,0
3824,1649267441772,0,2,0,0
3824,1924145348652,0,3,0,0
3825,1374389534945,0,1,0,0
3825,1649267441772,0,2,0,0
3825,1924145348652,0,3,0,0
3826,1374389534945,0,1,0,0
3826,1649267441772,0,2,0,0
3826,1924145348652,0,3,0,0
3827,1374389534945,0,1,0,0
3827,1649267441772,0,2,0,0
3827,1924145348652,0,3,0,0
3828,1374389534945,0,1,0,0
3828,1649267441772,0,2,0,0
3828,1924145348652,0,3,0,0
3829,1374389534945,0,1,0,0
3829,1649267441772,0,2,0,0
3829,1924145348652,0,3,0,0
3830,1374389534945,0,1,0,0
3830,1649267441772,0,2,0,0
3830,1924145348652,0,3,0,0
3831,1374389534945,0,1,0,0
3831,1649267441772,0,2,0,0
3831,1924145348652,0,3,0,0
3832,1374389534945,0,1,0,0
3832,1649267441772,0,2,0,0
3832,1924145348652,0,3,0,0
3833,1374389534945,0,1,0,0
3833,1649267441772,0,2,0,0
3833,1924145348652,0,3,0,0
3834,1374389534945,0,1,0,0
3834,1649267441772,0,2,0,0
3834,1924145348652,0,3,0,0
3835,1374389534945,0,1,0,0
3835,1649267441772,0,2,0,0
3835,1924145348652,0,3,0,0
3836,1374389534945,0,1,0,0
3836,1649267441772,0,2,0,0
3836,1924145348652,0,3,0,0
3837,1374389534945,0,1,0,0
3837,1649267441772,0,2,0,0
3837,1924145348652,0,3,0,0
3838,1374389534945,0,1,0,0
3838,1649267441772,0,2,0,0
3838,1924145348652,0,3,0,0
3839,1374389534945,0,1,0,0
3839,1649267441772,0,2,0,0
3839,1924145348652,0,3,0,0
3840,1374389534945,0,1,0,0
3840,1649267441772,0,2,0,0
3840,1924145348652,0,3,0,0
3841,1374389534945,0,1,0,0
3841,1649267441772,0,2,0,0
3841,1924145348652,0,3,0,0
3842,1374389534945,0,1,0,0
3842,1649267441772,0,2,0,0
3842,1924145348652,0,3,0,0
3843,1374389534945,0,1,0,0
3843,1649267441772,0,2,0,0
3843,1924145348652,0,3,0,0
3844,1374389534945,0,1,0,0
3844,1649267441772,0,2,0,0
3844,1924145348652,0,3,0,0
3845,1374389534945,0,1,0,0
3845,1649267441772,0,2,0,0
3845,1924145348652,0,3,0,0
3846,1374389534945,0,1,0,0
3846,1649267441772,0,2,0,0
3846,1924145348652,0,3,0,0
3847,1374389534945,0,1,0,0
3847,1649267441772,0,2,0,0
3847,1924145348652,0,3,0,0
3848,1374389534945,0,1,0,0
3848,1649267441772,0,2,0,0
3848,1924145348652,0,3,0,0
3849,1374389534945,0,1,0,0
3849,1649267441772,0,2,0,0
3849,1924145348652,0,3,0,0
3850,1374389534945,0,1,0,0
3850,1649267441772,0,2,0,0
3850,1924145348652,0,3,0,0
3851,1374389534945,0,1,0,0
3851,1649267441772,0,2,0,0
3851,1924145348652,0,3,0,0
3852,1374389534945,0,1,0,0
3852,1649267441772,0,2,0,0
3852,1924145348652,0,3,0,0
3853,1374389534945,0,1,0,0
3853,1649267441772,0,2,0,0
3853,1924145348652,0,3,0,0
3854,1374389534945,0,1,0,0
3854,1649267441772,0,2,0,0
3854,1924145348652,0,3,0,0
3855,1374389534945,0,1,0,0
3855,1649267441772,0,2,0,0
3855,1924145348652,0,3,0,0
3856,1374389534945,0,1,0,0
3856,1649267441772,0,2,0,0
3856,1924145348652,0,3,0,0
3857,1374389534945,0,1,0,0
3857,1649267441772,0,2,0,0
3857,1924145348652,0,3,0,0
3858,1374389534945,0,1,0,0
3858,1649267441772,0,2,0,0
3858,1924145348652,0,3,0,0
3859,1374389534945,0,1,0,0
3859,1649267441772,0,2,0,0
3859,1924145348652,0,3,0,0
3860,1374389534945,0,1,0,0
3860,1649267441772,0,2,0,0
3860,1924145348652,0,3,0,0
3861,1374389534945,0,1,0,0
3861,1649267441772,0,2,0,0
3861,1924145348652,0,3,0,0
3862,1374389534945,0,1,0,0
3862,1649267441772,0,2,0,0
3862,1924145348652,0,3,0,0
3863,1374389534945,0,1,0,0
3863,1649267441772,0,2,0,0
3863,1924145348652,0,3,0,0
3864,1374389534945,0,1,0,0
3864,1649267441772,0,2,0,0
3864,1924145348652,0,3,0,0
3865,1374389534945,0,1,0,0
3865,1649267441772,0,2,0,0
3865,1924145348652,0,3,0,0
3866,1374389534945,0,1,0,0
3866,1649267441772,0,2,0,0
3866,1924145348652,0,3,0,0
3867,1374389534945,0,1,0,0
3867,1649267441772,0,2,0,0
3867,1924145348652,0,3,0,0
3868,1374389534945,0,1,0,0
3868,1649267441772,0,2,0,0
3868,1924145348652,0,3,0,0
3869,1374389534945,0,1,0,0
3869,1649267441772,0,2,0,0
3869,1924145348652,0,3,0,0
3870,1374389534945,0,1,0,0
3870,1649267441772,0,2,0,0
3870,1924145348652,0,3,0,0
3871,1374389534945,0,1,0,0
3871,1649267441772,0,2,0,0
3871,1924145348652,0,3,0,0
3872,1374389534945,0,1,0,0
3872,1649267441772,0,2,0,0
3872,1924145348652,0,3,0,0
3873,1374389534945,0,1,0,0
3873,1649267441772,0,2,0,0
3873,1924145348652,0,3,0,0
3874,1374389534945,0,1,0,0
3874,1649267441772,0,2,0,0
3874,1924145348652,0,3,0,0
3875,1374389534945,0,1,0,0
3875,1649267441772,0,2,0,0
3875,1924145348652,0,3,0,0
3876,1374389534945,0,1,0,0
3876,1649267441772,0,2,0,0
3876,1924145348652,0,3,0,0
3877,1374389534945,0,1,0,0
3877,1649267441772,0,2,0,0
3877,1924145348652,0,3,0,0
3878,1374389534945,0,1,0,0
3878,1649267441772,0,2,0,0
3878,1924145348652,0,3,0,0
3879,1374389534945,0,1,0,0
3879,1649267441772,0,2,0,0
3879,1924145348652,0,3,0,0
3880,1374389534945,0,1,0,0
3880,1649267441772,0,2,0,0
3880,1924145348652,0,3,0,0
3881,1374389534945,0,1,0,0
3881,1649267441772,0,2,0,0
3881,1924145348652,0,3,0,0
3882,1374389534945,0,1,0,0
3882,1649267441772,0,2,0,0
3882,1924145348652,0,3,0,0
3883,1374389534945,0,1,0,0
3883,1649267441772,0,2,0,0
3883,1924145348652,0,3,0,0
3884,1374389534945,0,1,0,0
3884,1649267441772,0,2,0,0
3884,1924145348652,0,3,0,0
3885,1374389534945,0,1,0,0
3885,1649267441772,0,2,0,0
3885,1924145348652,0,3,0,0
3886,1374389534945,0,1,0,0
3886,1649267441772,0,2,0,0
3886,1924145348652,0,3,0,0
3887,1374389534945,0,1,0,0
3887,1649267441772,0,2,0,0
3887,1924145348652,0,3,0,0
3888,1374389534945,0,1,0,0
3888,1649267441772,0,2,0,0
3888,1924145348652,0,3,0,0
3889,1374389534945,0,1,0,0
3889,1649267441772,0,2,0,0
3889,1924145348652,0,3,0,0
3890,1374389534945,0,1,0,0
3890,1649267441772,0,2,0,0
3890,1924145348652,0,3,0,0
3891,1374389534945,0,1,0,0
3891,1649267441772,0,2,0,0
3891,1924145348652,0,3,0,0
3892,1374389534945,0,1,0,0
3892,1649267441772,0,2,0,0
3892,1924145348652,0,3,0,0
3893,1374389534945,0,1,0,0
3893,1649267441772,0,2,0,0
3893,1924145348652,0,3,0,0
3894,1374389534945,0,1,0,0
3894,1649267441772,0,2,0,0
3894,1924145348652,0,3,0,0
3895,1374389534945,0,1,0,0
3895,1649267441772,0,2,0,0
3895,1924145348652,0,3,0,0
3896,1374389534945,0,1,0,0
3896,1649267441772,0,2,0,0
3896,1924145348652,0,3,0,0
3897,1374389534945,0,1,0,0
3897,1649267441772,0,2,0,0
3897,1924145348652,0,3,0,0
3898,1374389534945,0,1,0,0
3898,1649267441772,0,2,0,0
3898,1924145348652,0,3,0,0
3899,1374389534945,0,1,0,0
3899,1649267441772,0,2,0,0
3899,1924145348652,0,3,0,0
3900,1374389534945,0,1,0,0
3900,1649267441772,0,2,0,0
3900,1924145348652,0,3,0,0
3901,1374389534945,0,1,0,0
3901,1649267441772,0,2,0,0
3901,1924145348652,0,3,0,0
3902,1374389534945,0,1,0,0
3902,1649267441772,0,2,0,0
3902,1924145348652,0,3,0,0
3903,1374389534945,0,1,0,0
3903,1649267441772,0,2,0,0
3903,1924145348652,0,3,0,0
3904,1374389534945,0,1,0,0
3904,1649267441772,0,2,0,0
3904,1924145348652,0,3,0,0
3905,1374389534945,0,1,0,0
3905,1649267441772,0,2,0,0
3905,1924145348652,0,3,0,0
3906,1374389534945,0,1,0,0
3906,1649267441772,0,2,0,0
3906,1924145348652,0,3,0,0
3907,1374389534945,0,1,0,0
3907,1649267441772,0,2,0,0
3907,1924145348652,0,3,0,0
3908,1374389534945,0,1,0,0
3908,1649267441772,0,2,0,0
3908,1924145348652,0,3,0,0
3909,1374389534945,0,1,0,0
3909,1649267441772,0,2,0,0
3909,1924145348652,0,3,0,0
3910,1374389534945,0,1,0,0
3910,1649267441772,0,2,0,0
3910,1924145348652,0,3,0,0
3911,1374389534945,0,1,0,0
3911,1649267441772,0,2,0,0
3911,1924145348652,0,3,0,0
3912,1374389534945,0,1,0,0
3912,1649267441772,0,2,0,0
3912,1924145348652,0,3,0,0
3913,1374389534945,0,1,0,0
3913,1649267441772,0,2,0,0
3913,1924145348652,0,3,0,0
3914,1374389534945,0,1,0,0
3914,1649267441772,0,2,0,0
3914,1924145348652,0,3,0,0
3915,1374389534945,0,1,0,0
3915,1649267441772,0,2,0,0
3915,1924145348652,0,3,0,0
3916,1374389534945,0,1,0,0
3916,1649267441772,0,2,0,0
3916,1924145348652,0,3,0,0
3917,1374389534945,0,1,0,0
3917,1649267441772,0,2,0,0
3917,1924145348652,0,3,0,0
3918,1374389534945,0,1,0,0
3918,1649267441772,0,2,0,0
3918,1924145348652,0,3,0,0
3919,1374389534945,0,1,0,0
3919,1649267441772,0,2,0,0
3919,1924145348652,0,3,0,0
3920,1374389534945,0,1,0,0
3920,1649267441772,0,2,0,0
3920,1924145348652,0,3,0,0
3921,1374389534945,0,1,0,0
3921,1649267441772,0,2,0,0
3921,1924145348652,0,3,0,0
3922,1374389534945,0,1,0,0
3922,1649267441772,0,2,0,0
3922,1924145348652,0,3,0,0
3923,1374389534945,0,1,0,0
3923,1649267441772,0,2,0,0
3923,1924145348652,0,3,0,0
3924,1374389534945,0,1,0,0
3924,1649267441772,0,2,0,0
3924,1924145348652,0,3,0,0
3925,1374389534945,0,1,0,0
3925,1649267441772,0,2,0,0
3925,1924145348652,0,3,0,0
3926,1374389534945,0,1,0,0
3926,1649267441772,0,2,0,0
3926,1924145348652,0,3,0,0
3927,1374389534945,0,1,0,0
3927,1649267441772,0,2,0,0
3927,1924145348652,0,3,0,0
3928,1374389534945,0,1,0,0
3928,1649267441772,0,2,0,0
3928,1924145348652,0,3,0,0
3929,1374389534945,0,1,0,0
3929,1649267441772,0,2,0,0
3929,1924145348652,0,3,0,0
3930,1374389534945,0,1,0,0
3930,1649267441772,0,2,0,0
3930,1924145348652,0,3,0,0
3931,1374389534945,0,1,0,0
3931,1649267441772,0,2,0,0
3931,1924145348652,0,3,0,0
3932,1374389534945,0,1,0,0
3932,1649267441772,0,2,0,0
3932,1924145348652,0,3,0,0
3933,1374389534945,0,1,0,0
3933,1649267441772,0,2,0,0
3933,1924145348652,0,3,0,0
3934,1374389534945,0,1,0,0
3934,1649267441772,0,2,0,0
3934,1924145348652,0,3,0,0
3935,1374389534945,0,1,0,0
3935,1649267441772,0,2,0,0
3935,1924145348652,0,3,0,0
3936,1374389534945,0,1,0,0
3936,1649267441772,0,2,0,0
3936,1924145348652,0,3,0,0
3937,1374389534945,0,1,0,0
3937,1649267441772,0,2,0,0
3937,1924145348652,0,3,0,0
3938,1374389534945,0,1,0,0
3938,1649267441772,0,2,0,0
3938,1924145348652,0,3,0,0
3939,1374389534945,0,1,0,0
3939,1649267441772,0,2,0,0
3939,1924145348652,0,3,0,0
3940,1374389534945,0,1,0,0
3940,1649267441772,0,2,0,0
3940,1924145348652,0,3,0,0
3941,1374389534945,0,1,0,0
3941,1649267441772,0,2,0,0
3941,1924145348652,0,3,0,0
3942,1374389534945,0,1,0,0
3942,1649267441772,0,2,0,0
3942,1924145348652,0,3,0,0
3943,1374389534945,0,1,0,0
3943,1649267441772,0,2,0,0
3943,1924145348652,0,3,0,0
3944,1374389534945,0,1,0,0
3944,1649267441772,0,2,0,0
3944,1924145348652,0,3,0,0
3945,1374389534945,0,1,0,0
3945,1649267441772,0,2,0,0
3945,1924145348652,0,3,0,0
3946,1374389534945,0,1,0,0
3946,1649267441772,0,2,0,0
3946,1924145348652,0,3,0,0
3947,1374389534945,0,1,0,0
3947,1649267441772,0,2,0,0
3947,1924145348652,0,3,0,0
3948,1374389534945,0,1,0,0
3948,1649267441772,0,2,0,0
3948,1924145348652,0,3,0,0
3949,1374389534945,0,1,0,0
3949,1649267441772,0,2,0,0
3949,1924145348652,0,3,0,0
3950,1374389534945,0,1,0,0
3950,1649267441772,0,2,0,0
3950,1924145348652,0,3,0,0
3951,1374389534945,0,1,0,0
3951,1649267441772,0,2,0,0
3951,1924145348652,0,3,0,0
3952,1374389534945,0,1,0,0
3952,1649267441772,0,2,0,0
3952,1924145348652,0,3,0,0
3953,1374389534945,0,1,0,0
3953,1649267441772,0,2,0,0
3953,1924145348652,0,3,0,0
3954,1374389534945,0,1,0,0
3954,1649267441772,0,2,0,0
3954,1924145348652,0,3,0,0
3955,1374389534945,0,1,0,0
3955,1649267441772,0,2,0,0
3955,1924145348652,0,3,0,0
3956,1374389534945,0,1,0,0
3956,1649267441772,0,2,0,0
3956,1924145348652,0,3,0,0
3957,1374389534945,0,1,0,0
3957,1649267441772,0,2,0,0
3957,1924145348652,0,3,0,0
3958,1374389534945,0,1,0,0
3958,1649267441772,0,2,0,0
3958,1924145348652,0,3,0,0
3959,1374389534945,0,1,0,0
3959,1649267441772,0,2,0,0
3959,1924145348652,0,3,0,0
3960,1374389534945,0,1,0,0
3960,1649267441772,0,2,0,0
3960,1924145348652,0,3,0,0
3961,1374389534945,0,1,0,0
3961,1649267441772,0,2,0,0
3961,1924145348652,0,3,0,0
3962,1374389534945,0,1,0,0
3962,1649267441772,0,2,0,0
3962,1924145348652,0,3,0,0
3963,1374389534945,0,1,0,0
3963,1649267441772,0,2,0,0
3963,1924145348652,0,3,0,0
3964,1374389534945,0,1,0,0
3964,1649267441772,0,2,0,0
3964,1924145348652,0,3,0,0
3965,1374389534945,0,1,0,0
3965,1649267441772,0,2,0,0
3965,1924145348652,0,3,0,0
3966,1374389534945,0,1,0,0
3966,1649267441772,0,2,0,0
3966,1924145348652,0,3,0,0
3967,1374389534945,0,1,0,0
3967,1649267441772,0,2,0,0
3967,1924145348652,0,3,0,0
3968,1374389534945,0,1,0,0
3968,1649267441772,0,2,0,0
3968,1924145348652,0,3,0,0
3969,1374389534945,0,1,0,0
3969,1649267441772,0,2,0,0
3969,1924145348652,0,3,0,0
3970,1374389534945,0,1,0,0
3970,1649267441772,0,2,0,0
3970,1924145348652,0,3,0,0
3971,1374389534945,0,1,0,0
3971,1649267441772,0,2,0,0
3971,1924145348652,0,3,0,0
3972,1374389534945,0,1,0,0
3972,1649267441772,0,2,0,0
3972,1924145348652,0,3,0,0
3973,1374389534945,0,1,0,0
3973,1649267441772,0,2,0,0
3973,1924145348652,0,3,0,0
3974,1374389534945,0,1,0,0
3974,1649267441772,0,2,0,0
3974,1924145348652,0,3,0,0
3975,1374389534945,0,1,0,0
3975,1649267441772,0,2,0,0
3975,1924145348652,0,3,0,0
3976,1374389534945,0,1,0,0
3976,1649267441772,0,2,0,0
3976,1924145348652,0,3,0,0
3977,1374389534945,0,1,0,0
3977,1649267441772,0,2,0,0
3977,1924145348652,0,3,0,0
3978,1374389534945,0,1,0,0
3978,1649267441772,0,2,0,0
3978,1924145348652,0,3,0,0
3979,1374389534945,0,1,0,0
3979,1649267441772,0,2,0,0
3979,1924145348652,0,3,0,0
3980,1374389534945,0,1,0,0
3980,1649267441772,0,2,0,0
3980,1924145348652,0,3,0,0
3981,1374389534945,0,1,0,0
3981,1649267441772,0,2,0,0
3981,1924145348652,0,3,0,0
3982,1374389534945,0,1,0,0
3982,1649267441772,0,2,0,0
3982,1924145348652,0,3,0,0
3983,1374389534945,0,1,0,0
3983,1649267441772,0,2,0,0
3983,1924145348652,0,3,0,0
3984,1374389534945,0,1,0,0
3984,1649267441772,0,2,0,0
3984,1924145348652,0,3,0,0
3985,1374389534945,0,1,0,0
3985,1649267441772,0,2,0,0
3985,1924145348652,0,3,0,0
3986,1374389534945,0,1,0,0
3986,1649267441772,0,2,0,0
3986,1924145348652,0,3,0,0
3987,1374389534945,0,1,0,0
3987,1649267441772,0,2,0,0
3987,1924145348652,0,3,0,0
3988,1374389534945,0,1,0,0
3988,1649267441772,0,2,0,0
3988,1924145348652,0,3,0,0
3989,1374389534945,0,1,0,0
3989,1649267441772,0,2,0,0
3989,1924145348652,0,3,0,0
3990,1374389534945,0,1,0,0
3990,1649267441772,0,2,0,0
3990,1924145348652,0,3,0,0
3991,1374389534945,0,1,0,0
3991,1649267441772,0,2,0,0
3991,1924145348652,0,3,0,0
3992,1374389534945,0,1,0,0
3992,1649267441772,0,2,0,0
3992,1924145348652,0,3,0,0
3993,1374389534945,0,1,0,0
3993,1649267441772,0,2,0,0
3993,1924145348652,0,3,0,0
3994,1374389534945,0,1,0,0
3994,1649267441772,0,2,0,0
3994,1924145348652,0,3,0,0
3995,1374389534945,0,1,0,0
3995,1649267441772,0,2,0,0
3995,1924145348652,0,3,0,0
3996,1374389534945,0,1,0,0
3996,1649267441772,0,2,0,0
3996,1924145348652,0,3,0,0
3997,1374389534945,0,1,0,0
3997,1649267441772,0,2,0,0
3997,1924145348652,0,3,0,0
3998,1374389534945,0,1,0,0
3998,1649267441772,0,2,0,0
3998,1924145348652,0,3,0,0
3999,1374389534945,0,1,0,0
3999,1649267441772,0,2,0,0
3999,1924145348652,0,3,0,0
4000,1374389534945,0,1,0,0
4000,1649267441772,0,2,0,0
4000,1924145348652,0,3,0,0
4001,1374389534945,0,1,0,0
4001,1649267441772,0,2,0,0
4001,1924145348652,0,3,0,0
4002,1374389534945,0,1,0,0
4002,1649267441772,0,2,0,0
4002,1924145348652,0,3,0,0
4003,1374389534945,0,1,0,0
4003,1649267441772,0,2,0,0
4003,1924145348652,0,3,0,0
4004,1374389534945,0,1,0,0
4004,1649267441772,0,2,0,0
4004,1924145348652,0,3,0,0
4005,1374389534945,0,1,0,0
4005,1649267441772,0,2,0,0
4005,1924145348652,0,3,0,0
4006,1374389534945,0,1,0,0
4006,1649267441772,0,2,0,0
4006,1924145348652,0,3,0,0
4007,1374389534945,0,1,0,0
4007,1649267441772,0,2,0,0
4007,1924145348652,0,3,0,0
4008,1374389534945,0,1,0,0
4008,1649267441772,0,2,0,0
4008,1924145348652,0,3,0,0
4009,1374389534945,0,1,0,0
4009,1649267441772,0,2,0,0
4009,1924145348652,0,3,0,0
4010,1374389534945,0,1,0,0
4010,1649267441772,0,2,0,0
4010,1924145348652,0,3,0,0
4011,1374389534945,0,1,0,0
4011,1649267441772,0,2,0,0
4011,1924145348652,0,3,0,0
4012,1374389534945,0,1,0,0
4012,1649267441772,0,2,0,0
4012,1924145348652,0,3,0,0
4013,1374389534945,0,1,0,0
4013,1649267441772,0,2,0,0
4013,1924145348652,0,3,0,0
4014,1374389534945,0,1,0,0
4014,1649267441772,0,2,0,0
4014,1924145348652,0,3,0,0
4015,1374389534945,0,1,0,0
4015,1649267441772,0,2,0,0
4015,1924145348652,0,3,0,0
4016,1374389534945,0,1,0,0
4016,1649267441772,0,2,0,0
4016,1924145348652,0,3,0,0
4017,1374389534945,0,1,0,0
4017,1649267441772,0,2,0,0
4017,1924145348652,0,3,0,0
4018,1374389534945,0,1,0,0
4018,1649267441772,0,2,0,0
4018,1924145348652,0,3,0,0
4019,1374389534945,0,1,0,0
4019,1649267441772,0,2,0,0
4019,1924145348652,0,3,0,0
4020,1374389534945,0,1,0,0
4020,1649267441772,0,2,0,0
4020,1924145348652,0,3,0,0
4021,1374389534945,0,1,0,0
4021,1649267441772,0,2,0,0
4021,1924145348652,0,3,0,0
4022,1374389534945,0,1,0,0
4022,1649267441772,0,2,0,0
4022,1924145348652,0,3,0,0
4023,1374389534945,0,1,0,0
4023,1649267441772,0,2,0,0
4023,1924145348652,0,3,0,0
4024,1374389534945,0,1,0,0
4024,1649267441772,0,2,0,0
4024,1924145348652,0,3,0,0
4025,1374389534945,0,1,0,0
4025,1649267441772,0,2,0,0
4025,1924145348652,0,3,0,0
4026,1374389534945,0,1,0,0
4026,1649267441772,0,2,0,0
4026,1924145348652,0,3,0,0
4027,1374389534945,0,1,0,0
4027,1649267441772,0,2,0,0
4027,1924145348652,0,3,0,0
4028,1374389534945,0,1,0,0
4028,1649267441772,0,2,0,0
4028,1924145348652,0,3,0,0
4029,1374389534945,0,1,0,0
4029,1649267441772,0,2,0,0
4029,1924145348652,0,3,0,0
4030,1374389534945,0,1,0,0
4030,1649267441772,0,2,0,0
4030,1924145348652,0,3,0,0
4031,1374389534945,0,1,0,0
4031,1649267441772,0,2,0,0
4031,1924145348652,0,3,0,0
4032,1374389534945,0,1,0,0
4032,1649267441772,0,2,0,0
4032,1924145348652,0,3,0,0
4033,1374389534945,0,1,0,0
4033,1649267441772,0,2,0,0
4033,1924145348652,0,3,0,0
4034,1374389534945,0,1,0,0
4034,1649267441772,0,2,0,0
4034,1924145348652,0,3,0,0
4035,1374389534945,0,1,0,0
4035,1649267441772,0,2,0,0
4035,1924145348652,0,3,0,0
4036,1374389534945,0,1,0,0
4036,1649267441772,0,2,0,0
4036,1924145348652,0,3,0,0
4037,1374389534945,0,1,0,0
4037,1649267441772,0,2,0,0
4037,1924145348652,0,3,0,0
4038,1374389534945,0,1,0,0
4038,1649267441772,0,2,0,0
4038,1924145348652,0,3,0,0
4039,1374389534945,0,1,0,0
4039,1649267441772,0,2,0,0
4039,1924145348652,0,3,0,0
4040,1374389534945,0,1,0,0
4040,1649267441772,0,2,0,0
4040,1924145348652,0,3,0,0
4041,1374389534945,0,1,0,0
4041,1649267441772,0,2,0,0
4041,1924145348652,0,3,0,0
4042,1374389534945,0,1,0,0
4042,1649267441772,0,2,0,0
4042,1924145348652,0,3,0,0
4043,1374389534945,0,1,0,0
4043,1649267441772,0,2,0,0
4043,1924145348652,0,3,0,0
4044,1374389534945,0,1,0,0
4044,1649267441772,0,2,0,0
4044,1924145348652,0,3,0,0
4045,1374389534945,0,1,0,0
4045,1649267441772,0,2,0,0
4045,1924145348652,0,3,0,0
4046,1374389534945,0,1,0,0
4046,1649267441772,0,2,0,0
4046,1924145348652,0,3,0,0
4047,1374389534945,0,1,0,0
4047,1649267441772,0,2,0,0
4047,1924145348652,0,3,0,0
4048,1374389534945,0,1,0,0
4048,1649267441772,0,2,0,0
4048,1924145348652,0,3,0,0
4049,1374389534945,0,1,0,0
4049,1649267441772,0,2,0,0
4049,1924145348652,0,3,0,0
4050,1374389534945,0,1,0,0
4050,1649267441772,0,2,0,0
4050,1924145348652,0,3,0,0
4051,1374389534945,0,1,0,0
4051,1649267441772,0,2,0,0
4051,1924145348652,0,3,0,0
4052,1374389534945,0,1,0,0
4052,1649267441772,0,2,0,0
4052,1924145348652,0,3,0,0
4053,1374389534945,0,1,0,0
4053,1649267441772,0,2,0,0
4053,1924145348652,0,3,0,0
4054,1374389534945,0,1,0,0
4054,1649267441772,0,2,0,0
4054,1924145348652,0,3,0,0
4055,1374389534945,0,1,0,0
4055,1649267441772,0,2,0,0
4055,1924145348652,0,3,0,0
4056,1374389534945,0,1,0,0
4056,1649267441772,0,2,0,0
4056,1924145348652,0,3,0,0
4057,1374389534945,0,1,0,0
4057,1649267441772,0,2,0,0
4057,1924145348652,0,3,0,0
4058,1374389534945,0,1,0,0
4058,1649267441772,0,2,0,0
4058,1924145348652,0,3,0,0
4059,1374389534945,0,1,0,0
4059,1649267441772,0,2,0,0
4059,1924145348652,0,3,0,0
4060,1374389534945,0,1,0,0
4060,1649267441772,0,2,0,0
4060,1924145348652,0,3,0,0
4061,1374389534945,0,1,0,0
4061,1649267441772,0,2,0,0
4061,1924145348652,0,3,0,0
4062,1374389534945,0,1,0,0
4062,1649267441772,0,2,0,0
4062,1924145348652,0,3,0,0
4063,1374389534945,0,1,0,0
4063,1649267441772,0,2,0,0
4063,1924145348652,0,3,0,0
4064,1374389534945,0,1,0,0
4064,1649267441772,0,2,0,0
4064,1924145348652,0,3,0,0
4065,1374389534945,0,1,0,0
4065,1649267441772,0,2,0,0
4065,1924145348652,0,3,0,0
4066,1374389534945,0,1,0,0
4066,1649267441772,0,2,0,0
4066,1924145348652,0,3,0,0
4067,1374389534945,0,1,0,0
4067,1649267441772,0,2,0,0
4067,1924145348652,0,3,0,0
4068,1374389534945,0,1,0,0
4068,1649267441772,0,2,0,0
4068,1924145348652,0,3,0,0
4069,1374389534945,0,1,0,0
4069,1649267441772,0,2,0,0
4069,1924145348652,0,3,0,0
4070,1374389534945,0,1,0,0
4070,1649267441772,0,2,0,0
4070,1924145348652,0,3,0,0
4071,1374389534945,0,1,0,0
4071,1649267441772,0,2,0,0
4071,1924145348652,0,3,0,0
4072,1374389534945,0,1,0,0
4072,1649267441772,0,2,0,0
4072,1924145348652,0,3,0,0
4073,1374389534945,0,1,0,0
4073,1649267441772,0,2,0,0
4073,1924145348652,0,3,0,0
4074,1374389534945,0,1,0,0
4074,1649267441772,0,2,0,0
4074,1924145348652,0,3,0,0
4075,1374389534945,0,1,0,0
4075,1649267441772,0,2,0,0
4075,1924145348652,0,3,0,0
4076,1374389534945,0,1,0,0
4076,1649267441772,0,2,0,0
4076,1924145348652,0,3,0,0
4077,1374389534945,0,1,0,0
4077,1649267441772,0,2,0,0
4077,1924145348652,0,3,0,0
4078,1374389534945,0,1,0,0
4078,1649267441772,0,2,0,0
4078,1924145348652,0,3,0,0
4079,1374389534945,0,1,0,0
4079,1649267441772,0,2,0,0
4079,1924145348652,0,3,0,0
4080,1374389534945,0,1,0,0
4080,1649267441772,0,2,0,0
4080,1924145348652,0,3,0,0
4081,1374389534945,0,1,0,0
4081,1649267441772,0,2,0,0
4081,1924145348652,0,3,0,0
4082,1374389534945,0,1,0,0
4082,1649267441772,0,2,0,0
4082,1924145348652,0,3,0,0
4083,1374389534945,0,1,0,0
4083,1649267441772,0,2,0,0
4083,1924145348652,0,3,0,0
4084,1374389534945,0,1,0,0
4084,1649267441772,0,2,0,0
4084,1924145348652,0,3,0,0
4085,1374389534945,0,1,0,0
4085,1649267441772,0,2,0,0
4085,1924145348652,0,3,0,0
4086,1374389534945,0,1,0,0
4086,1649267441772,0,2,0,0
4086,1924145348652,0,3,0,0
4087,1374389534945,0,1,0,0
4087,1649267441772,0,2,0,0
4087,1924145348652,0,3,0,0
4088,1374389534945,0,1,0,0
4088,1649267441772,0,2,0,0
4088,1924145348652,0,3,0,0
4089,1374389534945,0,1,0,0
4089,1649267441772,0,2,0,0
4089,1924145348652,0,3,0,0
4090,1374389534945,0,1,0,0
4090,1649267441772,0,2,0,0
4090,1924145348652,0,3,0,0
4091,1374389534945,0,1,0,0
4091,1649267441772,0,2,0,0
4091,1924145348652,0,3,0,0
4092,1374389534945,0,1,0,0
4092,1649267441772,0,2,0,0
4092,1924145348652,0,3,0,0
4093,1374389534945,0,1,0,0
4093,1649267441772,0,2,0,0
4093,1924145348652,0,3,0,0
4094,1374389534945,0,1,0,0
4094,1649267441772,0,2,0,0
4094,1924145348652,0,3,0,0
4095,1374389534945,0,1,0,0
4095,1649267441772,0,2,0,0
4095,1924145348652,0,3,0,0
4096,1374389534945,0,1,0,0
4096,1649267441772,0,2,0,0
4096,1924145348652,0,3,0,0
4097,1374389534945,0,1,0,0
4097,1649267441772,0,2,0,0
4097,1924145348652,0,3,0,0
4098,1374389534945,0,1,0,0
4098,1649267441772,0,2,0,0
4098,1924145348652,0,3,0,0
4099,1374389534945,0,1,0,0
4099,1649267441772,0,2,0,0
4099,1924145348652,0,3,0,0
4100,1374389534945,0,1,0,0
4100,1649267441772,0,2,0,0
4100,1924145348652,0,3,0,0
4101,1374389534945,0,1,0,0
4101,1649267441772,0,2,0,0
4101,1924145348652,0,3,0,0
4102,1374389534945,0,1,0,0
4102,1649267441772,0,2,0,0
4102,1924145348652,0,3,0,0
4103,1374389534945,0,1,0,0
4103,1649267441772,0,2,0,0
4103,1924145348652,0,3,0,0
4104,1374389534945,0,1,0,0
4104,1649267441772,0,2,0,0
4104,1924145348652,0,3,0,0
4105,1374389534945,0,1,0,0
4105,1649267441772,0,2,0,0
4105,1924145348652,0,3,0,0
4106,1374389534945,0,1,0,0
4106,1649267441772,0,2,0,0
4106,1924145348652,0,3,0,0
4107,1374389534945,0,1,0,0
4107,1649267441772,0,2,0,0
4107,1924145348652,0,3,0,0
4108,1374389534945,0,1,0,0
4108,1649267441772,0,2,0,0
4108,1924145348652,0,3,0,0
4109,1374389534945,0,1,0,0
4109,1649267441772,0,2,0,0
4109,1924145348652,0,3,0,0
4110,1374389534945,0,1,0,0
4110,1649267441772,0,2,0,0
4110,1924145348652,0,3,0,0
4111,1374389534945,0,1,0,0
4111,1649267441772,0,2,0,0
4111,1924145348652,0,3,0,0
4112,1374389534945,0,1,0,0
4112,1649267441772,0,2,0,0
4112,1924145348652,0,3,0,0
4113,1374389534945,0,1,0,0
4113,1649267441772,0,2,0,0
4113,1924145348652,0,3,0,0
4114,1374389534945,0,1,0,0
4114,1649267441772,0,2,0,0
4114,1924145348652,0,3,0,0
4115,1374389534945,0,1,0,0
4115,1649267441772,0,2,0,0
4115,1924145348652,0,3,0,0
4116,1374389534945,0,1,0,0
4116,1649267441772,0,2,0,0
4116,1924145348652,0,3,0,0
4117,1374389534945,0,1,0,0
4117,1649267441772,0,2,0,0
4117,1924145348652,0,3,0,0
4118,1374389534945,0,1,0,0
4118,1649267441772,0,2,0,0
4118,1924145348652,0,3,0,0
4119,1374389534945,0,1,0,0
4119,1649267441772,0,2,0,0
4119,1924145348652,0,3,0,0
4120,1374389534945,0,1,0,0
4120,1649267441772,0,2,0,0
4120,1924145348652,0,3,0,0
4121,1374389534945,0,1,0,0
4121,1649267441772,0,2,0,0
4121,1924145348652,0,3,0,0
4122,1374389534945,0,1,0,0
4122,1649267441772,0,2,0,0
4122,1924145348652,0,3,0,0
4123,1374389534945,0,1,0,0
4123,1649267441772,0,2,0,0
4123,1924145348652,0,3,0,0
4124,1374389534945,0,1,0,0
4124,1649267441772,0,2,0,0
4124,1924145348652,0,3,0,0
4125,1374389534945,0,1,0,0
4125,1649267441772,0,2,0,0
4125,1924145348652,0,3,0,0
4126,1374389534945,0,1,0,0
4126,1649267441772,0,2,0,0
4126,1924145348652,0,3,0,0
4127,1374389534945,0,1,0,0
4127,1649267441772,0,2,0,0
4127,1924145348652,0,3,0,0
4128,1374389534945,0,1,0,0
4128,1649267441772,0,2,0,0
4128,1924145348652,0,3,0,0
4129,1374389534945,0,1,0,0
4129,1649267441772,0,2,0,0
4129,1924145348652,0,3,0,0
4130,1374389534945,0,1,0,0
4130,1649267441772,0,2,0,0
4130,1924145348652,0,3,0,0
4131,1374389534945,0,1,0,0
4131,1649267441772,0,2,0,0
4131,1924145348652,0,3,0,0
4132,1374389534945,0,1,0,0
4132,1649267441772,0,2,0,0
4132,1924145348652,0,3,0,0
4133,1374389534945,0,1,0,0
4133,1649267441772,0,2,0,0
4133,1924145348652,0,3,0,0
4134,1374389534945,0,1,0,0
4134,1649267441772,0,2,0,0
4134,1924145348652,0,3,0,0
4135,1374389534945,0,1,0,0
4135,1649267441772,0,2,0,0
4135,1924145348652,0,3,0,0
4136,1374389534945,0,1,0,0
4136,1649267441772,0,2,0,0
4136,1924145348652,0,3,0,0
4137,1374389534945,0,1,0,0
4137,1649267441772,0,2,0,0
4137,1924145348652,0,3,0,0
4138,1374389534945,0,1,0,0
4138,1649267441772,0,2,0,0
4138,1924145348652,0,3,0,0
4139,1374389534945,0,1,0,0
4139,1649267441772,0,2,0,0
4139,1924145348652,0,3,0,0
4140,1374389534945,0,1,0,0
4140,1649267441772,0,2,0,0
4140,1924145348652,0,3,0,0
4141,1374389534945,0,1,0,0
4141,1649267441772,0,2,0,0
4141,1924145348652,0,3,0,0
4142,1374389534945,0,1,0,0
4142,1649267441772,0,2,0,0
4142,1924145348652,0,3,0,0
4143,1374389534945,0,1,0,0
4143,1649267441772,0,2,0,0
4143,1924145348652,0,3,0,0
4144,1374389534945,0,1,0,0
4144,1649267441772,0,2,0,0
4144,1924145348652,0,3,0,0
4145,1374389534945,0,1,0,0
4145,1649267441772,0,2,0,0
4145,1924145348652,0,3,0,0
4146,1374389534945,0,1,0,0
4146,1649267441772,0,2,0,0
4146,1924145348652,0,3,0,0
4147,1374389534945,0,1,0,0
4147,1649267441772,0,2,0,0
4147,1924145348652,0,3,0,0
4148,1374389534945,0,1,0,0
4148,1649267441772,0,2,0,0
4148,1924145348652,0,3,0,0
4149,1374389534945,0,1,0,0
4149,1649267441772,0,2,0,0
4149,1924145348652,0,3,0,0
4150,1374389534945,0,1,0,0
4150,1649267441772,0,2,0,0
4150,1924145348652,0,3,0,0
4151,1374389534945,0,1,0,0
4151,1649267441772,0,2,0,0
4151,1924145348652,0,3,0,0
4152,1374389534945,0,1,0,0
4152,1649267441772,0,2,0,0
4152,1924145348652,0,3,0,0
4153,1374389534945,0,1,0,0
4153,1649267441772,0,2,0,0
4153,1924145348652,0,3,0,0
4154,1374389534945,0,1,0,0
4154,1649267441772,0,2,0,0
4154,1924145348652,0,3,0,0
4155,1374389534945,0,1,0,0
4155,1649267441772,0,2,0,0
4155,1924145348652,0,3,0,0
4156,1374389534945,0,1,0,0
4156,1649267441772,0,2,0,0
4156,1924145348652,0,3,0,0
4157,1374389534945,0,1,0,0
4157,1649267441772,0,2,0,0
4157,1924145348652,0,3,0,0
4158,1374389534945,0,1,0,0
4158,1649267441772,0,2,0,0
4158,1924145348652,0,3,0,0
4159,1374389534945,0,1,0,0
4159,1649267441772,0,2,0,0
4159,1924145348652,0,3,0,0
4160,1374389534945,0,1,0,0
4160,1649267441772,0,2,0,0
4160,1924145348652,0,3,0,0
4161,1374389534945,0,1,0,0
4161,1649267441772,0,2,0,0
4161,1924145348652,0,3,0,0
4162,1374389534945,0,1,0,0
4162,1649267441772,0,2,0,0
4162,1924145348652,0,3,0,0
4163,1374389534945,0,1,0,0
4163,1649267441772,0,2,0,0
4163,1924145348652,0,3,0,0
4164,1374389534945,0,1,0,0
4164,1649267441772,0,2,0,0
4164,1924145348652,0,3,0,0
4165,1374389534945,0,1,0,0
4165,1649267441772,0,2,0,0
4165,1924145348652,0,3,0,0
4166,1374389534945,0,1,0,0
4166,1649267441772,0,2,0,0
4166,1924145348652,0,3,0,0
4167,1374389534945,0,1,0,0
4167,1649267441772,0,2,0,0
4167,1924145348652,0,3,0,0
4168,1374389534945,0,1,0,0
4168,1649267441772,0,2,0,0
4168,1924145348652,0,3,0,0
4169,1374389534945,0,1,0,0
4169,1649267441772,0,2,0,0
4169,1924145348652,0,3,0,0
4170,1374389534945,0,1,0,0
4170,1649267441772,0,2,0,0
4170,1924145348652,0,3,0,0
4171,1374389534945,0,1,0,0
4171,1649267441772,0,2,0,0
4171,1924145348652,0,3,0,0
4172,1374389534945,0,1,0,0
4172,1649267441772,0,2,0,0
4172,1924145348652,0,3,0,0
4173,1374389534945,0,1,0,0
4173,1649267441772,0,2,0,0
4173,1924145348652,0,3,0,0
4174,1374389534945,0,1,0,0
4174,1649267441772,0,2,0,0
4174,1924145348652,0,3,0,0
4175,1374389534945,0,1,0,0
4175,1649267441772,0,2,0,0
4175,1924145348652,0,3,0,0
4176,1374389534945,0,1,0,0
4176,1649267441772,0,2,0,0
4176,1924145348652,0,3,0,0
4177,1374389534945,0,1,0,0
4177,1649267441772,0,2,0,0
4177,1924145348652,0,3,0,0
4178,1374389534945,0,1,0,0
4178,1649267441772,0,2,0,0
4178,1924145348652,0,3,0,0
4179,1374389534945,0,1,0,0
4179,1649267441772,0,2,0,0
4179,1924145348652,0,3,0,0
4180,1374389534945,0,1,0,0
4180,1649267441772,0,2,0,0
4180,1924145348652,0,3,0,0
4181,1374389534945,0,1,0,0
4181,1649267441772,0,2,0,0
4181,1924145348652,0,3,0,0
4182,1374389534945,0,1,0,0
4182,1649267441772,0,2,0,0
4182,1924145348652,0,3,0,0
4183,1374389534945,0,1,0,0
4183,1649267441772,0,2,0,0
4183,1924145348652,0,3,0,0
4184,1374389534945,0,1,0,0
4184,1649267441772,0,2,0,0
4184,1924145348652,0,3,0,0
4185,1374389534945,0,1,0,0
4185,1649267441772,0,2,0,0
4185,1924145348652,0,3,0,0
4186,1374389534945,0,1,0,0
4186,1649267441772,0,2,0,0
4186,1924145348652,0,3,0,0
4187,1374389534945,0,1,0,0
4187,1649267441772,0,2,0,0
4187,1924145348652,0,3,0,0
4188,1374389534945,0,1,0,0
4188,1649267441772,0,2,0,0
4188,1924145348652,0,3,0,0
4189,1374389534945,0,1,0,0
4189,1649267441772,0,2,0,0
4189,1924145348652,0,3,0,0
4190,1374389534945,0,1,0,0
4190,1649267441772,0,2,0,0
4190,1924145348652,0,3,0,0
4191,1374389534945,0,1,0,0
4191,1649267441772,0,2,0,0
4191,1924145348652,0,3,0,0
4192,1374389534945,0,1,0,0
4192,1649267441772,0,2,0,0
4192,1924145348652,0,3,0,0
4193,1374389534945,0,1,0,0
4193,1649267441772,0,2,0,0
4193,1924145348652,0,3,0,0
4194,1374389534945,0,1,0,0
4194,1649267441772,0,2,0,0
4194,1924145348652,0,3,0,0
4195,1374389534945,0,1,0,0
4195,1649267441772,0,2,0,0
4195,1924145348652,0,3,0,0
4196,1374389534945,0,1,0,0
4196,1649267441772,0,2,0,0
4196,1924145348652,0,3,0,0
4197,1374389534945,0,1,0,0
4197,1649267441772,0,2,0,0
4197,1924145348652,0,3,0,0
4198,1374389534945,0,1,0,0
4198,1649267441772,0,2,0,0
4198,1924145348652,0,3,0,0
4199,1374389534945,0,1,0,0
4199,1649267441772,0,2,0,0
4199,1924145348652,0,3,0,0
4200,1374389534945,0,1,0,0
4200,1649267441772,0,2,0,0
4200,1924145348652,0,3,0,0
4201,1374389534945,0,1,0,0
4201,1649267441772,0,2,0,0
4201,1924145348652,0,3,0,0
4202,1374389534945,0,1,0,0
4202,1649267441772,0,2,0,0
4202,1924145348652,0,3,0,0
4203,1374389534945,0,1,0,0
4203,1649267441772,0,2,0,0
4203,1924145348652,0,3,0,0
4204,1374389534945,0,1,0,0
4204,1649267441772,0,2,0,0
4204,1924145348652,0,3,0,0
4205,1374389534945,0,1,0,0
4205,1649267441772,0,2,0,0
4205,1924145348652,0,3,0,0
4206,1374389534945,0,1,0,0
4206,1649267441772,0,2,0,0
4206,1924145348652,0,3,0,0
4207,1374389534945,0,1,0,0
4207,1649267441772,0,2,0,0
4207,1924145348652,0,3,0,0
4208,1374389534945,0,1,0,0
4208,1649267441772,0,2,0,0
4208,1924145348652,0,3,0,0
4209,1374389534945,0,1,0,0
4209,1649267441772,0,2,0,0
4209,1924145348652,0,3,0,0
4210,1374389534945,0,1,0,0
4210,1649267441772,0,2,0,0
4210,1924145348652,0,3,0,0
4211,1374389534945,0,1,0,0
4211,1649267441772,0,2,0,0
4211,1924145348652,0,3,0,0
4212,1374389534945,0,1,0,0
4212,1649267441772,0,2,0,0
4212,1924145348652,0,3,0,0
4213,1374389534945,0,1,0,0
4213,1649267441772,0,2,0,0
4213,1924145348652,0,3,0,0
4214,1374389534945,0,1,0,0
4214,1649267441772,0,2,0,0
4214,1924145348652,0,3,0,0
4215,1374389534945,0,1,0,0
4215,1649267441772,0,2,0,0
4215,1924145348652,0,3,0,0
4216,1374389534945,0,1,0,0
4216,1649267441772,0,2,0,0
4216,1924145348652,0,3,0,0
4217,1374389534945,0,1,0,0
4217,1649267441772,0,2,0,0
4217,1924145348652,0,3,0,0
4218,1374389534945,0,1,0,0
4218,1649267441772,0,2,0,0
4218,1924145348652,0,3,0,0
4219,1374389534945,0,1,0,0
4219,1649267441772,0,2,0,0
4219,1924145348652,0,3,0,0
4220,1374389534945,0,1,0,0
4220,1649267441772,0,2,0,0
4220,1924145348652,0,3,0,0
4221,1374389534945,0,1,0,0
4221,1649267441772,0,2,0,0
4221,1924145348652,0,3,0,0
4222,1374389534945,0,1,0,0
4222,1649267441772,0,2,0,0
4222,1924145348652,0,3,0,0
4223,1374389534945,0,1,0,0
4223,1649267441772,0,2,0,0
4223,1924145348652,0,3,0,0
4224,1374389534945,0,1,0,0
4224,1649267441772,0,2,0,0
4224,1924145348652,0,3,0,0
4225,1374389534945,0,1,0,0
4225,1649267441772,0,2,0,0
4225,1924145348652,0,3,0,0
4226,1374389534945,0,1,0,0
4226,1649267441772,0,2,0,0
4226,1924145348652,0,3,0,0
4227,1374389534945,0,1,0,0
4227,1649267441772,0,2,0,0
4227,1924145348652,0,3,0,0
4228,1374389534945,0,1,0,0
4228,1649267441772,0,2,0,0
4228,1924145348652,0,3,0,0
4229,1374389534945,0,1,0,0
4229,1649267441772,0,2,0,0
4229,1924145348652,0,3,0,0
4230,1374389534945,0,1,0,0
4230,1649267441772,0,2,0,0
4230,1924145348652,0,3,0,0
4231,1374389534945,0,1,0,0
4231,1649267441772,0,2,0,0
4231,1924145348652,0,3,0,0
4232,1374389534945,0,1,0,0
4232,1649267441772,0,2,0,0
4232,1924145348652,0,3,0,0
4233,1374389534945,0,1,0,0
4233,1649267441772,0,2,0,0
4233,1924145348652,0,3,0,0
4234,1374389534945,0,1,0,0
4234,1649267441772,0,2,0,0
4234,1924145348652,0,3,0,0
4235,1374389534945,0,1,0,0
4235,1649267441772,0,2,0,0
4235,1924145348652,0,3,0,0
4236,1374389534945,0,1,0,0
4236,1649267441772,0,2,0,0
4236,1924145348652,0,3,0,0
4237,1374389534945,0,1,0,0
4237,1649267441772,0,2,0,0
4237,1924145348652,0,3,0,0
4238,1374389534945,0,1,0,0
4238,1649267441772,0,2,0,0
4238,1924145348652,0,3,0,0
4239,1374389534945,0,1,0,0
4239,1649267441772,0,2,0,0
4239,1924145348652,0,3,0,0
4240,1374389534945,0,1,0,0
4240,1649267441772,0,2,0,0
4240,1924145348652,0,3,0,0
4241,1374389534945,0,1,0,0
4241,1649267441772,0,2,0,0
4241,1924145348652,0,3,0,0
4242,1374389534945,0,1,0,0
4242,1649267441772,0,2,0,0
4242,1924145348652,0,3,0,0
4243,1374389534945,0,1,0,0
4243,1649267441772,0,2,0,0
4243,1924145348652,0,3,0,0
4244,1374389534945,0,1,0,0
4244,1649267441772,0,2,0,0
4244,1924145348652,0,3,0,0
4245,1374389534945,0,1,0,0
4245,1649267441772,0,2,0,0
4245,1924145348652,0,3,0,0
4246,1374389534945,0,1,0,0
4246,1649267441772,0,2,0,0
4246,1924145348652,0,3,0,0
4247,1374389534945,0,1,0,0
4247,1649267441772,0,2,0,0
4247,1924145348652,0,3,0,0
4248,1374389534945,0,1,0,0
4248,1649267441772,0,2,0,0
4248,1924145348652,0,3,0,0
4249,1374389534945,0,1,0,0
4249,1649267441772,0,2,0,0
4249,1924145348652,0,3,0,0
4250,1374389534945,0,1,0,0
4250,1649267441772,0,2,0,0
4250,1924145348652,0,3,0,0
4251,1374389534945,0,1,0,0
4251,1649267441772,0,2,0,0
4251,1924145348652,0,3,0,0
4252,1374389534945,0,1,0,0
4252,1649267441772,0,2,0,0
4252,1924145348652,0,3,0,0
4253,1374389534945,0,1,0,0
4253,1649267441772,0,2,0,0
4253,1924145348652,0,3,0,0
4254,1374389534945,0,1,0,0
4254,1649267441772,0,2,0,0
4254,1924145348652,0,3,0,0
4255,1374389534945,0,1,0,0
4255,1649267441772,0,2,0,0
4255,1924145348652,0,3,0,0
4256,1374389534945,0,1,0,0
4256,1649267441772,0,2,0,0
4256,1924145348652,0,3,0,0
4257,1374389534945,0,1,0,0
4257,1649267441772,0,2,0,0
4257,1924145348652,0,3,0,0
4258,1374389534945,0,1,0,0
4258,1649267441772,0,2,0,0
4258,1924145348652,0,3,0,0
4259,1374389534945,0,1,0,0
4259,1649267441772,0,2,0,0
4259,1924145348652,0,3,0,0
4260,1374389534945,0,1,0,0
4260,1649267441772,0,2,0,0
4260,1924145348652,0,3,0,0
4261,1374389534945,0,1,0,0
4261,1649267441772,0,2,0,0
4261,1924145348652,0,3,0,0
4262,1374389534945,0,1,0,0
4262,1649267441772,0,2,0,0
4262,1924145348652,0,3,0,0
4263,1374389534945,0,1,0,0
4263,1649267441772,0,2,0,0
4263,1924145348652,0,3,0,0
4264,1374389534945,0,1,0,0
4264,1649267441772,0,2,0,0
4264,1924145348652,0,3,0,0
4265,1374389534945,0,1,0,0
4265,1649267441772,0,2,0,0
4265,1924145348652,0,3,0,0
4266,1374389534945,0,1,0,0
4266,1649267441772,0,2,0,0
4266,1924145348652,0,3,0,0
4267,1374389534945,0,1,0,0
4267,1649267441772,0,2,0,0
4267,1924145348652,0,3,0,0
4268,1374389534945,0,1,0,0
4268,1649267441772,0,2,0,0
4268,1924145348652,0,3,0,0
4269,1374389534945,0,1,0,0
4269,1649267441772,0,2,0,0
4269,1924145348652,0,3,0,0
4270,1374389534945,0,1,0,0
4270,1649267441772,0,2,0,0
4270,1924145348652,0,3,0,0
4271,1374389534945,0,1,0,0
4271,1649267441772,0,2,0,0
4271,1924145348652,0,3,0,0
4272,1374389534945,0,1,0,0
4272,1649267441772,0,2,0,0
4272,1924145348652,0,3,0,0
4273,1374389534945,0,1,0,0
4273,1649267441772,0,2,0,0
4273,1924145348652,0,3,0,0
4274,1374389534945,0,1,0,0
4274,1649267441772,0,2,0,0
4274,1924145348652,0,3,0,0
4275,1374389534945,0,1,0,0
4275,1649267441772,0,2,0,0
4275,1924145348652,0,3,0,0
4276,1374389534945,0,1,0,0
4276,1649267441772,0,2,0,0
4276,1924145348652,0,3,0,0
4277,1374389534945,0,1,0,0
4277,1649267441772,0,2,0,0
4277,1924145348652,0,3,0,0
4278,1374389534945,0,1,0,0
4278,1649267441772,0,2,0,0
4278,1924145348652,0,3,0,0
4279,1374389534945,0,1,0,0
4279,1649267441772,0,2,0,0
4279,1924145348652,0,3,0,0
4280,1374389534945,0,1,0,0
4280,1649267441772,0,2,0,0
4280,1924145348652,0,3,0,0
4281,1374389534945,0,1,0,0
4281,1649267441772,0,2,0,0
4281,1924145348652,0,3,0,0
4282,1374389534945,0,1,0,0
4282,1649267441772,0,2,0,0
4282,1924145348652,0,3,0,0
4283,1374389534945,0,1,0,0
4283,1649267441772,0,2,0,0
4283,1924145348652,0,3,0,0
4284,1374389534945,0,1,0,0
4284,1649267441772,0,2,0,0
4284,1924145348652,0,3,0,0
4285,1374389534945,0,1,0,0
4285,1649267441772,0,2,0,0
4285,1924145348652,0,3,0,0
4286,1374389534945,0,1,0,0
4286,1649267441772,0,2,0,0
4286,1924145348652,0,3,0,0
4287,1374389534945,0,1,0,0
4287,1649267441772,0,2,0,0
4287,1924145348652,0,3,0,0
4288,1374389534945,0,1,0,0
4288,1649267441772,0,2,0,0
4288,1924145348652,0,3,0,0
4289,1374389534945,0,1,0,0
4289,1649267441772,0,2,0,0
4289,1924145348652,0,3,0,0
4290,1374389534945,0,1,0,0
4290,1649267441772,0,2,0,0
4290,1924145348652,0,3,0,0
4291,1374389534945,0,1,0,0
4291,1649267441772,0,2,0,0
4291,1924145348652,0,3,0,0
4292,1374389534945,0,1,0,0
4292,1649267441772,0,2,0,0
4292,1924145348652,0,3,0,0
4293,1374389534945,0,1,0,0
4293,1649267441772,0,2,0,0
4293,1924145348652,0,3,0,0
4294,1374389534945,0,1,0,0
4294,1649267441772,0,2,0,0
4294,1924145348652,0,3,0,0
4295,1374389534945,0,1,0,0
4295,1649267441772,0,2,0,0
4295,1924145348652,0,3,0,0
4296,1374389534945,0,1,0,0
4296,1649267441772,0,2,0,0
4296,1924145348652,0,3,0,0
4297,1374389534945,0,1,0,0
4297,1649267441772,0,2,0,0
4297,1924145348652,0,3,0,0
4298,1374389534945,0,1,0,0
4298,1649267441772,0,2,0,0
4298,1924145348652,0,3,0,0
4299,1374389534945,0,1,0,0
4299,1649267441772,0,2,0,0
4299,1924145348652,0,3,0,0
4300,1374389534945,0,1,0,0
4300,1649267441772,0,2,0,0
4300,1924145348652,0,3,0,0
4301,1374389534945,0,1,0,0
4301,1649267441772,0,2,0,0
4301,1924145348652,0,3,0,0
4302,1374389534945,0,1,0,0
4302,1649267441772,0,2,0,0
4302,1924145348652,0,3,0,0
4303,1374389534945,0,1,0,0
4303,1649267441772,0,2,0,0
4303,1924145348652,0,3,0,0
4304,1374389534945,0,1,0,0
4304,1649267441772,0,2,0,0
4304,1924145348652,0,3,0,0
4305,1374389534945,0,1,0,0
4305,1649267441772,0,2,0,0
4305,1924145348652,0,3,0,0
4306,1374389534945,0,1,0,0
4306,1649267441772,0,2,0,0
4306,1924145348652,0,3,0,0
4307,1374389534945,0,1,0,0
4307,1649267441772,0,2,0,0
4307,1924145348652,0,3,0,0
4308,1374389534945,0,1,0,0
4308,1649267441772,0,2,0,0
4308,1924145348652,0,3,0,0
4309,1374389534945,0,1,0,0
4309,1649267441772,0,2,0,0
4309,1924145348652,0,3,0,0
4310,1374389534945,0,1,0,0
4310,1649267441772,0,2,0,0
4310,1924145348652,0,3,0,0
4311,1374389534945,0,1,0,0
4311,1649267441772,0,2,0,0
4311,1924145348652,0,3,0,0
4312,1374389534945,0,1,0,0
4312,1649267441772,0,2,0,0
4312,1924145348652,0,3,0,0
4313,1374389534945,0,1,0,0
4313,1649267441772,0,2,0,0
4313,1924145348652,0,3,0,0
4314,1374389534945,0,1,0,0
4314,1649267441772,0,2,0,0
4314,1924145348652,0,3,0,0
4315,1374389534945,0,1,0,0
4315,1649267441772,0,2,0,0
4315,1924145348652,0,3,0,0
4316,1374389534945,0,1,0,0
4316,1649267441772,0,2,0,0
4316,1924145348652,0,3,0,0
4317,1374389534945,0,1,0,0
4317,1649267441772,0,2,0,0
4317,1924145348652,0,3,0,0
4318,1374389534945,0,1,0,0
4318,1649267441772,0,2,0,0
4318,1924145348652,0,3,0,0
4319,1374389534945,0,1,0,0
4319,1649267441772,0,2,0,0
4319,1924145348652,0,3,0,0
4320,1374389534945,0,1,0,0
4320,1649267441772,0,2,0,0
4320,1924145348652,0,3,0,0
4321,1374389534945,0,1,0,0
4321,1649267441772,0,2,0,0
4321,1924145348652,0,3,0,0
4322,1374389534945,0,1,0,0
4322,1649267441772,0,2,0,0
4322,1924145348652,0,3,0,0
4323,1374389534945,0,1,0,0
4323,1649267441772,0,2,0,0
4323,1924145348652,0,3,0,0
4324,1374389534945,0,1,0,0
4324,1649267441772,0,2,0,0
4324,1924145348652,0,3,0,0
4325,1374389534945,0,1,0,0
4325,1649267441772,0,2,0,0
4325,1924145348652,0,3,0,0
4326,1374389534945,0,1,0,0
4326,1649267441772,0,2,0,0
4326,1924145348652,0,3,0,0
4327,1374389534945,0,1,0,0
4327,1649267441772,0,2,0,0
4327,1924145348652,0,3,0,0
4328,1374389534945,0,1,0,0
4328,1649267441772,0,2,0,0
4328,1924145348652,0,3,0,0
4329,1374389534945,0,1,0,0
4329,1649267441772,0,2,0,0
4329,1924145348652,0,3,0,0
4330,1374389534945,0,1,0,0
4330,1649267441772,0,2,0,0
4330,1924145348652,0,3,0,0
4331,1374389534945,0,1,0,0
4331,1649267441772,0,2,0,0
4331,1924145348652,0,3,0,0
4332,1374389534945,0,1,0,0
4332,1649267441772,0,2,0,0
4332,1924145348652,0,3,0,0
4333,1374389534945,0,1,0,0
4333,1649267441772,0,2,0,0
4333,1924145348652,0,3,0,0
4334,1374389534945,0,1,0,0
4334,1649267441772,0,2,0,0
4334,1924145348652,0,3,0,0
4335,1374389534945,0,1,0,0
4335,1649267441772,0,2,0,0
4335,1924145348652,0,3,0,0
4336,1374389534945,0,1,0,0
4336,1649267441772,0,2,0,0
4336,1924145348652,0,3,0,0
4337,1374389534945,0,1,0,0
4337,1649267441772,0,2,0,0
4337,1924145348652,0,3,0,0
4338,1374389534945,0,1,0,0
4338,1649267441772,0,2,0,0
4338,1924145348652,0,3,0,0
4339,1374389534945,0,1,0,0
4339,1649267441772,0,2,0,0
4339,1924145348652,0,3,0,0
4340,1374389534945,0,1,0,0
4340,1649267441772,0,2,0,0
4340,1924145348652,0,3,0,0
4341,1374389534945,0,1,0,0
4341,1649267441772,0,2,0,0
4341,1924145348652,0,3,0,0
4342,1374389534945,0,1,0,0
4342,1649267441772,0,2,0,0
4342,1924145348652,0,3,0,0
4343,1374389534945,0,1,0,0
4343,1649267441772,0,2,0,0
4343,1924145348652,0,3,0,0
4344,1374389534945,0,1,0,0
4344,1649267441772,0,2,0,0
4344,1924145348652,0,3,0,0
4345,1374389534945,0,1,0,0
4345,1649267441772,0,2,0,0
4345,1924145348652,0,3,0,0
4346,1374389534945,0,1,0,0
4346,1649267441772,0,2,0,0
4346,1924145348652,0,3,0,0
4347,1374389534945,0,1,0,0
4347,1649267441772,0,2,0,0
4347,1924145348652,0,3,0,0
4348,1374389534945,0,1,0,0
4348,1649267441772,0,2,0,0
4348,1924145348652,0,3,0,0
4349,1374389534945,0,1,0,0
4349,1649267441772,0,2,0,0
4349,1924145348652,0,3,0,0
4350,1374389534945,0,1,0,0
4350,1649267441772,0,2,0,0
4350,1924145348652,0,3,0,0
4351,1374389534945,0,1,0,0
4351,1649267441772,0,2,0,0
4351,1924145348652,0,3,0,0
4352,1374389534945,0,1,0,0
4352,1649267441772,0,2,0,0
4352,1924145348652,0,3,0,0
4353,1374389534945,0,1,0,0
4353,1649267441772,0,2,0,0
4353,1924145348652,0,3,0,0
4354,1374389534945,0,1,0,0
4354,1649267441772,0,2,0,0
4354,1924145348652,0,3,0,0
4355,1374389534945,0,1,0,0
4355,1649267441772,0,2,0,0
4355,1924145348652,0,3,0,0
4356,1374389534945,0,1,0,0
4356,1649267441772,0,2,0,0
4356,1924145348652,0,3,0,0
4357,1374389534945,0,1,0,0
4357,1649267441772,0,2,0,0
4357,1924145348652,0,3,0,0
4358,1374389534945,0,1,0,0
4358,1649267441772,0,2,0,0
4358,1924145348652,0,3,0,0
4359,1374389534945,0,1,0,0
4359,1649267441772,0,2,0,0
4359,1924145348652,0,3,0,0
4360,1374389534945,0,1,0,0
4360,1649267441772,0,2,0,0
4360,1924145348652,0,3,0,0
4361,1374389534945,0,1,0,0
4361,1649267441772,0,2,0,0
4361,1924145348652,0,3,0,0
4362,1374389534945,0,1,0,0
4362,1649267441772,0,2,0,0
4362,1924145348652,0,3,0,0
4363,1374389534945,0,1,0,0
4363,1649267441772,0,2,0,0
4363,1924145348652,0,3,0,0
4364,1374389534945,0,1,0,0
4364,1649267441772,0,2,0,0
4364,1924145348652,0,3,0,0
4365,1374389534945,0,1,0,0
4365,1649267441772,0,2,0,0
4365,1924145348652,0,3,0,0
4366,1374389534945,0,1,0,0
4366,1649267441772,0,2,0,0
4366,1924145348652,0,3,0,0
4367,1374389534945,0,1,0,0
4367,1649267441772,0,2,0,0
4367,1924145348652,0,3,0,0
4368,1374389534945,0,1,0,0
4368,1649267441772,0,2,0,0
4368,1924145348652,0,3,0,0
4369,1374389534945,0,1,0,0
4369,1649267441772,0,2,0,0
4369,1924145348652,0,3,0,0
4370,1374389534945,0,1,0,0
4370,1649267441772,0,2,0,0
4370,1924145348652,0,3,0,0
4371,1374389534945,0,1,0,0
4371,1649267441772,0,2,0,0
4371,1924145348652,0,3,0,0
4372,1374389534945,0,1,0,0
4372,1649267441772,0,2,0,0
4372,1924145348652,0,3,0,0
4373,1374389534945,0,1,0,0
4373,1649267441772,0,2,0,0
4373,1924145348652,0,3,0,0
4374,1374389534945,0,1,0,0
4374,1649267441772,0,2,0,0
4374,1924145348652,0,3,0,0
4375,1374389534945,0,1,0,0
4375,1649267441772,0,2,0,0
4375,1924145348652,0,3,0,0
4376,1374389534945,0,1,0,0
4376,1649267441772,0,2,0,0
4376,1924145348652,0,3,0,0
4377,1374389534945,0,1,0,0
4377,1649267441772,0,2,0,0
4377,1924145348652,0,3,0,0
4378,1374389534945,0,1,0,0
4378,1649267441772,0,2,0,0
4378,1924145348652,0,3,0,0
4379,1374389534945,0,1,0,0
4379,1649267441772,0,2,0,0
4379,1924145348652,0,3,0,0
4380,1374389534945,0,1,0,0
4380,1649267441772,0,2,0,0
4380,1924145348652,0,3,0,0
4381,1374389534945,0,1,0,0
4381,1649267441772,0,2,0,0
4381,1924145348652,0,3,0,0
4382,1374389534945,0,1,0,0
4382,1649267441772,0,2,0,0
4382,1924145348652,0,3,0,0
4383,1374389534945,0,1,0,0
4383,1649267441772,0,2,0,0
4383,1924145348652,0,3,0,0
4384,1374389534945,0,1,0,0
4384,1649267441772,0,2,0,0
4384,1924145348652,0,3,0,0
4385,1374389534945,0,1,0,0
4385,1649267441772,0,2,0,0
4385,1924145348652,0,3,0,0
4386,1374389534945,0,1,0,0
4386,1649267441772,0,2,0,0
4386,1924145348652,0,3,0,0
4387,1374389534945,0,1,0,0
4387,1649267441772,0,2,0,0
4387,1924145348652,0,3,0,0
4388,1374389534945,0,1,0,0
4388,1649267441772,0,2,0,0
4388,1924145348652,0,3,0,0
4389,1374389534945,0,1,0,0
4389,1649267441772,0,2,0,0
4389,1924145348652,0,3,0,0
4390,1374389534945,0,1,0,0
4390,1649267441772,0,2,0,0
4390,1924145348652,0,3,0,0
4391,1374389534945,0,1,0,0
4391,1649267441772,0,2,0,0
4391,1924145348652,0,3,0,0
4392,1374389534945,0,1,0,0
4392,1649267441772,0,2,0,0
4392,1924145348652,0,3,0,0
4393,1374389534945,0,1,0,0
4393,1649267441772,0,2,0,0
4393,1924145348652,0,3,0,0
4394,1374389534945,0,1,0,0
4394,1649267441772,0,2,0,0
4394,1924145348652,0,3,0,0
4395,1374389534945,0,1,0,0
4395,1649267441772,0,2,0,0
4395,1924145348652,0,3,0,0
4396,1374389534945,0,1,0,0
4396,1649267441772,0,2,0,0
4396,1924145348652,0,3,0,0
4397,1374389534945,0,1,0,0
4397,1649267441772,0,2,0,0
4397,1924145348652,0,3,0,0
4398,1374389534945,0,1,0,0
4398,1649267441772,0,2,0,0
4398,1924145348652,0,3,0,0
4399,1374389534945,0,1,0,0
4399,1649267441772,0,2,0,0
4399,1924145348652,0,3,0,0
4400,1374389534945,0,1,0,0
4400,1649267441772,0,2,0,0
4400,1924145348652,0,3,0,0
4401,1374389534945,0,1,0,0
4401,1649267441772,0,2,0,0
4401,1924145348652,0,3,0,0
4402,1374389534945,0,1,0,0
4402,1649267441772,0,2,0,0
4402,1924145348652,0,3,0,0
4403,1374389534945,0,1,0,0
4403,1649267441772,0,2,0,0
4403,1924145348652,0,3,0,0
4404,1374389534945,0,1,0,0
4404,1649267441772,0,2,0,0
4404,1924145348652,0,3,0,0
4405,1374389534945,0,1,0,0
4405,1649267441772,0,2,0,0
4405,1924145348652,0,3,0,0
4406,1374389534945,0,1,0,0
4406,1649267441772,0,2,0,0
4406,1924145348652,0,3,0,0
4407,1374389534945,0,1,0,0
4407,1649267441772,0,2,0,0
4407,1924145348652,0,3,0,0
4408,1374389534945,0,1,0,0
4408,1649267441772,0,2,0,0
4408,1924145348652,0,3,0,0
4409,1374389534945,0,1,0,0
4409,1649267441772,0,2,0,0
4409,1924145348652,0,3,0,0
4410,1374389534945,0,1,0,0
4410,1649267441772,0,2,0,0
4410,1924145348652,0,3,0,0
4411,1374389534945,0,1,0,0
4411,1649267441772,0,2,0,0
4411,1924145348652,0,3,0,0
4412,1374389534945,0,1,0,0
4412,1649267441772,0,2,0,0
4412,1924145348652,0,3,0,0
4413,1374389534945,0,1,0,0
4413,1649267441772,0,2,0,0
4413,1924145348652,0,3,0,0
4414,1374389534945,0,1,0,0
4414,1649267441772,0,2,0,0
4414,1924145348652,0,3,0,0
4415,1374389534945,0,1,0,0
4415,1649267441772,0,2,0,0
4415,1924145348652,0,3,0,0
4416,1374389534945,0,1,0,0
4416,1649267441772,0,2,0,0
4416,1924145348652,0,3,0,0
4417,1374389534945,0,1,0,0
4417,1649267441772,0,2,0,0
4417,1924145348652,0,3,0,0
4418,1374389534945,0,1,0,0
4418,1649267441772,0,2,0,0
4418,1924145348652,0,3,0,0
4419,1374389534945,0,1,0,0
4419,1649267441772,0,2,0,0
4419,1924145348652,0,3,0,0
4420,1374389534945,0,1,0,0
4420,1649267441772,0,2,0,0
4420,1924145348652,0,3,0,0
4421,1374389534945,0,1,0,0
4421,1649267441772,0,2,0,0
4421,1924145348652,0,3,0,0
4422,1374389534945,0,1,0,0
4422,1649267441772,0,2,0,0
4422,1924145348652,0,3,0,0
4423,1374389534945,0,1,0,0
4423,1649267441772,0,2,0,0
4423,1924145348652,0,3,0,0
4424,1374389534945,0,1,0,0
4424,1649267441772,0,2,0,0
4424,1924145348652,0,3,0,0
4425,1374389534945,0,1,0,0
4425,1649267441772,0,2,0,0
4425,1924145348652,0,3,0,0
4426,1374389534945,0,1,0,0
4426,1649267441772,0,2,0,0
4426,1924145348652,0,3,0,0
4427,1374389534945,0,1,0,0
4427,1649267441772,0,2,0,0
4427,1924145348652,0,3,0,0
4428,1374389534945,0,1,0,0
4428,1649267441772,0,2,0,0
4428,1924145348652,0,3,0,0
4429,1374389534945,0,1,0,0
4429,1649267441772,0,2,0,0
4429,1924145348652,0,3,0,0
4430,1374389534945,0,1,0,0
4430,1649267441772,0,2,0,0
4430,1924145348652,0,3,0,0
4431,1374389534945,0,1,0,0
4431,1649267441772,0,2,0,0
4431,1924145348652,0,3,0,0
4432,1374389534945,0,1,0,0
4432,1649267441772,0,2,0,0
4432,1924145348652,0,3,0,0
4433,1374389534945,0,1,0,0
4433,1649267441772,0,2,0,0
4433,1924145348652,0,3,0,0
4434,1374389534945,0,1,0,0
4434,1649267441772,0,2,0,0
4434,1924145348652,0,3,0,0
4435,1374389534945,0,1,0,0
4435,1649267441772,0,2,0,0
4435,1924145348652,0,3,0,0
4436,1374389534945,0,1,0,0
4436,1649267441772,0,2,0,0
4436,1924145348652,0,3,0,0
4437,1374389534945,0,1,0,0
4437,1649267441772,0,2,0,0
4437,1924145348652,0,3,0,0
4438,1374389534945,0,1,0,0
4438,1649267441772,0,2,0,0
4438,1924145348652,0,3,0,0
4439,1374389534945,0,1,0,0
4439,1649267441772,0,2,0,0
4439,1924145348652,0,3,0,0
4440,1374389534945,0,1,0,0
4440,1649267441772,0,2,0,0
4440,1924145348652,0,3,0,0
4441,1374389534945,0,1,0,0
4441,1649267441772,0,2,0,0
4441,1924145348652,0,3,0,0
4442,1374389534945,0,1,0,0
4442,1649267441772,0,2,0,0
4442,1924145348652,0,3,0,0
4443,1374389534945,0,1,0,0
4443,1649267441772,0,2,0,0
4443,1924145348652,0,3,0,0
4444,1374389534945,0,1,0,0
4444,1649267441772,0,2,0,0
4444,1924145348652,0,3,0,0
4445,1374389534945,0,1,0,0
4445,1649267441772,0,2,0,0
4445,1924145348652,0,3,0,0
4446,1374389534945,0,1,0,0
4446,1649267441772,0,2,0,0
4446,1924145348652,0,3,0,0
4447,1374389534945,0,1,0,0
4447,1649267441772,0,2,0,0
4447,1924145348652,0,3,0,0
4448,1374389534945,0,1,0,0
4448,1649267441772,0,2,0,0
4448,1924145348652,0,3,0,0
4449,1374389534945,0,1,0,0
4449,1649267441772,0,2,0,0
4449,1924145348652,0,3,0,0
4450,1374389534945,0,1,0,0
4450,1649267441772,0,2,0,0
4450,1924145348652,0,3,0,0
4451,1374389534945,0,1,0,0
4451,1649267441772,0,2,0,0
4451,1924145348652,0,3,0,0
4452,1374389534945,0,1,0,0
4452,1649267441772,0,2,0,0
4452,1924145348652,0,3,0,0
4453,1374389534945,0,1,0,0
4453,1649267441772,0,2,0,0
4453,1924145348652,0,3,0,0
4454,1374389534945,0,1,0,0
4454,1649267441772,0,2,0,0
4454,1924145348652,0,3,0,0
4455,1374389534945,0,1,0,0
4455,1649267441772,0,2,0,0
4455,1924145348652,0,3,0,0
4456,1374389534945,0,1,0,0
4456,1649267441772,0,2,0,0
4456,1924145348652,0,3,0,0
4457,1374389534945,0,1,0,0
4457,1649267441772,0,2,0,0
4457,1924145348652,0,3,0,0
4458,1374389534945,0,1,0,0
4458,1649267441772,0,2,0,0
4458,1924145348652,0,3,0,0
4459,1374389534945,0,1,0,0
4459,1649267441772,0,2,0,0
4459,1924145348652,0,3,0,0
4460,1374389534945,0,1,0,0
4460,1649267441772,0,2,0,0
4460,1924145348652,0,3,0,0
4461,1374389534945,0,1,0,0
4461,1649267441772,0,2,0,0
4461,1924145348652,0,3,0,0
4462,1374389534945,0,1,0,0
4462,1649267441772,0,2,0,0
4462,1924145348652,0,3,0,0
4463,1374389534945,0,1,0,0
4463,1649267441772,0,2,0,0
4463,1924145348652,0,3,0,0
4464,1374389534945,0,1,0,0
4464,1649267441772,0,2,0,0
4464,1924145348652,0,3,0,0
4465,1374389534945,0,1,0,0
4465,1649267441772,0,2,0,0
4465,1924145348652,0,3,0,0
4466,1374389534945,0,1,0,0
4466,1649267441772,0,2,0,0
4466,1924145348652,0,3,0,0
4467,1374389534945,0,1,0,0
4467,1649267441772,0,2,0,0
4467,1924145348652,0,3,0,0
4468,1374389534945,0,1,0,0
4468,1649267441772,0,2,0,0
4468,1924145348652,0,3,0,0
4469,1374389534945,0,1,0,0
4469,1649267441772,0,2,0,0
4469,1924145348652,0,3,0,0
4470,1374389534945,0,1,0,0
4470,1649267441772,0,2,0,0
4470,1924145348652,0,3,0,0
4471,1374389534945,0,1,0,0
4471,1649267441772,0,2,0,0
4471,1924145348652,0,3,0,0
4472,1374389534945,0,1,0,0
4472,1649267441772,0,2,0,0
4472,1924145348652,0,3,0,0
4473,1374389534945,0,1,0,0
4473,1649267441772,0,2,0,0
4473,1924145348652,0,3,0,0
4474,1374389534945,0,1,0,0
4474,1649267441772,0,2,0,0
4474,1924145348652,0,3,0,0
4475,1374389534945,0,1,0,0
4475,1649267441772,0,2,0,0
4475,1924145348652,0,3,0,0
4476,1374389534945,0,1,0,0
4476,1649267441772,0,2,0,0
4476,1924145348652,0,3,0,0
4477,1374389534945,0,1,0,0
4477,1649267441772,0,2,0,0
4477,1924145348652,0,3,0,0
4478,1374389534945,0,1,0,0
4478,1649267441772,0,2,0,0
4478,1924145348652,0,3,0,0
4479,1374389534945,0,1,0,0
4479,1649267441772,0,2,0,0
4479,1924145348652,0,3,0,0
4480,1374389534945,0,1,0,0
4480,1649267441772,0,2,0,0
4480,1924145348652,0,3,0,0
4481,1374389534945,0,1,0,0
4481,1649267441772,0,2,0,0
4481,1924145348652,0,3,0,0
4482,1374389534945,0,1,0,0
4482,1649267441772,0,2,0,0
4482,1924145348652,0,3,0,0
4483,1374389534945,0,1,0,0
4483,1649267441772,0,2,0,0
4483,1924145348652,0,3,0,0
4484,1374389534945,0,1,0,0
4484,1649267441772,0,2,0,0
4484,1924145348652,0,3,0,0
4485,1374389534945,0,1,0,0
4485,1649267441772,0,2,0,0
4485,1924145348652,0,3,0,0
4486,1374389534945,0,1,0,0
4486,1649267441772,0,2,0,0
4486,1924145348652,0,3,0,0
4487,1374389534945,0,1,0,0
4487,1649267441772,0,2,0,0
4487,1924145348652,0,3,0,0
4488,1374389534945,0,1,0,0
4488,1649267441772,0,2,0,0
4488,1924145348652,0,3,0,0
4489,1374389534945,0,1,0,0
4489,1649267441772,0,2,0,0
4489,1924145348652,0,3,0,0
4490,1374389534945,0,1,0,0
4490,1649267441772,0,2,0,0
4490,1924145348652,0,3,0,0
4491,1374389534945,0,1,0,0
4491,1649267441772,0,2,0,0
4491,1924145348652,0,3,0,0
4492,1374389534945,0,1,0,0
4492,1649267441772,0,2,0,0
4492,1924145348652,0,3,0,0
4493,1374389534945,0,1,0,0
4493,1649267441772,0,2,0,0
4493,1924145348652,0,3,0,0
4494,1374389534945,0,1,0,0
4494,1649267441772,0,2,0,0
4494,1924145348652,0,3,0,0
4495,1374389534945,0,1,0,0
4495,1649267441772,0,2,0,0
4495,1924145348652,0,3,0,0
4496,1374389534945,0,1,0,0
4496,1649267441772,0,2,0,0
4496,1924145348652,0,3,0,0
4497,1374389534945,0,1,0,0
4497,1649267441772,0,2,0,0
4497,1924145348652,0,3,0,0
4498,1374389534945,0,1,0,0
4498,1649267441772,0,2,0,0
4498,1924145348652,0,3,0,0
4499,1374389534945,0,1,0,0
4499,1649267441772,0,2,0,0
4499,1924145348652,0,3,0,0
4500,1374389534945,0,1,0,0
4500,1649267441772,0,2,0,0
4500,1924145348652,0,3,0,0
4501,1374389534945,0,1,0,0
4501,1649267441772,0,2,0,0
4501,1924145348652,0,3,0,0
4502,1374389534945,0,1,0,0
4502,1649267441772,0,2,0,0
4502,1924145348652,0,3,0,0
4503,1374389534945,0,1,0,0
4503,1649267441772,0,2,0,0
4503,1924145348652,0,3,0,0
4504,1374389534945,0,1,0,0
4504,1649267441772,0,2,0,0
4504,1924145348652,0,3,0,0
4505,1374389534945,0,1,0,0
4505,1649267441772,0,2,0,0
4505,1924145348652,0,3,0,0
4506,1374389534945,0,1,0,0
4506,1649267441772,0,2,0,0
4506,1924145348652,0,3,0,0
4507,1374389534945,0,1,0,0
4507,1649267441772,0,2,0,0
4507,1924145348652,0,3,0,0
4508,1374389534945,0,1,0,0
4508,1649267441772,0,2,0,0
4508,1924145348652,0,3,0,0
4509,1374389534945,0,1,0,0
4509,1649267441772,0,2,0,0
4509,1924145348652,0,3,0,0
4510,1374389534945,0,1,0,0
4510,1649267441772,0,2,0,0
4510,1924145348652,0,3,0,0
4511,1374389534945,0,1,0,0
4511,1649267441772,0,2,0,0
4511,1924145348652,0,3,0,0
4512,1374389534945,0,1,0,0
4512,1649267441772,0,2,0,0
4512,1924145348652,0,3,0,0
4513,1374389534945,0,1,0,0
4513,1649267441772,0,2,0,0
4513,1924145348652,0,3,0,0
4514,1374389534945,0,1,0,0
4514,1649267441772,0,2,0,0
4514,1924145348652,0,3,0,0
4515,1374389534945,0,1,0,0
4515,1649267441772,0,2,0,0
4515,1924145348652,0,3,0,0
4516,1374389534945,0,1,0,0
4516,1649267441772,0,2,0,0
4516,1924145348652,0,3,0,0
4517,1374389534945,0,1,0,0
4517,1649267441772,0,2,0,0
4517,1924145348652,0,3,0,0
4518,1374389534945,0,1,0,0
4518,1649267441772,0,2,0,0
4518,1924145348652,0,3,0,0
4519,1374389534945,0,1,0,0
4519,1649267441772,0,2,0,0
4519,1924145348652,0,3,0,0
4520,1374389534945,0,1,0,0
4520,1649267441772,0,2,0,0
4520,1924145348652,0,3,0,0
4521,1374389534945,0,1,0,0
4521,1649267441772,0,2,0,0
4521,1924145348652,0,3,0,0
4522,1374389534945,0,1,0,0
4522,1649267441772,0,2,0,0
4522,1924145348652,0,3,0,0
4523,1374389534945,0,1,0,0
4523,1649267441772,0,2,0,0
4523,1924145348652,0,3,0,0
4524,1374389534945,0,1,0,0
4524,1649267441772,0,2,0,0
4524,1924145348652,0,3,0,0
4525,1374389534945,0,1,0,0
4525,1649267441772,0,2,0,0
4525,1924145348652,0,3,0,0
4526,1374389534945,0,1,0,0
4526,1649267441772,0,2,0,0
4526,1924145348652,0,3,0,0
4527,1374389534945,0,1,0,0
4527,1649267441772,0,2,0,0
4527,1924145348652,0,3,0,0
4528,1374389534945,0,1,0,0
4528,1649267441772,0,2,0,0
4528,1924145348652,0,3,0,0
4529,1374389534945,0,1,0,0
4529,1649267441772,0,2,0,0
4529,1924145348652,0,3,0,0
4530,1374389534945,0,1,0,0
4530,1649267441772,0,2,0,0
4530,1924145348652,0,3,0,0
4531,1374389534945,0,1,0,0
4531,1649267441772,0,2,0,0
4531,1924145348652,0,3,0,0
4532,1374389534945,0,1,0,0
4532,1649267441772,0,2,0,0
4532,1924145348652,0,3,0,0
4533,1374389534945,0,1,0,0
4533,1649267441772,0,2,0,0
4533,1924145348652,0,3,0,0
4534,1374389534945,0,1,0,0
4534,1649267441772,0,2,0,0
4534,1924145348652,0,3,0,0
4535,1374389534945,0,1,0,0
4535,1649267441772,0,2,0,0
4535,1924145348652,0,3,0,0
4536,1374389534945,0,1,0,0
4536,1649267441772,0,2,0,0
4536,1924145348652,0,3,0,0
4537,1374389534945,0,1,0,0
4537,1649267441772,0,2,0,0
4537,1924145348652,0,3,0,0
4538,1374389534945,0,1,0,0
4538,1649267441772,0,2,0,0
4538,1924145348652,0,3,0,0
4539,1374389534945,0,1,0,0
4539,1649267441772,0,2,0,0
4539,1924145348652,0,3,0,0
4540,1374389534945,0,1,0,0
4540,1649267441772,0,2,0,0
4540,1924145348652,0,3,0,0
4541,1374389534945,0,1,0,0
4541,1649267441772,0,2,0,0
4541,1924145348652,0,3,0,0
4542,1374389534945,0,1,0,0
4542,1649267441772,0,2,0,0
4542,1924145348652,0,3,0,0
4543,1374389534945,0,1,0,0
4543,1649267441772,0,2,0,0
4543,1924145348652,0,3,0,0
4544,1374389534945,0,1,0,0
4544,1649267441772,0,2,0,0
4544,1924145348652,0,3,0,0
4545,1374389534945,0,1,0,0
4545,1649267441772,0,2,0,0
4545,1924145348652,0,3,0,0
4546,1374389534945,0,1,0,0
4546,1649267441772,0,2,0,0
4546,1924145348652,0,3,0,0
4547,1374389534945,0,1,0,0
4547,1649267441772,0,2,0,0
4547,1924145348652,0,3,0,0
4548,1374389534945,0,1,0,0
4548,1649267441772,0,2,0,0
4548,1924145348652,0,3,0,0
4549,1374389534945,0,1,0,0
4549,1649267441772,0,2,0,0
4549,1924145348652,0,3,0,0
4550,1374389534945,0,1,0,0
4550,1649267441772,0,2,0,0
4550,1924145348652,0,3,0,0
4551,1374389534945,0,1,0,0
4551,1649267441772,0,2,0,0
4551,1924145348652,0,3,0,0
4552,1374389534945,0,1,0,0
4552,1649267441772,0,2,0,0
4552,1924145348652,0,3,0,0
4553,1374389534945,0,1,0,0
4553,1649267441772,0,2,0,0
4553,1924145348652,0,3,0,0
4554,1374389534945,0,1,0,0
4554,1649267441772,0,2,0,0
4554,1924145348652,0,3,0,0
4555,1374389534945,0,1,0,0
4555,1649267441772,0,2,0,0
4555,1924145348652,0,3,0,0
4556,1374389534945,0,1,0,0
4556,1649267441772,0,2,0,0
4556,1924145348652,0,3,0,0
4557,1374389534945,0,1,0,0
4557,1649267441772,0,2,0,0
4557,1924145348652,0,3,0,0
4558,1374389534945,0,1,0,0
4558,1649267441772,0,2,0,0
4558,1924145348652,0,3,0,0
4559,1374389534945,0,1,0,0
4559,1649267441772,0,2,0,0
4559,1924145348652,0,3,0,0
4560,1374389534945,0,1,0,0
4560,1649267441772,0,2,0,0
4560,1924145348652,0,3,0,0
4561,1374389534945,0,1,0,0
4561,1649267441772,0,2,0,0
4561,1924145348652,0,3,0,0
4562,1374389534945,0,1,0,0
4562,1649267441772,0,2,0,0
4562,1924145348652,0,3,0,0
4563,1924145348652,0,3,1,0
4563,1374389534945,0,1,0,0
4563,1649267441772,0,2,0,0
4563,1924145348653,0,3,1,0
4564,1924145348654,0,3,1,0
4564,1374389534945,0,1,0,0
4564,1649267441772,0,2,0,0
4564,1924145348655,0,3,1,0
4565,1924145348656,0,3,1,0
4565,1374389534945,0,1,0,0
4565,1649267441772,0,2,0,0
4565,1924145348657,0,3,1,0
4566,1924145348658,0,3,1,0
4566,1374389534945,0,1,0,0
4566,1649267441772,0,2,0,0
4566,1924145348659,0,3,1,0
4567,1924145348660,0,3,1,0
4567,1374389534945,0,1,0,0
4567,1649267441772,0,2,0,0
4567,1924145348661,0,3,1,0
4568,1924145348662,0,3,1,0
4568,1374389534945,0,1,0,0
4568,1649267441772,0,2,0,0
4568,1924145348663,0,3,1,0
4569,1924145348664,0,3,1,0
4569,1374389534945,0,1,0,0
4569,1649267441772,0,2,0,0
4569,1924145348665,0,3,1,0
4570,1924145348666,0,3,1,0
4570,1374389534945,0,1,0,0
4570,1649267441772,0,2,0,0
4570,1924145348667,0,3,1,0
4571,1924145348668,0,3,1,0
4571,1374389534945,0,1,0,0
4571,1649267441772,0,2,0,0
4571,1924145348669,0,3,1,0
4572,1374389534945,0,1,0,0
4572,1649267441772,0,2,0,0
4572,1924145348670,0,3,1,0
4573,1924145348671,0,3,1,0
4573,1374389534945,0,1,0,0
4573,1649267441772,0,2,0,0
4573,1924145348881,0,3,1,0
4574,1924145348882,0,3,1,0
4574,1374389534945,0,1,0,0
4574,1649267441772,0,2,0,0
4574,1924145348883,0,3,1,0
4575,1924145348884,0,3,1,0
4575,1374389534945,0,1,0,0
4575,1649267441772,0,2,0,0
4575,1924145348885,0,3,1,0
4576,1924145348886,0,3,1,0
4576,1374389534945,0,1,0,0
4576,1649267441772,0,2,0,0
4576,1924145348887,0,3,1,0
4577,1924145348888,0,3,1,0
4577,1374389534945,0,1,0,0
4577,1649267441772,0,2,0,0
4577,1924145348889,0,3,1,0
4578,1924145348890,0,3,1,0
4578,1374389534945,0,1,0,0
4578,1649267441772,0,2,0,0
4578,1924145348891,0,3,1,0
4579,1924145348892,0,3,1,0
4579,1374389534945,0,1,0,0
4579,1649267441772,0,2,0,0
4579,1924145348893,0,3,1,0
4580,1924145348894,0,3,1,0
4580,1374389534945,0,1,0,0
4580,1649267441772,0,2,0,0
4580,1924145348895,0,3,1,0
4581,1924145348896,0,3,1,0
4581,1374389534945,0,1,0,0
4581,1649267441772,0,2,0,0
4581,1924145348897,0,3,1,0
4582,1374389534945,0,1,0,0
4582,1649267441772,0,2,0,0
4582,1924145348898,0,3,0,0
4583,1924145348898,0,3,1,0
4583,1374389534945,0,1,0,0
4583,1649267441772,0,2,0,0
4583,1924145348899,0,3,1,0
4584,1924145348900,0,3,1,0
4584,1374389534945,0,1,0,0
4584,1649267441772,0,2,0,0
4584,1924145348901,0,3,1,0
4585,1374389534945,0,1,0,0
4585,1649267441772,0,2,0,0
4585,1924145348902,0,3,0,0
4586,1374389534945,0,1,0,0
4586,1649267441772,0,2,0,0
4586,1924145348902,0,3,0,0
4587,1374389534945,0,1,0,0
4587,1649267441772,0,2,0,0
4587,1924145348902,0,3,0,0
4588,1924145348902,0,3,1,0
4588,1374389534945,0,1,0,0
4588,1649267441772,0,2,0,0
4588,1924145348903,0,3,1,0
4589,1924145348904,0,3,1,0
4589,1374389534945,0,1,0,0
4589,1649267441772,0,2,0,0
4589,1924145348905,0,3,1,0
4590,1924145348906,0,3,1,0
4590,1374389534945,0,1,0,0
4590,1649267441772,0,2,0,0
4590,1924145348907,0,3,1,0
4591,1924145348908,0,3,1,0
4591,1374389534945,0,1,0,0
4591,1649267441772,0,2,0,0
4591,1924145348937,0,3,1,0
4592,1374389534945,0,1,0,0
4592,1649267441772,0,2,0,0
4592,1924145348938,0,3,1,0
4593,1924145348939,0,3,1,0
4593,1374389534945,0,1,0,0
4593,1649267441772,0,2,0,0
4593,1924145348940,0,3,1,0
4594,61297773248845,0,3,1,0
4594,1374389534945,0,1,0,0
4594,1649267441772,0,2,0,0
4594,61297773248846,0,3,1,0
4595,1924145348943,0,3,1,0
4595,1374389534945,0,1,0,0
4595,1649267441772,0,2,0,0
4595,1924145348944,0,3,1,0
4596,6322191860049,0,3,1,0
4596,1374389534945,0,1,0,0
4596,1649267441772,0,2,0,0
4596,5222680232274,0,3,1,0
4597,1924145348947,0,3,1,0
4597,1374389534945,0,1,0,0
4597,1649267441772,0,2,0,0
4597,1924145348948,0,3,1,0
4598,1924145348949,0,3,1,0
4598,1374389534945,0,1,0,0
4598,1649267441772,0,2,0,0
4598,1924145348950,0,3,1,0
4599,1924145348951,0,3,1,0
4599,1374389534945,0,1,0,0
4599,1649267441772,0,2,0,0
4599,1924145348952,0,3,1,0
4600,1924145348953,0,3,1,0
4600,1374389534945,0,1,0,0
4600,1649267441772,0,2,0,0
4600,1924145348954,0,3,1,0
4601,1924145348955,0,3,1,0
4601,1374389534945,0,1,0,0
4601,1649267441772,0,2,0,0
4601,1924145348956,0,3,1,0
4602,1924145348957,0,3,1,0
4602,1374389534945,0,1,0,0
4602,1649267441772,0,2,0,0
4602,1924145348958,0,3,1,0
4603,1374389534945,0,1,0,0
4603,1649267441772,0,2,0,0
4603,1924145348959,0,3,0,0
4604,1374389534945,0,1,0,0
4604,1649267441772,0,2,0,0
4604,1924145348959,0,3,0,0
4605,1374389534945,0,1,0,0
4606,1374389534945,0,1,1,0
4605,1649267441772,0,2,0,0
4605,1924145348959,0,3,0,0
4606,1924145348959,0,3,1,0
4606,1374389534946,0,1,1,0
4607,1374389534947,0,1,1,0
4606,1649267441772,0,2,0,0
4607,1649267441772,0,2,1,0
4606,1924145348960,0,3,1,0
4607,1374389534948,0,1,1,0
4607,1649267441773,0,2,1,0
4608,1649267441774,0,2,1,0
4607,1924145348961,0,3,0,0
4608,1374389534949,0,1,1,0
4608,1649267441775,0,2,1,0
4609,1649267441776,0,2,1,0
4608,1924145348961,0,3,0,0
4609,1374389534950,0,1,1,0
4610,1374389534951,0,1,1,0
4609,1649267441777,0,2,1,0
4610,1649267441778,0,2,1,0
4609,1924145348961,0,3,0,0
4610,1924145348961,0,3,1,0
4610,1374389534952,0,1,1,0
4611,1374389534953,0,1,1,0
4610,1649267441779,0,2,1,0
4611,1649267441780,0,2,1,0
4610,1924145348962,0,3,1,0
4611,1374389534954,0,1,1,0
4612,1374389534955,0,1,1,0
4611,1649267441781,0,2,1,0
4612,1649267441782,0,2,1,0
4611,1924145348963,0,3,0,0
4612,1374389534956,0,1,1,0
4613,1374389534957,0,1,1,0
4612,1649267441783,0,2,1,0
4613,1649267441816,0,2,1,0
4612,1924145348963,0,3,0,0
4613,1374389534958,0,1,1,0
4614,1374389534959,0,1,1,0
4613,1649267441817,0,2,1,0
4614,1649267441818,0,2,1,0
4613,1924145348963,0,3,0,0
4614,1924145348963,0,3,1,0
4614,1374389534960,0,1,1,0
4615,1374389534961,0,1,1,0
4614,1649267441819,0,2,1,0
4615,1649267441824,0,2,1,0
4614,1924145348964,0,3,1,0
4615,1374389534962,0,1,1,0
4616,1374389534963,0,1,1,0
4615,1649267441825,0,2,1,0
4615,1924145348965,0,3,0,0
4616,1374389534964,0,1,1,0
4617,1374389534965,0,1,1,0
4616,1649267441826,0,2,1,0
4617,1649267441827,0,2,1,0
4616,1924145348965,0,3,0,0
4617,1374389534966,0,1,0,0
4617,1649267441965,0,2,1,0
4618,1649267441966,0,2,1,0
4617,1924145348965,0,3,0,0
4618,1924145348965,0,3,1,0
4618,1374389534966,0,1,0,0
4618,1649267441967,0,2,1,0
4619,1649267441968,0,2,1,0
4618,1924145348966,0,3,1,0
4619,1374389534966,0,1,0,0
4620,1374389534966,0,1,1,0
4619,1649267441969,0,2,1,0
4620,1649267441970,0,2,1,0
4619,1924145348967,0,3,0,0
4620,1374389534967,0,1,1,0
4621,1374389534968,0,1,1,0
4620,1649267441971,0,2,1,0
4621,1649267441972,0,2,1,0
4620,1924145348967,0,3,0,0
4621,1374389534969,0,1,1,0
4622,1374389534970,0,1,1,0
4621,1649267441973,0,2,1,0
4622,1649267441974,0,2,1,0
4621,1924145348967,0,3,0,0
4622,1924145348967,0,3,1,0
4622,2473901162747,0,1,1,0
4623,1374389534972,0,1,1,0
4622,1649267441975,0,2,1,0
4623,1649267441976,0,2,1,0
4622,1924145348968,0,3,1,0
4623,1374389534973,0,1,1,0
4624,1374389534974,0,1,1,0
4623,1649267441977,0,2,1,0
4624,1649267441978,0,2,1,0
4623,1924145348969,0,3,0,0
4624,2473901162751,0,1,1,0
4625,1374389534976,0,1,1,0
4624,1649267441979,0,2,1,0
4625,1649267441980,0,2,1,0
4624,1924145348969,0,3,0,0
4625,1374389534977,0,1,1,0
4626,1374389534978,0,1,1,0
4625,1649267441981,0,2,1,0
4625,1924145348969,0,3,0,0
4626,1924145348969,0,3,1,0
4626,1374389534979,0,1,1,0
4627,2473901162756,0,1,1,0
4626,1649267441982,0,2,0,0
4627,1649267441982,0,2,1,0
4626,1924145348970,0,3,1,0
4627,1374389534981,0,1,1,0
4628,1374389534982,0,1,1,0
4627,1649267441983,0,2,1,0
4628,1649267441984,0,2,1,0
4627,1924145348971,0,3,1,0
4628,1374389534983,0,1,1,0
4628,1649267441985,0,2,1,0
4628,1924145348972,0,3,1,0
4629,1374389534984,0,1,0,0
4629,1649267441986,0,2,0,0
4629,1924145348973,0,3,1,0
4630,1374389534984,0,1,0,0
4630,1649267441986,0,2,0,0
4630,1924145348974,0,3,1,0
4631,1924145348975,0,3,1,0
4631,1374389534984,0,1,0,0
4632,1374389534984,0,1,1,0
4631,1649267441986,0,2,0,0
4632,1649267441986,0,2,1,0
4631,1924145348976,0,3,1,0
4632,1924145348977,0,3,1,0
4632,1374389534985,0,1,1,0
4633,1374389534986,0,1,1,0
4632,1649267441987,0,2,1,0
4633,1649267441988,0,2,1,0
4632,1924145348978,0,3,1,0
4633,1924145348979,0,3,1,0
4633,1374389534987,0,1,1,0
4634,1374389534988,0,1,1,0
4633,1649267441989,0,2,1,0
4634,1649267441990,0,2,1,0
4633,1924145348980,0,3,1,0
4634,1374389534989,0,1,1,0
4635,1374389534990,0,1,1,0
4634,1649267441991,0,2,1,0
4635,1649267441992,0,2,1,0
4634,1924145348981,0,3,0,0
4635,1374389534991,0,1,1,0
4636,1374389534992,0,1,1,0
4635,1649267442069,0,2,1,0
4635,1924145348981,0,3,0,0
4636,1924145348981,0,3,1,0
4636,1374389535121,0,1,1,0
4636,1649267442070,0,2,1,0
4637,1649267442071,0,2,1,0
4636,1924145348982,0,3,1,0
4637,1924145348983,0,3,1,0
4637,1374389535122,0,1,1,0
4637,1649267442072,0,2,1,0
4638,61022895341981,0,2,1,0
4637,1924145348984,0,3,1,0
4638,1374389535123,0,1,1,0
4638,61022895341982,0,2,1,0
4639,1649267442079,0,2,1,0
4638,1924145348985,0,3,1,0
4639,1374389535124,0,1,1,0
4640,1374389535129,0,1,1,0
4639,1649267442080,0,2,1,0
4640,6047313953189,0,2,1,0
4639,1924145348986,0,3,0,0
4640,1374389535130,0,1,1,0
4641,1374389535131,0,1,1,0
4640,4947802325414,0,2,1,0
4641,1649267442087,0,2,1,0
4640,1924145348986,0,3,0,0
4641,1924145348986,0,3,1,0
4641,1374389535132,0,1,1,0
4642,1374389535137,0,1,1,0
4641,1649267442088,0,2,1,0
4642,1649267442093,0,2,1,0
4641,1924145348987,0,3,1,0
4642,1924145348988,0,3,1,0
4642,1374389535138,0,1,1,0
4643,1374389535139,0,1,1,0
4642,1649267442094,0,2,1,0
4643,1649267442095,0,2,1,0
4642,1924145348989,0,3,1,0
4643,1374389535140,0,1,1,0
4644,1374389535145,0,1,1,0
4643,1649267442096,0,2,1,0
4644,1649267442101,0,2,1,0
4643,1924145348990,0,3,1,0
4644,1374389535146,0,1,1,0
4645,1374389535147,0,1,1,0
4644,1649267442102,0,2,1,0
4645,1649267442103,0,2,1,0
4644,1924145348991,0,3,1,0
4645,1374389535148,0,1,1,0
4646,1374389535153,0,1,1,0
4645,1649267442104,0,2,1,0
4646,1649267442105,0,2,1,0
4645,1924145348992,0,3,0,0
4646,1924145348992,0,3,1,0
4646,1374389535154,0,1,1,0
4647,1374389535155,0,1,1,0
4646,1649267442106,0,2,1,0
4646,1924145348993,0,3,1,0
4647,1924145348994,0,3,1,0
4647,1374389535156,0,1,0,0
4647,1649267442107,0,2,0,0
4647,1924145348995,0,3,1,0
4648,1924145348996,0,3,1,0
4648,1374389535156,0,1,0,0
4648,1649267442107,0,2,0,0
4648,1924145348997,0,3,1,0
4649,1924145348998,0,3,1,0
4649,1374389535156,0,1,0,0
4650,1374389535156,0,1,1,0
4649,1649267442107,0,2,0,0
4650,1649267442107,0,2,1,0
4649,1924145348999,0,3,1,0
4650,1374389535169,0,1,1,0
4650,1649267442108,0,2,1,0
4650,1924145349000,0,3,1,0
4651,1374389535170,0,1,1,0
4651,1649267442109,0,2,0,0
4651,1924145349001,0,3,1,0
4652,1374389535171,0,1,0,0
4652,1649267442109,0,2,0,0
4652,1924145349002,0,3,1,0
4653,1374389535171,0,1,0,0
4654,1374389535171,0,1,1,0
4653,1649267442109,0,2,0,0
4654,1649267442109,0,2,1,0
4653,1924145349003,0,3,1,0
4654,1374389535172,0,1,1,0
4655,1374389535177,0,1,1,0
4654,1649267442110,0,2,1,0
4654,1924145349004,0,3,1,0
4655,1374389535178,0,1,1,0
4655,1649267442111,0,2,0,0
4655,1924145349005,0,3,1,0
4656,1924145349006,0,3,1,0
4656,1374389535179,0,1,0,0
4656,1649267442111,0,2,0,0
4656,1924145349007,0,3,1,0
4657,1924145349008,0,3,1,0
4657,1374389535179,0,1,0,0
4658,1374389535179,0,1,1,0
4657,1649267442111,0,2,0,0
4658,1649267442111,0,2,1,0
4657,1924145349085,0,3,1,0
4658,1924145349086,0,3,1,0
4658,1374389535180,0,1,1,0
4659,1374389535185,0,1,1,0
4658,1649267442112,0,2,1,0
4658,1924145349087,0,3,1,0
4659,1924145349088,0,3,1,0
4659,1374389535186,0,1,1,0
4660,1374389535187,0,1,1,0
4659,1649267442117,0,2,0,0
4659,1924145349093,0,3,1,0
4660,1924145349094,0,3,1,0
4660,1374389535188,0,1,1,0
4661,1374389535193,0,1,1,0
4660,1649267442117,0,2,0,0
4660,1924145349095,0,3,1,0
4661,1374389535194,0,1,1,0
4662,1374389535195,0,1,1,0
4661,1649267442117,0,2,0,0
4662,1649267442117,0,2,1,0
4661,1924145349096,0,3,1,0
4662,1374389535196,0,1,0,0
4662,1649267442118,0,2,1,0
4662,1924145349097,0,3,1,0
4663,1374389535196,0,1,0,0
4664,1374389535196,0,1,1,0
4663,1649267442119,0,2,0,0
4663,1924145349098,0,3,1,0
4664,1924145349099,0,3,1,0
4664,1374389535201,0,1,1,0
4665,1374389535202,0,1,1,0
4664,1649267442119,0,2,0,0
4664,1924145349100,0,3,1,0
4665,1924145349101,0,3,1,0
4665,1374389535203,0,1,1,0
4666,1374389535204,0,1,1,0
4665,1649267442119,0,2,0,0
4666,1649267442119,0,2,1,0
4665,1924145349102,0,3,1,0
4666,1924145349103,0,3,1,0
4666,1374389535221,0,1,1,0
4667,1374389535222,0,1,1,0
4666,1649267442120,0,2,1,0
4666,1924145349104,0,3,1,0
4667,1924145349133,0,3,1,0
4667,1374389535223,0,1,1,0
4668,1374389535224,0,1,1,0
4667,1649267442125,0,2,0,0
4667,1924145349134,0,3,1,0
4668,1924145349135,0,3,1,0
4668,1374389535229,0,1,0,0
4668,1649267442125,0,2,0,0
4668,1924145349136,0,3,1,0
4669,1374389535229,0,1,0,0
4669,1649267442125,0,2,0,0
4670,1649267442125,0,2,1,0
4669,1924145349137,0,3,1,0
4670,1374389535229,0,1,0,0
4670,1649267442126,0,2,1,0
4670,1924145349138,0,3,1,0
4671,1374389535229,0,1,0,0
4671,1649267442127,0,2,1,0
4671,1924145349139,0,3,1,0
4672,1374389535229,0,1,1,0
4672,1649267442128,0,2,1,0
4672,1924145349140,0,3,1,0
4673,1374389535230,0,1,1,0
4673,1649267442133,0,2,1,0
4673,1924145349141,0,3,1,0
4674,1924145349142,0,3,1,0
4674,1374389535230,0,1,1,0
4674,1649267442134,0,2,1,0
4675,1649267442135,0,2,1,0
4674,1924145349143,0,3,1,0
4675,1374389535230,0,1,1,0
4675,1649267442136,0,2,1,0
4676,1649267442161,0,2,1,0
4676,1374389535230,0,1,1,0
4676,1649267442162,0,2,1,0
4677,1649267442163,0,2,1,0
4677,1374389535230,0,1,1,0
4677,1649267442164,0,2,1,0
4678,1374389535230,0,1,1,0
4678,1649267442169,0,2,0,0
4679,1374389535230,0,1,1,0
4679,1649267442169,0,2,0,0
4680,1649267442169,0,2,1,0
4680,1374389535230,0,1,1,0
4680,1649267442170,0,2,1,0
4681,1649267442171,0,2,1,0
4681,1374389535230,0,1,1,0
4681,1649267442172,0,2,1,0
4682,1374389535230,0,1,1,0
4683,1374389535230,0,1,1,0
4682,1649267442177,0,2,1,0
4683,1374389535231,0,1,1,0
4684,1374389535232,0,1,1,0
4683,1649267442178,0,2,0,0
4684,1374389535237,0,1,0,0
4684,1649267442178,0,2,0,0
4685,1649267442178,0,2,1,0
4685,1374389535237,0,1,0,0
4685,1649267442179,0,2,1,0
4686,1649267442180,0,2,1,0
4686,1374389535237,0,1,0,0
4686,1649267442185,0,2,1,0
4687,1374389535237,0,1,0,0
4688,1374389535237,0,1,1,0
4687,1649267442186,0,2,1,0
4688,1374389535238,0,1,1,0
4689,1374389535239,0,1,1,0
4688,1649267442187,0,2,1,0
4689,1374389535240,0,1,1,0
4689,1649267442188,0,2,0,0
4690,1649267442188,0,2,1,0
4690,1374389535257,0,1,0,0
4690,1649267442205,0,2,1,0
4691,1649267442206,0,2,1,0
4691,1374389535257,0,1,0,0
4691,1649267442207,0,2,1,0
4692,1649267442208,0,2,1,0
4692,1374389535257,0,1,0,0
4693,1374389535257,0,1,1,0
4692,1649267442213,0,2,1,0
4693,1649267442214,0,2,1,0
4693,1374389535258,0,1,1,0
4694,1374389535259,0,1,1,0
4693,1649267442215,0,2,1,0
4694,1374389535260,0,1,1,0
4695,1374389535265,0,1,1,0
4694,1649267442216,0,2,1,0
4695,1374389535266,0,1,1,0
4696,1374389535267,0,1,1,0
4695,1649267442221,0,2,1,0
4696,1374389535268,0,1,1,0
4697,1374389535273,0,1,1,0
4696,1649267442222,0,2,1,0
4697,1374389535274,0,1,1,0
4698,1374389535275,0,1,1,0
4697,1649267442223,0,2,1,0
4698,1374389535276,0,1,1,0
4699,1374389535281,0,1,1,0
4698,1649267442224,0,2,1,0
4699,1374389535282,0,1,1,0
4700,1374389535283,0,1,1,0
4699,1649267442229,0,2,1,0
4700,1649267442230,0,2,1,0
4700,1374389535284,0,1,1,0
4701,6871947674169,0,1,1,0
4700,1649267442231,0,2,1,0
4701,1649267442232,0,2,1,0
4701,1374389535290,0,1,1,0
4701,1649267442256,0,2,1,0
4702,1649267442257,0,2,1,0
4702,1374389535291,0,1,1,0
4703,1374389535292,0,1,1,0
4702,1649267442258,0,2,1,0
4703,1649267442259,0,2,1,0
4703,1374389535293,0,1,0,0
4703,1649267442262,0,2,1,0
4704,1649267442263,0,2,1,0
4704,1374389535293,0,1,0,0
4704,1649267442264,0,2,1,0
4705,1374389535293,0,1,0,0
4706,1374389535293,0,1,1,0
4705,1649267442265,0,2,1,0
4706,1374389535294,0,1,0,0
4707,1374389535294,0,1,1,0
4706,1649267442266,0,2,1,0
4707,1374389535295,0,1,1,0
4708,1374389535296,0,1,1,0
4707,1649267442267,0,2,1,0
4708,1649267442268,0,2,1,0
4708,1374389535297,0,1,1,0
4709,1374389535298,0,1,1,0
4708,1649267442269,0,2,1,0
4709,1649267442270,0,2,1,0
4709,1374389535299,0,1,1,0
4709,1649267442271,0,2,1,0
4710,1649267442272,0,2,1,0
4710,1374389535300,0,1,0,0
4710,1649267442273,0,2,1,0
4711,1649267442274,0,2,1,0
4711,1374389535300,0,1,0,0
4711,1649267442275,0,2,1,0
4712,1649267442276,0,2,1,0
4712,1374389535300,0,1,0,0
4713,1374389535300,0,1,1,0
4712,1649267442277,0,2,1,0
4713,1374389535301,0,1,0,0
4713,1649267442278,0,2,1,0
4714,1374389535301,0,1,0,0
4714,1649267442279,0,2,1,0
4715,1374389535301,0,1,0,0
4715,1649267442280,0,2,1,0
4716,1374389535301,0,1,0,0
4716,1649267442281,0,2,1,0
4717,1374389535301,0,1,0,0
4717,1649267442282,0,2,1,0
4718,1649267442283,0,2,1,0
4718,1374389535301,0,1,0,0
4718,1649267442284,0,2,1,0
4719,1374389535301,0,1,0,0
4720,1374389535301,0,1,0,0
4721,1374389535301,0,1,0,0
4722,1374389535301,0,1,0,0
4723,1374389535301,0,1,0,0
4724,1374389535301,0,1,0,0
4725,1374389535301,0,1,0,0
4726,1374389535301,0,1,0,0
4727,1374389535301,0,1,0,0
4728,1374389535301,0,1,0,0
4729,1374389535301,0,1,0,0
4730,1374389535301,0,1,0,0
4731,1374389535301,0,1,0,0
4732,1374389535301,0,1,0,0
4733,1374389535301,0,1,0,0
4734,1374389535301,0,1,0,0
4735,1374389535301,0,1,0,0
4736,1374389535301,0,1,0,0
4737,1374389535301,0,1,0,0
4738,1374389535301,0,1,0,0
4739,1374389535301,0,1,0,0
4740,1374389535301,0,1,0,0
4741,1374389535301,0,1,0,0
4742,1374389535301,0,1,0,0
4743,1374389535301,0,1,0,0
4744,1374389535301,0,1,0,0
4745,1374389535301,0,1,0,0
4746,1374389535301,0,1,0,0
4747,1374389535301,0,1,0,0
4748,1374389535301,0,1,0,0
4749,1374389535301,0,1,0,0
4750,1374389535301,0,1,0,0
4751,1374389535301,0,1,0,0
4752,1374389535301,0,1,0,0
4753,1374389535301,0,1,0,0
4754,1374389535301,0,1,0,0
4755,1374389535301,0,1,0,0
4756,1374389535301,0,1,0,0
4757,1374389535301,0,1,0,0
4758,1374389535301,0,1,0,0
4759,1374389535301,0,1,0,0
4760,1374389535301,0,1,0,0
4761,1374389535301,0,1,0,0
4762,1374389535301,0,1,0,0
4763,1374389535301,0,1,0,0
4764,1374389535301,0,1,0,0
4765,1374389535301,0,1,0,0
4766,1374389535301,0,1,0,0
4767,1374389535301,0,1,0,0
4768,1374389535301,0,1,0,0
4769,1374389535301,0,1,0,0
4770,1374389535301,0,1,0,0
4771,1374389535301,0,1,0,0
4772,1374389535301,0,1,0,0
4773,1374389535301,0,1,0,0
4774,1374389535301,0,1,0,0
4775,1374389535301,0,1,0,0
4776,1374389535301,0,1,0,0
4777,1374389535301,0,1,0,0
4778,1374389535301,0,1,0,0
4779,1374389535301,0,1,0,0
4780,1374389535301,0,1,0,0
4781,1374389535301,0,1,0,0
4782,1374389535301,0,1,0,0
4783,1374389535301,0,1,0,0
4784,1374389535301,0,1,0,0
4785,1374389535301,0,1,0,0
4786,1374389535301,0,1,0,0
4787,1374389535301,0,1,0,0
4788,1374389535301,0,1,0,0
4789,1374389535301,0,1,0,0
4790,1374389535301,0,1,0,0
4791,1374389535301,0,1,0,0
4792,1374389535301,0,1,0,0
4793,1374389535301,0,1,0,0
4794,1374389535301,0,1,0,0
4795,1374389535301,0,1,0,0
4796,1374389535301,0,1,0,0
4797,1374389535301,0,1,0,0
4798,1374389535301,0,1,0,0
4799,1374389535301,0,1,0,0
4800,1374389535301,0,1,0,0
4801,1374389535301,0,1,0,0
4802,1374389535301,0,1,0,0
4803,1374389535301,0,1,0,0
4804,1374389535301,0,1,0,0
4805,1374389535301,0,1,0,0
4806,1374389535301,0,1,0,0
4807,1374389535301,0,1,0,0
4808,1374389535301,0,1,0,0
4809,1374389535301,0,1,0,0
4810,1374389535301,0,1,0,0
4811,1374389535301,0,1,0,0
4812,1374389535301,0,1,0,0
4813,1374389535301,0,1,0,0
4814,1374389535301,0,1,0,0
4815,1374389535301,0,1,0,0
4816,1374389535301,0,1,0,0
4817,1374389535301,0,1,0,0
4818,1374389535301,0,1,0,0
4819,1374389535301,0,1,0,0
4820,1374389535301,0,1,0,0
4821,1374389535301,0,1,0,0
4822,1374389535301,0,1,0,0
4823,1374389535301,0,1,0,0
4824,1374389535301,0,1,0,0
4825,1374389535301,0,1,0,0
4826,1374389535301,0,1,0,0
4827,1374389535301,0,1,0,0
4828,1374389535301,0,1,0,0
4829,1374389535301,0,1,0,0
4830,1374389535301,0,1,0,0
4831,1374389535301,0,1,0,0
4832,1374389535301,0,1,0,0
4833,1374389535301,0,1,0,0
4834,1374389535301,0,1,0,0
4835,1374389535301,0,1,0,0
4836,1374389535301,0,1,0,0
4837,1374389535301,0,1,0,0
4838,1374389535301,0,1,0,0
4839,1374389535301,0,1,0,0
4840,1374389535301,0,1,0,0
4841,1374389535301,0,1,0,0
4842,1374389535301,0,1,0,0
4843,1374389535301,0,1,0,0
4844,1374389535301,0,1,0,0
4845,1374389535301,0,1,0,0
4846,1374389535301,0,1,0,0
4847,1374389535301,0,1,0,0
4848,1374389535301,0,1,0,0
4849,1374389535301,0,1,0,0
4850,1374389535301,0,1,0,0
4851,1374389535301,0,1,0,0
4852,1374389535301,0,1,0,0
4853,1374389535301,0,1,0,0
4854,1374389535301,0,1,0,0
4855,1374389535301,0,1,0,0
4856,1374389535301,0,1,0,0
4857,1374389535301,0,1,0,0
4858,1374389535301,0,1,0,0
4859,1374389535301,0,1,0,0
4860,1374389535301,0,1,0,0
4861,1374389535301,0,1,0,0
4862,1374389535301,0,1,0,0
4863,1374389535301,0,1,0,0
4864,1374389535301,0,1,0,0
4865,1374389535301,0,1,0,0
4866,1374389535301,0,1,0,0
4867,1374389535301,0,1,0,0
4868,1374389535301,0,1,0,0
4869,1374389535301,0,1,0,0
4870,1374389535301,0,1,0,0
4871,1374389535301,0,1,0,0
4872,1374389535301,0,1,0,0
4873,1374389535301,0,1,0,0
4874,1374389535301,0,1,0,0
4875,1374389535301,0,1,0,0
4876,1374389535301,0,1,0,0
4877,1374389535301,0,1,0,0
4878,1374389535301,0,1,0,0
4879,1374389535301,0,1,0,0
4880,1374389535301,0,1,0,0
4881,1374389535301,0,1,0,0
4882,1374389535301,0,1,0,0
4883,1374389535301,0,1,0,0
4884,1374389535301,0,1,0,0
4885,1374389535301,0,1,0,0
4886,1374389535301,0,1,0,0
4887,1374389535301,0,1,0,0
4888,1374389535301,0,1,0,0
4889,1374389535301,0,1,0,0
4890,1374389535301,0,1,0,0
4891,1374389535301,0,1,0,0
4892,1374389535301,0,1,0,0
4893,1374389535301,0,1,0,0
4894,1374389535301,0,1,0,0
4895,1374389535301,0,1,0,0
4896,1374389535301,0,1,0,0
4897,1374389535301,0,1,0,0
4898,1374389535301,0,1,0,0
4899,1374389535301,0,1,0,0
4900,1374389535301,0,1,0,0
4901,1374389535301,0,1,0,0
4902,1374389535301,0,1,0,0
4903,1374389535301,0,1,0,0
4904,1374389535301,0,1,0,0
4905,1374389535301,0,1,0,0
4906,1374389535301,0,1,0,0
4907,1374389535301,0,1,0,0
4908,1374389535301,0,1,0,0
4909,1374389535301,0,1,0,0
4910,1374389535301,0,1,0,0
4911,1374389535301,0,1,0,0
4912,1374389535301,0,1,0,0
4913,1374389535301,0,1,0,0
4914,1374389535301,0,1,0,0
4915,1374389535301,0,1,0,0
4916,1374389535301,0,1,0,0
4917,1374389535301,0,1,0,0
4918,1374389535301,0,1,0,0
4919,1374389535301,0,1,0,0
4920,1374389535301,0,1,0,0
4921,1374389535301,0,1,0,0
4922,1374389535301,0,1,0,0
4923,1374389535301,0,1,0,0
4924,1374389535301,0,1,0,0
4925,1374389535301,0,1,0,0
4926,1374389535301,0,1,0,0
4927,1374389535301,0,1,0,0
4928,1374389535301,0,1,0,0
4929,1374389535301,0,1,0,0
4930,1374389535301,0,1,0,0
4931,1374389535301,0,1,0,0
4932,1374389535301,0,1,0,0
4933,1374389535301,0,1,0,0
4934,1374389535301,0,1,0,0
4935,1374389535301,0,1,0,0
4936,1374389535301,0,1,0,0
4937,1374389535301,0,1,0,0
4938,1374389535301,0,1,0,0
4939,1374389535301,0,1,0,0
4940,1374389535301,0,1,0,0
4941,1374389535301,0,1,0,0
4942,1374389535301,0,1,0,0
4943,1374389535301,0,1,0,0
4944,1374389535301,0,1,0,0
4945,1374389535301,0,1,0,0
4946,1374389535301,0,1,0,0
4947,1374389535301,0,1,0,0
4948,1374389535301,0,1,0,0
4949,1374389535301,0,1,0,0
4950,1374389535301,0,1,0,0
4951,1374389535301,0,1,0,0
4952,1374389535301,0,1,0,0
4953,1374389535301,0,1,0,0
4954,1374389535301,0,1,0,0
4955,1374389535301,0,1,0,0
4956,1374389535301,0,1,0,0
4957,1374389535301,0,1,0,0
4958,1374389535301,0,1,0,0
4959,1374389535301,0,1,0,0
4960,1374389535301,0,1,0,0
4961,1374389535301,0,1,0,0
4962,1374389535301,0,1,0,0
4963,1374389535301,0,1,0,0
4964,1374389535301,0,1,0,0
4965,1374389535301,0,1,0,0
4966,1374389535301,0,1,0,0
4967,1374389535301,0,1,0,0
4968,1374389535301,0,1,0,0
4969,1374389535301,0,1,0,0
4970,1374389535301,0,1,0,0
4971,1374389535301,0,1,0,0
4972,1374389535301,0,1,0,0
4973,1374389535301,0,1,0,0
4974,1374389535301,0,1,0,0
4975,1374389535301,0,1,0,0
4976,1374389535301,0,1,0,0
4977,1374389535301,0,1,0,0
4978,1374389535301,0,1,0,0
4979,1374389535301,0,1,0,0
4980,1374389535301,0,1,0,0
4981,1374389535301,0,1,0,0
4982,1374389535301,0,1,0,0
4983,1374389535301,0,1,0,0
4984,1374389535301,0,1,0,0
4985,1374389535301,0,1,0,0
4986,1374389535301,0,1,0,0
4987,1374389535301,0,1,0,0
4988,1374389535301,0,1,0,0
4989,1374389535301,0,1,0,0
4990,1374389535301,0,1,0,0
4991,1374389535301,0,1,0,0
4992,1374389535301,0,1,0,0
4993,1374389535301,0,1,0,0
4994,1374389535301,0,1,0,0
4995,1374389535301,0,1,0,0
4996,1374389535301,0,1,0,0
4997,1374389535301,0,1,0,0
4998,1374389535301,0,1,0,0
4999,1374389535301,0,1,0,0
5000,1374389535301,0,1,0,0
5001,1374389535301,0,1,0,0
5002,1374389535301,0,1,0,0
5003,1374389535301,0,1,0,0
5004,1374389535301,0,1,0,0
5005,1374389535301,0,1,0,0
5006,1374389535301,0,1,0,0
5007,1374389535301,0,1,0,0
5008,1374389535301,0,1,0,0
5009,1374389535301,0,1,0,0
5010,1374389535301,0,1,0,0
5011,1374389535301,0,1,0,0
5012,1374389535301,0,1,0,0
5013,1374389535301,0,1,0,0
5014,1374389535301,0,1,0,0
5015,1374389535301,0,1,0,0
5016,1374389535301,0,1,0,0
5017,1374389535301,0,1,0,0
5018,1374389535301,0,1,0,0
5019,1374389535301,0,1,0,0
5020,1374389535301,0,1,0,0
5021,1374389535301,0,1,0,0
5022,1374389535301,0,1,0,0
5023,1374389535301,0,1,0,0
5024,1374389535301,0,1,0,0
5025,1374389535301,0,1,0,0
5026,1374389535301,0,1,0,0
5027,1374389535301,0,1,0,0
5028,1374389535301,0,1,0,0
5029,1374389535301,0,1,0,0
5030,1374389535301,0,1,0,0
5031,1374389535301,0,1,0,0
5032,1374389535301,0,1,0,0
5033,1374389535301,0,1,0,0
5034,1374389535301,0,1,0,0
5035,1374389535301,0,1,0,0
4675,1924145349144,0,3,1,0
5036,1924145349263,0,3,1,0
5036,1374389535301,0,1,0,0
5036,1924145349264,0,3,1,0
5037,1924145349265,0,3,1,0
5037,1374389535301,0,1,0,0
5037,1924145349266,0,3,0,0
5038,1374389535301,0,1,0,0
5038,1924145349266,0,3,0,0
5039,1374389535301,0,1,0,0
5039,1924145349266,0,3,0,0
5040,1374389535301,0,1,0,0
5040,1924145349266,0,3,0,0
5041,1924145349266,0,3,1,0
5041,1374389535301,0,1,0,0
5041,1924145349267,0,3,1,0
5042,1924145349268,0,3,1,0
5042,1374389535301,0,1,0,0
5042,1924145349269,0,3,1,0
5043,1374389535301,0,1,0,0
5043,1924145349270,0,3,1,0
5044,1374389535301,0,1,0,0
5044,1924145349271,0,3,1,0
5045,1374389535301,0,1,0,0
5045,1924145349272,0,3,1,0
5046,1374389535301,0,1,0,0
5046,1924145349273,0,3,1,0
5047,1374389535301,0,1,0,0
5047,1924145349274,0,3,1,0
5048,1924145349275,0,3,1,0
5048,1374389535301,0,1,0,0
5048,1924145349276,0,3,1,0
5049,1374389535301,0,1,0,0
5049,1924145349277,0,3,1,0
5050,1374389535301,0,1,0,0
5050,1924145349278,0,3,1,0
5051,1924145349279,0,3,1,0
5051,1374389535301,0,1,0,0
5051,1924145349280,0,3,1,0
5052,1924145349281,0,3,1,0
5052,1374389535301,0,1,0,0
5052,1924145349282,0,3,1,0
5053,1924145349283,0,3,1,0
5053,1374389535301,0,1,0,0
5053,1924145349284,0,3,1,0
5054,1924145349285,0,3,1,0
5054,1374389535301,0,1,0,0
5054,1924145349286,0,3,1,0
5055,1924145349287,0,3,1,0
5055,1374389535301,0,1,0,0
5055,1924145349288,0,3,1,0
5056,1924145349289,0,3,1,0
5056,1374389535301,0,1,0,0
5056,1924145349290,0,3,1,0
5057,1924145349291,0,3,1,0
5057,1374389535301,0,1,0,0
5057,1924145349292,0,3,1,0
5058,1924145349293,0,3,1,0
5058,1374389535301,0,1,0,0
5058,1924145349294,0,3,1,0
5059,1924145349295,0,3,1,0
5059,1374389535301,0,1,0,0
5060,1374389535301,0,1,1,0
5059,1924145349296,0,3,1,0
5060,1924145349297,0,3,1,0
5060,1924145349298,0,3,1,0
5061,1924145349299,0,3,1,0
5061,1924145349300,0,3,1,0
5062,1924145349301,0,3,1,0
5063,1924145349302,0,3,1,0
5064,1924145349303,0,3,1,0
5064,1924145349304,0,3,0,0
5060,6871947674182,0,1,1,0
5066,1374389535446,0,1,1,0
5065,1924145349304,0,3,0,0
5066,1374389535447,0,1,1,0
5066,1924145349304,0,3,0,0
5067,1374389535451,0,1,0,0
5067,1924145349304,0,3,0,0
5068,1374389535451,0,1,0,0
5068,1924145349304,0,3,0,0
5069,1374389535451,0,1,0,0
5070,1374389535451,0,1,1,0
5069,1924145349304,0,3,0,0
5070,1374389535452,0,1,0,0
5070,1924145349304,0,3,0,0
5071,1374389535452,0,1,0,0
5071,1924145349304,0,3,0,0
5072,1374389535452,0,1,0,0
5073,1374389535452,0,1,1,0
5072,1924145349304,0,3,0,0
5073,6871947674333,0,1,1,0
5073,1924145349304,0,3,0,0
5074,1374389535461,0,1,1,0
5075,1374389535462,0,1,1,0
5074,1924145349304,0,3,0,0
5075,1374389535463,0,1,1,0
5075,1924145349304,0,3,0,0
5076,1374389535464,0,1,0,0
5076,1924145349304,0,3,0,0
5077,1374389535464,0,1,0,0
5078,1374389535464,0,1,1,0
5077,1924145349304,0,3,0,0
5078,1374389535465,0,1,0,0
5078,1924145349304,0,3,0,0
5079,1374389535465,0,1,1,0
5080,1374389535466,0,1,1,0
5079,1924145349304,0,3,0,0
5080,1374389535467,0,1,1,0
5081,1374389535468,0,1,1,0
5080,1924145349304,0,3,0,0
5081,1374389535469,0,1,1,0
5082,1374389535470,0,1,1,0
5081,1924145349304,0,3,0,0
5082,1374389535471,0,1,1,0
5082,1924145349304,0,3,0,0
5083,1374389535472,0,1,0,0
4719,1649267442285,0,2,1,0
5084,1649267442453,0,2,1,0
5083,1924145349304,0,3,0,0
5084,1374389535472,0,1,0,0
5085,1374389535472,0,1,1,0
5084,1649267442454,0,2,1,0
5085,1649267442455,0,2,1,0
5084,1924145349304,0,3,0,0
5085,1374389535473,0,1,1,0
5086,1374389535474,0,1,1,0
5085,1649267442456,0,2,0,0
5085,1924145349304,0,3,0,0
5086,1374389535475,0,1,0,0
5086,1649267442456,0,2,0,0
5086,1924145349304,0,3,0,0
5087,1374389535475,0,1,0,0
5087,1649267442456,0,2,0,0
5087,1924145349304,0,3,0,0
5088,1374389535475,0,1,0,0
5088,1649267442456,0,2,0,0
5089,1649267442456,0,2,1,0
5088,1924145349304,0,3,0,0
5089,1374389535475,0,1,0,0
5090,1374389535475,0,1,1,0
5089,1649267442461,0,2,1,0
5090,1649267442462,0,2,1,0
5089,1924145349304,0,3,0,0
5090,1374389535476,0,1,1,0
5090,1649267442463,0,2,1,0
5090,1924145349304,0,3,0,0
5091,1374389535477,0,1,1,0
5091,1649267442464,0,2,1,0
5091,1924145349304,0,3,0,0
5092,1374389535478,0,1,0,0
5092,1649267442465,0,2,1,0
5092,1924145349304,0,3,0,0
5093,1374389535478,0,1,0,0
5093,1649267442466,0,2,1,0
5093,1924145349304,0,3,0,0
5094,1374389535478,0,1,0,0
5095,1374389535478,0,1,1,0
5094,1649267442467,0,2,1,0
5094,1924145349304,0,3,0,0
5095,1374389535479,0,1,0,0
5095,1649267442468,0,2,1,0
5096,1649267442469,0,2,1,0
5095,1924145349304,0,3,0,0
5096,1374389535479,0,1,0,0
5096,1649267442470,0,2,1,0
5096,1924145349304,0,3,0,0
5097,1374389535479,0,1,0,0
5098,1374389535479,0,1,1,0
5097,1649267442471,0,2,1,0
5097,1924145349304,0,3,0,0
5098,1374389535480,0,1,0,0
5099,1374389535480,0,1,1,0
5098,1649267442472,0,2,1,0
5099,1649267442473,0,2,1,0
5098,1924145349304,0,3,0,0
5099,1374389535481,0,1,0,0
5099,1649267442474,0,2,1,0
5100,1649267442475,0,2,1,0
5099,1924145349304,0,3,0,0
5100,1374389535481,0,1,1,0
5101,1374389535482,0,1,1,0
5100,1649267442476,0,2,1,0
5101,1649267442477,0,2,1,0
5100,1924145349304,0,3,0,0
5101,1374389535483,0,1,1,0
5101,1649267442478,0,2,1,0
5102,1649267442479,0,2,1,0
5101,1924145349304,0,3,0,0
5102,1374389535484,0,1,0,0
5102,1649267442480,0,2,1,0
5103,1649267442481,0,2,1,0
5102,1924145349304,0,3,0,0
5103,1374389535484,0,1,0,0
5103,1649267442482,0,2,1,0
5104,1649267442483,0,2,1,0
5103,1924145349304,0,3,0,0
5104,1374389535484,0,1,0,0
5105,1374389535484,0,1,1,0
5104,1649267442484,0,2,1,0
5105,1649267442485,0,2,1,0
5104,1924145349304,0,3,0,0
5105,1374389535485,0,1,0,0
5105,1649267442486,0,2,1,0
5106,1649267442487,0,2,1,0
5105,1924145349304,0,3,0,0
5106,1374389535485,0,1,0,0
5106,1649267442488,0,2,1,0
5107,1649267442489,0,2,1,0
5106,1924145349304,0,3,0,0
5107,1374389535485,0,1,0,0
5107,1649267442490,0,2,1,0
5108,1649267442491,0,2,1,0
5107,1924145349304,0,3,0,0
5108,1374389535485,0,1,0,0
5109,1374389535485,0,1,1,0
5108,1649267442492,0,2,1,0
5109,1649267442497,0,2,1,0
5108,1924145349304,0,3,0,0
5109,1374389535486,0,1,1,0
5110,1374389535487,0,1,1,0
5109,1649267442498,0,2,1,0
5109,1924145349304,0,3,0,0
5110,1374389535488,0,1,1,0
5110,1649267442499,0,2,1,0
5110,1924145349304,0,3,0,0
5111,1374389535489,0,1,1,0
5111,1649267442500,0,2,1,0
5112,1649267442504,0,2,1,0
5111,1924145349304,0,3,0,0
5112,1374389535490,0,1,1,0
5113,1374389535491,0,1,1,0
5112,1649267442505,0,2,0,0
5112,1924145349304,0,3,0,0
5113,1374389535492,0,1,0,0
5114,1374389535492,0,1,1,0
5113,1649267442505,0,2,0,0
5113,1924145349304,0,3,0,0
5114,1374389535493,0,1,0,0
5114,1649267442505,0,2,0,0
5114,1924145349304,0,3,0,0
5115,1374389535493,0,1,1,0
5115,1649267442505,0,2,0,0
5115,1924145349304,0,3,0,0
5116,1374389535494,0,1,0,0
5117,1374389535494,0,1,1,0
5116,1649267442505,0,2,0,0
5116,1924145349304,0,3,0,0
5117,1374389535495,0,1,0,0
5117,1649267442505,0,2,0,0
5117,1924145349304,0,3,0,0
5118,1374389535495,0,1,0,0
5118,1649267442505,0,2,0,0
5118,1924145349304,0,3,0,0
5119,1374389535495,0,1,0,0
5120,1374389535495,0,1,1,0
5119,1649267442505,0,2,0,0
5119,1924145349304,0,3,0,0
5120,1649267442505,0,2,0,0
5120,1924145349304,0,3,0,0
5121,1649267442505,0,2,0,0
5121,1924145349304,0,3,0,0
5122,1649267442505,0,2,0,0
5122,1924145349304,0,3,0,0
5123,1649267442505,0,2,0,0
5123,1924145349304,0,3,0,0
5124,1649267442505,0,2,0,0
5124,1924145349304,0,3,0,0
5120,6871947674376,0,1,1,0
5126,1374389535623,0,1,1,0
5125,1649267442505,0,2,0,0
5125,1924145349304,0,3,0,0
5126,1374389535624,0,1,1,0
5126,1649267442505,0,2,0,0
5126,1924145349304,0,3,0,0
5127,1374389535625,0,1,0,0
5127,1649267442505,0,2,0,0
5127,1924145349304,0,3,0,0
5128,1374389535625,0,1,0,0
5128,1649267442505,0,2,0,0
5128,1924145349304,0,3,0,0
5129,1374389535625,0,1,0,0
5129,1649267442505,0,2,0,0
5129,1924145349304,0,3,0,0
5130,1374389535625,0,1,0,0
5131,1374389535625,0,1,1,0
5130,1649267442505,0,2,0,0
5130,1924145349304,0,3,0,0
5131,1374389535626,0,1,0,0
5131,1649267442505,0,2,0,0
5131,1924145349304,0,3,0,0
5132,1374389535626,0,1,0,0
5132,1649267442505,0,2,0,0
5132,1924145349304,0,3,0,0
5133,1374389535626,0,1,0,0
5133,1649267442505,0,2,0,0
5133,1924145349304,0,3,0,0
5134,1374389535626,0,1,0,0
5135,1374389535626,0,1,1,0
5134,1649267442505,0,2,0,0
5134,1924145349304,0,3,0,0
5135,1374389535627,0,1,0,0
5135,1649267442505,0,2,0,0
5135,1924145349304,0,3,0,0
5136,1374389535627,0,1,1,0
5136,1649267442505,0,2,0,0
5136,1924145349304,0,3,0,0
5137,1374389535628,0,1,1,0
5137,1649267442505,0,2,0,0
5137,1924145349304,0,3,0,0
5138,1374389535629,0,1,1,0
5138,1649267442505,0,2,0,0
5138,1924145349304,0,3,0,0
5139,1374389535630,0,1,1,0
5140,1374389535631,0,1,1,0
5139,1649267442505,0,2,0,0
5139,1924145349304,0,3,0,0
5140,1374389535632,0,1,0,0
5140,1649267442505,0,2,0,0
5140,1924145349304,0,3,0,0
5141,1374389535632,0,1,0,0
5142,1374389535632,0,1,1,0
5141,1649267442505,0,2,0,0
5141,1924145349304,0,3,0,0
5142,1374389535633,0,1,1,0
5143,1374389535634,0,1,1,0
5142,1649267442505,0,2,0,0
5142,1924145349304,0,3,0,0
5143,1374389535635,0,1,1,0
5144,1374389535636,0,1,1,0
5143,1649267442505,0,2,0,0
5143,1924145349304,0,3,0,0
5144,1374389535637,0,1,1,0
5144,1649267442505,0,2,0,0
5144,1924145349304,0,3,0,0
5145,1374389535638,0,1,1,0
5145,1649267442505,0,2,0,0
5145,1924145349304,0,3,0,0
5146,1374389535639,0,1,1,0
5146,1649267442505,0,2,0,0
5146,1924145349304,0,3,0,0
5147,1374389535640,0,1,1,0
5148,1374389535641,0,1,1,0
5147,1649267442505,0,2,0,0
5147,1924145349304,0,3,0,0
5148,1374389535642,0,1,0,0
5148,1649267442505,0,2,0,0
5148,1924145349304,0,3,0,0
5149,1374389535642,0,1,0,0
5150,1374389535642,0,1,1,0
5149,1649267442505,0,2,0,0
5149,1924145349304,0,3,0,0
5150,1374389535643,0,1,0,0
5151,1374389535643,0,1,1,0
5150,1649267442505,0,2,0,0
5150,1924145349304,0,3,0,0
5151,1374389535644,0,1,1,0
5152,1374389535645,0,1,1,0
5151,1649267442505,0,2,0,0
5151,1924145349304,0,3,0,0
5152,1374389535646,0,1,1,0
5153,1374389535647,0,1,1,0
5152,1649267442505,0,2,0,0
5152,1924145349304,0,3,0,0
5153,1374389535648,0,1,1,0
5153,1649267442505,0,2,0,0
5153,1924145349304,0,3,0,0
5154,1374389535649,0,1,0,0
5154,1649267442505,0,2,0,0
5154,1924145349304,0,3,0,0
5155,1374389535649,0,1,0,0
5155,1649267442505,0,2,0,0
5155,1924145349304,0,3,0,0
5156,1374389535649,0,1,0,0
5157,1374389535649,0,1,1,0
5156,1649267442505,0,2,0,0
5156,1924145349304,0,3,0,0
5157,1374389535650,0,1,0,0
5157,1649267442505,0,2,0,0
5157,1924145349304,0,3,0,0
5158,1374389535650,0,1,0,0
5158,1649267442505,0,2,0,0
5158,1924145349304,0,3,0,0
5159,1374389535650,0,1,0,0
5160,1374389535650,0,1,1,0
5159,1649267442505,0,2,0,0
5159,1924145349304,0,3,0,0
5160,1649267442505,0,2,0,0
5160,1924145349304,0,3,0,0
5161,1649267442505,0,2,0,0
5161,1924145349304,0,3,0,0
5162,1649267442505,0,2,0,0
5162,1924145349304,0,3,0,0
5163,1649267442505,0,2,0,0
5163,1924145349304,0,3,0,0
5164,1649267442505,0,2,0,0
5164,1924145349304,0,3,0,0
5160,6871947674531,0,1,1,0
5166,1374389535696,0,1,1,0
5165,1649267442505,0,2,0,0
5165,1924145349304,0,3,0,0
5166,1374389535697,0,1,1,0
5166,1649267442505,0,2,0,0
5166,1924145349304,0,3,0,0
5167,1374389535698,0,1,0,0
5167,1649267442505,0,2,0,0
5167,1924145349304,0,3,0,0
5168,1374389535698,0,1,0,0
5168,1649267442505,0,2,0,0
5168,1924145349304,0,3,0,0
5169,1374389535698,0,1,0,0
5170,1374389535698,0,1,1,0
5169,1649267442505,0,2,0,0
5169,1924145349304,0,3,0,0
5170,1374389535699,0,1,0,0
5170,1649267442505,0,2,0,0
5170,1924145349304,0,3,0,0
5171,1374389535699,0,1,0,0
5171,1649267442505,0,2,0,0
5171,1924145349304,0,3,0,0
5172,1374389535699,0,1,0,0
5173,1374389535699,0,1,1,0
5172,1649267442505,0,2,0,0
5172,1924145349304,0,3,0,0
5173,6871947674580,0,1,1,0
5173,1649267442505,0,2,0,0
5173,1924145349304,0,3,0,0
5174,1374389535701,0,1,0,0
5174,1649267442505,0,2,0,0
5174,1924145349304,0,3,0,0
5175,1374389535701,0,1,1,0
5176,1374389535702,0,1,1,0
5175,1649267442505,0,2,0,0
5175,1924145349304,0,3,0,0
5176,1374389535703,0,1,1,0
5176,1649267442505,0,2,0,0
5176,1924145349304,0,3,0,0
5177,1374389535704,0,1,0,0
5177,1649267442505,0,2,0,0
5177,1924145349304,0,3,0,0
5178,1374389535704,0,1,0,0
5179,1374389535704,0,1,1,0
5178,1649267442505,0,2,0,0
5178,1924145349304,0,3,0,0
5179,1374389535705,0,1,0,0
5179,1649267442505,0,2,0,0
5179,1924145349304,0,3,0,0
5180,1374389535705,0,1,1,0
5181,1374389535706,0,1,1,0
5180,1649267442505,0,2,0,0
5180,1924145349304,0,3,0,0
5181,1374389535707,0,1,1,0
5182,1374389535708,0,1,1,0
5181,1649267442505,0,2,0,0
5181,1924145349304,0,3,0,0
5182,1374389535709,0,1,1,0
5183,1374389535710,0,1,1,0
5182,1649267442505,0,2,0,0
5182,1924145349304,0,3,0,0
5183,1374389535711,0,1,1,0
5183,1649267442505,0,2,0,0
5183,1924145349304,0,3,0,0
5184,1374389535712,0,1,0,0
5184,1649267442505,0,2,0,0
5184,1924145349304,0,3,0,0
5185,1374389535712,0,1,0,0
5186,1374389535712,0,1,1,0
5185,1649267442505,0,2,0,0
5185,1924145349304,0,3,0,0
5186,1374389535713,0,1,1,0
5187,1374389535714,0,1,1,0
5186,1649267442505,0,2,0,0
5186,1924145349304,0,3,0,0
5187,1374389535715,0,1,0,0
5187,1649267442505,0,2,0,0
5187,1924145349304,0,3,0,0
5188,1374389535715,0,1,0,0
5188,1649267442505,0,2,0,0
5188,1924145349304,0,3,0,0
5189,1374389535715,0,1,0,0
5189,1649267442505,0,2,0,0
5189,1924145349304,0,3,0,0
5190,1374389535715,0,1,0,0
5191,1374389535715,0,1,1,0
5190,1649267442505,0,2,0,0
5190,1924145349304,0,3,0,0
5191,1374389535716,0,1,1,0
5191,1649267442505,0,2,0,0
5191,1924145349304,0,3,0,0
5192,1374389535717,0,1,1,0
5192,1649267442505,0,2,0,0
5192,1924145349304,0,3,0,0
5193,1374389535718,0,1,0,0
5193,1649267442505,0,2,0,0
5193,1924145349304,0,3,0,0
5194,1374389535718,0,1,0,0
5195,1374389535718,0,1,1,0
5194,1649267442505,0,2,0,0
5194,1924145349304,0,3,0,0
5195,1374389535719,0,1,0,0
5195,1649267442505,0,2,0,0
5195,1924145349304,0,3,0,0
5196,1374389535719,0,1,0,0
5196,1649267442505,0,2,0,0
5196,1924145349304,0,3,0,0
5197,1374389535719,0,1,0,0
5198,1374389535719,0,1,1,0
5197,1649267442505,0,2,0,0
5197,1924145349304,0,3,0,0
5198,1374389535720,0,1,0,0
5199,1374389535720,0,1,1,0
5198,1649267442505,0,2,0,0
5198,1924145349304,0,3,0,0
5199,1374389535721,0,1,0,0
5199,1649267442505,0,2,0,0
5199,1924145349304,0,3,0,0
5200,1374389535721,0,1,1,0
5200,1649267442505,0,2,0,0
5200,1924145349304,0,3,0,0
5201,1374389535722,0,1,1,0
5201,1649267442505,0,2,0,0
5201,1924145349304,0,3,0,0
5202,1374389535723,0,1,1,0
5203,1374389535724,0,1,1,0
5202,1649267442505,0,2,0,0
5202,1924145349304,0,3,0,0
5203,1374389535725,0,1,0,0
5203,1649267442505,0,2,0,0
5203,1924145349304,0,3,0,0
5204,1374389535725,0,1,0,0
5204,1649267442505,0,2,0,0
5204,1924145349304,0,3,0,0
5205,1374389535725,0,1,0,0
5206,1374389535725,0,1,1,0
5205,1649267442505,0,2,0,0
5205,1924145349304,0,3,0,0
5206,1374389535726,0,1,1,0
5207,1374389535727,0,1,1,0
5206,1649267442505,0,2,0,0
5206,1924145349304,0,3,0,0
5207,1374389535728,0,1,1,0
5207,1649267442505,0,2,0,0
5207,1924145349304,0,3,0,0
5208,1374389535729,0,1,1,0
5209,1374389535730,0,1,1,0
5208,1649267442505,0,2,0,0
5208,1924145349304,0,3,0,0
5209,1374389535731,0,1,0,0
5209,1649267442505,0,2,0,0
5209,1924145349304,0,3,0,0
5210,1374389535731,0,1,0,0
5210,1649267442505,0,2,0,0
5210,1924145349304,0,3,0,0
5211,1374389535731,0,1,0,0
5212,1374389535731,0,1,1,0
5211,1649267442505,0,2,0,0
5211,1924145349304,0,3,0,0
5212,1374389535732,0,1,0,0
5213,1374389535732,0,1,1,0
5212,1649267442505,0,2,0,0
5212,1924145349304,0,3,0,0
5213,1374389535733,0,1,0,0
5213,1649267442505,0,2,0,0
5213,1924145349304,0,3,0,0
5214,1374389535733,0,1,1,0
5214,1649267442505,0,2,0,0
5214,1924145349304,0,3,0,0
5215,1374389535734,0,1,1,0
5215,1649267442505,0,2,0,0
5215,1924145349304,0,3,0,0
5216,1374389535735,0,1,1,0
5216,1649267442505,0,2,0,0
5216,1924145349304,0,3,0,0
5217,1374389535736,0,1,1,0
5217,1649267442505,0,2,0,0
5217,1924145349304,0,3,0,0
5218,1374389535737,0,1,1,0
5219,1374389535738,0,1,1,0
5218,1649267442505,0,2,0,0
5218,1924145349304,0,3,0,0
5219,1374389535739,0,1,0,0
5219,1649267442505,0,2,0,0
5219,1924145349304,0,3,0,0
5220,1374389535739,0,1,0,0
5221,1374389535739,0,1,1,0
5220,1649267442505,0,2,0,0
5220,1924145349304,0,3,0,0
5221,1374389535740,0,1,0,0
5221,1649267442505,0,2,0,0
5221,1924145349304,0,3,0,0
5222,1374389535740,0,1,1,0
5223,1374389535741,0,1,1,0
5222,1649267442505,0,2,0,0
5222,1924145349304,0,3,0,0
5223,1374389535742,0,1,1,0
5223,1649267442505,0,2,0,0
5223,1924145349304,0,3,0,0
5224,1374389535743,0,1,1,0
5224,1649267442505,0,2,0,0
5224,1924145349304,0,3,0,0
5225,1374389535744,0,1,0,0
5225,1649267442505,0,2,0,0
5225,1924145349304,0,3,0,0
5226,1374389535744,0,1,0,0
5227,1374389535744,0,1,1,0
5226,1649267442505,0,2,0,0
5226,1924145349304,0,3,0,0
5227,1374389535745,0,1,0,0
5227,1649267442505,0,2,0,0
5227,1924145349304,0,3,0,0
5228,1374389535745,0,1,0,0
5228,1649267442505,0,2,0,0
5228,1924145349304,0,3,0,0
5229,1374389535745,0,1,0,0
5230,1374389535745,0,1,1,0
5229,1649267442505,0,2,0,0
5229,1924145349304,0,3,0,0
5230,1649267442505,0,2,0,0
5230,1924145349304,0,3,0,0
5231,1649267442505,0,2,0,0
5231,1924145349304,0,3,0,0
5232,1649267442505,0,2,0,0
5232,1924145349304,0,3,0,0
5233,1649267442505,0,2,0,0
5233,1924145349304,0,3,0,0
5234,1649267442505,0,2,0,0
5234,1924145349304,0,3,0,0
5230,6871947674626,0,1,1,0
5236,1374389535774,0,1,1,0
5235,1649267442505,0,2,0,0
5235,1924145349304,0,3,0,0
5236,1374389535775,0,1,1,0
5236,1649267442505,0,2,0,0
5236,1924145349304,0,3,0,0
5237,1374389535776,0,1,0,0
5237,1649267442505,0,2,0,0
5237,1924145349304,0,3,0,0
5238,1374389535776,0,1,0,0
5238,1649267442505,0,2,0,0
5238,1924145349304,0,3,0,0
5239,1374389535776,0,1,0,0
5239,1649267442505,0,2,0,0
5239,1924145349304,0,3,0,0
5240,1374389535776,0,1,0,0
5241,1374389535776,0,1,1,0
5240,1649267442505,0,2,0,0
5240,1924145349304,0,3,0,0
5241,1374389535777,0,1,0,0
5241,1649267442505,0,2,0,0
5241,1924145349304,0,3,0,0
5242,1374389535777,0,1,0,0
5242,1649267442505,0,2,0,0
5242,1924145349304,0,3,0,0
5243,1374389535777,0,1,0,0
5243,1649267442505,0,2,0,0
5243,1924145349304,0,3,0,0
5244,1374389535777,0,1,0,0
5245,1374389535777,0,1,1,0
5244,1649267442505,0,2,0,0
5244,1924145349304,0,3,0,0
5245,1374389535778,0,1,0,0
5245,1649267442505,0,2,0,0
5245,1924145349304,0,3,0,0
5246,1374389535778,0,1,1,0
5247,1374389535779,0,1,1,0
5246,1649267442505,0,2,0,0
5246,1924145349304,0,3,0,0
5247,6871947674660,0,1,1,0
5247,1649267442505,0,2,0,0
5247,1924145349304,0,3,0,0
5248,1374389535781,0,1,1,0
5249,1374389535782,0,1,1,0
5248,1649267442505,0,2,0,0
5248,1924145349304,0,3,0,0
5249,1374389535783,0,1,1,0
5249,1649267442505,0,2,0,0
5249,1924145349304,0,3,0,0
5250,1374389535784,0,1,0,0
5250,1649267442505,0,2,0,0
5250,1924145349304,0,3,0,0
5251,1374389535784,0,1,0,0
5252,1374389535784,0,1,1,0
5251,1649267442505,0,2,0,0
5251,1924145349304,0,3,0,0
5252,1374389535785,0,1,1,0
5253,1374389535786,0,1,1,0
5252,1649267442505,0,2,0,0
5252,1924145349304,0,3,0,0
5253,1374389535787,0,1,1,0
5253,1649267442505,0,2,0,0
5253,1924145349304,0,3,0,0
5254,1374389535788,0,1,1,0
5255,1374389535789,0,1,1,0
5254,1649267442505,0,2,0,0
5254,1924145349304,0,3,0,0
5255,1374389535790,0,1,1,0
5255,1649267442505,0,2,0,0
5255,1924145349304,0,3,0,0
5256,1374389535791,0,1,0,0
5256,1649267442505,0,2,0,0
5256,1924145349304,0,3,0,0
5257,1374389535791,0,1,0,0
5258,1374389535791,0,1,1,0
5257,1649267442505,0,2,0,0
5257,1924145349304,0,3,0,0
5258,1374389535792,0,1,0,0
5258,1649267442505,0,2,0,0
5258,1924145349304,0,3,0,0
5259,1374389535792,0,1,0,0
5260,1374389535792,0,1,1,0
5259,1649267442505,0,2,0,0
5259,1924145349304,0,3,0,0
5260,1374389535793,0,1,0,0
5260,1649267442505,0,2,0,0
5260,1924145349304,0,3,0,0
5261,1374389535793,0,1,1,0
5261,1649267442505,0,2,0,0
5261,1924145349304,0,3,0,0
5262,1374389535794,0,1,1,0
5262,1649267442505,0,2,0,0
5262,1924145349304,0,3,0,0
5263,1374389535795,0,1,1,0
5264,1374389535796,0,1,1,0
5263,1649267442505,0,2,0,0
5263,1924145349304,0,3,0,0
5264,1374389535797,0,1,0,0
5264,1649267442505,0,2,0,0
5264,1924145349304,0,3,0,0
5265,1374389535797,0,1,0,0
5265,1649267442505,0,2,0,0
5265,1924145349304,0,3,0,0
5266,1374389535797,0,1,0,0
5266,1649267442505,0,2,0,0
5266,1924145349304,0,3,0,0
5267,1374389535797,0,1,0,0
5268,1374389535797,0,1,1,0
5267,1649267442505,0,2,0,0
5267,1924145349304,0,3,0,0
5268,1374389535798,0,1,0,0
5269,1374389535798,0,1,1,0
5268,1649267442505,0,2,0,0
5268,1924145349304,0,3,0,0
5269,6871947674679,0,1,1,0
5269,1649267442505,0,2,0,0
5269,1924145349304,0,3,0,0
5270,1374389535800,0,1,1,0
5270,1649267442505,0,2,0,0
5270,1924145349304,0,3,0,0
5271,1374389535801,0,1,1,0
5272,1374389535802,0,1,1,0
5271,1649267442505,0,2,0,0
5271,1924145349304,0,3,0,0
5272,1374389535803,0,1,0,0
5272,1649267442505,0,2,0,0
5272,1924145349304,0,3,0,0
5273,1374389535803,0,1,0,0
5274,1374389535803,0,1,1,0
5273,1649267442505,0,2,0,0
5273,1924145349304,0,3,0,0
5274,1374389535804,0,1,0,0
5275,1374389535804,0,1,1,0
5274,1649267442505,0,2,0,0
5274,1924145349304,0,3,0,0
5275,1374389535805,0,1,1,0
5276,1374389535806,0,1,1,0
5275,1649267442505,0,2,0,0
5275,1924145349304,0,3,0,0
5276,1374389535807,0,1,1,0
5277,1374389535808,0,1,1,0
5276,1649267442505,0,2,0,0
5276,1924145349304,0,3,0,0
5277,1374389535809,0,1,1,0
5277,1649267442505,0,2,0,0
5277,1924145349304,0,3,0,0
5278,1374389535810,0,1,0,0
5278,1649267442505,0,2,0,0
5278,1924145349304,0,3,0,0
5279,1374389535810,0,1,0,0
5279,1649267442505,0,2,0,0
5279,1924145349304,0,3,0,0
5280,1374389535810,0,1,0,0
5281,1374389535810,0,1,1,0
5280,1649267442505,0,2,0,0
5280,1924145349304,0,3,0,0
5281,1374389535811,0,1,0,0
5281,1649267442505,0,2,0,0
5281,1924145349304,0,3,0,0
5282,1374389535811,0,1,0,0
5282,1649267442505,0,2,0,0
5282,1924145349304,0,3,0,0
5283,1374389535811,0,1,0,0
5284,1374389535811,0,1,1,0
5283,1649267442505,0,2,0,0
5283,1924145349304,0,3,0,0
5284,1649267442505,0,2,0,0
5284,1924145349304,0,3,0,0
5285,1649267442505,0,2,0,0
5285,1924145349304,0,3,0,0
5286,1649267442505,0,2,0,0
5286,1924145349304,0,3,0,0
5287,1649267442505,0,2,0,0
5287,1924145349304,0,3,0,0
5288,1649267442505,0,2,0,0
5288,1924145349304,0,3,0,0
5284,6871947674692,0,1,1,0
5290,1374389535857,0,1,1,0
5289,1649267442505,0,2,0,0
5289,1924145349304,0,3,0,0
5290,1374389535858,0,1,1,0
5290,1649267442505,0,2,0,0
5290,1924145349304,0,3,0,0
5291,1374389535859,0,1,0,0
5291,1649267442505,0,2,0,0
5291,1924145349304,0,3,0,0
5292,1374389535859,0,1,0,0
5292,1649267442505,0,2,0,0
5292,1924145349304,0,3,0,0
5293,1374389535859,0,1,0,0
5294,1374389535859,0,1,1,0
5293,1649267442505,0,2,0,0
5293,1924145349304,0,3,0,0
5294,1374389535860,0,1,0,0
5294,1649267442505,0,2,0,0
5294,1924145349304,0,3,0,0
5295,1374389535860,0,1,0,0
5295,1649267442505,0,2,0,0
5295,1924145349304,0,3,0,0
5296,1374389535860,0,1,0,0
5297,1374389535860,0,1,1,0
5296,1649267442505,0,2,0,0
5296,1924145349304,0,3,0,0
5297,6871947674741,0,1,1,0
5297,1649267442505,0,2,0,0
5297,1924145349304,0,3,0,0
5298,1374389535862,0,1,1,0
5299,1374389535863,0,1,1,0
5298,1649267442505,0,2,0,0
5298,1924145349304,0,3,0,0
5299,1374389535864,0,1,1,0
5299,1649267442505,0,2,0,0
5299,1924145349304,0,3,0,0
5300,1374389535865,0,1,0,0
5300,1649267442505,0,2,0,0
5300,1924145349304,0,3,0,0
5301,1374389535865,0,1,0,0
5302,1374389535865,0,1,1,0
5301,1649267442505,0,2,0,0
5301,1924145349304,0,3,0,0
5302,1374389535866,0,1,0,0
5302,1649267442505,0,2,0,0
5302,1924145349304,0,3,0,0
5303,1374389535866,0,1,1,0
5304,1374389535867,0,1,1,0
5303,1649267442505,0,2,0,0
5303,1924145349304,0,3,0,0
5304,1374389535868,0,1,1,0
5305,1374389535869,0,1,1,0
5304,1649267442505,0,2,0,0
5304,1924145349304,0,3,0,0
5305,1374389535870,0,1,1,0
5306,1374389535871,0,1,1,0
5305,1649267442505,0,2,0,0
5305,1924145349304,0,3,0,0
5306,1374389535872,0,1,1,0
5306,1649267442505,0,2,0,0
5306,1924145349304,0,3,0,0
5307,1374389535873,0,1,0,0
5307,1649267442505,0,2,0,0
5307,1924145349304,0,3,0,0
5308,1374389535873,0,1,0,0
5309,1374389535873,0,1,1,0
5308,1649267442505,0,2,0,0
5308,1924145349304,0,3,0,0
5309,1374389535874,0,1,1,0
5310,1374389535875,0,1,1,0
5309,1649267442505,0,2,0,0
5309,1924145349304,0,3,0,0
5310,1374389535876,0,1,0,0
5310,1649267442505,0,2,0,0
5310,1924145349304,0,3,0,0
5311,1374389535876,0,1,0,0
5311,1649267442505,0,2,0,0
5311,1924145349304,0,3,0,0
5312,1374389535876,0,1,0,0
5312,1649267442505,0,2,0,0
5312,1924145349304,0,3,0,0
5313,1374389535876,0,1,0,0
5314,1374389535876,0,1,1,0
5313,1649267442505,0,2,0,0
5313,1924145349304,0,3,0,0
5314,1374389535877,0,1,1,0
5314,1649267442505,0,2,0,0
5314,1924145349304,0,3,0,0
5315,1374389535878,0,1,1,0
5315,1649267442505,0,2,0,0
5315,1924145349304,0,3,0,0
5316,1374389535879,0,1,0,0
5316,1649267442505,0,2,0,0
5316,1924145349304,0,3,0,0
5317,1374389535879,0,1,0,0
5318,1374389535879,0,1,1,0
5317,1649267442505,0,2,0,0
5317,1924145349304,0,3,0,0
5318,1374389535880,0,1,0,0
5318,1649267442505,0,2,0,0
5318,1924145349304,0,3,0,0
5319,1374389535880,0,1,0,0
5319,1649267442505,0,2,0,0
5319,1924145349304,0,3,0,0
5320,1374389535880,0,1,0,0
5321,1374389535880,0,1,1,0
5320,1649267442505,0,2,0,0
5320,1924145349304,0,3,0,0
5321,1374389535881,0,1,0,0
5322,1374389535881,0,1,1,0
5321,1649267442505,0,2,0,0
5321,1924145349304,0,3,0,0
5322,1374389535882,0,1,0,0
5322,1649267442505,0,2,0,0
5322,1924145349304,0,3,0,0
5323,1374389535882,0,1,1,0
5324,1374389535883,0,1,1,0
5323,1649267442505,0,2,0,0
5323,1924145349304,0,3,0,0
5324,1374389535884,0,1,1,0
5324,1649267442505,0,2,0,0
5324,1924145349304,0,3,0,0
5325,1374389535885,0,1,0,0
5325,1649267442505,0,2,0,0
5325,1924145349304,0,3,0,0
5326,1374389535885,0,1,0,0
5326,1649267442505,0,2,0,0
5326,1924145349304,0,3,0,0
5327,1374389535885,0,1,0,0
5328,1374389535885,0,1,1,0
5327,1649267442505,0,2,0,0
5327,1924145349304,0,3,0,0
5328,1374389535886,0,1,0,0
5328,1649267442505,0,2,0,0
5328,1924145349304,0,3,0,0
5329,1374389535886,0,1,0,0
5329,1649267442505,0,2,0,0
5329,1924145349304,0,3,0,0
5330,1374389535886,0,1,0,0
5330,1649267442505,0,2,0,0
5330,1924145349304,0,3,0,0
5331,1374389535886,0,1,0,0
5332,1374389535886,0,1,1,0
5331,1649267442505,0,2,0,0
5331,1924145349304,0,3,0,0
5332,1374389535887,0,1,1,0
5333,1374389535888,0,1,1,0
5332,1649267442505,0,2,0,0
5332,1924145349304,0,3,0,0
5333,1374389535889,0,1,1,0
5333,1649267442505,0,2,0,0
5333,1924145349304,0,3,0,0
5334,1374389535890,0,1,1,0
5334,1649267442505,0,2,0,0
5334,1924145349304,0,3,0,0
5335,1374389535891,0,1,1,0
5336,1374389535892,0,1,1,0
5335,1649267442505,0,2,0,0
5335,1924145349304,0,3,0,0
5336,1374389535893,0,1,0,0
5337,1374389535893,0,1,1,0
5336,1649267442505,0,2,0,0
5336,1924145349304,0,3,0,0
5337,1374389535894,0,1,0,0
5337,1649267442505,0,2,0,0
5337,1924145349304,0,3,0,0
5338,1374389535894,0,1,1,0
5338,1649267442505,0,2,0,0
5338,1924145349304,0,3,0,0
5339,1374389535895,0,1,0,0
5339,1649267442505,0,2,0,0
5339,1924145349304,0,3,0,0
5340,1374389535895,0,1,0,0
5341,1374389535895,0,1,1,0
5340,1649267442505,0,2,0,0
5340,1924145349304,0,3,0,0
5341,1374389535896,0,1,0,0
5341,1649267442505,0,2,0,0
5341,1924145349304,0,3,0,0
5342,1374389535896,0,1,0,0
5342,1649267442505,0,2,0,0
5342,1924145349304,0,3,0,0
5343,1374389535896,0,1,0,0
5344,1374389535896,0,1,1,0
5343,1649267442505,0,2,0,0
5343,1924145349304,0,3,0,0
5344,1649267442505,0,2,0,0
5344,1924145349304,0,3,0,0
5345,1649267442505,0,2,0,0
5345,1924145349304,0,3,0,0
5346,1649267442505,0,2,0,0
5346,1924145349304,0,3,0,0
5347,1649267442505,0,2,0,0
5347,1924145349304,0,3,0,0
5348,1649267442505,0,2,0,0
5348,1924145349304,0,3,0,0
5344,6871947674777,0,1,1,0
5350,1374389535943,0,1,1,0
5349,1649267442505,0,2,0,0
5349,1924145349304,0,3,0,0
5350,1374389535944,0,1,1,0
5350,1649267442505,0,2,0,0
5350,1924145349304,0,3,0,0
5351,1374389535945,0,1,0,0
5351,1649267442505,0,2,0,0
5351,1924145349304,0,3,0,0
5352,1374389535945,0,1,0,0
5352,1649267442505,0,2,0,0
5352,1924145349304,0,3,0,0
5353,1374389535945,0,1,0,0
5354,1374389535945,0,1,1,0
5353,1649267442505,0,2,0,0
5353,1924145349304,0,3,0,0
5354,1374389535946,0,1,0,0
5354,1649267442505,0,2,0,0
5354,1924145349304,0,3,0,0
5355,1374389535946,0,1,0,0
5355,1649267442505,0,2,0,0
5355,1924145349304,0,3,0,0
5356,1374389535946,0,1,0,0
5356,1649267442505,0,2,0,0
5356,1924145349304,0,3,0,0
5357,1374389535946,0,1,0,0
5358,1374389535946,0,1,1,0
5357,1649267442505,0,2,0,0
5357,1924145349304,0,3,0,0
5358,1374389535947,0,1,0,0
5358,1649267442505,0,2,0,0
5358,1924145349304,0,3,0,0
5359,1374389535947,0,1,1,0
5359,1649267442505,0,2,0,0
5359,1924145349304,0,3,0,0
5360,1374389535948,0,1,1,0
5360,1649267442505,0,2,0,0
5360,1924145349304,0,3,0,0
5361,1374389535949,0,1,1,0
5361,1649267442505,0,2,0,0
5361,1924145349304,0,3,0,0
5362,1374389535950,0,1,1,0
5363,1374389535951,0,1,1,0
5362,1649267442505,0,2,0,0
5362,1924145349304,0,3,0,0
5363,1374389535952,0,1,0,0
5363,1649267442505,0,2,0,0
5363,1924145349304,0,3,0,0
5364,1374389535952,0,1,0,0
5365,1374389535952,0,1,1,0
5364,1649267442505,0,2,0,0
5364,1924145349304,0,3,0,0
5365,1374389535953,0,1,1,0
5366,1374389535954,0,1,1,0
5365,1649267442505,0,2,0,0
5365,1924145349304,0,3,0,0
5366,1374389535955,0,1,1,0
5367,1374389535956,0,1,1,0
5366,1649267442505,0,2,0,0
5366,1924145349304,0,3,0,0
5367,1374389535957,0,1,1,0
5367,1649267442505,0,2,0,0
5367,1924145349304,0,3,0,0
5368,1374389535958,0,1,1,0
5368,1649267442505,0,2,0,0
5368,1924145349304,0,3,0,0
5369,1374389535959,0,1,1,0
5369,1649267442505,0,2,0,0
5369,1924145349304,0,3,0,0
5370,1374389535960,0,1,1,0
5371,1374389535961,0,1,1,0
5370,1649267442505,0,2,0,0
5370,1924145349304,0,3,0,0
5371,1374389535962,0,1,0,0
5371,1649267442505,0,2,0,0
5371,1924145349304,0,3,0,0
5372,1374389535962,0,1,0,0
5373,1374389535962,0,1,1,0
5372,1649267442505,0,2,0,0
5372,1924145349304,0,3,0,0
5373,1374389535963,0,1,0,0
5374,1374389535963,0,1,1,0
5373,1649267442505,0,2,0,0
5373,1924145349304,0,3,0,0
5374,1374389535964,0,1,1,0
5375,1374389535965,0,1,1,0
5374,1649267442505,0,2,0,0
5374,1924145349304,0,3,0,0
5375,1374389535966,0,1,1,0
5376,1374389535967,0,1,1,0
5375,1649267442505,0,2,0,0
5375,1924145349304,0,3,0,0
5376,1374389535968,0,1,1,0
5376,1649267442505,0,2,0,0
5376,1924145349304,0,3,0,0
5377,1374389535969,0,1,0,0
5377,1649267442505,0,2,0,0
5377,1924145349304,0,3,0,0
5378,1374389535969,0,1,0,0
5378,1649267442505,0,2,0,0
5378,1924145349304,0,3,0,0
5379,1374389535969,0,1,0,0
5380,1374389535969,0,1,1,0
5379,1649267442505,0,2,0,0
5379,1924145349304,0,3,0,0
5380,1374389535970,0,1,0,0
5380,1649267442505,0,2,0,0
5380,1924145349304,0,3,0,0
5381,1374389535970,0,1,0,0
5381,1649267442505,0,2,0,0
5381,1924145349304,0,3,0,0
5382,1374389535970,0,1,0,0
5383,1374389535970,0,1,1,0
5382,1649267442505,0,2,0,0
5382,1924145349304,0,3,0,0
5383,1649267442505,0,2,0,0
5383,1924145349304,0,3,0,0
5384,1649267442505,0,2,0,0
5384,1924145349304,0,3,0,0
5385,1649267442505,0,2,0,0
5385,1924145349304,0,3,0,0
5386,1649267442505,0,2,0,0
5386,1924145349304,0,3,0,0
5387,1649267442505,0,2,0,0
5387,1924145349304,0,3,0,0
5383,6871947674851,0,1,1,0
5389,1374389536016,0,1,1,0
5388,1649267442505,0,2,0,0
5388,1924145349304,0,3,0,0
5389,1374389536017,0,1,1,0
5389,1649267442505,0,2,0,0
5389,1924145349304,0,3,0,0
5390,1374389536018,0,1,0,0
5390,1649267442505,0,2,0,0
5390,1924145349304,0,3,0,0
5391,1374389536018,0,1,0,0
5391,1649267442505,0,2,0,0
5391,1924145349304,0,3,0,0
5392,1374389536018,0,1,0,0
5393,1374389536018,0,1,1,0
5392,1649267442505,0,2,0,0
5392,1924145349304,0,3,0,0
5393,1374389536019,0,1,0,0
5393,1649267442505,0,2,0,0
5393,1924145349304,0,3,0,0
5394,1374389536019,0,1,0,0
5394,1649267442505,0,2,0,0
5394,1924145349304,0,3,0,0
5395,1374389536019,0,1,0,0
5396,1374389536019,0,1,1,0
5395,1649267442505,0,2,0,0
5395,1924145349304,0,3,0,0
5396,6871947674900,0,1,1,0
5396,1649267442505,0,2,0,0
5396,1924145349304,0,3,0,0
5397,1374389536021,0,1,0,0
5397,1649267442505,0,2,0,0
5397,1924145349304,0,3,0,0
5398,1374389536021,0,1,1,0
5399,1374389536022,0,1,1,0
5398,1649267442505,0,2,0,0
5398,1924145349304,0,3,0,0
5399,1374389536023,0,1,1,0
5399,1649267442505,0,2,0,0
5399,1924145349304,0,3,0,0
5400,1374389536024,0,1,0,0
5400,1649267442505,0,2,0,0
5400,1924145349304,0,3,0,0
5401,1374389536024,0,1,0,0
5402,1374389536024,0,1,1,0
5401,1649267442505,0,2,0,0
5401,1924145349304,0,3,0,0
5402,1374389536025,0,1,0,0
5402,1649267442505,0,2,0,0
5402,1924145349304,0,3,0,0
5403,1374389536025,0,1,1,0
5404,1374389536026,0,1,1,0
5403,1649267442505,0,2,0,0
5403,1924145349304,0,3,0,0
5404,1374389536027,0,1,1,0
5405,1374389536028,0,1,1,0
5404,1649267442505,0,2,0,0
5404,1924145349304,0,3,0,0
5405,1374389536029,0,1,1,0
5406,1374389536030,0,1,1,0
5405,1649267442505,0,2,0,0
5405,1924145349304,0,3,0,0
5406,1374389536031,0,1,1,0
5406,1649267442505,0,2,0,0
5406,1924145349304,0,3,0,0
5407,1374389536032,0,1,0,0
5407,1649267442505,0,2,0,0
5407,1924145349304,0,3,0,0
5408,1374389536032,0,1,0,0
5409,1374389536032,0,1,1,0
5408,1649267442505,0,2,0,0
5408,1924145349304,0,3,0,0
5409,1374389536033,0,1,1,0
5410,1374389536034,0,1,1,0
5409,1649267442505,0,2,0,0
5409,1924145349304,0,3,0,0
5410,1374389536035,0,1,0,0
5410,1649267442505,0,2,0,0
5410,1924145349304,0,3,0,0
5411,1374389536035,0,1,0,0
5411,1649267442505,0,2,0,0
5411,1924145349304,0,3,0,0
5412,1374389536035,0,1,0,0
5412,1649267442505,0,2,0,0
5412,1924145349304,0,3,0,0
5413,1374389536035,0,1,0,0
5414,1374389536035,0,1,1,0
5413,1649267442505,0,2,0,0
5413,1924145349304,0,3,0,0
5414,1374389536036,0,1,1,0
5414,1649267442505,0,2,0,0
5414,1924145349304,0,3,0,0
5415,1374389536037,0,1,1,0
5415,1649267442505,0,2,0,0
5415,1924145349304,0,3,0,0
5416,1374389536038,0,1,0,0
5416,1649267442505,0,2,0,0
5416,1924145349304,0,3,0,0
5417,1374389536038,0,1,0,0
5418,1374389536038,0,1,1,0
5417,1649267442505,0,2,0,0
5417,1924145349304,0,3,0,0
5418,1374389536039,0,1,0,0
5418,1649267442505,0,2,0,0
5418,1924145349304,0,3,0,0
5419,1374389536039,0,1,0,0
5419,1649267442505,0,2,0,0
5419,1924145349304,0,3,0,0
5420,1374389536039,0,1,0,0
5421,1374389536039,0,1,1,0
5420,1649267442505,0,2,0,0
5420,1924145349304,0,3,0,0
5421,1374389536040,0,1,0,0
5422,1374389536040,0,1,1,0
5421,1649267442505,0,2,0,0
5421,1924145349304,0,3,0,0
5422,1374389536041,0,1,0,0
5422,1649267442505,0,2,0,0
5422,1924145349304,0,3,0,0
5423,1374389536041,0,1,1,0
5423,1649267442505,0,2,0,0
5423,1924145349304,0,3,0,0
5424,1374389536042,0,1,1,0
5424,1649267442505,0,2,0,0
5424,1924145349304,0,3,0,0
5425,1374389536043,0,1,1,0
5426,1374389536044,0,1,1,0
5425,1649267442505,0,2,0,0
5425,1924145349304,0,3,0,0
5426,1374389536045,0,1,0,0
5426,1649267442505,0,2,0,0
5426,1924145349304,0,3,0,0
5427,1374389536045,0,1,0,0
5427,1649267442505,0,2,0,0
5427,1924145349304,0,3,0,0
5428,1374389536045,0,1,0,0
5429,1374389536045,0,1,1,0
5428,1649267442505,0,2,0,0
5428,1924145349304,0,3,0,0
5429,1374389536046,0,1,1,0
5430,1374389536047,0,1,1,0
5429,1649267442505,0,2,0,0
5429,1924145349304,0,3,0,0
5430,1374389536048,0,1,1,0
5430,1649267442505,0,2,0,0
5430,1924145349304,0,3,0,0
5431,1374389536049,0,1,1,0
5432,1374389536050,0,1,1,0
5431,1649267442505,0,2,0,0
5431,1924145349304,0,3,0,0
5432,1374389536051,0,1,0,0
5432,1649267442505,0,2,0,0
5432,1924145349304,0,3,0,0
5433,1374389536051,0,1,0,0
5433,1649267442505,0,2,0,0
5433,1924145349304,0,3,0,0
5434,1374389536051,0,1,0,0
5435,1374389536051,0,1,1,0
5434,1649267442505,0,2,0,0
5434,1924145349304,0,3,0,0
5435,1374389536052,0,1,0,0
5436,1374389536052,0,1,1,0
5435,1649267442505,0,2,0,0
5435,1924145349304,0,3,0,0
5436,1374389536053,0,1,0,0
5436,1649267442505,0,2,0,0
5436,1924145349304,0,3,0,0
5437,1374389536053,0,1,1,0
5437,1649267442505,0,2,0,0
5437,1924145349304,0,3,0,0
5438,1374389536054,0,1,1,0
5438,1649267442505,0,2,0,0
5438,1924145349304,0,3,0,0
5439,1374389536055,0,1,1,0
5439,1649267442505,0,2,0,0
5439,1924145349304,0,3,0,0
5440,1374389536056,0,1,1,0
5440,1649267442505,0,2,0,0
5440,1924145349304,0,3,0,0
5441,1374389536057,0,1,1,0
5442,1374389536058,0,1,1,0
5441,1649267442505,0,2,0,0
5441,1924145349304,0,3,0,0
5442,1374389536059,0,1,0,0
5442,1649267442505,0,2,0,0
5442,1924145349304,0,3,0,0
5443,1374389536059,0,1,0,0
5444,1374389536059,0,1,1,0
5443,1649267442505,0,2,0,0
5443,1924145349304,0,3,0,0
5444,1374389536060,0,1,0,0
5444,1649267442505,0,2,0,0
5444,1924145349304,0,3,0,0
5445,1374389536060,0,1,1,0
5446,1374389536061,0,1,1,0
5445,1649267442505,0,2,0,0
5445,1924145349304,0,3,0,0
5446,1374389536062,0,1,1,0
5446,1649267442505,0,2,0,0
5446,1924145349304,0,3,0,0
5447,1374389536063,0,1,1,0
5447,1649267442505,0,2,0,0
5447,1924145349304,0,3,0,0
5448,1374389536064,0,1,0,0
5448,1649267442505,0,2,0,0
5448,1924145349304,0,3,0,0
5449,1374389536064,0,1,0,0
5450,1374389536064,0,1,1,0
5449,1649267442505,0,2,0,0
5449,1924145349304,0,3,0,0
5450,1374389536065,0,1,0,0
5450,1649267442505,0,2,0,0
5450,1924145349304,0,3,0,0
5451,1374389536065,0,1,0,0
5451,1649267442505,0,2,0,0
5451,1924145349304,0,3,0,0
5452,1374389536065,0,1,0,0
5453,1374389536065,0,1,1,0
5452,1649267442505,0,2,0,0
5452,1924145349304,0,3,0,0
5453,1649267442505,0,2,0,0
5453,1924145349304,0,3,0,0
5454,1649267442505,0,2,0,0
5454,1924145349304,0,3,0,0
5455,1649267442505,0,2,0,0
5455,1924145349304,0,3,0,0
5456,1649267442505,0,2,0,0
5456,1924145349304,0,3,0,0
5457,1649267442505,0,2,0,0
5457,1924145349304,0,3,0,0
5453,6871947674946,0,1,1,0
5459,1374389536110,0,1,1,0
5458,1649267442505,0,2,0,0
5458,1924145349304,0,3,0,0
5459,1374389536111,0,1,1,0
5459,1649267442505,0,2,0,0
5459,1924145349304,0,3,0,0
5460,1374389536112,0,1,0,0
5460,1649267442505,0,2,0,0
5460,1924145349304,0,3,0,0
5461,1374389536112,0,1,0,0
5461,1649267442505,0,2,0,0
5461,1924145349304,0,3,0,0
5462,1374389536112,0,1,0,0
5462,1649267442505,0,2,0,0
5462,1924145349304,0,3,0,0
5463,1374389536112,0,1,0,0
5464,1374389536112,0,1,1,0
5463,1649267442505,0,2,0,0
5463,1924145349304,0,3,0,0
5464,1374389536113,0,1,0,0
5464,1649267442505,0,2,0,0
5464,1924145349304,0,3,0,0
5465,1374389536113,0,1,0,0
5465,1649267442505,0,2,0,0
5465,1924145349304,0,3,0,0
5466,1374389536113,0,1,0,0
5466,1649267442505,0,2,0,0
5466,1924145349304,0,3,0,0
5467,1374389536113,0,1,0,0
5468,1374389536113,0,1,1,0
5467,1649267442505,0,2,0,0
5467,1924145349304,0,3,0,0
5468,1374389536114,0,1,0,0
5468,1649267442505,0,2,0,0
5468,1924145349304,0,3,0,0
5469,1374389536114,0,1,1,0
5470,1374389536115,0,1,1,0
5469,1649267442505,0,2,0,0
5469,1924145349304,0,3,0,0
5470,6871947674996,0,1,1,0
5470,1649267442505,0,2,0,0
5470,1924145349304,0,3,0,0
5471,1374389536117,0,1,1,0
5472,1374389536118,0,1,1,0
5471,1649267442505,0,2,0,0
5471,1924145349304,0,3,0,0
5472,1374389536119,0,1,1,0
5472,1649267442505,0,2,0,0
5472,1924145349304,0,3,0,0
5473,1374389536120,0,1,0,0
5473,1649267442505,0,2,0,0
5473,1924145349304,0,3,0,0
5474,1374389536120,0,1,0,0
5475,1374389536120,0,1,1,0
5474,1649267442505,0,2,0,0
5474,1924145349304,0,3,0,0
5475,1374389536121,0,1,1,0
5476,1374389536122,0,1,1,0
5475,1649267442505,0,2,0,0
5475,1924145349304,0,3,0,0
5476,1374389536123,0,1,1,0
5476,1649267442505,0,2,0,0
5476,1924145349304,0,3,0,0
5477,1374389536124,0,1,1,0
5478,1374389536125,0,1,1,0
5477,1649267442505,0,2,0,0
5477,1924145349304,0,3,0,0
5478,1374389536126,0,1,1,0
5478,1649267442505,0,2,0,0
5478,1924145349304,0,3,0,0
5479,1374389536127,0,1,0,0
5479,1649267442505,0,2,0,0
5479,1924145349304,0,3,0,0
5480,1374389536127,0,1,0,0
5481,1374389536127,0,1,1,0
5480,1649267442505,0,2,0,0
5480,1924145349304,0,3,0,0
5481,1374389536128,0,1,0,0
5481,1649267442505,0,2,0,0
5481,1924145349304,0,3,0,0
5482,1374389536128,0,1,0,0
5483,1374389536128,0,1,1,0
5482,1649267442505,0,2,0,0
5482,1924145349304,0,3,0,0
5483,1374389536129,0,1,0,0
5483,1649267442505,0,2,0,0
5483,1924145349304,0,3,0,0
5484,1374389536129,0,1,1,0
5484,1649267442505,0,2,0,0
5484,1924145349304,0,3,0,0
5485,1374389536130,0,1,1,0
5485,1649267442505,0,2,0,0
5485,1924145349304,0,3,0,0
5486,1374389536131,0,1,1,0
5487,1374389536132,0,1,1,0
5486,1649267442505,0,2,0,0
5486,1924145349304,0,3,0,0
5487,1374389536133,0,1,0,0
5487,1649267442505,0,2,0,0
5487,1924145349304,0,3,0,0
5488,1374389536133,0,1,0,0
5488,1649267442505,0,2,0,0
5488,1924145349304,0,3,0,0
5489,1374389536133,0,1,0,0
5489,1649267442505,0,2,0,0
5489,1924145349304,0,3,0,0
5490,1374389536133,0,1,0,0
5491,1374389536133,0,1,1,0
5490,1649267442505,0,2,0,0
5490,1924145349304,0,3,0,0
5491,1374389536134,0,1,0,0
5492,1374389536134,0,1,1,0
5491,1649267442505,0,2,0,0
5491,1924145349304,0,3,0,0
5492,6871947675015,0,1,1,0
5492,1649267442505,0,2,0,0
5492,1924145349304,0,3,0,0
5493,1374389536136,0,1,1,0
5493,1649267442505,0,2,0,0
5493,1924145349304,0,3,0,0
5494,1374389536137,0,1,1,0
5495,1374389536138,0,1,1,0
5494,1649267442505,0,2,0,0
5494,1924145349304,0,3,0,0
5495,1374389536139,0,1,0,0
5495,1649267442505,0,2,0,0
5495,1924145349304,0,3,0,0
5496,1374389536139,0,1,0,0
5497,1374389536139,0,1,1,0
5496,1649267442505,0,2,0,0
5496,1924145349304,0,3,0,0
5497,1374389536140,0,1,0,0
5498,1374389536140,0,1,1,0
5497,1649267442505,0,2,0,0
5497,1924145349304,0,3,0,0
5498,1374389536141,0,1,1,0
5499,1374389536142,0,1,1,0
5498,1649267442505,0,2,0,0
5498,1924145349304,0,3,0,0
5499,1374389536143,0,1,1,0
5500,1374389536144,0,1,1,0
5499,1649267442505,0,2,0,0
5499,1924145349304,0,3,0,0
5500,1374389536145,0,1,1,0
5500,1649267442505,0,2,0,0
5500,1924145349304,0,3,0,0
5501,1374389536146,0,1,0,0
5501,1649267442505,0,2,0,0
5501,1924145349304,0,3,0,0
5502,1374389536146,0,1,0,0
5502,1649267442505,0,2,0,0
5502,1924145349304,0,3,0,0
5503,1374389536146,0,1,0,0
5504,1374389536146,0,1,1,0
5503,1649267442505,0,2,0,0
5503,1924145349304,0,3,0,0
5504,1374389536147,0,1,0,0
5504,1649267442505,0,2,0,0
5504,1924145349304,0,3,0,0
5505,1374389536147,0,1,0,0
5505,1649267442505,0,2,0,0
5505,1924145349304,0,3,0,0
5506,1374389536147,0,1,0,0
5507,1374389536147,0,1,1,0
5506,1649267442505,0,2,0,0
5506,1924145349304,0,3,0,0
5507,1649267442505,0,2,0,0
5507,1924145349304,0,3,0,0
5508,1649267442505,0,2,0,0
5508,1924145349304,0,3,0,0
5509,1649267442505,0,2,0,0
5509,1924145349304,0,3,0,0
5510,1649267442505,0,2,0,0
5510,1924145349304,0,3,0,0
5511,1649267442505,0,2,0,0
5511,1924145349304,0,3,0,0
5507,6871947675028,0,1,1,0
5513,1374389536195,0,1,1,0
5512,1649267442505,0,2,0,0
5512,1924145349304,0,3,0,0
5513,1374389536196,0,1,1,0
5513,1649267442505,0,2,0,0
5513,1924145349304,0,3,0,0
5514,1374389536197,0,1,0,0
5514,1649267442505,0,2,0,0
5514,1924145349304,0,3,0,0
5515,1374389536197,0,1,0,0
5515,1649267442505,0,2,0,0
5515,1924145349304,0,3,0,0
5516,1374389536197,0,1,0,0
5517,1374389536197,0,1,1,0
5516,1649267442505,0,2,0,0
5516,1924145349304,0,3,0,0
5517,1374389536198,0,1,0,0
5517,1649267442505,0,2,0,0
5517,1924145349304,0,3,0,0
5518,1374389536198,0,1,0,0
5518,1649267442505,0,2,0,0
5518,1924145349304,0,3,0,0
5519,1374389536198,0,1,0,0
5520,1374389536198,0,1,1,0
5519,1649267442505,0,2,0,0
5519,1924145349304,0,3,0,0
5520,1649267442505,0,2,0,0
5520,1924145349304,0,3,0,0
5521,1649267442505,0,2,0,0
5521,1924145349304,0,3,0,0
5522,1649267442505,0,2,0,0
5522,1924145349304,0,3,0,0
5523,1649267442505,0,2,0,0
5523,1924145349304,0,3,0,0
5524,1649267442505,0,2,0,0
5524,1924145349304,0,3,0,0
5520,6871947675079,0,1,1,0
5526,1374389536226,0,1,1,0
5525,1649267442505,0,2,0,0
5525,1924145349304,0,3,0,0
5526,1374389536227,0,1,1,0
5527,1374389536228,0,1,1,0
5526,1649267442505,0,2,0,0
5526,1924145349304,0,3,0,0
5527,1374389536229,0,1,1,0
5528,1374389536230,0,1,1,0
5527,1649267442505,0,2,0,0
5527,1924145349304,0,3,0,0
5528,1374389536231,0,1,1,0
5528,1649267442505,0,2,0,0
5528,1924145349304,0,3,0,0
5529,1374389536232,0,1,0,0
5529,1649267442505,0,2,0,0
5529,1924145349304,0,3,0,0
5530,1374389536232,0,1,0,0
5531,1374389536232,0,1,1,0
5530,1649267442505,0,2,0,0
5530,1924145349304,0,3,0,0
5531,1374389536233,0,1,1,0
5532,1374389536234,0,1,1,0
5531,1649267442505,0,2,0,0
5531,1924145349304,0,3,0,0
5532,1374389536235,0,1,0,0
5532,1649267442505,0,2,0,0
5532,1924145349304,0,3,0,0
5533,1374389536235,0,1,0,0
5533,1649267442505,0,2,0,0
5533,1924145349304,0,3,0,0
5534,1374389536235,0,1,0,0
5534,1649267442505,0,2,0,0
5534,1924145349304,0,3,0,0
5535,1374389536235,0,1,0,0
5536,1374389536235,0,1,1,0
5535,1649267442505,0,2,0,0
5535,1924145349304,0,3,0,0
5536,1374389536236,0,1,1,0
5536,1649267442505,0,2,0,0
5536,1924145349304,0,3,0,0
5537,1374389536237,0,1,0,0
5537,1649267442505,0,2,0,0
5537,1924145349304,0,3,0,0
5538,1374389536237,0,1,0,0
5538,1649267442505,0,2,0,0
5538,1924145349304,0,3,0,0
5539,1374389536237,0,1,0,0
5540,1374389536237,0,1,1,0
5539,1649267442505,0,2,0,0
5539,1924145349304,0,3,0,0
5540,1374389536238,0,1,0,0
5540,1649267442505,0,2,0,0
5540,1924145349304,0,3,0,0
5541,1374389536238,0,1,0,0
5541,1649267442505,0,2,0,0
5541,1924145349304,0,3,0,0
5542,1374389536238,0,1,0,0
5542,1649267442505,0,2,0,0
5542,1924145349304,0,3,0,0
5543,1374389536238,0,1,0,0
5544,1374389536238,0,1,1,0
5543,1649267442505,0,2,0,0
5543,1924145349304,0,3,0,0
5544,1374389536239,0,1,0,0
5544,1649267442505,0,2,0,0
5544,1924145349304,0,3,0,0
5545,1374389536239,0,1,1,0
5545,1649267442505,0,2,0,0
5545,1924145349304,0,3,0,0
5546,1374389536240,0,1,1,0
5546,1649267442505,0,2,0,0
5546,1924145349304,0,3,0,0
5547,1374389536241,0,1,1,0
5548,1374389536242,0,1,1,0
5547,1649267442505,0,2,0,0
5547,1924145349304,0,3,0,0
5548,1374389536243,0,1,1,0
5548,1649267442505,0,2,0,0
5548,1924145349304,0,3,0,0
5549,1374389536244,0,1,0,0
5549,1649267442505,0,2,0,0
5549,1924145349304,0,3,0,0
5550,1374389536244,0,1,0,0
5551,1374389536244,0,1,1,0
5550,1649267442505,0,2,0,0
5550,1924145349304,0,3,0,0
5551,1374389536245,0,1,0,0
5551,1649267442505,0,2,0,0
5551,1924145349304,0,3,0,0
5552,1374389536245,0,1,1,0
5553,1374389536246,0,1,1,0
5552,1649267442505,0,2,0,0
5552,1924145349304,0,3,0,0
5553,1374389536247,0,1,1,0
5554,1374389536248,0,1,1,0
5553,1649267442505,0,2,0,0
5553,1924145349304,0,3,0,0
5554,1374389536249,0,1,1,0
5555,1374389536250,0,1,1,0
5554,1649267442505,0,2,0,0
5554,1924145349304,0,3,0,0
5555,1374389536251,0,1,1,0
5555,1649267442505,0,2,0,0
5555,1924145349304,0,3,0,0
5556,1374389536252,0,1,0,0
5556,1649267442505,0,2,0,0
5556,1924145349304,0,3,0,0
5557,1374389536252,0,1,0,0
5558,1374389536252,0,1,1,0
5557,1649267442505,0,2,0,0
5557,1924145349304,0,3,0,0
5558,1374389536253,0,1,1,0
5559,1374389536254,0,1,1,0
5558,1649267442505,0,2,0,0
5558,1924145349304,0,3,0,0
5559,1374389536255,0,1,0,0
5559,1649267442505,0,2,0,0
5559,1924145349304,0,3,0,0
5560,1374389536255,0,1,0,0
5560,1649267442505,0,2,0,0
5560,1924145349304,0,3,0,0
5561,1374389536255,0,1,0,0
5561,1649267442505,0,2,0,0
5561,1924145349304,0,3,0,0
5562,1374389536255,0,1,0,0
5563,1374389536255,0,1,1,0
5562,1649267442505,0,2,0,0
5562,1924145349304,0,3,0,0
5563,1374389536256,0,1,1,0
5563,1649267442505,0,2,0,0
5563,1924145349304,0,3,0,0
5564,1374389536257,0,1,1,0
5564,1649267442505,0,2,0,0
5564,1924145349304,0,3,0,0
5565,1374389536258,0,1,0,0
5565,1649267442505,0,2,0,0
5565,1924145349304,0,3,0,0
5566,1374389536258,0,1,0,0
5567,1374389536258,0,1,1,0
5566,1649267442505,0,2,0,0
5566,1924145349304,0,3,0,0
5567,1374389536259,0,1,0,0
5567,1649267442505,0,2,0,0
5567,1924145349304,0,3,0,0
5568,1374389536259,0,1,0,0
5568,1649267442505,0,2,0,0
5568,1924145349304,0,3,0,0
5569,1374389536259,0,1,0,0
5570,1374389536259,0,1,1,0
5569,1649267442505,0,2,0,0
5569,1924145349304,0,3,0,0
5570,1374389536260,0,1,0,0
5571,1374389536260,0,1,1,0
5570,1649267442505,0,2,0,0
5570,1924145349304,0,3,0,0
5571,1374389536261,0,1,0,0
5571,1649267442505,0,2,0,0
5571,1924145349304,0,3,0,0
5572,1374389536261,0,1,1,0
5573,1374389536262,0,1,1,0
5572,1649267442505,0,2,0,0
5572,1924145349304,0,3,0,0
5573,1374389536263,0,1,1,0
5573,1649267442505,0,2,0,0
5573,1924145349304,0,3,0,0
5574,1374389536264,0,1,0,0
5574,1649267442505,0,2,0,0
5574,1924145349304,0,3,0,0
5575,1374389536264,0,1,0,0
5575,1649267442505,0,2,0,0
5575,1924145349304,0,3,0,0
5576,1374389536264,0,1,0,0
5577,1374389536264,0,1,1,0
5576,1649267442505,0,2,0,0
5576,1924145349304,0,3,0,0
5577,1374389536265,0,1,0,0
5577,1649267442505,0,2,0,0
5577,1924145349304,0,3,0,0
5578,1374389536265,0,1,0,0
5578,1649267442505,0,2,0,0
5578,1924145349304,0,3,0,0
5579,1374389536265,0,1,0,0
5579,1649267442505,0,2,0,0
5579,1924145349304,0,3,0,0
5580,1374389536265,0,1,0,0
5581,1374389536265,0,1,1,0
5580,1649267442505,0,2,0,0
5580,1924145349304,0,3,0,0
5581,1374389536266,0,1,1,0
5582,1374389536267,0,1,1,0
5581,1649267442505,0,2,0,0
5581,1924145349304,0,3,0,0
5582,1374389536268,0,1,1,0
5582,1649267442505,0,2,0,0
5582,1924145349304,0,3,0,0
5583,1374389536269,0,1,1,0
5583,1649267442505,0,2,0,0
5583,1924145349304,0,3,0,0
5584,1374389536270,0,1,1,0
5585,1374389536271,0,1,1,0
5584,1649267442505,0,2,0,0
5584,1924145349304,0,3,0,0
5585,1374389536272,0,1,0,0
5586,1374389536272,0,1,1,0
5585,1649267442505,0,2,0,0
5585,1924145349304,0,3,0,0
5586,1374389536273,0,1,0,0
5586,1649267442505,0,2,0,0
5586,1924145349304,0,3,0,0
5587,1374389536273,0,1,1,0
5587,1649267442505,0,2,0,0
5587,1924145349304,0,3,0,0
5588,1374389536274,0,1,0,0
5588,1649267442505,0,2,0,0
5588,1924145349304,0,3,0,0
5589,1374389536274,0,1,0,0
5590,1374389536274,0,1,1,0
5589,1649267442505,0,2,0,0
5589,1924145349304,0,3,0,0
5590,1374389536275,0,1,0,0
5590,1649267442505,0,2,0,0
5590,1924145349304,0,3,0,0
5591,1374389536275,0,1,0,0
5591,1649267442505,0,2,0,0
5591,1924145349304,0,3,0,0
5592,1374389536275,0,1,0,0
5593,1374389536275,0,1,1,0
5592,1649267442505,0,2,0,0
5592,1924145349304,0,3,0,0
5593,1649267442505,0,2,0,0
5593,1924145349304,0,3,0,0
5594,1649267442505,0,2,0,0
5594,1924145349304,0,3,0,0
5595,1649267442505,0,2,0,0
5595,1924145349304,0,3,0,0
5596,1649267442505,0,2,0,0
5596,1924145349304,0,3,0,0
5597,1649267442505,0,2,0,0
5597,1924145349304,0,3,0,0
5593,6871947675156,0,1,1,0
5599,1374389536322,0,1,1,0
5598,1649267442505,0,2,0,0
5598,1924145349304,0,3,0,0
5599,1374389536323,0,1,1,0
5599,1649267442505,0,2,0,0
5599,1924145349304,0,3,0,0
5600,1374389536324,0,1,0,0
5600,1649267442505,0,2,0,0
5600,1924145349304,0,3,0,0
5601,1374389536324,0,1,0,0
5601,1649267442505,0,2,0,0
5601,1924145349304,0,3,0,0
5602,1374389536324,0,1,0,0
5603,1374389536324,0,1,1,0
5602,1649267442505,0,2,0,0
5602,1924145349304,0,3,0,0
5603,1374389536325,0,1,0,0
5603,1649267442505,0,2,0,0
5603,1924145349304,0,3,0,0
5604,1374389536325,0,1,0,0
5604,1649267442505,0,2,0,0
5604,1924145349304,0,3,0,0
5605,1374389536325,0,1,0,0
5605,1649267442505,0,2,0,0
5605,1924145349304,0,3,0,0
5606,1374389536325,0,1,0,0
5607,1374389536325,0,1,1,0
5606,1649267442505,0,2,0,0
5606,1924145349304,0,3,0,0
5607,1374389536326,0,1,0,0
5607,1649267442505,0,2,0,0
5607,1924145349304,0,3,0,0
5608,1374389536326,0,1,1,0
5608,1649267442505,0,2,0,0
5608,1924145349304,0,3,0,0
5609,1374389536327,0,1,1,0
5609,1649267442505,0,2,0,0
5609,1924145349304,0,3,0,0
5610,1374389536328,0,1,1,0
5610,1649267442505,0,2,0,0
5610,1924145349304,0,3,0,0
5611,1374389536329,0,1,1,0
5612,1374389536330,0,1,1,0
5611,1649267442505,0,2,0,0
5611,1924145349304,0,3,0,0
5612,1374389536331,0,1,0,0
5612,1649267442505,0,2,0,0
5612,1924145349304,0,3,0,0
5613,1374389536331,0,1,0,0
5614,1374389536331,0,1,1,0
5613,1649267442505,0,2,0,0
5613,1924145349304,0,3,0,0
5614,1374389536332,0,1,1,0
5615,1374389536333,0,1,1,0
5614,1649267442505,0,2,0,0
5614,1924145349304,0,3,0,0
5615,1374389536334,0,1,1,0
5616,1374389536335,0,1,1,0
5615,1649267442505,0,2,0,0
5615,1924145349304,0,3,0,0
5616,1374389536336,0,1,1,0
5616,1649267442505,0,2,0,0
5616,1924145349304,0,3,0,0
5617,1374389536337,0,1,1,0
5617,1649267442505,0,2,0,0
5617,1924145349304,0,3,0,0
5618,1374389536338,0,1,1,0
5618,1649267442505,0,2,0,0
5618,1924145349304,0,3,0,0
5619,1374389536339,0,1,1,0
5620,1374389536340,0,1,1,0
5619,1649267442505,0,2,0,0
5619,1924145349304,0,3,0,0
5620,1374389536341,0,1,0,0
5620,1649267442505,0,2,0,0
5620,1924145349304,0,3,0,0
5621,1374389536341,0,1,0,0
5622,1374389536341,0,1,1,0
5621,1649267442505,0,2,0,0
5621,1924145349304,0,3,0,0
5622,1374389536342,0,1,0,0
5623,1374389536342,0,1,1,0
5622,1649267442505,0,2,0,0
5622,1924145349304,0,3,0,0
5623,1374389536343,0,1,1,0
5624,1374389536344,0,1,1,0
5623,1649267442505,0,2,0,0
5623,1924145349304,0,3,0,0
5624,1374389536345,0,1,1,0
5625,1374389536346,0,1,1,0
5624,1649267442505,0,2,0,0
5624,1924145349304,0,3,0,0
5625,1374389536347,0,1,1,0
5625,1649267442505,0,2,0,0
5625,1924145349304,0,3,0,0
5626,1374389536348,0,1,0,0
5626,1649267442505,0,2,0,0
5626,1924145349304,0,3,0,0
5627,1374389536348,0,1,0,0
5627,1649267442505,0,2,0,0
5627,1924145349304,0,3,0,0
5628,1374389536348,0,1,0,0
5629,1374389536348,0,1,1,0
5628,1649267442505,0,2,0,0
5628,1924145349304,0,3,0,0
5629,1374389536349,0,1,0,0
5629,1649267442505,0,2,0,0
5629,1924145349304,0,3,0,0
5630,1374389536349,0,1,0,0
5630,1649267442505,0,2,0,0
5630,1924145349304,0,3,0,0
5631,1374389536349,0,1,0,0
5632,1374389536349,0,1,1,0
5631,1649267442505,0,2,0,0
5631,1924145349304,0,3,0,0
5632,1649267442505,0,2,0,0
5632,1924145349304,0,3,0,0
5633,1649267442505,0,2,0,0
5633,1924145349304,0,3,0,0
5634,1649267442505,0,2,0,0
5634,1924145349304,0,3,0,0
5635,1649267442505,0,2,0,0
5635,1924145349304,0,3,0,0
5636,1649267442505,0,2,0,0
5636,1924145349304,0,3,0,0
5632,6871947675230,0,1,1,0
5638,1374389536395,0,1,1,0
5637,1649267442505,0,2,0,0
5637,1924145349304,0,3,0,0
5638,1374389536396,0,1,1,0
5638,1649267442505,0,2,0,0
5638,1924145349304,0,3,0,0
5639,1374389536397,0,1,0,0
5639,1649267442505,0,2,0,0
5639,1924145349304,0,3,0,0
5640,1374389536397,0,1,0,0
5640,1649267442505,0,2,0,0
5640,1924145349304,0,3,0,0
5641,1374389536397,0,1,0,0
5642,1374389536397,0,1,1,0
5641,1649267442505,0,2,0,0
5641,1924145349304,0,3,0,0
5642,1374389536398,0,1,0,0
5642,1649267442505,0,2,0,0
5642,1924145349304,0,3,0,0
5643,1374389536398,0,1,0,0
5643,1649267442505,0,2,0,0
5643,1924145349304,0,3,0,0
5644,1374389536398,0,1,0,0
5645,1374389536398,0,1,1,0
5644,1649267442505,0,2,0,0
5644,1924145349304,0,3,0,0
5645,6871947675279,0,1,1,0
5646,1374389536400,0,1,1,0
5645,1649267442505,0,2,0,0
5645,1924145349304,0,3,0,0
5646,1374389536401,0,1,1,0
5647,1374389536402,0,1,1,0
5646,1649267442505,0,2,0,0
5646,1924145349304,0,3,0,0
5647,1374389536403,0,1,1,0
5648,1374389536404,0,1,1,0
5647,1649267442505,0,2,0,0
5647,1924145349304,0,3,0,0
5648,1374389536405,0,1,1,0
5648,1649267442505,0,2,0,0
5648,1924145349304,0,3,0,0
5649,1374389536406,0,1,0,0
5649,1649267442505,0,2,0,0
5649,1924145349304,0,3,0,0
5650,1374389536406,0,1,0,0
5651,1374389536406,0,1,1,0
5650,1649267442505,0,2,0,0
5650,1924145349304,0,3,0,0
5651,1374389536407,0,1,1,0
5652,1374389536408,0,1,1,0
5651,1649267442505,0,2,0,0
5651,1924145349304,0,3,0,0
5652,1374389536409,0,1,0,0
5652,1649267442505,0,2,0,0
5652,1924145349304,0,3,0,0
5653,1374389536409,0,1,0,0
5653,1649267442505,0,2,0,0
5653,1924145349304,0,3,0,0
5654,1374389536409,0,1,0,0
5654,1649267442505,0,2,0,0
5654,1924145349304,0,3,0,0
5655,1374389536409,0,1,0,0
5656,1374389536409,0,1,1,0
5655,1649267442505,0,2,0,0
5655,1924145349304,0,3,0,0
5656,1374389536410,0,1,1,0
5656,1649267442505,0,2,0,0
5656,1924145349304,0,3,0,0
5657,1374389536411,0,1,0,0
5657,1649267442505,0,2,0,0
5657,1924145349304,0,3,0,0
5658,1374389536411,0,1,0,0
5658,1649267442505,0,2,0,0
5658,1924145349304,0,3,0,0
5659,1374389536411,0,1,0,0
5660,1374389536411,0,1,1,0
5659,1649267442505,0,2,0,0
5659,1924145349304,0,3,0,0
5660,1374389536412,0,1,0,0
5660,1649267442505,0,2,0,0
5660,1924145349304,0,3,0,0
5661,1374389536412,0,1,0,0
5661,1649267442505,0,2,0,0
5661,1924145349304,0,3,0,0
5662,1374389536412,0,1,0,0
5662,1649267442505,0,2,0,0
5662,1924145349304,0,3,0,0
5663,1374389536412,0,1,0,0
5664,1374389536412,0,1,1,0
5663,1649267442505,0,2,0,0
5663,1924145349304,0,3,0,0
5664,1374389536413,0,1,0,0
5664,1649267442505,0,2,0,0
5664,1924145349304,0,3,0,0
5665,1374389536413,0,1,1,0
5665,1649267442505,0,2,0,0
5665,1924145349304,0,3,0,0
5666,1374389536414,0,1,1,0
5666,1649267442505,0,2,0,0
5666,1924145349304,0,3,0,0
5667,1374389536415,0,1,1,0
5668,1374389536416,0,1,1,0
5667,1649267442505,0,2,0,0
5667,1924145349304,0,3,0,0
5668,1374389536417,0,1,1,0
5668,1649267442505,0,2,0,0
5668,1924145349304,0,3,0,0
5669,1374389536418,0,1,0,0
5669,1649267442505,0,2,0,0
5669,1924145349304,0,3,0,0
5670,1374389536418,0,1,0,0
5671,1374389536418,0,1,1,0
5670,1649267442505,0,2,0,0
5670,1924145349304,0,3,0,0
5671,1374389536419,0,1,0,0
5671,1649267442505,0,2,0,0
5671,1924145349304,0,3,0,0
5672,1374389536419,0,1,1,0
5673,1374389536420,0,1,1,0
5672,1649267442505,0,2,0,0
5672,1924145349304,0,3,0,0
5673,1374389536421,0,1,1,0
5674,1374389536422,0,1,1,0
5673,1649267442505,0,2,0,0
5673,1924145349304,0,3,0,0
5674,1374389536423,0,1,1,0
5675,1374389536424,0,1,1,0
5674,1649267442505,0,2,0,0
5674,1924145349304,0,3,0,0
5675,1374389536425,0,1,1,0
5675,1649267442505,0,2,0,0
5675,1924145349304,0,3,0,0
5676,1374389536426,0,1,0,0
5676,1649267442505,0,2,0,0
5676,1924145349304,0,3,0,0
5677,1374389536426,0,1,0,0
5678,1374389536426,0,1,1,0
5677,1649267442505,0,2,0,0
5677,1924145349304,0,3,0,0
5678,1374389536427,0,1,1,0
5679,1374389536428,0,1,1,0
5678,1649267442505,0,2,0,0
5678,1924145349304,0,3,0,0
5679,1374389536429,0,1,0,0
5679,1649267442505,0,2,0,0
5679,1924145349304,0,3,0,0
5680,1374389536429,0,1,0,0
5680,1649267442505,0,2,0,0
5680,1924145349304,0,3,0,0
5681,1374389536429,0,1,0,0
5681,1649267442505,0,2,0,0
5681,1924145349304,0,3,0,0
5682,1374389536429,0,1,0,0
5683,1374389536429,0,1,1,0
5682,1649267442505,0,2,0,0
5682,1924145349304,0,3,0,0
5683,1374389536430,0,1,1,0
5683,1649267442505,0,2,0,0
5683,1924145349304,0,3,0,0
5684,1374389536431,0,1,1,0
5684,1649267442505,0,2,0,0
5684,1924145349304,0,3,0,0
5685,1374389536432,0,1,0,0
5685,1649267442505,0,2,0,0
5685,1924145349304,0,3,0,0
5686,1374389536432,0,1,0,0
5687,1374389536432,0,1,1,0
5686,1649267442505,0,2,0,0
5686,1924145349304,0,3,0,0
5687,1374389536433,0,1,0,0
5687,1649267442505,0,2,0,0
5687,1924145349304,0,3,0,0
5688,1374389536433,0,1,0,0
5688,1649267442505,0,2,0,0
5688,1924145349304,0,3,0,0
5689,1374389536433,0,1,0,0
5690,1374389536433,0,1,1,0
5689,1649267442505,0,2,0,0
5689,1924145349304,0,3,0,0
5690,1374389536434,0,1,0,0
5691,1374389536434,0,1,1,0
5690,1649267442505,0,2,0,0
5690,1924145349304,0,3,0,0
5691,1374389536435,0,1,0,0
5691,1649267442505,0,2,0,0
5691,1924145349304,0,3,0,0
5692,1374389536435,0,1,1,0
5692,1649267442505,0,2,0,0
5692,1924145349304,0,3,0,0
5693,1374389536436,0,1,1,0
5693,1649267442505,0,2,0,0
5693,1924145349304,0,3,0,0
5694,1374389536437,0,1,1,0
5695,1374389536438,0,1,1,0
5694,1649267442505,0,2,0,0
5694,1924145349304,0,3,0,0
5695,1374389536439,0,1,0,0
5695,1649267442505,0,2,0,0
5695,1924145349304,0,3,0,0
5696,1374389536439,0,1,0,0
5696,1649267442505,0,2,0,0
5696,1924145349304,0,3,0,0
5697,1374389536439,0,1,0,0
5698,1374389536439,0,1,1,0
5697,1649267442505,0,2,0,0
5697,1924145349304,0,3,0,0
5698,1374389536440,0,1,1,0
5699,1374389536441,0,1,1,0
5698,1649267442505,0,2,0,0
5698,1924145349304,0,3,0,0
5699,1374389536442,0,1,1,0
5699,1649267442505,0,2,0,0
5699,1924145349304,0,3,0,0
5700,1374389536443,0,1,1,0
5701,1374389536444,0,1,1,0
5700,1649267442505,0,2,0,0
5700,1924145349304,0,3,0,0
5701,1374389536445,0,1,0,0
5701,1649267442505,0,2,0,0
5701,1924145349304,0,3,0,0
5702,1374389536445,0,1,0,0
5702,1649267442505,0,2,0,0
5702,1924145349304,0,3,0,0
5703,1374389536445,0,1,0,0
5704,1374389536445,0,1,1,0
5703,1649267442505,0,2,0,0
5703,1924145349304,0,3,0,0
5704,1374389536446,0,1,0,0
5704,1649267442505,0,2,0,0
5704,1924145349304,0,3,0,0
5705,1374389536446,0,1,0,0
5706,1374389536446,0,1,1,0
5705,1649267442505,0,2,0,0
5705,1924145349304,0,3,0,0
5706,1374389536447,0,1,0,0
5706,1649267442505,0,2,0,0
5706,1924145349304,0,3,0,0
5707,1374389536447,0,1,1,0
5707,1649267442505,0,2,0,0
5707,1924145349304,0,3,0,0
5708,1374389536448,0,1,1,0
5708,1649267442505,0,2,0,0
5708,1924145349304,0,3,0,0
5709,1374389536449,0,1,1,0
5709,1649267442505,0,2,0,0
5709,1924145349304,0,3,0,0
5710,1374389536450,0,1,1,0
5710,1649267442505,0,2,0,0
5710,1924145349304,0,3,0,0
5711,1374389536451,0,1,1,0
5712,1374389536452,0,1,1,0
5711,1649267442505,0,2,0,0
5711,1924145349304,0,3,0,0
5712,1374389536453,0,1,0,0
5712,1649267442505,0,2,0,0
5712,1924145349304,0,3,0,0
5713,1374389536453,0,1,0,0
5714,1374389536453,0,1,1,0
5713,1649267442505,0,2,0,0
5713,1924145349304,0,3,0,0
5714,1374389536454,0,1,0,0
5714,1649267442505,0,2,0,0
5714,1924145349304,0,3,0,0
5715,1374389536454,0,1,1,0
5716,1374389536455,0,1,1,0
5715,1649267442505,0,2,0,0
5715,1924145349304,0,3,0,0
5716,1374389536456,0,1,1,0
5716,1649267442505,0,2,0,0
5716,1924145349304,0,3,0,0
5717,1374389536457,0,1,1,0
5717,1649267442505,0,2,0,0
5717,1924145349304,0,3,0,0
5718,1374389536458,0,1,0,0
5718,1649267442505,0,2,0,0
5718,1924145349304,0,3,0,0
5719,1374389536458,0,1,0,0
5720,1374389536458,0,1,1,0
5719,1649267442505,0,2,0,0
5719,1924145349304,0,3,0,0
5720,1374389536459,0,1,0,0
5720,1649267442505,0,2,0,0
5720,1924145349304,0,3,0,0
5721,1374389536459,0,1,0,0
5721,1649267442505,0,2,0,0
5721,1924145349304,0,3,0,0
5722,1374389536459,0,1,0,0
5723,1374389536459,0,1,1,0
5722,1649267442505,0,2,0,0
5722,1924145349304,0,3,0,0
5723,1649267442505,0,2,0,0
5723,1924145349304,0,3,0,0
5724,1649267442505,0,2,0,0
5724,1924145349304,0,3,0,0
5725,1649267442505,0,2,0,0
5725,1924145349304,0,3,0,0
5726,1649267442505,0,2,0,0
5726,1924145349304,0,3,0,0
5727,1649267442505,0,2,0,0
5727,1924145349304,0,3,0,0
5723,6871947675340,0,1,1,0
5729,1374389536504,0,1,1,0
5728,1649267442505,0,2,0,0
5728,1924145349304,0,3,0,0
5729,1374389536505,0,1,1,0
5729,1649267442505,0,2,0,0
5729,1924145349304,0,3,0,0
5730,1374389536506,0,1,0,0
5730,1649267442505,0,2,0,0
5730,1924145349304,0,3,0,0
5731,1374389536506,0,1,0,0
5731,1649267442505,0,2,0,0
5731,1924145349304,0,3,0,0
5732,1374389536506,0,1,0,0
5733,1374389536506,0,1,1,0
5732,1649267442505,0,2,0,0
5732,1924145349304,0,3,0,0
5733,1374389536507,0,1,0,0
5733,1649267442505,0,2,0,0
5733,1924145349304,0,3,0,0
5734,1374389536507,0,1,0,0
5734,1649267442505,0,2,0,0
5734,1924145349304,0,3,0,0
5735,1374389536507,0,1,0,0
5735,1649267442505,0,2,0,0
5735,1924145349304,0,3,0,0
5736,1374389536507,0,1,0,0
5737,1374389536507,0,1,1,0
5736,1649267442505,0,2,0,0
5736,1924145349304,0,3,0,0
5737,1374389536508,0,1,0,0
5737,1649267442505,0,2,0,0
5737,1924145349304,0,3,0,0
5738,1374389536508,0,1,1,0
5739,1374389536509,0,1,1,0
5738,1649267442505,0,2,0,0
5738,1924145349304,0,3,0,0
5739,6871947675390,0,1,1,0
5739,1649267442505,0,2,0,0
5739,1924145349304,0,3,0,0
5740,1374389536511,0,1,1,0
5741,1374389536512,0,1,1,0
5740,1649267442505,0,2,0,0
5740,1924145349304,0,3,0,0
5741,1374389536513,0,1,1,0
5741,1649267442505,0,2,0,0
5741,1924145349304,0,3,0,0
5742,1374389536514,0,1,0,0
5742,1649267442505,0,2,0,0
5742,1924145349304,0,3,0,0
5743,1374389536514,0,1,0,0
5743,1649267442505,0,2,0,0
5743,1924145349304,0,3,0,0
5744,1374389536514,0,1,0,0
5745,1374389536514,0,1,1,0
5744,1649267442505,0,2,0,0
5744,1924145349304,0,3,0,0
5745,1374389536515,0,1,1,0
5746,1374389536516,0,1,1,0
5745,1649267442505,0,2,0,0
5745,1924145349304,0,3,0,0
5746,1374389536517,0,1,1,0
5746,1649267442505,0,2,0,0
5746,1924145349304,0,3,0,0
5747,1374389536518,0,1,1,0
5748,1374389536519,0,1,1,0
5747,1649267442505,0,2,0,0
5747,1924145349304,0,3,0,0
5748,1374389536520,0,1,1,0
5748,1649267442505,0,2,0,0
5748,1924145349304,0,3,0,0
5749,1374389536521,0,1,0,0
5749,1649267442505,0,2,0,0
5749,1924145349304,0,3,0,0
5750,1374389536521,0,1,0,0
5751,1374389536521,0,1,1,0
5750,1649267442505,0,2,0,0
5750,1924145349304,0,3,0,0
5751,1374389536522,0,1,0,0
5751,1649267442505,0,2,0,0
5751,1924145349304,0,3,0,0
5752,1374389536522,0,1,0,0
5753,1374389536522,0,1,1,0
5752,1649267442505,0,2,0,0
5752,1924145349304,0,3,0,0
5753,1374389536523,0,1,0,0
5753,1649267442505,0,2,0,0
5753,1924145349304,0,3,0,0
5754,1374389536523,0,1,1,0
5754,1649267442505,0,2,0,0
5754,1924145349304,0,3,0,0
5755,1374389536524,0,1,1,0
5755,1649267442505,0,2,0,0
5755,1924145349304,0,3,0,0
5756,1374389536525,0,1,1,0
5757,1374389536526,0,1,1,0
5756,1649267442505,0,2,0,0
5756,1924145349304,0,3,0,0
5757,1374389536527,0,1,0,0
5757,1649267442505,0,2,0,0
5757,1924145349304,0,3,0,0
5758,1374389536527,0,1,0,0
5758,1649267442505,0,2,0,0
5758,1924145349304,0,3,0,0
5759,1374389536527,0,1,0,0
5759,1649267442505,0,2,0,0
5759,1924145349304,0,3,0,0
5760,1374389536527,0,1,0,0
5761,1374389536527,0,1,1,0
5760,1649267442505,0,2,0,0
5760,1924145349304,0,3,0,0
5761,1374389536528,0,1,0,0
5762,1374389536528,0,1,1,0
5761,1649267442505,0,2,0,0
5761,1924145349304,0,3,0,0
5762,6871947675409,0,1,1,0
5762,1649267442505,0,2,0,0
5762,1924145349304,0,3,0,0
5763,1374389536530,0,1,1,0
5763,1649267442505,0,2,0,0
5763,1924145349304,0,3,0,0
5764,1374389536531,0,1,1,0
5765,1374389536532,0,1,1,0
5764,1649267442505,0,2,0,0
5764,1924145349304,0,3,0,0
5765,1374389536533,0,1,0,0
5765,1649267442505,0,2,0,0
5765,1924145349304,0,3,0,0
5766,1374389536533,0,1,0,0
5767,1374389536533,0,1,1,0
5766,1649267442505,0,2,0,0
5766,1924145349304,0,3,0,0
5767,1374389536534,0,1,0,0
5768,1374389536534,0,1,1,0
5767,1649267442505,0,2,0,0
5767,1924145349304,0,3,0,0
5768,1374389536535,0,1,1,0
5769,1374389536536,0,1,1,0
5768,1649267442505,0,2,0,0
5768,1924145349304,0,3,0,0
5769,1374389536537,0,1,1,0
5770,1374389536538,0,1,1,0
5769,1649267442505,0,2,0,0
5769,1924145349304,0,3,0,0
5770,1374389536539,0,1,1,0
5770,1649267442505,0,2,0,0
5770,1924145349304,0,3,0,0
5771,1374389536540,0,1,0,0
5771,1649267442505,0,2,0,0
5771,1924145349304,0,3,0,0
5772,1374389536540,0,1,0,0
5772,1649267442505,0,2,0,0
5772,1924145349304,0,3,0,0
5773,1374389536540,0,1,0,0
5774,1374389536540,0,1,1,0
5773,1649267442505,0,2,0,0
5773,1924145349304,0,3,0,0
5774,1374389536541,0,1,0,0
5774,1649267442505,0,2,0,0
5774,1924145349304,0,3,0,0
5775,1374389536541,0,1,0,0
5775,1649267442505,0,2,0,0
5775,1924145349304,0,3,0,0
5776,1374389536541,0,1,0,0
5777,1374389536541,0,1,1,0
5776,1649267442505,0,2,0,0
5776,1924145349304,0,3,0,0
5777,1649267442505,0,2,0,0
5777,1924145349304,0,3,0,0
5778,1649267442505,0,2,0,0
5778,1924145349304,0,3,0,0
5779,1649267442505,0,2,0,0
5779,1924145349304,0,3,0,0
5780,1649267442505,0,2,0,0
5780,1924145349304,0,3,0,0
5781,1649267442505,0,2,0,0
5781,1924145349304,0,3,0,0
5777,6871947675422,0,1,1,0
5783,1374389536587,0,1,1,0
5782,1649267442505,0,2,0,0
5782,1924145349304,0,3,0,0
5783,1374389536588,0,1,1,0
5783,1649267442505,0,2,0,0
5783,1924145349304,0,3,0,0
5784,1374389536589,0,1,0,0
5784,1649267442505,0,2,0,0
5784,1924145349304,0,3,0,0
5785,1374389536589,0,1,0,0
5785,1649267442505,0,2,0,0
5785,1924145349304,0,3,0,0
5786,1374389536589,0,1,0,0
5787,1374389536589,0,1,1,0
5786,1649267442505,0,2,0,0
5786,1924145349304,0,3,0,0
5787,1374389536590,0,1,0,0
5787,1649267442505,0,2,0,0
5787,1924145349304,0,3,0,0
5788,1374389536590,0,1,0,0
5788,1649267442505,0,2,0,0
5788,1924145349304,0,3,0,0
5789,1374389536590,0,1,0,0
5790,1374389536590,0,1,1,0
5789,1649267442505,0,2,0,0
5789,1924145349304,0,3,0,0
5790,1649267442505,0,2,0,0
5790,1924145349304,0,3,0,0
5791,1649267442505,0,2,0,0
5791,1924145349304,0,3,0,0
5792,1649267442505,0,2,0,0
5792,1924145349304,0,3,0,0
5793,1649267442505,0,2,0,0
5793,1924145349304,0,3,0,0
5794,1649267442505,0,2,0,0
5794,1924145349304,0,3,0,0
5790,6871947675471,0,1,1,0
5796,1374389536618,0,1,1,0
5795,1649267442505,0,2,0,0
5795,1924145349304,0,3,0,0
5796,1374389536619,0,1,1,0
5797,1374389536620,0,1,1,0
5796,1649267442505,0,2,0,0
5796,1924145349304,0,3,0,0
5797,1374389536621,0,1,1,0
5798,1374389536622,0,1,1,0
5797,1649267442505,0,2,0,0
5797,1924145349304,0,3,0,0
5798,1374389536623,0,1,1,0
5798,1649267442505,0,2,0,0
5798,1924145349304,0,3,0,0
5799,1374389536624,0,1,0,0
5799,1649267442505,0,2,0,0
5799,1924145349304,0,3,0,0
5800,1374389536624,0,1,0,0
5801,1374389536624,0,1,1,0
5800,1649267442505,0,2,0,0
5800,1924145349304,0,3,0,0
5801,1374389536625,0,1,1,0
5802,1374389536626,0,1,1,0
5801,1649267442505,0,2,0,0
5801,1924145349304,0,3,0,0
5802,1374389536627,0,1,0,0
5802,1649267442505,0,2,0,0
5802,1924145349304,0,3,0,0
5803,1374389536627,0,1,0,0
5803,1649267442505,0,2,0,0
5803,1924145349304,0,3,0,0
5804,1374389536627,0,1,0,0
5804,1649267442505,0,2,0,0
5804,1924145349304,0,3,0,0
5805,1374389536627,0,1,0,0
5806,1374389536627,0,1,1,0
5805,1649267442505,0,2,0,0
5805,1924145349304,0,3,0,0
5806,1374389536628,0,1,1,0
5806,1649267442505,0,2,0,0
5806,1924145349304,0,3,0,0
5807,1374389536629,0,1,0,0
5807,1649267442505,0,2,0,0
5807,1924145349304,0,3,0,0
5808,1374389536629,0,1,0,0
5808,1649267442505,0,2,0,0
5808,1924145349304,0,3,0,0
5809,1374389536629,0,1,0,0
5810,1374389536629,0,1,1,0
5809,1649267442505,0,2,0,0
5809,1924145349304,0,3,0,0
5810,1374389536630,0,1,0,0
5810,1649267442505,0,2,0,0
5810,1924145349304,0,3,0,0
5811,1374389536630,0,1,0,0
5811,1649267442505,0,2,0,0
5811,1924145349304,0,3,0,0
5812,1374389536630,0,1,0,0
5812,1649267442505,0,2,0,0
5812,1924145349304,0,3,0,0
5813,1374389536630,0,1,0,0
5814,1374389536630,0,1,1,0
5813,1649267442505,0,2,0,0
5813,1924145349304,0,3,0,0
5814,1374389536631,0,1,0,0
5814,1649267442505,0,2,0,0
5814,1924145349304,0,3,0,0
5815,1374389536631,0,1,1,0
5815,1649267442505,0,2,0,0
5815,1924145349304,0,3,0,0
5816,1374389536632,0,1,1,0
5816,1649267442505,0,2,0,0
5816,1924145349304,0,3,0,0
5817,1374389536633,0,1,1,0
5818,1374389536634,0,1,1,0
5817,1649267442505,0,2,0,0
5817,1924145349304,0,3,0,0
5818,1374389536635,0,1,1,0
5818,1649267442505,0,2,0,0
5818,1924145349304,0,3,0,0
5819,1374389536636,0,1,0,0
5819,1649267442505,0,2,0,0
5819,1924145349304,0,3,0,0
5820,1374389536636,0,1,0,0
5821,1374389536636,0,1,1,0
5820,1649267442505,0,2,0,0
5820,1924145349304,0,3,0,0
5821,1374389536637,0,1,0,0
5821,1649267442505,0,2,0,0
5821,1924145349304,0,3,0,0
5822,1374389536637,0,1,1,0
5823,1374389536638,0,1,1,0
5822,1649267442505,0,2,0,0
5822,1924145349304,0,3,0,0
5823,1374389536639,0,1,1,0
5824,1374389536640,0,1,1,0
5823,1649267442505,0,2,0,0
5823,1924145349304,0,3,0,0
5824,1374389536641,0,1,1,0
5825,1374389536642,0,1,1,0
5824,1649267442505,0,2,0,0
5824,1924145349304,0,3,0,0
5825,1374389536643,0,1,1,0
5825,1649267442505,0,2,0,0
5825,1924145349304,0,3,0,0
5826,1374389536644,0,1,0,0
5826,1649267442505,0,2,0,0
5826,1924145349304,0,3,0,0
5827,1374389536644,0,1,0,0
5828,1374389536644,0,1,1,0
5827,1649267442505,0,2,0,0
5827,1924145349304,0,3,0,0
5828,1374389536645,0,1,1,0
5829,1374389536646,0,1,1,0
5828,1649267442505,0,2,0,0
5828,1924145349304,0,3,0,0
5829,1374389536647,0,1,0,0
5829,1649267442505,0,2,0,0
5829,1924145349304,0,3,0,0
5830,1374389536647,0,1,0,0
5830,1649267442505,0,2,0,0
5830,1924145349304,0,3,0,0
5831,1374389536647,0,1,0,0
5831,1649267442505,0,2,0,0
5831,1924145349304,0,3,0,0
5832,1374389536647,0,1,0,0
5833,1374389536647,0,1,1,0
5832,1649267442505,0,2,0,0
5832,1924145349304,0,3,0,0
5833,1374389536648,0,1,1,0
5833,1649267442505,0,2,0,0
5833,1924145349304,0,3,0,0
5834,1374389536649,0,1,1,0
5834,1649267442505,0,2,0,0
5834,1924145349304,0,3,0,0
5835,1374389536650,0,1,0,0
5835,1649267442505,0,2,0,0
5835,1924145349304,0,3,0,0
5836,1374389536650,0,1,0,0
5837,1374389536650,0,1,1,0
5836,1649267442505,0,2,0,0
5836,1924145349304,0,3,0,0
5837,1374389536651,0,1,0,0
5837,1649267442505,0,2,0,0
5837,1924145349304,0,3,0,0
5838,1374389536651,0,1,0,0
5838,1649267442505,0,2,0,0
5838,1924145349304,0,3,0,0
5839,1374389536651,0,1,0,0
5840,1374389536651,0,1,1,0
5839,1649267442505,0,2,0,0
5839,1924145349304,0,3,0,0
5840,1374389536652,0,1,0,0
5841,1374389536652,0,1,1,0
5840,1649267442505,0,2,0,0
5840,1924145349304,0,3,0,0
5841,1374389536653,0,1,0,0
5841,1649267442505,0,2,0,0
5841,1924145349304,0,3,0,0
5842,1374389536653,0,1,1,0
5843,1374389536654,0,1,1,0
5842,1649267442505,0,2,0,0
5842,1924145349304,0,3,0,0
5843,1374389536655,0,1,1,0
5843,1649267442505,0,2,0,0
5843,1924145349304,0,3,0,0
5844,1374389536656,0,1,0,0
5844,1649267442505,0,2,0,0
5844,1924145349304,0,3,0,0
5845,1374389536656,0,1,0,0
5845,1649267442505,0,2,0,0
5845,1924145349304,0,3,0,0
5846,1374389536656,0,1,0,0
5847,1374389536656,0,1,1,0
5846,1649267442505,0,2,0,0
5846,1924145349304,0,3,0,0
5847,1374389536657,0,1,0,0
5847,1649267442505,0,2,0,0
5847,1924145349304,0,3,0,0
5848,1374389536657,0,1,0,0
5848,1649267442505,0,2,0,0
5848,1924145349304,0,3,0,0
5849,1374389536657,0,1,0,0
5849,1649267442505,0,2,0,0
5849,1924145349304,0,3,0,0
5850,1374389536657,0,1,0,0
5851,1374389536657,0,1,1,0
5850,1649267442505,0,2,0,0
5850,1924145349304,0,3,0,0
5851,1374389536658,0,1,1,0
5852,1374389536659,0,1,1,0
5851,1649267442505,0,2,0,0
5851,1924145349304,0,3,0,0
5852,1374389536660,0,1,1,0
5852,1649267442505,0,2,0,0
5852,1924145349304,0,3,0,0
5853,1374389536661,0,1,1,0
5853,1649267442505,0,2,0,0
5853,1924145349304,0,3,0,0
5854,1374389536662,0,1,1,0
5855,1374389536663,0,1,1,0
5854,1649267442505,0,2,0,0
5854,1924145349304,0,3,0,0
5855,1374389536664,0,1,0,0
5856,1374389536664,0,1,1,0
5855,1649267442505,0,2,0,0
5855,1924145349304,0,3,0,0
5856,1374389536665,0,1,0,0
5856,1649267442505,0,2,0,0
5856,1924145349304,0,3,0,0
5857,1374389536665,0,1,1,0
5857,1649267442505,0,2,0,0
5857,1924145349304,0,3,0,0
5858,1374389536666,0,1,0,0
5858,1649267442505,0,2,0,0
5858,1924145349304,0,3,0,0
5859,1374389536666,0,1,0,0
5860,1374389536666,0,1,1,0
5859,1649267442505,0,2,0,0
5859,1924145349304,0,3,0,0
5860,1374389536667,0,1,0,0
5860,1649267442505,0,2,0,0
5860,1924145349304,0,3,0,0
5861,1374389536667,0,1,0,0
5861,1649267442505,0,2,0,0
5861,1924145349304,0,3,0,0
5862,1374389536667,0,1,0,0
5863,1374389536667,0,1,1,0
5862,1649267442505,0,2,0,0
5862,1924145349304,0,3,0,0
5863,1649267442505,0,2,0,0
5863,1924145349304,0,3,0,0
5864,1649267442505,0,2,0,0
5864,1924145349304,0,3,0,0
5865,1649267442505,0,2,0,0
5865,1924145349304,0,3,0,0
5866,1649267442505,0,2,0,0
5866,1924145349304,0,3,0,0
5867,1649267442505,0,2,0,0
5867,1924145349304,0,3,0,0
5863,6871947675548,0,1,1,0
5869,1374389536714,0,1,1,0
5868,1649267442505,0,2,0,0
5868,1924145349304,0,3,0,0
5869,1374389536715,0,1,1,0
5869,1649267442505,0,2,0,0
5869,1924145349304,0,3,0,0
5870,1374389536716,0,1,0,0
5870,1649267442505,0,2,0,0
5870,1924145349304,0,3,0,0
5871,1374389536716,0,1,0,0
5871,1649267442505,0,2,0,0
5871,1924145349304,0,3,0,0
5872,1374389536716,0,1,0,0
5873,1374389536716,0,1,1,0
5872,1649267442505,0,2,0,0
5872,1924145349304,0,3,0,0
5873,1374389536717,0,1,0,0
5873,1649267442505,0,2,0,0
5873,1924145349304,0,3,0,0
5874,1374389536717,0,1,0,0
5874,1649267442505,0,2,0,0
5874,1924145349304,0,3,0,0
5875,1374389536717,0,1,0,0
5875,1649267442505,0,2,0,0
5875,1924145349304,0,3,0,0
5876,1374389536717,0,1,0,0
5877,1374389536717,0,1,1,0
5876,1649267442505,0,2,0,0
5876,1924145349304,0,3,0,0
5877,1374389536718,0,1,0,0
5877,1649267442505,0,2,0,0
5877,1924145349304,0,3,0,0
5878,1374389536718,0,1,1,0
5878,1649267442505,0,2,0,0
5878,1924145349304,0,3,0,0
5879,1374389536719,0,1,1,0
5879,1649267442505,0,2,0,0
5879,1924145349304,0,3,0,0
5880,1374389536720,0,1,1,0
5880,1649267442505,0,2,0,0
5880,1924145349304,0,3,0,0
5881,1374389536721,0,1,1,0
5882,1374389536722,0,1,1,0
5881,1649267442505,0,2,0,0
5881,1924145349304,0,3,0,0
5882,1374389536723,0,1,0,0
5882,1649267442505,0,2,0,0
5882,1924145349304,0,3,0,0
5883,1374389536723,0,1,0,0
5884,1374389536723,0,1,1,0
5883,1649267442505,0,2,0,0
5883,1924145349304,0,3,0,0
5884,1374389536724,0,1,1,0
5885,1374389536725,0,1,1,0
5884,1649267442505,0,2,0,0
5884,1924145349304,0,3,0,0
5885,1374389536726,0,1,1,0
5886,1374389536727,0,1,1,0
5885,1649267442505,0,2,0,0
5885,1924145349304,0,3,0,0
5886,1374389536728,0,1,1,0
5886,1649267442505,0,2,0,0
5886,1924145349304,0,3,0,0
5887,1374389536729,0,1,1,0
5887,1649267442505,0,2,0,0
5887,1924145349304,0,3,0,0
5888,1374389536730,0,1,1,0
5888,1649267442505,0,2,0,0
5888,1924145349304,0,3,0,0
5889,1374389536731,0,1,1,0
5890,1374389536732,0,1,1,0
5889,1649267442505,0,2,0,0
5889,1924145349304,0,3,0,0
5890,1374389536733,0,1,0,0
5890,1649267442505,0,2,0,0
5890,1924145349304,0,3,0,0
5891,1374389536733,0,1,0,0
5892,1374389536733,0,1,1,0
5891,1649267442505,0,2,0,0
5891,1924145349304,0,3,0,0
5892,1374389536734,0,1,0,0
5893,1374389536734,0,1,1,0
5892,1649267442505,0,2,0,0
5892,1924145349304,0,3,0,0
5893,1374389536735,0,1,1,0
5894,1374389536736,0,1,1,0
5893,1649267442505,0,2,0,0
5893,1924145349304,0,3,0,0
5894,1374389536737,0,1,1,0
5895,1374389536738,0,1,1,0
5894,1649267442505,0,2,0,0
5894,1924145349304,0,3,0,0
5895,1374389536739,0,1,1,0
5895,1649267442505,0,2,0,0
5895,1924145349304,0,3,0,0
5896,1374389536740,0,1,0,0
5896,1649267442505,0,2,0,0
5896,1924145349304,0,3,0,0
5897,1374389536740,0,1,0,0
5897,1649267442505,0,2,0,0
5897,1924145349304,0,3,0,0
5898,1374389536740,0,1,0,0
5899,1374389536740,0,1,1,0
5898,1649267442505,0,2,0,0
5898,1924145349304,0,3,0,0
5899,1374389536741,0,1,0,0
5899,1649267442505,0,2,0,0
5899,1924145349304,0,3,0,0
5900,1374389536741,0,1,0,0
5900,1649267442505,0,2,0,0
5900,1924145349304,0,3,0,0
5901,1374389536741,0,1,0,0
5902,1374389536741,0,1,1,0
5901,1649267442505,0,2,0,0
5901,1924145349304,0,3,0,0
5902,1649267442505,0,2,0,0
5902,1924145349304,0,3,0,0
5903,1649267442505,0,2,0,0
5903,1924145349304,0,3,0,0
5904,1649267442505,0,2,0,0
5904,1924145349304,0,3,0,0
5905,1649267442505,0,2,0,0
5905,1924145349304,0,3,0,0
5906,1649267442505,0,2,0,0
5906,1924145349304,0,3,0,0
5902,6871947675622,0,1,1,0
5908,1374389536787,0,1,1,0
5907,1649267442505,0,2,0,0
5907,1924145349304,0,3,0,0
5908,1374389536788,0,1,1,0
5908,1649267442505,0,2,0,0
5908,1924145349304,0,3,0,0
5909,1374389536789,0,1,0,0
5909,1649267442505,0,2,0,0
5909,1924145349304,0,3,0,0
5910,1374389536789,0,1,0,0
5910,1649267442505,0,2,0,0
5910,1924145349304,0,3,0,0
5911,1374389536789,0,1,0,0
5912,1374389536789,0,1,1,0
5911,1649267442505,0,2,0,0
5911,1924145349304,0,3,0,0
5912,1374389536790,0,1,0,0
5912,1649267442505,0,2,0,0
5912,1924145349304,0,3,0,0
5913,1374389536790,0,1,0,0
5913,1649267442505,0,2,0,0
5913,1924145349304,0,3,0,0
5914,1374389536790,0,1,0,0
5915,1374389536790,0,1,1,0
5914,1649267442505,0,2,0,0
5914,1924145349304,0,3,0,0
5915,1649267442505,0,2,0,0
5915,1924145349304,0,3,0,0
5916,1649267442505,0,2,0,0
5916,1924145349304,0,3,0,0
5917,1649267442505,0,2,0,0
5917,1924145349304,0,3,0,0
5918,1649267442505,0,2,0,0
5918,1924145349304,0,3,0,0
5919,1649267442505,0,2,0,0
5919,1924145349304,0,3,0,0
5915,6871947675671,0,1,1,0
5921,1374389536817,0,1,1,0
5920,1649267442505,0,2,0,0
5920,1924145349304,0,3,0,0
5921,1374389536818,0,1,1,0
5922,1374389536819,0,1,1,0
5921,1649267442505,0,2,0,0
5921,1924145349304,0,3,0,0
5922,1374389536820,0,1,1,0
5923,1374389536821,0,1,1,0
5922,1649267442505,0,2,0,0
5922,1924145349304,0,3,0,0
5923,1374389536822,0,1,1,0
5923,1649267442505,0,2,0,0
5923,1924145349304,0,3,0,0
5924,1374389536823,0,1,0,0
5924,1649267442505,0,2,0,0
5924,1924145349304,0,3,0,0
5925,1374389536823,0,1,0,0
5926,1374389536823,0,1,1,0
5925,1649267442505,0,2,0,0
5925,1924145349304,0,3,0,0
5926,1374389536824,0,1,1,0
5927,1374389536825,0,1,1,0
5926,1649267442505,0,2,0,0
5926,1924145349304,0,3,0,0
5927,1374389536826,0,1,0,0
5927,1649267442505,0,2,0,0
5927,1924145349304,0,3,0,0
5928,1374389536826,0,1,0,0
5928,1649267442505,0,2,0,0
5928,1924145349304,0,3,0,0
5929,1374389536826,0,1,0,0
5929,1649267442505,0,2,0,0
5929,1924145349304,0,3,0,0
5930,1374389536826,0,1,0,0
5931,1374389536826,0,1,1,0
5930,1649267442505,0,2,0,0
5930,1924145349304,0,3,0,0
5931,1374389536827,0,1,1,0
5931,1649267442505,0,2,0,0
5931,1924145349304,0,3,0,0
5932,1374389536828,0,1,0,0
5932,1649267442505,0,2,0,0
5932,1924145349304,0,3,0,0
5933,1374389536828,0,1,0,0
5933,1649267442505,0,2,0,0
5933,1924145349304,0,3,0,0
5934,1374389536828,0,1,0,0
5935,1374389536828,0,1,1,0
5934,1649267442505,0,2,0,0
5934,1924145349304,0,3,0,0
5935,1374389536829,0,1,0,0
5935,1649267442505,0,2,0,0
5935,1924145349304,0,3,0,0
5936,1374389536829,0,1,0,0
5936,1649267442505,0,2,0,0
5936,1924145349304,0,3,0,0
5937,1374389536829,0,1,0,0
5937,1649267442505,0,2,0,0
5937,1924145349304,0,3,0,0
5938,1374389536829,0,1,0,0
5939,1374389536829,0,1,1,0
5938,1649267442505,0,2,0,0
5938,1924145349304,0,3,0,0
5939,1374389536830,0,1,0,0
5939,1649267442505,0,2,0,0
5939,1924145349304,0,3,0,0
5940,1374389536830,0,1,1,0
5940,1649267442505,0,2,0,0
5940,1924145349304,0,3,0,0
5941,1374389536831,0,1,1,0
5941,1649267442505,0,2,0,0
5941,1924145349304,0,3,0,0
5942,1374389536832,0,1,1,0
5943,1374389536833,0,1,1,0
5942,1649267442505,0,2,0,0
5942,1924145349304,0,3,0,0
5943,1374389536834,0,1,1,0
5943,1649267442505,0,2,0,0
5943,1924145349304,0,3,0,0
5944,1374389536835,0,1,0,0
5944,1649267442505,0,2,0,0
5944,1924145349304,0,3,0,0
5945,1374389536835,0,1,0,0
5946,1374389536835,0,1,1,0
5945,1649267442505,0,2,0,0
5945,1924145349304,0,3,0,0
5946,1374389536836,0,1,0,0
5946,1649267442505,0,2,0,0
5946,1924145349304,0,3,0,0
5947,1374389536836,0,1,1,0
5948,1374389536837,0,1,1,0
5947,1649267442505,0,2,0,0
5947,1924145349304,0,3,0,0
5948,1374389536838,0,1,1,0
5949,1374389536839,0,1,1,0
5948,1649267442505,0,2,0,0
5948,1924145349304,0,3,0,0
5949,1374389536840,0,1,1,0
5950,1374389536841,0,1,1,0
5949,1649267442505,0,2,0,0
5949,1924145349304,0,3,0,0
5950,1374389536842,0,1,1,0
5950,1649267442505,0,2,0,0
5950,1924145349304,0,3,0,0
5951,1374389536843,0,1,0,0
5951,1649267442505,0,2,0,0
5951,1924145349304,0,3,0,0
5952,1374389536843,0,1,0,0
5953,1374389536843,0,1,1,0
5952,1649267442505,0,2,0,0
5952,1924145349304,0,3,0,0
5953,1374389536844,0,1,1,0
5954,1374389536845,0,1,1,0
5953,1649267442505,0,2,0,0
5953,1924145349304,0,3,0,0
5954,1374389536846,0,1,0,0
5954,1649267442505,0,2,0,0
5954,1924145349304,0,3,0,0
5955,1374389536846,0,1,0,0
5955,1649267442505,0,2,0,0
5955,1924145349304,0,3,0,0
5956,1374389536846,0,1,0,0
5956,1649267442505,0,2,0,0
5956,1924145349304,0,3,0,0
5957,1374389536846,0,1,0,0
5958,1374389536846,0,1,1,0
5957,1649267442505,0,2,0,0
5957,1924145349304,0,3,0,0
5958,1374389536847,0,1,1,0
5958,1649267442505,0,2,0,0
5958,1924145349304,0,3,0,0
5959,1374389536848,0,1,1,0
5959,1649267442505,0,2,0,0
5959,1924145349304,0,3,0,0
5960,1374389536849,0,1,0,0
5960,1649267442505,0,2,0,0
5960,1924145349304,0,3,0,0
5961,1374389536849,0,1,0,0
5962,1374389536849,0,1,1,0
5961,1649267442505,0,2,0,0
5961,1924145349304,0,3,0,0
5962,1374389536850,0,1,0,0
5962,1649267442505,0,2,0,0
5962,1924145349304,0,3,0,0
5963,1374389536850,0,1,0,0
5963,1649267442505,0,2,0,0
5963,1924145349304,0,3,0,0
5964,1374389536850,0,1,0,0
5965,1374389536850,0,1,1,0
5964,1649267442505,0,2,0,0
5964,1924145349304,0,3,0,0
5965,1374389536851,0,1,0,0
5966,1374389536851,0,1,1,0
5965,1649267442505,0,2,0,0
5965,1924145349304,0,3,0,0
5966,1374389536852,0,1,0,0
5966,1649267442505,0,2,0,0
5966,1924145349304,0,3,0,0
5967,1374389536852,0,1,1,0
5967,1649267442505,0,2,0,0
5967,1924145349304,0,3,0,0
5968,1374389536853,0,1,1,0
5968,1649267442505,0,2,0,0
5968,1924145349304,0,3,0,0
5969,1374389536854,0,1,1,0
5970,1374389536855,0,1,1,0
5969,1649267442505,0,2,0,0
5969,1924145349304,0,3,0,0
5970,1374389536856,0,1,0,0
5970,1649267442505,0,2,0,0
5970,1924145349304,0,3,0,0
5971,1374389536856,0,1,0,0
5971,1649267442505,0,2,0,0
5971,1924145349304,0,3,0,0
5972,1374389536856,0,1,0,0
5973,1374389536856,0,1,1,0
5972,1649267442505,0,2,0,0
5972,1924145349304,0,3,0,0
5973,1374389536857,0,1,1,0
5974,1374389536858,0,1,1,0
5973,1649267442505,0,2,0,0
5973,1924145349304,0,3,0,0
5974,1374389536859,0,1,1,0
5974,1649267442505,0,2,0,0
5974,1924145349304,0,3,0,0
5975,1374389536860,0,1,1,0
5976,1374389536861,0,1,1,0
5975,1649267442505,0,2,0,0
5975,1924145349304,0,3,0,0
5976,1374389536862,0,1,0,0
5976,1649267442505,0,2,0,0
5976,1924145349304,0,3,0,0
5977,1374389536862,0,1,0,0
5977,1649267442505,0,2,0,0
5977,1924145349304,0,3,0,0
5978,1374389536862,0,1,0,0
5979,1374389536862,0,1,1,0
5978,1649267442505,0,2,0,0
5978,1924145349304,0,3,0,0
5979,1374389536863,0,1,0,0
5979,1649267442505,0,2,0,0
5979,1924145349304,0,3,0,0
5980,1374389536863,0,1,0,0
5981,1374389536863,0,1,1,0
5980,1649267442505,0,2,0,0
5981,1649267442505,0,2,1,0
5980,1924145349304,0,3,0,0
5981,1374389536864,0,1,0,0
5981,1649267442506,0,2,1,0
5981,1924145349304,0,3,0,0
5982,1924145349304,0,3,1,0
5982,1374389536864,0,1,1,0
5982,1649267442507,0,2,0,0
5982,1924145349305,0,3,1,0
5983,1374389536865,0,1,1,0
5983,1649267442507,0,2,0,0
5983,1924145349306,0,3,0,0
5984,1374389536866,0,1,1,0
5984,1649267442507,0,2,0,0
5985,1649267442507,0,2,1,0
5984,1924145349306,0,3,0,0
5985,1374389536867,0,1,1,0
5985,1649267442508,0,2,1,0
5986,1649267442509,0,2,1,0
5985,1924145349306,0,3,0,0
5986,1924145349306,0,3,1,0
5986,1374389536868,0,1,1,0
5987,1374389536869,0,1,1,0
5986,1649267442510,0,2,1,0
5987,1649267442511,0,2,1,0
5986,1924145349307,0,3,1,0
5987,1924145349308,0,3,1,0
5987,1374389536870,0,1,0,0
5987,1649267442512,0,2,1,0
5988,1649267442513,0,2,1,0
5987,1924145349309,0,3,1,0
5988,1924145349310,0,3,1,0
5988,1374389536870,0,1,0,0
5989,1374389536870,0,1,1,0
5988,1924145349311,0,3,1,0
5989,1924145349312,0,3,1,0
5989,1374389536871,0,1,0,0
5990,1374389536871,0,1,1,0
5991,1374389536872,0,1,1,0
5991,1374389536873,0,1,1,0
5992,1374389536874,0,1,1,0
5993,1374389536875,0,1,0,0
5988,7146825581394,0,2,1,0
5994,1374389536875,0,1,0,0
5995,1374389536875,0,1,1,0
5994,1649267443874,0,2,1,0
5989,7421703488193,0,3,1,0
5995,1374389536876,0,1,0,0
5995,1649267443875,0,2,1,0
5996,1649267443876,0,2,1,0
5995,1924145350823,0,3,1,0
5996,1374389536876,0,1,0,0
5996,1649267443877,0,2,1,0
5996,1924145350828,0,3,1,0
5997,1924145350829,0,3,1,0
5997,1374389536876,0,1,0,0
5998,1374389536876,0,1,1,0
5997,1649267443878,0,2,0,0
5997,1924145350830,0,3,1,0
5998,1649267443878,0,2,0,0
5998,1924145350831,0,3,0,0
5999,1649267443878,0,2,0,0
5999,1924145350831,0,3,0,0
6000,1649267443878,0,2,1,0
6001,1649267443880,0,2,1,0
6000,1924145350831,0,3,0,0
6001,1649267443881,0,2,1,0
6001,1924145350831,0,3,1,0
6002,1924145350837,0,3,1,0
6002,1649267443882,0,2,1,0
6003,1649267443883,0,2,1,0
6002,1924145350838,0,3,1,0
5998,6871947675757,0,1,1,0
6004,1374389537011,0,1,1,0
6003,4947802327217,0,2,1,0
6003,1924145350839,0,3,1,0
6004,1924145350840,0,3,1,0
6004,1374389537012,0,1,1,0
6004,4947802327217,0,2,1,0
6004,5222680234177,0,3,1,0
6005,1374389537013,0,1,0,0
6005,4947802327218,0,2,1,0
6006,4947802327218,0,2,1,0
6005,5222680234177,0,3,1,0
6006,1374389537013,0,1,0,0
6006,1649267443891,0,2,1,0
6007,1649267443892,0,2,1,0
6006,5222680234178,0,3,1,0
6007,5222680234178,0,3,1,0
6007,1374389537013,0,1,0,0
6008,1374389537013,0,1,1,0
6007,1649267443901,0,2,1,0
6008,1649267443902,0,2,1,0
6007,1924145350851,0,3,1,0
6008,1924145350852,0,3,1,0
6008,1374389537022,0,1,0,0
6008,1649267443903,0,2,1,0
6009,1649267443904,0,2,1,0
6008,1924145350861,0,3,1,0
6009,1924145350862,0,3,1,0
6009,1374389537022,0,1,0,0
6009,4947802327241,0,2,0,0
6010,4947802327241,0,2,1,0
6009,1924145350863,0,3,1,0
6010,1924145350864,0,3,1,0
6010,1374389537022,0,1,0,0
6010,1649267443914,0,2,1,0
6010,5222680234199,0,3,0,0
6011,5222680234199,0,3,1,0
6011,1374389537022,0,1,0,0
6012,1374389537022,0,1,1,0
6011,1649267443915,0,2,0,0
6011,1924145350872,0,3,1,0
6012,1374389537023,0,1,0,0
6012,1649267443915,0,2,0,0
6012,1924145350873,0,3,0,0
6013,1374389537023,0,1,1,0
6014,1374389537024,0,1,1,0
6013,1649267443915,0,2,0,0
6013,1924145350873,0,3,0,0
6014,6871947675905,0,1,1,0
6014,1649267443915,0,2,1,0
6014,1924145350873,0,3,0,0
6015,1374389537050,0,1,1,0
6016,1374389537051,0,1,1,0
6015,1649267443916,0,2,0,0
6015,1924145350873,0,3,1,0
6016,1374389537052,0,1,1,0
6016,1649267443916,0,2,0,0
6017,1649267443916,0,2,1,0
6016,1924145350874,0,3,0,0
6017,1374389537057,0,1,0,0
6017,1649267443923,0,2,0,0
6018,1649267443923,0,2,1,0
6017,1924145350874,0,3,0,0
6018,1924145350874,0,3,1,0
6018,1374389537057,0,1,0,0
6018,1649267443924,0,2,1,0
6019,1649267443925,0,2,1,0
6018,1924145350879,0,3,0,0
6019,1924145350879,0,3,1,0
6019,1374389537057,0,1,0,0
6020,1374389537057,0,1,1,0
6019,1649267443926,0,2,1,0
6020,1649267443931,0,2,1,0
6019,1924145350880,0,3,1,0
6020,1924145350881,0,3,1,0
6020,1374389537058,0,1,1,0
6021,1374389537059,0,1,1,0
6020,1649267443932,0,2,1,0
6020,1924145350882,0,3,1,0
6021,1924145350887,0,3,1,0
6021,1374389537060,0,1,1,0
6021,1649267443933,0,2,1,0
6022,1649267443934,0,2,1,0
6021,1924145350888,0,3,1,0
6022,1374389537061,0,1,1,0
6023,1374389537062,0,1,1,0
6022,1649267443939,0,2,1,0
6023,1649267443940,0,2,1,0
6022,1924145350889,0,3,1,0
6023,1924145350890,0,3,1,0
6023,1374389537063,0,1,1,0
6023,1649267443941,0,2,1,0
6024,1649267443942,0,2,1,0
6023,1924145350895,0,3,1,0
6024,1924145350896,0,3,1,0
6024,1374389537064,0,1,0,0
6024,1649267443947,0,2,1,0
6024,1924145350897,0,3,1,0
6025,1924145350898,0,3,1,0
6025,1374389537064,0,1,0,0
6026,1374389537064,0,1,1,0
6025,1649267443948,0,2,0,0
6025,1924145350906,0,3,1,0
6026,1374389537065,0,1,0,0
6026,1649267443948,0,2,1,0
6026,1924145350907,0,3,0,0
6027,1374389537065,0,1,0,0
6028,1374389537065,0,1,1,0
6027,1649267443949,0,2,1,0
6028,1649267443950,0,2,1,0
6027,1924145350907,0,3,1,0
6028,1374389537066,0,1,0,0
6028,4947802327286,0,2,1,0
6028,1924145350908,0,3,1,0
6029,1924145350909,0,3,1,0
6029,1374389537066,0,1,1,0
6029,4947802327286,0,2,1,0
6029,5222680234246,0,3,1,0
6030,1374389537067,0,1,1,0
6030,4947802327287,0,2,1,0
6031,4947802327287,0,2,1,0
6030,5222680234246,0,3,1,0
6031,1374389537068,0,1,1,0
6032,1374389537069,0,1,1,0
6031,1649267443960,0,2,1,0
6032,1649267443961,0,2,1,0
6031,5222680234247,0,3,1,0
6032,5222680234247,0,3,1,0
6032,1374389537070,0,1,0,0
6032,61022895343874,0,2,1,0
6032,1924145350920,0,3,1,0
6033,1924145350921,0,3,1,0
6033,1374389537070,0,1,0,0
6033,61022895343874,0,2,1,0
6033,61297773250830,0,3,1,0
6034,1374389537070,0,1,0,0
6034,61022895343875,0,2,1,0
6035,61022895343875,0,2,1,0
6034,61297773250830,0,3,1,0
6035,1374389537070,0,1,0,0
6036,1374389537070,0,1,1,0
6035,1649267443972,0,2,1,0
6036,1649267443973,0,2,1,0
6035,61297773250831,0,3,1,0
6036,61297773250831,0,3,1,0
6036,1374389537071,0,1,0,0
6037,1374389537071,0,1,1,0
6036,1649267443978,0,2,1,0
6037,1649267443979,0,2,1,0
6036,1924145350928,0,3,1,0
6037,1924145350929,0,3,1,0
6037,6871947675952,0,1,1,0
6037,61022895343884,0,2,1,0
6038,1649267443981,0,2,1,0
6037,1924145350934,0,3,1,0
6038,1924145350935,0,3,1,0
6038,1374389537073,0,1,1,0
6038,1649267443986,0,2,1,0
6039,7146825582867,0,2,1,0
6038,61297773250840,0,3,1,0
6039,1924145350937,0,3,1,0
6039,1374389537074,0,1,1,0
6040,1374389537075,0,1,1,0
6039,7146825582868,0,2,1,0
6040,1649267443989,0,2,1,0
6039,1924145350941,0,3,1,0
6040,7421703489822,0,3,1,0
6040,1374389537080,0,1,0,0
6040,1649267444020,0,2,1,0
6041,61022895343926,0,2,1,0
6040,7421703489823,0,3,1,0
6041,1924145350944,0,3,1,0
6041,1374389537080,0,1,0,0
6042,1374389537080,0,1,1,0
6041,1649267444023,0,2,1,0
6042,1649267444028,0,2,1,0
6041,1924145350976,0,3,1,0
6042,61297773250882,0,3,1,0
6042,1374389537081,0,1,0,0
6043,1374389537081,0,1,1,0
6042,1649267444029,0,2,0,0
6042,1924145350979,0,3,1,0
6043,1924145350988,0,3,1,0
6043,1374389537082,0,1,1,0
6044,1374389537083,0,1,1,0
6043,1649267444029,0,2,0,0
6043,1924145350989,0,3,0,0
6044,1374389537092,0,1,1,0
6045,1374389537093,0,1,1,0
6044,1649267444029,0,2,0,0
6044,1924145350989,0,3,0,0
6045,1374389537094,0,1,1,0
6045,1649267444029,0,2,0,0
6045,1924145350989,0,3,0,0
6046,1374389537095,0,1,0,0
6046,1649267444029,0,2,0,0
6046,1924145350989,0,3,0,0
6047,1374389537095,0,1,0,0
6047,1649267444029,0,2,0,0
6047,1924145350989,0,3,0,0
6048,1374389537095,0,1,0,0
6049,1374389537095,0,1,1,0
6048,1649267444029,0,2,0,0
6048,1924145350989,0,3,0,0
6049,1374389537104,0,1,0,0
6049,1649267444029,0,2,0,0
6049,1924145350989,0,3,0,0
6050,1374389537104,0,1,0,0
6050,1649267444029,0,2,0,0
6050,1924145350989,0,3,0,0
6051,1374389537104,0,1,0,0
6052,1374389537104,0,1,1,0
6051,1649267444029,0,2,0,0
6051,1924145350989,0,3,0,0
6052,1649267444029,0,2,0,0
6052,1924145350989,0,3,0,0
6053,1649267444029,0,2,0,0
6053,1924145350989,0,3,0,0
6054,1649267444029,0,2,0,0
6054,1924145350989,0,3,0,0
6055,1649267444029,0,2,0,0
6055,1924145350989,0,3,0,0
6056,1649267444029,0,2,0,0
6056,1924145350989,0,3,0,0
6052,6871947675985,0,1,1,0
6058,1374389537222,0,1,1,0
6057,1649267444029,0,2,0,0
6057,1924145350989,0,3,0,0
6058,1374389537223,0,1,1,0
6058,1649267444029,0,2,0,0
6058,1924145350989,0,3,0,0
6059,1374389537224,0,1,0,0
6059,1649267444029,0,2,0,0
6059,1924145350989,0,3,0,0
6060,1374389537224,0,1,0,0
6060,1649267444029,0,2,0,0
6060,1924145350989,0,3,0,0
6061,1374389537224,0,1,0,0
6062,1374389537224,0,1,1,0
6061,1649267444029,0,2,0,0
6061,1924145350989,0,3,0,0
6062,1374389537225,0,1,0,0
6062,1649267444029,0,2,0,0
6062,1924145350989,0,3,0,0
6063,1374389537225,0,1,0,0
6063,1649267444029,0,2,0,0
6063,1924145350989,0,3,0,0
6064,1374389537225,0,1,0,0
6065,1374389537225,0,1,1,0
6064,1649267444029,0,2,0,0
6064,1924145350989,0,3,0,0
6065,1649267444029,0,2,0,0
6065,1924145350989,0,3,0,0
6066,1649267444029,0,2,0,0
6066,1924145350989,0,3,0,0
6067,1649267444029,0,2,0,0
6067,1924145350989,0,3,0,0
6068,1649267444029,0,2,0,0
6068,1924145350989,0,3,0,0
6069,1649267444029,0,2,0,0
6069,1924145350989,0,3,0,0
6065,6871947676106,0,1,1,0
6071,1374389537253,0,1,1,0
6070,1649267444029,0,2,0,0
6070,1924145350989,0,3,0,0
6071,1374389537254,0,1,1,0
6072,1374389537255,0,1,1,0
6071,1649267444029,0,2,0,0
6071,1924145350989,0,3,0,0
6072,1374389537256,0,1,1,0
6073,1374389537257,0,1,1,0
6072,1649267444029,0,2,0,0
6072,1924145350989,0,3,0,0
6073,1374389537258,0,1,1,0
6073,1649267444029,0,2,0,0
6073,1924145350989,0,3,0,0
6074,1374389537259,0,1,0,0
6074,1649267444029,0,2,0,0
6074,1924145350989,0,3,0,0
6075,1374389537259,0,1,0,0
6076,1374389537259,0,1,1,0
6075,1649267444029,0,2,0,0
6075,1924145350989,0,3,0,0
6076,1374389537260,0,1,1,0
6077,1374389537261,0,1,1,0
6076,1649267444029,0,2,0,0
6076,1924145350989,0,3,0,0
6077,1374389537262,0,1,0,0
6077,1649267444029,0,2,0,0
6077,1924145350989,0,3,0,0
6078,1374389537262,0,1,0,0
6078,1649267444029,0,2,0,0
6078,1924145350989,0,3,0,0
6079,1374389537262,0,1,0,0
6079,1649267444029,0,2,0,0
6079,1924145350989,0,3,0,0
6080,1374389537262,0,1,0,0
6081,1374389537262,0,1,1,0
6080,1649267444029,0,2,0,0
6080,1924145350989,0,3,0,0
6081,1374389537263,0,1,1,0
6081,1649267444029,0,2,0,0
6081,1924145350989,0,3,0,0
6082,1374389537264,0,1,0,0
6082,1649267444029,0,2,0,0
6082,1924145350989,0,3,0,0
6083,1374389537264,0,1,0,0
6083,1649267444029,0,2,0,0
6083,1924145350989,0,3,0,0
6084,1374389537264,0,1,0,0
6085,1374389537264,0,1,1,0
6084,1649267444029,0,2,0,0
6084,1924145350989,0,3,0,0
6085,1374389537265,0,1,0,0
6085,1649267444029,0,2,0,0
6085,1924145350989,0,3,0,0
6086,1374389537265,0,1,0,0
6086,1649267444029,0,2,0,0
6086,1924145350989,0,3,0,0
6087,1374389537265,0,1,0,0
6087,1649267444029,0,2,0,0
6087,1924145350989,0,3,0,0
6088,1374389537265,0,1,0,0
6089,1374389537265,0,1,1,0
6088,1649267444029,0,2,0,0
6088,1924145350989,0,3,0,0
6089,1374389537266,0,1,0,0
6089,1649267444029,0,2,0,0
6089,1924145350989,0,3,0,0
6090,1374389537266,0,1,1,0
6090,1649267444029,0,2,0,0
6090,1924145350989,0,3,0,0
6091,1374389537267,0,1,1,0
6091,1649267444029,0,2,0,0
6091,1924145350989,0,3,0,0
6092,1374389537268,0,1,1,0
6093,1374389537269,0,1,1,0
6092,1649267444029,0,2,0,0
6092,1924145350989,0,3,0,0
6093,1374389537270,0,1,1,0
6093,1649267444029,0,2,0,0
6093,1924145350989,0,3,0,0
6094,1374389537271,0,1,0,0
6094,1649267444029,0,2,0,0
6094,1924145350989,0,3,0,0
6095,1374389537271,0,1,0,0
6096,1374389537271,0,1,1,0
6095,1649267444029,0,2,0,0
6095,1924145350989,0,3,0,0
6096,1374389537272,0,1,0,0
6096,1649267444029,0,2,0,0
6096,1924145350989,0,3,0,0
6097,1374389537272,0,1,1,0
6098,1374389537273,0,1,1,0
6097,1649267444029,0,2,0,0
6097,1924145350989,0,3,0,0
6098,1374389537274,0,1,1,0
6099,1374389537275,0,1,1,0
6098,1649267444029,0,2,0,0
6098,1924145350989,0,3,0,0
6099,1374389537276,0,1,1,0
6100,1374389537277,0,1,1,0
6099,1649267444029,0,2,0,0
6099,1924145350989,0,3,0,0
6100,1374389537278,0,1,1,0
6100,1649267444029,0,2,0,0
6100,1924145350989,0,3,0,0
6101,1374389537279,0,1,0,0
6101,1649267444029,0,2,0,0
6101,1924145350989,0,3,0,0
6102,1374389537279,0,1,0,0
6103,1374389537279,0,1,1,0
6102,1649267444029,0,2,0,0
6102,1924145350989,0,3,0,0
6103,1374389537280,0,1,1,0
6104,1374389537281,0,1,1,0
6103,1649267444029,0,2,0,0
6103,1924145350989,0,3,0,0
6104,1374389537282,0,1,0,0
6104,1649267444029,0,2,0,0
6104,1924145350989,0,3,0,0
6105,1374389537282,0,1,0,0
6105,1649267444029,0,2,0,0
6105,1924145350989,0,3,0,0
6106,1374389537282,0,1,0,0
6106,1649267444029,0,2,0,0
6106,1924145350989,0,3,0,0
6107,1374389537282,0,1,0,0
6108,1374389537282,0,1,1,0
6107,1649267444029,0,2,0,0
6107,1924145350989,0,3,0,0
6108,1374389537283,0,1,1,0
6108,1649267444029,0,2,0,0
6108,1924145350989,0,3,0,0
6109,1374389537284,0,1,1,0
6109,1649267444029,0,2,0,0
6109,1924145350989,0,3,0,0
6110,1374389537285,0,1,0,0
6110,1649267444029,0,2,0,0
6110,1924145350989,0,3,0,0
6111,1374389537285,0,1,0,0
6112,1374389537285,0,1,1,0
6111,1649267444029,0,2,0,0
6111,1924145350989,0,3,0,0
6112,1374389537286,0,1,0,0
6112,1649267444029,0,2,0,0
6112,1924145350989,0,3,0,0
6113,1374389537286,0,1,0,0
6113,1649267444029,0,2,0,0
6113,1924145350989,0,3,0,0
6114,1374389537286,0,1,0,0
6115,1374389537286,0,1,1,0
6114,1649267444029,0,2,0,0
6114,1924145350989,0,3,0,0
6115,1374389537287,0,1,0,0
6116,1374389537287,0,1,1,0
6115,1649267444029,0,2,0,0
6115,1924145350989,0,3,0,0
6116,1374389537288,0,1,0,0
6116,1649267444029,0,2,0,0
6116,1924145350989,0,3,0,0
6117,1374389537288,0,1,1,0
6118,1374389537289,0,1,1,0
6117,1649267444029,0,2,0,0
6117,1924145350989,0,3,0,0
6118,1374389537290,0,1,1,0
6118,1649267444029,0,2,0,0
6118,1924145350989,0,3,0,0
6119,1374389537291,0,1,0,0
6119,1649267444029,0,2,0,0
6119,1924145350989,0,3,0,0
6120,1374389537291,0,1,0,0
6120,1649267444029,0,2,0,0
6120,1924145350989,0,3,0,0
6121,1374389537291,0,1,0,0
6122,1374389537291,0,1,1,0
6121,1649267444029,0,2,0,0
6121,1924145350989,0,3,0,0
6122,1374389537292,0,1,0,0
6122,1649267444029,0,2,0,0
6122,1924145350989,0,3,0,0
6123,1374389537292,0,1,0,0
6123,1649267444029,0,2,0,0
6123,1924145350989,0,3,0,0
6124,1374389537292,0,1,0,0
6124,1649267444029,0,2,0,0
6124,1924145350989,0,3,0,0
6125,1374389537292,0,1,0,0
6126,1374389537292,0,1,1,0
6125,1649267444029,0,2,0,0
6125,1924145350989,0,3,0,0
6126,1374389537293,0,1,1,0
6127,1374389537294,0,1,1,0
6126,1649267444029,0,2,0,0
6126,1924145350989,0,3,0,0
6127,1374389537295,0,1,1,0
6127,1649267444029,0,2,0,0
6127,1924145350989,0,3,0,0
6128,1374389537296,0,1,1,0
6128,1649267444029,0,2,0,0
6128,1924145350989,0,3,0,0
6129,1374389537297,0,1,1,0
6130,1374389537298,0,1,1,0
6129,1649267444029,0,2,0,0
6129,1924145350989,0,3,0,0
6130,1374389537299,0,1,0,0
6131,1374389537299,0,1,1,0
6130,1649267444029,0,2,0,0
6130,1924145350989,0,3,0,0
6131,1374389537300,0,1,0,0
6131,1649267444029,0,2,0,0
6131,1924145350989,0,3,0,0
6132,1374389537300,0,1,1,0
6132,1649267444029,0,2,0,0
6132,1924145350989,0,3,0,0
6133,1374389537301,0,1,0,0
6133,1649267444029,0,2,0,0
6133,1924145350989,0,3,0,0
6134,1374389537301,0,1,0,0
6135,1374389537301,0,1,1,0
6134,1649267444029,0,2,0,0
6134,1924145350989,0,3,0,0
6135,1374389537302,0,1,0,0
6135,1649267444029,0,2,0,0
6135,1924145350989,0,3,0,0
6136,1374389537302,0,1,0,0
6136,1649267444029,0,2,0,0
6136,1924145350989,0,3,0,0
6137,1374389537302,0,1,0,0
6138,1374389537302,0,1,1,0
6137,1649267444029,0,2,0,0
6137,1924145350989,0,3,0,0
6138,1649267444029,0,2,0,0
6138,1924145350989,0,3,0,0
6139,1649267444029,0,2,0,0
6139,1924145350989,0,3,0,0
6140,1649267444029,0,2,0,0
6140,1924145350989,0,3,0,0
6141,1649267444029,0,2,0,0
6141,1924145350989,0,3,0,0
6142,1649267444029,0,2,0,0
6142,1924145350989,0,3,0,0
6138,6871947676183,0,1,1,0
6144,1374389537349,0,1,1,0
6143,1649267444029,0,2,0,0
6143,1924145350989,0,3,0,0
6144,1374389537350,0,1,1,0
6144,1649267444029,0,2,0,0
6144,1924145350989,0,3,0,0
6145,1374389537351,0,1,0,0
6145,1649267444029,0,2,0,0
6145,1924145350989,0,3,0,0
6146,1374389537351,0,1,0,0
6146,1649267444029,0,2,0,0
6146,1924145350989,0,3,0,0
6147,1374389537351,0,1,0,0
6148,1374389537351,0,1,1,0
6147,1649267444029,0,2,0,0
6147,1924145350989,0,3,0,0
6148,1374389537352,0,1,0,0
6148,1649267444029,0,2,0,0
6148,1924145350989,0,3,0,0
6149,1374389537352,0,1,0,0
6149,1649267444029,0,2,0,0
6149,1924145350989,0,3,0,0
6150,1374389537352,0,1,0,0
6150,1649267444029,0,2,0,0
6150,1924145350989,0,3,0,0
6151,1374389537352,0,1,0,0
6152,1374389537352,0,1,1,0
6151,1649267444029,0,2,0,0
6151,1924145350989,0,3,0,0
6152,1374389537353,0,1,0,0
6152,1649267444029,0,2,0,0
6152,1924145350989,0,3,0,0
6153,1374389537353,0,1,1,0
6153,1649267444029,0,2,0,0
6153,1924145350989,0,3,0,0
6154,1374389537354,0,1,1,0
6154,1649267444029,0,2,0,0
6154,1924145350989,0,3,0,0
6155,1374389537355,0,1,1,0
6155,1649267444029,0,2,0,0
6155,1924145350989,0,3,0,0
6156,1374389537356,0,1,1,0
6157,1374389537357,0,1,1,0
6156,1649267444029,0,2,0,0
6156,1924145350989,0,3,0,0
6157,1374389537358,0,1,0,0
6157,1649267444029,0,2,0,0
6157,1924145350989,0,3,0,0
6158,1374389537358,0,1,0,0
6159,1374389537358,0,1,1,0
6158,1649267444029,0,2,0,0
6158,1924145350989,0,3,0,0
6159,1374389537359,0,1,1,0
6160,1374389537360,0,1,1,0
6159,1649267444029,0,2,0,0
6159,1924145350989,0,3,0,0
6160,1374389537361,0,1,1,0
6161,1374389537362,0,1,1,0
6160,1649267444029,0,2,0,0
6160,1924145350989,0,3,0,0
6161,1374389537363,0,1,1,0
6161,1649267444029,0,2,0,0
6161,1924145350989,0,3,0,0
6162,1374389537364,0,1,1,0
6162,1649267444029,0,2,0,0
6162,1924145350989,0,3,0,0
6163,1374389537365,0,1,1,0
6163,1649267444029,0,2,0,0
6163,1924145350989,0,3,0,0
6164,1374389537366,0,1,1,0
6165,1374389537367,0,1,1,0
6164,1649267444029,0,2,0,0
6164,1924145350989,0,3,0,0
6165,1374389537368,0,1,0,0
6165,1649267444029,0,2,0,0
6165,1924145350989,0,3,0,0
6166,1374389537368,0,1,0,0
6167,1374389537368,0,1,1,0
6166,1649267444029,0,2,0,0
6166,1924145350989,0,3,0,0
6167,1374389537369,0,1,0,0
6168,1374389537369,0,1,1,0
6167,1649267444029,0,2,0,0
6167,1924145350989,0,3,0,0
6168,1374389537370,0,1,1,0
6169,1374389537371,0,1,1,0
6168,1649267444029,0,2,0,0
6168,1924145350989,0,3,0,0
6169,1374389537372,0,1,1,0
6170,1374389537373,0,1,1,0
6169,1649267444029,0,2,0,0
6169,1924145350989,0,3,0,0
6170,1374389537374,0,1,1,0
6170,1649267444029,0,2,0,0
6170,1924145350989,0,3,0,0
6171,1374389537375,0,1,0,0
6171,1649267444029,0,2,0,0
6171,1924145350989,0,3,0,0
6172,1374389537375,0,1,0,0
6172,1649267444029,0,2,0,0
6172,1924145350989,0,3,0,0
6173,1374389537375,0,1,0,0
6174,1374389537375,0,1,1,0
6173,1649267444029,0,2,0,0
6173,1924145350989,0,3,0,0
6174,1374389537376,0,1,0,0
6174,1649267444029,0,2,0,0
6174,1924145350989,0,3,0,0
6175,1374389537376,0,1,0,0
6175,1649267444029,0,2,0,0
6175,1924145350989,0,3,0,0
6176,1374389537376,0,1,0,0
6177,1374389537376,0,1,1,0
6176,1649267444029,0,2,0,0
6176,1924145350989,0,3,0,0
6177,1649267444029,0,2,0,0
6177,1924145350989,0,3,0,0
6178,1649267444029,0,2,0,0
6178,1924145350989,0,3,0,0
6179,1649267444029,0,2,0,0
6179,1924145350989,0,3,0,0
6180,1649267444029,0,2,0,0
6180,1924145350989,0,3,0,0
6181,1649267444029,0,2,0,0
6181,1924145350989,0,3,0,0
6177,6871947676257,0,1,1,0
6183,1374389537419,0,1,1,0
6182,1649267444029,0,2,0,0
6182,1924145350989,0,3,0,0
6183,1374389537420,0,1,1,0
6183,1649267444029,0,2,0,0
6183,1924145350989,0,3,0,0
6184,1374389537421,0,1,0,0
6184,1649267444029,0,2,0,0
6184,1924145350989,0,3,0,0
6185,1374389537421,0,1,0,0
6185,1649267444029,0,2,0,0
6185,1924145350989,0,3,0,0
6186,1374389537421,0,1,0,0
6187,1374389537421,0,1,1,0
6186,1649267444029,0,2,0,0
6186,1924145350989,0,3,0,0
6187,1374389537422,0,1,0,0
6187,1649267444029,0,2,0,0
6187,1924145350989,0,3,0,0
6188,1374389537422,0,1,0,0
6188,1649267444029,0,2,0,0
6188,1924145350989,0,3,0,0
6189,1374389537422,0,1,0,0
6190,1374389537422,0,1,1,0
6189,1649267444029,0,2,0,0
6189,1924145350989,0,3,0,0
6190,1649267444029,0,2,0,0
6190,1924145350989,0,3,0,0
6191,1649267444029,0,2,0,0
6191,1924145350989,0,3,0,0
6192,1649267444029,0,2,0,0
6192,1924145350989,0,3,0,0
6193,1649267444029,0,2,0,0
6193,1924145350989,0,3,0,0
6194,1649267444029,0,2,0,0
6194,1924145350989,0,3,0,0
6190,6871947676303,0,1,1,0
6196,1374389537449,0,1,1,0
6195,1649267444029,0,2,0,0
6195,1924145350989,0,3,0,0
6196,1374389537450,0,1,1,0
6197,1374389537451,0,1,1,0
6196,1649267444029,0,2,0,0
6196,1924145350989,0,3,0,0
6197,1374389537452,0,1,1,0
6198,1374389537453,0,1,1,0
6197,1649267444029,0,2,0,0
6197,1924145350989,0,3,0,0
6198,1374389537454,0,1,1,0
6198,1649267444029,0,2,0,0
6198,1924145350989,0,3,0,0
6199,1374389537455,0,1,0,0
6199,1649267444029,0,2,0,0
6199,1924145350989,0,3,0,0
6200,1374389537455,0,1,0,0
6201,1374389537455,0,1,1,0
6200,1649267444029,0,2,0,0
6200,1924145350989,0,3,0,0
6201,1374389537456,0,1,1,0
6202,1374389537457,0,1,1,0
6201,1649267444029,0,2,0,0
6201,1924145350989,0,3,0,0
6202,1374389537458,0,1,0,0
6202,1649267444029,0,2,0,0
6202,1924145350989,0,3,0,0
6203,1374389537458,0,1,0,0
6203,1649267444029,0,2,0,0
6203,1924145350989,0,3,0,0
6204,1374389537458,0,1,0,0
6204,1649267444029,0,2,0,0
6204,1924145350989,0,3,0,0
6205,1374389537458,0,1,0,0
6206,1374389537458,0,1,1,0
6205,1649267444029,0,2,0,0
6205,1924145350989,0,3,0,0
6206,1374389537459,0,1,1,0
6206,1649267444029,0,2,0,0
6206,1924145350989,0,3,0,0
6207,1374389537460,0,1,0,0
6207,1649267444029,0,2,0,0
6207,1924145350989,0,3,0,0
6208,1374389537460,0,1,0,0
6208,1649267444029,0,2,0,0
6208,1924145350989,0,3,0,0
6209,1374389537460,0,1,0,0
6210,1374389537460,0,1,1,0
6209,1649267444029,0,2,0,0
6209,1924145350989,0,3,0,0
6210,1374389537461,0,1,0,0
6210,1649267444029,0,2,0,0
6210,1924145350989,0,3,0,0
6211,1374389537461,0,1,0,0
6211,1649267444029,0,2,0,0
6211,1924145350989,0,3,0,0
6212,1374389537461,0,1,0,0
6212,1649267444029,0,2,0,0
6212,1924145350989,0,3,0,0
6213,1374389537461,0,1,0,0
6214,1374389537461,0,1,1,0
6213,1649267444029,0,2,0,0
6213,1924145350989,0,3,0,0
6214,1374389537462,0,1,0,0
6214,1649267444029,0,2,0,0
6214,1924145350989,0,3,0,0
6215,1374389537462,0,1,1,0
6215,1649267444029,0,2,0,0
6215,1924145350989,0,3,0,0
6216,1374389537463,0,1,1,0
6216,1649267444029,0,2,0,0
6216,1924145350989,0,3,0,0
6217,1374389537464,0,1,1,0
6218,1374389537465,0,1,1,0
6217,1649267444029,0,2,0,0
6217,1924145350989,0,3,0,0
6218,1374389537466,0,1,1,0
6218,1649267444029,0,2,0,0
6218,1924145350989,0,3,0,0
6219,1374389537467,0,1,0,0
6219,1649267444029,0,2,0,0
6219,1924145350989,0,3,0,0
6220,1374389537467,0,1,0,0
6221,1374389537467,0,1,1,0
6220,1649267444029,0,2,0,0
6220,1924145350989,0,3,0,0
6221,1374389537468,0,1,0,0
6221,1649267444029,0,2,0,0
6221,1924145350989,0,3,0,0
6222,1374389537468,0,1,1,0
6223,1374389537469,0,1,1,0
6222,1649267444029,0,2,0,0
6222,1924145350989,0,3,0,0
6223,1374389537470,0,1,1,0
6224,1374389537471,0,1,1,0
6223,1649267444029,0,2,0,0
6223,1924145350989,0,3,0,0
6224,1374389537472,0,1,1,0
6225,1374389537473,0,1,1,0
6224,1649267444029,0,2,0,0
6224,1924145350989,0,3,0,0
6225,1374389537474,0,1,1,0
6225,1649267444029,0,2,0,0
6225,1924145350989,0,3,0,0
6226,1374389537475,0,1,0,0
6226,1649267444029,0,2,0,0
6226,1924145350989,0,3,0,0
6227,1374389537475,0,1,0,0
6228,1374389537475,0,1,1,0
6227,1649267444029,0,2,0,0
6227,1924145350989,0,3,0,0
6228,1374389537476,0,1,1,0
6229,1374389537477,0,1,1,0
6228,1649267444029,0,2,0,0
6228,1924145350989,0,3,0,0
6229,1374389537478,0,1,0,0
6229,1649267444029,0,2,0,0
6229,1924145350989,0,3,0,0
6230,1374389537478,0,1,0,0
6230,1649267444029,0,2,0,0
6230,1924145350989,0,3,0,0
6231,1374389537478,0,1,0,0
6231,1649267444029,0,2,0,0
6231,1924145350989,0,3,0,0
6232,1374389537478,0,1,0,0
6233,1374389537478,0,1,1,0
6232,1649267444029,0,2,0,0
6232,1924145350989,0,3,0,0
6233,1374389537479,0,1,1,0
6233,1649267444029,0,2,0,0
6233,1924145350989,0,3,0,0
6234,1374389537480,0,1,1,0
6234,1649267444029,0,2,0,0
6234,1924145350989,0,3,0,0
6235,1374389537481,0,1,0,0
6235,1649267444029,0,2,0,0
6235,1924145350989,0,3,0,0
6236,1374389537481,0,1,0,0
6237,1374389537481,0,1,1,0
6236,1649267444029,0,2,0,0
6236,1924145350989,0,3,0,0
6237,1374389537482,0,1,0,0
6237,1649267444029,0,2,0,0
6237,1924145350989,0,3,0,0
6238,1374389537482,0,1,0,0
6238,1649267444029,0,2,0,0
6238,1924145350989,0,3,0,0
6239,1374389537482,0,1,0,0
6240,1374389537482,0,1,1,0
6239,1649267444029,0,2,0,0
6239,1924145350989,0,3,0,0
6240,1374389537483,0,1,0,0
6241,1374389537483,0,1,1,0
6240,1649267444029,0,2,0,0
6240,1924145350989,0,3,0,0
6241,1374389537484,0,1,0,0
6241,1649267444029,0,2,0,0
6241,1924145350989,0,3,0,0
6242,1374389537484,0,1,1,0
6242,1649267444029,0,2,0,0
6242,1924145350989,0,3,0,0
6243,1374389537485,0,1,1,0
6243,1649267444029,0,2,0,0
6243,1924145350989,0,3,0,0
6244,1374389537486,0,1,1,0
6245,1374389537487,0,1,1,0
6244,1649267444029,0,2,0,0
6244,1924145350989,0,3,0,0
6245,1374389537488,0,1,0,0
6245,1649267444029,0,2,0,0
6245,1924145350989,0,3,0,0
6246,1374389537488,0,1,0,0
6246,1649267444029,0,2,0,0
6246,1924145350989,0,3,0,0
6247,1374389537488,0,1,0,0
6248,1374389537488,0,1,1,0
6247,1649267444029,0,2,0,0
6247,1924145350989,0,3,0,0
6248,1374389537489,0,1,1,0
6249,1374389537490,0,1,1,0
6248,1649267444029,0,2,0,0
6248,1924145350989,0,3,0,0
6249,1374389537491,0,1,1,0
6249,1649267444029,0,2,0,0
6249,1924145350989,0,3,0,0
6250,1374389537492,0,1,1,0
6251,1374389537493,0,1,1,0
6250,1649267444029,0,2,0,0
6250,1924145350989,0,3,0,0
6251,1374389537494,0,1,0,0
6251,1649267444029,0,2,0,0
6251,1924145350989,0,3,0,0
6252,1374389537494,0,1,0,0
6252,1649267444029,0,2,0,0
6252,1924145350989,0,3,0,0
6253,1374389537494,0,1,0,0
6254,1374389537494,0,1,1,0
6253,1649267444029,0,2,0,0
6253,1924145350989,0,3,0,0
6254,1374389537495,0,1,0,0
6254,1649267444029,0,2,0,0
6254,1924145350989,0,3,0,0
6255,1374389537495,0,1,0,0
6256,1374389537495,0,1,1,0
6255,1649267444029,0,2,0,0
6255,1924145350989,0,3,0,0
6256,1374389537496,0,1,0,0
6256,1649267444029,0,2,0,0
6256,1924145350989,0,3,0,0
6257,1374389537496,0,1,1,0
6257,1649267444029,0,2,0,0
6257,1924145350989,0,3,0,0
6258,1374389537497,0,1,1,0
6258,1649267444029,0,2,0,0
6258,1924145350989,0,3,0,0
6259,1374389537498,0,1,1,0
6259,1649267444029,0,2,0,0
6259,1924145350989,0,3,0,0
6260,1374389537499,0,1,1,0
6260,1649267444029,0,2,0,0
6260,1924145350989,0,3,0,0
6261,1374389537500,0,1,1,0
6262,1374389537501,0,1,1,0
6261,1649267444029,0,2,0,0
6261,1924145350989,0,3,0,0
6262,1374389537502,0,1,0,0
6262,1649267444029,0,2,0,0
6262,1924145350989,0,3,0,0
6263,1374389537502,0,1,0,0
6264,1374389537502,0,1,1,0
6263,1649267444029,0,2,0,0
6263,1924145350989,0,3,0,0
6264,1374389537503,0,1,0,0
6264,1649267444029,0,2,0,0
6264,1924145350989,0,3,0,0
6265,1374389537503,0,1,1,0
6266,1374389537504,0,1,1,0
6265,1649267444029,0,2,0,0
6265,1924145350989,0,3,0,0
6266,1374389537505,0,1,1,0
6266,1649267444029,0,2,0,0
6266,1924145350989,0,3,0,0
6267,1374389537506,0,1,1,0
6267,1649267444029,0,2,0,0
6267,1924145350989,0,3,0,0
6268,1374389537507,0,1,0,0
6268,1649267444029,0,2,0,0
6268,1924145350989,0,3,0,0
6269,1374389537507,0,1,0,0
6270,1374389537507,0,1,1,0
6269,1649267444029,0,2,0,0
6269,1924145350989,0,3,0,0
6270,1374389537508,0,1,0,0
6270,1649267444029,0,2,0,0
6270,1924145350989,0,3,0,0
6271,1374389537508,0,1,0,0
6271,1649267444029,0,2,0,0
6271,1924145350989,0,3,0,0
6272,1374389537508,0,1,0,0
6273,1374389537508,0,1,1,0
6272,1649267444029,0,2,0,0
6272,1924145350989,0,3,0,0
6273,1649267444029,0,2,0,0
6273,1924145350989,0,3,0,0
6274,1649267444029,0,2,0,0
6274,1924145350989,0,3,0,0
6275,1649267444029,0,2,0,0
6275,1924145350989,0,3,0,0
6276,1649267444029,0,2,0,0
6276,1924145350989,0,3,0,0
6277,1649267444029,0,2,0,0
6277,1924145350989,0,3,0,0
6273,6871947676389,0,1,1,0
6279,1374389537553,0,1,1,0
6278,1649267444029,0,2,0,0
6278,1924145350989,0,3,0,0
6279,1374389537554,0,1,1,0
6279,1649267444029,0,2,0,0
6279,1924145350989,0,3,0,0
6280,1374389537555,0,1,0,0
6280,1649267444029,0,2,0,0
6280,1924145350989,0,3,0,0
6281,1374389537555,0,1,0,0
6281,1649267444029,0,2,0,0
6281,1924145350989,0,3,0,0
6282,1374389537555,0,1,0,0
6283,1374389537555,0,1,1,0
6282,1649267444029,0,2,0,0
6282,1924145350989,0,3,0,0
6283,1374389537556,0,1,0,0
6283,1649267444029,0,2,0,0
6283,1924145350989,0,3,0,0
6284,1374389537556,0,1,0,0
6284,1649267444029,0,2,0,0
6284,1924145350989,0,3,0,0
6285,1374389537556,0,1,0,0
6285,1649267444029,0,2,0,0
6285,1924145350989,0,3,0,0
6286,1374389537556,0,1,0,0
6287,1374389537556,0,1,1,0
6286,1649267444029,0,2,0,0
6286,1924145350989,0,3,0,0
6287,1374389537557,0,1,0,0
6287,1649267444029,0,2,0,0
6287,1924145350989,0,3,0,0
6288,1374389537557,0,1,1,0
6289,1374389537558,0,1,1,0
6288,1649267444029,0,2,0,0
6288,1924145350989,0,3,0,0
6289,6871947676439,0,1,1,0
6289,1649267444029,0,2,0,0
6289,1924145350989,0,3,0,0
6290,1374389537560,0,1,1,0
6291,1374389537561,0,1,1,0
6290,1649267444029,0,2,0,0
6290,1924145350989,0,3,0,0
6291,1374389537562,0,1,1,0
6291,1649267444029,0,2,0,0
6291,1924145350989,0,3,0,0
6292,1374389537563,0,1,0,0
6292,1649267444029,0,2,0,0
6292,1924145350989,0,3,0,0
6293,1374389537563,0,1,0,0
6293,1649267444029,0,2,0,0
6293,1924145350989,0,3,0,0
6294,1374389537563,0,1,0,0
6295,1374389537563,0,1,1,0
6294,1649267444029,0,2,0,0
6294,1924145350989,0,3,0,0
6295,1374389537564,0,1,1,0
6296,1374389537565,0,1,1,0
6295,1649267444029,0,2,0,0
6295,1924145350989,0,3,0,0
6296,1374389537566,0,1,1,0
6296,1649267444029,0,2,0,0
6296,1924145350989,0,3,0,0
6297,1374389537567,0,1,1,0
6298,1374389537568,0,1,1,0
6297,1649267444029,0,2,0,0
6297,1924145350989,0,3,0,0
6298,1374389537569,0,1,1,0
6298,1649267444029,0,2,0,0
6298,1924145350989,0,3,0,0
6299,1374389537570,0,1,0,0
6299,1649267444029,0,2,0,0
6299,1924145350989,0,3,0,0
6300,1374389537570,0,1,0,0
6301,1374389537570,0,1,1,0
6300,1649267444029,0,2,0,0
6300,1924145350989,0,3,0,0
6301,1374389537571,0,1,0,0
6301,1649267444029,0,2,0,0
6301,1924145350989,0,3,0,0
6302,1374389537571,0,1,0,0
6303,1374389537571,0,1,1,0
6302,1649267444029,0,2,0,0
6302,1924145350989,0,3,0,0
6303,1374389537572,0,1,0,0
6303,1649267444029,0,2,0,0
6303,1924145350989,0,3,0,0
6304,1374389537572,0,1,1,0
6304,1649267444029,0,2,0,0
6304,1924145350989,0,3,0,0
6305,1374389537573,0,1,1,0
6305,1649267444029,0,2,0,0
6305,1924145350989,0,3,0,0
6306,1374389537574,0,1,1,0
6307,1374389537575,0,1,1,0
6306,1649267444029,0,2,0,0
6306,1924145350989,0,3,0,0
6307,1374389537576,0,1,0,0
6307,1649267444029,0,2,0,0
6307,1924145350989,0,3,0,0
6308,1374389537576,0,1,0,0
6308,1649267444029,0,2,0,0
6308,1924145350989,0,3,0,0
6309,1374389537576,0,1,0,0
6309,1649267444029,0,2,0,0
6309,1924145350989,0,3,0,0
6310,1374389537576,0,1,0,0
6311,1374389537576,0,1,1,0
6310,1649267444029,0,2,0,0
6310,1924145350989,0,3,0,0
6311,1374389537577,0,1,0,0
6312,1374389537577,0,1,1,0
6311,1649267444029,0,2,0,0
6311,1924145350989,0,3,0,0
6312,6871947676458,0,1,1,0
6312,1649267444029,0,2,0,0
6312,1924145350989,0,3,0,0
6313,1374389537579,0,1,1,0
6313,1649267444029,0,2,0,0
6313,1924145350989,0,3,0,0
6314,1374389537580,0,1,1,0
6315,1374389537581,0,1,1,0
6314,1649267444029,0,2,0,0
6314,1924145350989,0,3,0,0
6315,1374389537582,0,1,0,0
6315,1649267444029,0,2,0,0
6315,1924145350989,0,3,0,0
6316,1374389537582,0,1,0,0
6317,1374389537582,0,1,1,0
6316,1649267444029,0,2,0,0
6316,1924145350989,0,3,0,0
6317,1374389537583,0,1,0,0
6318,1374389537583,0,1,1,0
6317,1649267444029,0,2,0,0
6317,1924145350989,0,3,0,0
6318,1374389537584,0,1,1,0
6319,1374389537585,0,1,1,0
6318,1649267444029,0,2,0,0
6318,1924145350989,0,3,0,0
6319,1374389537586,0,1,1,0
6320,1374389537587,0,1,1,0
6319,1649267444029,0,2,0,0
6319,1924145350989,0,3,0,0
6320,1374389537588,0,1,1,0
6320,1649267444029,0,2,0,0
6320,1924145350989,0,3,0,0
6321,1374389537589,0,1,0,0
6321,1649267444029,0,2,0,0
6321,1924145350989,0,3,0,0
6322,1374389537589,0,1,0,0
6322,1649267444029,0,2,0,0
6322,1924145350989,0,3,0,0
6323,1374389537589,0,1,0,0
6324,1374389537589,0,1,1,0
6323,1649267444029,0,2,0,0
6323,1924145350989,0,3,0,0
6324,1374389537590,0,1,0,0
6324,1649267444029,0,2,0,0
6324,1924145350989,0,3,0,0
6325,1374389537590,0,1,0,0
6325,1649267444029,0,2,0,0
6325,1924145350989,0,3,0,0
6326,1374389537590,0,1,0,0
6327,1374389537590,0,1,1,0
6326,1649267444029,0,2,0,0
6326,1924145350989,0,3,0,0
6327,1649267444029,0,2,0,0
6327,1924145350989,0,3,0,0
6328,1649267444029,0,2,0,0
6328,1924145350989,0,3,0,0
6329,1649267444029,0,2,0,0
6329,1924145350989,0,3,0,0
6330,1649267444029,0,2,0,0
6330,1924145350989,0,3,0,0
6331,1649267444029,0,2,0,0
6331,1924145350989,0,3,0,0
6327,6871947676471,0,1,1,0
6333,1374389537638,0,1,1,0
6332,1649267444029,0,2,0,0
6332,1924145350989,0,3,0,0
6333,1374389537639,0,1,1,0
6333,1649267444029,0,2,0,0
6333,1924145350989,0,3,0,0
6334,1374389537640,0,1,0,0
6334,1649267444029,0,2,0,0
6334,1924145350989,0,3,0,0
6335,1374389537640,0,1,0,0
6335,1649267444029,0,2,0,0
6335,1924145350989,0,3,0,0
6336,1374389537640,0,1,0,0
6337,1374389537640,0,1,1,0
6336,1649267444029,0,2,0,0
6336,1924145350989,0,3,0,0
6337,1374389537641,0,1,0,0
6337,1649267444029,0,2,0,0
6337,1924145350989,0,3,0,0
6338,1374389537641,0,1,0,0
6338,1649267444029,0,2,0,0
6338,1924145350989,0,3,0,0
6339,1374389537641,0,1,0,0
6340,1374389537641,0,1,1,0
6339,1649267444029,0,2,0,0
6339,1924145350989,0,3,0,0
6340,1649267444029,0,2,0,0
6340,1924145350989,0,3,0,0
6341,1649267444029,0,2,0,0
6341,1924145350989,0,3,0,0
6342,1649267444029,0,2,0,0
6342,1924145350989,0,3,0,0
6343,1649267444029,0,2,0,0
6343,1924145350989,0,3,0,0
6344,1649267444029,0,2,0,0
6344,1924145350989,0,3,0,0
6340,6871947676522,0,1,1,0
6346,1374389537669,0,1,1,0
6345,1649267444029,0,2,0,0
6345,1924145350989,0,3,0,0
6346,1374389537670,0,1,1,0
6347,1374389537671,0,1,1,0
6346,1649267444029,0,2,0,0
6346,1924145350989,0,3,0,0
6347,1374389537672,0,1,1,0
6348,1374389537673,0,1,1,0
6347,1649267444029,0,2,0,0
6347,1924145350989,0,3,0,0
6348,1374389537674,0,1,1,0
6348,1649267444029,0,2,0,0
6348,1924145350989,0,3,0,0
6349,1374389537675,0,1,0,0
6349,1649267444029,0,2,0,0
6349,1924145350989,0,3,0,0
6350,1374389537675,0,1,0,0
6351,1374389537675,0,1,1,0
6350,1649267444029,0,2,0,0
6350,1924145350989,0,3,0,0
6351,1374389537676,0,1,1,0
6352,1374389537677,0,1,1,0
6351,1649267444029,0,2,0,0
6351,1924145350989,0,3,0,0
6352,1374389537678,0,1,0,0
6352,1649267444029,0,2,0,0
6352,1924145350989,0,3,0,0
6353,1374389537678,0,1,0,0
6353,1649267444029,0,2,0,0
6353,1924145350989,0,3,0,0
6354,1374389537678,0,1,0,0
6354,1649267444029,0,2,0,0
6354,1924145350989,0,3,0,0
6355,1374389537678,0,1,0,0
6356,1374389537678,0,1,1,0
6355,1649267444029,0,2,0,0
6355,1924145350989,0,3,0,0
6356,1374389537679,0,1,1,0
6356,1649267444029,0,2,0,0
6357,1649267444029,0,2,1,0
6356,1924145350989,0,3,0,0
6357,1374389537680,0,1,0,0
6357,1649267444030,0,2,1,0
6357,1924145350989,0,3,0,0
6358,1924145350989,0,3,1,0
6358,1374389537680,0,1,0,0
6358,1649267444031,0,2,0,0
6358,1924145350990,0,3,1,0
6359,1374389537680,0,1,0,0
6360,1374389537680,0,1,1,0
6359,1649267444031,0,2,0,0
6359,1924145350991,0,3,0,0
6360,1374389537681,0,1,0,0
6360,1649267444031,0,2,0,0
6361,1649267444031,0,2,1,0
6360,1924145350991,0,3,0,0
6361,1374389537681,0,1,0,0
6361,1649267444040,0,2,1,0
6362,1649267444041,0,2,1,0
6361,1924145350991,0,3,0,0
6362,1924145350991,0,3,1,0
6362,1374389537681,0,1,0,0
6362,1649267444042,0,2,1,0
6363,1649267444043,0,2,1,0
6362,1924145350997,0,3,1,0
6363,1924145350998,0,3,1,0
6363,1374389537681,0,1,0,0
6364,1374389537681,0,1,1,0
6363,1649267444050,0,2,1,0
6364,1649267444051,0,2,1,0
6363,1924145350999,0,3,1,0
6364,1924145351000,0,3,1,0
6364,1374389537682,0,1,0,0
6364,1924145351001,0,3,1,0
6365,1924145351002,0,3,1,0
6365,1374389537682,0,1,1,0
6366,1374389537683,0,1,1,0
6367,1374389537684,0,1,1,0
6368,1374389537685,0,1,1,0
6368,1374389537686,0,1,1,0
6369,1374389537687,0,1,0,0
6364,7146825582932,0,2,1,0
6370,1649267444696,0,2,1,0
6370,1374389537687,0,1,0,0
6371,1374389537687,0,1,1,0
6370,1649267444697,0,2,1,0
6365,7421703489883,0,3,1,0
6371,1924145351645,0,3,1,0
6371,1374389537688,0,1,0,0
6371,1649267444698,0,2,1,0
6371,1924145351650,0,3,1,0
6372,1374389537688,0,1,1,0
6373,1374389537689,0,1,1,0
6372,1649267444699,0,2,1,0
6372,1924145351651,0,3,1,0
6373,1374389537690,0,1,1,0
6374,1374389537691,0,1,1,0
6373,1649267444700,0,2,0,0
6373,1924145351652,0,3,1,0
6374,1374389537692,0,1,1,0
6375,1374389537693,0,1,1,0
6374,1649267444700,0,2,1,0
6374,1924145351653,0,3,0,0
6375,1374389537694,0,1,1,0
6375,1649267444702,0,2,1,0
6376,1649267444703,0,2,1,0
6375,1924145351653,0,3,1,0
6376,1374389537695,0,1,0,0
6376,61022895344608,0,2,0,0
6376,1924145351654,0,3,1,0
6377,1924145351655,0,3,1,0
6377,1374389537695,0,1,0,0
6378,1374389537695,0,1,1,0
6377,61022895344608,0,2,1,0
6377,61297773251560,0,3,0,0
6378,1374389537696,0,1,1,0
6379,1374389537697,0,1,1,0
6378,61022895344608,0,2,1,0
6378,61297773251560,0,3,1,0
6379,1374389537698,0,1,0,0
6379,61022895344609,0,2,1,0
6379,61297773251560,0,3,1,0
6380,1374389537698,0,1,0,0
6380,61297773251561,0,3,1,0
6381,1374389537698,0,1,0,0
6382,1374389537698,0,1,0,0
6383,1374389537698,0,1,1,0
6383,1374389537699,0,1,1,0
6384,1374389537700,0,1,1,0
6385,1374389537701,0,1,0,0
6386,1374389537701,0,1,0,0
6387,1374389537701,0,1,1,0
6387,1374389537702,0,1,0,0
6388,1374389537702,0,1,0,0
6389,1374389537702,0,1,0,0
6390,1374389537702,0,1,1,0
6390,1374389537703,0,1,0,0
6391,1374389537703,0,1,1,0
6391,1374389537704,0,1,0,0
6392,1374389537704,0,1,1,0
6393,1374389537705,0,1,1,0
6393,1374389537706,0,1,1,0
6394,1374389537707,0,1,0,0
6395,1374389537707,0,1,0,0
6396,1374389537707,0,1,0,0
6397,1374389537707,0,1,1,0
6397,1374389537708,0,1,0,0
6398,1374389537708,0,1,0,0
6399,1374389537708,0,1,0,0
6400,1374389537708,0,1,0,0
6401,1374389537708,0,1,1,0
6401,1374389537709,0,1,1,0
6402,1374389537710,0,1,1,0
6402,1374389537711,0,1,1,0
6403,1374389537712,0,1,1,0
6404,1374389537713,0,1,1,0
6405,1374389537714,0,1,1,0
6405,1374389537715,0,1,0,0
6406,1374389537715,0,1,1,0
6406,1374389537716,0,1,0,0
6407,1374389537716,0,1,1,0
6408,1374389537717,0,1,0,0
6409,1374389537717,0,1,0,0
6410,1374389537717,0,1,1,0
6410,1374389537718,0,1,0,0
6411,1374389537718,0,1,0,0
6412,1374389537718,0,1,0,0
6413,1374389537718,0,1,1,0
6413,6871947676599,0,1,1,0
6419,1374389537803,0,1,1,0
6419,1374389537804,0,1,1,0
6420,1374389537805,0,1,0,0
6421,1374389537805,0,1,0,0
6422,1374389537805,0,1,0,0
6423,1374389537805,0,1,1,0
6423,1374389537806,0,1,0,0
6424,1374389537806,0,1,0,0
6425,1374389537806,0,1,0,0
6426,1374389537806,0,1,0,0
6427,1374389537806,0,1,1,0
6427,1374389537807,0,1,0,0
6428,1374389537807,0,1,1,0
6429,1374389537808,0,1,1,0
6430,1374389537809,0,1,1,0
6431,1374389537810,0,1,1,0
6432,1374389537811,0,1,1,0
6432,1374389537812,0,1,0,0
6433,1374389537812,0,1,0,0
6434,1374389537812,0,1,1,0
6434,1374389537813,0,1,1,0
6435,1374389537814,0,1,1,0
6435,1374389537815,0,1,1,0
6436,1374389537816,0,1,1,0
6436,1374389537817,0,1,1,0
6437,1374389537818,0,1,1,0
6438,1374389537819,0,1,1,0
6439,1374389537820,0,1,1,0
6440,1374389537821,0,1,1,0
6440,1374389537822,0,1,0,0
6441,1374389537822,0,1,0,0
6442,1374389537822,0,1,1,0
6442,1374389537823,0,1,0,0
6443,1374389537823,0,1,1,0
6443,1374389537824,0,1,1,0
6444,1374389537825,0,1,1,0
6444,1374389537826,0,1,1,0
6445,1374389537827,0,1,1,0
6445,1374389537828,0,1,1,0
6446,1374389537829,0,1,0,0
6447,1374389537829,0,1,0,0
6448,1374389537829,0,1,0,0
6449,1374389537829,0,1,1,0
6449,1374389537830,0,1,0,0
6450,1374389537830,0,1,0,0
6451,1374389537830,0,1,0,0
6452,1374389537830,0,1,1,0
6452,6871947676711,0,1,1,0
6458,1374389537873,0,1,1,0
6458,1374389537874,0,1,1,0
6459,1374389537875,0,1,0,0
6460,1374389537875,0,1,0,0
6461,1374389537875,0,1,0,0
6462,1374389537875,0,1,1,0
6462,1374389537876,0,1,0,0
6463,1374389537876,0,1,0,0
6464,1374389537876,0,1,0,0
6465,1374389537876,0,1,1,0
6465,6871947676757,0,1,1,0
6471,1374389537903,0,1,1,0
6471,1374389537904,0,1,1,0
6472,1374389537905,0,1,1,0
6472,1374389537906,0,1,1,0
6473,1374389537907,0,1,1,0
6473,1374389537908,0,1,1,0
6474,1374389537909,0,1,0,0
6475,1374389537909,0,1,0,0
6476,1374389537909,0,1,1,0
6476,1374389537910,0,1,1,0
6477,1374389537911,0,1,1,0
6477,1374389537912,0,1,0,0
6478,1374389537912,0,1,0,0
6479,1374389537912,0,1,0,0
6480,1374389537912,0,1,0,0
6481,1374389537912,0,1,1,0
6481,1374389537913,0,1,1,0
6482,1374389537914,0,1,0,0
6483,1374389537914,0,1,0,0
6484,1374389537914,0,1,0,0
6485,1374389537914,0,1,1,0
6485,1374389537915,0,1,0,0
6486,1374389537915,0,1,0,0
6487,1374389537915,0,1,0,0
6488,1374389537915,0,1,0,0
6489,1374389537915,0,1,1,0
6489,1374389537916,0,1,0,0
6490,1374389537916,0,1,1,0
6491,1374389537917,0,1,1,0
6492,1374389537918,0,1,1,0
6493,1374389537919,0,1,1,0
6493,1374389537920,0,1,1,0
6494,1374389537921,0,1,0,0
6495,1374389537921,0,1,0,0
6496,1374389537921,0,1,1,0
6496,1374389537922,0,1,0,0
6497,1374389537922,0,1,1,0
6498,1374389537923,0,1,1,0
6498,1374389537924,0,1,1,0
6499,1374389537925,0,1,1,0
6499,1374389537926,0,1,1,0
6500,1374389537927,0,1,1,0
6500,1374389537928,0,1,1,0
6501,1374389537929,0,1,0,0
6502,1374389537929,0,1,0,0
6503,1374389537929,0,1,1,0
6503,1374389537930,0,1,1,0
6504,1374389537931,0,1,1,0
6504,1374389537932,0,1,0,0
6505,1374389537932,0,1,0,0
6506,1374389537932,0,1,0,0
6507,1374389537932,0,1,0,0
6508,1374389537932,0,1,1,0
6508,1374389537933,0,1,1,0
6509,1374389537934,0,1,1,0
6510,1374389537935,0,1,0,0
6511,1374389537935,0,1,0,0
6512,1374389537935,0,1,1,0
6512,1374389537936,0,1,0,0
6513,1374389537936,0,1,0,0
6514,1374389537936,0,1,0,0
6515,1374389537936,0,1,1,0
6515,1374389537937,0,1,0,0
6516,1374389537937,0,1,1,0
6516,1374389537938,0,1,0,0
6517,1374389537938,0,1,1,0
6518,1374389537939,0,1,1,0
6519,1374389537940,0,1,1,0
6520,1374389537941,0,1,1,0
6520,1374389537942,0,1,0,0
6521,1374389537942,0,1,0,0
6522,1374389537942,0,1,0,0
6523,1374389537942,0,1,1,0
6523,1374389537943,0,1,1,0
6524,1374389537944,0,1,1,0
6524,1374389537945,0,1,1,0
6525,1374389537946,0,1,1,0
6526,1374389537947,0,1,1,0
6526,1374389537948,0,1,0,0
6527,1374389537948,0,1,0,0
6528,1374389537948,0,1,0,0
6529,1374389537948,0,1,1,0
6529,1374389537949,0,1,0,0
6530,1374389537949,0,1,0,0
6531,1374389537949,0,1,1,0
6531,1374389537950,0,1,0,0
6532,1374389537950,0,1,1,0
6533,1374389537951,0,1,1,0
6534,1374389537952,0,1,1,0
6535,1374389537953,0,1,1,0
6536,1374389537954,0,1,1,0
6537,1374389537955,0,1,1,0
6537,1374389537956,0,1,0,0
6538,1374389537956,0,1,0,0
6539,1374389537956,0,1,1,0
6539,1374389537957,0,1,0,0
6540,1374389537957,0,1,1,0
6541,1374389537958,0,1,1,0
6541,1374389537959,0,1,1,0
6542,1374389537960,0,1,1,0
6543,1374389537961,0,1,0,0
6544,1374389537961,0,1,0,0
6545,1374389537961,0,1,1,0
6545,1374389537962,0,1,0,0
6546,1374389537962,0,1,0,0
6547,1374389537962,0,1,0,0
6548,1374389537962,0,1,1,0
6548,6871947676843,0,1,1,0
6554,1374389538007,0,1,1,0
6554,1374389538008,0,1,1,0
6555,1374389538009,0,1,0,0
6556,1374389538009,0,1,0,0
6557,1374389538009,0,1,0,0
6558,1374389538009,0,1,1,0
6558,1374389538010,0,1,0,0
6559,1374389538010,0,1,0,0
6560,1374389538010,0,1,0,0
6561,1374389538010,0,1,0,0
6562,1374389538010,0,1,1,0
6562,1374389538011,0,1,0,0
6563,1374389538011,0,1,1,0
6564,1374389538012,0,1,1,0
6564,6871947676893,0,1,1,0
6565,1374389538014,0,1,1,0
6566,1374389538015,0,1,1,0
6566,1374389538016,0,1,1,0
6567,1374389538017,0,1,0,0
6568,1374389538017,0,1,0,0
6569,1374389538017,0,1,0,0
6570,1374389538017,0,1,1,0
6570,1374389538018,0,1,1,0
6571,1374389538019,0,1,1,0
6571,1374389538020,0,1,1,0
6572,1374389538021,0,1,1,0
6573,1374389538022,0,1,1,0
6573,1374389538023,0,1,1,0
6574,1374389538024,0,1,0,0
6575,1374389538024,0,1,0,0
6576,1374389538024,0,1,1,0
6576,1374389538025,0,1,0,0
6577,1374389538025,0,1,0,0
6578,1374389538025,0,1,1,0
6578,1374389538026,0,1,0,0
6579,1374389538026,0,1,1,0
6580,1374389538027,0,1,1,0
6581,1374389538028,0,1,1,0
6582,1374389538029,0,1,1,0
6582,1374389538030,0,1,0,0
6583,1374389538030,0,1,0,0
6584,1374389538030,0,1,0,0
6585,1374389538030,0,1,0,0
6586,1374389538030,0,1,1,0
6586,1374389538031,0,1,0,0
6587,1374389538031,0,1,1,0
6587,6871947676912,0,1,1,0
6588,1374389538033,0,1,1,0
6589,1374389538034,0,1,1,0
6590,1374389538035,0,1,1,0
6590,1374389538036,0,1,0,0
6591,1374389538036,0,1,0,0
6592,1374389538036,0,1,1,0
6592,1374389538037,0,1,0,0
6593,1374389538037,0,1,1,0
6593,1374389538038,0,1,1,0
6594,1374389538039,0,1,1,0
6594,1374389538040,0,1,1,0
6595,1374389538041,0,1,1,0
6595,1374389538042,0,1,1,0
6596,1374389538043,0,1,0,0
6597,1374389538043,0,1,0,0
6598,1374389538043,0,1,0,0
6599,1374389538043,0,1,1,0
6599,1374389538044,0,1,0,0
6600,1374389538044,0,1,0,0
6601,1374389538044,0,1,0,0
6602,1374389538044,0,1,1,0
6602,6871947676925,0,1,1,0
6608,1374389538092,0,1,1,0
6608,1374389538093,0,1,1,0
6609,1374389538094,0,1,0,0
6610,1374389538094,0,1,0,0
6611,1374389538094,0,1,0,0
6612,1374389538094,0,1,1,0
6612,1374389538095,0,1,0,0
6613,1374389538095,0,1,0,0
6614,1374389538095,0,1,0,0
6615,1374389538095,0,1,1,0
6615,6871947676976,0,1,1,0
6621,1374389538123,0,1,1,0
6621,1374389538124,0,1,1,0
6622,1374389538125,0,1,1,0
6622,1374389538126,0,1,1,0
6623,1374389538127,0,1,1,0
6623,1374389538128,0,1,1,0
6624,1374389538129,0,1,0,0
6625,1374389538129,0,1,0,0
6626,1374389538129,0,1,1,0
6626,1374389538130,0,1,1,0
6627,1374389538131,0,1,1,0
6627,1374389538132,0,1,0,0
6628,1374389538132,0,1,0,0
6629,1374389538132,0,1,0,0
6630,1374389538132,0,1,0,0
6631,1374389538132,0,1,1,0
6631,1374389538133,0,1,1,0
6632,1374389538134,0,1,0,0
6633,1374389538134,0,1,0,0
6634,1374389538134,0,1,0,0
6635,1374389538134,0,1,1,0
6635,1374389538135,0,1,0,0
6636,1374389538135,0,1,0,0
6637,1374389538135,0,1,0,0
6638,1374389538135,0,1,0,0
6639,1374389538135,0,1,1,0
6639,1374389538136,0,1,0,0
6640,1374389538136,0,1,1,0
6641,1374389538137,0,1,1,0
6642,1374389538138,0,1,1,0
6643,1374389538139,0,1,1,0
6643,1374389538140,0,1,1,0
6644,1374389538141,0,1,0,0
6645,1374389538141,0,1,0,0
6646,1374389538141,0,1,1,0
6646,1374389538142,0,1,0,0
6647,1374389538142,0,1,1,0
6648,1374389538143,0,1,1,0
6648,1374389538144,0,1,1,0
6649,1374389538145,0,1,1,0
6649,1374389538146,0,1,1,0
6650,1374389538147,0,1,1,0
6650,1374389538148,0,1,1,0
6651,1374389538149,0,1,0,0
6652,1374389538149,0,1,0,0
6653,1374389538149,0,1,1,0
6653,1374389538150,0,1,1,0
6654,1374389538151,0,1,1,0
6654,1374389538152,0,1,0,0
6655,1374389538152,0,1,0,0
6656,1374389538152,0,1,0,0
6657,1374389538152,0,1,0,0
6658,1374389538152,0,1,1,0
6658,1374389538153,0,1,1,0
6659,1374389538154,0,1,1,0
6660,1374389538155,0,1,0,0
6661,1374389538155,0,1,0,0
6662,1374389538155,0,1,1,0
6662,1374389538156,0,1,0,0
6663,1374389538156,0,1,0,0
6664,1374389538156,0,1,0,0
6665,1374389538156,0,1,1,0
6665,1374389538157,0,1,0,0
6666,1374389538157,0,1,1,0
6666,1374389538158,0,1,0,0
6667,1374389538158,0,1,1,0
6668,1374389538159,0,1,1,0
6668,1374389538160,0,1,1,0
6669,1374389538161,0,1,0,0
6670,1374389538161,0,1,0,0
6671,1374389538161,0,1,0,0
6672,1374389538161,0,1,1,0
6672,1374389538162,0,1,0,0
6673,1374389538162,0,1,0,0
6674,1374389538162,0,1,0,0
6675,1374389538162,0,1,0,0
6676,1374389538162,0,1,1,0
6676,1374389538163,0,1,1,0
6677,1374389538164,0,1,1,0
6677,1374389538165,0,1,1,0
6678,1374389538166,0,1,1,0
6679,1374389538167,0,1,1,0
6680,1374389538168,0,1,1,0
6680,1374389538169,0,1,0,0
6681,1374389538169,0,1,1,0
6681,1374389538170,0,1,0,0
6682,1374389538170,0,1,1,0
6683,1374389538171,0,1,0,0
6684,1374389538171,0,1,0,0
6685,1374389538171,0,1,1,0
6685,1374389538172,0,1,0,0
6686,1374389538172,0,1,0,0
6687,1374389538172,0,1,0,0
6688,1374389538172,0,1,1,0
6688,6871947677053,0,1,1,0
6694,1374389538302,0,1,1,0
6694,1374389538303,0,1,1,0
6695,1374389538309,0,1,0,0
6696,1374389538309,0,1,0,0
6697,1374389538309,0,1,0,0
6698,1374389538309,0,1,1,0
6698,1374389538310,0,1,0,0
6699,1374389538310,0,1,0,0
6700,1374389538310,0,1,0,0
6701,1374389538310,0,1,0,0
6702,1374389538310,0,1,1,0
6702,1374389538311,0,1,0,0
6703,1374389538311,0,1,1,0
6704,1374389538312,0,1,1,0
6705,1374389538314,0,1,1,0
6706,1374389538315,0,1,1,0
6707,1374389538316,0,1,1,0
6707,1374389538317,0,1,0,0
6708,1374389538317,0,1,0,0
6709,1374389538317,0,1,1,0
6709,1374389538318,0,1,1,0
6710,1374389538319,0,1,1,0
6710,1374389538320,0,1,1,0
6711,1374389538321,0,1,1,0
6711,1374389538322,0,1,1,0
6712,1374389538323,0,1,1,0
6713,1374389538324,0,1,1,0
6714,1374389538325,0,1,1,0
6715,1374389538326,0,1,1,0
6715,1374389538327,0,1,0,0
6716,1374389538327,0,1,0,0
6717,1374389538327,0,1,1,0
6717,1374389538328,0,1,0,0
6718,1374389538328,0,1,1,0
6718,1374389538329,0,1,1,0
6719,1374389538332,0,1,1,0
6719,1374389538333,0,1,1,0
6720,1374389538334,0,1,1,0
6720,1374389538335,0,1,1,0
6721,1374389538336,0,1,0,0
6722,1374389538336,0,1,0,0
6723,1374389538336,0,1,0,0
6724,1374389538336,0,1,1,0
6724,1374389538337,0,1,0,0
6725,1374389538337,0,1,0,0
6726,1374389538337,0,1,0,0
6727,1374389538337,0,1,1,0
6727,6871947677218,0,1,1,0
6733,1374389538417,0,1,1,0
6733,1374389538418,0,1,1,0
6734,1374389538419,0,1,0,0
6735,1374389538419,0,1,0,0
6736,1374389538419,0,1,0,0
6737,1374389538419,0,1,1,0
6737,1374389538420,0,1,0,0
6738,1374389538420,0,1,0,0
6739,1374389538420,0,1,0,0
6740,1374389538420,0,1,1,0
6740,6871947677301,0,1,1,0
6746,1374389538447,0,1,1,0
6746,1374389538448,0,1,1,0
6747,1374389538449,0,1,1,0
6747,1374389538450,0,1,1,0
6748,1374389538451,0,1,1,0
6748,1374389538452,0,1,1,0
6749,1374389538453,0,1,0,0
6750,1374389538453,0,1,0,0
6751,1374389538453,0,1,1,0
6751,1374389538454,0,1,1,0
6752,1374389538455,0,1,1,0
6752,1374389538456,0,1,0,0
6753,1374389538456,0,1,0,0
6754,1374389538456,0,1,0,0
6755,1374389538456,0,1,0,0
6756,1374389538456,0,1,1,0
6756,1374389538457,0,1,1,0
6757,1374389538458,0,1,0,0
6758,1374389538458,0,1,0,0
6759,1374389538458,0,1,0,0
6760,1374389538458,0,1,1,0
6760,1374389538459,0,1,0,0
6761,1374389538459,0,1,0,0
6762,1374389538459,0,1,0,0
6763,1374389538459,0,1,0,0
6764,1374389538459,0,1,1,0
6764,1374389538460,0,1,0,0
6765,1374389538460,0,1,1,0
6766,1374389538461,0,1,1,0
6767,1374389538462,0,1,1,0
6768,1374389538463,0,1,1,0
6768,1374389538464,0,1,1,0
6769,1374389538465,0,1,0,0
6770,1374389538465,0,1,0,0
6771,1374389538465,0,1,1,0
6771,1374389538466,0,1,0,0
6772,1374389538466,0,1,1,0
6773,1374389538467,0,1,1,0
6773,1374389538468,0,1,1,0
6774,1374389538469,0,1,1,0
6774,1374389538470,0,1,1,0
6775,1374389538471,0,1,1,0
6775,1374389538472,0,1,1,0
6776,1374389538473,0,1,0,0
6777,1374389538473,0,1,0,0
6778,1374389538473,0,1,1,0
6778,1374389538474,0,1,1,0
6779,1374389538475,0,1,1,0
6779,1374389538476,0,1,0,0
6780,1374389538476,0,1,0,0
6781,1374389538476,0,1,0,0
6782,1374389538476,0,1,0,0
6783,1374389538476,0,1,1,0
6783,1374389538477,0,1,1,0
6784,1374389538478,0,1,1,0
6785,1374389538479,0,1,0,0
6786,1374389538479,0,1,0,0
6787,1374389538479,0,1,1,0
6787,1374389538480,0,1,0,0
6788,1374389538480,0,1,0,0
6789,1374389538480,0,1,0,0
6790,1374389538480,0,1,1,0
6790,1374389538481,0,1,0,0
6791,1374389538481,0,1,1,0
6791,1374389538482,0,1,0,0
6792,1374389538482,0,1,1,0
6793,1374389538483,0,1,1,0
6794,1374389538484,0,1,1,0
6795,1374389538485,0,1,1,0
6795,1374389538486,0,1,0,0
6796,1374389538486,0,1,0,0
6797,1374389538486,0,1,0,0
6798,1374389538486,0,1,1,0
6798,1374389538487,0,1,1,0
6799,1374389538488,0,1,1,0
6799,1374389538489,0,1,1,0
6800,1374389538490,0,1,1,0
6801,1374389538491,0,1,1,0
6801,1374389538492,0,1,0,0
6802,1374389538492,0,1,0,0
6803,1374389538492,0,1,0,0
6804,1374389538492,0,1,1,0
6804,1374389538493,0,1,0,0
6805,1374389538493,0,1,0,0
6806,1374389538493,0,1,1,0
6806,1374389538494,0,1,0,0
6807,1374389538494,0,1,1,0
6808,1374389538495,0,1,1,0
6809,1374389538496,0,1,1,0
6810,1374389538497,0,1,1,0
6811,1374389538498,0,1,1,0
6812,1374389538499,0,1,1,0
6812,1374389538500,0,1,0,0
6813,1374389538500,0,1,0,0
6814,1374389538500,0,1,1,0
6814,1374389538501,0,1,0,0
6815,1374389538501,0,1,1,0
6816,1374389538502,0,1,1,0
6816,1374389538503,0,1,1,0
6817,1374389538504,0,1,1,0
6818,1374389538505,0,1,0,0
6819,1374389538505,0,1,0,0
6820,1374389538505,0,1,1,0
6820,1374389538506,0,1,0,0
6821,1374389538506,0,1,0,0
6822,1374389538506,0,1,0,0
6823,1374389538506,0,1,1,0
6823,6871947677387,0,1,1,0
6829,1374389538551,0,1,1,0
6829,1374389538552,0,1,1,0
6830,1374389538553,0,1,0,0
6831,1374389538553,0,1,0,0
6832,1374389538553,0,1,0,0
6833,1374389538553,0,1,1,0
6833,1374389538554,0,1,0,0
6834,1374389538554,0,1,0,0
6835,1374389538554,0,1,0,0
6836,1374389538554,0,1,0,0
6837,1374389538554,0,1,1,0
6837,1374389538555,0,1,0,0
6838,1374389538555,0,1,1,0
6839,1374389538556,0,1,1,0
6839,6871947677437,0,1,1,0
6840,1374389538558,0,1,1,0
6841,1374389538559,0,1,1,0
6841,1374389538560,0,1,1,0
6842,1374389538561,0,1,0,0
6843,1374389538561,0,1,0,0
6844,1374389538561,0,1,0,0
6845,1374389538561,0,1,1,0
6845,1374389538562,0,1,1,0
6846,1374389538563,0,1,1,0
6846,1374389538564,0,1,1,0
6847,1374389538565,0,1,1,0
6848,1374389538566,0,1,1,0
6848,1374389538567,0,1,1,0
6849,1374389538568,0,1,0,0
6850,1374389538568,0,1,0,0
6851,1374389538568,0,1,1,0
6851,1374389538569,0,1,0,0
6852,1374389538569,0,1,0,0
6853,1374389538569,0,1,1,0
6853,1374389538570,0,1,0,0
6854,1374389538570,0,1,1,0
6855,1374389538571,0,1,1,0
6856,1374389538572,0,1,1,0
6857,1374389538573,0,1,1,0
6857,1374389538574,0,1,0,0
6858,1374389538574,0,1,0,0
6859,1374389538574,0,1,0,0
6860,1374389538574,0,1,0,0
6861,1374389538574,0,1,1,0
6861,1374389538575,0,1,0,0
6862,1374389538575,0,1,1,0
6862,6871947677456,0,1,1,0
6863,1374389538577,0,1,1,0
6864,1374389538578,0,1,1,0
6865,1374389538579,0,1,1,0
6865,1374389538580,0,1,0,0
6866,1374389538580,0,1,0,0
6867,1374389538580,0,1,1,0
6867,1374389538581,0,1,0,0
6868,1374389538581,0,1,1,0
6868,1374389538582,0,1,1,0
6869,1374389538583,0,1,1,0
6869,1374389538584,0,1,1,0
6870,1374389538585,0,1,1,0
6870,1374389538586,0,1,1,0
6871,1374389538587,0,1,0,0
6872,1374389538587,0,1,0,0
6873,1374389538587,0,1,0,0
6874,1374389538587,0,1,1,0
6874,1374389538588,0,1,0,0
6875,1374389538588,0,1,0,0
6876,1374389538588,0,1,0,0
6877,1374389538588,0,1,1,0
6877,6871947677469,0,1,1,0
6883,1374389538636,0,1,1,0
6883,1374389538637,0,1,1,0
6884,1374389538638,0,1,0,0
6885,1374389538638,0,1,0,0
6886,1374389538638,0,1,0,0
6887,1374389538638,0,1,1,0
6887,1374389538639,0,1,0,0
6888,1374389538639,0,1,0,0
6889,1374389538639,0,1,0,0
6890,1374389538639,0,1,1,0
6890,6871947677520,0,1,1,0
6896,1374389538667,0,1,1,0
6896,1374389538668,0,1,1,0
6897,1374389538669,0,1,1,0
6897,1374389538670,0,1,1,0
6898,1374389538671,0,1,1,0
6898,1374389538672,0,1,1,0
6899,1374389538673,0,1,0,0
6900,1374389538673,0,1,0,0
6901,1374389538673,0,1,1,0
6901,1374389538674,0,1,1,0
6902,1374389538675,0,1,1,0
6902,1374389538676,0,1,0,0
6903,1374389538676,0,1,0,0
6904,1374389538676,0,1,0,0
6905,1374389538676,0,1,0,0
6906,1374389538676,0,1,1,0
6906,1374389538677,0,1,1,0
6907,1374389538678,0,1,0,0
6908,1374389538678,0,1,0,0
6909,1374389538678,0,1,0,0
6910,1374389538678,0,1,1,0
6910,1374389538679,0,1,0,0
6911,1374389538679,0,1,0,0
6912,1374389538679,0,1,0,0
6913,1374389538679,0,1,0,0
6914,1374389538679,0,1,1,0
6914,1374389538680,0,1,0,0
6915,1374389538680,0,1,1,0
6916,1374389538681,0,1,1,0
6917,1374389538682,0,1,1,0
6918,1374389538683,0,1,1,0
6918,1374389538684,0,1,1,0
6919,1374389538685,0,1,0,0
6920,1374389538685,0,1,0,0
6921,1374389538685,0,1,1,0
6921,1374389538686,0,1,0,0
6922,1374389538686,0,1,1,0
6923,1374389538687,0,1,1,0
6923,1374389538688,0,1,1,0
6924,1374389538689,0,1,1,0
6924,1374389538690,0,1,1,0
6925,1374389538691,0,1,1,0
6925,1374389538692,0,1,1,0
6926,1374389538693,0,1,0,0
6927,1374389538693,0,1,0,0
6928,1374389538693,0,1,1,0
6928,1374389538694,0,1,1,0
6929,1374389538695,0,1,1,0
6929,1374389538696,0,1,0,0
6930,1374389538696,0,1,0,0
6931,1374389538696,0,1,0,0
6932,1374389538696,0,1,0,0
6933,1374389538696,0,1,1,0
6933,1374389538697,0,1,1,0
6934,1374389538698,0,1,1,0
6935,1374389538699,0,1,0,0
6936,1374389538699,0,1,0,0
6937,1374389538699,0,1,1,0
6937,1374389538700,0,1,0,0
6938,1374389538700,0,1,0,0
6939,1374389538700,0,1,0,0
6940,1374389538700,0,1,1,0
6940,1374389538701,0,1,0,0
6941,1374389538701,0,1,1,0
6941,1374389538702,0,1,0,0
6942,1374389538702,0,1,1,0
6943,1374389538703,0,1,1,0
6943,1374389538704,0,1,1,0
6944,1374389538705,0,1,0,0
6945,1374389538705,0,1,0,0
6946,1374389538705,0,1,0,0
6947,1374389538705,0,1,1,0
6947,1374389538706,0,1,0,0
6948,1374389538706,0,1,0,0
6949,1374389538706,0,1,0,0
6950,1374389538706,0,1,0,0
6951,1374389538706,0,1,1,0
6951,1374389538707,0,1,1,0
6952,1374389538708,0,1,1,0
6952,1374389538709,0,1,1,0
6953,1374389538710,0,1,1,0
6954,1374389538711,0,1,1,0
6955,1374389538712,0,1,1,0
6955,1374389538713,0,1,0,0
6956,1374389538713,0,1,1,0
6956,1374389538714,0,1,0,0
6957,1374389538714,0,1,1,0
6958,1374389538715,0,1,0,0
6959,1374389538715,0,1,0,0
6960,1374389538715,0,1,1,0
6960,1374389538716,0,1,0,0
6961,1374389538716,0,1,0,0
6962,1374389538716,0,1,0,0
6963,1374389538716,0,1,1,0
6963,6871947677597,0,1,1,0
6969,1374389538763,0,1,1,0
6969,1374389538764,0,1,1,0
6970,1374389538765,0,1,0,0
6971,1374389538765,0,1,0,0
6972,1374389538765,0,1,0,0
6973,1374389538765,0,1,1,0
6973,1374389538766,0,1,0,0
6974,1374389538766,0,1,0,0
6975,1374389538766,0,1,0,0
6976,1374389538766,0,1,0,0
6977,1374389538766,0,1,1,0
6977,1374389538767,0,1,0,0
6978,1374389538767,0,1,1,0
6979,1374389538768,0,1,1,0
6980,1374389538769,0,1,1,0
6981,1374389538770,0,1,1,0
6982,1374389538771,0,1,1,0
6380,61022895344609,0,2,1,0
6982,1649267445752,0,2,1,0
6982,1374389538772,0,1,0,0
6982,1649267445753,0,2,1,0
6983,61022895345658,0,2,1,0
6983,1374389538772,0,1,0,0
6984,1374389538772,0,1,1,0
6983,1649267445755,0,2,1,0
6984,1649267445756,0,2,1,0
6984,1374389538773,0,1,1,0
6985,1374389538774,0,1,1,0
6984,7146825584637,0,2,1,0
6985,7146825584638,0,2,1,0
6985,1374389538775,0,1,1,0
6986,1374389538776,0,1,1,0
6985,1649267445759,0,2,1,0
6986,1649267445760,0,2,1,0
6986,1374389538777,0,1,1,0
6986,61022895345666,0,2,1,0
6987,1649267445763,0,2,1,0
6987,1374389538778,0,1,1,0
6987,1649267445764,0,2,1,0
6988,1649267445765,0,2,1,0
6988,1374389538779,0,1,1,0
6988,1649267445766,0,2,0,0
6989,1374389538780,0,1,1,0
6990,1374389538781,0,1,1,0
6989,1649267445766,0,2,0,0
6990,1374389538782,0,1,0,0
6990,1649267445766,0,2,1,0
6991,1649267445767,0,2,1,0
6991,1374389538782,0,1,0,0
6992,1374389538782,0,1,1,0
6991,1649267445768,0,2,1,0
6992,1374389538783,0,1,0,0
6993,1374389538783,0,1,1,0
6992,1649267445769,0,2,0,0
6993,1374389538784,0,1,1,0
6994,1374389538785,0,1,1,0
6993,1649267445769,0,2,0,0
6994,1374389538786,0,1,1,0
6995,1374389538787,0,1,1,0
6994,1649267445769,0,2,0,0
6995,1649267445769,0,2,1,0
6995,1374389538788,0,1,1,0
6995,1649267445770,0,2,0,0
6996,1649267445770,0,2,1,0
6996,1374389538789,0,1,0,0
6996,1649267445771,0,2,1,0
6997,1649267445773,0,2,1,0
6997,1374389538789,0,1,0,0
6997,1649267445774,0,2,1,0
6998,1374389538789,0,1,0,0
6999,1374389538789,0,1,1,0
6998,1649267445775,0,2,1,0
6999,1374389538790,0,1,0,0
6999,1649267445776,0,2,1,0
7000,1374389538790,0,1,0,0
7000,1649267445781,0,2,1,0
7001,1374389538790,0,1,0,0
7002,1374389538790,0,1,1,0
7001,1649267445782,0,2,1,0
7002,1649267445783,0,2,1,0
7003,1649267445784,0,2,1,0
7004,1649267445789,0,2,1,0
7005,1649267445790,0,2,1,0
7005,1649267445791,0,2,1,0
7006,1649267445792,0,2,1,0
7007,1649267445797,0,2,1,0
7002,6871947677671,0,1,1,0
7008,1374389538897,0,1,1,0
7007,1649267445798,0,2,1,0
7008,1649267445799,0,2,1,0
7008,1374389538902,0,1,1,0
7008,1649267445800,0,2,1,0
7009,1649267445801,0,2,1,0
7009,1374389538903,0,1,0,0
7009,1649267445802,0,2,1,0
7010,1649267445803,0,2,1,0
7010,1374389538903,0,1,0,0
7010,1649267445804,0,2,0,0
7011,1374389538903,0,1,0,0
7012,1374389538903,0,1,1,0
7011,1649267445804,0,2,1,0
7012,1374389538904,0,1,0,0
7012,1649267445805,0,2,1,0
7013,1649267445806,0,2,1,0
7013,1374389538904,0,1,0,0
7013,61022895345711,0,2,1,0
7014,1374389538904,0,1,0,0
7015,1374389538904,0,1,1,0
7014,61022895345711,0,2,1,0
7015,61022895345712,0,2,1,0
7016,61022895345712,0,2,1,0
7016,1649267445809,0,2,1,0
7017,61022895345714,0,2,1,0
7018,61022895345714,0,2,1,0
7019,61022895345715,0,2,1,0
7020,61022895345715,0,2,1,0
7015,6871947677785,0,1,1,0
7021,1374389538955,0,1,1,0
7020,1649267445812,0,2,1,0
7021,1649267445813,0,2,1,0
7021,1374389538956,0,1,1,0
7022,1374389538957,0,1,1,0
7021,1649267445814,0,2,1,0
7022,1374389538958,0,1,1,0
7023,1374389538959,0,1,1,0
7022,6047313956919,0,2,1,0
7023,1374389538960,0,1,1,0
7023,6047313956919,0,2,1,0
7024,1374389538961,0,1,0,0
7024,6047313956920,0,2,1,0
7025,6047313956920,0,2,1,0
7025,1374389538961,0,1,0,0
7026,1374389538961,0,1,1,0
7025,6047313956921,0,2,1,0
7026,1374389538962,0,1,1,0
7027,1374389538963,0,1,1,0
7026,1649267445818,0,2,1,0
7027,1374389538964,0,1,0,0
7027,1649267445819,0,2,1,0
7028,1649267445820,0,2,1,0
7028,1374389538964,0,1,0,0
7028,6047313956925,0,2,0,0
7029,1374389538964,0,1,0,0
7029,6047313956925,0,2,1,0
7030,1374389538964,0,1,0,0
7031,1374389538964,0,1,1,0
7030,6047313956925,0,2,1,0
7031,1374389538965,0,1,1,0
7031,6047313956926,0,2,1,0
7032,6047313956926,0,2,1,0
7032,1374389538966,0,1,0,0
7032,1649267445823,0,2,1,0
7033,1649267445824,0,2,1,0
7033,1374389538966,0,1,0,0
7033,1649267445825,0,2,1,0
7034,1649267445826,0,2,1,0
7034,1374389538966,0,1,0,0
7035,1374389538966,0,1,1,0
7034,7146825584707,0,2,1,0
7035,1374389538967,0,1,0,0
7035,1649267445840,0,2,1,0
7036,1649267445842,0,2,1,0
7036,1374389538967,0,1,0,0
7036,1649267445843,0,2,0,0
7037,1374389538967,0,1,0,0
7037,1649267445843,0,2,0,0
7038,1374389538967,0,1,0,0
7039,1374389538967,0,1,1,0
7038,1649267445843,0,2,0,0
7039,1649267445843,0,2,1,0
7039,1374389538968,0,1,0,0
7039,1649267445844,0,2,1,0
7040,1374389538968,0,1,1,0
7040,1649267445845,0,2,0,0
7041,1374389538969,0,1,1,0
7041,1649267445845,0,2,0,0
7042,1374389538970,0,1,1,0
7043,1374389538971,0,1,1,0
7042,1649267445845,0,2,0,0
7043,1649267445845,0,2,1,0
7043,1374389538972,0,1,1,0
7043,1649267445850,0,2,1,0
7044,1649267445851,0,2,1,0
7044,1374389538973,0,1,0,0
7044,1649267445852,0,2,1,0
7045,1649267445853,0,2,1,0
7045,1374389538973,0,1,0,0
7046,1374389538973,0,1,1,0
7045,1649267445854,0,2,1,0
7046,1649267445855,0,2,1,0
7046,1374389538974,0,1,0,0
7046,7146825584736,0,2,1,0
7047,1374389538974,0,1,1,0
7048,1374389538975,0,1,1,0
7047,1649267445857,0,2,1,0
7048,1374389538976,0,1,1,0
7049,1374389538977,0,1,1,0
7048,1649267445879,0,2,1,0
7049,1649267445880,0,2,1,0
7049,1374389538978,0,1,1,0
7050,1374389538979,0,1,1,0
7049,1649267445881,0,2,1,0
7050,1374389538980,0,1,1,0
7050,1649267445882,0,2,0,0
7051,1374389538981,0,1,0,0
7051,1649267445882,0,2,0,0
7052,1374389538981,0,1,0,0
7053,1374389538981,0,1,1,0
7052,1649267445882,0,2,0,0
6381,61297773251561,0,3,1,0
7053,1924145352927,0,3,1,0
7053,1374389538982,0,1,1,0
7054,1374389538983,0,1,1,0
7053,1649267445882,0,2,1,0
7054,1649267445887,0,2,1,0
7053,1924145352928,0,3,1,0
7054,61297773252833,0,3,1,0
7054,1374389538984,0,1,0,0
7054,1649267445888,0,2,1,0
7054,1924145352930,0,3,1,0
7055,1924145352931,0,3,1,0
7055,1374389538984,0,1,0,0
7055,1649267445889,0,2,1,0
7056,1649267445890,0,2,1,0
7055,7421703491812,0,3,1,0
7056,7421703491813,0,3,1,0
7056,1374389538984,0,1,0,0
7056,4947802329219,0,2,1,0
7056,1924145352934,0,3,1,0
7057,1924145352935,0,3,1,0
7057,1374389538984,0,1,0,0
7058,1374389538984,0,1,1,0
7057,4947802329219,0,2,1,0
7057,61297773252841,0,3,1,0
7058,1924145352938,0,3,1,0
7058,1374389538985,0,1,1,0
7058,4947802329220,0,2,1,0
7059,4947802329220,0,2,1,0
7058,1924145352944,0,3,1,0
7059,1924145352945,0,3,1,0
7059,1374389538986,0,1,1,0
7059,1649267445893,0,2,1,0
7060,1649267445894,0,2,1,0
7059,1924145352946,0,3,0,0
7060,1374389538987,0,1,0,0
7060,1649267445895,0,2,1,0
7061,1649267445896,0,2,1,0
7060,1924145352946,0,3,0,0
7061,1374389538987,0,1,0,0
7062,1374389538987,0,1,1,0
7061,1649267445897,0,2,1,0
7062,1649267445898,0,2,1,0
7061,1924145352946,0,3,1,0
7062,1924145352947,0,3,1,0
7062,1374389538988,0,1,0,0
7062,4947802329279,0,2,0,0
7063,4947802329279,0,2,1,0
7062,1924145352952,0,3,1,0
7063,1374389538988,0,1,0,0
7063,1649267445952,0,2,1,0
7063,1924145352953,0,3,0,0
7064,1374389538988,0,1,0,0
7065,1374389538988,0,1,1,0
7064,1649267445953,0,2,0,0
7064,1924145352953,0,3,0,0
7065,1374389538989,0,1,0,0
7066,1374389538989,0,1,1,0
7065,1649267445953,0,2,0,0
7065,1924145352953,0,3,0,0
7066,1924145352953,0,3,1,0
7066,1374389538990,0,1,0,0
7066,1649267445953,0,2,0,0
7066,1924145352954,0,3,0,0
7067,1924145352954,0,3,1,0
7067,1374389538990,0,1,1,0
7067,1649267445953,0,2,1,0
7067,1924145352955,0,3,1,0
7068,1924145352960,0,3,1,0
7068,1374389538991,0,1,1,0
7068,1649267445954,0,2,0,0
7068,1924145352961,0,3,1,0
7069,1374389538992,0,1,1,0
7070,1374389538993,0,1,1,0
7069,1649267445954,0,2,0,0
7070,1649267445954,0,2,1,0
7069,1924145352962,0,3,1,0
7070,1374389538994,0,1,0,0
7070,1649267445959,0,2,0,0
7070,1924145352963,0,3,1,0
7071,1374389538994,0,1,0,0
7071,1649267445959,0,2,0,0
7072,1649267445959,0,2,1,0
7071,1924145352967,0,3,1,0
7072,1374389538994,0,1,0,0
7073,1374389538994,0,1,1,0
7072,1649267445960,0,2,1,0
7073,1649267445961,0,2,1,0
7072,1924145352968,0,3,1,0
7073,1374389538995,0,1,1,0
7074,1374389538996,0,1,1,0
7073,1649267445962,0,2,1,0
7074,1649267445967,0,2,1,0
7073,1924145352969,0,3,1,0
7074,1374389538997,0,1,1,0
7074,1649267445968,0,2,1,0
7074,1924145352970,0,3,1,0
7075,1374389538998,0,1,1,0
7076,1374389538999,0,1,1,0
7075,1649267445969,0,2,1,0
7076,1649267445970,0,2,1,0
7075,1924145352975,0,3,1,0
7076,1924145352976,0,3,1,0
7076,1374389539000,0,1,0,0
7076,1649267445971,0,2,1,0
7077,1649267445972,0,2,1,0
7076,1924145352977,0,3,1,0
7077,1374389539000,0,1,0,0
7077,1649267445973,0,2,1,0
7078,1649267445974,0,2,1,0
7077,1924145352978,0,3,1,0
7078,1924145352983,0,3,1,0
7078,1374389539000,0,1,0,0
7079,1374389539000,0,1,1,0
7078,1649267445975,0,2,1,0
7078,1924145352984,0,3,1,0
7079,1924145352985,0,3,1,0
7079,1374389539001,0,1,0,0
7079,1649267445976,0,2,0,0
7079,1924145352986,0,3,1,0
7080,1924145352991,0,3,1,0
7080,1374389539001,0,1,0,0
7081,1374389539001,0,1,1,0
7080,1649267445976,0,2,1,0
7080,1924145352992,0,3,1,0
7081,1924145352993,0,3,1,0
7081,1374389539002,0,1,0,0
7081,1649267445977,0,2,1,0
7082,1649267445978,0,2,1,0
7081,1924145352994,0,3,0,0
7082,1374389539002,0,1,1,0
7082,4947802329307,0,2,1,0
7082,1924145352994,0,3,1,0
7083,1374389539003,0,1,1,0
7083,4947802329307,0,2,1,0
7083,1924145352999,0,3,1,0
7084,1924145353000,0,3,1,0
7084,1374389539004,0,1,1,0
7084,4947802329308,0,2,1,0
7085,4947802329308,0,2,1,0
7084,61297773252905,0,3,1,0
7085,1374389539005,0,1,1,0
7085,1649267445981,0,2,1,0
7086,1649267445982,0,2,1,0
7085,61297773252905,0,3,1,0
7086,1374389539006,0,1,1,0
7087,1374389539011,0,1,1,0
7086,61022895345900,0,2,1,0
7086,61297773252906,0,3,1,0
7087,61297773252906,0,3,1,0
7087,1374389539012,0,1,0,0
7087,61022895345900,0,2,1,0
7087,1924145353003,0,3,1,0
7088,1374389539012,0,1,0,0
7089,1374389539012,0,1,1,0
7088,61022895345901,0,2,1,0
7089,61022895345901,0,2,1,0
7088,61297773252908,0,3,1,0
7089,1374389539013,0,1,0,0
7089,1649267445998,0,2,1,0
7090,1649267445999,0,2,1,0
7089,61297773252908,0,3,1,0
7090,1374389539013,0,1,1,0
7091,1374389539014,0,1,1,0
7090,1649267446004,0,2,1,0
7091,1649267446005,0,2,1,0
7090,61297773252909,0,3,1,0
7091,61297773252909,0,3,1,0
7091,1374389539019,0,1,1,0
7091,61022895345910,0,2,1,0
7092,1649267446007,0,2,1,0
7091,1924145353006,0,3,1,0
7092,1924145353007,0,3,1,0
7092,1374389539020,0,1,1,0
7092,1649267446012,0,2,1,0
7093,7146825584893,0,2,1,0
7092,1924145353008,0,3,1,0
7093,1374389539021,0,1,0,0
7093,7146825584894,0,2,1,0
7094,1649267446015,0,2,1,0
7093,6322191864113,0,3,1,0
7094,1374389539021,0,1,0,0
7095,1374389539021,0,1,1,0
7094,1649267446075,0,2,1,0
7095,61022895345981,0,2,1,0
7094,6322191864113,0,3,1,0
7095,1374389539022,0,1,0,0
7095,1649267446078,0,2,1,0
7096,1649267446082,0,2,1,0
7095,6322191864114,0,3,1,0
7096,6322191864114,0,3,1,0
7096,1374389539022,0,1,0,0
7096,1649267446083,0,2,0,0
7096,6322191864115,0,3,1,0
7097,1374389539022,0,1,0,0
7098,1374389539022,0,1,1,0
7097,1649267446083,0,2,0,0
7097,1924145353012,0,3,1,0
7098,1649267446083,0,2,0,0
7099,1649267446083,0,2,1,0
7098,1924145353013,0,3,1,0
7099,1924145353014,0,3,1,0
7099,1649267446084,0,2,1,0
7099,6322191864119,0,3,0,0
7100,1649267446085,0,2,0,0
7100,6322191864119,0,3,1,0
7101,1649267446085,0,2,0,0
7101,6322191864119,0,3,1,0
7102,1649267446085,0,2,0,0
7103,1649267446085,0,2,1,0
7102,6322191864120,0,3,1,0
7103,6322191864120,0,3,1,0
7098,6871947677931,0,1,1,0
7104,1374389539232,0,1,1,0
7103,1649267446086,0,2,1,0
7104,1649267446087,0,2,1,0
7103,1924145353017,0,3,1,0
7104,1924145353018,0,3,1,0
7104,1374389539233,0,1,1,0
7104,1649267446088,0,2,1,0
7105,1649267446089,0,2,1,0
7104,1924145353023,0,3,1,0
7105,1924145353024,0,3,1,0
7105,1374389539234,0,1,0,0
7105,1649267446090,0,2,1,0
7106,1649267446091,0,2,1,0
7105,7421703491905,0,3,1,0
7106,1374389539234,0,1,0,0
7106,1924145353037,0,3,1,0
7107,1924145353038,0,3,1,0
7107,1374389539234,0,1,0,0
7108,1374389539234,0,1,1,0
7107,1924145353039,0,3,0,0
7108,1374389539239,0,1,0,0
7108,1924145353039,0,3,0,0
7109,1374389539239,0,1,0,0
7109,1924145353039,0,3,0,0
7110,1924145353039,0,3,1,0
7110,1374389539239,0,1,0,0
7110,1924145353040,0,3,1,0
7111,1374389539239,0,1,0,0
7112,1374389539239,0,1,1,0
7106,7146825584972,0,2,1,0
7112,1649267446224,0,2,1,0
7111,1924145353041,0,3,0,0
7112,1374389539240,0,1,0,0
7112,1649267446225,0,2,1,0
7112,1924145353041,0,3,0,0
7113,1374389539240,0,1,1,0
7114,1374389539241,0,1,1,0
7113,1649267446226,0,2,1,0
7113,1924145353041,0,3,0,0
7114,1924145353041,0,3,1,0
7114,6871947678122,0,1,1,0
7114,1649267446227,0,2,1,0
7114,1924145353042,0,3,1,0
7115,1924145353043,0,3,1,0
7115,1374389539254,0,1,1,0
7116,1374389539255,0,1,1,0
7115,1649267446228,0,2,0,0
7115,1924145353044,0,3,1,0
7116,1924145353045,0,3,1,0
7116,1374389539256,0,1,1,0
7116,1649267446228,0,2,1,0
7116,1924145353049,0,3,1,0
7117,1924145353050,0,3,1,0
7117,1374389539261,0,1,0,0
7117,1649267446229,0,2,1,0
7118,1649267446230,0,2,1,0
7117,7421703491931,0,3,1,0
7118,1374389539261,0,1,0,0
7118,61022895346135,0,2,0,0
7118,1924145353052,0,3,1,0
7119,1374389539261,0,1,0,0
7120,1374389539261,0,1,1,0
7119,61022895346135,0,2,1,0
7119,1924145353073,0,3,1,0
7120,1924145353074,0,3,1,0
7120,1374389539262,0,1,1,0
7121,1374389539263,0,1,1,0
7120,61022895346135,0,2,1,0
7120,1924145353075,0,3,1,0
7121,1374389539264,0,1,1,0
7121,61022895346136,0,2,1,0
7122,61022895346136,0,2,1,0
7121,1924145353076,0,3,0,0
7122,1374389539268,0,1,1,0
7123,1374389539269,0,1,1,0
7122,1649267446236,0,2,1,0
7123,1649267446237,0,2,1,0
7122,1924145353076,0,3,0,0
7123,1374389539270,0,1,1,0
7123,61022895346142,0,2,0,0
7124,61022895346142,0,2,1,0
7123,1924145353076,0,3,0,0
7124,1374389539271,0,1,0,0
7124,1649267446239,0,2,1,0
7125,1649267446248,0,2,1,0
7124,1924145353076,0,3,1,0
7125,1924145353077,0,3,1,0
7125,1374389539271,0,1,0,0
7126,1374389539271,0,1,1,0
7125,7146825585129,0,2,1,0
7126,7146825585130,0,2,1,0
7125,1924145353078,0,3,1,0
7126,1374389539272,0,1,0,0
7126,1649267446251,0,2,1,0
7127,1649267446260,0,2,1,0
7126,1924145353079,0,3,1,0
7127,1924145353080,0,3,1,0
7127,1374389539272,0,1,0,0
7128,1374389539272,0,1,1,0
7127,61022895346166,0,2,1,0
7128,1649267446263,0,2,1,0
7127,5222680236409,0,3,1,0
7128,1374389539273,0,1,0,0
7128,1649267446270,0,2,1,0
7129,1649267446271,0,2,1,0
7128,5222680236409,0,3,1,0
7129,1374389539273,0,1,1,0
7129,1649267446272,0,2,0,0
7129,5222680236410,0,3,1,0
7130,5222680236410,0,3,1,0
7130,1374389539274,0,1,1,0
7130,1649267446272,0,2,0,0
7130,1924145353083,0,3,1,0
7131,1924145353084,0,3,1,0
7131,1374389539275,0,1,1,0
7132,1374389539276,0,1,1,0
7131,1649267446272,0,2,1,0
7132,1649267446273,0,2,1,0
7131,1924145353088,0,3,1,0
7132,1924145353089,0,3,1,0
7132,1374389539277,0,1,0,0
7132,1649267446274,0,2,1,0
7132,1924145353090,0,3,1,0
7133,1924145353091,0,3,1,0
7133,1374389539277,0,1,0,0
7133,1649267446275,0,2,0,0
7133,5222680236451,0,3,0,0
7134,5222680236451,0,3,1,0
7134,1374389539277,0,1,0,0
7134,1649267446275,0,2,0,0
7134,1924145353124,0,3,1,0
7135,1374389539277,0,1,0,0
7136,1374389539277,0,1,1,0
7135,1649267446275,0,2,0,0
7136,1649267446275,0,2,1,0
7135,1924145353125,0,3,0,0
7136,1374389539278,0,1,0,0
7137,1374389539278,0,1,1,0
7136,1649267446276,0,2,0,0
7137,1649267446276,0,2,1,0
7136,1924145353125,0,3,0,0
7137,1649267446277,0,2,1,0
7138,1649267446278,0,2,1,0
7137,1924145353125,0,3,0,0
7138,1649267446279,0,2,1,0
7138,1924145353125,0,3,1,0
7139,1649267446280,0,2,1,0
7139,1924145353126,0,3,0,0
7140,1649267446281,0,2,1,0
7140,1924145353126,0,3,0,0
7141,1924145353126,0,3,1,0
7141,1649267446283,0,2,1,0
7141,1924145353131,0,3,0,0
7137,6871947678159,0,1,1,0
7142,1649267446284,0,2,1,0
7142,1924145353131,0,3,0,0
7143,1924145353131,0,3,1,0
7143,1649267446285,0,2,1,0
7143,1924145353132,0,3,1,0
7144,1924145353133,0,3,1,0
7144,1649267446286,0,2,1,0
7144,1924145353134,0,3,1,0
7145,1924145353135,0,3,1,0
7143,6871947678314,0,1,1,0
7146,1374389539435,0,1,1,0
7145,1649267446291,0,2,1,0
7146,1649267446292,0,2,1,0
7145,1924145353136,0,3,1,0
7146,1374389539436,0,1,1,0
7146,1649267446293,0,2,1,0
7146,1924145353137,0,3,1,0
7147,1924145353138,0,3,1,0
7147,1374389539437,0,1,0,0
7147,1649267446294,0,2,1,0
7148,1649267446299,0,2,1,0
7147,1924145353184,0,3,1,0
7148,1924145353185,0,3,1,0
7148,1374389539437,0,1,0,0
7149,1374389539437,0,1,1,0
7148,1649267446300,0,2,1,0
7149,1649267446301,0,2,1,0
7148,1924145353186,0,3,1,0
7149,1924145353187,0,3,1,0
7149,1649267446302,0,2,1,0
7150,1649267446307,0,2,1,0
7149,1924145353196,0,3,1,0
7150,1649267446308,0,2,1,0
7151,1649267446309,0,2,1,0
7150,1924145353197,0,3,0,0
7151,1649267446310,0,2,0,0
7151,1924145353197,0,3,1,0
7152,1649267446310,0,2,0,0
7152,1924145353198,0,3,1,0
7153,1924145353199,0,3,1,0
7153,1649267446310,0,2,0,0
7153,5222680236536,0,3,1,0
7149,6871947678318,0,1,1,0
7154,1649267446310,0,2,1,0
7154,5222680236536,0,3,1,0
7155,1649267446314,0,2,1,0
7156,1649267446315,0,2,1,0
7155,5222680236537,0,3,1,0
7156,5222680236537,0,3,1,0
7156,61022895346220,0,2,1,0
7156,1924145353210,0,3,1,0
7157,1924145353211,0,3,1,0
7155,6871947678337,0,1,1,0
7157,61022895346220,0,2,1,0
7157,61297773253170,0,3,1,0
7158,1374389539468,0,1,1,0
7159,1374389539469,0,1,1,0
7158,61022895346221,0,2,1,0
7159,61022895346221,0,2,1,0
7158,61297773253170,0,3,1,0
7159,1374389539470,0,1,0,0
7159,1649267446318,0,2,1,0
7159,61297773253171,0,3,1,0
7160,61297773253171,0,3,1,0
7160,1374389539470,0,1,0,0
7161,1374389539470,0,1,1,0
7160,61022895346223,0,2,1,0
7160,1924145353268,0,3,1,0
7161,1924145353269,0,3,1,0
7161,6871947678351,0,1,1,0
7162,1374389539476,0,1,1,0
7161,61022895346223,0,2,1,0
7161,1924145353270,0,3,1,0
7162,1924145353271,0,3,1,0
7162,1374389539477,0,1,1,0
7163,1374389539478,0,1,1,0
7162,61022895346224,0,2,1,0
7163,61022895346224,0,2,1,0
7162,61297773253176,0,3,1,0
7163,1924145353273,0,3,1,0
7163,1374389539479,0,1,1,0
7164,1374389539483,0,1,1,0
7163,1649267446321,0,2,1,0
7164,1649267446348,0,2,1,0
7163,1924145353274,0,3,1,0
7164,7421703492155,0,3,1,0
7164,1374389539484,0,1,1,0
7165,1374389539485,0,1,1,0
7164,1649267446349,0,2,1,0
7164,7421703492156,0,3,1,0
7165,1924145353277,0,3,1,0
7165,1374389539486,0,1,1,0
7166,1374389539487,0,1,1,0
7165,6047313957454,0,2,1,0
7165,1924145353307,0,3,1,0
7166,61297773253213,0,3,1,0
7166,1374389539488,0,1,1,0
7167,6871947678369,0,1,1,0
7166,6047313957454,0,2,1,0
7166,1924145353310,0,3,1,0
7167,1924145353311,0,3,1,0
7167,1374389539497,0,1,1,0
7167,6047313957455,0,2,1,0
7168,6047313957455,0,2,1,0
7167,1924145353312,0,3,0,0
7168,1374389539498,0,1,0,0
7168,6047313957456,0,2,1,0
7168,1924145353312,0,3,0,0
7169,1374389539498,0,1,0,0
7170,1374389539498,0,1,1,0
7169,1649267446353,0,2,1,0
7169,1924145353312,0,3,0,0
7170,1924145353312,0,3,1,0
7170,1649267446354,0,2,1,0
7171,1649267446355,0,2,1,0
7170,1924145353313,0,3,1,0
7171,6047313957460,0,2,0,0
7171,1924145353314,0,3,0,0
7172,6047313957460,0,2,1,0
7172,1924145353314,0,3,0,0
7173,6047313957460,0,2,1,0
7173,1924145353314,0,3,0,0
7174,1924145353314,0,3,1,0
7174,6047313957461,0,2,1,0
7175,6047313957461,0,2,1,0
7174,1924145353315,0,3,1,0
7175,1924145353316,0,3,1,0
7170,6871947678379,0,1,1,0
7176,1374389539532,0,1,1,0
7175,1649267446358,0,2,1,0
7176,1649267446359,0,2,1,0
7175,1924145353317,0,3,1,0
7176,1924145353318,0,3,1,0
7176,1374389539533,0,1,0,0
7176,1649267446360,0,2,1,0
7177,1649267446361,0,2,1,0
7176,1924145353319,0,3,1,0
7177,1924145353320,0,3,1,0
7177,1374389539533,0,1,0,0
7177,7146825585242,0,2,1,0
7178,1374389539533,0,1,0,0
7179,1374389539533,0,1,1,0
7178,1649267446383,0,2,1,0
7179,1649267446387,0,2,1,0
7179,1649267446388,0,2,0,0
7180,1649267446388,0,2,0,0
7181,1649267446388,0,2,0,0
7182,1649267446388,0,2,1,0
7182,1649267446389,0,2,1,0
7177,7421703492201,0,3,1,0
7183,1924145353449,0,3,1,0
7183,1649267446390,0,2,0,0
7183,1924145353450,0,3,1,0
7179,6871947678414,0,1,1,0
7185,1374389539566,0,1,1,0
7184,1649267446390,0,2,0,0
7184,1924145353451,0,3,1,0
7185,1374389539571,0,1,0,0
7185,1649267446390,0,2,0,0
7186,1649267446390,0,2,1,0
7185,1924145353452,0,3,1,0
7186,1374389539571,0,1,0,0
7186,1649267446391,0,2,1,0
7187,1649267446392,0,2,1,0
7186,1924145353453,0,3,0,0
7187,1374389539571,0,1,0,0
7188,1374389539571,0,1,1,0
7187,1649267446393,0,2,1,0
7188,1649267446394,0,2,1,0
7187,1924145353453,0,3,1,0
7188,1649267446395,0,2,1,0
7189,1649267446396,0,2,1,0
7188,1924145353455,0,3,1,0
7189,1924145353456,0,3,1,0
7189,61297773253361,0,3,0,0
7190,61297773253361,0,3,1,0
7191,61297773253361,0,3,1,0
7192,61297773253362,0,3,1,0
7193,61297773253362,0,3,1,0
7188,6871947678452,0,1,1,0
7194,1374389539622,0,1,1,0
7193,1924145353461,0,3,1,0
7194,1924145353462,0,3,1,0
7194,1374389539623,0,1,0,0
7189,7146825585277,0,2,1,0
7194,61297773253367,0,3,0,0
7195,61297773253367,0,3,1,0
7195,1374389539623,0,1,0,0
7195,1649267446573,0,2,1,0
7195,1924145353464,0,3,1,0
7196,1924145353465,0,3,1,0
7196,1374389539623,0,1,0,0
7196,1649267446578,0,2,1,0
7197,1649267446579,0,2,1,0
7196,7421703492346,0,3,1,0
7197,7421703492347,0,3,1,0
7197,1374389539623,0,1,0,0
7197,1649267446580,0,2,1,0
7197,1924145353468,0,3,1,0
7198,1924145353469,0,3,1,0
7198,1374389539623,0,1,0,0
7198,1649267446581,0,2,0,0
7198,61297773253375,0,3,1,0
7199,1924145353472,0,3,1,0
7199,1374389539623,0,1,0,0
7199,1649267446581,0,2,0,0
7199,1924145353476,0,3,1,0
7200,1924145353477,0,3,1,0
7200,1374389539623,0,1,0,0
7200,1649267446581,0,2,0,0
7200,1924145353478,0,3,0,0
7201,1374389539623,0,1,0,0
7201,1649267446581,0,2,1,0
7202,1649267446586,0,2,1,0
7201,1924145353478,0,3,0,0
7202,1374389539623,0,1,0,0
7202,1649267446587,0,2,1,0
7202,1924145353478,0,3,1,0
7203,1924145353479,0,3,1,0
7203,1374389539623,0,1,0,0
7203,1649267446588,0,2,1,0
7204,1649267446589,0,2,1,0
7203,1924145353487,0,3,1,0
7204,1374389539623,0,1,0,0
7204,4947802329922,0,2,1,0
7204,1924145353488,0,3,0,0
7205,1374389539623,0,1,0,0
7205,4947802329922,0,2,1,0
7205,1924145353488,0,3,0,0
7206,1374389539623,0,1,0,0
7206,4947802329923,0,2,1,0
7207,4947802329923,0,2,1,0
7206,1924145353488,0,3,0,0
7207,1924145353488,0,3,1,0
7207,1374389539623,0,1,0,0
7207,1649267446596,0,2,1,0
7208,1649267446597,0,2,1,0
7207,1924145353489,0,3,0,0
7208,1924145353489,0,3,1,0
7208,1374389539623,0,1,0,0
7208,1649267446598,0,2,1,0
7209,1649267446599,0,2,1,0
7208,1924145353490,0,3,1,0
7209,1924145353495,0,3,1,0
7209,1374389539623,0,1,0,0
7209,1649267446600,0,2,1,0
7210,1649267446601,0,2,1,0
7209,1924145353496,0,3,1,0
7210,1374389539623,0,1,0,0
7210,4947802329930,0,2,0,0
7211,4947802329930,0,2,1,0
7210,1924145353497,0,3,1,0
7211,1374389539623,0,1,0,0
7211,1649267446603,0,2,1,0
7211,1924145353498,0,3,1,0
7212,1374389539623,0,1,0,0
7212,1649267446604,0,2,0,0
7212,1924145353502,0,3,1,0
7213,1374389539623,0,1,0,0
7213,1649267446604,0,2,0,0
7213,1924145353503,0,3,1,0
7214,1374389539623,0,1,0,0
7214,1649267446604,0,2,0,0
7214,1924145353504,0,3,1,0
7215,1374389539623,0,1,0,0
7215,1649267446604,0,2,1,0
7215,1924145353505,0,3,1,0
7216,1374389539623,0,1,0,0
7216,1649267446605,0,2,0,0
7216,1924145353506,0,3,1,0
7217,1924145353507,0,3,1,0
7217,1374389539623,0,1,0,0
7217,1649267446605,0,2,0,0
7218,1649267446605,0,2,1,0
7217,1924145353508,0,3,1,0
7218,1374389539623,0,1,0,0
7218,1649267446606,0,2,0,0
7219,1649267446606,0,2,1,0
7218,1924145353509,0,3,1,0
7219,1924145353512,0,3,1,0
7219,1374389539623,0,1,0,0
7219,1649267446607,0,2,1,0
7220,1649267446608,0,2,1,0
7219,1924145353513,0,3,1,0
7220,1924145353514,0,3,1,0
7220,1374389539623,0,1,0,0
7220,1649267446609,0,2,1,0
7221,1649267446610,0,2,1,0
7220,1924145353515,0,3,1,0
7221,1924145353518,0,3,1,0
7221,1374389539623,0,1,0,0
7221,1649267446611,0,2,1,0
7221,1924145353519,0,3,1,0
7222,1924145353520,0,3,1,0
7222,1374389539623,0,1,0,0
7222,1649267446612,0,2,1,0
7223,1649267446613,0,2,1,0
7222,1924145353521,0,3,0,0
7223,1374389539623,0,1,0,0
7223,1649267446614,0,2,1,0
7224,1649267446615,0,2,1,0
7223,1924145353521,0,3,0,0
7224,1374389539623,0,1,0,0
7224,1649267446616,0,2,1,0
7225,1649267446617,0,2,1,0
7224,1924145353521,0,3,0,0
7225,1374389539623,0,1,0,0
7225,1649267446618,0,2,1,0
7225,1924145353521,0,3,1,0
7226,1374389539623,0,1,0,0
7226,1649267446619,0,2,0,0
7226,1924145353526,0,3,1,0
7227,1924145353527,0,3,1,0
7227,1374389539623,0,1,0,0
7227,1649267446619,0,2,1,0
7227,61297773253432,0,3,1,0
7228,1374389539623,0,1,0,0
7228,1649267446620,0,2,1,0
7229,1649267446621,0,2,1,0
7228,61297773253432,0,3,1,0
7229,1374389539623,0,1,0,0
7229,4947802329950,0,2,1,0
7229,61297773253433,0,3,1,0
7230,61297773253433,0,3,1,0
7230,1374389539623,0,1,0,0
7230,4947802329950,0,2,1,0
7230,1924145353534,0,3,1,0
7231,1374389539623,0,1,0,0
7231,4947802329951,0,2,1,0
7232,4947802329951,0,2,1,0
7231,61297773253439,0,3,1,0
7232,1374389539623,0,1,0,0
7232,1649267446624,0,2,1,0
7233,1649267446625,0,2,1,0
7232,61297773253439,0,3,1,0
7233,1374389539623,0,1,0,0
7233,61022895346534,0,2,1,0
7233,61297773253440,0,3,1,0
7234,61297773253440,0,3,1,0
7234,1374389539623,0,1,0,0
7234,61022895346534,0,2,1,0
7234,1924145353537,0,3,1,0
7235,1924145353570,0,3,1,0
7235,1374389539623,0,1,0,0
7235,61022895346535,0,2,1,0
7236,61022895346535,0,2,1,0
7235,1924145353571,0,3,1,0
7236,1374389539623,0,1,0,0
7236,1649267446632,0,2,1,0
7237,1649267446633,0,2,1,0
7236,6322191864676,0,3,1,0
7237,1374389539623,0,1,0,0
7237,1649267446638,0,2,1,0
7238,1649267446639,0,2,1,0
7237,6322191864676,0,3,1,0
7238,1374389539623,0,1,0,0
7238,61022895346544,0,2,1,0
7239,1649267446641,0,2,1,0
7238,6322191864677,0,3,1,0
7239,6322191864677,0,3,1,0
7239,1374389539623,0,1,0,0
7239,1649267446646,0,2,1,0
7240,7146825585527,0,2,1,0
7239,6322191864682,0,3,1,0
7240,1374389539623,0,1,0,0
7240,7146825585528,0,2,1,0
7241,1649267446649,0,2,1,0
7240,1924145353579,0,3,1,0
7241,1374389539623,0,1,0,0
7241,1649267446653,0,2,1,0
7242,61022895346559,0,2,1,0
7241,1924145353580,0,3,1,0
7242,1924145353581,0,3,1,0
7242,1374389539623,0,1,0,0
7242,1649267446656,0,2,1,0
7243,1649267446657,0,2,1,0
7242,6322191864690,0,3,0,0
7243,1374389539623,0,1,0,0
7243,1649267446658,0,2,0,0
7243,6322191864690,0,3,1,0
7244,1374389539623,0,1,0,0
7244,1649267446658,0,2,0,0
7244,6322191864690,0,3,1,0
7245,1374389539623,0,1,0,0
7245,1649267446658,0,2,0,0
7246,1649267446658,0,2,1,0
7245,6322191864691,0,3,1,0
7246,6322191864691,0,3,1,0
7246,1374389539623,0,1,0,0
7246,1649267446659,0,2,1,0
7246,1924145353588,0,3,1,0
7247,1924145353589,0,3,1,0
7247,1374389539623,0,1,0,0
7247,1649267446660,0,2,0,0
7247,1924145353594,0,3,1,0
7248,1924145353595,0,3,1,0
7248,1374389539623,0,1,0,0
7248,1649267446660,0,2,0,0
7248,7421703492476,0,3,1,0
7249,1374389539623,0,1,0,0
7249,1649267446660,0,2,0,0
7250,1649267446660,0,2,1,0
7249,1924145353612,0,3,1,0
7250,1924145353613,0,3,1,0
7250,1374389539623,0,1,0,0
7250,1649267446661,0,2,1,0
7251,1649267446662,0,2,1,0
7250,1924145353614,0,3,0,0
7251,1374389539623,0,1,0,0
7251,1649267446663,0,2,1,0
7252,1649267446664,0,2,1,0
7251,1924145353614,0,3,0,0
7252,1374389539623,0,1,0,0
7252,1649267446665,0,2,1,0
7253,1649267446666,0,2,1,0
7252,1924145353614,0,3,0,0
7253,1924145353614,0,3,1,0
7253,1374389539623,0,1,0,0
7253,1924145353615,0,3,1,0
7254,1374389539623,0,1,0,0
7254,1924145353616,0,3,0,0
7255,1374389539623,0,1,0,0
7255,1924145353616,0,3,0,0
7256,1374389539623,0,1,0,0
7256,1924145353616,0,3,0,0
7257,1924145353616,0,3,1,0
7257,1374389539623,0,1,0,0
7257,1924145353617,0,3,1,0
7258,1924145353618,0,3,1,0
7258,1374389539623,0,1,0,0
7253,7146825585547,0,2,1,0
7259,1649267446750,0,2,1,0
7258,1924145353619,0,3,1,0
7259,1924145353620,0,3,1,0
7259,1374389539623,0,1,0,0
7259,1649267446751,0,2,1,0
7259,1924145353621,0,3,1,0
7260,1924145353622,0,3,1,0
7260,1374389539623,0,1,0,0
7260,1649267446752,0,2,1,0
7261,1374389539623,0,1,0,0
7261,1649267446753,0,2,1,0
7262,1374389539623,0,1,0,0
7262,1649267446754,0,2,0,0
7263,1374389539623,0,1,0,0
7263,1649267446754,0,2,1,0
7264,1374389539623,0,1,0,0
7264,1649267446755,0,2,1,0
7265,1649267446756,0,2,1,0
7265,1374389539623,0,1,0,0
7265,61022895346661,0,2,0,0
7260,7421703492503,0,3,1,0
7266,1374389539623,0,1,0,0
7266,61022895346661,0,2,1,0
7266,1924145353733,0,3,1,0
7267,1374389539623,0,1,0,0
7267,61022895346661,0,2,1,0
7267,1924145353738,0,3,1,0
7268,1924145353739,0,3,1,0
7268,1374389539623,0,1,0,0
7268,61022895346662,0,2,1,0
7269,61022895346662,0,2,1,0
7268,1924145353740,0,3,1,0
7269,1374389539623,0,1,0,0
7269,1649267446762,0,2,1,0
7270,1649267446763,0,2,1,0
7269,1924145353741,0,3,0,0
7270,1374389539623,0,1,0,0
7270,61022895346668,0,2,0,0
7271,61022895346668,0,2,1,0
7270,1924145353741,0,3,0,0
7271,1374389539623,0,1,0,0
7271,1649267446765,0,2,1,0
7272,1649267446770,0,2,1,0
7271,1924145353741,0,3,0,0
7272,1374389539623,0,1,0,0
7272,7146825585651,0,2,1,0
7273,7146825585652,0,2,1,0
7272,1924145353741,0,3,1,0
7273,1924145353746,0,3,1,0
7273,1374389539623,0,1,0,0
7273,1649267446773,0,2,1,0
7274,1649267446777,0,2,1,0
7273,1924145353747,0,3,1,0
7274,1374389539623,0,1,0,0
7274,61022895346683,0,2,1,0
7275,1649267446780,0,2,1,0
7274,1924145353748,0,3,1,0
7275,1924145353749,0,3,1,0
7275,1374389539623,0,1,0,0
7275,1649267446781,0,2,1,0
7276,1649267446782,0,2,1,0
7275,5222680237082,0,3,1,0
7276,1374389539623,0,1,0,0
7276,1649267446783,0,2,0,0
7276,5222680237082,0,3,1,0
7277,1374389539623,0,1,0,0
7277,1649267446783,0,2,0,0
7277,5222680237083,0,3,1,0
7278,5222680237083,0,3,1,0
7278,1374389539623,0,1,0,0
7278,1649267446783,0,2,1,0
7279,1649267446784,0,2,1,0
7278,1924145353756,0,3,1,0
7279,1924145353757,0,3,1,0
7279,1374389539623,0,1,0,0
7279,1649267446785,0,2,1,0
7279,1924145353762,0,3,1,0
7280,1924145353763,0,3,1,0
7280,1374389539623,0,1,0,0
7280,1649267446786,0,2,0,0
7280,1924145353764,0,3,1,0
7281,1924145353765,0,3,1,0
7281,1374389539623,0,1,0,0
7281,1649267446786,0,2,0,0
7281,5222680237098,0,3,0,0
7282,5222680237098,0,3,1,0
7282,1374389539623,0,1,0,0
7282,1649267446786,0,2,0,0
7283,1649267446786,0,2,1,0
7282,1924145353771,0,3,1,0
7283,1374389539623,0,1,0,0
7283,1649267446787,0,2,0,0
7284,1649267446787,0,2,1,0
7283,1924145353772,0,3,0,0
7284,1374389539623,0,1,0,0
7284,1649267446788,0,2,1,0
7285,1649267446790,0,2,1,0
7284,1924145353772,0,3,0,0
7285,1374389539623,0,1,0,0
7285,1649267446791,0,2,1,0
7285,1924145353772,0,3,0,0
7286,1374389539623,0,1,0,0
7286,1649267446792,0,2,1,0
7286,1924145353772,0,3,1,0
7287,1374389539623,0,1,0,0
7287,1649267446793,0,2,1,0
7287,1924145353773,0,3,0,0
7288,1374389539623,0,1,0,0
7288,1649267446798,0,2,1,0
7288,1924145353773,0,3,0,0
7289,1924145353773,0,3,1,0
7289,1374389539623,0,1,0,0
7289,1649267446799,0,2,1,0
7289,1924145353778,0,3,0,0
7290,1924145353778,0,3,1,0
7290,1374389539623,0,1,0,0
7290,1649267446800,0,2,1,0
7290,1924145353779,0,3,1,0
7291,1924145353780,0,3,1,0
7291,1374389539623,0,1,0,0
7291,1649267446801,0,2,1,0
7291,1924145353781,0,3,1,0
7292,1924145353786,0,3,1,0
7292,1374389539623,0,1,0,0
7292,1649267446806,0,2,1,0
7293,1649267446807,0,2,1,0
7292,1924145353787,0,3,1,0
7293,1374389539623,0,1,0,0
7293,1649267446808,0,2,1,0
7293,1924145353788,0,3,1,0
7294,1924145353789,0,3,1,0
7294,1374389539623,0,1,0,0
7294,1649267446809,0,2,1,0
7295,1649267446814,0,2,1,0
7294,1924145353790,0,3,1,0
7295,1924145353791,0,3,1,0
7295,1374389539623,0,1,0,0
7295,1649267446815,0,2,1,0
7296,1649267446816,0,2,1,0
7295,1924145353792,0,3,1,0
7296,1924145353793,0,3,1,0
7296,1374389539623,0,1,0,0
7296,1649267446817,0,2,1,0
7297,1649267446822,0,2,1,0
7296,1924145353794,0,3,1,0
7297,1374389539623,0,1,0,0
7297,1649267446823,0,2,1,0
7298,1649267446824,0,2,1,0
7297,1924145353795,0,3,0,0
7298,1374389539623,0,1,0,0
7298,1649267446825,0,2,0,0
7298,1924145353795,0,3,1,0
7299,1374389539623,0,1,0,0
7299,1649267446825,0,2,0,0
7299,1924145353796,0,3,1,0
7300,1924145353797,0,3,1,0
7300,1374389539623,0,1,0,0
7300,1649267446825,0,2,0,0
7300,5222680237126,0,3,1,0
7301,1374389539623,0,1,0,0
7301,1649267446825,0,2,1,0
7301,5222680237126,0,3,1,0
7302,1374389539623,0,1,0,0
7302,1649267446830,0,2,1,0
7303,1649267446831,0,2,1,0
7302,5222680237127,0,3,1,0
7303,5222680237127,0,3,1,0
7303,1374389539623,0,1,0,0
7303,61022895346736,0,2,1,0
7303,1924145353800,0,3,1,0
7304,1924145353801,0,3,1,0
7304,1374389539623,0,1,0,0
7304,61022895346736,0,2,1,0
7304,61297773253706,0,3,1,0
7305,1374389539623,0,1,0,0
7305,61022895346737,0,2,1,0
7306,61022895346737,0,2,1,0
7305,61297773253706,0,3,1,0
7306,1374389539623,0,1,0,0
7306,1649267446838,0,2,1,0
7306,61297773253707,0,3,1,0
7307,61297773253707,0,3,1,0
7307,1374389539623,0,1,0,0
7307,61022895346743,0,2,1,0
7307,1924145353804,0,3,1,0
7308,1924145353805,0,3,1,0
7308,1374389539623,0,1,0,0
7308,61022895346743,0,2,1,0
7308,1924145353806,0,3,1,0
7309,1924145353807,0,3,1,0
7309,1374389539623,0,1,0,0
7309,61022895346744,0,2,1,0
7310,61022895346744,0,2,1,0
7309,61297773253712,0,3,1,0
7310,1924145353809,0,3,1,0
7310,1374389539623,0,1,0,0
7310,1649267446841,0,2,1,0
7311,1649267446870,0,2,1,0
7310,1924145353810,0,3,1,0
7311,7421703492691,0,3,1,0
7311,1374389539623,0,1,0,0
7311,1649267446871,0,2,1,0
7311,7421703492692,0,3,1,0
7312,1924145353813,0,3,1,0
7312,1374389539623,0,1,0,0
7312,6047313957976,0,2,1,0
7312,1924145353829,0,3,1,0
7313,61297773253735,0,3,1,0
7313,1374389539623,0,1,0,0
7313,6047313957976,0,2,1,0
7313,1924145353832,0,3,1,0
7314,1924145353833,0,3,1,0
7314,1374389539623,0,1,0,0
7314,6047313957977,0,2,1,0
7315,6047313957977,0,2,1,0
7314,1924145353834,0,3,0,0
7315,1374389539623,0,1,0,0
7315,6047313957978,0,2,1,0
7315,1924145353834,0,3,0,0
7316,1374389539623,0,1,0,0
7316,1649267446875,0,2,1,0
7316,1924145353834,0,3,0,0
7317,1924145353834,0,3,1,0
7317,1374389539623,0,1,0,0
7317,1649267446876,0,2,1,0
7318,1649267446877,0,2,1,0
7317,1924145353835,0,3,1,0
7318,1374389539623,0,1,0,0
7318,6047313957982,0,2,0,0
7318,1924145353836,0,3,0,0
7319,1374389539623,0,1,0,0
7319,6047313957982,0,2,1,0
7319,1924145353836,0,3,0,0
7320,1374389539623,0,1,0,0
7320,6047313957982,0,2,1,0
7320,1924145353836,0,3,0,0
7321,1924145353836,0,3,1,0
7321,1374389539623,0,1,0,0
7321,6047313957983,0,2,1,0
7322,6047313957983,0,2,1,0
7321,1924145353837,0,3,1,0
7322,1924145353838,0,3,1,0
7322,1374389539623,0,1,0,0
7322,1649267446880,0,2,1,0
7323,1649267446881,0,2,1,0
7322,1924145353839,0,3,1,0
7323,1924145353840,0,3,1,0
7323,1374389539623,0,1,0,0
7323,1649267446882,0,2,1,0
7324,1649267446883,0,2,1,0
7323,1924145353841,0,3,1,0
7324,1924145353842,0,3,1,0
7324,1374389539623,0,1,0,0
7324,7146825585764,0,2,1,0
7325,1374389539623,0,1,0,0
7325,1649267446900,0,2,1,0
7326,1649267446901,0,2,1,0
7326,1374389539623,0,1,0,0
7326,1649267446902,0,2,0,0
7327,1374389539623,0,1,0,0
7327,1649267446902,0,2,0,0
7328,1374389539623,0,1,0,0
7328,1649267446902,0,2,0,0
7329,1649267446902,0,2,1,0
7329,1374389539623,0,1,0,0
7329,1649267446903,0,2,1,0
7324,7421703492723,0,3,1,0
7330,1924145353926,0,3,1,0
7330,1374389539623,0,1,0,0
7330,1649267446904,0,2,0,0
7330,1924145353927,0,3,1,0
7331,1374389539623,0,1,0,0
7331,1649267446904,0,2,0,0
7331,1924145353928,0,3,1,0
7332,1374389539623,0,1,0,0
7332,1649267446904,0,2,0,0
7333,1649267446904,0,2,1,0
7332,1924145353929,0,3,1,0
7333,1374389539623,0,1,0,0
7333,1649267446905,0,2,1,0
7334,1649267446906,0,2,1,0
7333,1924145353930,0,3,0,0
7334,1374389539623,0,1,0,0
7334,1649267446907,0,2,1,0
7335,1649267446908,0,2,1,0
7334,1924145353930,0,3,1,0
7335,1374389539623,0,1,0,0
7335,1649267446909,0,2,1,0
7336,1649267446910,0,2,1,0
7335,1924145353931,0,3,1,0
7336,1924145353932,0,3,1,0
7336,1374389539623,0,1,0,0
7336,61297773253837,0,3,0,0
7337,1374389539623,0,1,0,0
7337,61297773253837,0,3,1,0
7338,1374389539623,0,1,0,0
7338,61297773253837,0,3,1,0
7339,1374389539623,0,1,0,0
7339,61297773253838,0,3,1,0
7340,61297773253838,0,3,1,0
7340,1374389539623,0,1,0,0
7340,1924145353935,0,3,1,0
7341,1924145353936,0,3,1,0
7341,1374389539623,0,1,0,0
7336,7146825585791,0,2,1,0
7341,61297773253841,0,3,0,0
7342,61297773253841,0,3,1,0
7342,1374389539623,0,1,0,0
7342,1649267447037,0,2,1,0
7342,1924145353938,0,3,1,0
7343,1924145353939,0,3,1,0
7343,1374389539623,0,1,0,0
7343,1649267447042,0,2,1,0
7344,1649267447043,0,2,1,0
7343,7421703492820,0,3,1,0
7344,7421703492821,0,3,1,0
7344,1374389539623,0,1,0,0
7344,1649267447044,0,2,1,0
7344,1924145353942,0,3,1,0
7345,1924145353943,0,3,1,0
7345,1374389539623,0,1,0,0
7345,1649267447045,0,2,0,0
7345,61297773253849,0,3,1,0
7346,1924145353946,0,3,1,0
7346,1374389539623,0,1,0,0
7346,1649267447045,0,2,0,0
7346,1924145353947,0,3,1,0
7347,1924145353948,0,3,1,0
7347,1374389539623,0,1,0,0
7347,1649267447045,0,2,0,0
7347,1924145353949,0,3,0,0
7348,1374389539623,0,1,0,0
7348,1649267447045,0,2,1,0
7349,1649267447050,0,2,1,0
7348,1924145353949,0,3,0,0
7349,1374389539623,0,1,0,0
7349,1649267447051,0,2,1,0
7349,1924145353949,0,3,1,0
7350,1924145353950,0,3,1,0
7350,1374389539623,0,1,0,0
7350,1649267447052,0,2,1,0
7351,1649267447053,0,2,1,0
7350,1924145353954,0,3,1,0
7351,1374389539623,0,1,0,0
7351,4947802330389,0,2,1,0
7351,1924145353955,0,3,0,0
7352,1374389539623,0,1,0,0
7352,4947802330389,0,2,1,0
7352,1924145353955,0,3,0,0
7353,1374389539623,0,1,0,0
7353,4947802330390,0,2,1,0
7354,4947802330390,0,2,1,0
7353,1924145353955,0,3,0,0
7354,1924145353955,0,3,1,0
7354,1374389539623,0,1,0,0
7354,1649267447063,0,2,1,0
7355,1649267447064,0,2,1,0
7354,1924145353956,0,3,0,0
7355,1924145353956,0,3,1,0
7355,1374389539623,0,1,0,0
7355,1649267447065,0,2,1,0
7356,1649267447066,0,2,1,0
7355,1924145353957,0,3,1,0
7356,1924145353962,0,3,1,0
7356,1374389539623,0,1,0,0
7356,1649267447067,0,2,1,0
7357,1649267447068,0,2,1,0
7356,1924145353963,0,3,1,0
7357,1374389539623,0,1,0,0
7357,4947802330402,0,2,0,0
7358,4947802330402,0,2,1,0
7357,1924145353964,0,3,1,0
7358,1374389539623,0,1,0,0
7358,1649267447075,0,2,1,0
7358,1924145353965,0,3,1,0
7359,1374389539623,0,1,0,0
7359,1649267447076,0,2,0,0
7359,1924145353969,0,3,1,0
7360,1374389539623,0,1,0,0
7360,1649267447076,0,2,0,0
7360,1924145353970,0,3,1,0
7361,1374389539623,0,1,0,0
7361,1649267447076,0,2,0,0
7361,1924145353971,0,3,1,0
7362,1374389539623,0,1,0,0
7362,1649267447076,0,2,1,0
7362,1924145353972,0,3,1,0
7363,1374389539623,0,1,0,0
7363,1649267447077,0,2,0,0
7363,1924145353973,0,3,1,0
7364,1924145353974,0,3,1,0
7364,1374389539623,0,1,0,0
7364,1649267447077,0,2,0,0
7365,1649267447077,0,2,1,0
7364,1924145353975,0,3,1,0
7365,1374389539623,0,1,0,0
7365,1649267447083,0,2,0,0
7366,1649267447083,0,2,1,0
7365,1924145353976,0,3,1,0
7366,1924145353977,0,3,1,0
7366,1374389539623,0,1,0,0
7366,1649267447084,0,2,1,0
7367,1649267447085,0,2,1,0
7366,1924145353978,0,3,1,0
7367,1924145353979,0,3,1,0
7367,1374389539623,0,1,0,0
7367,1649267447086,0,2,1,0
7368,1649267447087,0,2,1,0
7367,1924145353980,0,3,1,0
7368,1924145353982,0,3,1,0
7368,1374389539623,0,1,0,0
7368,1649267447088,0,2,1,0
7368,1924145353983,0,3,1,0
7369,1924145353984,0,3,1,0
7369,1374389539623,0,1,0,0
7369,1649267447089,0,2,1,0
7370,1649267447090,0,2,1,0
7369,1924145353985,0,3,0,0
7370,1374389539623,0,1,0,0
7370,1649267447091,0,2,1,0
7371,1649267447092,0,2,1,0
7370,1924145353985,0,3,0,0
7371,1374389539623,0,1,0,0
7371,1649267447093,0,2,1,0
7372,1649267447094,0,2,1,0
7371,1924145353985,0,3,0,0
7372,1374389539623,0,1,0,0
7372,1649267447095,0,2,1,0
7372,1924145353985,0,3,1,0
7373,1374389539623,0,1,0,0
7373,1649267447096,0,2,0,0
7373,1924145353990,0,3,1,0
7374,1924145353991,0,3,1,0
7374,1374389539623,0,1,0,0
7374,1649267447096,0,2,1,0
7374,61297773253896,0,3,1,0
7375,1374389539623,0,1,0,0
7375,1649267447097,0,2,1,0
7376,1649267447098,0,2,1,0
7375,61297773253896,0,3,1,0
7376,1374389539623,0,1,0,0
7377,1374389539623,0,1,1,0
7376,4947802330427,0,2,1,0
7376,61297773253897,0,3,1,0
7377,61297773253897,0,3,1,0
7377,4947802330427,0,2,1,0
7377,1924145353998,0,3,1,0
7378,4947802330428,0,2,1,0
7379,4947802330428,0,2,1,0
7378,61297773253903,0,3,1,0
7379,1649267447101,0,2,1,0
7380,1649267447102,0,2,1,0
7379,61297773253903,0,3,1,0
7380,61022895347012,0,2,1,0
7380,61297773253904,0,3,1,0
7381,61297773253904,0,3,1,0
7381,61022895347012,0,2,1,0
7381,1924145354001,0,3,1,0
7382,1924145354047,0,3,1,0
7377,6871947678508,0,1,1,0
7382,61022895347013,0,2,1,0
7383,61022895347013,0,2,1,0
7382,1924145354048,0,3,1,0
7383,1374389540239,0,1,1,0
7384,1374389540240,0,1,1,0
7383,1649267447110,0,2,1,0
7384,1649267447111,0,2,1,0
7383,6322191865153,0,3,1,0
7384,1374389540241,0,1,1,0
7385,1374389540242,0,1,1,0
7384,1649267447116,0,2,1,0
7385,1649267447117,0,2,1,0
7384,6322191865153,0,3,1,0
7385,1374389540243,0,1,1,0
7385,61022895347022,0,2,1,0
7386,1649267447119,0,2,1,0
7385,6322191865154,0,3,1,0
7386,6322191865154,0,3,1,0
7386,1374389540244,0,1,0,0
7387,1374389540244,0,1,1,0
7386,1649267447124,0,2,1,0
7387,7146825586005,0,2,1,0
7386,6322191865160,0,3,1,0
7387,6871947679125,0,1,1,0
7387,7146825586006,0,2,1,0
7388,1649267447127,0,2,1,0
7387,1924145354057,0,3,1,0
7388,1374389540249,0,1,0,0
7389,1374389540249,0,1,1,0
7388,1649267447131,0,2,1,0
7389,61022895347037,0,2,1,0
7388,1924145354058,0,3,1,0
7389,1924145354059,0,3,1,0
7389,1374389540250,0,1,0,0
7389,1649267447134,0,2,1,0
7390,1649267447135,0,2,1,0
7389,6322191865168,0,3,0,0
7390,1374389540250,0,1,0,0
7390,1649267447136,0,2,0,0
7390,6322191865168,0,3,1,0
7391,1374389540250,0,1,0,0
7392,1374389540250,0,1,1,0
7391,1649267447136,0,2,0,0
7391,6322191865168,0,3,1,0
7392,1649267447136,0,2,0,0
7393,1649267447136,0,2,1,0
7392,6322191865169,0,3,1,0
7393,6322191865169,0,3,1,0
7393,1649267447137,0,2,1,0
7393,1924145354066,0,3,1,0
7394,1924145354067,0,3,1,0
7394,1649267447138,0,2,0,0
7394,1924145354072,0,3,1,0
7395,1924145354073,0,3,1,0
7395,1649267447138,0,2,0,0
7395,7421703492954,0,3,1,0
7396,1649267447138,0,2,0,0
7397,1649267447138,0,2,1,0
7396,1924145354090,0,3,1,0
7397,1924145354091,0,3,1,0
7392,6871947679131,0,1,1,0
7398,1374389540305,0,1,1,0
7397,1649267447139,0,2,1,0
7398,1649267447140,0,2,1,0
7397,1924145354092,0,3,0,0
7398,1374389540306,0,1,0,0
7398,1649267447141,0,2,1,0
7399,1649267447142,0,2,1,0
7398,1924145354092,0,3,0,0
7399,1374389540306,0,1,0,0
7399,1649267447143,0,2,1,0
7400,1649267447144,0,2,1,0
7399,1924145354092,0,3,0,0
7400,1924145354092,0,3,1,0
7400,1374389540306,0,1,0,0
7401,1374389540306,0,1,1,0
7400,1924145354093,0,3,1,0
7401,1924145354094,0,3,0,0
7402,1924145354094,0,3,0,0
7403,1924145354094,0,3,0,0
7404,1924145354094,0,3,1,0
7404,1924145354095,0,3,1,0
7405,1924145354096,0,3,1,0
7400,7146825586025,0,2,1,0
7406,1649267447266,0,2,1,0
7405,1924145354097,0,3,1,0
7406,1924145354098,0,3,1,0
7401,6871947679187,0,1,1,0
7407,1374389540323,0,1,1,0
7406,1649267447268,0,2,1,0
7406,1924145354099,0,3,1,0
7407,1924145354100,0,3,1,0
7407,1374389540328,0,1,0,0
7407,1649267447269,0,2,1,0
7408,1374389540328,0,1,0,0
7408,1649267447270,0,2,1,0
7409,1374389540328,0,1,0,0
7410,1374389540328,0,1,1,0
7409,1649267447271,0,2,0,0
7410,1649267447271,0,2,1,0
7411,1649267447274,0,2,1,0
7412,1649267447275,0,2,1,0
7412,61022895347180,0,2,0,0
7407,7421703492981,0,3,1,0
7413,61022895347180,0,2,1,0
7413,1924145354259,0,3,1,0
7414,61022895347180,0,2,1,0
7414,1924145354264,0,3,1,0
7415,1924145354265,0,3,1,0
7410,6871947679209,0,1,1,0
7416,1374389540388,0,1,1,0
7415,61022895347181,0,2,1,0
7416,61022895347181,0,2,1,0
7415,1924145354266,0,3,1,0
7416,1374389540389,0,1,0,0
7416,1649267447281,0,2,1,0
7417,1649267447282,0,2,1,0
7416,1924145354267,0,3,0,0
7417,1374389540389,0,1,0,0
7417,61022895347187,0,2,0,0
7418,61022895347187,0,2,1,0
7417,1924145354267,0,3,0,0
7418,1374389540389,0,1,0,0
7418,1649267447284,0,2,1,0
7419,1649267447289,0,2,1,0
7418,1924145354267,0,3,0,0
7419,1374389540389,0,1,0,0
7419,7146825586170,0,2,1,0
7420,7146825586171,0,2,1,0
7419,1924145354267,0,3,1,0
7420,1924145354272,0,3,1,0
7420,1374389540389,0,1,0,0
7421,1374389540389,0,1,1,0
7420,1649267447292,0,2,1,0
7421,1649267447299,0,2,1,0
7420,1924145354273,0,3,1,0
7421,61022895347205,0,2,1,0
7422,1649267447302,0,2,1,0
7421,1924145354274,0,3,1,0
7422,1924145354275,0,3,1,0
7422,1649267447307,0,2,1,0
7423,1649267447308,0,2,1,0
7422,5222680237610,0,3,1,0
7423,1649267447309,0,2,0,0
7423,5222680237610,0,3,1,0
7424,1649267447309,0,2,0,0
7424,5222680237611,0,3,1,0
7425,5222680237611,0,3,1,0
7425,1649267447309,0,2,1,0
7426,1649267447310,0,2,1,0
7425,1924145354284,0,3,1,0
7426,1924145354285,0,3,1,0
7421,6871947679278,0,1,1,0
7426,1649267447311,0,2,1,0
7426,1924145354291,0,3,1,0
7427,1924145354292,0,3,1,0
7427,1374389540455,0,1,1,0
7428,1374389540456,0,1,1,0
7427,1649267447312,0,2,0,0
7427,1924145354293,0,3,1,0
7428,1924145354294,0,3,1,0
7428,1374389540457,0,1,1,0
7429,1374389540458,0,1,1,0
7428,1649267447312,0,2,0,0
7428,5222680237627,0,3,0,0
7429,5222680237627,0,3,1,0
7429,1374389540459,0,1,1,0
7429,1649267447312,0,2,0,0
7430,1649267447312,0,2,1,0
7429,1924145354300,0,3,1,0
7430,1374389540460,0,1,0,0
7431,1374389540460,0,1,1,0
7430,1649267447313,0,2,0,0
7431,1649267447313,0,2,1,0
7430,1924145354301,0,3,0,0
7431,1649267447314,0,2,1,0
7432,1649267447316,0,2,1,0
7431,1924145354301,0,3,0,0
7432,1649267447317,0,2,1,0
7432,1924145354301,0,3,0,0
7433,1649267447318,0,2,1,0
7433,1924145354301,0,3,1,0
7434,1649267447319,0,2,1,0
7434,1924145354302,0,3,0,0
7435,1649267447324,0,2,1,0
7435,1924145354302,0,3,0,0
7436,1924145354302,0,3,1,0
7431,6871947679341,0,1,1,0
7437,1374389540501,0,1,1,0
7436,1649267447325,0,2,1,0
7436,1924145354307,0,3,0,0
7437,1924145354307,0,3,1,0
7437,1374389540502,0,1,0,0
7437,1649267447326,0,2,1,0
7437,1924145354308,0,3,1,0
7438,1924145354309,0,3,1,0
7438,1374389540502,0,1,0,0
7438,1649267447327,0,2,1,0
7438,1924145354310,0,3,1,0
7439,1924145354315,0,3,1,0
7439,1374389540502,0,1,0,0
7440,1374389540502,0,1,1,0
7439,1649267447334,0,2,1,0
7440,1649267447335,0,2,1,0
7439,1924145354316,0,3,1,0
7440,1649267447336,0,2,1,0
7440,1924145354317,0,3,1,0
7441,1924145354318,0,3,1,0
7441,1649267447337,0,2,1,0
7442,1649267447343,0,2,1,0
7441,1924145354319,0,3,1,0
7442,1924145354320,0,3,1,0
7442,1649267447344,0,2,1,0
7443,1649267447345,0,2,1,0
7442,1924145354321,0,3,1,0
7443,1924145354322,0,3,1,0
7443,1649267447346,0,2,1,0
7444,1649267447351,0,2,1,0
7443,1924145354323,0,3,1,0
7444,1649267447352,0,2,1,0
7445,1649267447353,0,2,1,0
7444,1924145354324,0,3,0,0
7440,6871947679383,0,1,1,0
7446,1374389540525,0,1,1,0
7445,1649267447354,0,2,0,0
7445,1924145354324,0,3,1,0
7446,1374389540526,0,1,0,0
7446,1649267447354,0,2,0,0
7446,1924145354325,0,3,1,0
7447,1924145354326,0,3,1,0
7447,1374389540526,0,1,0,0
7447,1649267447354,0,2,0,0
7447,5222680237655,0,3,1,0
7448,1374389540526,0,1,0,0
7449,1374389540526,0,1,1,0
7448,1649267447354,0,2,1,0
7448,5222680237655,0,3,1,0
7449,1649267447359,0,2,1,0
7450,1649267447360,0,2,1,0
7449,5222680237656,0,3,1,0
7450,5222680237656,0,3,1,0
7450,61022895347265,0,2,1,0
7450,1924145354329,0,3,1,0
7451,1924145354330,0,3,1,0
7451,61022895347265,0,2,1,0
7451,61297773254235,0,3,1,0
7452,61022895347266,0,2,1,0
7453,61022895347266,0,2,1,0
7452,61297773254235,0,3,1,0
7453,1649267447367,0,2,1,0
7453,61297773254236,0,3,1,0
7454,61297773254236,0,3,1,0
7449,6871947679407,0,1,1,0
7455,1374389540564,0,1,1,0
7454,61022895347272,0,2,1,0
7454,1924145354333,0,3,1,0
7455,1924145354334,0,3,1,0
7455,1374389540565,0,1,0,0
7455,61022895347272,0,2,1,0
7455,1924145354335,0,3,1,0
7456,1924145354336,0,3,1,0
7456,1374389540565,0,1,0,0
7456,61022895347273,0,2,1,0
7457,61022895347273,0,2,1,0
7456,61297773254241,0,3,1,0
7457,1924145354338,0,3,1,0
7457,1374389540565,0,1,0,0
7458,1374389540565,0,1,1,0
7457,1649267447370,0,2,1,0
7458,1649267447406,0,2,1,0
7457,1924145354339,0,3,1,0
7458,7421703493220,0,3,1,0
7458,1649267447407,0,2,1,0
7458,7421703493221,0,3,1,0
7459,1924145354342,0,3,1,0
7459,6047313958512,0,2,1,0
7459,1924145354377,0,3,1,0
7460,61297773254283,0,3,1,0
7460,6047313958512,0,2,1,0
7460,1924145354380,0,3,1,0
7461,1924145354381,0,3,1,0
7461,6047313958513,0,2,1,0
7462,6047313958513,0,2,1,0
7461,1924145354382,0,3,0,0
7462,6047313958515,0,2,1,0
7462,1924145354382,0,3,0,0
7458,6871947679446,0,1,1,0
7464,1374389540582,0,1,1,0
7463,1649267447412,0,2,1,0
7463,1924145354382,0,3,0,0
7464,1924145354382,0,3,1,0
7464,1374389540583,0,1,0,0
7464,1649267447413,0,2,1,0
7465,1649267447414,0,2,1,0
7464,1924145354383,0,3,1,0
7465,1374389540583,0,1,0,0
7465,6047313958519,0,2,0,0
7465,1924145354384,0,3,0,0
7466,1374389540583,0,1,0,0
7466,6047313958519,0,2,1,0
7466,1924145354384,0,3,0,0
7467,1374389540583,0,1,0,0
7467,6047313958519,0,2,1,0
7467,1924145354384,0,3,0,0
7468,1924145354384,0,3,1,0
7468,1374389540583,0,1,0,0
7468,6047313958520,0,2,1,0
7469,6047313958520,0,2,1,0
7468,1924145354385,0,3,1,0
7469,1924145354386,0,3,1,0
7469,1374389540583,0,1,0,0
7469,1649267447417,0,2,1,0
7470,1649267447418,0,2,1,0
7469,1924145354387,0,3,1,0
7470,1924145354388,0,3,1,0
7470,1374389540583,0,1,0,0
7470,1649267447419,0,2,1,0
7471,1649267447420,0,2,1,0
7470,1924145354392,0,3,1,0
7471,1924145354393,0,3,1,0
7471,1374389540583,0,1,0,0
7471,7146825586301,0,2,1,0
7472,1374389540583,0,1,0,0
7472,1649267447457,0,2,1,0
7473,1649267447458,0,2,1,0
7473,1374389540583,0,1,0,0
7473,1649267447459,0,2,0,0
7474,1374389540583,0,1,0,0
7474,1649267447459,0,2,0,0
7475,1374389540583,0,1,0,0
7475,1649267447459,0,2,0,0
7476,1649267447459,0,2,1,0
7476,1374389540583,0,1,0,0
7476,1649267447460,0,2,1,0
7471,7421703493274,0,3,1,0
7477,1924145354497,0,3,1,0
7477,1374389540583,0,1,0,0
7477,1649267447461,0,2,0,0
7477,1924145354498,0,3,1,0
7478,1374389540583,0,1,0,0
7478,1649267447461,0,2,0,0
7478,1924145354499,0,3,1,0
7479,1374389540583,0,1,0,0
7479,1649267447461,0,2,0,0
7480,1649267447461,0,2,1,0
7479,1924145354500,0,3,1,0
7480,1374389540583,0,1,0,0
7480,1649267447462,0,2,1,0
7481,1649267447463,0,2,1,0
7480,1924145354501,0,3,0,0
7481,1374389540583,0,1,0,0
7481,1649267447464,0,2,1,0
7482,1649267447465,0,2,1,0
7481,1924145354501,0,3,1,0
7482,1374389540583,0,1,0,0
7482,1649267447466,0,2,1,0
7483,1649267447467,0,2,1,0
7482,1924145354506,0,3,1,0
7483,1924145354507,0,3,1,0
7483,1374389540583,0,1,0,0
7483,61297773254412,0,3,0,0
7484,1374389540583,0,1,0,0
7484,61297773254412,0,3,1,0
7485,1374389540583,0,1,0,0
7485,61297773254412,0,3,1,0
7486,1374389540583,0,1,0,0
7486,61297773254413,0,3,1,0
7487,61297773254413,0,3,1,0
7487,1374389540583,0,1,0,0
7487,1924145354514,0,3,1,0
7488,1924145354515,0,3,1,0
7488,1374389540583,0,1,0,0
7483,7146825586348,0,2,1,0
7488,61297773254420,0,3,0,0
7489,61297773254420,0,3,1,0
7489,1374389540583,0,1,0,0
7489,1649267447610,0,2,1,0
7489,1924145354517,0,3,1,0
7490,1924145354522,0,3,1,0
7490,1374389540583,0,1,0,0
7490,1649267447615,0,2,1,0
7491,1649267447616,0,2,1,0
7490,7421703493403,0,3,1,0
7491,7421703493404,0,3,1,0
7491,1374389540583,0,1,0,0
7491,1649267447617,0,2,1,0
7491,1924145354525,0,3,1,0
7492,1924145354526,0,3,1,0
7492,1374389540583,0,1,0,0
7492,1649267447618,0,2,0,0
7492,61297773254432,0,3,1,0
7493,1924145354529,0,3,1,0
7493,1374389540583,0,1,0,0
7493,1649267447618,0,2,0,0
7493,1924145354530,0,3,1,0
7494,1924145354531,0,3,1,0
7494,1374389540583,0,1,0,0
7494,1649267447618,0,2,0,0
7494,1924145354532,0,3,0,0
7495,1374389540583,0,1,0,0
7495,1649267447618,0,2,1,0
7496,1649267447623,0,2,1,0
7495,1924145354532,0,3,0,0
7496,1374389540583,0,1,0,0
7496,1649267447624,0,2,1,0
7496,1924145354532,0,3,1,0
7497,1924145354533,0,3,1,0
7497,1374389540583,0,1,0,0
7497,1649267447625,0,2,1,0
7498,1649267447626,0,2,1,0
7497,1924145354534,0,3,1,0
7498,1374389540583,0,1,0,0
7498,4947802330959,0,2,1,0
7498,1924145354535,0,3,0,0
7499,1374389540583,0,1,0,0
7499,4947802330959,0,2,1,0
7499,1924145354535,0,3,0,0
7500,1374389540583,0,1,0,0
7500,4947802330960,0,2,1,0
7501,4947802330960,0,2,1,0
7500,1924145354535,0,3,0,0
7501,1924145354535,0,3,1,0
7501,1374389540583,0,1,0,0
7501,1649267447633,0,2,1,0
7502,1649267447634,0,2,1,0
7501,1924145354536,0,3,0,0
7502,1924145354536,0,3,1,0
7502,1374389540583,0,1,0,0
7502,1649267447635,0,2,1,0
7503,1649267447636,0,2,1,0
7502,1924145354537,0,3,1,0
7503,1924145354538,0,3,1,0
7503,1374389540583,0,1,0,0
7503,1649267447637,0,2,1,0
7504,1649267447638,0,2,1,0
7503,1924145354539,0,3,1,0
7504,1374389540583,0,1,0,0
7504,4947802330967,0,2,0,0
7505,4947802330967,0,2,1,0
7504,1924145354540,0,3,1,0
7505,1374389540583,0,1,0,0
7505,1649267447640,0,2,1,0
7505,1924145354541,0,3,1,0
7506,1374389540583,0,1,0,0
7506,1649267447641,0,2,0,0
7506,1924145354542,0,3,1,0
7507,1374389540583,0,1,0,0
7507,1649267447641,0,2,0,0
7507,1924145354543,0,3,1,0
7508,1374389540583,0,1,0,0
7508,1649267447641,0,2,0,0
7508,1924145354544,0,3,1,0
7509,1374389540583,0,1,0,0
7509,1649267447641,0,2,1,0
7509,1924145354545,0,3,1,0
7510,1374389540583,0,1,0,0
7510,1649267447642,0,2,0,0
7510,1924145354546,0,3,1,0
7511,1924145354547,0,3,1,0
7511,1374389540583,0,1,0,0
7511,1649267447642,0,2,0,0
7512,1649267447642,0,2,1,0
7511,1924145354548,0,3,1,0
7512,1374389540583,0,1,0,0
7512,1649267447643,0,2,0,0
7513,1649267447643,0,2,1,0
7512,1924145354549,0,3,1,0
7513,1924145354550,0,3,1,0
7513,1374389540583,0,1,0,0
7513,1649267447644,0,2,1,0
7514,1649267447645,0,2,1,0
7513,1924145354551,0,3,1,0
7514,1924145354552,0,3,1,0
7514,1374389540583,0,1,0,0
7514,1649267447646,0,2,1,0
7515,1649267447647,0,2,1,0
7514,1924145354553,0,3,1,0
7515,1924145354555,0,3,1,0
7515,1374389540583,0,1,0,0
7515,1649267447648,0,2,1,0
7515,1924145354556,0,3,1,0
7516,1924145354557,0,3,1,0
7516,1374389540583,0,1,0,0
7516,1649267447649,0,2,1,0
7517,1649267447650,0,2,1,0
7516,1924145354558,0,3,0,0
7517,1374389540583,0,1,0,0
7517,1649267447651,0,2,1,0
7518,1649267447652,0,2,1,0
7517,1924145354558,0,3,0,0
7518,1374389540583,0,1,0,0
7518,1649267447653,0,2,1,0
7519,1649267447654,0,2,1,0
7518,1924145354558,0,3,0,0
7519,1374389540583,0,1,0,0
7519,1649267447655,0,2,1,0
7519,1924145354558,0,3,1,0
7520,1374389540583,0,1,0,0
7520,1649267447656,0,2,0,0
7520,1924145354563,0,3,1,0
7521,1924145354564,0,3,1,0
7521,1374389540583,0,1,0,0
7521,1649267447656,0,2,1,0
7521,61297773254469,0,3,1,0
7522,1374389540583,0,1,0,0
7522,1649267447657,0,2,1,0
7523,1649267447658,0,2,1,0
7522,61297773254469,0,3,1,0
7523,1374389540583,0,1,0,0
7523,4947802330987,0,2,1,0
7523,61297773254470,0,3,1,0
7524,61297773254470,0,3,1,0
7524,1374389540583,0,1,0,0
7524,4947802330987,0,2,1,0
7524,1924145354571,0,3,1,0
7525,1374389540583,0,1,0,0
7525,4947802330988,0,2,1,0
7526,4947802330988,0,2,1,0
7525,61297773254476,0,3,1,0
7526,1374389540583,0,1,0,0
7526,1649267447661,0,2,1,0
7527,1649267447662,0,2,1,0
7526,61297773254476,0,3,1,0
7527,1374389540583,0,1,0,0
7527,61022895347571,0,2,1,0
7527,61297773254477,0,3,1,0
7528,61297773254477,0,3,1,0
7528,1374389540583,0,1,0,0
7528,61022895347571,0,2,1,0
7528,1924145354574,0,3,1,0
7529,1924145354607,0,3,1,0
7529,1374389540583,0,1,0,0
7529,61022895347572,0,2,1,0
7530,61022895347572,0,2,1,0
7529,1924145354608,0,3,1,0
7530,1374389540583,0,1,0,0
7530,1649267447669,0,2,1,0
7531,1649267447670,0,2,1,0
7530,6322191865713,0,3,1,0
7531,1374389540583,0,1,0,0
7531,1649267447675,0,2,1,0
7532,1649267447676,0,2,1,0
7531,6322191865713,0,3,1,0
7532,1374389540583,0,1,0,0
7532,61022895347581,0,2,1,0
7533,1649267447678,0,2,1,0
7532,6322191865714,0,3,1,0
7533,6322191865714,0,3,1,0
7533,1374389540583,0,1,0,0
7533,1649267447683,0,2,1,0
7534,7146825586564,0,2,1,0
7533,6322191865719,0,3,1,0
7534,1374389540583,0,1,0,0
7534,7146825586565,0,2,1,0
7535,1649267447686,0,2,1,0
7534,1924145354616,0,3,1,0
7535,1374389540583,0,1,0,0
7535,1649267447690,0,2,1,0
7536,61022895347596,0,2,1,0
7535,1924145354617,0,3,1,0
7536,1924145354618,0,3,1,0
7536,1374389540583,0,1,0,0
7536,1649267447693,0,2,1,0
7537,1649267447694,0,2,1,0
7536,6322191865727,0,3,0,0
7537,1374389540583,0,1,0,0
7537,1649267447695,0,2,0,0
7537,6322191865727,0,3,1,0
7538,1374389540583,0,1,0,0
7538,1649267447695,0,2,0,0
7538,6322191865727,0,3,1,0
7539,1374389540583,0,1,0,0
7539,1649267447695,0,2,0,0
7540,1649267447695,0,2,1,0
7539,6322191865728,0,3,1,0
7540,6322191865728,0,3,1,0
7540,1374389540583,0,1,0,0
7540,1649267447696,0,2,1,0
7540,1924145354625,0,3,1,0
7541,1924145354626,0,3,1,0
7541,1374389540583,0,1,0,0
7541,1649267447697,0,2,0,0
7541,1924145354631,0,3,1,0
7542,1924145354632,0,3,1,0
7542,1374389540583,0,1,0,0
7542,1649267447697,0,2,0,0
7542,7421703493513,0,3,1,0
7543,1374389540583,0,1,0,0
7543,1649267447697,0,2,0,0
7544,1649267447697,0,2,1,0
7543,1924145354649,0,3,1,0
7544,1924145354650,0,3,1,0
7544,1374389540583,0,1,0,0
7544,1649267447698,0,2,1,0
7545,1649267447699,0,2,1,0
7544,1924145354651,0,3,0,0
7545,1374389540583,0,1,0,0
7545,1649267447700,0,2,1,0
7546,1649267447701,0,2,1,0
7545,1924145354651,0,3,0,0
7546,1374389540583,0,1,0,0
7546,1649267447702,0,2,1,0
7547,1649267447703,0,2,1,0
7546,1924145354651,0,3,0,0
7547,1924145354651,0,3,1,0
7547,1374389540583,0,1,0,0
7547,1924145354652,0,3,1,0
7548,1374389540583,0,1,0,0
7548,1924145354653,0,3,0,0
7549,1374389540583,0,1,0,0
7549,1924145354653,0,3,0,0
7550,1374389540583,0,1,0,0
7550,1924145354653,0,3,0,0
7551,1924145354653,0,3,1,0
7551,1374389540583,0,1,0,0
7551,1924145354654,0,3,1,0
7552,1924145354655,0,3,1,0
7552,1374389540583,0,1,0,0
7547,7146825586584,0,2,1,0
7553,1649267447791,0,2,1,0
7552,1924145354656,0,3,1,0
7553,1924145354657,0,3,1,0
7553,1374389540583,0,1,0,0
7553,1649267447792,0,2,1,0
7553,1924145354658,0,3,1,0
7554,1924145354659,0,3,1,0
7554,1374389540583,0,1,0,0
7554,1649267447793,0,2,1,0
7555,1374389540583,0,1,0,0
7555,1649267447794,0,2,1,0
7556,1374389540583,0,1,0,0
7556,1649267447795,0,2,0,0
7557,1374389540583,0,1,0,0
7557,1649267447795,0,2,1,0
7558,1374389540583,0,1,0,0
7558,1649267447796,0,2,1,0
7559,1649267447797,0,2,1,0
7559,1374389540583,0,1,0,0
7559,61022895347702,0,2,0,0
7554,7421703493540,0,3,1,0
7560,1374389540583,0,1,0,0
7560,61022895347702,0,2,1,0
7560,1924145354764,0,3,1,0
7561,1374389540583,0,1,0,0
7561,61022895347702,0,2,1,0
7561,1924145354769,0,3,1,0
7562,1924145354770,0,3,1,0
7562,1374389540583,0,1,0,0
7562,61022895347703,0,2,1,0
7563,61022895347703,0,2,1,0
7562,1924145354771,0,3,1,0
7563,1374389540583,0,1,0,0
7563,1649267447800,0,2,1,0
7564,1649267447801,0,2,1,0
7563,1924145354772,0,3,0,0
7564,1374389540583,0,1,0,0
7564,61022895347706,0,2,0,0
7565,61022895347706,0,2,1,0
7564,1924145354772,0,3,0,0
7565,1374389540583,0,1,0,0
7565,1649267447803,0,2,1,0
7566,1649267447804,0,2,1,0
7565,1924145354772,0,3,0,0
7566,1374389540583,0,1,0,0
7566,7146825586685,0,2,1,0
7567,7146825586686,0,2,1,0
7566,1924145354772,0,3,1,0
7567,1924145354777,0,3,1,0
7567,1374389540583,0,1,0,0
7567,1649267447807,0,2,1,0
7568,1649267447808,0,2,1,0
7567,1924145354778,0,3,1,0
7568,1374389540583,0,1,0,0
7568,61022895347714,0,2,1,0
7569,1649267447811,0,2,1,0
7568,1924145354779,0,3,1,0
7569,1924145354780,0,3,1,0
7569,1374389540583,0,1,0,0
7569,1649267447812,0,2,1,0
7570,1649267447813,0,2,1,0
7569,5222680238113,0,3,1,0
7570,1374389540583,0,1,0,0
7570,1649267447814,0,2,0,0
7570,5222680238113,0,3,1,0
7571,1374389540583,0,1,0,0
7571,1649267447814,0,2,0,0
7571,5222680238114,0,3,1,0
7572,5222680238114,0,3,1,0
7572,1374389540583,0,1,0,0
7572,1649267447814,0,2,1,0
7573,1649267447815,0,2,1,0
7572,1924145354787,0,3,1,0
7573,1924145354788,0,3,1,0
7573,1374389540583,0,1,0,0
7573,1649267447816,0,2,1,0
7573,1924145354793,0,3,1,0
7574,1924145354794,0,3,1,0
7574,1374389540583,0,1,0,0
7574,1649267447817,0,2,0,0
7574,1924145354795,0,3,1,0
7575,1924145354796,0,3,1,0
7575,1374389540583,0,1,0,0
7575,1649267447817,0,2,0,0
7575,5222680238129,0,3,0,0
7576,5222680238129,0,3,1,0
7576,1374389540583,0,1,0,0
7576,1649267447817,0,2,0,0
7577,1649267447817,0,2,1,0
7576,1924145354802,0,3,1,0
7577,1374389540583,0,1,0,0
7577,1649267447818,0,2,0,0
7578,1649267447818,0,2,1,0
7577,1924145354803,0,3,0,0
7578,1374389540583,0,1,0,0
7578,1649267447819,0,2,1,0
7579,1649267447821,0,2,1,0
7578,1924145354803,0,3,0,0
7579,1374389540583,0,1,0,0
7579,1649267447822,0,2,1,0
7579,1924145354803,0,3,0,0
7580,1374389540583,0,1,0,0
7580,1649267447823,0,2,1,0
7580,1924145354803,0,3,1,0
7581,1374389540583,0,1,0,0
7581,1649267447824,0,2,1,0
7581,1924145354804,0,3,0,0
7582,1374389540583,0,1,0,0
7582,1649267447829,0,2,1,0
7582,1924145354804,0,3,0,0
7583,1924145354804,0,3,1,0
7583,1374389540583,0,1,0,0
7583,1649267447830,0,2,1,0
7583,1924145354809,0,3,0,0
7584,1924145354809,0,3,1,0
7584,1374389540583,0,1,0,0
7584,1649267447831,0,2,1,0
7584,1924145354810,0,3,1,0
7585,1924145354811,0,3,1,0
7585,1374389540583,0,1,0,0
7585,1649267447832,0,2,1,0
7585,1924145354812,0,3,1,0
7586,1924145354817,0,3,1,0
7586,1374389540583,0,1,0,0
7586,1649267447837,0,2,1,0
7587,1649267447838,0,2,1,0
7586,1924145354818,0,3,1,0
7587,1374389540583,0,1,0,0
7587,1649267447839,0,2,1,0
7587,1924145354819,0,3,1,0
7588,1924145354820,0,3,1,0
7588,1374389540583,0,1,0,0
7588,1649267447840,0,2,1,0
7589,1649267447845,0,2,1,0
7588,1924145354821,0,3,1,0
7589,1924145354822,0,3,1,0
7589,1374389540583,0,1,0,0
7589,1649267447846,0,2,1,0
7590,1649267447847,0,2,1,0
7589,1924145354823,0,3,1,0
7590,1924145354824,0,3,1,0
7590,1374389540583,0,1,0,0
7590,1649267447848,0,2,1,0
7591,1649267447853,0,2,1,0
7590,1924145354825,0,3,1,0
7591,1374389540583,0,1,0,0
7591,1649267447854,0,2,1,0
7592,1649267447855,0,2,1,0
7591,1924145354826,0,3,0,0
7592,1374389540583,0,1,0,0
7592,1649267447856,0,2,0,0
7592,1924145354826,0,3,1,0
7593,1374389540583,0,1,0,0
7593,1649267447856,0,2,0,0
7593,1924145354827,0,3,1,0
7594,1924145354828,0,3,1,0
7594,1374389540583,0,1,0,0
7594,1649267447856,0,2,0,0
7594,5222680238157,0,3,1,0
7595,1374389540583,0,1,0,0
7595,1649267447856,0,2,1,0
7595,5222680238157,0,3,1,0
7596,1374389540583,0,1,0,0
7596,1649267447861,0,2,1,0
7597,1649267447862,0,2,1,0
7596,5222680238158,0,3,1,0
7597,5222680238158,0,3,1,0
7597,1374389540583,0,1,0,0
7597,61022895347767,0,2,1,0
7597,1924145354831,0,3,1,0
7598,1924145354832,0,3,1,0
7598,1374389540583,0,1,0,0
7598,61022895347767,0,2,1,0
7598,61297773254737,0,3,1,0
7599,1374389540583,0,1,0,0
7599,61022895347768,0,2,1,0
7600,61022895347768,0,2,1,0
7599,61297773254737,0,3,1,0
7600,1374389540583,0,1,0,0
7600,1649267447869,0,2,1,0
7600,61297773254738,0,3,1,0
7601,61297773254738,0,3,1,0
7601,1374389540583,0,1,0,0
7601,61022895347774,0,2,1,0
7601,1924145354835,0,3,1,0
7602,1924145354836,0,3,1,0
7602,1374389540583,0,1,0,0
7602,61022895347774,0,2,1,0
7602,1924145354837,0,3,1,0
7603,1924145354838,0,3,1,0
7603,1374389540583,0,1,0,0
7603,61022895347775,0,2,1,0
7604,61022895347775,0,2,1,0
7603,61297773254743,0,3,1,0
7604,1924145354840,0,3,1,0
7604,1374389540583,0,1,0,0
7604,1649267447872,0,2,1,0
7605,1649267447901,0,2,1,0
7604,1924145354841,0,3,1,0
7605,7421703493722,0,3,1,0
7605,1374389540583,0,1,0,0
7605,1649267447902,0,2,1,0
7605,7421703493723,0,3,1,0
7606,1924145354844,0,3,1,0
7606,1374389540583,0,1,0,0
7606,6047313959007,0,2,1,0
7606,1924145354860,0,3,1,0
7607,61297773254766,0,3,1,0
7607,1374389540583,0,1,0,0
7607,6047313959007,0,2,1,0
7607,1924145354863,0,3,1,0
7608,1924145354864,0,3,1,0
7608,1374389540583,0,1,0,0
7608,6047313959008,0,2,1,0
7609,6047313959008,0,2,1,0
7608,1924145354865,0,3,0,0
7609,1374389540583,0,1,0,0
7609,6047313959009,0,2,1,0
7609,1924145354865,0,3,0,0
7610,1374389540583,0,1,0,0
7610,1649267447906,0,2,1,0
7610,1924145354865,0,3,0,0
7611,1924145354865,0,3,1,0
7611,1374389540583,0,1,0,0
7611,1649267447907,0,2,1,0
7612,1649267447908,0,2,1,0
7611,1924145354866,0,3,1,0
7612,1374389540583,0,1,0,0
7612,6047313959013,0,2,0,0
7612,1924145354867,0,3,0,0
7613,1374389540583,0,1,0,0
7613,6047313959013,0,2,1,0
7613,1924145354867,0,3,0,0
7614,1374389540583,0,1,0,0
7614,6047313959013,0,2,1,0
7614,1924145354867,0,3,0,0
7615,1924145354867,0,3,1,0
7615,1374389540583,0,1,0,0
7615,6047313959014,0,2,1,0
7616,6047313959014,0,2,1,0
7615,1924145354868,0,3,1,0
7616,1924145354869,0,3,1,0
7616,1374389540583,0,1,0,0
7616,1649267447911,0,2,1,0
7617,1649267447912,0,2,1,0
7616,1924145354870,0,3,1,0
7617,1924145354871,0,3,1,0
7617,1374389540583,0,1,0,0
7617,1649267447913,0,2,1,0
7618,1649267447914,0,2,1,0
7617,1924145354872,0,3,1,0
7618,1924145354873,0,3,1,0
7618,1374389540583,0,1,0,0
7618,7146825586795,0,2,1,0
7619,1374389540583,0,1,0,0
7619,1649267447931,0,2,1,0
7620,1649267447932,0,2,1,0
7620,1374389540583,0,1,0,0
7620,1649267447933,0,2,0,0
7621,1374389540583,0,1,0,0
7621,1649267447933,0,2,0,0
7622,1374389540583,0,1,0,0
7622,1649267447933,0,2,0,0
7623,1649267447933,0,2,1,0
7623,1374389540583,0,1,0,0
7623,1649267447934,0,2,1,0
7618,7421703493754,0,3,1,0
7624,1924145354949,0,3,1,0
7624,1374389540583,0,1,0,0
7624,1649267447935,0,2,0,0
7624,1924145354950,0,3,1,0
7625,1374389540583,0,1,0,0
7625,1649267447935,0,2,0,0
7625,1924145354951,0,3,1,0
7626,1374389540583,0,1,0,0
7626,1649267447935,0,2,0,0
7627,1649267447935,0,2,1,0
7626,1924145354952,0,3,1,0
7627,1374389540583,0,1,0,0
7627,1649267447936,0,2,1,0
7628,1649267447937,0,2,1,0
7627,1924145354953,0,3,0,0
7628,1374389540583,0,1,0,0
7628,1649267447938,0,2,1,0
7629,1649267447939,0,2,1,0
7628,1924145354953,0,3,1,0
7629,1374389540583,0,1,0,0
7629,1649267447940,0,2,1,0
7630,1649267447941,0,2,1,0
7629,1924145354958,0,3,1,0
7630,1924145354959,0,3,1,0
7630,1374389540583,0,1,0,0
7630,61297773254864,0,3,0,0
7631,1374389540583,0,1,0,0
7631,61297773254864,0,3,1,0
7632,1374389540583,0,1,0,0
7632,61297773254864,0,3,1,0
7633,1374389540583,0,1,0,0
7633,61297773254865,0,3,1,0
7634,61297773254865,0,3,1,0
7634,1374389540583,0,1,0,0
7635,1374389540583,0,1,1,0
7634,1924145354966,0,3,1,0
7635,1924145354967,0,3,1,0
7630,7146825586822,0,2,1,0
7635,61297773254872,0,3,0,0
7636,61297773254872,0,3,1,0
7636,1649267448062,0,2,1,0
7636,1924145354969,0,3,1,0
7637,1924145354974,0,3,1,0
7637,1649267448067,0,2,1,0
7638,1649267448068,0,2,1,0
7637,7421703493855,0,3,1,0
7638,7421703493856,0,3,1,0
7638,1649267448069,0,2,1,0
7638,1924145354977,0,3,1,0
7639,1924145354978,0,3,1,0
7639,1649267448070,0,2,0,0
7639,61297773254884,0,3,1,0
7640,1924145354981,0,3,1,0
7635,6871947679468,0,1,1,0
7640,1649267448070,0,2,0,0
7640,1924145354982,0,3,1,0
7641,1924145354983,0,3,1,0
7641,1374389541147,0,1,1,0
7642,1374389541148,0,1,1,0
7641,1649267448070,0,2,0,0
7641,1924145354984,0,3,0,0
7642,1374389541149,0,1,1,0
7643,1374389541154,0,1,1,0
7642,1649267448070,0,2,1,0
7643,1649267448075,0,2,1,0
7642,1924145354984,0,3,0,0
7643,1374389541155,0,1,1,0
7643,1649267448076,0,2,1,0
7643,1924145354984,0,3,1,0
7644,1924145354985,0,3,1,0
7644,1374389541156,0,1,0,0
7645,1374389541156,0,1,1,0
7644,1649267448077,0,2,1,0
7645,1649267448078,0,2,1,0
7644,1924145354986,0,3,1,0
7645,6871947680037,0,1,1,0
7645,4947802331411,0,2,1,0
7645,1924145354987,0,3,0,0
7646,1374389541170,0,1,0,0
7647,1374389541170,0,1,1,0
7646,4947802331411,0,2,1,0
7646,1924145354987,0,3,0,0
7647,1374389541171,0,1,0,0
7647,4947802331412,0,2,1,0
7648,4947802331412,0,2,1,0
7647,1924145354987,0,3,0,0
7648,1924145354987,0,3,1,0
7648,1374389541171,0,1,0,0
7648,1649267448085,0,2,1,0
7649,1649267448086,0,2,1,0
7648,1924145354988,0,3,0,0
7649,1924145354988,0,3,1,0
7649,1374389541171,0,1,0,0
7650,1374389541171,0,1,1,0
7649,1649267448087,0,2,1,0
7650,1649267448088,0,2,1,0
7649,1924145354989,0,3,1,0
7650,1924145354990,0,3,1,0
7650,1649267448089,0,2,1,0
7651,1649267448090,0,2,1,0
7650,1924145354991,0,3,1,0
7651,4947802331422,0,2,0,0
7652,4947802331422,0,2,1,0
7651,1924145354992,0,3,1,0
7652,1649267448095,0,2,1,0
7652,1924145354993,0,3,1,0
7653,1649267448096,0,2,0,0
7653,1924145354994,0,3,1,0
7654,1649267448096,0,2,0,0
7654,1924145354995,0,3,1,0
7650,6871947680052,0,1,1,0
7656,1374389541217,0,1,1,0
7655,1649267448096,0,2,0,0
7655,1924145354996,0,3,1,0
7656,1374389541218,0,1,0,0
7656,1649267448096,0,2,1,0
7656,1924145354997,0,3,1,0
7657,1374389541218,0,1,0,0
7657,1649267448097,0,2,0,0
7657,1924145354998,0,3,1,0
7658,1924145354999,0,3,1,0
7658,1374389541218,0,1,0,0
7659,1374389541218,0,1,1,0
7658,1649267448097,0,2,0,0
7659,1649267448097,0,2,1,0
7658,1924145355000,0,3,1,0
7659,1649267448102,0,2,0,0
7660,1649267448102,0,2,1,0
7659,1924145355001,0,3,1,0
7660,1924145355002,0,3,1,0
7660,1649267448103,0,2,1,0
7661,1649267448104,0,2,1,0
7660,1924145355003,0,3,1,0
7661,1924145355004,0,3,1,0
7661,1649267448105,0,2,1,0
7662,1649267448106,0,2,1,0
7661,1924145355005,0,3,1,0
7662,1924145355007,0,3,1,0
7662,1649267448107,0,2,1,0
7662,1924145355008,0,3,1,0
7663,1924145355009,0,3,1,0
7663,1649267448108,0,2,1,0
7664,1649267448109,0,2,1,0
7663,1924145355010,0,3,0,0
7659,6871947680099,0,1,1,0
7665,1374389541253,0,1,1,0
7664,1649267448110,0,2,1,0
7665,1649267448111,0,2,1,0
7664,1924145355010,0,3,0,0
7665,1374389541254,0,1,0,0
7665,1649267448112,0,2,1,0
7666,1649267448113,0,2,1,0
7665,1924145355010,0,3,0,0
7666,1374389541254,0,1,0,0
7666,1649267448117,0,2,1,0
7666,1924145355010,0,3,1,0
7667,1374389541254,0,1,0,0
7668,1374389541254,0,1,1,0
7667,1649267448118,0,2,0,0
7667,1924145355015,0,3,1,0
7668,1924145355016,0,3,1,0
7668,1649267448118,0,2,1,0
7668,61297773254921,0,3,1,0
7669,1649267448119,0,2,1,0
7670,1649267448120,0,2,1,0
7669,61297773254921,0,3,1,0
7670,4947802331449,0,2,1,0
7670,61297773254922,0,3,1,0
7671,61297773254922,0,3,1,0
7671,4947802331449,0,2,1,0
7671,1924145355023,0,3,1,0
7672,4947802331450,0,2,1,0
7673,4947802331450,0,2,1,0
7672,61297773254928,0,3,1,0
7668,6871947680135,0,1,1,0
7674,1374389541289,0,1,1,0
7673,1649267448123,0,2,1,0
7674,1649267448124,0,2,1,0
7673,61297773254928,0,3,1,0
7674,1374389541290,0,1,0,0
7674,61022895348033,0,2,1,0
7674,61297773254929,0,3,1,0
7675,61297773254929,0,3,1,0
7675,1374389541290,0,1,0,0
7675,61022895348033,0,2,1,0
7675,1924145355026,0,3,1,0
7676,1924145355069,0,3,1,0
7676,1374389541290,0,1,0,0
7676,61022895348034,0,2,1,0
7677,61022895348034,0,2,1,0
7676,1924145355070,0,3,1,0
7677,1374389541290,0,1,0,0
7677,1649267448131,0,2,1,0
7678,1649267448132,0,2,1,0
7677,6322191866175,0,3,1,0
7678,1374389541290,0,1,0,0
7679,1374389541290,0,1,1,0
7678,1649267448139,0,2,1,0
7679,1649267448140,0,2,1,0
7678,6322191866175,0,3,1,0
7679,61022895348045,0,2,1,0
7680,1649267448142,0,2,1,0
7679,6322191866176,0,3,1,0
7680,6322191866176,0,3,1,0
7680,1649267448151,0,2,1,0
7681,7146825587032,0,2,1,0
7680,6322191866181,0,3,1,0
7681,7146825587033,0,2,1,0
7682,1649267448154,0,2,1,0
7681,1924145355078,0,3,1,0
7682,1649267448164,0,2,1,0
7683,61022895348070,0,2,1,0
7682,1924145355079,0,3,1,0
7683,1924145355080,0,3,1,0
7683,1649267448167,0,2,1,0
7684,1649267448168,0,2,1,0
7683,6322191866191,0,3,0,0
7679,6871947680175,0,1,1,0
7684,1649267448169,0,2,0,0
7684,6322191866191,0,3,1,0
7685,1374389541310,0,1,1,0
7686,1374389541311,0,1,1,0
7685,1649267448169,0,2,0,0
7685,6322191866191,0,3,1,0
7686,1374389541312,0,1,1,0
7687,1374389541322,0,1,1,0
7686,1649267448169,0,2,0,0
7687,1649267448169,0,2,1,0
7686,6322191866192,0,3,1,0
7687,6322191866192,0,3,1,0
7687,1374389541323,0,1,1,0
7687,1649267448170,0,2,1,0
7687,1924145355089,0,3,1,0
7688,1924145355090,0,3,1,0
7688,1374389541324,0,1,0,0
7689,1374389541324,0,1,1,0
7688,1649267448171,0,2,0,0
7688,1924145355099,0,3,1,0
7689,1924145355100,0,3,1,0
7689,6871947680205,0,1,1,0
7689,1649267448171,0,2,0,0
7689,7421703493981,0,3,1,0
7690,1374389541356,0,1,0,0
7691,1374389541356,0,1,1,0
7690,1649267448171,0,2,0,0
7691,1649267448171,0,2,1,0
7690,1924145355129,0,3,1,0
7691,1924145355130,0,3,1,0
7691,1374389541357,0,1,0,0
7691,1649267448174,0,2,1,0
7692,1649267448175,0,2,1,0
7691,1924145355131,0,3,0,0
7692,1374389541357,0,1,0,0
7692,1649267448176,0,2,1,0
7693,1649267448177,0,2,1,0
7692,1924145355131,0,3,0,0
7693,1374389541357,0,1,0,0
7694,1374389541357,0,1,1,0
7693,1649267448182,0,2,1,0
7694,1649267448183,0,2,1,0
7693,1924145355131,0,3,0,0
7694,1924145355131,0,3,1,0
7694,6871947680238,0,1,1,0
7695,1374389541365,0,1,1,0
7694,1924145355132,0,3,1,0
7695,1374389541366,0,1,1,0
7696,1374389541367,0,1,1,0
7695,1924145355133,0,3,0,0
7696,1374389541368,0,1,1,0
7696,1924145355133,0,3,0,0
7697,1374389541369,0,1,0,0
7698,1374389541369,0,1,1,0
7697,1924145355133,0,3,0,0
7698,1924145355133,0,3,1,0
7698,1924145355134,0,3,1,0
7699,1924145355135,0,3,1,0
7694,7146825587064,0,2,1,0
7700,1649267448349,0,2,1,0
7699,1924145355136,0,3,1,0
7700,1924145355137,0,3,1,0
7700,1649267448350,0,2,1,0
7700,1924145355138,0,3,1,0
7701,1924145355139,0,3,1,0
7701,1649267448351,0,2,1,0
7702,1649267448352,0,2,1,0
7698,6871947680250,0,1,1,0
7703,1649267448353,0,2,0,0
7704,1649267448353,0,2,1,0
7705,1649267448359,0,2,1,0
7706,1649267448360,0,2,1,0
7704,6871947680309,0,1,1,0
7707,1374389541442,0,1,1,0
7706,61022895348265,0,2,0,0
7701,7421703494020,0,3,1,0
7707,1374389541443,0,1,1,0
7708,1374389541444,0,1,1,0
7707,61022895348265,0,2,1,0
7707,1924145355337,0,3,1,0
7708,1374389541452,0,1,1,0
7709,1374389541453,0,1,1,0
7708,61022895348265,0,2,1,0
7708,1924145355348,0,3,1,0
7709,1924145355349,0,3,1,0
7709,1374389541454,0,1,0,0
7709,61022895348266,0,2,1,0
7710,61022895348266,0,2,1,0
7709,1924145355350,0,3,1,0
7710,1374389541454,0,1,0,0
7711,1374389541454,0,1,1,0
7710,1649267448368,0,2,1,0
7711,1649267448369,0,2,1,0
7710,1924145355351,0,3,0,0
7711,1374389541455,0,1,0,0
7711,61022895348274,0,2,0,0
7712,61022895348274,0,2,1,0
7711,1924145355351,0,3,0,0
7712,1374389541455,0,1,1,0
7713,1374389541464,0,1,1,0
7712,1649267448371,0,2,1,0
7713,1649267448374,0,2,1,0
7712,1924145355351,0,3,0,0
7713,3573412797017,0,1,1,0
7714,3573412797018,0,1,1,0
7713,7146825587255,0,2,1,0
7714,7146825587256,0,2,1,0
7713,1924145355351,0,3,1,0
7714,1924145355360,0,3,1,0
7714,1374389541467,0,1,0,0
7714,1649267448377,0,2,1,0
7715,1649267448378,0,2,1,0
7714,1924145355361,0,3,1,0
7715,1374389541467,0,1,0,0
7715,61022895348284,0,2,1,0
7716,1649267448381,0,2,1,0
7715,1924145355362,0,3,1,0
7716,1924145355363,0,3,1,0
7716,1374389541467,0,1,0,0
7717,1374389541467,0,1,1,0
7716,1649267448382,0,2,1,0
7717,1649267448383,0,2,1,0
7716,5222680238705,0,3,1,0
7717,1374389541481,0,1,1,0
7718,1374389541482,0,1,1,0
7717,1649267448384,0,2,0,0
7717,5222680238705,0,3,1,0
7718,1374389541483,0,1,1,0
7718,1649267448384,0,2,0,0
7718,5222680238706,0,3,1,0
7719,5222680238706,0,3,1,0
7719,1649267448384,0,2,1,0
7720,1649267448385,0,2,1,0
7719,1924145355379,0,3,1,0
7720,1924145355380,0,3,1,0
7720,1649267448389,0,2,1,0
7720,1924145355390,0,3,1,0
7721,1924145355391,0,3,1,0
7721,1649267448390,0,2,0,0
7721,1924145355392,0,3,1,0
7722,1924145355393,0,3,1,0
7722,1649267448390,0,2,0,0
7722,5222680238727,0,3,0,0
7723,5222680238727,0,3,1,0
7723,1649267448390,0,2,0,0
7724,1649267448390,0,2,1,0
7723,1924145355400,0,3,1,0
7724,1649267448391,0,2,0,0
7725,1649267448391,0,2,1,0
7724,1924145355401,0,3,0,0
7725,1649267448392,0,2,1,0
7726,1649267448400,0,2,1,0
7725,1924145355401,0,3,0,0
7726,1649267448401,0,2,1,0
7726,1924145355401,0,3,0,0
7727,1649267448402,0,2,1,0
7727,1924145355401,0,3,1,0
7728,1649267448403,0,2,1,0
7728,1924145355402,0,3,0,0
7729,1649267448412,0,2,1,0
7729,1924145355402,0,3,0,0
7730,1924145355402,0,3,1,0
7730,1649267448413,0,2,1,0
7730,1924145355407,0,3,0,0
7731,1924145355407,0,3,1,0
7731,1649267448414,0,2,1,0
7731,1924145355408,0,3,1,0
7732,1924145355409,0,3,1,0
7732,1649267448415,0,2,1,0
7732,1924145355410,0,3,1,0
7733,1924145355415,0,3,1,0
7733,1649267448429,0,2,1,0
7734,1649267448430,0,2,1,0
7733,1924145355416,0,3,1,0
7734,1649267448431,0,2,1,0
7734,1924145355417,0,3,1,0
7735,1924145355418,0,3,1,0
7735,1649267448432,0,2,1,0
7736,1649267448442,0,2,1,0
7735,1924145355419,0,3,1,0
7736,1924145355420,0,3,1,0
7736,1649267448443,0,2,1,0
7737,1649267448444,0,2,1,0
7736,1924145355421,0,3,1,0
7737,1924145355422,0,3,1,0
7737,1649267448445,0,2,1,0
7738,1649267448451,0,2,1,0
7737,1924145355423,0,3,1,0
7738,1649267448452,0,2,1,0
7739,1649267448453,0,2,1,0
7738,1924145355424,0,3,0,0
7739,1649267448454,0,2,0,0
7739,1924145355424,0,3,1,0
7740,1649267448454,0,2,0,0
7740,1924145355425,0,3,1,0
7741,1924145355426,0,3,1,0
7741,1649267448454,0,2,0,0
7741,5222680238755,0,3,1,0
7742,1649267448454,0,2,1,0
7742,5222680238755,0,3,1,0
7743,1649267448459,0,2,1,0
7744,1649267448460,0,2,1,0
7743,5222680238756,0,3,1,0
7744,5222680238756,0,3,1,0
7744,61022895348365,0,2,1,0
7744,1924145355429,0,3,1,0
7745,1924145355430,0,3,1,0
7745,61022895348365,0,2,1,0
7745,61297773255335,0,3,1,0
7746,61022895348366,0,2,1,0
7747,61022895348366,0,2,1,0
7746,61297773255335,0,3,1,0
7747,1649267448467,0,2,1,0
7747,61297773255336,0,3,1,0
7748,61297773255336,0,3,1,0
7748,61022895348372,0,2,1,0
7748,1924145355433,0,3,1,0
7749,1924145355434,0,3,1,0
7749,61022895348372,0,2,1,0
7749,1924145355435,0,3,1,0
7750,1924145355436,0,3,1,0
7750,61022895348373,0,2,1,0
7751,61022895348373,0,2,1,0
7750,61297773255341,0,3,1,0
7751,1924145355438,0,3,1,0
7751,1649267448470,0,2,1,0
7752,1649267448499,0,2,1,0
7751,1924145355439,0,3,1,0
7752,7421703494320,0,3,1,0
7752,1649267448500,0,2,1,0
7752,7421703494321,0,3,1,0
7753,1924145355442,0,3,1,0
7753,6047313959605,0,2,1,0
7753,1924145355458,0,3,1,0
7754,61297773255364,0,3,1,0
7754,6047313959605,0,2,1,0
7754,1924145355461,0,3,1,0
7755,1924145355462,0,3,1,0
7755,6047313959606,0,2,1,0
7756,6047313959606,0,2,1,0
7755,1924145355463,0,3,0,0
7756,6047313959607,0,2,1,0
7756,1924145355463,0,3,0,0
7757,1649267448504,0,2,1,0
7757,1924145355463,0,3,0,0
7758,1924145355463,0,3,1,0
7758,1649267448505,0,2,1,0
7759,1649267448506,0,2,1,0
7758,1924145355464,0,3,1,0
7759,6047313959611,0,2,0,0
7759,1924145355465,0,3,0,0
7760,6047313959611,0,2,1,0
7760,1924145355465,0,3,0,0
7761,6047313959611,0,2,1,0
7761,1924145355465,0,3,0,0
7762,1924145355465,0,3,1,0
7762,6047313959612,0,2,1,0
7763,6047313959612,0,2,1,0
7762,1924145355466,0,3,1,0
7763,1924145355467,0,3,1,0
7763,1649267448509,0,2,1,0
7764,1649267448510,0,2,1,0
7763,1924145355468,0,3,1,0
7764,1924145355469,0,3,1,0
7764,1649267448511,0,2,1,0
7765,1649267448512,0,2,1,0
7764,1924145355470,0,3,1,0
7765,1924145355471,0,3,1,0
7765,7146825587393,0,2,1,0
7766,1649267448542,0,2,1,0
7767,1649267448543,0,2,1,0
7767,1649267448544,0,2,0,0
7768,1649267448544,0,2,0,0
7769,1649267448544,0,2,0,0
7770,1649267448544,0,2,1,0
7770,1649267448545,0,2,1,0
7765,7421703494352,0,3,1,0
7771,1924145355630,0,3,1,0
7771,1649267448546,0,2,0,0
7771,1924145355632,0,3,1,0
7772,1649267448546,0,2,0,0
7772,1924145355633,0,3,1,0
7773,1649267448546,0,2,0,0
7774,1649267448546,0,2,1,0
7773,1924145355634,0,3,1,0
7774,1649267448547,0,2,1,0
7775,1649267448548,0,2,1,0
7774,1924145355635,0,3,0,0
7775,1649267448549,0,2,1,0
7776,1649267448550,0,2,1,0
7775,1924145355635,0,3,1,0
7776,1649267448551,0,2,1,0
7777,1649267448552,0,2,1,0
7776,1924145355641,0,3,1,0
7777,1924145355642,0,3,1,0
7777,61297773255547,0,3,0,0
7778,61297773255547,0,3,1,0
7779,61297773255547,0,3,1,0
7780,61297773255548,0,3,1,0
7781,61297773255548,0,3,1,0
7781,1924145355652,0,3,1,0
7782,1924145355653,0,3,1,0
7777,7146825587433,0,2,1,0
7782,61297773255558,0,3,0,0
7783,61297773255558,0,3,1,0
7783,1649267448770,0,2,1,0
7783,1924145355655,0,3,1,0
7784,1924145355661,0,3,1,0
7784,1649267448781,0,2,1,0
7785,1649267448782,0,2,1,0
7784,7421703494542,0,3,1,0
7785,7421703494543,0,3,1,0
7785,1649267448783,0,2,1,0
7785,1924145355664,0,3,1,0
7786,1924145355671,0,3,1,0
7786,1649267448784,0,2,0,0
7786,61297773255577,0,3,1,0
7787,1924145355674,0,3,1,0
7787,1649267448784,0,2,0,0
7787,1924145355681,0,3,1,0
7788,1924145355682,0,3,1,0
7788,1649267448784,0,2,0,0
7788,1924145355683,0,3,0,0
7789,1649267448784,0,2,1,0
7790,1649267448795,0,2,1,0
7789,1924145355683,0,3,0,0
7790,1649267448796,0,2,1,0
7790,1924145355683,0,3,1,0
7791,1924145355684,0,3,1,0
7791,1649267448797,0,2,1,0
7792,1649267448798,0,2,1,0
7791,1924145355687,0,3,1,0
7792,4947802332133,0,2,1,0
7792,1924145355688,0,3,0,0
7793,4947802332133,0,2,1,0
7793,1924145355688,0,3,0,0
7794,4947802332134,0,2,1,0
7795,4947802332134,0,2,1,0
7794,1924145355688,0,3,0,0
7795,1924145355688,0,3,1,0
7795,1649267448807,0,2,1,0
7796,1649267448808,0,2,1,0
7795,1924145355689,0,3,0,0
7796,1924145355689,0,3,1,0
7796,1649267448810,0,2,1,0
7797,1649267448811,0,2,1,0
7796,1924145355690,0,3,1,0
7797,1924145355692,0,3,1,0
7797,1649267448812,0,2,1,0
7798,1649267448813,0,2,1,0
7797,1924145355693,0,3,1,0
7798,4947802332143,0,2,0,0
7799,4947802332143,0,2,1,0
7798,1924145355694,0,3,1,0
7799,1649267448816,0,2,1,0
7799,1924145355695,0,3,1,0
7800,1649267448817,0,2,0,0
7800,1924145355697,0,3,1,0
7801,1649267448817,0,2,0,0
7801,1924145355698,0,3,1,0
7802,1649267448817,0,2,0,0
7802,1924145355699,0,3,1,0
7803,1649267448817,0,2,1,0
7803,1924145355700,0,3,1,0
7804,1649267448818,0,2,0,0
7804,1924145355702,0,3,1,0
7805,1924145355703,0,3,1,0
7805,1649267448818,0,2,0,0
7806,1649267448818,0,2,1,0
7805,1924145355704,0,3,1,0
7806,1649267448820,0,2,0,0
7807,1649267448820,0,2,1,0
7806,1924145355705,0,3,1,0
7807,1924145355709,0,3,1,0
7807,1649267448821,0,2,1,0
7808,1649267448822,0,2,1,0
7807,1924145355710,0,3,1,0
7808,1924145355711,0,3,1,0
7808,1649267448823,0,2,1,0
7809,1649267448825,0,2,1,0
7808,1924145355712,0,3,1,0
7809,1924145355715,0,3,1,0
7809,1649267448826,0,2,1,0
7809,1924145355716,0,3,1,0
7810,1924145355717,0,3,1,0
7810,1649267448827,0,2,1,0
7811,1649267448828,0,2,1,0
7810,1924145355718,0,3,0,0
7811,1649267448830,0,2,1,0
7812,1649267448831,0,2,1,0
7811,1924145355718,0,3,0,0
7812,1649267448832,0,2,1,0
7813,1649267448833,0,2,1,0
7812,1924145355718,0,3,0,0
7813,1649267448835,0,2,1,0
7813,1924145355718,0,3,1,0
7814,1649267448836,0,2,0,0
7814,1924145355729,0,3,1,0
7815,1924145355730,0,3,1,0
7815,1649267448836,0,2,1,0
7815,61297773255635,0,3,1,0
7816,1649267448837,0,2,1,0
7817,1649267448838,0,2,1,0
7816,61297773255635,0,3,1,0
7817,4947802332168,0,2,1,0
7817,61297773255636,0,3,1,0
7818,61297773255636,0,3,1,0
7818,4947802332168,0,2,1,0
7818,1924145355743,0,3,1,0
7819,4947802332169,0,2,1,0
7820,4947802332169,0,2,1,0
7819,61297773255648,0,3,1,0
7820,1649267448842,0,2,1,0
7821,1649267448843,0,2,1,0
7820,61297773255648,0,3,1,0
7821,61022895348753,0,2,1,0
7821,61297773255649,0,3,1,0
7822,61297773255649,0,3,1,0
7822,61022895348753,0,2,1,0
7822,1924145355746,0,3,1,0
7823,1924145355788,0,3,1,0
7823,61022895348754,0,2,1,0
7824,61022895348754,0,2,1,0
7823,1924145355789,0,3,1,0
7824,1649267448851,0,2,1,0
7825,1649267448852,0,2,1,0
7824,6322191866894,0,3,1,0
7825,1649267448858,0,2,1,0
7826,1649267448859,0,2,1,0
7825,6322191866894,0,3,1,0
7826,61022895348764,0,2,1,0
7827,1649267448861,0,2,1,0
7826,6322191866895,0,3,1,0
7827,6322191866895,0,3,1,0
7827,1649267448867,0,2,1,0
7828,7146825587748,0,2,1,0
7827,6322191866901,0,3,1,0
7828,7146825587749,0,2,1,0
7829,1649267448870,0,2,1,0
7828,1924145355798,0,3,1,0
7829,1649267448882,0,2,1,0
7830,61022895348788,0,2,1,0
7829,1924145355799,0,3,1,0
7830,1924145355800,0,3,1,0
7830,1649267448885,0,2,1,0
7831,1649267448887,0,2,1,0
7830,6322191866910,0,3,0,0
7831,1649267448888,0,2,0,0
7831,6322191866910,0,3,1,0
7832,1649267448888,0,2,0,0
7832,6322191866910,0,3,1,0
7833,1649267448888,0,2,0,0
7834,1649267448888,0,2,1,0
7833,6322191866911,0,3,1,0
7834,6322191866911,0,3,1,0
7834,1649267448889,0,2,1,0
7834,1924145355808,0,3,1,0
7835,1924145355809,0,3,1,0
7835,1649267448890,0,2,0,0
7835,1924145355815,0,3,1,0
7836,1924145355816,0,3,1,0
7836,1649267448890,0,2,0,0
7836,7421703494697,0,3,1,0
7837,1649267448890,0,2,0,0
7838,1649267448890,0,2,1,0
7837,1924145355847,0,3,1,0
7838,1924145355854,0,3,1,0
7838,1649267448895,0,2,1,0
7839,1649267448896,0,2,1,0
7838,1924145355855,0,3,0,0
7839,1649267448897,0,2,1,0
7840,1649267448898,0,2,1,0
7839,1924145355855,0,3,0,0
7840,1649267448900,0,2,1,0
7841,1649267448901,0,2,1,0
7840,1924145355855,0,3,0,0
7841,1924145355855,0,3,1,0
7841,1924145355856,0,3,1,0
7842,1924145355857,0,3,0,0
7843,1924145355857,0,3,0,0
7844,1924145355857,0,3,0,0
7845,1924145355857,0,3,1,0
7845,1924145355864,0,3,1,0
7846,1924145355865,0,3,1,0
7841,7146825587782,0,2,1,0
7847,1649267449064,0,2,1,0
7846,1924145355866,0,3,1,0
7847,1924145355867,0,3,1,0
7847,1649267449066,0,2,1,0
7847,1924145355869,0,3,1,0
7848,1924145355870,0,3,1,0
7848,1649267449067,0,2,1,0
7849,1649267449068,0,2,1,0
7850,1649267449069,0,2,0,0
7851,1649267449069,0,2,1,0
7852,1649267449071,0,2,1,0
7853,1649267449072,0,2,1,0
7853,61022895348977,0,2,0,0
7848,7421703494751,0,3,1,0
7854,61022895348977,0,2,1,0
7854,1924145356044,0,3,1,0
7855,61022895348977,0,2,1,0
7855,1924145356050,0,3,1,0
7856,1924145356051,0,3,1,0
7856,61022895348978,0,2,1,0
7857,61022895348978,0,2,1,0
7856,1924145356052,0,3,1,0
7857,1649267449076,0,2,1,0
7858,1649267449077,0,2,1,0
7857,1924145356053,0,3,0,0
7858,61022895348982,0,2,0,0
7859,61022895348982,0,2,1,0
7858,1924145356053,0,3,0,0
7859,1649267449079,0,2,1,0
7860,1649267449081,0,2,1,0
7859,1924145356053,0,3,0,0
7860,7146825587962,0,2,1,0
7861,7146825587963,0,2,1,0
7860,1924145356053,0,3,1,0
7861,1924145356059,0,3,1,0
7861,1649267449084,0,2,1,0
7862,1649267449086,0,2,1,0
7861,1924145356060,0,3,1,0
7862,61022895348992,0,2,1,0
7863,1649267449089,0,2,1,0
7862,1924145356061,0,3,1,0
7863,1924145356062,0,3,1,0
7863,1649267449091,0,2,1,0
7864,1649267449092,0,2,1,0
7863,5222680239396,0,3,1,0
7864,1649267449093,0,2,0,0
7864,5222680239396,0,3,1,0
7865,1649267449093,0,2,0,0
7865,5222680239397,0,3,1,0
7866,5222680239397,0,3,1,0
7866,1649267449093,0,2,1,0
7867,1649267449094,0,2,1,0
7866,1924145356070,0,3,1,0
7867,1924145356071,0,3,1,0
7867,1649267449096,0,2,1,0
7867,1924145356077,0,3,1,0
7868,1924145356078,0,3,1,0
7868,1649267449097,0,2,0,0
7868,1924145356079,0,3,1,0
7869,1924145356080,0,3,1,0
7869,1649267449097,0,2,0,0
7869,5222680239417,0,3,0,0
7870,5222680239417,0,3,1,0
7870,1649267449097,0,2,0,0
7871,1649267449097,0,2,1,0
7870,1924145356090,0,3,1,0
7871,1649267449098,0,2,0,0
7872,1649267449098,0,2,1,0
7871,1924145356091,0,3,0,0
7872,1649267449099,0,2,1,0
7873,1649267449102,0,2,1,0
7872,1924145356091,0,3,0,0
7873,1649267449103,0,2,1,0
7873,1924145356091,0,3,0,0
7874,1649267449104,0,2,1,0
7874,1924145356091,0,3,1,0
7875,1649267449105,0,2,1,0
7875,1924145356092,0,3,0,0
7876,1649267449111,0,2,1,0
7876,1924145356092,0,3,0,0
7877,1924145356092,0,3,1,0
7877,1649267449112,0,2,1,0
7877,1924145356098,0,3,0,0
7878,1924145356098,0,3,1,0
7878,1649267449113,0,2,1,0
7878,1924145356099,0,3,1,0
7879,1924145356100,0,3,1,0
7879,1649267449114,0,2,1,0
7879,1924145356101,0,3,1,0
7880,1924145356111,0,3,1,0
7880,1649267449120,0,2,1,0
7881,1649267449121,0,2,1,0
7880,1924145356112,0,3,1,0
7881,1649267449122,0,2,1,0
7881,1924145356113,0,3,1,0
7882,1924145356114,0,3,1,0
7882,1649267449123,0,2,1,0
7883,1649267449129,0,2,1,0
7882,1924145356120,0,3,1,0
7883,1924145356121,0,3,1,0
7883,1649267449130,0,2,1,0
7884,1649267449131,0,2,1,0
7883,1924145356122,0,3,1,0
7884,1924145356123,0,3,1,0
7884,1649267449132,0,2,1,0
7885,1649267449141,0,2,1,0
7884,1924145356126,0,3,1,0
7885,1649267449142,0,2,1,0
7886,1649267449143,0,2,1,0
7885,1924145356127,0,3,0,0
7886,1649267449144,0,2,0,0
7886,1924145356127,0,3,1,0
7887,1649267449144,0,2,0,0
7887,1924145356128,0,3,1,0
7888,1924145356129,0,3,1,0
7888,1649267449144,0,2,0,0
7888,5222680239459,0,3,1,0
7889,1649267449144,0,2,1,0
7889,5222680239459,0,3,1,0
7890,1649267449150,0,2,1,0
7891,1649267449151,0,2,1,0
7890,5222680239460,0,3,1,0
7891,5222680239460,0,3,1,0
7891,61022895349056,0,2,1,0
7891,1924145356133,0,3,1,0
7892,1924145356134,0,3,1,0
7892,61022895349056,0,2,1,0
7892,61297773256040,0,3,1,0
7893,61022895349057,0,2,1,0
7894,61022895349057,0,2,1,0
7893,61297773256040,0,3,1,0
7894,1649267449163,0,2,1,0
7894,61297773256041,0,3,1,0
7895,61297773256041,0,3,1,0
7895,61022895349068,0,2,1,0
7895,1924145356138,0,3,1,0
7896,1924145356139,0,3,1,0
7896,61022895349068,0,2,1,0
7896,1924145356141,0,3,1,0
7897,1924145356142,0,3,1,0
7897,61022895349069,0,2,1,0
7898,61022895349069,0,2,1,0
7897,61297773256047,0,3,1,0
7898,1924145356144,0,3,1,0
7898,1649267449166,0,2,1,0
7899,1649267449211,0,2,1,0
7898,1924145356148,0,3,1,0
7899,7421703495029,0,3,1,0
7899,1649267449212,0,2,1,0
7899,7421703495030,0,3,1,0
7900,1924145356151,0,3,1,0
7900,6047313960317,0,2,1,0
7900,1924145356183,0,3,1,0
7901,61297773256089,0,3,1,0
7901,6047313960317,0,2,1,0
7901,1924145356186,0,3,1,0
7902,1924145356192,0,3,1,0
7902,6047313960318,0,2,1,0
7903,6047313960318,0,2,1,0
7902,1924145356193,0,3,0,0
7903,6047313960321,0,2,1,0
7903,1924145356193,0,3,0,0
7904,1649267449218,0,2,1,0
7904,1924145356193,0,3,0,0
7905,1924145356193,0,3,1,0
7905,1649267449219,0,2,1,0
7906,1649267449220,0,2,1,0
7905,1924145356194,0,3,1,0
7906,6047313960327,0,2,0,0
7906,1924145356195,0,3,0,0
7907,6047313960327,0,2,1,0
7907,1924145356195,0,3,0,0
7908,6047313960327,0,2,1,0
7908,1924145356195,0,3,0,0
7909,1924145356195,0,3,1,0
7909,6047313960328,0,2,1,0
7910,6047313960328,0,2,1,0
7909,1924145356202,0,3,1,0
7910,1924145356203,0,3,1,0
7910,1649267449225,0,2,1,0
7911,1649267449226,0,2,1,0
7910,1924145356204,0,3,1,0
7911,1924145356205,0,3,1,0
7911,1649267449229,0,2,1,0
7912,1649267449230,0,2,1,0
7911,1924145356208,0,3,1,0
7912,1924145356209,0,3,1,0
7912,7146825588111,0,2,1,0
7913,1649267449274,0,2,1,0
7914,1649267449281,0,2,1,0
7914,1649267449282,0,2,0,0
7915,1649267449282,0,2,0,0
7916,1649267449282,0,2,0,0
7917,1649267449282,0,2,1,0
7917,1649267449283,0,2,1,0
7912,7421703495090,0,3,1,0
7918,1924145356358,0,3,1,0
7918,1649267449284,0,2,0,0
7918,1924145356359,0,3,1,0
7919,1649267449284,0,2,0,0
7919,1924145356360,0,3,1,0
7920,1649267449284,0,2,0,0
7921,1649267449284,0,2,1,0
7920,1924145356361,0,3,1,0
7921,1649267449291,0,2,1,0
7922,1649267449292,0,2,1,0
7921,1924145356362,0,3,0,0
7922,1649267449293,0,2,1,0
7923,1649267449294,0,2,1,0
7922,1924145356362,0,3,1,0
7923,1649267449297,0,2,1,0
7924,1649267449298,0,2,1,0
7923,1924145356367,0,3,1,0
7924,1924145356368,0,3,1,0
7924,61297773256273,0,3,0,0
7925,61297773256273,0,3,1,0
7926,61297773256273,0,3,1,0
7927,61297773256274,0,3,1,0
7928,61297773256274,0,3,1,0
7928,1924145356375,0,3,1,0
7929,1924145356376,0,3,1,0
7924,7146825588179,0,2,1,0
7929,61297773256281,0,3,0,0
7930,61297773256281,0,3,1,0
7930,1649267449485,0,2,1,0
7930,1924145356378,0,3,1,0
7931,1924145356386,0,3,1,0
7931,1649267449491,0,2,1,0
7932,1649267449492,0,2,1,0
7931,7421703495267,0,3,1,0
7932,7421703495268,0,3,1,0
7932,1649267449493,0,2,1,0
7932,1924145356389,0,3,1,0
7933,1924145356390,0,3,1,0
7933,1649267449494,0,2,0,0
7933,61297773256296,0,3,1,0
7934,1924145356393,0,3,1,0
7934,1649267449494,0,2,0,0
7934,1924145356399,0,3,1,0
7935,1924145356400,0,3,1,0
7935,1649267449494,0,2,0,0
7935,1924145356401,0,3,0,0
7936,1649267449494,0,2,1,0
7937,1649267449500,0,2,1,0
7936,1924145356401,0,3,0,0
7937,1649267449501,0,2,1,0
7937,1924145356401,0,3,1,0
7938,1924145356402,0,3,1,0
7938,1649267449502,0,2,1,0
7939,1649267449503,0,2,1,0
7938,1924145356408,0,3,1,0
7939,4947802332837,0,2,1,0
7939,1924145356409,0,3,0,0
7940,4947802332837,0,2,1,0
7940,1924145356409,0,3,0,0
7941,4947802332838,0,2,1,0
7942,4947802332838,0,2,1,0
7941,1924145356409,0,3,0,0
7942,1924145356409,0,3,1,0
7942,1649267449511,0,2,1,0
7943,1649267449512,0,2,1,0
7942,1924145356410,0,3,0,0
7943,1924145356410,0,3,1,0
7943,1649267449514,0,2,1,0
7944,1649267449515,0,2,1,0
7943,1924145356411,0,3,1,0
7944,1924145356412,0,3,1,0
7944,1649267449516,0,2,1,0
7945,1649267449517,0,2,1,0
7944,1924145356413,0,3,1,0
7945,4947802332847,0,2,0,0
7946,4947802332847,0,2,1,0
7945,1924145356414,0,3,1,0
7946,1649267449520,0,2,1,0
7946,1924145356415,0,3,1,0
7947,1649267449521,0,2,0,0
7947,1924145356416,0,3,1,0
7948,1649267449521,0,2,0,0
7948,1924145356417,0,3,1,0
7949,1649267449521,0,2,0,0
7949,1924145356418,0,3,1,0
7950,1649267449521,0,2,1,0
7950,1924145356419,0,3,1,0
7951,1649267449522,0,2,0,0
7951,1924145356420,0,3,1,0
7952,1924145356421,0,3,1,0
7952,1649267449522,0,2,0,0
7953,1649267449522,0,2,1,0
7952,1924145356422,0,3,1,0
7953,1649267449524,0,2,0,0
7954,1649267449524,0,2,1,0
7953,1924145356423,0,3,1,0
7954,1924145356424,0,3,1,0
7954,1649267449525,0,2,1,0
7955,1649267449526,0,2,1,0
7954,1924145356425,0,3,1,0
7955,1924145356426,0,3,1,0
7955,1649267449527,0,2,1,0
7956,1649267449529,0,2,1,0
7955,1924145356427,0,3,1,0
7956,1924145356430,0,3,1,0
7956,1649267449530,0,2,1,0
7956,1924145356431,0,3,1,0
7957,1924145356432,0,3,1,0
7957,1649267449531,0,2,1,0
7958,1649267449532,0,2,1,0
7957,1924145356433,0,3,0,0
7958,1649267449537,0,2,1,0
7959,1649267449538,0,2,1,0
7958,1924145356433,0,3,0,0
7959,1649267449539,0,2,1,0
7960,1649267449540,0,2,1,0
7959,1924145356433,0,3,0,0
7960,1649267449542,0,2,1,0
7960,1924145356433,0,3,1,0
7961,1649267449543,0,2,0,0
7961,1924145356439,0,3,1,0
7962,1924145356440,0,3,1,0
7962,1649267449543,0,2,1,0
7962,61297773256345,0,3,1,0
7963,1649267449544,0,2,1,0
7964,1649267449545,0,2,1,0
7963,61297773256345,0,3,1,0
7964,4947802332879,0,2,1,0
7964,61297773256346,0,3,1,0
7965,61297773256346,0,3,1,0
7965,4947802332879,0,2,1,0
7965,1924145356448,0,3,1,0
7966,4947802332880,0,2,1,0
7967,4947802332880,0,2,1,0
7966,61297773256353,0,3,1,0
7967,1649267449553,0,2,1,0
7968,1649267449554,0,2,1,0
7967,61297773256353,0,3,1,0
7968,61022895349468,0,2,1,0
7968,61297773256354,0,3,1,0
7969,61297773256354,0,3,1,0
7969,61022895349468,0,2,1,0
7969,1924145356451,0,3,1,0
7970,1924145356499,0,3,1,0
7970,61022895349469,0,2,1,0
7971,61022895349469,0,2,1,0
7970,1924145356500,0,3,1,0
7971,1649267449566,0,2,1,0
7972,1649267449567,0,2,1,0
7971,6322191867605,0,3,1,0
7972,1649267449574,0,2,1,0
7973,1649267449575,0,2,1,0
7972,6322191867605,0,3,1,0
7973,61022895349480,0,2,1,0
7974,1649267449577,0,2,1,0
7973,6322191867606,0,3,1,0
7974,6322191867606,0,3,1,0
7974,1649267449583,0,2,1,0
7975,7146825588464,0,2,1,0
7974,6322191867616,0,3,1,0
7975,7146825588465,0,2,1,0
7976,1649267449586,0,2,1,0
7975,1924145356513,0,3,1,0
7976,1649267449612,0,2,1,0
7977,61022895349518,0,2,1,0
7976,1924145356514,0,3,1,0
7977,1924145356515,0,3,1,0
7977,1649267449615,0,2,1,0
7978,1649267449618,0,2,1,0
7977,6322191867626,0,3,0,0
7978,1649267449619,0,2,0,0
7978,6322191867626,0,3,1,0
7979,1649267449619,0,2,0,0
7979,6322191867626,0,3,1,0
7980,1649267449619,0,2,0,0
7981,1649267449619,0,2,1,0
7980,6322191867627,0,3,1,0
7981,6322191867627,0,3,1,0
7981,1649267449620,0,2,1,0
7981,1924145356524,0,3,1,0
7982,1924145356525,0,3,1,0
7982,1649267449621,0,2,0,0
7982,1924145356531,0,3,1,0
7983,1924145356532,0,3,1,0
7983,1649267449621,0,2,0,0
7983,7421703495413,0,3,1,0
7984,1649267449621,0,2,0,0
7985,1649267449621,0,2,1,0
7984,1924145356575,0,3,1,0
7985,1924145356577,0,3,1,0
7985,1649267449623,0,2,1,0
7986,1649267449624,0,2,1,0
7985,1924145356578,0,3,0,0
7986,1649267449625,0,2,1,0
7987,1649267449626,0,2,1,0
7986,1924145356578,0,3,0,0
7987,1649267449628,0,2,1,0
7988,1649267449629,0,2,1,0
7987,1924145356578,0,3,0,0
7988,1924145356578,0,3,1,0
7988,1924145356579,0,3,1,0
7989,1924145356580,0,3,0,0
7990,1924145356580,0,3,0,0
7991,1924145356580,0,3,0,0
7992,1924145356580,0,3,1,0
7992,1924145356584,0,3,1,0
7993,1924145356585,0,3,1,0
7988,7146825588510,0,2,1,0
7994,1649267449796,0,2,1,0
7993,1924145356586,0,3,1,0
7994,1924145356587,0,3,1,0
7994,1649267449798,0,2,1,0
7994,1924145356589,0,3,1,0
7995,1924145356590,0,3,1,0
7995,1649267449799,0,2,1,0
7996,1649267449800,0,2,1,0
7997,1649267449801,0,2,0,0
7998,1649267449801,0,2,1,0
7999,1649267449806,0,2,1,0
8000,1649267449807,0,2,1,0
8000,61022895349712,0,2,0,0
7995,7421703495471,0,3,1,0
8001,61022895349712,0,2,1,0
8001,1924145356789,0,3,1,0
8002,61022895349712,0,2,1,0
8002,1924145356795,0,3,1,0
8003,1924145356796,0,3,1,0
8003,61022895349713,0,2,1,0
8004,61022895349713,0,2,1,0
8003,1924145356797,0,3,1,0
8004,1649267449811,0,2,1,0
8005,1649267449812,0,2,1,0
8004,1924145356798,0,3,0,0
8005,61022895349717,0,2,0,0
8006,61022895349717,0,2,1,0
8005,1924145356798,0,3,0,0
8006,1649267449814,0,2,1,0
8007,1649267449821,0,2,1,0
8006,1924145356798,0,3,0,0
8007,7146825588702,0,2,1,0
8008,7146825588703,0,2,1,0
8007,1924145356798,0,3,1,0
8008,1924145356804,0,3,1,0
8008,1649267449824,0,2,1,0
8009,1649267449831,0,2,1,0
8008,1924145356805,0,3,1,0
8009,61022895349737,0,2,1,0
8010,1649267449834,0,2,1,0
8009,1924145356806,0,3,1,0
8010,1924145356807,0,3,1,0
8010,1649267449836,0,2,1,0
8011,1649267449837,0,2,1,0
8010,5222680240142,0,3,1,0
8011,1649267449838,0,2,0,0
8011,5222680240142,0,3,1,0
8012,1649267449838,0,2,0,0
8012,5222680240143,0,3,1,0
8013,5222680240143,0,3,1,0
8013,1649267449838,0,2,1,0
8014,1649267449839,0,2,1,0
8013,1924145356816,0,3,1,0
8014,1924145356817,0,3,1,0
8014,1649267449841,0,2,1,0
8014,1924145356824,0,3,1,0
8015,1924145356825,0,3,1,0
8015,1649267449842,0,2,0,0
8015,1924145356826,0,3,1,0
8016,1924145356827,0,3,1,0
8016,1649267449842,0,2,0,0
8016,5222680240162,0,3,0,0
8017,5222680240162,0,3,1,0
8017,1649267449842,0,2,0,0
8018,1649267449842,0,2,1,0
8017,1924145356835,0,3,1,0
8018,1649267449843,0,2,0,0
8019,1649267449843,0,2,1,0
8018,1924145356836,0,3,0,0
8019,1649267449844,0,2,1,0
8020,1649267449847,0,2,1,0
8019,1924145356836,0,3,0,0
8020,1649267449848,0,2,1,0
8020,1924145356836,0,3,0,0
8021,1649267449849,0,2,1,0
8021,1924145356836,0,3,1,0
8022,1649267449850,0,2,1,0
8022,1924145356837,0,3,0,0
8023,1649267449856,0,2,1,0
8023,1924145356837,0,3,0,0
8024,1924145356837,0,3,1,0
8024,1649267449857,0,2,1,0
8024,1924145356844,0,3,0,0
8025,1924145356844,0,3,1,0
8025,1649267449858,0,2,1,0
8025,1924145356845,0,3,1,0
8026,1924145356846,0,3,1,0
8026,1649267449859,0,2,1,0
8026,1924145356847,0,3,1,0
8027,1924145356854,0,3,1,0
8027,1649267449866,0,2,1,0
8028,1649267449867,0,2,1,0
8027,1924145356855,0,3,1,0
8028,1649267449868,0,2,1,0
8028,1924145356856,0,3,1,0
8029,1924145356857,0,3,1,0
8029,1649267449869,0,2,1,0
8030,1649267449876,0,2,1,0
8029,1924145356860,0,3,1,0
8030,1924145356861,0,3,1,0
8030,1649267449877,0,2,1,0
8031,1649267449878,0,2,1,0
8030,1924145356862,0,3,1,0
8031,1924145356863,0,3,1,0
8031,1649267449879,0,2,1,0
8032,1649267449886,0,2,1,0
8031,1924145356866,0,3,1,0
8032,1649267449887,0,2,1,0
8033,1649267449888,0,2,1,0
8032,1924145356867,0,3,0,0
8033,1649267449889,0,2,0,0
8033,1924145356867,0,3,1,0
8034,1649267449889,0,2,0,0
8034,1924145356868,0,3,1,0
8035,1924145356869,0,3,1,0
8035,1649267449889,0,2,0,0
8035,5222680240200,0,3,1,0
8036,1649267449889,0,2,1,0
8036,5222680240200,0,3,1,0
8037,1649267449896,0,2,1,0
8038,1649267449897,0,2,1,0
8037,5222680240201,0,3,1,0
8038,5222680240201,0,3,1,0
8038,61022895349802,0,2,1,0
8038,1924145356874,0,3,1,0
8039,1924145356875,0,3,1,0
8039,61022895349802,0,2,1,0
8039,61297773256782,0,3,1,0
8040,61022895349803,0,2,1,0
8041,61022895349803,0,2,1,0
8040,61297773256782,0,3,1,0
8041,1649267449906,0,2,1,0
8041,61297773256783,0,3,1,0
8042,61297773256783,0,3,1,0
8042,61022895349811,0,2,1,0
8042,1924145356880,0,3,1,0
8043,1924145356881,0,3,1,0
8043,61022895349811,0,2,1,0
8043,1924145356884,0,3,1,0
8044,1924145356885,0,3,1,0
8044,61022895349812,0,2,1,0
8045,61022895349812,0,2,1,0
8044,61297773256790,0,3,1,0
8045,1924145356887,0,3,1,0
8045,1649267449909,0,2,1,0
8046,1649267449954,0,2,1,0
8045,1924145356890,0,3,1,0
8046,7421703495771,0,3,1,0
8046,1649267449955,0,2,1,0
8046,7421703495772,0,3,1,0
8047,1924145356893,0,3,1,0
8047,6047313961060,0,2,1,0
8047,1924145356925,0,3,1,0
8048,61297773256831,0,3,1,0
8048,6047313961060,0,2,1,0
8048,1924145356928,0,3,1,0
8049,1924145356931,0,3,1,0
8049,6047313961061,0,2,1,0
8050,6047313961061,0,2,1,0
8049,1924145356932,0,3,0,0
8050,6047313961064,0,2,1,0
8050,1924145356932,0,3,0,0
8051,1649267449961,0,2,1,0
8051,1924145356932,0,3,0,0
8052,1924145356932,0,3,1,0
8052,1649267449962,0,2,1,0
8053,1649267449963,0,2,1,0
8052,1924145356933,0,3,1,0
8053,6047313961070,0,2,0,0
8053,1924145356934,0,3,0,0
8054,6047313961070,0,2,1,0
8054,1924145356934,0,3,0,0
8055,6047313961070,0,2,1,0
8055,1924145356934,0,3,0,0
8056,1924145356934,0,3,1,0
8056,6047313961071,0,2,1,0
8057,6047313961071,0,2,1,0
8056,1924145356937,0,3,1,0
8057,1924145356938,0,3,1,0
8057,1649267449968,0,2,1,0
8058,1649267449969,0,2,1,0
8057,1924145356939,0,3,1,0
8058,1924145356940,0,3,1,0
8058,1649267449972,0,2,1,0
8059,1649267449973,0,2,1,0
8058,1924145356943,0,3,1,0
8059,1924145356944,0,3,1,0
8059,7146825588854,0,2,1,0
8065,1649267450125,0,2,1,0
8059,7421703495825,0,3,1,0
8065,1924145357070,0,3,1,0
8065,1649267450128,0,2,1,0
8065,1924145357075,0,3,1,0
8066,1649267450129,0,2,0,0
8066,1924145357076,0,3,1,0
8067,1649267450129,0,2,0,0
8068,1649267450129,0,2,1,0
8067,1924145357077,0,3,1,0
8068,1924145357078,0,3,0,0
8069,1924145357078,0,3,1,0
8070,1924145357080,0,3,1,0
8071,1924145357081,0,3,1,0
8071,61297773256986,0,3,0,0
8072,61297773256986,0,3,1,0
8068,7146825589010,0,2,1,0
8073,61297773256986,0,3,1,0
8074,61297773256987,0,3,1,0
8075,61297773256987,0,3,1,0
8075,1924145357085,0,3,1,0
8076,1924145357086,0,3,1,0
8074,7146825589054,0,2,1,0
8077,1649267450190,0,2,1,0
8076,61297773256991,0,3,0,0
8077,61297773256991,0,3,1,0
8077,1649267450196,0,2,1,0
8078,1649267450197,0,2,1,0
8077,1924145357088,0,3,1,0
8078,1924145357093,0,3,1,0
8078,1649267450198,0,2,1,0
8079,1649267450199,0,2,1,0
8078,7421703495974,0,3,1,0
8079,7421703495975,0,3,1,0
8079,1649267450205,0,2,0,0
8080,1649267450205,0,2,1,0
8079,1924145357096,0,3,1,0
8080,1924145357098,0,3,1,0
8080,1649267450206,0,2,0,0
8081,1649267450206,0,2,1,0
8080,61297773257004,0,3,1,0
8081,1924145357101,0,3,1,0
8081,1649267450207,0,2,1,0
8081,1924145357103,0,3,1,0
8082,1924145357104,0,3,1,0
8082,1649267450208,0,2,0,0
8082,1924145357105,0,3,0,0
8083,1649267450208,0,2,0,0
8083,1924145357105,0,3,0,0
8084,1649267450208,0,2,0,0
8085,1649267450208,0,2,1,0
8084,1924145357105,0,3,1,0
8085,1924145357106,0,3,1,0
8085,1649267450214,0,2,1,0
8086,1649267450215,0,2,1,0
8085,1924145357108,0,3,1,0
8086,1649267450216,0,2,0,0
8086,1924145357109,0,3,0,0
8087,1649267450216,0,2,0,0
8087,1924145357109,0,3,0,0
8088,1649267450216,0,2,0,0
8089,1649267450216,0,2,1,0
8088,1924145357109,0,3,0,0
8089,1924145357109,0,3,1,0
8089,1649267450217,0,2,1,0
8090,1649267450219,0,2,1,0
8089,1924145357110,0,3,0,0
8090,1924145357110,0,3,1,0
8090,1649267450220,0,2,0,0
8090,1924145357111,0,3,1,0
8091,1924145357113,0,3,1,0
8091,1649267450220,0,2,0,0
8091,1924145357114,0,3,1,0
8092,1649267450220,0,2,0,0
8092,1924145357115,0,3,1,0
8093,1649267450220,0,2,0,0
8094,1649267450220,0,2,1,0
8093,1924145357116,0,3,1,0
8094,61022895350125,0,2,1,0
8094,1924145357119,0,3,1,0
8095,61022895350125,0,2,1,0
8095,1924145357120,0,3,1,0
8096,61022895350125,0,2,1,0
8096,1924145357121,0,3,1,0
8097,61022895350125,0,2,1,0
8097,1924145357122,0,3,1,0
8098,61022895350125,0,2,1,0
8098,1924145357124,0,3,1,0
8099,1924145357125,0,3,1,0
8099,61022895350125,0,2,1,0
8099,1924145357126,0,3,1,0
8100,61022895350125,0,2,1,0
8100,1924145357127,0,3,1,0
8101,1924145357129,0,3,1,0
8101,61022895350125,0,2,1,0
8101,1924145357130,0,3,1,0
8102,1924145357131,0,3,1,0
8102,61022895350125,0,2,1,0
8102,1924145357132,0,3,1,0
8103,1924145357135,0,3,1,0
8103,61022895350125,0,2,1,0
8103,1924145357136,0,3,1,0
8104,1924145357137,0,3,1,0
8104,61022895350125,0,2,1,0
8104,1924145357138,0,3,0,0
8105,61022895350125,0,2,1,0
8105,1924145357138,0,3,0,0
8106,61022895350125,0,2,1,0
8106,1924145357138,0,3,0,0
8107,61022895350125,0,2,1,0
8107,1924145357138,0,3,1,0
8108,61022895350125,0,2,1,0
8108,1924145357144,0,3,1,0
8109,1924145357145,0,3,1,0
8109,61022895350125,0,2,1,0
8109,61297773257050,0,3,1,0
8110,61022895350125,0,2,1,0
8110,61297773257050,0,3,1,0
8111,61022895350125,0,2,1,0
8111,61297773257051,0,3,1,0
8112,61297773257051,0,3,1,0
8112,61022895350125,0,2,1,0
8112,1924145357153,0,3,1,0
8113,61022895350125,0,2,1,0
8113,61297773257058,0,3,1,0
8114,61022895350125,0,2,1,0
8114,61297773257058,0,3,1,0
8115,61022895350125,0,2,1,0
8115,61297773257059,0,3,1,0
8116,61297773257059,0,3,1,0
8116,61022895350125,0,2,1,0
8116,1924145357156,0,3,1,0
8117,1924145357176,0,3,1,0
8117,61022895350125,0,2,1,0
8117,1924145357177,0,3,1,0
8118,61022895350125,0,2,1,0
8118,6322191868282,0,3,1,0
8119,61022895350125,0,2,1,0
8119,6322191868282,0,3,1,0
8120,61022895350125,0,2,1,0
8120,6322191868283,0,3,1,0
8121,6322191868283,0,3,1,0
8121,61022895350125,0,2,1,0
8121,6322191868285,0,3,1,0
8122,61022895350125,0,2,1,0
8122,1924145357182,0,3,1,0
8123,61022895350125,0,2,1,0
8123,1924145357183,0,3,1,0
8124,1924145357184,0,3,1,0
8124,61022895350125,0,2,1,0
8124,6322191868290,0,3,0,0
8125,61022895350125,0,2,1,0
8125,6322191868290,0,3,1,0
8126,61022895350125,0,2,1,0
8126,6322191868290,0,3,1,0
8127,61022895350125,0,2,1,0
8127,6322191868291,0,3,1,0
8128,6322191868291,0,3,1,0
8128,61022895350125,0,2,1,0
8128,1924145357188,0,3,1,0
8129,1924145357189,0,3,1,0
8129,61022895350125,0,2,1,0
8129,1924145357191,0,3,1,0
8130,1924145357192,0,3,1,0
8130,61022895350125,0,2,1,0
8131,61022895350125,0,2,1,0
8132,61022895350125,0,2,1,0
8133,61022895350125,0,2,1,0
8134,61022895350125,0,2,1,0
8135,61022895350125,0,2,1,0
8130,7421703496073,0,3,1,0
8136,1924145357251,0,3,1,0
8136,61022895350125,0,2,1,0
8136,1924145357252,0,3,1,0
8137,61022895350125,0,2,1,0
8137,1924145357253,0,3,0,0
8138,61022895350125,0,2,1,0
8138,1924145357253,0,3,0,0
8139,1924145357253,0,3,1,0
8139,61022895350125,0,2,1,0
8140,61022895350125,0,2,1,0
8141,61022895350125,0,2,1,0
8142,61022895350125,0,2,1,0
8143,61022895350125,0,2,1,0
8144,61022895350125,0,2,1,0
8139,7421703496134,0,3,1,0
8145,61022895350125,0,2,1,0
8146,61022895350125,0,2,1,0
8147,61022895350125,0,2,1,0
8145,7421703496138,0,3,1,0
8148,1924145357259,0,3,1,0
8148,61022895350125,0,2,1,0
8148,1924145357260,0,3,1,0
8149,1924145357261,0,3,1,0
8149,61022895350125,0,2,1,0
8149,1924145357262,0,3,1,0
8150,1924145357263,0,3,1,0
8150,61022895350125,0,2,1,0
8150,1924145357264,0,3,0,0
8151,1924145357264,0,3,1,0
8151,61022895350125,0,2,1,0
8151,1924145357265,0,3,0,0
8152,1924145357265,0,3,1,0
8152,61022895350125,0,2,1,0
8152,1924145357266,0,3,1,0
8153,61022895350125,0,2,1,0
8153,1924145357267,0,3,0,0
8154,61022895350125,0,2,1,0
8154,1924145357267,0,3,0,0
8155,61022895350125,0,2,1,0
8155,1924145357267,0,3,0,0
8156,1924145357267,0,3,1,0
8156,61022895350125,0,2,1,0
8156,1924145357268,0,3,1,0
8157,1924145357269,0,3,1,0
8157,61022895350125,0,2,1,0
8157,1924145357270,0,3,0,0
8158,61022895350125,0,2,1,0
8158,1924145357270,0,3,0,0
8159,61022895350125,0,2,1,0
8159,1924145357270,0,3,0,0
8160,1924145357270,0,3,1,0
8160,61022895350125,0,2,1,0
8160,1924145357271,0,3,1,0
8161,1924145357272,0,3,1,0
8161,61022895350125,0,2,1,0
8161,1924145357273,0,3,0,0
8162,61022895350125,0,2,1,0
8162,1924145357273,0,3,0,0
8163,61022895350125,0,2,1,0
8163,1924145357273,0,3,0,0
8164,61022895350125,0,2,1,0
8164,1924145357273,0,3,0,0
8165,1924145357273,0,3,1,0
8165,61022895350125,0,2,1,0
8165,61297773257178,0,3,1,0
8166,61022895350125,0,2,1,0
8166,61297773257178,0,3,1,0
8167,61022895350125,0,2,1,0
8167,61297773257178,0,3,1,0
8168,61022895350125,0,2,1,0
8168,61297773257178,0,3,1,0
8169,61022895350125,0,2,1,0
8169,61297773257178,0,3,1,0
8170,61022895350125,0,2,1,0
8170,61297773257178,0,3,1,0
8171,61022895350125,0,2,1,0
8171,61297773257178,0,3,1,0
8172,61022895350125,0,2,1,0
8172,61297773257178,0,3,1,0
8173,61022895350125,0,2,1,0
8173,61297773257178,0,3,1,0
8174,61022895350125,0,2,1,0
8174,61297773257178,0,3,1,0
8175,61022895350125,0,2,1,0
8175,61297773257178,0,3,1,0
8176,61022895350125,0,2,1,0
8176,61297773257178,0,3,1,0
8177,61022895350125,0,2,1,0
8177,61297773257178,0,3,1,0
8178,61022895350125,0,2,1,0
8178,61297773257178,0,3,1,0
8179,61022895350125,0,2,1,0
8179,61297773257178,0,3,1,0
8180,61022895350125,0,2,1,0
8180,61297773257178,0,3,1,0
8181,61022895350125,0,2,1,0
8181,61297773257178,0,3,1,0
8182,61022895350125,0,2,1,0
8182,61297773257178,0,3,1,0
8183,61022895350125,0,2,1,0
8183,61297773257178,0,3,1,0
8184,61022895350125,0,2,1,0
8184,61297773257178,0,3,1,0
8185,61022895350125,0,2,1,0
8185,61297773257178,0,3,1,0
8186,61022895350125,0,2,1,0
8186,61297773257178,0,3,1,0
8187,61022895350125,0,2,1,0
8187,61297773257178,0,3,1,0
8188,61022895350125,0,2,1,0
8188,61297773257178,0,3,1,0
8189,61022895350125,0,2,1,0
8189,61297773257178,0,3,1,0
8190,61022895350125,0,2,1,0
8190,61297773257178,0,3,1,0
8191,61022895350125,0,2,1,0
8191,61297773257178,0,3,1,0
8192,61022895350125,0,2,1,0
8192,61297773257178,0,3,1,0
8193,61022895350125,0,2,1,0
8193,61297773257178,0,3,1,0
8194,61022895350125,0,2,1,0
8194,61297773257178,0,3,1,0
8195,61022895350125,0,2,1,0
8195,61297773257178,0,3,1,0
8196,61022895350125,0,2,1,0
8196,61297773257178,0,3,1,0
8197,61022895350125,0,2,1,0
8197,61297773257178,0,3,1,0
8198,61022895350125,0,2,1,0
8198,61297773257178,0,3,1,0
8199,61022895350125,0,2,1,0
8199,61297773257178,0,3,1,0
8200,61022895350125,0,2,1,0
8200,61297773257178,0,3,1,0
8201,61022895350125,0,2,1,0
8201,61297773257178,0,3,1,0
8202,61022895350125,0,2,1,0
8202,61297773257178,0,3,1,0
8203,61022895350125,0,2,1,0
8203,61297773257178,0,3,1,0
8204,61022895350125,0,2,1,0
8204,61297773257178,0,3,1,0
8205,61022895350125,0,2,1,0
8205,61297773257178,0,3,1,0
8206,61022895350125,0,2,1,0
8206,61297773257178,0,3,1,0
8207,61022895350125,0,2,1,0
8207,61297773257178,0,3,1,0
8208,61022895350125,0,2,1,0
8208,61297773257178,0,3,1,0
8209,61022895350125,0,2,1,0
8209,61297773257178,0,3,1,0
8210,61022895350125,0,2,1,0
8210,61297773257178,0,3,1,0
8211,61022895350125,0,2,1,0
8211,61297773257178,0,3,1,0
8212,61022895350125,0,2,1,0
8212,61297773257178,0,3,1,0
8213,61022895350125,0,2,1,0
8213,61297773257178,0,3,1,0
8214,61022895350125,0,2,1,0
8214,61297773257178,0,3,1,0
8215,61022895350125,0,2,1,0
8215,61297773257178,0,3,1,0
8216,61022895350125,0,2,1,0
8216,61297773257178,0,3,1,0
8217,61022895350125,0,2,1,0
8217,61297773257178,0,3,1,0
8218,61022895350125,0,2,1,0
8218,61297773257178,0,3,1,0
8219,61022895350125,0,2,1,0
8219,61297773257178,0,3,1,0
8220,61022895350125,0,2,1,0
8220,61297773257178,0,3,1,0
8221,61022895350125,0,2,1,0
8221,61297773257178,0,3,1,0
8222,61022895350125,0,2,1,0
8222,61297773257178,0,3,1,0
8223,61022895350125,0,2,1,0
8223,61297773257178,0,3,1,0
8224,61022895350125,0,2,1,0
8224,61297773257178,0,3,1,0
8225,61022895350125,0,2,1,0
8225,61297773257178,0,3,1,0
8226,61022895350125,0,2,1,0
8226,61297773257178,0,3,1,0
8227,61022895350125,0,2,1,0
8227,61297773257178,0,3,1,0
8228,61022895350125,0,2,1,0
8228,61297773257178,0,3,1,0
8229,61022895350125,0,2,1,0
8229,61297773257178,0,3,1,0
8230,61022895350125,0,2,1,0
8230,61297773257178,0,3,1,0
8231,61022895350125,0,2,1,0
8231,61297773257178,0,3,1,0
8232,61022895350125,0,2,1,0
8232,61297773257178,0,3,1,0
8233,61022895350125,0,2,1,0
8233,61297773257178,0,3,1,0
8234,61022895350125,0,2,1,0
8234,61297773257178,0,3,1,0
8235,61022895350125,0,2,1,0
8235,61297773257178,0,3,1,0
8236,61022895350125,0,2,1,0
8236,61297773257178,0,3,1,0
8237,61022895350125,0,2,1,0
8237,61297773257178,0,3,1,0
8238,61022895350125,0,2,1,0
8238,61297773257178,0,3,1,0
8239,61022895350125,0,2,1,0
8239,61297773257178,0,3,1,0
8240,61022895350125,0,2,1,0
8240,61297773257178,0,3,1,0
8241,61022895350125,0,2,1,0
8241,61297773257178,0,3,1,0
8242,61022895350125,0,2,1,0
8242,61297773257178,0,3,1,0
8243,61022895350125,0,2,1,0
8243,61297773257178,0,3,1,0
8244,61022895350125,0,2,1,0
8244,61297773257178,0,3,1,0
8245,61022895350125,0,2,1,0
8245,61297773257178,0,3,1,0
8246,61022895350125,0,2,1,0
8246,61297773257178,0,3,1,0
8247,61022895350125,0,2,1,0
8247,61297773257178,0,3,1,0
8248,61022895350125,0,2,1,0
8248,61297773257178,0,3,1,0
8249,61022895350125,0,2,1,0
8249,61297773257178,0,3,1,0
8250,61022895350125,0,2,1,0
8250,61297773257178,0,3,1,0
8251,61022895350125,0,2,1,0
8251,61297773257178,0,3,1,0
8252,61022895350125,0,2,1,0
8252,61297773257178,0,3,1,0
8253,61022895350125,0,2,1,0
8253,61297773257178,0,3,1,0
8254,61022895350125,0,2,1,0
8254,61297773257178,0,3,1,0
8255,61022895350125,0,2,1,0
8255,61297773257178,0,3,1,0
8256,61022895350125,0,2,1,0
8256,61297773257178,0,3,1,0
8257,61022895350125,0,2,1,0
8257,61297773257178,0,3,1,0
8258,61022895350125,0,2,1,0
8258,61297773257178,0,3,1,0
8259,61022895350125,0,2,1,0
8259,61297773257178,0,3,1,0
8260,61022895350125,0,2,1,0
8260,61297773257178,0,3,1,0
8261,61022895350125,0,2,1,0
8261,61297773257178,0,3,1,0
8262,61022895350125,0,2,1,0
8262,61297773257178,0,3,1,0
8263,61022895350125,0,2,1,0
8263,61297773257178,0,3,1,0
8264,61022895350125,0,2,1,0
8264,61297773257178,0,3,1,0
8265,61022895350125,0,2,1,0
8265,61297773257178,0,3,1,0
8266,61022895350125,0,2,1,0
8266,61297773257178,0,3,1,0
8267,61022895350125,0,2,1,0
8267,61297773257178,0,3,1,0
8268,61022895350125,0,2,1,0
8268,61297773257178,0,3,1,0
8269,61022895350125,0,2,1,0
8269,61297773257178,0,3,1,0
8270,61022895350125,0,2,1,0
8270,61297773257178,0,3,1,0
8271,61022895350125,0,2,1,0
8271,61297773257178,0,3,1,0
8272,61022895350125,0,2,1,0
8272,61297773257178,0,3,1,0
8273,61022895350125,0,2,1,0
8273,61297773257178,0,3,1,0
8274,61022895350125,0,2,1,0
8274,61297773257178,0,3,1,0
8275,61022895350125,0,2,1,0
8275,61297773257178,0,3,1,0
8276,61022895350125,0,2,1,0
8276,61297773257178,0,3,1,0
8277,61022895350125,0,2,1,0
8277,61297773257178,0,3,1,0
8278,61022895350125,0,2,1,0
8278,61297773257178,0,3,1,0
8279,61022895350125,0,2,1,0
8279,61297773257178,0,3,1,0
8280,61022895350125,0,2,1,0
8280,61297773257178,0,3,1,0
8281,61022895350125,0,2,1,0
8281,61297773257178,0,3,1,0
8282,61022895350125,0,2,1,0
8282,61297773257178,0,3,1,0
8283,61022895350125,0,2,1,0
8283,61297773257178,0,3,1,0
8284,61022895350125,0,2,1,0
8284,61297773257178,0,3,1,0
8285,61022895350125,0,2,1,0
8285,61297773257178,0,3,1,0
8286,61022895350125,0,2,1,0
8286,61297773257178,0,3,1,0
8287,61022895350125,0,2,1,0
8287,61297773257178,0,3,1,0
8288,61022895350125,0,2,1,0
8288,61297773257178,0,3,1,0
8289,61022895350125,0,2,1,0
8289,61297773257178,0,3,1,0
8290,61022895350125,0,2,1,0
8290,61297773257178,0,3,1,0
8291,61022895350125,0,2,1,0
8291,61297773257178,0,3,1,0
8292,61022895350125,0,2,1,0
8292,61297773257178,0,3,1,0
8293,61022895350125,0,2,1,0
8293,61297773257178,0,3,1,0
8294,61022895350125,0,2,1,0
8294,61297773257178,0,3,1,0
8295,61022895350125,0,2,1,0
8295,61297773257178,0,3,1,0
8296,61022895350125,0,2,1,0
8296,61297773257178,0,3,1,0
8297,61022895350125,0,2,1,0
8297,61297773257178,0,3,1,0
8298,61022895350125,0,2,1,0
8298,61297773257178,0,3,1,0
8299,61022895350125,0,2,1,0
8299,61297773257178,0,3,1,0
8300,61022895350125,0,2,1,0
8300,61297773257178,0,3,1,0
8301,61022895350125,0,2,1,0
8301,61297773257178,0,3,1,0
8302,61022895350125,0,2,1,0
8302,61297773257178,0,3,1,0
8303,61022895350125,0,2,1,0
8303,61297773257178,0,3,1,0
8304,61022895350125,0,2,1,0
8304,61297773257178,0,3,1,0
8305,61022895350125,0,2,1,0
8305,61297773257178,0,3,1,0
8306,61022895350125,0,2,1,0
8306,61297773257178,0,3,1,0
8307,61022895350125,0,2,1,0
8307,61297773257178,0,3,1,0
8308,61022895350125,0,2,1,0
8308,61297773257178,0,3,1,0
8309,61022895350125,0,2,1,0
8309,61297773257178,0,3,1,0
8310,61022895350125,0,2,1,0
8310,61297773257178,0,3,1,0
8311,61022895350125,0,2,1,0
8311,61297773257178,0,3,1,0
8312,61022895350125,0,2,1,0
8312,61297773257178,0,3,1,0
8313,61022895350125,0,2,1,0
8313,61297773257178,0,3,1,0
8314,61022895350125,0,2,1,0
8314,61297773257178,0,3,1,0
8315,61022895350125,0,2,1,0
8315,61297773257178,0,3,1,0
8316,61022895350125,0,2,1,0
8316,61297773257178,0,3,1,0
8317,61022895350125,0,2,1,0
8317,61297773257178,0,3,1,0
8318,61022895350125,0,2,1,0
8318,61297773257178,0,3,1,0
8319,61022895350125,0,2,1,0
8319,61297773257178,0,3,1,0
8320,61022895350125,0,2,1,0
8320,61297773257178,0,3,1,0
8321,61022895350125,0,2,1,0
8321,61297773257178,0,3,1,0
8322,61022895350125,0,2,1,0
8322,61297773257178,0,3,1,0
8323,61022895350125,0,2,1,0
8323,61297773257178,0,3,1,0
8324,61022895350125,0,2,1,0
8324,61297773257178,0,3,1,0
8325,61022895350125,0,2,1,0
8325,61297773257178,0,3,1,0
8326,61022895350125,0,2,1,0
8326,61297773257178,0,3,1,0
8327,61022895350125,0,2,1,0
8327,61297773257178,0,3,1,0
8328,61022895350125,0,2,1,0
8328,61297773257178,0,3,1,0
8329,61022895350125,0,2,1,0
8329,61297773257178,0,3,1,0
8330,61022895350125,0,2,1,0
8330,61297773257178,0,3,1,0
8331,61022895350125,0,2,1,0
8331,61297773257178,0,3,1,0
8332,61022895350125,0,2,1,0
8332,61297773257178,0,3,1,0
8333,61022895350125,0,2,1,0
8333,61297773257178,0,3,1,0
8334,61022895350125,0,2,1,0
8334,61297773257178,0,3,1,0
8335,61022895350125,0,2,1,0
8335,61297773257178,0,3,1,0
8336,61022895350125,0,2,1,0
8336,61297773257178,0,3,1,0
8337,61022895350125,0,2,1,0
8337,61297773257178,0,3,1,0
8338,61022895350125,0,2,1,0
8338,61297773257178,0,3,1,0
8339,61022895350125,0,2,1,0
8339,61297773257178,0,3,1,0
8340,61022895350125,0,2,1,0
8340,61297773257178,0,3,1,0
8341,61022895350125,0,2,1,0
8341,61297773257178,0,3,1,0
8342,61022895350125,0,2,1,0
8342,61297773257178,0,3,1,0
8343,61022895350125,0,2,1,0
8343,61297773257178,0,3,1,0
8344,61022895350125,0,2,1,0
8344,61297773257178,0,3,1,0
8345,61022895350125,0,2,1,0
8345,61297773257178,0,3,1,0
8346,61022895350125,0,2,1,0
8346,61297773257178,0,3,1,0
8347,61022895350125,0,2,1,0
8347,61297773257178,0,3,1,0
8348,61022895350125,0,2,1,0
8348,61297773257178,0,3,1,0
8349,61022895350125,0,2,1,0
8349,61297773257178,0,3,1,0
8350,61022895350125,0,2,1,0
8350,61297773257178,0,3,1,0
8351,61022895350125,0,2,1,0
8351,61297773257178,0,3,1,0
8352,61022895350125,0,2,1,0
8352,61297773257178,0,3,1,0
8353,61022895350125,0,2,1,0
8353,61297773257178,0,3,1,0
8354,61022895350125,0,2,1,0
8354,61297773257178,0,3,1,0
8355,61022895350125,0,2,1,0
8355,61297773257178,0,3,1,0
8356,61022895350125,0,2,1,0
8356,61297773257178,0,3,1,0
8357,61022895350125,0,2,1,0
8357,61297773257178,0,3,1,0
8358,61022895350125,0,2,1,0
8358,61297773257178,0,3,1,0
8359,61022895350125,0,2,1,0
8359,61297773257178,0,3,1,0
8360,61022895350125,0,2,1,0
8360,61297773257178,0,3,1,0
8361,61022895350125,0,2,1,0
8361,61297773257178,0,3,1,0
8362,61022895350125,0,2,1,0
8362,61297773257178,0,3,1,0
8363,61022895350125,0,2,1,0
8363,61297773257178,0,3,1,0
8364,61022895350125,0,2,1,0
8364,61297773257178,0,3,1,0
8365,61022895350125,0,2,1,0
8365,61297773257178,0,3,1,0
8366,61022895350125,0,2,1,0
8366,61297773257178,0,3,1,0
8367,61022895350125,0,2,1,0
8367,61297773257178,0,3,1,0
8368,61022895350125,0,2,1,0
8368,61297773257178,0,3,1,0
8369,61022895350125,0,2,1,0
8369,61297773257178,0,3,1,0
8370,61022895350125,0,2,1,0
8370,61297773257178,0,3,1,0
8371,61022895350125,0,2,1,0
8371,61297773257178,0,3,1,0
8372,61022895350125,0,2,1,0
8372,61297773257178,0,3,1,0
8373,61022895350125,0,2,1,0
8373,61297773257178,0,3,1,0
8374,61022895350125,0,2,1,0
8374,61297773257178,0,3,1,0
8375,61022895350125,0,2,1,0
8375,61297773257178,0,3,1,0
8376,61022895350125,0,2,1,0
8376,61297773257178,0,3,1,0
8377,61022895350125,0,2,1,0
8377,61297773257178,0,3,1,0
8378,61022895350125,0,2,1,0
8378,61297773257178,0,3,1,0
8379,61022895350125,0,2,1,0
8379,61297773257178,0,3,1,0
8380,61022895350125,0,2,1,0
8380,61297773257178,0,3,1,0
8381,61022895350125,0,2,1,0
8381,61297773257178,0,3,1,0
8382,61022895350125,0,2,1,0
8382,61297773257178,0,3,1,0
8383,61022895350125,0,2,1,0
8383,61297773257178,0,3,1,0
8384,61022895350125,0,2,1,0
8384,61297773257178,0,3,1,0
8385,61022895350125,0,2,1,0
8385,61297773257178,0,3,1,0
8386,61022895350125,0,2,1,0
8386,61297773257178,0,3,1,0
8387,61022895350125,0,2,1,0
8387,61297773257178,0,3,1,0
8388,61022895350125,0,2,1,0
8388,61297773257178,0,3,1,0
8389,61022895350125,0,2,1,0
8389,61297773257178,0,3,1,0
8390,61022895350125,0,2,1,0
8390,61297773257178,0,3,1,0
8391,61022895350125,0,2,1,0
8391,61297773257178,0,3,1,0
8392,61022895350125,0,2,1,0
8392,61297773257178,0,3,1,0
8393,61022895350125,0,2,1,0
8393,61297773257178,0,3,1,0
8394,61022895350125,0,2,1,0
8394,61297773257178,0,3,1,0
8395,61022895350125,0,2,1,0
8395,61297773257178,0,3,1,0
8396,61022895350125,0,2,1,0
8396,61297773257178,0,3,1,0
8397,61022895350125,0,2,1,0
8397,61297773257178,0,3,1,0
8398,61022895350125,0,2,1,0
8398,61297773257178,0,3,1,0
8399,61022895350125,0,2,1,0
8399,61297773257178,0,3,1,0
8400,61022895350125,0,2,1,0
8400,61297773257178,0,3,1,0
8401,61022895350125,0,2,1,0
8401,61297773257178,0,3,1,0
8402,61022895350125,0,2,1,0
8402,61297773257178,0,3,1,0
8403,61022895350125,0,2,1,0
8403,61297773257178,0,3,1,0
8404,61022895350125,0,2,1,0
8404,61297773257178,0,3,1,0
8405,61022895350125,0,2,1,0
8405,61297773257178,0,3,1,0
8406,61022895350125,0,2,1,0
8406,61297773257178,0,3,1,0
8407,61022895350125,0,2,1,0
8407,61297773257178,0,3,1,0
8408,61022895350125,0,2,1,0
8408,61297773257178,0,3,1,0
8409,61022895350125,0,2,1,0
8409,61297773257178,0,3,1,0
8410,61022895350125,0,2,1,0
8410,61297773257178,0,3,1,0
8411,61022895350125,0,2,1,0
8411,61297773257178,0,3,1,0
8412,61022895350125,0,2,1,0
8412,61297773257178,0,3,1,0
8413,61022895350125,0,2,1,0
8413,61297773257178,0,3,1,0
7719,1374389541484,0,1,1,0
8415,1374389543391,0,1,1,0
8414,61022895350125,0,2,1,0
8414,61297773257178,0,3,1,0
8415,1374389543392,0,1,0,0
8416,1374389543392,0,1,1,0
8415,61022895350125,0,2,1,0
8415,61297773257178,0,3,1,0
8416,1374389543393,0,1,1,0
8416,61022895350125,0,2,1,0
8416,61297773257178,0,3,1,0
8417,1374389543394,0,1,0,0
8417,61022895350125,0,2,1,0
8417,61297773257178,0,3,1,0
8418,1374389543394,0,1,0,0
8419,1374389543394,0,1,1,0
8418,61022895350125,0,2,1,0
8418,61297773257178,0,3,1,0
8419,1374389543395,0,1,1,0
8420,1374389543396,0,1,1,0
8419,61022895350125,0,2,1,0
8419,61297773257178,0,3,1,0
8420,1374389543397,0,1,1,0
8421,3573412798950,0,1,1,0
8420,61022895350125,0,2,1,0
8420,61297773257178,0,3,1,0
8421,1374389543399,0,1,0,0
8421,61022895350125,0,2,1,0
8421,61297773257178,0,3,1,0
8422,1374389543399,0,1,0,0
8422,61022895350125,0,2,1,0
8422,61297773257178,0,3,1,0
8423,1374389543399,0,1,0,0
8424,1374389543399,0,1,1,0
8423,61022895350125,0,2,1,0
8423,61297773257178,0,3,1,0
8424,60748017443304,0,1,1,0
8424,61022895350125,0,2,1,0
8424,61297773257178,0,3,1,0
8425,60748017443304,0,1,1,0
8425,61022895350125,0,2,1,0
8425,61297773257178,0,3,1,0
8426,60748017443304,0,1,1,0
8426,61022895350125,0,2,1,0
8426,61297773257178,0,3,1,0
8427,60748017443304,0,1,1,0
8427,61022895350125,0,2,1,0
8427,61297773257178,0,3,1,0
8428,60748017443304,0,1,1,0
8428,61022895350125,0,2,1,0
8428,61297773257178,0,3,1,0
8429,60748017443304,0,1,1,0
8429,61022895350125,0,2,1,0
8429,61297773257178,0,3,1,0
8430,60748017443304,0,1,1,0
8430,61022895350125,0,2,1,0
8430,61297773257178,0,3,1,0
8431,60748017443304,0,1,1,0
8431,61022895350125,0,2,1,0
8431,61297773257178,0,3,1,0
8432,60748017443304,0,1,1,0
8432,61022895350125,0,2,1,0
8432,61297773257178,0,3,1,0
8433,60748017443304,0,1,1,0
8433,61022895350125,0,2,1,0
8433,61297773257178,0,3,1,0
8434,60748017443304,0,1,1,0
8434,61022895350125,0,2,1,0
8434,61297773257178,0,3,1,0
8435,60748017443304,0,1,1,0
8435,61022895350125,0,2,1,0
8435,61297773257178,0,3,1,0
8436,60748017443304,0,1,1,0
8436,61022895350125,0,2,1,0
8436,61297773257178,0,3,1,0
8437,60748017443304,0,1,1,0
8437,61022895350125,0,2,1,0
8437,61297773257178,0,3,1,0
8438,60748017443304,0,1,1,0
8438,61022895350125,0,2,1,0
8438,61297773257178,0,3,1,0
8439,60748017443304,0,1,1,0
8439,61022895350125,0,2,1,0
8439,61297773257178,0,3,1,0
8440,60748017443304,0,1,1,0
8440,61022895350125,0,2,1,0
8440,61297773257178,0,3,1,0
8441,60748017443304,0,1,1,0
8441,61022895350125,0,2,1,0
8441,61297773257178,0,3,1,0
8442,60748017443304,0,1,1,0
8442,61022895350125,0,2,1,0
8442,61297773257178,0,3,1,0
8443,60748017443304,0,1,1,0
8443,61022895350125,0,2,1,0
8443,61297773257178,0,3,1,0
8444,60748017443304,0,1,1,0
8444,61022895350125,0,2,1,0
8444,61297773257178,0,3,1,0
8445,60748017443304,0,1,1,0
8445,61022895350125,0,2,1,0
8445,61297773257178,0,3,1,0
8446,60748017443304,0,1,1,0
8446,61022895350125,0,2,1,0
8446,61297773257178,0,3,1,0
8447,60748017443304,0,1,1,0
8447,61022895350125,0,2,1,0
8447,61297773257178,0,3,1,0
8448,60748017443304,0,1,1,0
8448,61022895350125,0,2,1,0
8448,61297773257178,0,3,1,0
8449,60748017443304,0,1,1,0
8449,61022895350125,0,2,1,0
8449,61297773257178,0,3,1,0
8450,60748017443304,0,1,1,0
8450,61022895350125,0,2,1,0
8450,61297773257178,0,3,1,0
8451,60748017443304,0,1,1,0
8451,61022895350125,0,2,1,0
8451,61297773257178,0,3,1,0
8452,60748017443304,0,1,1,0
8452,61022895350125,0,2,1,0
8452,61297773257178,0,3,1,0
8453,60748017443304,0,1,1,0
8453,61022895350125,0,2,1,0
8453,61297773257178,0,3,1,0
8454,60748017443304,0,1,1,0
8454,61022895350125,0,2,1,0
8454,61297773257178,0,3,1,0
8455,60748017443304,0,1,1,0
8455,61022895350125,0,2,1,0
8455,61297773257178,0,3,1,0
8456,60748017443304,0,1,1,0
8456,61022895350125,0,2,1,0
8456,61297773257178,0,3,1,0
8457,60748017443304,0,1,1,0
8457,61022895350125,0,2,1,0
8457,61297773257178,0,3,1,0
8458,60748017443304,0,1,1,0
8458,61022895350125,0,2,1,0
8458,61297773257178,0,3,1,0
8459,60748017443304,0,1,1,0
8459,61022895350125,0,2,1,0
8459,61297773257178,0,3,1,0
8460,60748017443304,0,1,1,0
8461,60748017443304,0,1,1,0
8460,61022895350125,0,2,1,0
8460,61297773257178,0,3,1,0
8461,6871947682281,0,1,1,0
8462,1374389543402,0,1,1,0
8461,61022895350125,0,2,1,0
8461,61297773257178,0,3,1,0
8462,6871947682283,0,1,1,0
8462,61022895350125,0,2,1,0
8462,61297773257178,0,3,1,0
8463,61022895350125,0,2,1,0
8463,61297773257178,0,3,1,0
8464,61022895350125,0,2,1,0
8464,61297773257178,0,3,1,0
8465,61022895350125,0,2,1,0
8465,61297773257178,0,3,1,0
8466,61022895350125,0,2,1,0
8466,61297773257178,0,3,1,0
8467,61022895350125,0,2,1,0
8467,61297773257178,0,3,1,0
8468,61022895350125,0,2,1,0
8468,61297773257178,0,3,1,0
8469,61022895350125,0,2,1,0
8469,61297773257178,0,3,1,0
8470,61022895350125,0,2,1,0
8470,61297773257178,0,3,1,0
8471,61022895350125,0,2,1,0
8471,61297773257178,0,3,1,0
8472,61022895350125,0,2,1,0
8472,61297773257178,0,3,1,0
8473,61022895350125,0,2,1,0
8473,61297773257178,0,3,1,0
8474,61022895350125,0,2,1,0
8474,61297773257178,0,3,1,0
8475,61022895350125,0,2,1,0
8475,61297773257178,0,3,1,0
8476,61022895350125,0,2,1,0
8476,61297773257178,0,3,1,0
8477,61022895350125,0,2,1,0
8477,61297773257178,0,3,1,0
8478,61022895350125,0,2,1,0
8478,61297773257178,0,3,1,0
8479,61022895350125,0,2,1,0
8479,61297773257178,0,3,1,0
8480,61022895350125,0,2,1,0
8480,61297773257178,0,3,1,0
8481,61022895350125,0,2,1,0
8481,61297773257178,0,3,1,0
8482,61022895350125,0,2,1,0
8482,61297773257178,0,3,1,0
8483,61022895350125,0,2,1,0
8483,61297773257178,0,3,1,0
8484,61022895350125,0,2,1,0
8484,61297773257178,0,3,1,0
8485,61022895350125,0,2,1,0
8485,61297773257178,0,3,1,0
8486,61022895350125,0,2,1,0
8486,61297773257178,0,3,1,0
8487,61022895350125,0,2,1,0
8487,61297773257178,0,3,1,0
8488,61022895350125,0,2,1,0
8488,61297773257178,0,3,1,0
8489,61022895350125,0,2,1,0
8489,61297773257178,0,3,1,0
8490,61022895350125,0,2,1,0
8490,61297773257178,0,3,1,0
8491,61022895350125,0,2,1,0
8491,61297773257178,0,3,1,0
8492,61022895350125,0,2,1,0
8492,61297773257178,0,3,1,0
8493,61022895350125,0,2,1,0
8493,61297773257178,0,3,1,0
8494,61022895350125,0,2,1,0
8494,61297773257178,0,3,1,0
8495,61022895350125,0,2,1,0
8495,61297773257178,0,3,1,0
8496,61022895350125,0,2,1,0
8496,61297773257178,0,3,1,0
8497,61022895350125,0,2,1,0
8497,61297773257178,0,3,1,0
8498,61022895350125,0,2,1,0
8498,61297773257178,0,3,1,0
8499,61022895350125,0,2,1,0
8499,61297773257178,0,3,1,0
8500,61022895350125,0,2,1,0
8500,61297773257178,0,3,1,0
8501,61022895350125,0,2,1,0
8501,61297773257178,0,3,1,0
8502,61022895350125,0,2,1,0
8502,61297773257178,0,3,1,0
8503,61022895350125,0,2,1,0
8503,61297773257178,0,3,1,0
8504,61022895350125,0,2,1,0
8504,61297773257178,0,3,1,0
8505,61022895350125,0,2,1,0
8505,61297773257178,0,3,1,0
8506,61022895350125,0,2,1,0
8506,61297773257178,0,3,1,0
8507,61022895350125,0,2,1,0
8507,61297773257178,0,3,1,0
8508,61022895350125,0,2,1,0
8508,61297773257178,0,3,1,0
8509,61022895350125,0,2,1,0
8509,61297773257178,0,3,1,0
8510,61022895350125,0,2,1,0
8510,61297773257178,0,3,1,0
8511,61022895350125,0,2,1,0
8511,61297773257178,0,3,1,0
8512,61022895350125,0,2,1,0
8512,61297773257178,0,3,1,0
8513,61022895350125,0,2,1,0
8513,61297773257178,0,3,1,0
8514,61022895350125,0,2,1,0
8514,61297773257178,0,3,1,0
8515,61022895350125,0,2,1,0
8515,61297773257178,0,3,1,0
8516,61022895350125,0,2,1,0
8516,61297773257178,0,3,1,0
8517,61022895350125,0,2,1,0
8517,61297773257178,0,3,1,0
8518,61022895350125,0,2,1,0
8518,61297773257178,0,3,1,0
8519,61022895350125,0,2,1,0
8519,61297773257178,0,3,1,0
8520,61022895350125,0,2,1,0
8520,61297773257178,0,3,1,0
8521,61022895350125,0,2,1,0
8521,61297773257178,0,3,1,0
8522,61022895350125,0,2,1,0
8522,61297773257178,0,3,1,0
8523,61022895350125,0,2,1,0
8523,61297773257178,0,3,1,0
8524,61022895350125,0,2,1,0
8524,61297773257178,0,3,1,0
8525,61022895350125,0,2,1,0
8525,61297773257178,0,3,1,0
8526,61022895350125,0,2,1,0
8526,61297773257178,0,3,1,0
8527,61022895350125,0,2,1,0
8527,61297773257178,0,3,1,0
8528,61022895350125,0,2,1,0
8528,61297773257178,0,3,1,0
8529,61022895350125,0,2,1,0
8529,61297773257178,0,3,1,0
8530,61022895350125,0,2,1,0
8530,61297773257178,0,3,1,0
8531,61022895350125,0,2,1,0
8531,61297773257178,0,3,1,0
8532,61022895350125,0,2,1,0
8532,61297773257178,0,3,1,0
8533,61022895350125,0,2,1,0
8533,61297773257178,0,3,1,0
8534,61022895350125,0,2,1,0
8534,61297773257178,0,3,1,0
8535,61022895350125,0,2,1,0
8535,61297773257178,0,3,1,0
8536,61022895350125,0,2,1,0
8536,61297773257178,0,3,1,0
8537,61022895350125,0,2,1,0
8537,61297773257178,0,3,1,0
8538,61022895350125,0,2,1,0
8538,61297773257178,0,3,1,0
8539,61022895350125,0,2,1,0
8539,61297773257178,0,3,1,0
8540,61022895350125,0,2,1,0
8540,61297773257178,0,3,1,0
8541,61022895350125,0,2,1,0
8541,61297773257178,0,3,1,0
8542,61022895350125,0,2,1,0
8542,61297773257178,0,3,1,0
8543,61022895350125,0,2,1,0
8543,61297773257178,0,3,1,0
8544,61022895350125,0,2,1,0
8544,61297773257178,0,3,1,0
8545,61022895350125,0,2,1,0
8545,61297773257178,0,3,1,0
8546,61022895350125,0,2,1,0
8546,61297773257178,0,3,1,0
8547,61022895350125,0,2,1,0
8547,61297773257178,0,3,1,0
8548,61022895350125,0,2,1,0
8548,61297773257178,0,3,1,0
8549,61022895350125,0,2,1,0
8549,61297773257178,0,3,1,0
8550,61022895350125,0,2,1,0
8550,61297773257178,0,3,1,0
8551,61022895350125,0,2,1,0
8551,61297773257178,0,3,1,0
8552,61022895350125,0,2,1,0
8552,61297773257178,0,3,1,0
8553,61022895350125,0,2,1,0
8553,61297773257178,0,3,1,0
8554,61022895350125,0,2,1,0
8554,61297773257178,0,3,1,0
8555,61022895350125,0,2,1,0
8555,61297773257178,0,3,1,0
8556,61022895350125,0,2,1,0
8556,61297773257178,0,3,1,0
8557,61022895350125,0,2,1,0
8557,61297773257178,0,3,1,0
8558,61022895350125,0,2,1,0
8558,61297773257178,0,3,1,0
8559,61022895350125,0,2,1,0
8559,61297773257178,0,3,1,0
8560,61022895350125,0,2,1,0
8560,61297773257178,0,3,1,0
8561,61022895350125,0,2,1,0
8561,61297773257178,0,3,1,0
8562,61022895350125,0,2,1,0
8562,61297773257178,0,3,1,0
8563,61022895350125,0,2,1,0
8563,61297773257178,0,3,1,0
8564,61022895350125,0,2,1,0
8564,61297773257178,0,3,1,0
8565,61022895350125,0,2,1,0
8565,61297773257178,0,3,1,0
8566,61022895350125,0,2,1,0
8566,61297773257178,0,3,1,0
8567,61022895350125,0,2,1,0
8567,61297773257178,0,3,1,0
8568,61022895350125,0,2,1,0
8568,61297773257178,0,3,1,0
8569,61022895350125,0,2,1,0
8569,61297773257178,0,3,1,0
8570,61022895350125,0,2,1,0
8570,61297773257178,0,3,1,0
8571,61022895350125,0,2,1,0
8571,61297773257178,0,3,1,0
8572,61022895350125,0,2,1,0
8572,61297773257178,0,3,1,0
8573,61022895350125,0,2,1,0
8573,61297773257178,0,3,1,0
8574,61022895350125,0,2,1,0
8574,61297773257178,0,3,1,0
8575,61022895350125,0,2,1,0
8575,61297773257178,0,3,1,0
8576,61022895350125,0,2,1,0
8576,61297773257178,0,3,1,0
8577,61022895350125,0,2,1,0
8577,61297773257178,0,3,1,0
8578,61022895350125,0,2,1,0
8578,61297773257178,0,3,1,0
8579,61022895350125,0,2,1,0
8579,61297773257178,0,3,1,0
8580,61022895350125,0,2,1,0
8580,61297773257178,0,3,1,0
8581,61022895350125,0,2,1,0
8581,61297773257178,0,3,1,0
8582,61022895350125,0,2,1,0
8582,61297773257178,0,3,1,0
8583,61022895350125,0,2,1,0
8583,61297773257178,0,3,1,0
8584,61022895350125,0,2,1,0
8584,61297773257178,0,3,1,0
8585,61022895350125,0,2,1,0
8585,61297773257178,0,3,1,0
8586,61022895350125,0,2,1,0
8586,61297773257178,0,3,1,0
8587,61022895350125,0,2,1,0
8587,61297773257178,0,3,1,0
8588,61022895350125,0,2,1,0
8588,61297773257178,0,3,1,0
8589,61022895350125,0,2,1,0
8589,61297773257178,0,3,1,0
8590,61022895350125,0,2,1,0
8590,61297773257178,0,3,1,0
8591,61022895350125,0,2,1,0
8591,61297773257178,0,3,1,0
8592,61022895350125,0,2,1,0
8592,61297773257178,0,3,1,0
8593,61022895350125,0,2,1,0
8593,61297773257178,0,3,1,0
8594,61022895350125,0,2,1,0
8594,61297773257178,0,3,1,0
8595,61022895350125,0,2,1,0
8595,61297773257178,0,3,1,0
8596,61022895350125,0,2,1,0
8596,61297773257178,0,3,1,0
8597,61022895350125,0,2,1,0
8597,61297773257178,0,3,1,0
8598,61022895350125,0,2,1,0
8598,61297773257178,0,3,1,0
8599,61022895350125,0,2,1,0
8599,61297773257178,0,3,1,0
8600,61022895350125,0,2,1,0
8600,61297773257178,0,3,1,0
8601,61022895350125,0,2,1,0
8601,61297773257178,0,3,1,0
8602,61022895350125,0,2,1,0
8602,61297773257178,0,3,1,0
8603,61022895350125,0,2,1,0
8603,61297773257178,0,3,1,0
8604,61022895350125,0,2,1,0
8604,61297773257178,0,3,1,0
8605,61022895350125,0,2,1,0
8605,61297773257178,0,3,1,0
8606,61022895350125,0,2,1,0
8606,61297773257178,0,3,1,0
8607,61022895350125,0,2,1,0
8607,61297773257178,0,3,1,0
8608,61022895350125,0,2,1,0
8608,61297773257178,0,3,1,0
8609,61022895350125,0,2,1,0
8609,61297773257178,0,3,1,0
8610,61022895350125,0,2,1,0
8610,61297773257178,0,3,1,0
8611,61022895350125,0,2,1,0
8611,61297773257178,0,3,1,0
8612,61022895350125,0,2,1,0
8612,61297773257178,0,3,1,0
8613,61022895350125,0,2,1,0
8613,61297773257178,0,3,1,0
8614,61022895350125,0,2,1,0
8614,61297773257178,0,3,1,0
8615,61022895350125,0,2,1,0
8615,61297773257178,0,3,1,0
8616,61022895350125,0,2,1,0
8616,61297773257178,0,3,1,0
8617,61022895350125,0,2,1,0
8617,61297773257178,0,3,1,0
8618,61022895350125,0,2,1,0
8618,61297773257178,0,3,1,0
8619,61022895350125,0,2,1,0
8619,61297773257178,0,3,1,0
8620,61022895350125,0,2,1,0
8620,61297773257178,0,3,1,0
8621,61022895350125,0,2,1,0
8621,61297773257178,0,3,1,0
8622,61022895350125,0,2,1,0
8622,61297773257178,0,3,1,0
8623,61022895350125,0,2,1,0
8623,61297773257178,0,3,1,0
8624,61022895350125,0,2,1,0
8624,61297773257178,0,3,1,0
8625,61022895350125,0,2,1,0
8625,61297773257178,0,3,1,0
8626,61022895350125,0,2,1,0
8626,61297773257178,0,3,1,0
8627,61022895350125,0,2,1,0
8627,61297773257178,0,3,1,0
8628,61022895350125,0,2,1,0
8628,61297773257178,0,3,1,0
8629,61022895350125,0,2,1,0
8629,61297773257178,0,3,1,0
8630,61022895350125,0,2,1,0
8630,61297773257178,0,3,1,0
8631,61022895350125,0,2,1,0
8631,61297773257178,0,3,1,0
8632,61022895350125,0,2,1,0
8632,61297773257178,0,3,1,0
8633,61022895350125,0,2,1,0
8633,61297773257178,0,3,1,0
8634,61022895350125,0,2,1,0
8634,61297773257178,0,3,1,0
8635,61022895350125,0,2,1,0
8635,61297773257178,0,3,1,0
8636,61022895350125,0,2,1,0
8636,61297773257178,0,3,1,0
8637,61022895350125,0,2,1,0
8637,61297773257178,0,3,1,0
8638,61022895350125,0,2,1,0
8638,61297773257178,0,3,1,0
8639,61022895350125,0,2,1,0
8639,61297773257178,0,3,1,0
8640,61022895350125,0,2,1,0
8640,61297773257178,0,3,1,0
8641,61022895350125,0,2,1,0
8641,61297773257178,0,3,1,0
8642,61022895350125,0,2,1,0
8642,61297773257178,0,3,1,0
8643,61022895350125,0,2,1,0
8643,61297773257178,0,3,1,0
8644,61022895350125,0,2,1,0
8644,61297773257178,0,3,1,0
8645,61022895350125,0,2,1,0
8645,61297773257178,0,3,1,0
8646,61022895350125,0,2,1,0
8646,61297773257178,0,3,1,0
8647,61022895350125,0,2,1,0
8647,61297773257178,0,3,1,0
8648,61022895350125,0,2,1,0
8648,61297773257178,0,3,1,0
8649,61022895350125,0,2,1,0
8649,61297773257178,0,3,1,0
8650,61022895350125,0,2,1,0
8650,61297773257178,0,3,1,0
8651,61022895350125,0,2,1,0
8651,61297773257178,0,3,1,0
8652,61022895350125,0,2,1,0
8652,61297773257178,0,3,1,0
8653,61022895350125,0,2,1,0
8653,61297773257178,0,3,1,0
8654,61022895350125,0,2,1,0
8654,61297773257178,0,3,1,0
8655,61022895350125,0,2,1,0
8655,61297773257178,0,3,1,0
8656,61022895350125,0,2,1,0
8656,61297773257178,0,3,1,0
8657,61022895350125,0,2,1,0
8657,61297773257178,0,3,1,0
8658,61022895350125,0,2,1,0
8658,61297773257178,0,3,1,0
8659,61022895350125,0,2,1,0
8659,61297773257178,0,3,1,0
8660,61022895350125,0,2,1,0
8660,61297773257178,0,3,1,0
8661,61022895350125,0,2,1,0
8661,61297773257178,0,3,1,0
8662,61022895350125,0,2,1,0
8662,61297773257178,0,3,1,0
8663,61022895350125,0,2,1,0
8663,61297773257178,0,3,1,0
8664,61022895350125,0,2,1,0
8664,61297773257178,0,3,1,0
8665,61022895350125,0,2,1,0
8665,61297773257178,0,3,1,0
8666,61022895350125,0,2,1,0
8666,61297773257178,0,3,1,0
8667,61022895350125,0,2,1,0
8667,61297773257178,0,3,1,0
8668,61022895350125,0,2,1,0
8668,61297773257178,0,3,1,0
8669,61022895350125,0,2,1,0
8669,61297773257178,0,3,1,0
8670,61022895350125,0,2,1,0
8670,61297773257178,0,3,1,0
8671,61022895350125,0,2,1,0
8671,61297773257178,0,3,1,0
8672,61022895350125,0,2,1,0
8672,61297773257178,0,3,1,0
8673,61022895350125,0,2,1,0
8673,61297773257178,0,3,1,0
8674,61022895350125,0,2,1,0
8674,61297773257178,0,3,1,0
8675,61022895350125,0,2,1,0
8675,61297773257178,0,3,1,0
8676,61022895350125,0,2,1,0
8676,61297773257178,0,3,1,0
8677,61022895350125,0,2,1,0
8677,61297773257178,0,3,1,0
8678,61022895350125,0,2,1,0
8678,61297773257178,0,3,1,0
8679,61022895350125,0,2,1,0
8679,61297773257178,0,3,1,0
8680,61022895350125,0,2,1,0
8680,61297773257178,0,3,1,0
8681,61022895350125,0,2,1,0
8681,61297773257178,0,3,1,0
8682,61022895350125,0,2,1,0
8682,61297773257178,0,3,1,0
8683,61022895350125,0,2,1,0
8683,61297773257178,0,3,1,0
8684,61022895350125,0,2,1,0
8684,61297773257178,0,3,1,0
8685,61022895350125,0,2,1,0
8685,61297773257178,0,3,1,0
8686,61022895350125,0,2,1,0
8686,61297773257178,0,3,1,0
8687,61022895350125,0,2,1,0
8687,61297773257178,0,3,1,0
8688,61022895350125,0,2,1,0
8688,61297773257178,0,3,1,0
8689,61022895350125,0,2,1,0
8689,61297773257178,0,3,1,0
8690,61022895350125,0,2,1,0
8690,61297773257178,0,3,1,0
8691,61022895350125,0,2,1,0
8691,61297773257178,0,3,1,0
8692,61022895350125,0,2,1,0
8692,61297773257178,0,3,1,0
8693,61022895350125,0,2,1,0
8693,61297773257178,0,3,1,0
8694,61022895350125,0,2,1,0
8694,61297773257178,0,3,1,0
8695,61022895350125,0,2,1,0
8695,61297773257178,0,3,1,0
8696,61022895350125,0,2,1,0
8696,61297773257178,0,3,1,0
8697,61022895350125,0,2,1,0
8697,61297773257178,0,3,1,0
8698,61022895350125,0,2,1,0
8698,61297773257178,0,3,1,0
8699,61022895350125,0,2,1,0
8699,61297773257178,0,3,1,0
8700,61022895350125,0,2,1,0
8700,61297773257178,0,3,1,0
8701,61022895350125,0,2,1,0
8701,61297773257178,0,3,1,0
8702,61022895350125,0,2,1,0
8702,61297773257178,0,3,1,0
8703,61022895350125,0,2,1,0
8703,61297773257178,0,3,1,0
8704,61022895350125,0,2,1,0
8704,61297773257178,0,3,1,0
8705,61022895350125,0,2,1,0
8705,61297773257178,0,3,1,0
8706,61022895350125,0,2,1,0
8706,61297773257178,0,3,1,0
8707,61022895350125,0,2,1,0
8707,61297773257178,0,3,1,0
8708,61022895350125,0,2,1,0
8708,61297773257178,0,3,1,0
8709,61022895350125,0,2,1,0
8709,61297773257178,0,3,1,0
8710,61022895350125,0,2,1,0
8710,61297773257178,0,3,1,0
8711,61022895350125,0,2,1,0
8711,61297773257178,0,3,1,0
8712,61022895350125,0,2,1,0
8712,61297773257178,0,3,1,0
8713,61022895350125,0,2,1,0
8713,61297773257178,0,3,1,0
8714,61022895350125,0,2,1,0
8714,61297773257178,0,3,1,0
8715,61022895350125,0,2,1,0
8715,61297773257178,0,3,1,0
8716,61022895350125,0,2,1,0
8716,61297773257178,0,3,1,0
8717,61022895350125,0,2,1,0
8717,61297773257178,0,3,1,0
8718,61022895350125,0,2,1,0
8718,61297773257178,0,3,1,0
8719,61022895350125,0,2,1,0
8719,61297773257178,0,3,1,0
8720,61022895350125,0,2,1,0
8720,61297773257178,0,3,1,0
8721,61022895350125,0,2,1,0
8721,61297773257178,0,3,1,0
8722,61022895350125,0,2,1,0
8722,61297773257178,0,3,1,0
8723,61022895350125,0,2,1,0
8723,61297773257178,0,3,1,0
8724,61022895350125,0,2,1,0
8724,61297773257178,0,3,1,0
8725,61022895350125,0,2,1,0
8725,61297773257178,0,3,1,0
8726,61022895350125,0,2,1,0
8726,61297773257178,0,3,1,0
8727,61022895350125,0,2,1,0
8727,61297773257178,0,3,1,0
8728,61022895350125,0,2,1,0
8728,61297773257178,0,3,1,0
8729,61022895350125,0,2,1,0
8729,61297773257178,0,3,1,0
8730,61022895350125,0,2,1,0
8730,61297773257178,0,3,1,0
8731,61022895350125,0,2,1,0
8731,61297773257178,0,3,1,0
8732,61022895350125,0,2,1,0
8732,61297773257178,0,3,1,0
8733,61022895350125,0,2,1,0
8733,61297773257178,0,3,1,0
8734,61022895350125,0,2,1,0
8734,61297773257178,0,3,1,0
8735,61022895350125,0,2,1,0
8735,61297773257178,0,3,1,0
8736,61022895350125,0,2,1,0
8736,61297773257178,0,3,1,0
8737,61022895350125,0,2,1,0
8737,61297773257178,0,3,1,0
8738,61022895350125,0,2,1,0
8738,61297773257178,0,3,1,0
8739,61022895350125,0,2,1,0
8739,61297773257178,0,3,1,0
8740,61022895350125,0,2,1,0
8740,61297773257178,0,3,1,0
8741,61022895350125,0,2,1,0
8741,61297773257178,0,3,1,0
8742,61022895350125,0,2,1,0
8742,61297773257178,0,3,1,0
8743,61022895350125,0,2,1,0
8743,61297773257178,0,3,1,0
8744,61022895350125,0,2,1,0
8744,61297773257178,0,3,1,0
8745,61022895350125,0,2,1,0
8745,61297773257178,0,3,1,0
8746,61022895350125,0,2,1,0
8746,61297773257178,0,3,1,0
8747,61022895350125,0,2,1,0
8747,61297773257178,0,3,1,0
8748,61022895350125,0,2,1,0
8748,61297773257178,0,3,1,0
8749,61022895350125,0,2,1,0
8749,61297773257178,0,3,1,0
8750,61022895350125,0,2,1,0
8750,61297773257178,0,3,1,0
8751,61022895350125,0,2,1,0
8751,61297773257178,0,3,1,0
8752,61022895350125,0,2,1,0
8752,61297773257178,0,3,1,0
8753,61022895350125,0,2,1,0
8753,61297773257178,0,3,1,0
8754,61022895350125,0,2,1,0
8754,61297773257178,0,3,1,0
8755,61022895350125,0,2,1,0
8755,61297773257178,0,3,1,0
8756,61022895350125,0,2,1,0
8756,61297773257178,0,3,1,0
8757,61022895350125,0,2,1,0
8757,61297773257178,0,3,1,0
8758,61022895350125,0,2,1,0
8758,61297773257178,0,3,1,0
8759,61022895350125,0,2,1,0
8759,61297773257178,0,3,1,0
8760,61022895350125,0,2,1,0
8760,61297773257178,0,3,1,0
8761,61022895350125,0,2,1,0
8761,61297773257178,0,3,1,0
8762,61022895350125,0,2,1,0
8762,61297773257178,0,3,1,0
8763,61022895350125,0,2,1,0
8763,61297773257178,0,3,1,0
8764,61022895350125,0,2,1,0
8764,61297773257178,0,3,1,0
8765,61022895350125,0,2,1,0
8765,61297773257178,0,3,1,0
8766,61022895350125,0,2,1,0
8766,61297773257178,0,3,1,0
8767,61022895350125,0,2,1,0
8767,61297773257178,0,3,1,0
8768,61022895350125,0,2,1,0
8768,61297773257178,0,3,1,0
8769,61022895350125,0,2,1,0
8769,61297773257178,0,3,1,0
8770,61022895350125,0,2,1,0
8770,61297773257178,0,3,1,0
8771,61022895350125,0,2,1,0
8771,61297773257178,0,3,1,0
8772,61022895350125,0,2,1,0
8772,61297773257178,0,3,1,0
8773,61022895350125,0,2,1,0
8773,61297773257178,0,3,1,0
8774,61022895350125,0,2,1,0
8774,61297773257178,0,3,1,0
8775,61022895350125,0,2,1,0
8775,61297773257178,0,3,1,0
8776,61022895350125,0,2,1,0
8776,61297773257178,0,3,1,0
8777,61022895350125,0,2,1,0
8777,61297773257178,0,3,1,0
8778,61022895350125,0,2,1,0
8778,61297773257178,0,3,1,0
8779,61022895350125,0,2,1,0
8779,61297773257178,0,3,1,0
8780,61022895350125,0,2,1,0
8780,61297773257178,0,3,1,0
8781,61022895350125,0,2,1,0
8781,61297773257178,0,3,1,0
8782,61022895350125,0,2,1,0
8782,61297773257178,0,3,1,0
8783,61022895350125,0,2,1,0
8783,61297773257178,0,3,1,0
8784,61022895350125,0,2,1,0
8784,61297773257178,0,3,1,0
8785,61022895350125,0,2,1,0
8785,61297773257178,0,3,1,0
8786,61022895350125,0,2,1,0
8786,61297773257178,0,3,1,0
8787,61022895350125,0,2,1,0
8787,61297773257178,0,3,1,0
8788,61022895350125,0,2,1,0
8788,61297773257178,0,3,1,0
8789,61022895350125,0,2,1,0
8789,61297773257178,0,3,1,0
8790,61022895350125,0,2,1,0
8790,61297773257178,0,3,1,0
8791,61022895350125,0,2,1,0
8791,61297773257178,0,3,1,0
8792,61022895350125,0,2,1,0
8792,61297773257178,0,3,1,0
8793,61022895350125,0,2,1,0
8793,61297773257178,0,3,1,0
8794,61022895350125,0,2,1,0
8794,61297773257178,0,3,1,0
8795,61022895350125,0,2,1,0
8795,61297773257178,0,3,1,0
8796,61022895350125,0,2,1,0
8796,61297773257178,0,3,1,0
8797,61022895350125,0,2,1,0
8797,61297773257178,0,3,1,0
8798,61022895350125,0,2,1,0
8798,61297773257178,0,3,1,0
8799,61022895350125,0,2,1,0
8799,61297773257178,0,3,1,0
8800,61022895350125,0,2,1,0
8800,61297773257178,0,3,1,0
8801,61022895350125,0,2,1,0
8801,61297773257178,0,3,1,0
8802,61022895350125,0,2,1,0
8802,61297773257178,0,3,1,0
8803,61022895350125,0,2,1,0
8803,61297773257178,0,3,1,0
8804,61022895350125,0,2,1,0
8804,61297773257178,0,3,1,0
8805,61022895350125,0,2,1,0
8805,61297773257178,0,3,1,0
8806,61022895350125,0,2,1,0
8806,61297773257178,0,3,1,0
8807,61022895350125,0,2,1,0
8807,61297773257178,0,3,1,0
8808,61022895350125,0,2,1,0
8808,61297773257178,0,3,1,0
8809,61022895350125,0,2,1,0
8809,61297773257178,0,3,1,0
8810,61022895350125,0,2,1,0
8810,61297773257178,0,3,1,0
8811,61022895350125,0,2,1,0
8811,61297773257178,0,3,1,0
8812,61022895350125,0,2,1,0
8812,61297773257178,0,3,1,0
8813,61022895350125,0,2,1,0
8813,61297773257178,0,3,1,0
8814,61022895350125,0,2,1,0
8814,61297773257178,0,3,1,0
8815,61022895350125,0,2,1,0
8815,61297773257178,0,3,1,0
8816,61022895350125,0,2,1,0
8816,61297773257178,0,3,1,0
8817,61022895350125,0,2,1,0
8817,61297773257178,0,3,1,0
8818,61022895350125,0,2,1,0
8818,61297773257178,0,3,1,0
8819,61022895350125,0,2,1,0
8819,61297773257178,0,3,1,0
8820,61022895350125,0,2,1,0
8820,61297773257178,0,3,1,0
8821,61022895350125,0,2,1,0
8821,61297773257178,0,3,1,0
8822,61022895350125,0,2,1,0
8822,61297773257178,0,3,1,0
8823,61022895350125,0,2,1,0
8823,61297773257178,0,3,1,0
8824,61022895350125,0,2,1,0
8824,61297773257178,0,3,1,0
8825,61022895350125,0,2,1,0
8825,61297773257178,0,3,1,0
8826,61022895350125,0,2,1,0
8826,61297773257178,0,3,1,0
8827,61022895350125,0,2,1,0
8827,61297773257178,0,3,1,0
8828,61022895350125,0,2,1,0
8828,61297773257178,0,3,1,0
8829,61022895350125,0,2,1,0
8829,61297773257178,0,3,1,0
8830,61022895350125,0,2,1,0
8830,61297773257178,0,3,1,0
8831,61022895350125,0,2,1,0
8831,61297773257178,0,3,1,0
8832,61022895350125,0,2,1,0
8832,61297773257178,0,3,1,0
8833,61022895350125,0,2,1,0
8833,61297773257178,0,3,1,0
8834,61022895350125,0,2,1,0
8834,61297773257178,0,3,1,0
8835,61022895350125,0,2,1,0
8835,61297773257178,0,3,1,0
8836,61022895350125,0,2,1,0
8836,61297773257178,0,3,1,0
8837,61022895350125,0,2,1,0
8837,61297773257178,0,3,1,0
8838,61022895350125,0,2,1,0
8838,61297773257178,0,3,1,0
8839,61022895350125,0,2,1,0
8839,61297773257178,0,3,1,0
8840,61022895350125,0,2,1,0
8840,61297773257178,0,3,1,0
8841,61022895350125,0,2,1,0
8841,61297773257178,0,3,1,0
8842,61022895350125,0,2,1,0
8842,61297773257178,0,3,1,0
8843,61022895350125,0,2,1,0
8843,61297773257178,0,3,1,0
8844,61022895350125,0,2,1,0
8844,61297773257178,0,3,1,0
8845,61022895350125,0,2,1,0
8845,61297773257178,0,3,1,0
8846,61022895350125,0,2,1,0
8846,61297773257178,0,3,1,0
8847,61022895350125,0,2,1,0
8847,61297773257178,0,3,1,0
8848,61022895350125,0,2,1,0
8848,61297773257178,0,3,1,0
8849,61022895350125,0,2,1,0
8849,61297773257178,0,3,1,0
8850,61022895350125,0,2,1,0
8850,61297773257178,0,3,1,0
8851,61022895350125,0,2,1,0
8851,61297773257178,0,3,1,0
8852,61022895350125,0,2,1,0
8852,61297773257178,0,3,1,0
8853,61022895350125,0,2,1,0
8853,61297773257178,0,3,1,0
8854,61022895350125,0,2,1,0
8854,61297773257178,0,3,1,0
8855,61022895350125,0,2,1,0
8855,61297773257178,0,3,1,0
8856,61022895350125,0,2,1,0
8856,61297773257178,0,3,1,0
8857,61022895350125,0,2,1,0
8857,61297773257178,0,3,1,0
8858,61022895350125,0,2,1,0
8858,61297773257178,0,3,1,0
8859,61022895350125,0,2,1,0
8859,61297773257178,0,3,1,0
8860,61022895350125,0,2,1,0
8860,61297773257178,0,3,1,0
8861,61022895350125,0,2,1,0
8861,61297773257178,0,3,1,0
8862,61022895350125,0,2,1,0
8862,61297773257178,0,3,1,0
8863,61022895350125,0,2,1,0
8863,61297773257178,0,3,1,0
8864,61022895350125,0,2,1,0
8864,61297773257178,0,3,1,0
8865,61022895350125,0,2,1,0
8865,61297773257178,0,3,1,0
8866,61022895350125,0,2,1,0
8866,61297773257178,0,3,1,0
8867,61022895350125,0,2,1,0
8867,61297773257178,0,3,1,0
8868,61022895350125,0,2,1,0
8868,61297773257178,0,3,1,0
8869,61022895350125,0,2,1,0
8869,61297773257178,0,3,1,0
8870,61022895350125,0,2,1,0
8870,61297773257178,0,3,1,0
8871,61022895350125,0,2,1,0
8871,61297773257178,0,3,1,0
8872,61022895350125,0,2,1,0
8872,61297773257178,0,3,1,0
8873,61022895350125,0,2,1,0
8873,61297773257178,0,3,1,0
8874,61022895350125,0,2,1,0
8874,61297773257178,0,3,1,0
8875,61022895350125,0,2,1,0
8875,61297773257178,0,3,1,0
8876,61022895350125,0,2,1,0
8876,61297773257178,0,3,1,0
8877,61022895350125,0,2,1,0
8877,61297773257178,0,3,1,0
8878,61022895350125,0,2,1,0
8878,61297773257178,0,3,1,0
8879,61022895350125,0,2,1,0
8879,61297773257178,0,3,1,0
8880,61022895350125,0,2,1,0
8880,61297773257178,0,3,1,0
8881,61022895350125,0,2,1,0
8881,61297773257178,0,3,1,0
8882,61022895350125,0,2,1,0
8882,61297773257178,0,3,1,0
8883,61022895350125,0,2,1,0
8883,61297773257178,0,3,1,0
8884,61022895350125,0,2,1,0
8884,61297773257178,0,3,1,0
8885,61022895350125,0,2,1,0
8885,61297773257178,0,3,1,0
8886,61022895350125,0,2,1,0
8886,61297773257178,0,3,1,0
8887,61022895350125,0,2,1,0
8887,61297773257178,0,3,1,0
8888,61022895350125,0,2,1,0
8888,61297773257178,0,3,1,0
8889,61022895350125,0,2,1,0
8889,61297773257178,0,3,1,0
8890,61022895350125,0,2,1,0
8890,61297773257178,0,3,1,0
8891,61022895350125,0,2,1,0
8891,61297773257178,0,3,1,0
8892,61022895350125,0,2,1,0
8892,61297773257178,0,3,1,0
8893,61022895350125,0,2,1,0
8893,61297773257178,0,3,1,0
8894,61022895350125,0,2,1,0
8894,61297773257178,0,3,1,0
8895,61022895350125,0,2,1,0
8895,61297773257178,0,3,1,0
8896,61022895350125,0,2,1,0
8896,61297773257178,0,3,1,0
8897,61022895350125,0,2,1,0
8897,61297773257178,0,3,1,0
8898,61022895350125,0,2,1,0
8898,61297773257178,0,3,1,0
8899,61022895350125,0,2,1,0
8899,61297773257178,0,3,1,0
8900,61022895350125,0,2,1,0
8900,61297773257178,0,3,1,0
8901,61022895350125,0,2,1,0
8901,61297773257178,0,3,1,0
8902,61022895350125,0,2,1,0
8902,61297773257178,0,3,1,0
8903,61022895350125,0,2,1,0
8903,61297773257178,0,3,1,0
8904,61022895350125,0,2,1,0
8904,61297773257178,0,3,1,0
8905,61022895350125,0,2,1,0
8905,61297773257178,0,3,1,0
8906,61022895350125,0,2,1,0
8906,61297773257178,0,3,1,0
8907,61022895350125,0,2,1,0
8907,61297773257178,0,3,1,0
8908,61022895350125,0,2,1,0
8908,61297773257178,0,3,1,0
8909,61022895350125,0,2,1,0
8909,61297773257178,0,3,1,0
8910,61022895350125,0,2,1,0
8910,61297773257178,0,3,1,0
8911,61022895350125,0,2,1,0
8911,61297773257178,0,3,1,0
8912,61022895350125,0,2,1,0
8912,61297773257178,0,3,1,0
8913,61022895350125,0,2,1,0
8913,61297773257178,0,3,1,0
8914,61022895350125,0,2,1,0
8914,61297773257178,0,3,1,0
8915,61022895350125,0,2,1,0
8915,61297773257178,0,3,1,0
8916,61022895350125,0,2,1,0
8916,61297773257178,0,3,1,0
8917,61022895350125,0,2,1,0
8917,61297773257178,0,3,1,0
8918,61022895350125,0,2,1,0
8918,61297773257178,0,3,1,0
8919,61022895350125,0,2,1,0
8919,61297773257178,0,3,1,0
8920,61022895350125,0,2,1,0
8920,61297773257178,0,3,1,0
8921,61022895350125,0,2,1,0
8921,61297773257178,0,3,1,0
8922,61022895350125,0,2,1,0
8922,61297773257178,0,3,1,0
8923,61022895350125,0,2,1,0
8923,61297773257178,0,3,1,0
8924,61022895350125,0,2,1,0
8924,61297773257178,0,3,1,0
8925,61022895350125,0,2,1,0
8925,61297773257178,0,3,1,0
8926,61022895350125,0,2,1,0
8926,61297773257178,0,3,1,0
8927,61022895350125,0,2,1,0
8927,61297773257178,0,3,1,0
8928,61022895350125,0,2,1,0
8928,61297773257178,0,3,1,0
8929,61022895350125,0,2,1,0
8929,61297773257178,0,3,1,0
8930,61022895350125,0,2,1,0
8930,61297773257178,0,3,1,0
8931,61022895350125,0,2,1,0
8931,61297773257178,0,3,1,0
8932,61022895350125,0,2,1,0
8932,61297773257178,0,3,1,0
8933,61022895350125,0,2,1,0
8933,61297773257178,0,3,1,0
8934,61022895350125,0,2,1,0
8934,61297773257178,0,3,1,0
8935,61022895350125,0,2,1,0
8935,61297773257178,0,3,1,0
8936,61022895350125,0,2,1,0
8936,61297773257178,0,3,1,0
8937,61022895350125,0,2,1,0
8937,61297773257178,0,3,1,0
8938,61022895350125,0,2,1,0
8938,61297773257178,0,3,1,0
8939,61022895350125,0,2,1,0
8939,61297773257178,0,3,1,0
8940,61022895350125,0,2,1,0
8940,61297773257178,0,3,1,0
8941,61022895350125,0,2,1,0
8941,61297773257178,0,3,1,0
8942,61022895350125,0,2,1,0
8942,61297773257178,0,3,1,0
8943,61022895350125,0,2,1,0
8943,61297773257178,0,3,1,0
8944,61022895350125,0,2,1,0
8944,61297773257178,0,3,1,0
8945,61022895350125,0,2,1,0
8945,61297773257178,0,3,1,0
8946,61022895350125,0,2,1,0
8946,61297773257178,0,3,1,0
8947,61022895350125,0,2,1,0
8947,61297773257178,0,3,1,0
8948,61022895350125,0,2,1,0
8948,61297773257178,0,3,1,0
8949,61022895350125,0,2,1,0
8949,61297773257178,0,3,1,0
8950,61022895350125,0,2,1,0
8950,61297773257178,0,3,1,0
8951,61022895350125,0,2,1,0
8951,61297773257178,0,3,1,0
8952,61022895350125,0,2,1,0
8952,61297773257178,0,3,1,0
8953,61022895350125,0,2,1,0
8953,61297773257178,0,3,1,0
8954,61022895350125,0,2,1,0
8954,61297773257178,0,3,1,0
8955,61022895350125,0,2,1,0
8955,61297773257178,0,3,1,0
8956,61022895350125,0,2,1,0
8956,61297773257178,0,3,1,0
8957,61022895350125,0,2,1,0
8957,61297773257178,0,3,1,0
8958,61022895350125,0,2,1,0
8958,61297773257178,0,3,1,0
8959,61022895350125,0,2,1,0
8959,61297773257178,0,3,1,0
8960,61022895350125,0,2,1,0
8960,61297773257178,0,3,1,0
8961,61022895350125,0,2,1,0
8961,61297773257178,0,3,1,0
8962,61022895350125,0,2,1,0
8962,61297773257178,0,3,1,0
8963,61022895350125,0,2,1,0
8963,61297773257178,0,3,1,0
8964,61022895350125,0,2,1,0
8964,61297773257178,0,3,1,0
8965,61022895350125,0,2,1,0
8965,61297773257178,0,3,1,0
8966,61022895350125,0,2,1,0
8966,61297773257178,0,3,1,0
8967,61022895350125,0,2,1,0
8967,61297773257178,0,3,1,0
8968,61022895350125,0,2,1,0
8968,61297773257178,0,3,1,0
8969,61022895350125,0,2,1,0
8969,61297773257178,0,3,1,0
8970,61022895350125,0,2,1,0
8970,61297773257178,0,3,1,0
8971,61022895350125,0,2,1,0
8971,61297773257178,0,3,1,0
8972,61022895350125,0,2,1,0
8972,61297773257178,0,3,1,0
8973,61022895350125,0,2,1,0
8973,61297773257178,0,3,1,0
8974,61022895350125,0,2,1,0
8974,61297773257178,0,3,1,0
8975,61022895350125,0,2,1,0
8975,61297773257178,0,3,1,0
8976,61022895350125,0,2,1,0
8976,61297773257178,0,3,1,0
8977,61022895350125,0,2,1,0
8977,61297773257178,0,3,1,0
8978,61022895350125,0,2,1,0
8978,61297773257178,0,3,1,0
8979,61022895350125,0,2,1,0
8979,61297773257178,0,3,1,0
8980,61022895350125,0,2,1,0
8980,61297773257178,0,3,1,0
8981,61022895350125,0,2,1,0
8981,61297773257178,0,3,1,0
8982,61022895350125,0,2,1,0
8982,61297773257178,0,3,1,0
8983,61022895350125,0,2,1,0
8983,61297773257178,0,3,1,0
8984,61022895350125,0,2,1,0
8984,61297773257178,0,3,1,0
8985,61022895350125,0,2,1,0
8985,61297773257178,0,3,1,0
8986,61022895350125,0,2,1,0
8986,61297773257178,0,3,1,0
8987,61022895350125,0,2,1,0
8987,61297773257178,0,3,1,0
8988,61022895350125,0,2,1,0
8988,61297773257178,0,3,1,0
8989,61022895350125,0,2,1,0
8989,61297773257178,0,3,1,0
8990,61022895350125,0,2,1,0
8990,61297773257178,0,3,1,0
8991,61022895350125,0,2,1,0
8991,61297773257178,0,3,1,0
8992,61022895350125,0,2,1,0
8992,61297773257178,0,3,1,0
8993,61022895350125,0,2,1,0
8993,61297773257178,0,3,1,0
8994,61022895350125,0,2,1,0
8994,61297773257178,0,3,1,0
8995,61022895350125,0,2,1,0
8995,61297773257178,0,3,1,0
8996,61022895350125,0,2,1,0
8996,61297773257178,0,3,1,0
8997,61022895350125,0,2,1,0
8997,61297773257178,0,3,1,0
8998,61022895350125,0,2,1,0
8998,61297773257178,0,3,1,0
8999,61022895350125,0,2,1,0
8999,61297773257178,0,3,1,0
9000,61022895350125,0,2,1,0
9000,61297773257178,0,3,1,0
9001,61022895350125,0,2,1,0
9001,61297773257178,0,3,1,0
9002,61022895350125,0,2,1,0
9002,61297773257178,0,3,1,0
9003,61022895350125,0,2,1,0
9003,61297773257178,0,3,1,0
9004,61022895350125,0,2,1,0
9004,61297773257178,0,3,1,0
9005,61022895350125,0,2,1,0
9005,61297773257178,0,3,1,0
9006,61022895350125,0,2,1,0
9006,61297773257178,0,3,1,0
9007,61022895350125,0,2,1,0
9007,61297773257178,0,3,1,0
9008,61022895350125,0,2,1,0
9008,61297773257178,0,3,1,0
9009,61022895350125,0,2,1,0
9009,61297773257178,0,3,1,0
9010,61022895350125,0,2,1,0
9010,61297773257178,0,3,1,0
9011,61022895350125,0,2,1,0
9011,61297773257178,0,3,1,0
9012,61022895350125,0,2,1,0
9012,61297773257178,0,3,1,0
9013,61022895350125,0,2,1,0
9013,61297773257178,0,3,1,0
9014,61022895350125,0,2,1,0
9014,61297773257178,0,3,1,0
9015,61022895350125,0,2,1,0
9015,61297773257178,0,3,1,0
9016,61022895350125,0,2,1,0
9016,61297773257178,0,3,1,0
9017,61022895350125,0,2,1,0
9017,61297773257178,0,3,1,0
9018,61022895350125,0,2,1,0
9018,61297773257178,0,3,1,0
9019,61022895350125,0,2,1,0
9019,61297773257178,0,3,1,0
9020,61022895350125,0,2,1,0
9020,61297773257178,0,3,1,0
9021,61022895350125,0,2,1,0
9021,61297773257178,0,3,1,0
9022,61022895350125,0,2,1,0
9022,61297773257178,0,3,1,0
9023,61022895350125,0,2,1,0
9023,61297773257178,0,3,1,0
9024,61022895350125,0,2,1,0
9024,61297773257178,0,3,1,0
9025,61022895350125,0,2,1,0
9025,61297773257178,0,3,1,0
9026,61022895350125,0,2,1,0
9026,61297773257178,0,3,1,0
9027,61022895350125,0,2,1,0
9027,61297773257178,0,3,1,0
9028,61022895350125,0,2,1,0
9028,61297773257178,0,3,1,0
9029,61022895350125,0,2,1,0
9029,61297773257178,0,3,1,0
9030,61022895350125,0,2,1,0
9030,61297773257178,0,3,1,0
9031,61022895350125,0,2,1,0
9031,61297773257178,0,3,1,0
9032,61022895350125,0,2,1,0
9032,61297773257178,0,3,1,0
9033,61022895350125,0,2,1,0
9033,61297773257178,0,3,1,0
9034,61022895350125,0,2,1,0
9034,61297773257178,0,3,1,0
9035,61022895350125,0,2,1,0
9035,61297773257178,0,3,1,0
9036,61022895350125,0,2,1,0
9036,61297773257178,0,3,1,0
9037,61022895350125,0,2,1,0
9037,61297773257178,0,3,1,0
9038,61022895350125,0,2,1,0
9038,61297773257178,0,3,1,0
9039,61022895350125,0,2,1,0
9039,61297773257178,0,3,1,0
9040,61022895350125,0,2,1,0
9040,61297773257178,0,3,1,0
9041,61022895350125,0,2,1,0
9041,61297773257178,0,3,1,0
9042,61022895350125,0,2,1,0
9042,61297773257178,0,3,1,0
9043,61022895350125,0,2,1,0
9043,61297773257178,0,3,1,0
9044,61022895350125,0,2,1,0
9044,61297773257178,0,3,1,0
9045,61022895350125,0,2,1,0
9045,61297773257178,0,3,1,0
9046,61022895350125,0,2,1,0
9046,61297773257178,0,3,1,0
9047,61022895350125,0,2,1,0
9047,61297773257178,0,3,1,0
9048,61022895350125,0,2,1,0
9048,61297773257178,0,3,1,0
9049,61022895350125,0,2,1,0
9049,61297773257178,0,3,1,0
9050,61022895350125,0,2,1,0
9050,61297773257178,0,3,1,0
9051,61022895350125,0,2,1,0
9051,61297773257178,0,3,1,0
9052,61022895350125,0,2,1,0
9052,61297773257178,0,3,1,0
9053,61022895350125,0,2,1,0
9053,61297773257178,0,3,1,0
9054,61022895350125,0,2,1,0
9054,61297773257178,0,3,1,0
9055,61022895350125,0,2,1,0
9055,61297773257178,0,3,1,0
9056,61022895350125,0,2,1,0
9056,61297773257178,0,3,1,0
9057,61022895350125,0,2,1,0
9057,61297773257178,0,3,1,0
9058,61022895350125,0,2,1,0
9058,61297773257178,0,3,1,0
9059,61022895350125,0,2,1,0
9059,61297773257178,0,3,1,0
9060,61022895350125,0,2,1,0
9060,61297773257178,0,3,1,0
9061,61022895350125,0,2,1,0
9061,61297773257178,0,3,1,0
9062,61022895350125,0,2,1,0
9062,61297773257178,0,3,1,0
9063,61022895350125,0,2,1,0
9063,61297773257178,0,3,1,0
9064,61022895350125,0,2,1,0
9064,61297773257178,0,3,1,0
9065,61022895350125,0,2,1,0
9065,61297773257178,0,3,1,0
9066,61022895350125,0,2,1,0
9066,61297773257178,0,3,1,0
9067,61022895350125,0,2,1,0
9067,61297773257178,0,3,1,0
9068,61022895350125,0,2,1,0
9068,61297773257178,0,3,1,0
9069,61022895350125,0,2,1,0
9069,61297773257178,0,3,1,0
9070,61022895350125,0,2,1,0
9070,61297773257178,0,3,1,0
9071,61022895350125,0,2,1,0
9071,61297773257178,0,3,1,0
9072,61022895350125,0,2,1,0
9072,61297773257178,0,3,1,0
9073,61022895350125,0,2,1,0
9073,61297773257178,0,3,1,0
9074,61022895350125,0,2,1,0
9074,61297773257178,0,3,1,0
9075,61022895350125,0,2,1,0
9075,61297773257178,0,3,1,0
9076,61022895350125,0,2,1,0
9076,61297773257178,0,3,1,0
9077,61022895350125,0,2,1,0
9077,61297773257178,0,3,1,0
9078,61022895350125,0,2,1,0
9078,61297773257178,0,3,1,0
9079,61022895350125,0,2,1,0
9079,61297773257178,0,3,1,0
9080,61022895350125,0,2,1,0
9080,61297773257178,0,3,1,0
9081,61022895350125,0,2,1,0
9081,61297773257178,0,3,1,0
9082,61022895350125,0,2,1,0
9082,61297773257178,0,3,1,0
9083,61022895350125,0,2,1,0
9083,61297773257178,0,3,1,0
9084,61022895350125,0,2,1,0
9084,61297773257178,0,3,1,0
9085,61022895350125,0,2,1,0
9085,61297773257178,0,3,1,0
9086,61022895350125,0,2,1,0
9086,61297773257178,0,3,1,0
9087,61022895350125,0,2,1,0
9087,61297773257178,0,3,1,0
9088,61022895350125,0,2,1,0
9088,61297773257178,0,3,1,0
9089,61022895350125,0,2,1,0
9089,61297773257178,0,3,1,0
9090,61022895350125,0,2,1,0
9090,61297773257178,0,3,1,0
9091,61022895350125,0,2,1,0
9091,61297773257178,0,3,1,0
9092,61022895350125,0,2,1,0
9092,61297773257178,0,3,1,0
9093,61022895350125,0,2,1,0
9093,61297773257178,0,3,1,0
9094,61022895350125,0,2,1,0
9094,61297773257178,0,3,1,0
9095,61022895350125,0,2,1,0
9095,61297773257178,0,3,1,0
9096,61022895350125,0,2,1,0
9096,61297773257178,0,3,1,0
9097,61022895350125,0,2,1,0
9097,61297773257178,0,3,1,0
9098,61022895350125,0,2,1,0
9098,61297773257178,0,3,1,0
9099,61022895350125,0,2,1,0
9099,61297773257178,0,3,1,0
9100,61022895350125,0,2,1,0
9100,61297773257178,0,3,1,0
9101,61022895350125,0,2,1,0
9101,61297773257178,0,3,1,0
9102,61022895350125,0,2,1,0
9102,61297773257178,0,3,1,0
9103,61022895350125,0,2,1,0
9103,61297773257178,0,3,1,0
9104,61022895350125,0,2,1,0
9104,61297773257178,0,3,1,0
9105,61022895350125,0,2,1,0
9105,61297773257178,0,3,1,0
9106,61022895350125,0,2,1,0
9106,61297773257178,0,3,1,0
9107,61022895350125,0,2,1,0
9107,61297773257178,0,3,1,0
9108,61022895350125,0,2,1,0
9108,61297773257178,0,3,1,0
9109,61022895350125,0,2,1,0
9109,61297773257178,0,3,1,0
9110,61022895350125,0,2,1,0
9110,61297773257178,0,3,1,0
9111,61022895350125,0,2,1,0
9111,61297773257178,0,3,1,0
9112,61022895350125,0,2,1,0
9112,61297773257178,0,3,1,0
9113,61022895350125,0,2,1,0
9113,61297773257178,0,3,1,0
9114,61022895350125,0,2,1,0
9114,61297773257178,0,3,1,0
9115,61022895350125,0,2,1,0
9115,61297773257178,0,3,1,0
9116,61022895350125,0,2,1,0
9116,61297773257178,0,3,1,0
9117,61022895350125,0,2,1,0
9117,61297773257178,0,3,1,0
9118,61022895350125,0,2,1,0
9118,61297773257178,0,3,1,0
9119,61022895350125,0,2,1,0
9119,61297773257178,0,3,1,0
9120,61022895350125,0,2,1,0
9120,61297773257178,0,3,1,0
9121,61022895350125,0,2,1,0
9121,61297773257178,0,3,1,0
9122,61022895350125,0,2,1,0
9122,61297773257178,0,3,1,0
9123,61022895350125,0,2,1,0
9123,61297773257178,0,3,1,0
9124,61022895350125,0,2,1,0
9124,61297773257178,0,3,1,0
9125,61022895350125,0,2,1,0
9125,61297773257178,0,3,1,0
9126,61022895350125,0,2,1,0
9126,61297773257178,0,3,1,0
9127,61022895350125,0,2,1,0
9127,61297773257178,0,3,1,0
9128,61022895350125,0,2,1,0
9128,61297773257178,0,3,1,0
9129,61022895350125,0,2,1,0
9129,61297773257178,0,3,1,0
9130,61022895350125,0,2,1,0
9130,61297773257178,0,3,1,0
9131,61022895350125,0,2,1,0
9131,61297773257178,0,3,1,0
9132,61022895350125,0,2,1,0
9132,61297773257178,0,3,1,0
9133,61022895350125,0,2,1,0
9133,61297773257178,0,3,1,0
9134,61022895350125,0,2,1,0
9134,61297773257178,0,3,1,0
9135,61022895350125,0,2,1,0
9135,61297773257178,0,3,1,0
9136,61022895350125,0,2,1,0
9136,61297773257178,0,3,1,0
9137,61022895350125,0,2,1,0
9137,61297773257178,0,3,1,0
9138,61022895350125,0,2,1,0
9138,61297773257178,0,3,1,0
9139,61022895350125,0,2,1,0
9139,61297773257178,0,3,1,0
9140,61022895350125,0,2,1,0
9140,61297773257178,0,3,1,0
9141,61022895350125,0,2,1,0
9141,61297773257178,0,3,1,0
9142,61022895350125,0,2,1,0
9142,61297773257178,0,3,1,0
9143,61022895350125,0,2,1,0
9143,61297773257178,0,3,1,0
9144,61022895350125,0,2,1,0
9144,61297773257178,0,3,1,0
9145,61022895350125,0,2,1,0
9145,61297773257178,0,3,1,0
9146,61022895350125,0,2,1,0
9146,61297773257178,0,3,1,0
9147,61022895350125,0,2,1,0
9147,61297773257178,0,3,1,0
9148,61022895350125,0,2,1,0
9148,61297773257178,0,3,1,0
9149,61022895350125,0,2,1,0
9149,61297773257178,0,3,1,0
9150,61022895350125,0,2,1,0
9150,61297773257178,0,3,1,0
9151,61022895350125,0,2,1,0
9151,61297773257178,0,3,1,0
9152,61022895350125,0,2,1,0
9152,61297773257178,0,3,1,0
9153,61022895350125,0,2,1,0
9153,61297773257178,0,3,1,0
9154,61022895350125,0,2,1,0
9154,61297773257178,0,3,1,0
9155,61022895350125,0,2,1,0
9155,61297773257178,0,3,1,0
9156,61022895350125,0,2,1,0
9156,61297773257178,0,3,1,0
9157,61022895350125,0,2,1,0
9157,61297773257178,0,3,1,0
9158,61022895350125,0,2,1,0
9158,61297773257178,0,3,1,0
9159,61022895350125,0,2,1,0
9159,61297773257178,0,3,1,0
9160,61022895350125,0,2,1,0
9160,61297773257178,0,3,1,0
9161,61022895350125,0,2,1,0
9161,61297773257178,0,3,1,0
9162,61022895350125,0,2,1,0
9162,61297773257178,0,3,1,0
9163,61022895350125,0,2,1,0
9163,61297773257178,0,3,1,0
9164,61022895350125,0,2,1,0
9164,61297773257178,0,3,1,0
9165,61022895350125,0,2,1,0
9165,61297773257178,0,3,1,0
9166,61022895350125,0,2,1,0
9166,61297773257178,0,3,1,0
9167,61022895350125,0,2,1,0
9167,61297773257178,0,3,1,0
9168,61022895350125,0,2,1,0
9168,61297773257178,0,3,1,0
9169,61022895350125,0,2,1,0
9169,61297773257178,0,3,1,0
9170,61022895350125,0,2,1,0
9170,61297773257178,0,3,1,0
9171,61022895350125,0,2,1,0
9171,61297773257178,0,3,1,0
9172,61022895350125,0,2,1,0
9172,61297773257178,0,3,1,0
9173,61022895350125,0,2,1,0
9173,61297773257178,0,3,1,0
9174,61022895350125,0,2,1,0
9174,61297773257178,0,3,1,0
9175,61022895350125,0,2,1,0
9175,61297773257178,0,3,1,0
9176,61022895350125,0,2,1,0
9176,61297773257178,0,3,1,0
9177,61022895350125,0,2,1,0
9177,61297773257178,0,3,1,0
9178,61022895350125,0,2,1,0
9178,61297773257178,0,3,1,0
9179,61022895350125,0,2,1,0
9179,61297773257178,0,3,1,0
9180,61022895350125,0,2,1,0
9180,61297773257178,0,3,1,0
9181,61022895350125,0,2,1,0
9181,61297773257178,0,3,1,0
9182,61022895350125,0,2,1,0
9182,61297773257178,0,3,1,0
9183,61022895350125,0,2,1,0
9183,61297773257178,0,3,1,0
9184,61022895350125,0,2,1,0
9184,61297773257178,0,3,1,0
9185,61022895350125,0,2,1,0
9185,61297773257178,0,3,1,0
9186,61022895350125,0,2,1,0
9186,61297773257178,0,3,1,0
9187,61022895350125,0,2,1,0
9187,61297773257178,0,3,1,0
9188,61022895350125,0,2,1,0
9188,61297773257178,0,3,1,0
9189,61022895350125,0,2,1,0
9189,61297773257178,0,3,1,0
9190,61022895350125,0,2,1,0
9190,61297773257178,0,3,1,0
9191,61022895350125,0,2,1,0
9191,61297773257178,0,3,1,0
9192,61022895350125,0,2,1,0
9192,61297773257178,0,3,1,0
9193,61022895350125,0,2,1,0
9193,61297773257178,0,3,1,0
9194,61022895350125,0,2,1,0
9194,61297773257178,0,3,1,0
9195,61022895350125,0,2,1,0
9195,61297773257178,0,3,1,0
9196,61022895350125,0,2,1,0
9196,61297773257178,0,3,1,0
9197,61022895350125,0,2,1,0
9197,61297773257178,0,3,1,0
9198,61022895350125,0,2,1,0
9198,61297773257178,0,3,1,0
9199,61022895350125,0,2,1,0
9199,61297773257178,0,3,1,0
9200,61022895350125,0,2,1,0
9200,61297773257178,0,3,1,0
9201,61022895350125,0,2,1,0
9201,61297773257178,0,3,1,0
9202,61022895350125,0,2,1,0
9202,61297773257178,0,3,1,0
9203,61022895350125,0,2,1,0
9203,61297773257178,0,3,1,0
9204,61022895350125,0,2,1,0
9204,61297773257178,0,3,1,0
9205,61022895350125,0,2,1,0
9205,61297773257178,0,3,1,0
9206,61022895350125,0,2,1,0
9206,61297773257178,0,3,1,0
9207,61022895350125,0,2,1,0
9207,61297773257178,0,3,1,0
9208,61022895350125,0,2,1,0
9208,61297773257178,0,3,1,0
9209,61022895350125,0,2,1,0
9209,61297773257178,0,3,1,0
9210,61022895350125,0,2,1,0
9210,61297773257178,0,3,1,0
9211,61022895350125,0,2,1,0
9211,61297773257178,0,3,1,0
9212,61022895350125,0,2,1,0
9212,61297773257178,0,3,1,0
9213,61022895350125,0,2,1,0
9213,61297773257178,0,3,1,0
9214,61022895350125,0,2,1,0
9214,61297773257178,0,3,1,0
9215,61022895350125,0,2,1,0
9215,61297773257178,0,3,1,0
9216,61022895350125,0,2,1,0
9216,61297773257178,0,3,1,0
9217,61022895350125,0,2,1,0
9217,61297773257178,0,3,1,0
9218,61022895350125,0,2,1,0
9218,61297773257178,0,3,1,0
9219,61022895350125,0,2,1,0
9219,61297773257178,0,3,1,0
9220,61022895350125,0,2,1,0
9220,61297773257178,0,3,1,0
9221,61022895350125,0,2,1,0
9221,61297773257178,0,3,1,0
9222,61022895350125,0,2,1,0
9222,61297773257178,0,3,1,0
9223,61022895350125,0,2,1,0
9223,61297773257178,0,3,1,0
9224,61022895350125,0,2,1,0
9224,61297773257178,0,3,1,0
9225,61022895350125,0,2,1,0
9225,61297773257178,0,3,1,0
9226,61022895350125,0,2,1,0
9226,61297773257178,0,3,1,0
9227,61022895350125,0,2,1,0
9227,61297773257178,0,3,1,0
9228,61022895350125,0,2,1,0
9228,61297773257178,0,3,1,0
9229,61022895350125,0,2,1,0
9229,61297773257178,0,3,1,0
9230,61022895350125,0,2,1,0
9230,61297773257178,0,3,1,0
9231,61022895350125,0,2,1,0
9231,61297773257178,0,3,1,0
9232,61022895350125,0,2,1,0
9232,61297773257178,0,3,1,0
9233,61022895350125,0,2,1,0
9233,61297773257178,0,3,1,0
9234,61022895350125,0,2,1,0
9234,61297773257178,0,3,1,0
9235,61022895350125,0,2,1,0
9235,61297773257178,0,3,1,0
9236,61022895350125,0,2,1,0
9236,61297773257178,0,3,1,0
9237,61022895350125,0,2,1,0
9237,61297773257178,0,3,1,0
9238,61022895350125,0,2,1,0
9238,61297773257178,0,3,1,0
9239,61022895350125,0,2,1,0
9239,61297773257178,0,3,1,0
9240,61022895350125,0,2,1,0
9240,61297773257178,0,3,1,0
9241,61022895350125,0,2,1,0
9241,61297773257178,0,3,1,0
9242,61022895350125,0,2,1,0
9242,61297773257178,0,3,1,0
9243,61022895350125,0,2,1,0
9243,61297773257178,0,3,1,0
9244,61022895350125,0,2,1,0
9244,61297773257178,0,3,1,0
9245,61022895350125,0,2,1,0
9245,61297773257178,0,3,1,0
9246,61022895350125,0,2,1,0
9246,61297773257178,0,3,1,0
9247,61022895350125,0,2,1,0
9247,61297773257178,0,3,1,0
9248,61022895350125,0,2,1,0
9248,61297773257178,0,3,1,0
9249,61022895350125,0,2,1,0
9249,61297773257178,0,3,1,0
9250,61022895350125,0,2,1,0
9250,61297773257178,0,3,1,0
9251,61022895350125,0,2,1,0
9251,61297773257178,0,3,1,0
9252,61022895350125,0,2,1,0
9252,61297773257178,0,3,1,0
9253,61022895350125,0,2,1,0
9253,61297773257178,0,3,1,0
9254,61022895350125,0,2,1,0
9254,61297773257178,0,3,1,0
9255,61022895350125,0,2,1,0
9255,61297773257178,0,3,1,0
9256,61022895350125,0,2,1,0
9256,61297773257178,0,3,1,0
9257,61022895350125,0,2,1,0
9257,61297773257178,0,3,1,0
9258,61022895350125,0,2,1,0
9258,61297773257178,0,3,1,0
9259,61022895350125,0,2,1,0
9259,61297773257178,0,3,1,0
9260,61022895350125,0,2,1,0
9260,61297773257178,0,3,1,0
9261,61022895350125,0,2,1,0
9261,61297773257178,0,3,1,0
9262,61022895350125,0,2,1,0
9262,61297773257178,0,3,1,0
9263,61022895350125,0,2,1,0
9263,61297773257178,0,3,1,0
9264,61022895350125,0,2,1,0
9264,61297773257178,0,3,1,0
9265,61022895350125,0,2,1,0
9265,61297773257178,0,3,1,0
9266,61022895350125,0,2,1,0
9266,61297773257178,0,3,1,0
9267,61022895350125,0,2,1,0
9267,61297773257178,0,3,1,0
9268,61022895350125,0,2,1,0
9268,61297773257178,0,3,1,0
9269,61022895350125,0,2,1,0
9269,61297773257178,0,3,1,0
9270,61022895350125,0,2,1,0
9270,61297773257178,0,3,1,0
9271,61022895350125,0,2,1,0
9271,61297773257178,0,3,1,0
9272,61022895350125,0,2,1,0
9272,61297773257178,0,3,1,0
9273,61022895350125,0,2,1,0
9273,61297773257178,0,3,1,0
9274,61022895350125,0,2,1,0
9274,61297773257178,0,3,1,0
9275,61022895350125,0,2,1,0
9275,61297773257178,0,3,1,0
9276,61022895350125,0,2,1,0
9276,61297773257178,0,3,1,0
9277,61022895350125,0,2,1,0
9277,61297773257178,0,3,1,0
9278,61022895350125,0,2,1,0
9278,61297773257178,0,3,1,0
9279,61022895350125,0,2,1,0
9279,61297773257178,0,3,1,0
9280,61022895350125,0,2,1,0
9280,61297773257178,0,3,1,0
9281,61022895350125,0,2,1,0
9281,61297773257178,0,3,1,0
9282,61022895350125,0,2,1,0
9282,61297773257178,0,3,1,0
9283,61022895350125,0,2,1,0
9283,61297773257178,0,3,1,0
9284,61022895350125,0,2,1,0
9284,61297773257178,0,3,1,0
9285,61022895350125,0,2,1,0
9285,61297773257178,0,3,1,0
9286,61022895350125,0,2,1,0
9286,61297773257178,0,3,1,0
9287,61022895350125,0,2,1,0
9287,61297773257178,0,3,1,0
9288,61022895350125,0,2,1,0
9288,61297773257178,0,3,1,0
9289,61022895350125,0,2,1,0
9289,61297773257178,0,3,1,0
9290,61022895350125,0,2,1,0
9290,61297773257178,0,3,1,0
9291,61022895350125,0,2,1,0
9291,61297773257178,0,3,1,0
9292,61022895350125,0,2,1,0
9292,61297773257178,0,3,1,0
9293,61022895350125,0,2,1,0
9293,61297773257178,0,3,1,0
9294,61022895350125,0,2,1,0
9294,61297773257178,0,3,1,0
9295,61022895350125,0,2,1,0
9295,61297773257178,0,3,1,0
9296,61022895350125,0,2,1,0
9296,61297773257178,0,3,1,0
9297,61022895350125,0,2,1,0
9297,61297773257178,0,3,1,0
9298,61022895350125,0,2,1,0
9298,61297773257178,0,3,1,0
9299,61022895350125,0,2,1,0
9299,61297773257178,0,3,1,0
9300,61022895350125,0,2,1,0
9300,61297773257178,0,3,1,0
9301,61022895350125,0,2,1,0
9301,61297773257178,0,3,1,0
9302,61022895350125,0,2,1,0
9302,61297773257178,0,3,1,0
9303,61022895350125,0,2,1,0
9303,61297773257178,0,3,1,0
9304,61022895350125,0,2,1,0
9304,61297773257178,0,3,1,0
9305,61022895350125,0,2,1,0
9305,61297773257178,0,3,1,0
9306,61022895350125,0,2,1,0
9306,61297773257178,0,3,1,0
9307,61022895350125,0,2,1,0
9307,61297773257178,0,3,1,0
9308,61022895350125,0,2,1,0
9308,61297773257178,0,3,1,0
9309,61022895350125,0,2,1,0
9309,61297773257178,0,3,1,0
9310,61022895350125,0,2,1,0
9310,61297773257178,0,3,1,0
9311,61022895350125,0,2,1,0
9311,61297773257178,0,3,1,0
9312,61022895350125,0,2,1,0
9312,61297773257178,0,3,1,0
9313,61022895350125,0,2,1,0
9313,61297773257178,0,3,1,0
9314,61022895350125,0,2,1,0
9314,61297773257178,0,3,1,0
9315,61022895350125,0,2,1,0
9315,61297773257178,0,3,1,0
9316,61022895350125,0,2,1,0
9316,61297773257178,0,3,1,0
9317,61022895350125,0,2,1,0
9317,61297773257178,0,3,1,0
9318,61022895350125,0,2,1,0
9318,61297773257178,0,3,1,0
9319,61022895350125,0,2,1,0
9319,61297773257178,0,3,1,0
9320,61022895350125,0,2,1,0
9320,61297773257178,0,3,1,0
9321,61022895350125,0,2,1,0
9321,61297773257178,0,3,1,0
9322,61022895350125,0,2,1,0
9322,61297773257178,0,3,1,0
9323,61022895350125,0,2,1,0
9323,61297773257178,0,3,1,0
9324,61022895350125,0,2,1,0
9324,61297773257178,0,3,1,0
9325,61022895350125,0,2,1,0
9325,61297773257178,0,3,1,0
9326,61022895350125,0,2,1,0
9326,61297773257178,0,3,1,0
9327,61022895350125,0,2,1,0
9327,61297773257178,0,3,1,0
9328,61022895350125,0,2,1,0
9328,61297773257178,0,3,1,0
9329,61022895350125,0,2,1,0
9329,61297773257178,0,3,1,0
9330,61022895350125,0,2,1,0
9330,61297773257178,0,3,1,0
9331,61022895350125,0,2,1,0
9331,61297773257178,0,3,1,0
9332,61022895350125,0,2,1,0
9332,61297773257178,0,3,1,0
9333,61022895350125,0,2,1,0
9333,61297773257178,0,3,1,0
9334,61022895350125,0,2,1,0
9334,61297773257178,0,3,1,0
9335,61022895350125,0,2,1,0
9335,61297773257178,0,3,1,0
9336,61022895350125,0,2,1,0
9336,61297773257178,0,3,1,0
9337,61022895350125,0,2,1,0
9337,61297773257178,0,3,1,0
9338,61022895350125,0,2,1,0
9338,61297773257178,0,3,1,0
9339,61022895350125,0,2,1,0
9339,61297773257178,0,3,1,0
9340,61022895350125,0,2,1,0
9340,61297773257178,0,3,1,0
9341,61022895350125,0,2,1,0
9341,61297773257178,0,3,1,0
9342,61022895350125,0,2,1,0
9342,61297773257178,0,3,1,0
9343,61022895350125,0,2,1,0
9343,61297773257178,0,3,1,0
9344,61022895350125,0,2,1,0
9344,61297773257178,0,3,1,0
9345,61022895350125,0,2,1,0
9345,61297773257178,0,3,1,0
9346,61022895350125,0,2,1,0
9346,61297773257178,0,3,1,0
9347,61022895350125,0,2,1,0
9347,61297773257178,0,3,1,0
9348,61022895350125,0,2,1,0
9348,61297773257178,0,3,1,0
9349,61022895350125,0,2,1,0
9349,61297773257178,0,3,1,0
9350,61022895350125,0,2,1,0
9350,61297773257178,0,3,1,0
9351,61022895350125,0,2,1,0
9351,61297773257178,0,3,1,0
9352,61022895350125,0,2,1,0
9352,61297773257178,0,3,1,0
9353,61022895350125,0,2,1,0
9353,61297773257178,0,3,1,0
9354,61022895350125,0,2,1,0
9354,61297773257178,0,3,1,0
9355,61022895350125,0,2,1,0
9355,61297773257178,0,3,1,0
9356,61022895350125,0,2,1,0
9356,61297773257178,0,3,1,0
9357,61022895350125,0,2,1,0
9357,61297773257178,0,3,1,0
9358,61022895350125,0,2,1,0
9358,61297773257178,0,3,1,0
9359,61022895350125,0,2,1,0
9359,61297773257178,0,3,1,0
9360,61022895350125,0,2,1,0
9360,61297773257178,0,3,1,0
9361,61022895350125,0,2,1,0
9361,61297773257178,0,3,1,0
9362,61022895350125,0,2,1,0
9362,61297773257178,0,3,1,0
9363,61022895350125,0,2,1,0
9363,61297773257178,0,3,1,0
9364,61022895350125,0,2,1,0
9364,61297773257178,0,3,1,0
9365,61022895350125,0,2,1,0
9365,61297773257178,0,3,1,0
9366,61022895350125,0,2,1,0
9366,61297773257178,0,3,1,0
9367,61022895350125,0,2,1,0
9367,61297773257178,0,3,1,0
9368,61022895350125,0,2,1,0
9368,61297773257178,0,3,1,0
9369,61022895350125,0,2,1,0
9369,61297773257178,0,3,1,0
9370,61022895350125,0,2,1,0
9370,61297773257178,0,3,1,0
9371,61022895350125,0,2,1,0
9371,61297773257178,0,3,1,0
9372,61022895350125,0,2,1,0
9372,61297773257178,0,3,1,0
9373,61022895350125,0,2,1,0
9373,61297773257178,0,3,1,0
9374,61022895350125,0,2,1,0
9374,61297773257178,0,3,1,0
9375,61022895350125,0,2,1,0
9375,61297773257178,0,3,1,0
9376,61022895350125,0,2,1,0
9376,61297773257178,0,3,1,0
9377,61022895350125,0,2,1,0
9377,61297773257178,0,3,1,0
9378,61022895350125,0,2,1,0
9378,61297773257178,0,3,1,0
9379,61022895350125,0,2,1,0
9379,61297773257178,0,3,1,0
9380,61022895350125,0,2,1,0
9380,61297773257178,0,3,1,0
9381,61022895350125,0,2,1,0
9381,61297773257178,0,3,1,0
9382,61022895350125,0,2,1,0
9382,61297773257178,0,3,1,0
9383,61022895350125,0,2,1,0
9383,61297773257178,0,3,1,0
9384,61022895350125,0,2,1,0
9384,61297773257178,0,3,1,0
9385,61022895350125,0,2,1,0
9385,61297773257178,0,3,1,0
9386,61022895350125,0,2,1,0
9386,61297773257178,0,3,1,0
9387,61022895350125,0,2,1,0
9387,61297773257178,0,3,1,0
9388,61022895350125,0,2,1,0
9388,61297773257178,0,3,1,0
9389,61022895350125,0,2,1,0
9389,61297773257178,0,3,1,0
9390,61022895350125,0,2,1,0
9390,61297773257178,0,3,1,0
9391,61022895350125,0,2,1,0
9391,61297773257178,0,3,1,0
9392,61022895350125,0,2,1,0
9392,61297773257178,0,3,1,0
9393,61022895350125,0,2,1,0
9393,61297773257178,0,3,1,0
9394,61022895350125,0,2,1,0
9394,61297773257178,0,3,1,0
9395,61022895350125,0,2,1,0
9395,61297773257178,0,3,1,0
9396,61022895350125,0,2,1,0
9396,61297773257178,0,3,1,0
9397,61022895350125,0,2,1,0
9397,61297773257178,0,3,1,0
9398,61022895350125,0,2,1,0
9398,61297773257178,0,3,1,0
9399,61022895350125,0,2,1,0
9399,61297773257178,0,3,1,0
9400,61022895350125,0,2,1,0
9400,61297773257178,0,3,1,0
9401,61022895350125,0,2,1,0
9401,61297773257178,0,3,1,0
9402,61022895350125,0,2,1,0
9402,61297773257178,0,3,1,0
9403,61022895350125,0,2,1,0
9403,61297773257178,0,3,1,0
9404,61022895350125,0,2,1,0
9404,61297773257178,0,3,1,0
9405,61022895350125,0,2,1,0
9405,61297773257178,0,3,1,0
9406,61022895350125,0,2,1,0
9406,61297773257178,0,3,1,0
9407,61022895350125,0,2,1,0
9407,61297773257178,0,3,1,0
9408,61022895350125,0,2,1,0
9408,61297773257178,0,3,1,0
9409,61022895350125,0,2,1,0
9409,61297773257178,0,3,1,0
9410,61022895350125,0,2,1,0
9410,61297773257178,0,3,1,0
9411,61022895350125,0,2,1,0
9411,61297773257178,0,3,1,0
9412,61022895350125,0,2,1,0
9412,61297773257178,0,3,1,0
9413,61022895350125,0,2,1,0
9413,61297773257178,0,3,1,0
9414,61022895350125,0,2,1,0
9414,61297773257178,0,3,1,0
9415,61022895350125,0,2,1,0
9415,61297773257178,0,3,1,0
9416,61022895350125,0,2,1,0
9416,61297773257178,0,3,1,0
9417,61022895350125,0,2,1,0
9417,61297773257178,0,3,1,0
9418,61022895350125,0,2,1,0
9418,61297773257178,0,3,1,0
9419,61022895350125,0,2,1,0
9419,61297773257178,0,3,1,0
9420,61022895350125,0,2,1,0
9420,61297773257178,0,3,1,0
9421,61022895350125,0,2,1,0
9421,61297773257178,0,3,1,0
9422,61022895350125,0,2,1,0
9422,61297773257178,0,3,1,0
9423,61022895350125,0,2,1,0
9423,61297773257178,0,3,1,0
9424,61022895350125,0,2,1,0
9424,61297773257178,0,3,1,0
9425,61022895350125,0,2,1,0
9425,61297773257178,0,3,1,0
9426,61022895350125,0,2,1,0
9426,61297773257178,0,3,1,0
9427,61022895350125,0,2,1,0
9427,61297773257178,0,3,1,0
9428,61022895350125,0,2,1,0
9428,61297773257178,0,3,1,0
9429,61022895350125,0,2,1,0
9429,61297773257178,0,3,1,0
9430,61022895350125,0,2,1,0
9430,61297773257178,0,3,1,0
9431,61022895350125,0,2,1,0
9431,61297773257178,0,3,1,0
9432,61022895350125,0,2,1,0
9432,61297773257178,0,3,1,0
9433,61022895350125,0,2,1,0
9433,61297773257178,0,3,1,0
9434,61022895350125,0,2,1,0
9434,61297773257178,0,3,1,0
9435,61022895350125,0,2,1,0
9435,61297773257178,0,3,1,0
9436,61022895350125,0,2,1,0
9436,61297773257178,0,3,1,0
9437,61022895350125,0,2,1,0
9437,61297773257178,0,3,1,0
9438,61022895350125,0,2,1,0
9438,61297773257178,0,3,1,0
9439,61022895350125,0,2,1,0
9439,61297773257178,0,3,1,0
9440,61022895350125,0,2,1,0
9440,61297773257178,0,3,1,0
9441,61022895350125,0,2,1,0
9441,61297773257178,0,3,1,0
9442,61022895350125,0,2,1,0
9442,61297773257178,0,3,1,0
9443,61022895350125,0,2,1,0
9443,61297773257178,0,3,1,0
9444,61022895350125,0,2,1,0
9444,61297773257178,0,3,1,0
9445,61022895350125,0,2,1,0
9445,61297773257178,0,3,1,0
9446,61022895350125,0,2,1,0
9446,61297773257178,0,3,1,0
9447,61022895350125,0,2,1,0
9447,61297773257178,0,3,1,0
9448,61022895350125,0,2,1,0
9448,61297773257178,0,3,1,0
9449,61022895350125,0,2,1,0
9449,61297773257178,0,3,1,0
9450,61022895350125,0,2,1,0
9450,61297773257178,0,3,1,0
9451,61022895350125,0,2,1,0
9451,61297773257178,0,3,1,0
9452,61022895350125,0,2,1,0
9452,61297773257178,0,3,1,0
9453,61022895350125,0,2,1,0
9453,61297773257178,0,3,1,0
9454,61022895350125,0,2,1,0
9454,61297773257178,0,3,1,0
9455,61022895350125,0,2,1,0
9455,61297773257178,0,3,1,0
9456,61022895350125,0,2,1,0
9456,61297773257178,0,3,1,0
9457,61022895350125,0,2,1,0
9457,61297773257178,0,3,1,0
9458,61022895350125,0,2,1,0
9458,61297773257178,0,3,1,0
9459,61022895350125,0,2,1,0
9459,61297773257178,0,3,1,0
9460,61022895350125,0,2,1,0
9460,61297773257178,0,3,1,0
9461,61022895350125,0,2,1,0
9461,61297773257178,0,3,1,0
9462,61022895350125,0,2,1,0
9462,61297773257178,0,3,1,0
9463,61022895350125,0,2,1,0
9463,61297773257178,0,3,1,0
9464,61022895350125,0,2,1,0
9464,61297773257178,0,3,1,0
9465,61022895350125,0,2,1,0
9465,61297773257178,0,3,1,0
9466,61022895350125,0,2,1,0
9466,61297773257178,0,3,1,0
9467,61022895350125,0,2,1,0
9467,61297773257178,0,3,1,0
9468,61022895350125,0,2,1,0
9468,61297773257178,0,3,1,0
9469,61022895350125,0,2,1,0
9469,61297773257178,0,3,1,0
9470,61022895350125,0,2,1,0
9470,61297773257178,0,3,1,0
9471,61022895350125,0,2,1,0
9471,61297773257178,0,3,1,0
9472,61022895350125,0,2,1,0
9472,61297773257178,0,3,1,0
9473,61022895350125,0,2,1,0
9473,61297773257178,0,3,1,0
9474,61022895350125,0,2,1,0
9474,61297773257178,0,3,1,0
9475,61022895350125,0,2,1,0
9475,61297773257178,0,3,1,0
9476,61022895350125,0,2,1,0
9476,61297773257178,0,3,1,0
9477,61022895350125,0,2,1,0
9477,61297773257178,0,3,1,0
9478,61022895350125,0,2,1,0
9478,61297773257178,0,3,1,0
9479,61022895350125,0,2,1,0
9479,61297773257178,0,3,1,0
9480,61022895350125,0,2,1,0
9480,61297773257178,0,3,1,0
9481,61022895350125,0,2,1,0
9481,61297773257178,0,3,1,0
9482,61022895350125,0,2,1,0
9482,61297773257178,0,3,1,0
9483,61022895350125,0,2,1,0
9483,61297773257178,0,3,1,0
9484,61022895350125,0,2,1,0
9484,61297773257178,0,3,1,0
9485,61022895350125,0,2,1,0
9485,61297773257178,0,3,1,0
9486,61022895350125,0,2,1,0
9486,61297773257178,0,3,1,0
9487,61022895350125,0,2,1,0
9487,61297773257178,0,3,1,0
9488,61022895350125,0,2,1,0
9488,61297773257178,0,3,1,0
9489,61022895350125,0,2,1,0
9489,61297773257178,0,3,1,0
9490,61022895350125,0,2,1,0
9490,61297773257178,0,3,1,0
9491,61022895350125,0,2,1,0
9491,61297773257178,0,3,1,0
9492,61022895350125,0,2,1,0
9492,61297773257178,0,3,1,0
9493,61022895350125,0,2,1,0
9493,61297773257178,0,3,1,0
9494,61022895350125,0,2,1,0
9494,61297773257178,0,3,1,0
9495,61022895350125,0,2,1,0
9495,61297773257178,0,3,1,0
9496,61022895350125,0,2,1,0
9496,61297773257178,0,3,1,0
9497,61022895350125,0,2,1,0
9497,61297773257178,0,3,1,0
9498,61022895350125,0,2,1,0
9498,61297773257178,0,3,1,0
9499,61022895350125,0,2,1,0
9499,61297773257178,0,3,1,0
9500,61022895350125,0,2,1,0
9500,61297773257178,0,3,1,0
9501,61022895350125,0,2,1,0
9501,61297773257178,0,3,1,0
9502,61022895350125,0,2,1,0
9502,61297773257178,0,3,1,0
9503,61022895350125,0,2,1,0
9503,61297773257178,0,3,1,0
9504,61022895350125,0,2,1,0
9504,61297773257178,0,3,1,0
9505,61022895350125,0,2,1,0
9505,61297773257178,0,3,1,0
9506,61022895350125,0,2,1,0
9506,61297773257178,0,3,1,0
9507,61022895350125,0,2,1,0
9507,61297773257178,0,3,1,0
9508,61022895350125,0,2,1,0
9508,61297773257178,0,3,1,0
9509,61022895350125,0,2,1,0
9509,61297773257178,0,3,1,0
9510,61022895350125,0,2,1,0
9510,61297773257178,0,3,1,0
9511,61022895350125,0,2,1,0
9511,61297773257178,0,3,1,0
9512,61022895350125,0,2,1,0
9512,61297773257178,0,3,1,0
9513,61022895350125,0,2,1,0
9513,61297773257178,0,3,1,0
9514,61022895350125,0,2,1,0
9514,61297773257178,0,3,1,0
9515,61022895350125,0,2,1,0
9515,61297773257178,0,3,1,0
9516,61022895350125,0,2,1,0
9516,61297773257178,0,3,1,0
9517,61022895350125,0,2,1,0
9517,61297773257178,0,3,1,0
9518,61022895350125,0,2,1,0
9518,61297773257178,0,3,1,0
9519,61022895350125,0,2,1,0
9519,61297773257178,0,3,1,0
9520,61022895350125,0,2,1,0
9520,61297773257178,0,3,1,0
9521,61022895350125,0,2,1,0
9521,61297773257178,0,3,1,0
9522,61022895350125,0,2,1,0
9522,61297773257178,0,3,1,0
9523,61022895350125,0,2,1,0
9523,61297773257178,0,3,1,0
9524,61022895350125,0,2,1,0
9524,61297773257178,0,3,1,0
9525,61022895350125,0,2,1,0
9525,61297773257178,0,3,1,0
9526,61022895350125,0,2,1,0
9526,61297773257178,0,3,1,0
9527,61022895350125,0,2,1,0
9527,61297773257178,0,3,1,0
9528,61022895350125,0,2,1,0
9528,61297773257178,0,3,1,0
9529,61022895350125,0,2,1,0
9529,61297773257178,0,3,1,0
9530,61022895350125,0,2,1,0
9530,61297773257178,0,3,1,0
9531,61022895350125,0,2,1,0
9531,61297773257178,0,3,1,0
9532,61022895350125,0,2,1,0
9532,61297773257178,0,3,1,0
9533,61022895350125,0,2,1,0
9533,61297773257178,0,3,1,0
9534,61022895350125,0,2,1,0
9534,61297773257178,0,3,1,0
9535,61022895350125,0,2,1,0
9535,61297773257178,0,3,1,0
9536,61022895350125,0,2,1,0
9536,61297773257178,0,3,1,0
9537,61022895350125,0,2,1,0
9537,61297773257178,0,3,1,0
9538,61022895350125,0,2,1,0
9538,61297773257178,0,3,1,0
9539,61022895350125,0,2,1,0
9539,61297773257178,0,3,1,0
9540,61022895350125,0,2,1,0
9540,61297773257178,0,3,1,0
9541,61022895350125,0,2,1,0
9541,61297773257178,0,3,1,0
9542,61022895350125,0,2,1,0
9542,61297773257178,0,3,1,0
9543,61022895350125,0,2,1,0
9543,61297773257178,0,3,1,0
9544,61022895350125,0,2,1,0
9544,61297773257178,0,3,1,0
9545,61022895350125,0,2,1,0
9545,61297773257178,0,3,1,0
9546,61022895350125,0,2,1,0
9546,61297773257178,0,3,1,0
9547,61022895350125,0,2,1,0
9547,61297773257178,0,3,1,0
9548,61022895350125,0,2,1,0
9548,61297773257178,0,3,1,0
9549,61022895350125,0,2,1,0
9549,61297773257178,0,3,1,0
9550,61022895350125,0,2,1,0
9550,61297773257178,0,3,1,0
9551,61022895350125,0,2,1,0
9551,61297773257178,0,3,1,0
9552,61022895350125,0,2,1,0
9552,61297773257178,0,3,1,0
9553,61022895350125,0,2,1,0
9553,61297773257178,0,3,1,0
9554,61022895350125,0,2,1,0
9554,61297773257178,0,3,1,0
9555,61022895350125,0,2,1,0
9555,61297773257178,0,3,1,0
9556,61022895350125,0,2,1,0
9556,61297773257178,0,3,1,0
9557,61022895350125,0,2,1,0
9557,61297773257178,0,3,1,0
9558,61022895350125,0,2,1,0
9558,61297773257178,0,3,1,0
9559,61022895350125,0,2,1,0
9559,61297773257178,0,3,1,0
9560,61022895350125,0,2,1,0
9560,61297773257178,0,3,1,0
9561,61022895350125,0,2,1,0
9561,61297773257178,0,3,1,0
9562,61022895350125,0,2,1,0
9562,61297773257178,0,3,1,0
9563,61022895350125,0,2,1,0
9563,61297773257178,0,3,1,0
9564,61022895350125,0,2,1,0
9564,61297773257178,0,3,1,0
9565,61022895350125,0,2,1,0
9565,61297773257178,0,3,1,0
9566,61022895350125,0,2,1,0
9566,61297773257178,0,3,1,0
9567,61022895350125,0,2,1,0
9567,61297773257178,0,3,1,0
9568,61022895350125,0,2,1,0
9568,61297773257178,0,3,1,0
9569,61022895350125,0,2,1,0
9569,61297773257178,0,3,1,0
9570,61022895350125,0,2,1,0
9570,61297773257178,0,3,1,0
9571,61022895350125,0,2,1,0
9571,61297773257178,0,3,1,0
9572,61022895350125,0,2,1,0
9572,61297773257178,0,3,1,0
9573,61022895350125,0,2,1,0
9573,61297773257178,0,3,1,0
9574,61022895350125,0,2,1,0
9574,61297773257178,0,3,1,0
9575,61022895350125,0,2,1,0
9575,61297773257178,0,3,1,0
9576,61022895350125,0,2,1,0
9576,61297773257178,0,3,1,0
9577,61022895350125,0,2,1,0
9577,61297773257178,0,3,1,0
9578,61022895350125,0,2,1,0
9578,61297773257178,0,3,1,0
9579,61022895350125,0,2,1,0
9579,61297773257178,0,3,1,0
9580,61022895350125,0,2,1,0
9580,61297773257178,0,3,1,0
9581,61022895350125,0,2,1,0
9581,61297773257178,0,3,1,0
9582,61022895350125,0,2,1,0
9582,61297773257178,0,3,1,0
9583,61022895350125,0,2,1,0
9583,61297773257178,0,3,1,0
9584,61022895350125,0,2,1,0
9584,61297773257178,0,3,1,0
9585,61022895350125,0,2,1,0
9585,61297773257178,0,3,1,0
9586,61022895350125,0,2,1,0
9586,61297773257178,0,3,1,0
9587,61022895350125,0,2,1,0
9587,61297773257178,0,3,1,0
9588,61022895350125,0,2,1,0
9588,61297773257178,0,3,1,0
9589,61022895350125,0,2,1,0
9589,61297773257178,0,3,1,0
9590,61022895350125,0,2,1,0
9590,61297773257178,0,3,1,0
9591,61022895350125,0,2,1,0
9591,61297773257178,0,3,1,0
9592,61022895350125,0,2,1,0
9592,61297773257178,0,3,1,0
9593,61022895350125,0,2,1,0
9593,61297773257178,0,3,1,0
9594,61022895350125,0,2,1,0
9594,61297773257178,0,3,1,0
9595,61022895350125,0,2,1,0
9595,61297773257178,0,3,1,0
9596,61022895350125,0,2,1,0
9596,61297773257178,0,3,1,0
9597,61022895350125,0,2,1,0
9597,61297773257178,0,3,1,0
9598,61022895350125,0,2,1,0
9598,61297773257178,0,3,1,0
9599,61022895350125,0,2,1,0
9599,61297773257178,0,3,1,0
9600,61022895350125,0,2,1,0
9600,61297773257178,0,3,1,0
9601,61022895350125,0,2,1,0
9601,61297773257178,0,3,1,0
9602,61022895350125,0,2,1,0
9602,61297773257178,0,3,1,0
9603,61022895350125,0,2,1,0
9603,61297773257178,0,3,1,0
9604,61022895350125,0,2,1,0
9604,61297773257178,0,3,1,0
9605,61022895350125,0,2,1,0
9605,61297773257178,0,3,1,0
9606,61022895350125,0,2,1,0
9606,61297773257178,0,3,1,0
9607,61022895350125,0,2,1,0
9607,61297773257178,0,3,1,0
9608,61022895350125,0,2,1,0
9608,61297773257178,0,3,1,0
9609,61022895350125,0,2,1,0
9609,61297773257178,0,3,1,0
9610,61022895350125,0,2,1,0
9610,61297773257178,0,3,1,0
9611,61022895350125,0,2,1,0
9611,61297773257178,0,3,1,0
9612,61022895350125,0,2,1,0
9612,61297773257178,0,3,1,0
9613,61022895350125,0,2,1,0
9613,61297773257178,0,3,1,0
9614,61022895350125,0,2,1,0
9614,61297773257178,0,3,1,0
9615,61022895350125,0,2,1,0
9615,61297773257178,0,3,1,0
9616,61022895350125,0,2,1,0
9616,61297773257178,0,3,1,0
9617,61022895350125,0,2,1,0
9617,61297773257178,0,3,1,0
9618,61022895350125,0,2,1,0
9618,61297773257178,0,3,1,0
9619,61022895350125,0,2,1,0
9619,61297773257178,0,3,1,0
9620,61022895350125,0,2,1,0
9620,61297773257178,0,3,1,0
9621,61022895350125,0,2,1,0
9621,61297773257178,0,3,1,0
9622,61022895350125,0,2,1,0
9622,61297773257178,0,3,1,0
9623,61022895350125,0,2,1,0
9623,61297773257178,0,3,1,0
9624,61022895350125,0,2,1,0
9624,61297773257178,0,3,1,0
9625,61022895350125,0,2,1,0
9625,61297773257178,0,3,1,0
9626,61022895350125,0,2,1,0
9626,61297773257178,0,3,1,0
9627,61022895350125,0,2,1,0
9627,61297773257178,0,3,1,0
9628,61022895350125,0,2,1,0
9628,61297773257178,0,3,1,0
9629,61022895350125,0,2,1,0
9629,61297773257178,0,3,1,0
9630,61022895350125,0,2,1,0
9630,61297773257178,0,3,1,0
9631,61022895350125,0,2,1,0
9631,61297773257178,0,3,1,0
9632,61022895350125,0,2,1,0
9632,61297773257178,0,3,1,0
9633,61022895350125,0,2,1,0
9633,61297773257178,0,3,1,0
9634,61022895350125,0,2,1,0
9634,61297773257178,0,3,1,0
9635,61022895350125,0,2,1,0
9635,61297773257178,0,3,1,0
9636,61022895350125,0,2,1,0
9636,61297773257178,0,3,1,0
9637,61022895350125,0,2,1,0
9637,61297773257178,0,3,1,0
9638,61022895350125,0,2,1,0
9638,61297773257178,0,3,1,0
9639,61022895350125,0,2,1,0
9639,61297773257178,0,3,1,0
9640,61022895350125,0,2,1,0
9640,61297773257178,0,3,1,0
9641,61022895350125,0,2,1,0
9641,61297773257178,0,3,1,0
9642,61022895350125,0,2,1,0
9642,61297773257178,0,3,1,0
9643,61022895350125,0,2,1,0
9643,61297773257178,0,3,1,0
9644,61022895350125,0,2,1,0
9644,61297773257178,0,3,1,0
9645,61022895350125,0,2,1,0
9645,61297773257178,0,3,1,0
9646,61022895350125,0,2,1,0
9646,61297773257178,0,3,1,0
9647,61022895350125,0,2,1,0
9647,61297773257178,0,3,1,0
9648,61022895350125,0,2,1,0
9648,61297773257178,0,3,1,0
9649,61022895350125,0,2,1,0
9649,61297773257178,0,3,1,0
9650,61022895350125,0,2,1,0
9650,61297773257178,0,3,1,0
9651,61022895350125,0,2,1,0
9651,61297773257178,0,3,1,0
9652,61022895350125,0,2,1,0
9652,61297773257178,0,3,1,0
9653,61022895350125,0,2,1,0
9653,61297773257178,0,3,1,0
9654,61022895350125,0,2,1,0
9654,61297773257178,0,3,1,0
9655,61022895350125,0,2,1,0
9655,61297773257178,0,3,1,0
9656,61022895350125,0,2,1,0
9656,61297773257178,0,3,1,0
9657,61022895350125,0,2,1,0
9657,61297773257178,0,3,1,0
9658,61022895350125,0,2,1,0
9658,61297773257178,0,3,1,0
9659,61022895350125,0,2,1,0
9659,61297773257178,0,3,1,0
9660,61022895350125,0,2,1,0
9660,61297773257178,0,3,1,0
9661,61022895350125,0,2,1,0
9661,61297773257178,0,3,1,0
9662,61022895350125,0,2,1,0
9662,61297773257178,0,3,1,0
9663,61022895350125,0,2,1,0
9663,61297773257178,0,3,1,0
9664,61022895350125,0,2,1,0
9664,61297773257178,0,3,1,0
9665,61022895350125,0,2,1,0
9665,61297773257178,0,3,1,0
9666,61022895350125,0,2,1,0
9666,61297773257178,0,3,1,0
9667,61022895350125,0,2,1,0
9667,61297773257178,0,3,1,0
9668,61022895350125,0,2,1,0
9668,61297773257178,0,3,1,0
9669,61022895350125,0,2,1,0
9669,61297773257178,0,3,1,0
9670,61022895350125,0,2,1,0
9670,61297773257178,0,3,1,0
9671,61022895350125,0,2,1,0
9671,61297773257178,0,3,1,0
9672,61022895350125,0,2,1,0
9672,61297773257178,0,3,1,0
9673,61022895350125,0,2,1,0
9673,61297773257178,0,3,1,0
9674,61022895350125,0,2,1,0
9674,61297773257178,0,3,1,0
9675,61022895350125,0,2,1,0
9675,61297773257178,0,3,1,0
9676,61022895350125,0,2,1,0
9676,61297773257178,0,3,1,0
9677,61022895350125,0,2,1,0
9677,61297773257178,0,3,1,0
9678,61022895350125,0,2,1,0
9678,61297773257178,0,3,1,0
9679,61022895350125,0,2,1,0
9679,61297773257178,0,3,1,0
9680,61022895350125,0,2,1,0
9680,61297773257178,0,3,1,0
9681,61022895350125,0,2,1,0
9681,61297773257178,0,3,1,0
9682,61022895350125,0,2,1,0
9682,61297773257178,0,3,1,0
9683,61022895350125,0,2,1,0
9683,61297773257178,0,3,1,0
9684,61022895350125,0,2,1,0
9684,61297773257178,0,3,1,0
9685,61022895350125,0,2,1,0
9685,61297773257178,0,3,1,0
9686,61022895350125,0,2,1,0
9686,61297773257178,0,3,1,0
9687,61022895350125,0,2,1,0
9687,61297773257178,0,3,1,0
9688,61022895350125,0,2,1,0
9688,61297773257178,0,3,1,0
9689,61022895350125,0,2,1,0
9689,61297773257178,0,3,1,0
9690,61022895350125,0,2,1,0
9690,61297773257178,0,3,1,0
9691,61022895350125,0,2,1,0
9691,61297773257178,0,3,1,0
9692,61022895350125,0,2,1,0
9692,61297773257178,0,3,1,0
9693,61022895350125,0,2,1,0
9693,61297773257178,0,3,1,0
9694,61022895350125,0,2,1,0
9694,61297773257178,0,3,1,0
9695,61022895350125,0,2,1,0
9695,61297773257178,0,3,1,0
9696,61022895350125,0,2,1,0
9696,61297773257178,0,3,1,0
9697,61022895350125,0,2,1,0
9697,61297773257178,0,3,1,0
9698,61022895350125,0,2,1,0
9698,61297773257178,0,3,1,0
9699,61022895350125,0,2,1,0
9699,61297773257178,0,3,1,0
9700,61022895350125,0,2,1,0
9700,61297773257178,0,3,1,0
9701,61022895350125,0,2,1,0
9701,61297773257178,0,3,1,0
9702,61022895350125,0,2,1,0
9702,61297773257178,0,3,1,0
9703,61022895350125,0,2,1,0
9703,61297773257178,0,3,1,0
9704,61022895350125,0,2,1,0
9704,61297773257178,0,3,1,0
9705,61022895350125,0,2,1,0
9705,61297773257178,0,3,1,0
9706,61022895350125,0,2,1,0
9706,61297773257178,0,3,1,0
9707,61022895350125,0,2,1,0
9707,61297773257178,0,3,1,0
9708,61022895350125,0,2,1,0
9708,61297773257178,0,3,1,0
9709,61022895350125,0,2,1,0
9709,61297773257178,0,3,1,0
9710,61022895350125,0,2,1,0
9710,61297773257178,0,3,1,0
9711,61022895350125,0,2,1,0
9711,61297773257178,0,3,1,0
9712,61022895350125,0,2,1,0
9712,61297773257178,0,3,1,0
9713,61022895350125,0,2,1,0
9713,61297773257178,0,3,1,0
9714,61022895350125,0,2,1,0
9714,61297773257178,0,3,1,0
9715,61022895350125,0,2,1,0
9715,61297773257178,0,3,1,0
9716,61022895350125,0,2,1,0
9716,61297773257178,0,3,1,0
9717,61022895350125,0,2,1,0
9717,61297773257178,0,3,1,0
9718,61022895350125,0,2,1,0
9718,61297773257178,0,3,1,0
9719,61022895350125,0,2,1,0
9719,61297773257178,0,3,1,0
9720,61022895350125,0,2,1,0
9720,61297773257178,0,3,1,0
9721,61022895350125,0,2,1,0
9721,61297773257178,0,3,1,0
9722,61022895350125,0,2,1,0
9722,61297773257178,0,3,1,0
9723,61022895350125,0,2,1,0
9723,61297773257178,0,3,1,0
9724,61022895350125,0,2,1,0
9724,61297773257178,0,3,1,0
9725,61022895350125,0,2,1,0
9725,61297773257178,0,3,1,0
9726,61022895350125,0,2,1,0
9726,61297773257178,0,3,1,0
9727,61022895350125,0,2,1,0
9727,61297773257178,0,3,1,0
9728,61022895350125,0,2,1,0
9728,61297773257178,0,3,1,0
9729,61022895350125,0,2,1,0
9729,61297773257178,0,3,1,0
9730,61022895350125,0,2,1,0
9730,61297773257178,0,3,1,0
9731,61022895350125,0,2,1,0
9731,61297773257178,0,3,1,0
9732,61022895350125,0,2,1,0
9732,61297773257178,0,3,1,0
9733,61022895350125,0,2,1,0
9733,61297773257178,0,3,1,0
9734,61022895350125,0,2,1,0
9734,61297773257178,0,3,1,0
9735,61022895350125,0,2,1,0
9735,61297773257178,0,3,1,0
9736,61022895350125,0,2,1,0
9736,61297773257178,0,3,1,0
9737,61022895350125,0,2,1,0
9737,61297773257178,0,3,1,0
9738,61022895350125,0,2,1,0
9738,61297773257178,0,3,1,0
9739,61022895350125,0,2,1,0
9739,61297773257178,0,3,1,0
9740,61022895350125,0,2,1,0
9740,61297773257178,0,3,1,0
9741,61022895350125,0,2,1,0
9741,61297773257178,0,3,1,0
9742,61022895350125,0,2,1,0
9742,61297773257178,0,3,1,0
9743,61022895350125,0,2,1,0
9743,61297773257178,0,3,1,0
9744,61022895350125,0,2,1,0
9744,61297773257178,0,3,1,0
9745,61022895350125,0,2,1,0
9745,61297773257178,0,3,1,0
9746,61022895350125,0,2,1,0
9746,61297773257178,0,3,1,0
9747,61022895350125,0,2,1,0
9747,61297773257178,0,3,1,0
9748,61022895350125,0,2,1,0
9748,61297773257178,0,3,1,0
9749,61022895350125,0,2,1,0
9749,61297773257178,0,3,1,0
9750,61022895350125,0,2,1,0
9750,61297773257178,0,3,1,0
9751,61022895350125,0,2,1,0
9751,61297773257178,0,3,1,0
9752,61022895350125,0,2,1,0
9752,61297773257178,0,3,1,0
9753,61022895350125,0,2,1,0
9753,61297773257178,0,3,1,0
9754,61022895350125,0,2,1,0
9754,61297773257178,0,3,1,0
9755,61022895350125,0,2,1,0
9755,61297773257178,0,3,1,0
9756,61022895350125,0,2,1,0
9756,61297773257178,0,3,1,0
9757,61022895350125,0,2,1,0
9757,61297773257178,0,3,1,0
9758,61022895350125,0,2,1,0
9758,61297773257178,0,3,1,0
9759,61022895350125,0,2,1,0
9759,61297773257178,0,3,1,0
9760,61022895350125,0,2,1,0
9760,61297773257178,0,3,1,0
9761,61022895350125,0,2,1,0
9761,61297773257178,0,3,1,0
9762,61022895350125,0,2,1,0
9762,61297773257178,0,3,1,0
9763,61022895350125,0,2,1,0
9763,61297773257178,0,3,1,0
9764,61022895350125,0,2,1,0
9764,61297773257178,0,3,1,0
9765,61022895350125,0,2,1,0
9765,61297773257178,0,3,1,0
9766,61022895350125,0,2,1,0
9766,61297773257178,0,3,1,0
9767,61022895350125,0,2,1,0
9767,61297773257178,0,3,1,0
9768,61022895350125,0,2,1,0
9768,61297773257178,0,3,1,0
9769,61022895350125,0,2,1,0
9769,61297773257178,0,3,1,0
9770,61022895350125,0,2,1,0
9770,61297773257178,0,3,1,0
9771,61022895350125,0,2,1,0
9771,61297773257178,0,3,1,0
9772,61022895350125,0,2,1,0
9772,61297773257178,0,3,1,0
9773,61022895350125,0,2,1,0
9773,61297773257178,0,3,1,0
9774,61022895350125,0,2,1,0
9774,61297773257178,0,3,1,0
9775,61022895350125,0,2,1,0
9775,61297773257178,0,3,1,0
9776,61022895350125,0,2,1,0
9776,61297773257178,0,3,1,0
9777,61022895350125,0,2,1,0
9777,61297773257178,0,3,1,0
9778,61022895350125,0,2,1,0
9778,61297773257178,0,3,1,0
9779,61022895350125,0,2,1,0
9779,61297773257178,0,3,1,0
9780,61022895350125,0,2,1,0
9780,61297773257178,0,3,1,0
9781,61022895350125,0,2,1,0
9781,61297773257178,0,3,1,0
9782,61022895350125,0,2,1,0
9782,61297773257178,0,3,1,0
9783,61022895350125,0,2,1,0
9783,61297773257178,0,3,1,0
9784,61022895350125,0,2,1,0
9784,61297773257178,0,3,1,0
9785,61022895350125,0,2,1,0
9785,61297773257178,0,3,1,0
9786,61022895350125,0,2,1,0
9786,61297773257178,0,3,1,0
9787,61022895350125,0,2,1,0
9787,61297773257178,0,3,1,0
9788,61022895350125,0,2,1,0
9788,61297773257178,0,3,1,0
9789,61022895350125,0,2,1,0
9789,61297773257178,0,3,1,0
9790,61022895350125,0,2,1,0
9790,61297773257178,0,3,1,0
9791,61022895350125,0,2,1,0
9791,61297773257178,0,3,1,0
9792,61022895350125,0,2,1,0
9792,61297773257178,0,3,1,0
9793,61022895350125,0,2,1,0
9793,61297773257178,0,3,1,0
9794,61022895350125,0,2,1,0
9794,61297773257178,0,3,1,0
9795,61022895350125,0,2,1,0
9795,61297773257178,0,3,1,0
9796,61022895350125,0,2,1,0
9796,61297773257178,0,3,1,0
9797,61022895350125,0,2,1,0
9797,61297773257178,0,3,1,0
9798,61022895350125,0,2,1,0
9798,61297773257178,0,3,1,0
9799,61022895350125,0,2,1,0
9799,61297773257178,0,3,1,0
9800,61022895350125,0,2,1,0
9800,61297773257178,0,3,1,0
9801,61022895350125,0,2,1,0
9801,61297773257178,0,3,1,0
9802,61022895350125,0,2,1,0
9802,61297773257178,0,3,1,0
9803,61022895350125,0,2,1,0
9803,61297773257178,0,3,1,0
9804,61022895350125,0,2,1,0
9804,61297773257178,0,3,1,0
9805,61022895350125,0,2,1,0
9805,61297773257178,0,3,1,0
9806,61022895350125,0,2,1,0
9806,61297773257178,0,3,1,0
9807,61022895350125,0,2,1,0
9807,61297773257178,0,3,1,0
9808,61022895350125,0,2,1,0
9808,61297773257178,0,3,1,0
9809,61022895350125,0,2,1,0
9809,61297773257178,0,3,1,0
9810,61022895350125,0,2,1,0
9810,61297773257178,0,3,1,0
9811,61022895350125,0,2,1,0
9811,61297773257178,0,3,1,0
9812,61022895350125,0,2,1,0
9812,61297773257178,0,3,1,0
9813,61022895350125,0,2,1,0
9813,61297773257178,0,3,1,0
9814,61022895350125,0,2,1,0
9814,61297773257178,0,3,1,0
9815,61022895350125,0,2,1,0
9815,61297773257178,0,3,1,0
9816,61022895350125,0,2,1,0
9816,61297773257178,0,3,1,0
9817,61022895350125,0,2,1,0
9817,61297773257178,0,3,1,0
9818,61022895350125,0,2,1,0
9818,61297773257178,0,3,1,0
9819,61022895350125,0,2,1,0
9819,61297773257178,0,3,1,0
9820,61022895350125,0,2,1,0
9820,61297773257178,0,3,1,0
9821,61022895350125,0,2,1,0
9821,61297773257178,0,3,1,0
9822,61022895350125,0,2,1,0
9822,61297773257178,0,3,1,0
9823,61022895350125,0,2,1,0
9823,61297773257178,0,3,1,0
9824,61022895350125,0,2,1,0
9824,61297773257178,0,3,1,0
9825,61022895350125,0,2,1,0
9825,61297773257178,0,3,1,0
9826,61022895350125,0,2,1,0
9826,61297773257178,0,3,1,0
9827,61022895350125,0,2,1,0
9827,61297773257178,0,3,1,0
9828,61022895350125,0,2,1,0
9828,61297773257178,0,3,1,0
9829,61022895350125,0,2,1,0
9829,61297773257178,0,3,1,0
9830,61022895350125,0,2,1,0
9830,61297773257178,0,3,1,0
9831,61022895350125,0,2,1,0
9831,61297773257178,0,3,1,0
9832,61022895350125,0,2,1,0
9832,61297773257178,0,3,1,0
9833,61022895350125,0,2,1,0
9833,61297773257178,0,3,1,0
9834,61022895350125,0,2,1,0
9834,61297773257178,0,3,1,0
9835,61022895350125,0,2,1,0
9835,61297773257178,0,3,1,0
9836,61022895350125,0,2,1,0
9836,61297773257178,0,3,1,0
9837,61022895350125,0,2,1,0
9837,61297773257178,0,3,1,0
9838,61022895350125,0,2,1,0
9838,61297773257178,0,3,1,0
9839,61022895350125,0,2,1,0
9839,61297773257178,0,3,1,0
9840,61022895350125,0,2,1,0
9840,61297773257178,0,3,1,0
9841,61022895350125,0,2,1,0
9841,61297773257178,0,3,1,0
9842,61022895350125,0,2,1,0
9842,61297773257178,0,3,1,0
9843,61022895350125,0,2,1,0
9843,61297773257178,0,3,1,0
9844,61022895350125,0,2,1,0
9844,61297773257178,0,3,1,0
9845,61022895350125,0,2,1,0
9845,61297773257178,0,3,1,0
9846,61022895350125,0,2,1,0
9846,61297773257178,0,3,1,0
9847,61022895350125,0,2,1,0
9847,61297773257178,0,3,1,0
9848,61022895350125,0,2,1,0
9848,61297773257178,0,3,1,0
9849,61022895350125,0,2,1,0
9849,61297773257178,0,3,1,0
9850,61022895350125,0,2,1,0
9850,61297773257178,0,3,1,0
9851,61022895350125,0,2,1,0
9851,61297773257178,0,3,1,0
9852,61022895350125,0,2,1,0
9852,61297773257178,0,3,1,0
9853,61022895350125,0,2,1,0
9853,61297773257178,0,3,1,0
9854,61022895350125,0,2,1,0
9854,61297773257178,0,3,1,0
9855,61022895350125,0,2,1,0
9855,61297773257178,0,3,1,0
9856,61022895350125,0,2,1,0
9856,61297773257178,0,3,1,0
9857,61022895350125,0,2,1,0
9857,61297773257178,0,3,1,0
9858,61022895350125,0,2,1,0
9858,61297773257178,0,3,1,0
9859,61022895350125,0,2,1,0
9859,61297773257178,0,3,1,0
9860,61022895350125,0,2,1,0
9860,61297773257178,0,3,1,0
9861,61022895350125,0,2,1,0
9861,61297773257178,0,3,1,0
9862,61022895350125,0,2,1,0
9862,61297773257178,0,3,1,0
9863,61022895350125,0,2,1,0
9863,61297773257178,0,3,1,0
9864,61022895350125,0,2,1,0
9864,61297773257178,0,3,1,0
9865,61022895350125,0,2,1,0
9865,61297773257178,0,3,1,0
9866,61022895350125,0,2,1,0
9866,61297773257178,0,3,1,0
9867,61022895350125,0,2,1,0
9867,61297773257178,0,3,1,0
9868,61022895350125,0,2,1,0
9868,61297773257178,0,3,1,0
9869,61022895350125,0,2,1,0
9869,61297773257178,0,3,1,0
9870,61022895350125,0,2,1,0
9870,61297773257178,0,3,1,0
9871,61022895350125,0,2,1,0
9871,61297773257178,0,3,1,0
9872,61022895350125,0,2,1,0
9872,61297773257178,0,3,1,0
9873,61022895350125,0,2,1,0
9873,61297773257178,0,3,1,0
9874,61022895350125,0,2,1,0
9874,61297773257178,0,3,1,0
9875,61022895350125,0,2,1,0
9875,61297773257178,0,3,1,0
9876,61022895350125,0,2,1,0
9876,61297773257178,0,3,1,0
9877,61022895350125,0,2,1,0
9877,61297773257178,0,3,1,0
9878,61022895350125,0,2,1,0
9878,61297773257178,0,3,1,0
9879,61022895350125,0,2,1,0
9879,61297773257178,0,3,1,0
9880,61022895350125,0,2,1,0
9880,61297773257178,0,3,1,0
9881,61022895350125,0,2,1,0
9881,61297773257178,0,3,1,0
9882,61022895350125,0,2,1,0
9882,61297773257178,0,3,1,0
9883,61022895350125,0,2,1,0
9883,61297773257178,0,3,1,0
9884,61022895350125,0,2,1,0
9884,61297773257178,0,3,1,0
9885,61022895350125,0,2,1,0
9885,61297773257178,0,3,1,0
9886,61022895350125,0,2,1,0
9886,61297773257178,0,3,1,0
9887,61022895350125,0,2,1,0
9887,61297773257178,0,3,1,0
9888,61022895350125,0,2,1,0
9888,61297773257178,0,3,1,0
9889,61022895350125,0,2,1,0
9889,61297773257178,0,3,1,0
9890,61022895350125,0,2,1,0
9890,61297773257178,0,3,1,0
9891,61022895350125,0,2,1,0
9891,61297773257178,0,3,1,0
9892,61022895350125,0,2,1,0
9892,61297773257178,0,3,1,0
9893,61022895350125,0,2,1,0
9893,61297773257178,0,3,1,0
9894,61022895350125,0,2,1,0
9894,61297773257178,0,3,1,0
9895,61022895350125,0,2,1,0
9895,61297773257178,0,3,1,0
9896,61022895350125,0,2,1,0
9896,61297773257178,0,3,1,0
9897,61022895350125,0,2,1,0
9897,61297773257178,0,3,1,0
9898,61022895350125,0,2,1,0
9898,61297773257178,0,3,1,0
9899,61022895350125,0,2,1,0
9899,61297773257178,0,3,1,0
9900,61022895350125,0,2,1,0
9900,61297773257178,0,3,1,0
9901,61022895350125,0,2,1,0
9901,61297773257178,0,3,1,0
9902,61022895350125,0,2,1,0
9902,61297773257178,0,3,1,0
9903,61022895350125,0,2,1,0
9903,61297773257178,0,3,1,0
9904,61022895350125,0,2,1,0
9904,61297773257178,0,3,1,0
9905,61022895350125,0,2,1,0
9905,61297773257178,0,3,1,0
9906,61022895350125,0,2,1,0
9906,61297773257178,0,3,1,0
9907,61022895350125,0,2,1,0
9907,61297773257178,0,3,1,0
9908,61022895350125,0,2,1,0
9908,61297773257178,0,3,1,0
9909,61022895350125,0,2,1,0
9909,61297773257178,0,3,1,0
9910,61022895350125,0,2,1,0
9910,61297773257178,0,3,1,0
9911,61022895350125,0,2,1,0
9911,61297773257178,0,3,1,0
9912,61022895350125,0,2,1,0
9912,61297773257178,0,3,1,0
9913,61022895350125,0,2,1,0
9913,61297773257178,0,3,1,0
9914,61022895350125,0,2,1,0
9914,61297773257178,0,3,1,0
9915,61022895350125,0,2,1,0
9915,61297773257178,0,3,1,0
9916,61022895350125,0,2,1,0
9916,61297773257178,0,3,1,0
9917,61022895350125,0,2,1,0
9917,61297773257178,0,3,1,0
9918,61022895350125,0,2,1,0
9918,61297773257178,0,3,1,0
9919,61022895350125,0,2,1,0
9919,61297773257178,0,3,1,0
9920,61022895350125,0,2,1,0
9920,61297773257178,0,3,1,0
9921,61022895350125,0,2,1,0
9921,61297773257178,0,3,1,0
9922,61022895350125,0,2,1,0
9922,61297773257178,0,3,1,0
9923,61022895350125,0,2,1,0
9923,61297773257178,0,3,1,0
9924,61022895350125,0,2,1,0
9924,61297773257178,0,3,1,0
9925,61022895350125,0,2,1,0
9925,61297773257178,0,3,1,0
9926,61022895350125,0,2,1,0
9926,61297773257178,0,3,1,0
9927,61022895350125,0,2,1,0
9927,61297773257178,0,3,1,0
9928,61022895350125,0,2,1,0
9928,61297773257178,0,3,1,0
9929,61022895350125,0,2,1,0
9929,61297773257178,0,3,1,0
9930,61022895350125,0,2,1,0
9930,61297773257178,0,3,1,0
9931,61022895350125,0,2,1,0
9931,61297773257178,0,3,1,0
9932,61022895350125,0,2,1,0
9932,61297773257178,0,3,1,0
9933,61022895350125,0,2,1,0
9933,61297773257178,0,3,1,0
9934,61022895350125,0,2,1,0
9934,61297773257178,0,3,1,0
9935,61022895350125,0,2,1,0
9935,61297773257178,0,3,1,0
9936,61022895350125,0,2,1,0
9936,61297773257178,0,3,1,0
9937,61022895350125,0,2,1,0
9937,61297773257178,0,3,1,0
9938,61022895350125,0,2,1,0
9938,61297773257178,0,3,1,0
9939,61022895350125,0,2,1,0
9939,61297773257178,0,3,1,0
9940,61022895350125,0,2,1,0
9940,61297773257178,0,3,1,0
9941,61022895350125,0,2,1,0
9941,61297773257178,0,3,1,0
9942,61022895350125,0,2,1,0
9942,61297773257178,0,3,1,0
9943,61022895350125,0,2,1,0
9943,61297773257178,0,3,1,0
9944,61022895350125,0,2,1,0
9944,61297773257178,0,3,1,0
9945,61022895350125,0,2,1,0
9945,61297773257178,0,3,1,0
9946,61022895350125,0,2,1,0
9946,61297773257178,0,3,1,0
9947,61022895350125,0,2,1,0
9947,61297773257178,0,3,1,0
9948,61022895350125,0,2,1,0
9948,61297773257178,0,3,1,0
9949,61022895350125,0,2,1,0
9949,61297773257178,0,3,1,0
9950,61022895350125,0,2,1,0
9950,61297773257178,0,3,1,0
9951,61022895350125,0,2,1,0
9951,61297773257178,0,3,1,0
9952,61022895350125,0,2,1,0
9952,61297773257178,0,3,1,0
9953,61022895350125,0,2,1,0
9953,61297773257178,0,3,1,0
9954,61022895350125,0,2,1,0
9954,61297773257178,0,3,1,0
9955,61022895350125,0,2,1,0
9955,61297773257178,0,3,1,0
9956,61022895350125,0,2,1,0
9956,61297773257178,0,3,1,0
9957,61022895350125,0,2,1,0
9957,61297773257178,0,3,1,0
9958,61022895350125,0,2,1,0
9958,61297773257178,0,3,1,0
9959,61022895350125,0,2,1,0
9959,61297773257178,0,3,1,0
9960,61022895350125,0,2,1,0
9960,61297773257178,0,3,1,0
9961,61022895350125,0,2,1,0
9961,61297773257178,0,3,1,0
9962,61022895350125,0,2,1,0
9962,61297773257178,0,3,1,0
9963,61022895350125,0,2,1,0
9963,61297773257178,0,3,1,0
9964,61022895350125,0,2,1,0
9964,61297773257178,0,3,1,0
9965,61022895350125,0,2,1,0
9965,61297773257178,0,3,1,0
9966,61022895350125,0,2,1,0
9966,61297773257178,0,3,1,0
9967,61022895350125,0,2,1,0
9967,61297773257178,0,3,1,0
9968,61022895350125,0,2,1,0
9968,61297773257178,0,3,1,0
9969,61022895350125,0,2,1,0
9969,61297773257178,0,3,1,0
9970,61022895350125,0,2,1,0
9970,61297773257178,0,3,1,0
9971,61022895350125,0,2,1,0
9971,61297773257178,0,3,1,0
9972,61022895350125,0,2,1,0
9972,61297773257178,0,3,1,0
9973,61022895350125,0,2,1,0
9973,61297773257178,0,3,1,0
9974,61022895350125,0,2,1,0
9974,61297773257178,0,3,1,0
9975,61022895350125,0,2,1,0
9975,61297773257178,0,3,1,0
9976,61022895350125,0,2,1,0
9976,61297773257178,0,3,1,0
9977,61022895350125,0,2,1,0
9977,61297773257178,0,3,1,0
9978,61022895350125,0,2,1,0
9978,61297773257178,0,3,1,0
9979,61022895350125,0,2,1,0
9979,61297773257178,0,3,1,0
9980,61022895350125,0,2,1,0
9980,61297773257178,0,3,1,0
9981,61022895350125,0,2,1,0
9981,61297773257178,0,3,1,0
9982,61022895350125,0,2,1,0
9982,61297773257178,0,3,1,0
9983,61022895350125,0,2,1,0
9983,61297773257178,0,3,1,0
9984,61022895350125,0,2,1,0
9984,61297773257178,0,3,1,0
9985,61022895350125,0,2,1,0
9985,61297773257178,0,3,1,0
9986,61022895350125,0,2,1,0
9986,61297773257178,0,3,1,0
9987,61022895350125,0,2,1,0
9987,61297773257178,0,3,1,0
9988,61022895350125,0,2,1,0
9988,61297773257178,0,3,1,0
9989,61022895350125,0,2,1,0
9989,61297773257178,0,3,1,0
9990,61022895350125,0,2,1,0
9990,61297773257178,0,3,1,0
9991,61022895350125,0,2,1,0
9991,61297773257178,0,3,1,0
9992,61022895350125,0,2,1,0
9992,61297773257178,0,3,1,0
9993,61022895350125,0,2,1,0
9993,61297773257178,0,3,1,0
9994,61022895350125,0,2,1,0
9994,61297773257178,0,3,1,0
9995,61022895350125,0,2,1,0
9995,61297773257178,0,3,1,0
9996,61022895350125,0,2,1,0
9996,61297773257178,0,3,1,0
9997,61022895350125,0,2,1,0
9997,61297773257178,0,3,1,0
9998,61022895350125,0,2,1,0
9998,61297773257178,0,3,1,0
9999,61022895350125,0,2,1,0
9999,61297773257178,0,3,1,0
10000,61022895350125,0,2,1,0
10000,61297773257178,0,3,1,0
10001,61022895350125,0,2,1,0
10001,61297773257178,0,3,1,0
10002,61022895350125,0,2,1,0
10002,61297773257178,0,3,1,0
10003,61022895350125,0,2,1,0
10003,61297773257178,0,3,1,0
10004,61022895350125,0,2,1,0
10004,61297773257178,0,3,1,0
10005,61022895350125,0,2,1,0
10005,61297773257178,0,3,1,0
10006,61022895350125,0,2,1,0
10006,61297773257178,0,3,1,0
10007,61022895350125,0,2,1,0
10007,61297773257178,0,3,1,0
10008,61022895350125,0,2,1,0
10008,61297773257178,0,3,1,0
10009,61022895350125,0,2,1,0
10009,61297773257178,0,3,1,0
10010,61022895350125,0,2,1,0
10010,61297773257178,0,3,1,0
10011,61022895350125,0,2,1,0
10011,61297773257178,0,3,1,0
10012,61022895350125,0,2,1,0
10012,61297773257178,0,3,1,0
10013,61022895350125,0,2,1,0
10013,61297773257178,0,3,1,0
10014,61022895350125,0,2,1,0
10014,61297773257178,0,3,1,0
10015,61022895350125,0,2,1,0
10015,61297773257178,0,3,1,0
10016,61022895350125,0,2,1,0
10016,61297773257178,0,3,1,0
10017,61022895350125,0,2,1,0
10017,61297773257178,0,3,1,0
10018,61022895350125,0,2,1,0
10018,61297773257178,0,3,1,0
10019,61022895350125,0,2,1,0
10019,61297773257178,0,3,1,0
10020,61022895350125,0,2,1,0
10020,61297773257178,0,3,1,0
10021,61022895350125,0,2,1,0
10021,61297773257178,0,3,1,0
10022,61022895350125,0,2,1,0
10022,61297773257178,0,3,1,0
10023,61022895350125,0,2,1,0
10023,61297773257178,0,3,1,0
10024,61022895350125,0,2,1,0
10024,61297773257178,0,3,1,0
10025,61022895350125,0,2,1,0
10025,61297773257178,0,3,1,0
10026,61022895350125,0,2,1,0
10026,61297773257178,0,3,1,0
10027,61022895350125,0,2,1,0
10027,61297773257178,0,3,1,0
10028,61022895350125,0,2,1,0
10028,61297773257178,0,3,1,0
10029,61022895350125,0,2,1,0
10029,61297773257178,0,3,1,0
10030,61022895350125,0,2,1,0
10030,61297773257178,0,3,1,0
10031,61022895350125,0,2,1,0
10031,61297773257178,0,3,1,0
10032,61022895350125,0,2,1,0
10032,61297773257178,0,3,1,0
10033,61022895350125,0,2,1,0
10033,61297773257178,0,3,1,0
10034,61022895350125,0,2,1,0
10034,61297773257178,0,3,1,0
10035,61022895350125,0,2,1,0
10035,61297773257178,0,3,1,0
10036,61022895350125,0,2,1,0
10036,61297773257178,0,3,1,0
10037,61022895350125,0,2,1,0
10037,61297773257178,0,3,1,0
10038,61022895350125,0,2,1,0
10038,61297773257178,0,3,1,0
10039,61022895350125,0,2,1,0
10039,61297773257178,0,3,1,0
10040,61022895350125,0,2,1,0
10040,61297773257178,0,3,1,0
10041,61022895350125,0,2,1,0
10041,61297773257178,0,3,1,0
10042,61022895350125,0,2,1,0
10042,61297773257178,0,3,1,0
10043,61022895350125,0,2,1,0
10043,61297773257178,0,3,1,0
10044,61022895350125,0,2,1,0
10044,61297773257178,0,3,1,0
10045,61022895350125,0,2,1,0
10045,61297773257178,0,3,1,0
10046,61022895350125,0,2,1,0
10046,61297773257178,0,3,1,0
10047,61022895350125,0,2,1,0
10047,61297773257178,0,3,1,0
10048,61022895350125,0,2,1,0
10048,61297773257178,0,3,1,0
10049,61022895350125,0,2,1,0
10049,61297773257178,0,3,1,0
10050,61022895350125,0,2,1,0
10050,61297773257178,0,3,1,0
10051,61022895350125,0,2,1,0
10051,61297773257178,0,3,1,0
10052,61022895350125,0,2,1,0
10052,61297773257178,0,3,1,0
10053,61022895350125,0,2,1,0
10053,61297773257178,0,3,1,0
10054,61022895350125,0,2,1,0
10054,61297773257178,0,3,1,0
10055,61022895350125,0,2,1,0
10055,61297773257178,0,3,1,0
10056,61022895350125,0,2,1,0
10056,61297773257178,0,3,1,0
10057,61022895350125,0,2,1,0
10057,61297773257178,0,3,1,0
10058,61022895350125,0,2,1,0
10058,61297773257178,0,3,1,0
10059,61022895350125,0,2,1,0
10059,61297773257178,0,3,1,0
10060,61022895350125,0,2,1,0
10060,61297773257178,0,3,1,0
10061,61022895350125,0,2,1,0
10061,61297773257178,0,3,1,0
10062,61022895350125,0,2,1,0
10062,61297773257178,0,3,1,0
10063,61022895350125,0,2,1,0
10063,61297773257178,0,3,1,0
10064,61022895350125,0,2,1,0
10064,61297773257178,0,3,1,0
10065,61022895350125,0,2,1,0
10065,61297773257178,0,3,1,0
10066,61022895350125,0,2,1,0
10066,61297773257178,0,3,1,0
10067,61022895350125,0,2,1,0
10067,61297773257178,0,3,1,0
10068,61022895350125,0,2,1,0
10068,61297773257178,0,3,1,0
10069,61022895350125,0,2,1,0
10069,61297773257178,0,3,1,0
10070,61022895350125,0,2,1,0
10070,61297773257178,0,3,1,0
10071,61022895350125,0,2,1,0
10071,61297773257178,0,3,1,0
10072,61022895350125,0,2,1,0
10072,61297773257178,0,3,1,0
10073,61022895350125,0,2,1,0
10073,61297773257178,0,3,1,0
10074,61022895350125,0,2,1,0
10074,61297773257178,0,3,1,0
10075,61022895350125,0,2,1,0
10075,61297773257178,0,3,1,0
10076,61022895350125,0,2,1,0
10076,61297773257178,0,3,1,0
10077,61022895350125,0,2,1,0
10077,61297773257178,0,3,1,0
10078,61022895350125,0,2,1,0
10078,61297773257178,0,3,1,0
10079,61022895350125,0,2,1,0
10079,61297773257178,0,3,1,0
10080,61022895350125,0,2,1,0
10080,61297773257178,0,3,1,0
10081,61022895350125,0,2,1,0
10081,61297773257178,0,3,1,0
10082,61022895350125,0,2,1,0
10082,61297773257178,0,3,1,0
10083,61022895350125,0,2,1,0
10083,61297773257178,0,3,1,0
10084,61022895350125,0,2,1,0
10084,61297773257178,0,3,1,0
10085,61022895350125,0,2,1,0
10085,61297773257178,0,3,1,0
10086,61022895350125,0,2,1,0
10086,61297773257178,0,3,1,0
10087,61022895350125,0,2,1,0
10087,61297773257178,0,3,1,0
10088,61022895350125,0,2,1,0
10088,61297773257178,0,3,1,0
10089,61022895350125,0,2,1,0
10089,61297773257178,0,3,1,0
10090,61022895350125,0,2,1,0
10090,61297773257178,0,3,1,0
10091,61022895350125,0,2,1,0
10091,61297773257178,0,3,1,0
10092,61022895350125,0,2,1,0
10092,61297773257178,0,3,1,0
10093,61022895350125,0,2,1,0
10093,61297773257178,0,3,1,0
10094,61022895350125,0,2,1,0
10094,61297773257178,0,3,1,0
10095,61022895350125,0,2,1,0
10095,61297773257178,0,3,1,0
10096,61022895350125,0,2,1,0
10096,61297773257178,0,3,1,0
10097,61022895350125,0,2,1,0
10097,61297773257178,0,3,1,0
10098,61022895350125,0,2,1,0
10098,61297773257178,0,3,1,0
10099,61022895350125,0,2,1,0
10099,61297773257178,0,3,1,0
10100,61022895350125,0,2,1,0
10100,61297773257178,0,3,1,0
10101,61022895350125,0,2,1,0
10101,61297773257178,0,3,1,0
10102,61022895350125,0,2,1,0
10102,61297773257178,0,3,1,0
10103,61022895350125,0,2,1,0
10103,61297773257178,0,3,1,0
10104,61022895350125,0,2,1,0
10104,61297773257178,0,3,1,0
10105,61022895350125,0,2,1,0
10105,61297773257178,0,3,1,0
10106,61022895350125,0,2,1,0
10106,61297773257178,0,3,1,0
10107,61022895350125,0,2,1,0
10107,61297773257178,0,3,1,0
10108,61022895350125,0,2,1,0
10108,61297773257178,0,3,1,0
10109,61022895350125,0,2,1,0
10109,61297773257178,0,3,1,0
10110,61022895350125,0,2,1,0
10110,61297773257178,0,3,1,0
10111,61022895350125,0,2,1,0
10111,61297773257178,0,3,1,0
10112,61022895350125,0,2,1,0
10112,61297773257178,0,3,1,0
10113,61022895350125,0,2,1,0
10113,61297773257178,0,3,1,0
10114,61022895350125,0,2,1,0
10114,61297773257178,0,3,1,0
10115,61022895350125,0,2,1,0
10115,61297773257178,0,3,1,0
10116,61022895350125,0,2,1,0
10116,61297773257178,0,3,1,0
10117,61022895350125,0,2,1,0
10117,61297773257178,0,3,1,0
10118,61022895350125,0,2,1,0
10118,61297773257178,0,3,1,0
10119,61022895350125,0,2,1,0
10119,61297773257178,0,3,1,0
10120,61022895350125,0,2,1,0
10120,61297773257178,0,3,1,0
10121,61022895350125,0,2,1,0
10121,61297773257178,0,3,1,0
10122,61022895350125,0,2,1,0
10122,61297773257178,0,3,1,0
10123,61022895350125,0,2,1,0
10123,61297773257178,0,3,1,0
10124,61022895350125,0,2,1,0
10124,61297773257178,0,3,1,0
10125,61022895350125,0,2,1,0
10125,61297773257178,0,3,1,0
10126,61022895350125,0,2,1,0
10126,61297773257178,0,3,1,0
10127,61022895350125,0,2,1,0
10127,61297773257178,0,3,1,0
10128,61022895350125,0,2,1,0
10128,61297773257178,0,3,1,0
10129,61022895350125,0,2,1,0
10129,61297773257178,0,3,1,0
10130,61022895350125,0,2,1,0
10130,61297773257178,0,3,1,0
10131,61022895350125,0,2,1,0
10131,61297773257178,0,3,1,0
10132,61022895350125,0,2,1,0
10132,61297773257178,0,3,1,0
10133,61022895350125,0,2,1,0
10133,61297773257178,0,3,1,0
10134,61022895350125,0,2,1,0
10134,61297773257178,0,3,1,0
10135,61022895350125,0,2,1,0
10135,61297773257178,0,3,1,0
10136,61022895350125,0,2,1,0
10136,61297773257178,0,3,1,0
10137,61022895350125,0,2,1,0
10137,61297773257178,0,3,1,0
10138,61022895350125,0,2,1,0
10138,61297773257178,0,3,1,0
10139,61022895350125,0,2,1,0
10139,61297773257178,0,3,1,0
10140,61022895350125,0,2,1,0
10140,61297773257178,0,3,1,0
10141,61022895350125,0,2,1,0
10141,61297773257178,0,3,1,0
10142,61022895350125,0,2,1,0
10142,61297773257178,0,3,1,0
10143,61022895350125,0,2,1,0
10143,61297773257178,0,3,1,0
10144,61022895350125,0,2,1,0
10144,61297773257178,0,3,1,0
10145,61022895350125,0,2,1,0
10145,61297773257178,0,3,1,0
10146,61022895350125,0,2,1,0
10146,61297773257178,0,3,1,0
10147,61022895350125,0,2,1,0
10147,61297773257178,0,3,1,0
10148,61022895350125,0,2,1,0
10148,61297773257178,0,3,1,0
10149,61022895350125,0,2,1,0
10149,61297773257178,0,3,1,0
10150,61022895350125,0,2,1,0
10150,61297773257178,0,3,1,0
10151,61022895350125,0,2,1,0
10151,61297773257178,0,3,1,0
10152,61022895350125,0,2,1,0
10152,61297773257178,0,3,1,0
10153,61022895350125,0,2,1,0
10153,61297773257178,0,3,1,0
10154,61022895350125,0,2,1,0
10154,61297773257178,0,3,1,0
10155,61022895350125,0,2,1,0
10155,61297773257178,0,3,1,0
10156,61022895350125,0,2,1,0
10156,61297773257178,0,3,1,0
10157,61022895350125,0,2,1,0
10157,61297773257178,0,3,1,0
10158,61022895350125,0,2,1,0
10158,61297773257178,0,3,1,0
10159,61022895350125,0,2,1,0
10159,61297773257178,0,3,1,0
10160,61022895350125,0,2,1,0
10160,61297773257178,0,3,1,0
10161,61022895350125,0,2,1,0
10161,61297773257178,0,3,1,0
10162,61022895350125,0,2,1,0
10162,61297773257178,0,3,1,0
10163,61022895350125,0,2,1,0
10163,61297773257178,0,3,1,0
10164,61022895350125,0,2,1,0
10164,61297773257178,0,3,1,0
10165,61022895350125,0,2,1,0
10165,61297773257178,0,3,1,0
10166,61022895350125,0,2,1,0
10166,61297773257178,0,3,1,0
10167,61022895350125,0,2,1,0
10167,61297773257178,0,3,1,0
10168,61022895350125,0,2,1,0
10168,61297773257178,0,3,1,0
10169,61022895350125,0,2,1,0
10169,61297773257178,0,3,1,0
10170,61022895350125,0,2,1,0
10170,61297773257178,0,3,1,0
10171,61022895350125,0,2,1,0
10171,61297773257178,0,3,1,0
10172,61022895350125,0,2,1,0
10172,61297773257178,0,3,1,0
10173,61022895350125,0,2,1,0
10173,61297773257178,0,3,1,0
10174,61022895350125,0,2,1,0
10174,61297773257178,0,3,1,0
10175,61022895350125,0,2,1,0
10175,61297773257178,0,3,1,0
10176,61022895350125,0,2,1,0
10176,61297773257178,0,3,1,0
10177,61022895350125,0,2,1,0
10177,61297773257178,0,3,1,0
10178,61022895350125,0,2,1,0
10178,61297773257178,0,3,1,0
10179,61022895350125,0,2,1,0
10179,61297773257178,0,3,1,0
10180,61022895350125,0,2,1,0
10180,61297773257178,0,3,1,0
10181,61022895350125,0,2,1,0
10181,61297773257178,0,3,1,0
10182,61022895350125,0,2,1,0
10182,61297773257178,0,3,1,0
10183,61022895350125,0,2,1,0
10183,61297773257178,0,3,1,0
10184,61022895350125,0,2,1,0
10184,61297773257178,0,3,1,0
10185,61022895350125,0,2,1,0
10185,61297773257178,0,3,1,0
10186,61022895350125,0,2,1,0
10186,61297773257178,0,3,1,0
10187,61022895350125,0,2,1,0
10187,61297773257178,0,3,1,0
10188,61022895350125,0,2,1,0
10188,61297773257178,0,3,1,0
10189,61022895350125,0,2,1,0
10189,61297773257178,0,3,1,0
10190,61022895350125,0,2,1,0
10190,61297773257178,0,3,1,0
10191,61022895350125,0,2,1,0
10191,61297773257178,0,3,1,0
10192,61022895350125,0,2,1,0
10192,61297773257178,0,3,1,0
10193,61022895350125,0,2,1,0
10193,61297773257178,0,3,1,0
10194,61022895350125,0,2,1,0
10194,61297773257178,0,3,1,0
10195,61022895350125,0,2,1,0
10195,61297773257178,0,3,1,0
10196,61022895350125,0,2,1,0
10196,61297773257178,0,3,1,0
10197,61022895350125,0,2,1,0
10197,61297773257178,0,3,1,0
10198,61022895350125,0,2,1,0
10198,61297773257178,0,3,1,0
10199,61022895350125,0,2,1,0
10199,61297773257178,0,3,1,0
10200,61022895350125,0,2,1,0
10200,61297773257178,0,3,1,0
10201,61022895350125,0,2,1,0
10201,61297773257178,0,3,1,0
10202,61022895350125,0,2,1,0
10202,61297773257178,0,3,1,0
10203,61022895350125,0,2,1,0
10203,61297773257178,0,3,1,0
10204,61022895350125,0,2,1,0
10204,61297773257178,0,3,1,0
10205,61022895350125,0,2,1,0
10205,61297773257178,0,3,1,0
10206,61022895350125,0,2,1,0
10206,61297773257178,0,3,1,0
10207,61022895350125,0,2,1,0
10207,61297773257178,0,3,1,0
10208,61022895350125,0,2,1,0
10208,61297773257178,0,3,1,0
10209,61022895350125,0,2,1,0
10209,61297773257178,0,3,1,0
10210,61022895350125,0,2,1,0
10210,61297773257178,0,3,1,0
10211,61022895350125,0,2,1,0
10211,61297773257178,0,3,1,0
10212,61022895350125,0,2,1,0
10212,61297773257178,0,3,1,0
10213,61022895350125,0,2,1,0
10213,61297773257178,0,3,1,0
10214,61022895350125,0,2,1,0
10214,61297773257178,0,3,1,0
10215,61022895350125,0,2,1,0
10215,61297773257178,0,3,1,0
10216,61022895350125,0,2,1,0
10216,61297773257178,0,3,1,0
10217,61022895350125,0,2,1,0
10217,61297773257178,0,3,1,0
10218,61022895350125,0,2,1,0
10218,61297773257178,0,3,1,0
10219,61022895350125,0,2,1,0
10219,61297773257178,0,3,1,0
10220,61022895350125,0,2,1,0
10220,61297773257178,0,3,1,0
10221,61022895350125,0,2,1,0
10221,61297773257178,0,3,1,0
10222,61022895350125,0,2,1,0
10222,61297773257178,0,3,1,0
10223,61022895350125,0,2,1,0
10223,61297773257178,0,3,1,0
10224,61022895350125,0,2,1,0
10224,61297773257178,0,3,1,0
10225,61022895350125,0,2,1,0
10225,61297773257178,0,3,1,0
10226,61022895350125,0,2,1,0
10226,61297773257178,0,3,1,0
10227,61022895350125,0,2,1,0
10227,61297773257178,0,3,1,0
10228,61022895350125,0,2,1,0
10228,61297773257178,0,3,1,0
10229,61022895350125,0,2,1,0
10229,61297773257178,0,3,1,0
10230,61022895350125,0,2,1,0
10230,61297773257178,0,3,1,0
10231,61022895350125,0,2,1,0
10231,61297773257178,0,3,1,0
10232,61022895350125,0,2,1,0
10232,61297773257178,0,3,1,0
10233,61022895350125,0,2,1,0
10233,61297773257178,0,3,1,0
10234,61022895350125,0,2,1,0
10234,61297773257178,0,3,1,0
10235,61022895350125,0,2,1,0
10235,61297773257178,0,3,1,0
10236,61022895350125,0,2,1,0
10236,61297773257178,0,3,1,0
10237,61022895350125,0,2,1,0
10237,61297773257178,0,3,1,0
10238,61022895350125,0,2,1,0
10238,61297773257178,0,3,1,0
10239,61022895350125,0,2,1,0
10239,61297773257178,0,3,1,0
10240,61022895350125,0,2,1,0
10240,61297773257178,0,3,1,0
10241,61022895350125,0,2,1,0
10241,61297773257178,0,3,1,0
10242,61022895350125,0,2,1,0
10242,61297773257178,0,3,1,0
10243,61022895350125,0,2,1,0
10243,61297773257178,0,3,1,0
10244,61022895350125,0,2,1,0
10244,61297773257178,0,3,1,0
10245,61022895350125,0,2,1,0
10245,61297773257178,0,3,1,0
10246,61022895350125,0,2,1,0
10246,61297773257178,0,3,1,0
10247,61022895350125,0,2,1,0
10247,61297773257178,0,3,1,0
10248,61022895350125,0,2,1,0
10248,61297773257178,0,3,1,0
10249,61022895350125,0,2,1,0
10249,61297773257178,0,3,1,0
10250,61022895350125,0,2,1,0
10250,61297773257178,0,3,1,0
10251,61022895350125,0,2,1,0
10251,61297773257178,0,3,1,0
10252,61022895350125,0,2,1,0
10252,61297773257178,0,3,1,0
10253,61022895350125,0,2,1,0
10253,61297773257178,0,3,1,0
10254,61022895350125,0,2,1,0
10254,61297773257178,0,3,1,0
10255,61022895350125,0,2,1,0
10255,61297773257178,0,3,1,0
10256,61022895350125,0,2,1,0
10256,61297773257178,0,3,1,0
10257,61022895350125,0,2,1,0
10257,61297773257178,0,3,1,0
10258,61022895350125,0,2,1,0
10258,61297773257178,0,3,1,0
10259,61022895350125,0,2,1,0
10259,61297773257178,0,3,1,0
10260,61022895350125,0,2,1,0
10260,61297773257178,0,3,1,0
10261,61022895350125,0,2,1,0
10261,61297773257178,0,3,1,0
10262,61022895350125,0,2,1,0
10262,61297773257178,0,3,1,0
10263,61022895350125,0,2,1,0
10263,61297773257178,0,3,1,0
10264,61022895350125,0,2,1,0
10264,61297773257178,0,3,1,0
10265,61022895350125,0,2,1,0
10265,61297773257178,0,3,1,0
10266,61022895350125,0,2,1,0
10266,61297773257178,0,3,1,0
10267,61022895350125,0,2,1,0
10267,61297773257178,0,3,1,0
10268,61022895350125,0,2,1,0
10268,61297773257178,0,3,1,0
10269,61022895350125,0,2,1,0
10269,61297773257178,0,3,1,0
10270,61022895350125,0,2,1,0
10270,61297773257178,0,3,1,0
10271,61022895350125,0,2,1,0
10271,61297773257178,0,3,1,0
10272,61022895350125,0,2,1,0
10272,61297773257178,0,3,1,0
10273,61022895350125,0,2,1,0
10273,61297773257178,0,3,1,0
10274,61022895350125,0,2,1,0
10274,61297773257178,0,3,1,0
10275,61022895350125,0,2,1,0
10275,61297773257178,0,3,1,0
10276,61022895350125,0,2,1,0
10276,61297773257178,0,3,1,0
10277,61022895350125,0,2,1,0
10277,61297773257178,0,3,1,0
10278,61022895350125,0,2,1,0
10278,61297773257178,0,3,1,0
10279,61022895350125,0,2,1,0
10279,61297773257178,0,3,1,0
10280,61022895350125,0,2,1,0
10280,61297773257178,0,3,1,0
10281,61022895350125,0,2,1,0
10281,61297773257178,0,3,1,0
10282,61022895350125,0,2,1,0
10282,61297773257178,0,3,1,0
10283,61022895350125,0,2,1,0
10283,61297773257178,0,3,1,0
10284,61022895350125,0,2,1,0
10284,61297773257178,0,3,1,0
10285,61022895350125,0,2,1,0
10285,61297773257178,0,3,1,0
10286,61022895350125,0,2,1,0
10286,61297773257178,0,3,1,0
10287,61022895350125,0,2,1,0
10287,61297773257178,0,3,1,0
10288,61022895350125,0,2,1,0
10288,61297773257178,0,3,1,0
10289,61022895350125,0,2,1,0
10289,61297773257178,0,3,1,0
10290,61022895350125,0,2,1,0
10290,61297773257178,0,3,1,0
10291,61022895350125,0,2,1,0
10291,61297773257178,0,3,1,0
10292,61022895350125,0,2,1,0
10292,61297773257178,0,3,1,0
10293,61022895350125,0,2,1,0
10293,61297773257178,0,3,1,0
10294,61022895350125,0,2,1,0
10294,61297773257178,0,3,1,0
10295,61022895350125,0,2,1,0
10295,61297773257178,0,3,1,0
10296,61022895350125,0,2,1,0
10296,61297773257178,0,3,1,0
10297,61022895350125,0,2,1,0
10297,61297773257178,0,3,1,0
10298,61022895350125,0,2,1,0
10298,61297773257178,0,3,1,0
10299,61022895350125,0,2,1,0
10299,61297773257178,0,3,1,0
10300,61022895350125,0,2,1,0
10300,61297773257178,0,3,1,0
10301,61022895350125,0,2,1,0
10301,61297773257178,0,3,1,0
10302,61022895350125,0,2,1,0
10302,61297773257178,0,3,1,0
10303,61022895350125,0,2,1,0
10303,61297773257178,0,3,1,0
10304,61022895350125,0,2,1,0
10304,61297773257178,0,3,1,0
10305,61022895350125,0,2,1,0
10305,61297773257178,0,3,1,0
10306,61022895350125,0,2,1,0
10306,61297773257178,0,3,1,0
10307,61022895350125,0,2,1,0
10307,61297773257178,0,3,1,0
10308,61022895350125,0,2,1,0
10308,61297773257178,0,3,1,0
10309,61022895350125,0,2,1,0
10309,61297773257178,0,3,1,0
10310,61022895350125,0,2,1,0
10310,61297773257178,0,3,1,0
10311,61022895350125,0,2,1,0
10311,61297773257178,0,3,1,0
10312,61022895350125,0,2,1,0
10312,61297773257178,0,3,1,0
10313,61022895350125,0,2,1,0
10313,61297773257178,0,3,1,0
10314,61022895350125,0,2,1,0
10314,61297773257178,0,3,1,0
10315,61022895350125,0,2,1,0
10315,61297773257178,0,3,1,0
10316,61022895350125,0,2,1,0
10316,61297773257178,0,3,1,0
10317,61022895350125,0,2,1,0
10317,61297773257178,0,3,1,0
10318,61022895350125,0,2,1,0
10318,61297773257178,0,3,1,0
10319,61022895350125,0,2,1,0
10319,61297773257178,0,3,1,0
10320,61022895350125,0,2,1,0
10320,61297773257178,0,3,1,0
10321,61022895350125,0,2,1,0
10321,61297773257178,0,3,1,0
10322,61022895350125,0,2,1,0
10322,61297773257178,0,3,1,0
10323,61022895350125,0,2,1,0
10323,61297773257178,0,3,1,0
10324,61022895350125,0,2,1,0
10324,61297773257178,0,3,1,0
10325,61022895350125,0,2,1,0
10325,61297773257178,0,3,1,0
10326,61022895350125,0,2,1,0
10326,61297773257178,0,3,1,0
10327,61022895350125,0,2,1,0
10327,61297773257178,0,3,1,0
10328,61022895350125,0,2,1,0
10328,61297773257178,0,3,1,0
10329,61022895350125,0,2,1,0
10329,61297773257178,0,3,1,0
10330,61022895350125,0,2,1,0
10330,61297773257178,0,3,1,0
10331,61022895350125,0,2,1,0
10331,61297773257178,0,3,1,0
10332,61022895350125,0,2,1,0
10332,61297773257178,0,3,1,0
10333,61022895350125,0,2,1,0
10333,61297773257178,0,3,1,0
10334,61022895350125,0,2,1,0
10334,61297773257178,0,3,1,0
10335,61022895350125,0,2,1,0
10335,61297773257178,0,3,1,0
10336,61022895350125,0,2,1,0
10336,61297773257178,0,3,1,0
10337,61022895350125,0,2,1,0
10337,61297773257178,0,3,1,0
10338,61022895350125,0,2,1,0
10338,61297773257178,0,3,1,0
10339,61022895350125,0,2,1,0
10339,61297773257178,0,3,1,0
10340,61022895350125,0,2,1,0
10340,61297773257178,0,3,1,0
10341,61022895350125,0,2,1,0
10341,61297773257178,0,3,1,0
10342,61022895350125,0,2,1,0
10342,61297773257178,0,3,1,0
10343,61022895350125,0,2,1,0
10343,61297773257178,0,3,1,0
10344,61022895350125,0,2,1,0
10344,61297773257178,0,3,1,0
10345,61022895350125,0,2,1,0
10345,61297773257178,0,3,1,0
10346,61022895350125,0,2,1,0
10346,61297773257178,0,3,1,0
10347,61022895350125,0,2,1,0
10347,61297773257178,0,3,1,0
10348,61022895350125,0,2,1,0
10348,61297773257178,0,3,1,0
10349,61022895350125,0,2,1,0
10349,61297773257178,0,3,1,0
10350,61022895350125,0,2,1,0
10350,61297773257178,0,3,1,0
10351,61022895350125,0,2,1,0
10351,61297773257178,0,3,1,0
10352,61022895350125,0,2,1,0
10352,61297773257178,0,3,1,0
10353,61022895350125,0,2,1,0
10353,61297773257178,0,3,1,0
10354,61022895350125,0,2,1,0
10354,61297773257178,0,3,1,0
10355,61022895350125,0,2,1,0
10355,61297773257178,0,3,1,0
10356,61022895350125,0,2,1,0
10356,61297773257178,0,3,1,0
10357,61022895350125,0,2,1,0
10357,61297773257178,0,3,1,0
10358,61022895350125,0,2,1,0
10358,61297773257178,0,3,1,0
10359,61022895350125,0,2,1,0
10359,61297773257178,0,3,1,0
10360,61022895350125,0,2,1,0
10360,61297773257178,0,3,1,0
10361,61022895350125,0,2,1,0
10361,61297773257178,0,3,1,0
10362,61022895350125,0,2,1,0
10362,61297773257178,0,3,1,0
10363,61022895350125,0,2,1,0
10363,61297773257178,0,3,1,0
10364,61022895350125,0,2,1,0
10364,61297773257178,0,3,1,0
10365,61022895350125,0,2,1,0
10365,61297773257178,0,3,1,0
10366,61022895350125,0,2,1,0
10366,61297773257178,0,3,1,0
10367,61022895350125,0,2,1,0
10367,61297773257178,0,3,1,0
10368,61022895350125,0,2,1,0
10368,61297773257178,0,3,1,0
10369,61022895350125,0,2,1,0
10369,61297773257178,0,3,1,0
10370,61022895350125,0,2,1,0
10370,61297773257178,0,3,1,0
10371,61022895350125,0,2,1,0
10371,61297773257178,0,3,1,0
10372,61022895350125,0,2,1,0
10372,61297773257178,0,3,1,0
10373,61022895350125,0,2,1,0
10373,61297773257178,0,3,1,0
10374,61022895350125,0,2,1,0
10374,61297773257178,0,3,1,0
10375,61022895350125,0,2,1,0
10375,61297773257178,0,3,1,0
10376,61022895350125,0,2,1,0
10376,61297773257178,0,3,1,0
10377,61022895350125,0,2,1,0
10377,61297773257178,0,3,1,0
10378,61022895350125,0,2,1,0
10378,61297773257178,0,3,1,0
10379,61022895350125,0,2,1,0
10379,61297773257178,0,3,1,0
10380,61022895350125,0,2,1,0
10380,61297773257178,0,3,1,0
10381,61022895350125,0,2,1,0
10381,61297773257178,0,3,1,0
10382,61022895350125,0,2,1,0
10382,61297773257178,0,3,1,0
10383,61022895350125,0,2,1,0
10383,61297773257178,0,3,1,0
10384,61022895350125,0,2,1,0
10384,61297773257178,0,3,1,0
10385,61022895350125,0,2,1,0
10385,61297773257178,0,3,1,0
10386,61022895350125,0,2,1,0
10386,61297773257178,0,3,1,0
10387,61022895350125,0,2,1,0
10387,61297773257178,0,3,1,0
10388,61022895350125,0,2,1,0
10388,61297773257178,0,3,1,0
10389,61022895350125,0,2,1,0
10389,61297773257178,0,3,1,0
10390,61022895350125,0,2,1,0
10390,61297773257178,0,3,1,0
10391,61022895350125,0,2,1,0
10391,61297773257178,0,3,1,0
10392,61022895350125,0,2,1,0
10392,61297773257178,0,3,1,0
10393,61022895350125,0,2,1,0
10393,61297773257178,0,3,1,0
10394,61022895350125,0,2,1,0
10394,61297773257178,0,3,1,0
10395,61022895350125,0,2,1,0
10395,61297773257178,0,3,1,0
10396,61022895350125,0,2,1,0
10396,61297773257178,0,3,1,0
10397,61022895350125,0,2,1,0
10397,61297773257178,0,3,1,0
10398,61022895350125,0,2,1,0
10398,61297773257178,0,3,1,0
10399,61022895350125,0,2,1,0
10399,61297773257178,0,3,1,0
10400,61022895350125,0,2,1,0
10400,61297773257178,0,3,1,0
10401,61022895350125,0,2,1,0
10401,61297773257178,0,3,1,0
10402,61022895350125,0,2,1,0
10402,61297773257178,0,3,1,0
10403,61022895350125,0,2,1,0
10403,61297773257178,0,3,1,0
10404,61022895350125,0,2,1,0
10404,61297773257178,0,3,1,0
10405,61022895350125,0,2,1,0
10405,61297773257178,0,3,1,0
10406,61022895350125,0,2,1,0
10406,61297773257178,0,3,1,0
10407,61022895350125,0,2,1,0
10407,61297773257178,0,3,1,0
10408,61022895350125,0,2,1,0
10408,61297773257178,0,3,1,0
10409,61022895350125,0,2,1,0
10409,61297773257178,0,3,1,0
10410,61022895350125,0,2,1,0
10410,61297773257178,0,3,1,0
10411,61022895350125,0,2,1,0
10411,61297773257178,0,3,1,0
10412,61022895350125,0,2,1,0
10412,61297773257178,0,3,1,0
10413,61022895350125,0,2,1,0
10413,61297773257178,0,3,1,0
10414,61022895350125,0,2,1,0
10414,61297773257178,0,3,1,0
10415,61022895350125,0,2,1,0
10415,61297773257178,0,3,1,0
10416,61022895350125,0,2,1,0
10416,61297773257178,0,3,1,0
10417,61022895350125,0,2,1,0
10417,61297773257178,0,3,1,0
10418,61022895350125,0,2,1,0
10418,61297773257178,0,3,1,0
10419,61022895350125,0,2,1,0
10419,61297773257178,0,3,1,0
10420,61022895350125,0,2,1,0
10420,61297773257178,0,3,1,0
10421,61022895350125,0,2,1,0
10421,61297773257178,0,3,1,0
10422,61022895350125,0,2,1,0
10422,61297773257178,0,3,1,0
10423,61022895350125,0,2,1,0
10423,61297773257178,0,3,1,0
10424,61022895350125,0,2,1,0
10424,61297773257178,0,3,1,0
10425,61022895350125,0,2,1,0
10425,61297773257178,0,3,1,0
10426,61022895350125,0,2,1,0
10426,61297773257178,0,3,1,0
10427,61022895350125,0,2,1,0
10427,61297773257178,0,3,1,0
10428,61022895350125,0,2,1,0
10428,61297773257178,0,3,1,0
10429,61022895350125,0,2,1,0
10429,61297773257178,0,3,1,0
10430,61022895350125,0,2,1,0
10430,61297773257178,0,3,1,0
10431,61022895350125,0,2,1,0
10431,61297773257178,0,3,1,0
10432,61022895350125,0,2,1,0
10432,61297773257178,0,3,1,0
10433,61022895350125,0,2,1,0
10433,61297773257178,0,3,1,0
10434,61022895350125,0,2,1,0
10434,61297773257178,0,3,1,0
10435,61022895350125,0,2,1,0
10435,61297773257178,0,3,1,0
10436,61022895350125,0,2,1,0
10436,61297773257178,0,3,1,0
10437,61022895350125,0,2,1,0
10437,61297773257178,0,3,1,0
10438,61022895350125,0,2,1,0
10438,61297773257178,0,3,1,0
10439,61022895350125,0,2,1,0
10439,61297773257178,0,3,1,0
10440,61022895350125,0,2,1,0
10440,61297773257178,0,3,1,0
10441,61022895350125,0,2,1,0
10441,61297773257178,0,3,1,0
10442,61022895350125,0,2,1,0
10442,61297773257178,0,3,1,0
10443,61022895350125,0,2,1,0
10443,61297773257178,0,3,1,0
10444,61022895350125,0,2,1,0
10444,61297773257178,0,3,1,0
10445,61022895350125,0,2,1,0
10445,61297773257178,0,3,1,0
10446,61022895350125,0,2,1,0
10446,61297773257178,0,3,1,0
10447,61022895350125,0,2,1,0
10447,61297773257178,0,3,1,0
10448,61022895350125,0,2,1,0
10448,61297773257178,0,3,1,0
10449,61022895350125,0,2,1,0
10449,61297773257178,0,3,1,0
10450,61022895350125,0,2,1,0
10450,61297773257178,0,3,1,0
10451,61022895350125,0,2,1,0
10451,61297773257178,0,3,1,0
10452,61022895350125,0,2,1,0
10452,61297773257178,0,3,1,0
10453,61022895350125,0,2,1,0
10453,61297773257178,0,3,1,0
10454,61022895350125,0,2,1,0
10454,61297773257178,0,3,1,0
10455,61022895350125,0,2,1,0
10455,61297773257178,0,3,1,0
10456,61022895350125,0,2,1,0
10456,61297773257178,0,3,1,0
10457,61022895350125,0,2,1,0
10457,61297773257178,0,3,1,0
10458,61022895350125,0,2,1,0
10458,61297773257178,0,3,1,0
10459,61022895350125,0,2,1,0
10459,61297773257178,0,3,1,0
10460,61022895350125,0,2,1,0
10460,61297773257178,0,3,1,0
10461,61022895350125,0,2,1,0
10461,61297773257178,0,3,1,0
10462,61022895350125,0,2,1,0
10462,61297773257178,0,3,1,0
10463,61022895350125,0,2,1,0
10463,61297773257178,0,3,1,0
10464,61022895350125,0,2,1,0
10464,61297773257178,0,3,1,0
10465,61022895350125,0,2,1,0
10465,61297773257178,0,3,1,0
10466,61022895350125,0,2,1,0
10466,61297773257178,0,3,1,0
10467,61022895350125,0,2,1,0
10467,61297773257178,0,3,1,0
10468,61022895350125,0,2,1,0
10468,61297773257178,0,3,1,0
10469,61022895350125,0,2,1,0
10469,61297773257178,0,3,1,0
10470,61022895350125,0,2,1,0
10470,61297773257178,0,3,1,0
10471,61022895350125,0,2,1,0
10471,61297773257178,0,3,1,0
10472,61022895350125,0,2,1,0
10472,61297773257178,0,3,1,0
10473,61022895350125,0,2,1,0
10473,61297773257178,0,3,1,0
10474,61022895350125,0,2,1,0
10474,61297773257178,0,3,1,0
10475,61022895350125,0,2,1,0
10475,61297773257178,0,3,1,0
10476,61022895350125,0,2,1,0
10476,61297773257178,0,3,1,0
10477,61022895350125,0,2,1,0
10477,61297773257178,0,3,1,0
10478,61022895350125,0,2,1,0
10478,61297773257178,0,3,1,0
10479,61022895350125,0,2,1,0
10479,61297773257178,0,3,1,0
10480,61022895350125,0,2,1,0
10480,61297773257178,0,3,1,0
10481,61022895350125,0,2,1,0
10481,61297773257178,0,3,1,0
10482,61022895350125,0,2,1,0
10482,61297773257178,0,3,1,0
10483,61022895350125,0,2,1,0
10483,61297773257178,0,3,1,0
10484,61022895350125,0,2,1,0
10484,61297773257178,0,3,1,0
10485,61022895350125,0,2,1,0
10485,61297773257178,0,3,1,0
10486,61022895350125,0,2,1,0
10486,61297773257178,0,3,1,0
10487,61022895350125,0,2,1,0
10487,61297773257178,0,3,1,0
10488,61022895350125,0,2,1,0
10488,61297773257178,0,3,1,0
10489,61022895350125,0,2,1,0
10489,61297773257178,0,3,1,0
10490,61022895350125,0,2,1,0
10490,61297773257178,0,3,1,0
10491,61022895350125,0,2,1,0
10491,61297773257178,0,3,1,0
10492,61022895350125,0,2,1,0
10492,61297773257178,0,3,1,0
10493,61022895350125,0,2,1,0
10493,61297773257178,0,3,1,0
10494,61022895350125,0,2,1,0
10494,61297773257178,0,3,1,0
10495,61022895350125,0,2,1,0
10495,61297773257178,0,3,1,0
10496,61022895350125,0,2,1,0
10496,61297773257178,0,3,1,0
10497,61022895350125,0,2,1,0
10497,61297773257178,0,3,1,0
10498,61022895350125,0,2,1,0
10498,61297773257178,0,3,1,0
10499,61022895350125,0,2,1,0
10499,61297773257178,0,3,1,0
10500,61022895350125,0,2,1,0
10500,61297773257178,0,3,1,0
10501,61022895350125,0,2,1,0
10501,61297773257178,0,3,1,0
10502,61022895350125,0,2,1,0
10502,61297773257178,0,3,1,0
10503,61022895350125,0,2,1,0
10503,61297773257178,0,3,1,0
10504,61022895350125,0,2,1,0
10504,61297773257178,0,3,1,0
10505,61022895350125,0,2,1,0
10505,61297773257178,0,3,1,0
10506,61022895350125,0,2,1,0
10506,61297773257178,0,3,1,0
10507,61022895350125,0,2,1,0
10507,61297773257178,0,3,1,0
10508,61022895350125,0,2,1,0
10508,61297773257178,0,3,1,0
10509,61022895350125,0,2,1,0
10509,61297773257178,0,3,1,0
10510,61022895350125,0,2,1,0
10510,61297773257178,0,3,1,0
10511,61022895350125,0,2,1,0
10511,61297773257178,0,3,1,0
10512,61022895350125,0,2,1,0
10512,61297773257178,0,3,1,0
10513,61022895350125,0,2,1,0
10513,61297773257178,0,3,1,0
10514,61022895350125,0,2,1,0
10514,61297773257178,0,3,1,0
10515,61022895350125,0,2,1,0
10515,61297773257178,0,3,1,0
10516,61022895350125,0,2,1,0
10516,61297773257178,0,3,1,0
10517,61022895350125,0,2,1,0
10517,61297773257178,0,3,1,0
10518,61022895350125,0,2,1,0
10518,61297773257178,0,3,1,0
10519,61022895350125,0,2,1,0
10519,61297773257178,0,3,1,0
10520,61022895350125,0,2,1,0
10520,61297773257178,0,3,1,0
10521,61022895350125,0,2,1,0
10521,61297773257178,0,3,1,0
10522,61022895350125,0,2,1,0
10522,61297773257178,0,3,1,0
10523,61022895350125,0,2,1,0
10523,61297773257178,0,3,1,0
10524,61022895350125,0,2,1,0
10524,61297773257178,0,3,1,0
10525,61022895350125,0,2,1,0
10525,61297773257178,0,3,1,0
10526,61022895350125,0,2,1,0
10526,61297773257178,0,3,1,0
10527,61022895350125,0,2,1,0
10527,61297773257178,0,3,1,0
10528,61022895350125,0,2,1,0
10528,61297773257178,0,3,1,0
10529,61022895350125,0,2,1,0
10529,61297773257178,0,3,1,0
10530,61022895350125,0,2,1,0
10530,61297773257178,0,3,1,0
10531,61022895350125,0,2,1,0
10531,61297773257178,0,3,1,0
10532,61022895350125,0,2,1,0
10532,61297773257178,0,3,1,0
10533,61022895350125,0,2,1,0
10533,61297773257178,0,3,1,0
10534,61022895350125,0,2,1,0
10534,61297773257178,0,3,1,0
10535,61022895350125,0,2,1,0
10535,61297773257178,0,3,1,0
10536,61022895350125,0,2,1,0
10536,61297773257178,0,3,1,0
10537,61022895350125,0,2,1,0
10537,61297773257178,0,3,1,0
10538,61022895350125,0,2,1,0
10538,61297773257178,0,3,1,0
10539,61022895350125,0,2,1,0
10539,61297773257178,0,3,1,0
10540,61022895350125,0,2,1,0
10540,61297773257178,0,3,1,0
10541,61022895350125,0,2,1,0
10541,61297773257178,0,3,1,0
10542,61022895350125,0,2,1,0
10542,61297773257178,0,3,1,0
10543,61022895350125,0,2,1,0
10543,61297773257178,0,3,1,0
10544,61022895350125,0,2,1,0
10544,61297773257178,0,3,1,0
10545,61022895350125,0,2,1,0
10545,61297773257178,0,3,1,0
10546,61022895350125,0,2,1,0
10546,61297773257178,0,3,1,0
10547,61022895350125,0,2,1,0
10547,61297773257178,0,3,1,0
10548,61022895350125,0,2,1,0
10548,61297773257178,0,3,1,0
10549,61022895350125,0,2,1,0
10549,61297773257178,0,3,1,0
10550,61022895350125,0,2,1,0
10550,61297773257178,0,3,1,0
10551,61022895350125,0,2,1,0
10551,61297773257178,0,3,1,0
10552,61022895350125,0,2,1,0
10552,61297773257178,0,3,1,0
10553,61022895350125,0,2,1,0
10553,61297773257178,0,3,1,0
10554,61022895350125,0,2,1,0
10554,61297773257178,0,3,1,0
10555,61022895350125,0,2,1,0
10555,61297773257178,0,3,1,0
10556,61022895350125,0,2,1,0
10556,61297773257178,0,3,1,0
10557,61022895350125,0,2,1,0
10557,61297773257178,0,3,1,0
10558,61022895350125,0,2,1,0
10558,61297773257178,0,3,1,0
10559,61022895350125,0,2,1,0
10559,61297773257178,0,3,1,0
10560,61022895350125,0,2,1,0
10560,61297773257178,0,3,1,0
10561,61022895350125,0,2,1,0
10561,61297773257178,0,3,1,0
10562,61022895350125,0,2,1,0
10562,61297773257178,0,3,1,0
10563,61022895350125,0,2,1,0
10563,61297773257178,0,3,1,0
10564,61022895350125,0,2,1,0
10564,61297773257178,0,3,1,0
10565,61022895350125,0,2,1,0
10565,61297773257178,0,3,1,0
10566,61022895350125,0,2,1,0
10566,61297773257178,0,3,1,0
10567,61022895350125,0,2,1,0
10567,61297773257178,0,3,1,0
10568,61022895350125,0,2,1,0
10568,61297773257178,0,3,1,0
10569,61022895350125,0,2,1,0
10569,61297773257178,0,3,1,0
10570,61022895350125,0,2,1,0
10570,61297773257178,0,3,1,0
10571,61022895350125,0,2,1,0
10571,61297773257178,0,3,1,0
10572,61022895350125,0,2,1,0
10572,61297773257178,0,3,1,0
10573,61022895350125,0,2,1,0
10573,61297773257178,0,3,1,0
10574,61022895350125,0,2,1,0
10574,61297773257178,0,3,1,0
10575,61022895350125,0,2,1,0
10575,61297773257178,0,3,1,0
10576,61022895350125,0,2,1,0
10576,61297773257178,0,3,1,0
10577,61022895350125,0,2,1,0
10577,61297773257178,0,3,1,0
10578,61022895350125,0,2,1,0
10578,61297773257178,0,3,1,0
10579,61022895350125,0,2,1,0
10579,61297773257178,0,3,1,0
10580,61022895350125,0,2,1,0
10580,61297773257178,0,3,1,0
10581,61022895350125,0,2,1,0
10581,61297773257178,0,3,1,0
10582,61022895350125,0,2,1,0
10582,61297773257178,0,3,1,0
10583,61022895350125,0,2,1,0
10583,61297773257178,0,3,1,0
10584,61022895350125,0,2,1,0
10584,61297773257178,0,3,1,0
10585,61022895350125,0,2,1,0
10585,61297773257178,0,3,1,0
10586,61022895350125,0,2,1,0
10586,61297773257178,0,3,1,0
10587,61022895350125,0,2,1,0
10587,61297773257178,0,3,1,0
10588,61022895350125,0,2,1,0
10588,61297773257178,0,3,1,0
10589,61022895350125,0,2,1,0
10589,61297773257178,0,3,1,0
10590,61022895350125,0,2,1,0
10590,61297773257178,0,3,1,0
10591,61022895350125,0,2,1,0
10591,61297773257178,0,3,1,0
10592,61022895350125,0,2,1,0
10592,61297773257178,0,3,1,0
10593,61022895350125,0,2,1,0
10593,61297773257178,0,3,1,0
10594,61022895350125,0,2,1,0
10594,61297773257178,0,3,1,0
10595,61022895350125,0,2,1,0
10595,61297773257178,0,3,1,0
10596,61022895350125,0,2,1,0
10596,61297773257178,0,3,1,0
10597,61022895350125,0,2,1,0
10597,61297773257178,0,3,1,0
10598,61022895350125,0,2,1,0
10598,61297773257178,0,3,1,0
10599,61022895350125,0,2,1,0
10599,61297773257178,0,3,1,0
10600,61022895350125,0,2,1,0
10600,61297773257178,0,3,1,0
10601,61022895350125,0,2,1,0
10601,61297773257178,0,3,1,0
10602,61022895350125,0,2,1,0
10602,61297773257178,0,3,1,0
10603,61022895350125,0,2,1,0
10603,61297773257178,0,3,1,0
10604,61022895350125,0,2,1,0
10604,61297773257178,0,3,1,0
10605,61022895350125,0,2,1,0
10605,61297773257178,0,3,1,0
10606,61022895350125,0,2,1,0
10606,61297773257178,0,3,1,0
10607,61022895350125,0,2,1,0
10607,61297773257178,0,3,1,0
10608,61022895350125,0,2,1,0
10608,61297773257178,0,3,1,0
10609,61022895350125,0,2,1,0
10609,61297773257178,0,3,1,0
10610,61022895350125,0,2,1,0
10610,61297773257178,0,3,1,0
10611,61022895350125,0,2,1,0
10611,61297773257178,0,3,1,0
10612,61022895350125,0,2,1,0
10612,61297773257178,0,3,1,0
10613,61022895350125,0,2,1,0
10613,61297773257178,0,3,1,0
10614,61022895350125,0,2,1,0
10614,61297773257178,0,3,1,0
10615,61022895350125,0,2,1,0
10615,61297773257178,0,3,1,0
10616,61022895350125,0,2,1,0
10616,61297773257178,0,3,1,0
10617,61022895350125,0,2,1,0
10617,61297773257178,0,3,1,0
10618,61022895350125,0,2,1,0
10618,61297773257178,0,3,1,0
10619,61022895350125,0,2,1,0
10619,61297773257178,0,3,1,0
10620,61022895350125,0,2,1,0
10620,61297773257178,0,3,1,0
10621,61022895350125,0,2,1,0
10621,61297773257178,0,3,1,0
10622,61022895350125,0,2,1,0
10622,61297773257178,0,3,1,0
10623,61022895350125,0,2,1,0
10623,61297773257178,0,3,1,0
10624,61022895350125,0,2,1,0
10624,61297773257178,0,3,1,0
10625,61022895350125,0,2,1,0
10625,61297773257178,0,3,1,0
10626,61022895350125,0,2,1,0
10626,61297773257178,0,3,1,0
10627,61022895350125,0,2,1,0
10627,61297773257178,0,3,1,0
10628,61022895350125,0,2,1,0
10628,61297773257178,0,3,1,0
10629,61022895350125,0,2,1,0
10629,61297773257178,0,3,1,0
10630,61022895350125,0,2,1,0
10630,61297773257178,0,3,1,0
10631,61022895350125,0,2,1,0
10631,61297773257178,0,3,1,0
10632,61022895350125,0,2,1,0
10632,61297773257178,0,3,1,0
10633,61022895350125,0,2,1,0
10633,61297773257178,0,3,1,0
10634,61022895350125,0,2,1,0
10634,61297773257178,0,3,1,0
10635,61022895350125,0,2,1,0
10635,61297773257178,0,3,1,0
10636,61022895350125,0,2,1,0
10636,61297773257178,0,3,1,0
10637,61022895350125,0,2,1,0
10637,61297773257178,0,3,1,0
10638,61022895350125,0,2,1,0
10638,61297773257178,0,3,1,0
10639,61022895350125,0,2,1,0
10639,61297773257178,0,3,1,0
10640,61022895350125,0,2,1,0
10640,61297773257178,0,3,1,0
10641,61022895350125,0,2,1,0
10641,61297773257178,0,3,1,0
10642,61022895350125,0,2,1,0
10642,61297773257178,0,3,1,0
10643,61022895350125,0,2,1,0
10643,61297773257178,0,3,1,0
10644,61022895350125,0,2,1,0
10644,61297773257178,0,3,1,0
10645,61022895350125,0,2,1,0
10645,61297773257178,0,3,1,0
10646,61022895350125,0,2,1,0
10646,61297773257178,0,3,1,0
10647,61022895350125,0,2,1,0
10647,61297773257178,0,3,1,0
10648,61022895350125,0,2,1,0
10648,61297773257178,0,3,1,0
10649,61022895350125,0,2,1,0
10649,61297773257178,0,3,1,0
10650,61022895350125,0,2,1,0
10650,61297773257178,0,3,1,0
10651,61022895350125,0,2,1,0
10651,61297773257178,0,3,1,0
10652,61022895350125,0,2,1,0
10652,61297773257178,0,3,1,0
10653,61022895350125,0,2,1,0
10653,61297773257178,0,3,1,0
10654,61022895350125,0,2,1,0
10654,61297773257178,0,3,1,0
10655,61022895350125,0,2,1,0
10655,61297773257178,0,3,1,0
10656,61022895350125,0,2,1,0
10656,61297773257178,0,3,1,0
10657,61022895350125,0,2,1,0
10657,61297773257178,0,3,1,0
10658,61022895350125,0,2,1,0
10658,61297773257178,0,3,1,0
10659,61022895350125,0,2,1,0
10659,61297773257178,0,3,1,0
10660,61022895350125,0,2,1,0
10660,61297773257178,0,3,1,0
10661,61022895350125,0,2,1,0
10661,61297773257178,0,3,1,0
10662,61022895350125,0,2,1,0
10662,61297773257178,0,3,1,0
10663,61022895350125,0,2,1,0
10663,61297773257178,0,3,1,0
10664,61022895350125,0,2,1,0
10664,61297773257178,0,3,1,0
10665,61022895350125,0,2,1,0
10665,61297773257178,0,3,1,0
10666,61022895350125,0,2,1,0
10666,61297773257178,0,3,1,0
10667,61022895350125,0,2,1,0
10667,61297773257178,0,3,1,0
10668,61022895350125,0,2,1,0
10668,61297773257178,0,3,1,0
10669,61022895350125,0,2,1,0
10669,61297773257178,0,3,1,0
10670,61022895350125,0,2,1,0
10670,61297773257178,0,3,1,0
10671,61022895350125,0,2,1,0
10671,61297773257178,0,3,1,0
10672,61022895350125,0,2,1,0
10672,61297773257178,0,3,1,0
10673,61022895350125,0,2,1,0
10673,61297773257178,0,3,1,0
10674,61022895350125,0,2,1,0
10674,61297773257178,0,3,1,0
10675,61022895350125,0,2,1,0
10675,61297773257178,0,3,1,0
10676,61022895350125,0,2,1,0
10676,61297773257178,0,3,1,0
10677,61022895350125,0,2,1,0
10677,61297773257178,0,3,1,0
10678,61022895350125,0,2,1,0
10678,61297773257178,0,3,1,0
10679,61022895350125,0,2,1,0
10679,61297773257178,0,3,1,0
10680,61022895350125,0,2,1,0
10680,61297773257178,0,3,1,0
10681,61022895350125,0,2,1,0
10681,61297773257178,0,3,1,0
10682,61022895350125,0,2,1,0
10682,61297773257178,0,3,1,0
10683,61022895350125,0,2,1,0
10683,61297773257178,0,3,1,0
10684,61022895350125,0,2,1,0
10684,61297773257178,0,3,1,0
10685,61022895350125,0,2,1,0
10685,61297773257178,0,3,1,0
10686,61022895350125,0,2,1,0
10686,61297773257178,0,3,1,0
10687,61022895350125,0,2,1,0
10687,61297773257178,0,3,1,0
10688,61022895350125,0,2,1,0
10688,61297773257178,0,3,1,0
10689,61022895350125,0,2,1,0
10689,61297773257178,0,3,1,0
10690,61022895350125,0,2,1,0
10690,61297773257178,0,3,1,0
10691,61022895350125,0,2,1,0
10691,61297773257178,0,3,1,0
10692,61022895350125,0,2,1,0
10692,61297773257178,0,3,1,0
10693,61022895350125,0,2,1,0
10693,61297773257178,0,3,1,0
10694,61022895350125,0,2,1,0
10694,61297773257178,0,3,1,0
10695,61022895350125,0,2,1,0
10695,61297773257178,0,3,1,0
10696,61022895350125,0,2,1,0
10696,61297773257178,0,3,1,0
10697,61022895350125,0,2,1,0
10697,61297773257178,0,3,1,0
10698,61022895350125,0,2,1,0
10698,61297773257178,0,3,1,0
10699,61022895350125,0,2,1,0
10699,61297773257178,0,3,1,0
10700,61022895350125,0,2,1,0
10700,61297773257178,0,3,1,0
10701,61022895350125,0,2,1,0
10702,61022895350125,0,2,1,0
10701,61297773257178,0,3,1,0
10702,7146825589102,0,2,1,0
10703,1649267450224,0,2,1,0
10702,61297773257178,0,3,1,0
10703,7146825589105,0,2,1,0
10703,61297773257178,0,3,1,0
10704,61297773257178,0,3,1,0
10705,61297773257178,0,3,1,0
10706,61297773257178,0,3,1,0
10707,61297773257178,0,3,1,0
10708,61297773257178,0,3,1,0
10709,61297773257178,0,3,1,0
10710,61297773257178,0,3,1,0
10711,61297773257178,0,3,1,0
10712,61297773257178,0,3,1,0
10713,61297773257178,0,3,1,0
10714,61297773257178,0,3,1,0
10715,61297773257178,0,3,1,0
10716,61297773257178,0,3,1,0
10717,61297773257178,0,3,1,0
10718,61297773257178,0,3,1,0
10719,61297773257178,0,3,1,0
10720,61297773257178,0,3,1,0
10721,61297773257178,0,3,1,0
10722,61297773257178,0,3,1,0
10723,61297773257178,0,3,1,0
10724,61297773257178,0,3,1,0
10725,61297773257178,0,3,1,0
10726,61297773257178,0,3,1,0
10727,61297773257178,0,3,1,0
10728,61297773257178,0,3,1,0
10729,61297773257178,0,3,1,0
10730,61297773257178,0,3,1,0
10731,61297773257178,0,3,1,0
10732,61297773257178,0,3,1,0
10733,61297773257178,0,3,1,0
10734,61297773257178,0,3,1,0
10735,61297773257178,0,3,1,0
10736,61297773257178,0,3,1,0
10737,61297773257178,0,3,1,0
10738,61297773257178,0,3,1,0
10739,61297773257178,0,3,1,0
10740,61297773257178,0,3,1,0
10741,61297773257178,0,3,1,0
10742,61297773257178,0,3,1,0
10743,61297773257178,0,3,1,0
10744,61297773257178,0,3,1,0
10745,61297773257178,0,3,1,0
10746,61297773257178,0,3,1,0
10747,61297773257178,0,3,1,0
10748,61297773257178,0,3,1,0
10749,61297773257178,0,3,1,0
10750,61297773257178,0,3,1,0
10751,61297773257178,0,3,1,0
10752,61297773257178,0,3,1,0
10753,61297773257178,0,3,1,0
10754,61297773257178,0,3,1,0
10755,61297773257178,0,3,1,0
10756,61297773257178,0,3,1,0
10757,61297773257178,0,3,1,0
10758,61297773257178,0,3,1,0
10759,61297773257178,0,3,1,0
10760,61297773257178,0,3,1,0
10761,61297773257178,0,3,1,0
10762,61297773257178,0,3,1,0
10763,61297773257178,0,3,1,0
10764,61297773257178,0,3,1,0
10765,61297773257178,0,3,1,0
10766,61297773257178,0,3,1,0
10767,61297773257178,0,3,1,0
10768,61297773257178,0,3,1,0
10769,61297773257178,0,3,1,0
10770,61297773257178,0,3,1,0
10771,61297773257178,0,3,1,0
10772,61297773257178,0,3,1,0
10773,61297773257178,0,3,1,0
10774,61297773257178,0,3,1,0
10775,61297773257178,0,3,1,0
10776,61297773257178,0,3,1,0
10777,61297773257178,0,3,1,0
10778,61297773257178,0,3,1,0
10779,61297773257178,0,3,1,0
10780,61297773257178,0,3,1,0
10781,61297773257178,0,3,1,0
10782,61297773257178,0,3,1,0
10783,61297773257178,0,3,1,0
10784,61297773257178,0,3,1,0
10785,61297773257178,0,3,1,0
10786,61297773257178,0,3,1,0
10787,61297773257178,0,3,1,0
10788,61297773257178,0,3,1,0
10789,61297773257178,0,3,1,0
10790,61297773257178,0,3,1,0
10791,61297773257178,0,3,1,0
10792,61297773257178,0,3,1,0
10793,61297773257178,0,3,1,0
10794,61297773257178,0,3,1,0
10795,61297773257178,0,3,1,0
10796,61297773257178,0,3,1,0
10797,61297773257178,0,3,1,0
10798,61297773257178,0,3,1,0
10799,61297773257178,0,3,1,0
10800,61297773257178,0,3,1,0
10801,61297773257178,0,3,1,0
10802,61297773257178,0,3,1,0
10803,61297773257178,0,3,1,0
10804,61297773257178,0,3,1,0
10805,61297773257178,0,3,1,0
10806,61297773257178,0,3,1,0
10807,61297773257178,0,3,1,0
10808,61297773257178,0,3,1,0
10809,61297773257178,0,3,1,0
10810,61297773257178,0,3,1,0
10811,61297773257178,0,3,1,0
10812,61297773257178,0,3,1,0
10813,61297773257178,0,3,1,0
10814,61297773257178,0,3,1,0
10815,61297773257178,0,3,1,0
10816,61297773257178,0,3,1,0
10817,61297773257178,0,3,1,0
10818,61297773257178,0,3,1,0
10819,61297773257178,0,3,1,0
10820,61297773257178,0,3,1,0
10821,61297773257178,0,3,1,0
10822,61297773257178,0,3,1,0
10823,61297773257178,0,3,1,0
10824,61297773257178,0,3,1,0
10825,61297773257178,0,3,1,0
10826,61297773257178,0,3,1,0
10827,61297773257178,0,3,1,0
10828,61297773257178,0,3,1,0
10829,61297773257178,0,3,1,0
10830,61297773257178,0,3,1,0
10831,61297773257178,0,3,1,0
10832,61297773257178,0,3,1,0
10833,61297773257178,0,3,1,0
10834,61297773257178,0,3,1,0
10835,61297773257178,0,3,1,0
10836,61297773257178,0,3,1,0
10837,61297773257178,0,3,1,0
10838,61297773257178,0,3,1,0
10839,61297773257178,0,3,1,0
10840,61297773257178,0,3,1,0
10841,61297773257178,0,3,1,0
10842,61297773257178,0,3,1,0
10843,61297773257178,0,3,1,0
10844,61297773257178,0,3,1,0
10845,61297773257178,0,3,1,0
10846,61297773257178,0,3,1,0
10847,61297773257178,0,3,1,0
10848,61297773257178,0,3,1,0
10849,61297773257178,0,3,1,0
10850,61297773257178,0,3,1,0
10851,61297773257178,0,3,1,0
10852,61297773257178,0,3,1,0
10853,61297773257178,0,3,1,0
10854,61297773257178,0,3,1,0
10855,61297773257178,0,3,1,0
10856,61297773257178,0,3,1,0
10857,61297773257178,0,3,1,0
10858,61297773257178,0,3,1,0
10859,61297773257178,0,3,1,0
10860,61297773257178,0,3,1,0
10861,61297773257178,0,3,1,0
10862,61297773257178,0,3,1,0
10863,61297773257178,0,3,1,0
10864,61297773257178,0,3,1,0
10865,61297773257178,0,3,1,0
10866,61297773257178,0,3,1,0
10867,61297773257178,0,3,1,0
10868,61297773257178,0,3,1,0
10869,61297773257178,0,3,1,0
10870,61297773257178,0,3,1,0
10871,61297773257178,0,3,1,0
10872,61297773257178,0,3,1,0
10873,61297773257178,0,3,1,0
10874,61297773257178,0,3,1,0
10875,61297773257178,0,3,1,0
10876,61297773257178,0,3,1,0
10877,61297773257178,0,3,1,0
10878,61297773257178,0,3,1,0
10879,61297773257178,0,3,1,0
10880,61297773257178,0,3,1,0
10881,61297773257178,0,3,1,0
10882,61297773257178,0,3,1,0
10883,61297773257178,0,3,1,0
10884,61297773257178,0,3,1,0
10885,61297773257178,0,3,1,0
10886,61297773257178,0,3,1,0
10887,61297773257178,0,3,1,0
10888,61297773257178,0,3,1,0
10889,61297773257178,0,3,1,0
10890,61297773257178,0,3,1,0
10891,61297773257178,0,3,1,0
10892,61297773257178,0,3,1,0
10893,61297773257178,0,3,1,0
10894,61297773257178,0,3,1,0
10895,61297773257178,0,3,1,0
10896,61297773257178,0,3,1,0
10897,61297773257178,0,3,1,0
10898,61297773257178,0,3,1,0
10899,61297773257178,0,3,1,0
10900,61297773257178,0,3,1,0
10901,61297773257178,0,3,1,0
10902,61297773257178,0,3,1,0
10903,61297773257178,0,3,1,0
10904,61297773257178,0,3,1,0
10905,61297773257178,0,3,1,0
10906,61297773257178,0,3,1,0
10906,7421703496155,0,3,1,0
10907,1924145357276,0,3,1,0
10907,7421703496157,0,3,1,0
