ExecInstrId,ScalarIPC,ExecIPC,LdStIPC,BranchIPC
1374389534840,0.6397286410854356,0.0,0.0,0.0
1374389534841,0.6397286410854356,0.0,0.0,0.0
1374389534842,0.6397286410854356,0.0,0.0,0.0
1374389534843,0.6397286410854356,0.0,0.0,0.0
1374389534844,0.6397286410854356,0.0,0.0,0.0
1374389534845,0.6397286410854356,0.0,0.0,0.0
1374389534846,0.6397286410854356,0.0,0.0,0.0
1374389534847,0.6397286410854356,0.0,0.0,0.0
1374389534848,0.6397286410854356,0.0,0.0,0.0
1374389534849,0.6397286410854356,0.0,0.0,0.0
1374389534850,0.6397286410854356,0.0,0.0,0.0
1374389534851,0.6397286410854356,0.0,0.0,0.0
1374389534852,0.6397286410854356,0.0,0.0,0.0
1374389534853,0.6397286410854356,0.0,0.0,0.0
1374389534854,0.6397286410854356,0.0,0.0,0.0
1374389534855,0.6397286410854356,0.0,0.0,0.0
1374389534856,0.6397286410854356,0.0,0.0,0.0
1374389534857,0.6397286410854356,0.0,0.0,0.0
1374389534858,0.6397286410854356,0.0,0.0,0.0
1374389534859,0.6397286410854356,0.0,0.0,0.0
1374389534860,0.6397286410854356,0.0,0.0,0.0
1374389534861,0.6397286410854356,0.0,0.0,0.0
1374389534862,0.6397286410854356,0.0,0.0,0.0
1374389534863,0.6397286410854356,0.0,0.0,0.0
1374389534864,0.6397286410854356,0.0,0.0,0.0
1374389534865,0.6397286410854356,0.0,0.0,0.0
1374389534866,0.6397286410854356,0.0,0.0,0.0
1374389534867,0.6397286410854356,0.0,0.0,0.0
1374389534868,0.6397286410854356,0.0,0.0,0.0
1374389534869,0.6397286410854356,0.0,0.0,0.0
1374389534870,0.6397286410854356,0.0,0.0,0.0
1374389534871,0.6397286410854356,0.0,0.0,0.0
1374389534876,0.6397286410854356,0.0,0.0,0.0
1374389534877,0.6397286410854356,0.0,0.0,0.0
1374389534878,0.676076662908681,0.0,0.0,0.0
1374389534879,0.676076662908681,0.0,0.0,0.0
1374389534884,0.676076662908681,0.0,0.0,0.0
1374389534885,0.676076662908681,0.0,0.0,0.0
1374389534886,0.6398502478143413,0.0,0.0,0.0
1374389534887,0.6398502478143413,0.0,0.0,0.0
1374389534888,0.6071428571428571,0.0,0.0,0.0
1374389534889,0.6071428571428571,0.0,0.0,0.0
1374389534890,0.5759158582951356,0.0,0.0,0.0
1374389534891,0.07013700735958187,0.0,0.0,0.0
1374389534892,0.5759158582951356,0.0,0.0,0.0
1374389534893,0.07013700735958187,0.0,0.0,0.0
1374389534894,1.0491803278688525,0.0,0.0,0.0
1374389534895,0.06517311608961303,0.0,0.0,0.0
1374389534896,0.5572432251589161,0.0,0.0,0.0
1374389534897,0.5572432251589161,0.0,0.0,0.0
1374389534898,1.0,0.0,0.0,0.0
1374389534899,0.5327868852459017,0.0,0.0,0.0
1374389534900,0.5327868852459017,0.0,0.0,0.0
1374389534901,0.5103988255444091,0.0,0.0,0.0
1374389534902,0.5103988255444091,0.0,0.0,0.0
1374389534903,0.4931788931788932,0.0,0.0,0.0
1374389534904,0.4743922004195977,0.0,0.0,0.0
1374389534905,0.4931788931788932,0.0,0.0,0.0
1374389534907,0.4743922004195977,0.0,0.0,0.0
1374389534908,0.07207207207207207,0.0,0.0,0.0
1374389534909,0.46167760758570386,0.0,0.0,0.0
1374389534910,0.46167760758570386,0.0,0.0,0.0
1374389534911,0.44526735117544747,0.0,0.0,0.0
1374389534912,0.44526735117544747,0.0,0.0,0.0
1374389534913,0.0690245399914417,0.0,0.0,0.0
1374389534914,0.0690245399914417,0.0,0.0,0.0
1374389534915,0.06906314024958093,0.0,0.0,0.0
1374389534916,0.07025246981339188,0.0,0.0,0.0
1374389534917,0.06906314024958093,0.0,0.0,0.0
1374389534918,0.06898602438299137,0.0,0.0,0.0
1374389534919,0.06898602438299137,0.0,0.0,0.0
1374389534920,0.06898602438299137,0.0,0.0,0.0
1374389534921,0.07021395420494156,0.0,0.0,0.0
1374389534922,0.06898602438299137,0.0,0.0,0.0
1374389534923,0.07021395420494156,0.0,0.0,0.0
1374389534924,0.07021395420494156,0.0,0.0,0.0
1374389534925,0.07021395420494156,0.0,0.0,0.0
1374389534926,0.07036835551687037,0.0,0.0,0.0
1374389534927,0.07036835551687037,0.0,0.0,0.0
1374389534928,0.0706401766004415,0.0,0.0,0.0
1374389534929,0.0704070407040704,0.0,0.0,0.0
1374389534930,0.0706401766004415,0.0,0.0,0.0
1374389534931,0.0706401766004415,0.0,0.0,0.0
1374389534932,0.07052360865225596,0.0,0.0,0.0
1374389534933,0.0706401766004415,0.0,0.0,0.0
1374389534934,0.06920989654757187,0.0,0.0,0.0
1374389534935,0.07052360865225596,0.0,0.0,0.0
1374389534936,0.07044581110093388,0.0,0.0,0.0
1374389534937,0.06920989654757187,0.0,0.0,0.0
1374389534938,0.0704070407040704,0.0,0.0,0.0
1374389534939,0.07044581110093388,0.0,0.0,0.0
1374389534941,0.07044581110093388,0.0,0.0,0.0
1374389534942,0.07044581110093388,0.0,0.0,0.0
1374389534943,0.07044581110093388,0.0,0.0,0.0
1374389534944,0.0704070407040704,0.0,0.0,0.0
1374389534945,0.07044581110093388,0.0,0.0,0.0
1374389534946,0.06788993506092182,0.0,0.0,0.0
1374389534947,0.06788993506092182,0.0,0.0,0.0
1374389534948,0.0704070407040704,0.0,0.0,0.0
1374389534949,0.0704070407040704,0.0,0.0,0.0
1374389534950,0.0678075556990636,0.0,0.0,0.0
1374389534951,0.0704070407040704,0.0,0.0,0.0
1374389534952,0.0678075556990636,0.0,0.0,0.0
1374389534953,0.0704070407040704,0.0,0.0,0.0
1374389534954,0.06033963482094006,0.0,0.0,0.0
1374389534955,0.06033963482094006,0.0,0.0,0.0
1374389534956,0.060515800692224106,0.0,0.0,0.0
1374389534957,0.060515800692224106,0.0,0.0,0.0
1374389534958,0.07087486157253599,0.0,0.0,0.0
1374389534959,0.06871617731721358,0.0,0.0,0.0
1374389534960,0.06871617731721358,0.0,0.0,0.0
1374389534961,0.0535603730296831,0.0,0.0,0.0
1374389534962,0.0535603730296831,0.0,0.0,0.0
1374389534963,0.06099074700970435,0.0,0.0,0.0
1374389534964,0.06099074700970435,0.0,0.0,0.0
1374389534965,0.06117076691324004,0.0,0.0,0.0
1374389534966,0.07191011235955057,0.0,0.0,0.0
1374389534967,0.06117076691324004,0.0,0.0,0.0
1374389534968,0.07191011235955057,0.0,0.0,0.0
1374389534969,0.07215332581736189,0.0,0.0,0.0
1374389534970,0.07215332581736189,0.0,0.0,0.0
1374389534972,0.07239819004524888,0.0,0.0,0.0
1374389534973,0.07239819004524888,0.0,0.0,0.0
1374389534974,0.07029263696195454,0.0,0.0,0.0
1374389534976,0.07029263696195454,0.0,0.0,0.0
1374389534977,0.06132982850179079,0.0,0.0,0.0
1374389534978,0.06132982850179079,0.0,0.0,0.0
1374389534979,1.3777777777777778,0.0,0.0,0.0
1374389534981,1.3777777777777778,0.0,0.0,0.0
1374389534982,0.6124542124542125,0.0,0.0,0.0
1374389534983,0.6124542124542125,0.0,0.0,0.0
1374389534984,0.14222222222222222,0.0,0.0,0.0
1374389534985,1.28,0.0,0.0,0.0
1374389534986,1.3061224489795917,0.0,0.0,0.0
1374389534987,1.3061224489795917,0.0,0.0,0.0
1374389534988,0.7064633260711692,0.0,0.0,0.0
1374389534989,0.7064633260711692,0.0,0.0,0.0
1374389534990,1.2549019607843137,0.0,0.0,0.0
1374389534991,1.2549019607843137,0.0,0.0,0.0
1374389534992,1.2549019607843137,0.0,0.0,0.0
1374389535121,1.2549019607843137,0.0,0.0,0.0
1374389535122,0.6991998593159237,0.0,0.0,0.0
1374389535123,0.6991998593159237,0.0,0.0,0.0
1374389535124,1.231224565297817,0.0,0.0,0.0
1374389535129,0.9336704921221552,0.0,0.0,0.0
1374389535130,1.231224565297817,0.0,0.0,0.0
1374389535131,1.2307692307692308,0.0,0.0,0.0
1374389535132,0.9336704921221552,0.0,0.0,0.0
1374389535137,0.7144186046511628,0.0,0.0,0.0
1374389535138,0.7144186046511628,0.0,0.0,0.0
1374389535139,1.28,0.0,0.0,0.0
1374389535140,1.28,0.0,0.0,0.0
1374389535145,1.28,0.0,0.0,0.0
1374389535146,0.6274900398406374,0.0,0.0,0.0
1374389535147,0.6274900398406374,0.0,0.0,0.0
1374389535148,0.14988290398126464,0.0,0.0,0.0
1374389535153,0.9855484482350154,0.0,0.0,0.0
1374389535154,0.9855484482350154,0.0,0.0,0.0
1374389535155,0.5527293111905263,0.0,0.0,0.0
1374389535156,0.9696969696969697,0.0,0.0,0.0
1374389535169,0.5527293111905263,0.0,0.0,0.0
1374389535170,0.5390622335890878,0.0,0.0,0.0
1374389535171,0.5606778687347408,0.0,0.0,0.0
1374389535172,0.5390622335890878,0.0,0.0,0.0
1374389535177,0.5606778687347408,0.0,0.0,0.0
1374389535178,0.7985739750445633,0.0,0.0,0.0
1374389535179,0.9696969696969697,0.0,0.0,0.0
1374389535180,0.7985739750445633,0.0,0.0,0.0
1374389535185,0.9696969696969697,0.0,0.0,0.0
1374389535186,0.9696969696969697,0.0,0.0,0.0
1374389535187,0.9696969696969697,0.0,0.0,0.0
1374389535188,0.9696969696969697,0.0,0.0,0.0
1374389535193,0.9696969696969697,0.0,0.0,0.0
1374389535194,0.9696969696969697,0.0,0.0,0.0
1374389535195,0.9846153846153847,0.0,0.0,0.0
1374389535196,0.8147453920649796,0.0,0.0,0.0
1374389535201,0.9846153846153847,0.0,0.0,0.0
1374389535202,0.8147453920649796,0.0,0.0,0.0
1374389535203,0.9624604251469924,0.0,0.0,0.0
1374389535204,0.9624604251469924,0.0,0.0,0.0
1374389535221,0.9343563512361466,0.0,0.0,0.0
1374389535222,0.9343563512361466,0.0,0.0,0.0
1374389535223,0.9343563512361466,0.0,0.0,0.0
1374389535224,0.9343563512361466,0.0,0.0,0.0
1374389535229,0.9343563512361466,0.0,0.0,0.0
1374389535230,0.14835164835164835,0.0,0.0,0.0
1374389535231,0.9343563512361466,0.0,0.0,0.0
1374389535232,0.14835164835164835,0.0,0.0,0.0
1374389535237,0.15202672203665252,0.0,0.0,0.0
1374389535238,0.15202672203665252,0.0,0.0,0.0
1374389535239,0.14035087719298245,0.0,0.0,0.0
1374389535240,0.15041315010383988,0.0,0.0,0.0
1374389535257,0.14988290398126464,0.0,0.0,0.0
1374389535258,0.15041315010383988,0.0,0.0,0.0
1374389535259,0.15058823529411763,0.0,0.0,0.0
1374389535260,0.15058823529411763,0.0,0.0,0.0
1374389535265,0.14783439048721547,0.0,0.0,0.0
1374389535266,0.14783439048721547,0.0,0.0,0.0
1374389535267,0.14817673162261238,0.0,0.0,0.0
1374389535268,0.14817673162261238,0.0,0.0,0.0
1374389535273,0.15023474178403756,0.0,0.0,0.0
1374389535274,0.15023474178403756,0.0,0.0,0.0
1374389535275,0.1500588228826511,0.0,0.0,0.0
1374389535276,0.1500588228826511,0.0,0.0,0.0
1374389535281,0.14953271028037382,0.0,0.0,0.0
1374389535282,0.14953271028037382,0.0,0.0,0.0
1374389535283,0.14953271028037382,0.0,0.0,0.0
1374389535284,0.1486645443263368,0.0,0.0,0.0
1374389535290,0.1486645443263368,0.0,0.0,0.0
1374389535291,0.14284718973634183,0.0,0.0,0.0
1374389535292,0.14284718973634183,0.0,0.0,0.0
1374389535293,0.14662104003526966,0.0,0.0,0.0
1374389535294,0.14662104003526966,0.0,0.0,0.0
1374389535295,0.14114446711357231,0.0,0.0,0.0
1374389535296,0.14114446711357231,0.0,0.0,0.0
1374389535297,0.13617021276595745,0.0,0.0,0.0
1374389535298,0.14645308924485126,0.0,0.0,0.0
1374389535299,0.14883720930232558,0.0,0.0,0.0
1374389535300,0.14883720930232558,0.0,0.0,0.0
1374389535301,0.14883720930232558,0.0,0.0,0.0
1374389535446,0.1500588228826511,0.0,0.0,0.0
1374389535447,0.1500588228826511,0.0,0.0,0.0
1374389535451,0.14749362786745962,0.0,0.0,0.0
1374389535452,0.14749362786745962,0.0,0.0,0.0
1374389535461,0.14852066226948446,0.0,0.0,0.0
1374389535462,0.14852066226948446,0.0,0.0,0.0
1374389535463,0.1493600566417951,0.0,0.0,0.0
1374389535464,0.1493600566417951,0.0,0.0,0.0
1374389535465,0.14695771380364864,0.0,0.0,0.0
1374389535466,0.1451277014762671,0.0,0.0,0.0
1374389535467,0.14695771380364864,0.0,0.0,0.0
1374389535468,0.1451277014762671,0.0,0.0,0.0
1374389535469,0.13431284463470922,0.0,0.0,0.0
1374389535470,0.14398218443162264,0.0,0.0,0.0
1374389535471,0.13431284463470922,0.0,0.0,0.0
1374389535472,0.14398218443162264,0.0,0.0,0.0
1374389535473,0.14349847924993087,0.0,0.0,0.0
1374389535474,0.14349847924993087,0.0,0.0,0.0
1374389535475,0.14333724581414714,0.0,0.0,0.0
1374389535476,0.14333724581414714,0.0,0.0,0.0
1374389535477,0.14349775784753363,0.0,0.0,0.0
1374389535478,0.14349775784753363,0.0,0.0,0.0
1374389535479,0.13389121338912133,0.0,0.0,0.0
1374389535480,0.13417190775681342,0.0,0.0,0.0
1374389535481,0.14430683505175604,0.0,0.0,0.0
1374389535482,0.1438209509958389,0.0,0.0,0.0
1374389535483,0.14430683505175604,0.0,0.0,0.0
1374389535484,0.1438209509958389,0.0,0.0,0.0
1374389535485,0.14349775784753363,0.0,0.0,0.0
1374389535486,0.14349775784753363,0.0,0.0,0.0
1374389535487,0.14446952595936793,0.0,0.0,0.0
1374389535488,0.6666666666666666,0.0,0.0,0.0
1374389535489,0.6275104206138689,0.0,0.0,0.0
1374389535490,0.6275104206138689,0.0,0.0,0.0
1374389535491,0.7032967032967034,0.0,0.0,0.0
1374389535492,0.7032967032967034,0.0,0.0,0.0
1374389535493,0.6666666666666666,0.0,0.0,0.0
1374389535494,0.6368316831683168,0.0,0.0,0.0
1374389535495,0.6368316831683168,0.0,0.0,0.0
1374389535623,0.64,0.0,0.0,0.0
1374389535624,0.6464646464646465,0.0,0.0,0.0
1374389535625,0.64,0.0,0.0,0.0
1374389535626,0.64,0.0,0.0,0.0
1374389535627,0.5490196078431373,0.0,0.0,0.0
1374389535628,0.5490196078431373,0.0,0.0,0.0
1374389535629,0.5459737292975442,0.0,0.0,0.0
1374389535630,0.5459737292975442,0.0,0.0,0.0
1374389535631,0.6336633663366337,0.0,0.0,0.0
1374389535632,0.6336633663366337,0.0,0.0,0.0
1374389535633,0.6336633663366337,0.0,0.0,0.0
1374389535634,0.6465306122448979,0.0,0.0,0.0
1374389535635,0.6465306122448979,0.0,0.0,0.0
1374389535636,0.6666666666666666,0.0,0.0,0.0
1374389535637,0.6464646464646465,0.0,0.0,0.0
1374389535638,0.6597938144329897,0.0,0.0,0.0
1374389535639,0.6666666666666666,0.0,0.0,0.0
1374389535640,0.5378151260504201,0.0,0.0,0.0
1374389535641,0.6433622954132148,0.0,0.0,0.0
1374389535642,0.6433622954132148,0.0,0.0,0.0
1374389535643,0.6530612244897959,0.0,0.0,0.0
1374389535644,0.49615384615384617,0.0,0.0,0.0
1374389535645,0.49615384615384617,0.0,0.0,0.0
1374389535646,0.6632302405498282,0.0,0.0,0.0
1374389535647,0.6632302405498282,0.0,0.0,0.0
1374389535648,0.6464646464646465,0.0,0.0,0.0
1374389535649,0.6530612244897959,0.0,0.0,0.0
1374389535650,0.6530612244897959,0.0,0.0,0.0
1374389535696,0.6597938144329897,0.0,0.0,0.0
1374389535697,0.6095238095238096,0.0,0.0,0.0
1374389535698,0.6666666666666666,0.0,0.0,0.0
1374389535699,0.6666666666666666,0.0,0.0,0.0
1374389535701,0.6373626373626373,0.0,0.0,0.0
1374389535702,0.6373626373626373,0.0,0.0,0.0
1374389535703,0.5871559633027523,0.0,0.0,0.0
1374389535704,0.5981308411214953,0.0,0.0,0.0
1374389535705,0.7529411764705882,0.0,0.0,0.0
1374389535706,0.7529411764705882,0.0,0.0,0.0
1374389535707,0.7529411764705882,0.0,0.0,0.0
1374389535708,0.7441860465116279,0.0,0.0,0.0
1374389535709,0.5378151260504201,0.0,0.0,0.0
1374389535710,0.7529411764705882,0.0,0.0,0.0
1374389535711,0.7529411764705882,0.0,0.0,0.0
1374389535712,0.6348228043143298,0.0,0.0,0.0
1374389535713,0.6348228043143298,0.0,0.0,0.0
1374389535714,0.6888888888888889,0.0,0.0,0.0
1374389535715,0.6888888888888889,0.0,0.0,0.0
1374389535716,0.6666666666666666,0.0,0.0,0.0
1374389535717,0.6464646464646465,0.0,0.0,0.0
1374389535718,0.6274509803921569,0.0,0.0,0.0
1374389535719,0.4740740740740741,0.0,0.0,0.0
1374389535720,0.4740740740740741,0.0,0.0,0.0
1374389535721,0.6305571733643953,0.0,0.0,0.0
1374389535722,0.6305571733643953,0.0,0.0,0.0
1374389535723,0.6245239908606246,0.0,0.0,0.0
1374389535724,0.6245239908606246,0.0,0.0,0.0
1374389535725,0.6183719193427931,0.0,0.0,0.0
1374389535726,0.6183719193427931,0.0,0.0,0.0
1374389535727,0.64,0.0,0.0,0.0
1374389535728,0.48854961832061067,0.0,0.0,0.0
1374389535729,0.6845115534202699,0.0,0.0,0.0
1374389535730,0.6845115534202699,0.0,0.0,0.0
1374389535731,0.6956521739130435,0.0,0.0,0.0
1374389535732,0.7032967032967034,0.0,0.0,0.0
1374389535733,0.5871559633027523,0.0,0.0,0.0
1374389535734,0.574002574002574,0.0,0.0,0.0
1374389535735,0.574002574002574,0.0,0.0,0.0
1374389535736,0.7191011235955056,0.0,0.0,0.0
1374389535737,0.6956521739130435,0.0,0.0,0.0
1374389535738,0.6323743097936647,0.0,0.0,0.0
1374389535739,0.6323743097936647,0.0,0.0,0.0
1374389535740,0.6845115534202699,0.0,0.0,0.0
1374389535741,0.6845115534202699,0.0,0.0,0.0
1374389535742,0.6701754385964912,0.0,0.0,0.0
1374389535743,0.6701754385964912,0.0,0.0,0.0
1374389535744,0.6845115534202699,0.0,0.0,0.0
1374389535745,0.6845115534202699,0.0,0.0,0.0
1374389535774,0.669281045751634,0.0,0.0,0.0
1374389535775,0.6881720430107527,0.0,0.0,0.0
1374389535776,0.669281045751634,0.0,0.0,0.0
1374389535777,0.6808510638297872,0.0,0.0,0.0
1374389535778,0.6881720430107527,0.0,0.0,0.0
1374389535779,0.6666666666666666,0.0,0.0,0.0
1374389535781,0.5,0.0,0.0,0.0
1374389535782,0.6530612244897959,0.0,0.0,0.0
1374389535783,0.64,0.0,0.0,0.0
1374389535784,0.64,0.0,0.0,0.0
1374389535785,0.64,0.0,0.0,0.0
1374389535786,0.6498969072164948,0.0,0.0,0.0
1374389535787,0.6498969072164948,0.0,0.0,0.0
1374389535788,0.5574331869277154,0.0,0.0,0.0
1374389535789,0.47761194029850745,0.0,0.0,0.0
1374389535790,0.5574331869277154,0.0,0.0,0.0
1374389535791,0.64,0.0,0.0,0.0
1374389535792,0.6597938144329897,0.0,0.0,0.0
1374389535793,0.6597938144329897,0.0,0.0,0.0
1374389535794,0.6597938144329897,0.0,0.0,0.0
1374389535795,0.6530612244897959,0.0,0.0,0.0
1374389535796,0.6597938144329897,0.0,0.0,0.0
1374389535797,0.6597938144329897,0.0,0.0,0.0
1374389535798,0.64,0.0,0.0,0.0
1374389535800,0.6464646464646465,0.0,0.0,0.0
1374389535801,0.5245901639344263,0.0,0.0,0.0
1374389535802,0.64,0.0,0.0,0.0
1374389535803,0.6244051018465638,0.0,0.0,0.0
1374389535804,0.6244051018465638,0.0,0.0,0.0
1374389535805,0.47058823529411764,0.0,0.0,0.0
1374389535806,0.6336633663366337,0.0,0.0,0.0
1374389535807,0.48854961832061067,0.0,0.0,0.0
1374389535808,0.6533333333333333,0.0,0.0,0.0
1374389535809,0.6533333333333333,0.0,0.0,0.0
1374389535810,0.6736842105263158,0.0,0.0,0.0
1374389535811,0.6956521739130435,0.0,0.0,0.0
1374389535857,0.7032967032967034,0.0,0.0,0.0
1374389535858,0.7032967032967034,0.0,0.0,0.0
1374389535859,0.5161290322580645,0.0,0.0,0.0
1374389535860,0.6956521739130435,0.0,0.0,0.0
1374389535862,0.6956521739130435,0.0,0.0,0.0
1374389535863,0.6085488314227318,0.0,0.0,0.0
1374389535864,0.6085488314227318,0.0,0.0,0.0
1374389535865,0.6536737884314747,0.0,0.0,0.0
1374389535866,0.6536737884314747,0.0,0.0,0.0
1374389535867,0.609745032211233,0.0,0.0,0.0
1374389535868,0.64,0.0,0.0,0.0
1374389535869,0.609745032211233,0.0,0.0,0.0
1374389535870,0.463768115942029,0.0,0.0,0.0
1374389535871,0.6153846153846154,0.0,0.0,0.0
1374389535872,0.46715328467153283,0.0,0.0,0.0
1374389535873,0.6153846153846154,0.0,0.0,0.0
1374389535874,0.6153846153846154,0.0,0.0,0.0
1374389535875,0.6095238095238096,0.0,0.0,0.0
1374389535876,0.6336633663366337,0.0,0.0,0.0
1374389535877,0.6336633663366337,0.0,0.0,0.0
1374389535878,0.64,0.0,0.0,0.0
1374389535879,0.64,0.0,0.0,0.0
1374389535880,0.48484848484848486,0.0,0.0,0.0
1374389535881,0.48484848484848486,0.0,0.0,0.0
1374389535882,0.6432323232323233,0.0,0.0,0.0
1374389535883,0.6368316831683168,0.0,0.0,0.0
1374389535884,0.6432323232323233,0.0,0.0,0.0
1374389535885,0.6368316831683168,0.0,0.0,0.0
1374389535886,0.6336633663366337,0.0,0.0,0.0
1374389535887,0.6336633663366337,0.0,0.0,0.0
1374389535888,0.6530612244897959,0.0,0.0,0.0
1374389535889,0.6736842105263158,0.0,0.0,0.0
1374389535890,0.633816425120773,0.0,0.0,0.0
1374389535891,0.633816425120773,0.0,0.0,0.0
1374389535892,0.7111111111111111,0.0,0.0,0.0
1374389535893,0.7111111111111111,0.0,0.0,0.0
1374389535894,0.6736842105263158,0.0,0.0,0.0
1374389535895,0.6432323232323233,0.0,0.0,0.0
1374389535896,0.6432323232323233,0.0,0.0,0.0
1374389535943,0.6530612244897959,0.0,0.0,0.0
1374389535944,0.6464646464646465,0.0,0.0,0.0
1374389535945,0.6464646464646465,0.0,0.0,0.0
1374389535946,0.6464646464646465,0.0,0.0,0.0
1374389535947,0.5538687202053538,0.0,0.0,0.0
1374389535948,0.5538687202053538,0.0,0.0,0.0
1374389535949,0.5507625272331155,0.0,0.0,0.0
1374389535950,0.5507625272331155,0.0,0.0,0.0
1374389535951,0.64,0.0,0.0,0.0
1374389535952,0.64,0.0,0.0,0.0
1374389535953,0.64,0.0,0.0,0.0
1374389535954,0.6531292304488181,0.0,0.0,0.0
1374389535955,0.6531292304488181,0.0,0.0,0.0
1374389535956,0.6666666666666666,0.0,0.0,0.0
1374389535957,0.6530612244897959,0.0,0.0,0.0
1374389535958,0.6597938144329897,0.0,0.0,0.0
1374389535959,0.6666666666666666,0.0,0.0,0.0
1374389535960,0.5378151260504201,0.0,0.0,0.0
1374389535961,0.6433622954132148,0.0,0.0,0.0
1374389535962,0.6433622954132148,0.0,0.0,0.0
1374389535963,0.6530612244897959,0.0,0.0,0.0
1374389535964,0.49615384615384617,0.0,0.0,0.0
1374389535965,0.49615384615384617,0.0,0.0,0.0
1374389535966,0.6632302405498282,0.0,0.0,0.0
1374389535967,0.6632302405498282,0.0,0.0,0.0
1374389535968,0.6464646464646465,0.0,0.0,0.0
1374389535969,0.6530612244897959,0.0,0.0,0.0
1374389535970,0.6530612244897959,0.0,0.0,0.0
1374389536016,0.6597938144329897,0.0,0.0,0.0
1374389536017,0.6095238095238096,0.0,0.0,0.0
1374389536018,0.6736842105263158,0.0,0.0,0.0
1374389536019,0.6736842105263158,0.0,0.0,0.0
1374389536021,0.6438438438438439,0.0,0.0,0.0
1374389536022,0.6438438438438439,0.0,0.0,0.0
1374389536023,0.5871559633027523,0.0,0.0,0.0
1374389536024,0.5981308411214953,0.0,0.0,0.0
1374389536025,0.7529411764705882,0.0,0.0,0.0
1374389536026,0.7529411764705882,0.0,0.0,0.0
1374389536027,0.7529411764705882,0.0,0.0,0.0
1374389536028,0.7441860465116279,0.0,0.0,0.0
1374389536029,0.5378151260504201,0.0,0.0,0.0
1374389536030,0.7529411764705882,0.0,0.0,0.0
1374389536031,0.7529411764705882,0.0,0.0,0.0
1374389536032,0.6348228043143298,0.0,0.0,0.0
1374389536033,0.6348228043143298,0.0,0.0,0.0
1374389536034,0.6888888888888889,0.0,0.0,0.0
1374389536035,0.6888888888888889,0.0,0.0,0.0
1374389536036,0.6666666666666666,0.0,0.0,0.0
1374389536037,0.6464646464646465,0.0,0.0,0.0
1374389536038,0.6274509803921569,0.0,0.0,0.0
1374389536039,0.4740740740740741,0.0,0.0,0.0
1374389536040,0.4740740740740741,0.0,0.0,0.0
1374389536041,0.6305571733643953,0.0,0.0,0.0
1374389536042,0.6305571733643953,0.0,0.0,0.0
1374389536043,0.6245239908606246,0.0,0.0,0.0
1374389536044,0.6245239908606246,0.0,0.0,0.0
1374389536045,0.6183719193427931,0.0,0.0,0.0
1374389536046,0.6183719193427931,0.0,0.0,0.0
1374389536047,0.64,0.0,0.0,0.0
1374389536048,0.48854961832061067,0.0,0.0,0.0
1374389536049,0.6845115534202699,0.0,0.0,0.0
1374389536050,0.6845115534202699,0.0,0.0,0.0
1374389536051,0.6956521739130435,0.0,0.0,0.0
1374389536052,0.7032967032967034,0.0,0.0,0.0
1374389536053,0.5871559633027523,0.0,0.0,0.0
1374389536054,0.574002574002574,0.0,0.0,0.0
1374389536055,0.574002574002574,0.0,0.0,0.0
1374389536056,0.7191011235955056,0.0,0.0,0.0
1374389536057,0.6956521739130435,0.0,0.0,0.0
1374389536058,0.6323743097936647,0.0,0.0,0.0
1374389536059,0.6323743097936647,0.0,0.0,0.0
1374389536060,0.6845115534202699,0.0,0.0,0.0
1374389536061,0.6845115534202699,0.0,0.0,0.0
1374389536062,0.6701754385964912,0.0,0.0,0.0
1374389536063,0.6701754385964912,0.0,0.0,0.0
1374389536064,0.6845115534202699,0.0,0.0,0.0
1374389536065,0.6845115534202699,0.0,0.0,0.0
1374389536110,0.669281045751634,0.0,0.0,0.0
1374389536111,0.6881720430107527,0.0,0.0,0.0
1374389536112,0.669281045751634,0.0,0.0,0.0
1374389536113,0.6808510638297872,0.0,0.0,0.0
1374389536114,0.6881720430107527,0.0,0.0,0.0
1374389536115,0.6666666666666666,0.0,0.0,0.0
1374389536117,0.5,0.0,0.0,0.0
1374389536118,0.6530612244897959,0.0,0.0,0.0
1374389536119,0.64,0.0,0.0,0.0
1374389536120,0.6095238095238096,0.0,0.0,0.0
1374389536121,0.6153846153846154,0.0,0.0,0.0
1374389536122,0.6274509803921569,0.0,0.0,0.0
1374389536123,0.6274509803921569,0.0,0.0,0.0
1374389536124,0.6244051018465638,0.0,0.0,0.0
1374389536125,0.6153846153846154,0.0,0.0,0.0
1374389536126,0.6244051018465638,0.0,0.0,0.0
1374389536127,0.6213592233009708,0.0,0.0,0.0
1374389536128,0.6336633663366337,0.0,0.0,0.0
1374389536129,0.6153846153846154,0.0,0.0,0.0
1374389536130,0.6213592233009708,0.0,0.0,0.0
1374389536131,0.6037735849056604,0.0,0.0,0.0
1374389536132,0.5871559633027523,0.0,0.0,0.0
1374389536133,0.4507042253521127,0.0,0.0,0.0
1374389536134,0.44755244755244755,0.0,0.0,0.0
1374389536136,0.5871559633027523,0.0,0.0,0.0
1374389536137,0.5925925925925926,0.0,0.0,0.0
1374389536138,0.5981308411214953,0.0,0.0,0.0
1374389536139,0.5173542054275999,0.0,0.0,0.0
1374389536140,0.5173542054275999,0.0,0.0,0.0
1374389536141,0.5818181818181818,0.0,0.0,0.0
1374389536142,0.45390070921985815,0.0,0.0,0.0
1374389536143,0.6095238095238096,0.0,0.0,0.0
1374389536144,0.6432323232323233,0.0,0.0,0.0
1374389536145,0.6432323232323233,0.0,0.0,0.0
1374389536146,0.6666666666666666,0.0,0.0,0.0
1374389536147,0.6808510638297872,0.0,0.0,0.0
1374389536195,0.6881720430107527,0.0,0.0,0.0
1374389536196,0.6881720430107527,0.0,0.0,0.0
1374389536197,0.6666666666666666,0.0,0.0,0.0
1374389536198,0.6035087719298246,0.0,0.0,0.0
1374389536226,0.6035087719298246,0.0,0.0,0.0
1374389536227,0.6565656565656566,0.0,0.0,0.0
1374389536228,0.6565656565656566,0.0,0.0,0.0
1374389536229,0.6222977437930709,0.0,0.0,0.0
1374389536230,0.64,0.0,0.0,0.0
1374389536231,0.6222977437930709,0.0,0.0,0.0
1374389536232,0.609745032211233,0.0,0.0,0.0
1374389536233,0.609745032211233,0.0,0.0,0.0
1374389536234,0.6153846153846154,0.0,0.0,0.0
1374389536235,0.6274509803921569,0.0,0.0,0.0
1374389536236,0.6274509803921569,0.0,0.0,0.0
1374389536237,0.6336633663366337,0.0,0.0,0.0
1374389536238,0.6336633663366337,0.0,0.0,0.0
1374389536239,0.47761194029850745,0.0,0.0,0.0
1374389536240,0.6464646464646465,0.0,0.0,0.0
1374389536241,0.6530612244897959,0.0,0.0,0.0
1374389536242,0.49612403100775193,0.0,0.0,0.0
1374389536243,0.64,0.0,0.0,0.0
1374389536244,0.6274509803921569,0.0,0.0,0.0
1374389536245,0.6037735849056604,0.0,0.0,0.0
1374389536246,0.598339886413281,0.0,0.0,0.0
1374389536247,0.598339886413281,0.0,0.0,0.0
1374389536248,0.5048923679060665,0.0,0.0,0.0
1374389536249,0.5048923679060665,0.0,0.0,0.0
1374389536250,0.4998798365777457,0.0,0.0,0.0
1374389536251,0.4998798365777457,0.0,0.0,0.0
1374389536252,0.5765765765765766,0.0,0.0,0.0
1374389536253,0.5871559633027523,0.0,0.0,0.0
1374389536254,0.6095238095238096,0.0,0.0,0.0
1374389536255,0.6095238095238096,0.0,0.0,0.0
1374389536256,0.6274509803921569,0.0,0.0,0.0
1374389536257,0.6464646464646465,0.0,0.0,0.0
1374389536258,0.5923940358519015,0.0,0.0,0.0
1374389536259,0.5923940358519015,0.0,0.0,0.0
1374389536260,0.5833333333333333,0.0,0.0,0.0
1374389536261,0.5833333333333333,0.0,0.0,0.0
1374389536262,0.6632302405498282,0.0,0.0,0.0
1374389536263,0.6632302405498282,0.0,0.0,0.0
1374389536264,0.6701754385964912,0.0,0.0,0.0
1374389536265,0.6701754385964912,0.0,0.0,0.0
1374389536266,0.6736842105263158,0.0,0.0,0.0
1374389536267,0.6956521739130435,0.0,0.0,0.0
1374389536268,0.6956521739130435,0.0,0.0,0.0
1374389536269,0.7191011235955056,0.0,0.0,0.0
1374389536270,0.5818181818181818,0.0,0.0,0.0
1374389536271,0.7272727272727273,0.0,0.0,0.0
1374389536272,0.7111111111111111,0.0,0.0,0.0
1374389536273,0.6736842105263158,0.0,0.0,0.0
1374389536274,0.6432323232323233,0.0,0.0,0.0
1374389536275,0.6432323232323233,0.0,0.0,0.0
1374389536322,0.6530612244897959,0.0,0.0,0.0
1374389536323,0.6530612244897959,0.0,0.0,0.0
1374389536324,0.6564275194613928,0.0,0.0,0.0
1374389536325,0.6564275194613928,0.0,0.0,0.0
1374389536326,0.6564275194613928,0.0,0.0,0.0
1374389536327,0.6564275194613928,0.0,0.0,0.0
1374389536328,0.6465306122448979,0.0,0.0,0.0
1374389536329,0.6465306122448979,0.0,0.0,0.0
1374389536330,0.6564275194613928,0.0,0.0,0.0
1374389536331,0.6564275194613928,0.0,0.0,0.0
1374389536332,0.6336633663366337,0.0,0.0,0.0
1374389536333,0.6467285903848117,0.0,0.0,0.0
1374389536334,0.6467285903848117,0.0,0.0,0.0
1374389536335,0.4740740740740741,0.0,0.0,0.0
1374389536336,0.6153846153846154,0.0,0.0,0.0
1374389536337,0.47761194029850745,0.0,0.0,0.0
1374389536338,0.64,0.0,0.0,0.0
1374389536339,0.64,0.0,0.0,0.0
1374389536340,0.6369578134284017,0.0,0.0,0.0
1374389536341,0.6369578134284017,0.0,0.0,0.0
1374389536342,0.48484848484848486,0.0,0.0,0.0
1374389536343,0.5813953488372092,0.0,0.0,0.0
1374389536344,0.5813953488372092,0.0,0.0,0.0
1374389536345,0.6666666666666666,0.0,0.0,0.0
1374389536346,0.6666666666666666,0.0,0.0,0.0
1374389536347,0.6666666666666666,0.0,0.0,0.0
1374389536348,0.6666666666666666,0.0,0.0,0.0
1374389536349,0.6597938144329897,0.0,0.0,0.0
1374389536395,0.6666666666666666,0.0,0.0,0.0
1374389536396,0.6666666666666666,0.0,0.0,0.0
1374389536397,0.6597938144329897,0.0,0.0,0.0
1374389536398,0.6808510638297872,0.0,0.0,0.0
1374389536400,0.6335403726708074,0.0,0.0,0.0
1374389536401,0.6335403726708074,0.0,0.0,0.0
1374389536402,0.7032967032967034,0.0,0.0,0.0
1374389536403,0.7272727272727273,0.0,0.0,0.0
1374389536404,0.6666666666666666,0.0,0.0,0.0
1374389536405,0.6736842105263158,0.0,0.0,0.0
1374389536406,0.7272727272727273,0.0,0.0,0.0
1374389536407,0.7272727272727273,0.0,0.0,0.0
1374389536408,0.7111111111111111,0.0,0.0,0.0
1374389536409,0.7231869254341164,0.0,0.0,0.0
1374389536410,0.7231869254341164,0.0,0.0,0.0
1374389536411,0.6935332708528585,0.0,0.0,0.0
1374389536412,0.6935332708528585,0.0,0.0,0.0
1374389536413,0.7033816425120774,0.0,0.0,0.0
1374389536414,0.7033816425120774,0.0,0.0,0.0
1374389536415,0.6881720430107527,0.0,0.0,0.0
1374389536416,0.5079365079365079,0.0,0.0,0.0
1374389536417,0.49612403100775193,0.0,0.0,0.0
1374389536418,0.49612403100775193,0.0,0.0,0.0
1374389536419,0.6956521739130435,0.0,0.0,0.0
1374389536420,0.6919121084618981,0.0,0.0,0.0
1374389536421,0.6919121084618981,0.0,0.0,0.0
1374389536422,0.5904255319148937,0.0,0.0,0.0
1374389536423,0.5904255319148937,0.0,0.0,0.0
1374389536424,0.6736842105263158,0.0,0.0,0.0
1374389536425,0.6736842105263158,0.0,0.0,0.0
1374389536426,0.512,0.0,0.0,0.0
1374389536427,0.6956521739130435,0.0,0.0,0.0
1374389536428,0.6963926670609106,0.0,0.0,0.0
1374389536429,0.6963926670609106,0.0,0.0,0.0
1374389536430,0.7032967032967034,0.0,0.0,0.0
1374389536431,0.6956521739130435,0.0,0.0,0.0
1374389536432,0.6568421052631579,0.0,0.0,0.0
1374389536433,0.6568421052631579,0.0,0.0,0.0
1374389536434,0.6372102238953834,0.0,0.0,0.0
1374389536435,0.6372102238953834,0.0,0.0,0.0
1374389536436,0.6531292304488181,0.0,0.0,0.0
1374389536437,0.6531292304488181,0.0,0.0,0.0
1374389536438,0.6530612244897959,0.0,0.0,0.0
1374389536439,0.6530612244897959,0.0,0.0,0.0
1374389536440,0.6530612244897959,0.0,0.0,0.0
1374389536441,0.5904255319148937,0.0,0.0,0.0
1374389536442,0.5904255319148937,0.0,0.0,0.0
1374389536443,0.6956521739130435,0.0,0.0,0.0
1374389536444,0.7191011235955056,0.0,0.0,0.0
1374389536445,0.7111111111111111,0.0,0.0,0.0
1374389536446,0.7032967032967034,0.0,0.0,0.0
1374389536447,0.5161290322580645,0.0,0.0,0.0
1374389536448,0.509968253968254,0.0,0.0,0.0
1374389536449,0.509968253968254,0.0,0.0,0.0
1374389536450,0.7111111111111111,0.0,0.0,0.0
1374389536451,0.6881720430107527,0.0,0.0,0.0
1374389536452,0.6261398176291793,0.0,0.0,0.0
1374389536453,0.6261398176291793,0.0,0.0,0.0
1374389536454,0.6772676371780515,0.0,0.0,0.0
1374389536455,0.6772676371780515,0.0,0.0,0.0
1374389536456,0.6632302405498282,0.0,0.0,0.0
1374389536457,0.6632302405498282,0.0,0.0,0.0
1374389536458,0.6772676371780515,0.0,0.0,0.0
1374389536459,0.6772676371780515,0.0,0.0,0.0
1374389536504,0.6808510638297872,0.0,0.0,0.0
1374389536505,0.662327963298837,0.0,0.0,0.0
1374389536506,0.662327963298837,0.0,0.0,0.0
1374389536507,0.6808510638297872,0.0,0.0,0.0
1374389536508,0.6808510638297872,0.0,0.0,0.0
1374389536509,0.6597938144329897,0.0,0.0,0.0
1374389536511,0.6153846153846154,0.0,0.0,0.0
1374389536512,0.6336633663366337,0.0,0.0,0.0
1374389536513,0.64,0.0,0.0,0.0
1374389536514,0.6037735849056604,0.0,0.0,0.0
1374389536515,0.6095238095238096,0.0,0.0,0.0
1374389536516,0.6213592233009708,0.0,0.0,0.0
1374389536517,0.6213592233009708,0.0,0.0,0.0
1374389536518,0.6183719193427931,0.0,0.0,0.0
1374389536519,0.6095238095238096,0.0,0.0,0.0
1374389536520,0.6183719193427931,0.0,0.0,0.0
1374389536521,0.6153846153846154,0.0,0.0,0.0
1374389536522,0.6274509803921569,0.0,0.0,0.0
1374389536523,0.6153846153846154,0.0,0.0,0.0
1374389536524,0.6213592233009708,0.0,0.0,0.0
1374389536525,0.6037735849056604,0.0,0.0,0.0
1374389536526,0.5871559633027523,0.0,0.0,0.0
1374389536527,0.4507042253521127,0.0,0.0,0.0
1374389536528,0.44755244755244755,0.0,0.0,0.0
1374389536530,0.5871559633027523,0.0,0.0,0.0
1374389536531,0.5925925925925926,0.0,0.0,0.0
1374389536532,0.5981308411214953,0.0,0.0,0.0
1374389536533,0.5173542054275999,0.0,0.0,0.0
1374389536534,0.5173542054275999,0.0,0.0,0.0
1374389536535,0.5818181818181818,0.0,0.0,0.0
1374389536536,0.45390070921985815,0.0,0.0,0.0
1374389536537,0.6095238095238096,0.0,0.0,0.0
1374389536538,0.6432323232323233,0.0,0.0,0.0
1374389536539,0.6432323232323233,0.0,0.0,0.0
1374389536540,0.6597938144329897,0.0,0.0,0.0
1374389536541,0.6736842105263158,0.0,0.0,0.0
1374389536587,0.6808510638297872,0.0,0.0,0.0
1374389536588,0.6808510638297872,0.0,0.0,0.0
1374389536589,0.6597938144329897,0.0,0.0,0.0
1374389536590,0.5977961432506886,0.0,0.0,0.0
1374389536618,0.5977961432506886,0.0,0.0,0.0
1374389536619,0.6565656565656566,0.0,0.0,0.0
1374389536620,0.6565656565656566,0.0,0.0,0.0
1374389536621,0.6222977437930709,0.0,0.0,0.0
1374389536622,0.64,0.0,0.0,0.0
1374389536623,0.6222977437930709,0.0,0.0,0.0
1374389536624,0.609745032211233,0.0,0.0,0.0
1374389536625,0.609745032211233,0.0,0.0,0.0
1374389536626,0.6153846153846154,0.0,0.0,0.0
1374389536627,0.6274509803921569,0.0,0.0,0.0
1374389536628,0.6274509803921569,0.0,0.0,0.0
1374389536629,0.6336633663366337,0.0,0.0,0.0
1374389536630,0.6336633663366337,0.0,0.0,0.0
1374389536631,0.47761194029850745,0.0,0.0,0.0
1374389536632,0.6464646464646465,0.0,0.0,0.0
1374389536633,0.6530612244897959,0.0,0.0,0.0
1374389536634,0.49612403100775193,0.0,0.0,0.0
1374389536635,0.64,0.0,0.0,0.0
1374389536636,0.6274509803921569,0.0,0.0,0.0
1374389536637,0.6037735849056604,0.0,0.0,0.0
1374389536638,0.598339886413281,0.0,0.0,0.0
1374389536639,0.598339886413281,0.0,0.0,0.0
1374389536640,0.5048923679060665,0.0,0.0,0.0
1374389536641,0.5048923679060665,0.0,0.0,0.0
1374389536642,0.4998798365777457,0.0,0.0,0.0
1374389536643,0.4998798365777457,0.0,0.0,0.0
1374389536644,0.5765765765765766,0.0,0.0,0.0
1374389536645,0.5871559633027523,0.0,0.0,0.0
1374389536646,0.6095238095238096,0.0,0.0,0.0
1374389536647,0.6095238095238096,0.0,0.0,0.0
1374389536648,0.6274509803921569,0.0,0.0,0.0
1374389536649,0.6464646464646465,0.0,0.0,0.0
1374389536650,0.5923940358519015,0.0,0.0,0.0
1374389536651,0.5923940358519015,0.0,0.0,0.0
1374389536652,0.5833333333333333,0.0,0.0,0.0
1374389536653,0.5833333333333333,0.0,0.0,0.0
1374389536654,0.6632302405498282,0.0,0.0,0.0
1374389536655,0.6632302405498282,0.0,0.0,0.0
1374389536656,0.6701754385964912,0.0,0.0,0.0
1374389536657,0.6701754385964912,0.0,0.0,0.0
1374389536658,0.6736842105263158,0.0,0.0,0.0
1374389536659,0.6956521739130435,0.0,0.0,0.0
1374389536660,0.6956521739130435,0.0,0.0,0.0
1374389536661,0.7191011235955056,0.0,0.0,0.0
1374389536662,0.5818181818181818,0.0,0.0,0.0
1374389536663,0.7272727272727273,0.0,0.0,0.0
1374389536664,0.7111111111111111,0.0,0.0,0.0
1374389536665,0.6736842105263158,0.0,0.0,0.0
1374389536666,0.6432323232323233,0.0,0.0,0.0
1374389536667,0.6432323232323233,0.0,0.0,0.0
1374389536714,0.6530612244897959,0.0,0.0,0.0
1374389536715,0.6213592233009708,0.0,0.0,0.0
1374389536716,0.6244051018465638,0.0,0.0,0.0
1374389536717,0.6244051018465638,0.0,0.0,0.0
1374389536718,0.6244051018465638,0.0,0.0,0.0
1374389536719,0.6244051018465638,0.0,0.0,0.0
1374389536720,0.6154415164123902,0.0,0.0,0.0
1374389536721,0.6154415164123902,0.0,0.0,0.0
1374389536722,0.6244051018465638,0.0,0.0,0.0
1374389536723,0.6244051018465638,0.0,0.0,0.0
1374389536724,0.6037735849056604,0.0,0.0,0.0
1374389536725,0.6156122826489085,0.0,0.0,0.0
1374389536726,0.6156122826489085,0.0,0.0,0.0
1374389536727,0.45714285714285713,0.0,0.0,0.0
1374389536728,0.5871559633027523,0.0,0.0,0.0
1374389536729,0.460431654676259,0.0,0.0,0.0
1374389536730,0.6095238095238096,0.0,0.0,0.0
1374389536731,0.6095238095238096,0.0,0.0,0.0
1374389536732,0.6067577282530554,0.0,0.0,0.0
1374389536733,0.6067577282530554,0.0,0.0,0.0
1374389536734,0.46715328467153283,0.0,0.0,0.0
1374389536735,0.5556376533175705,0.0,0.0,0.0
1374389536736,0.5556376533175705,0.0,0.0,0.0
1374389536737,0.6336633663366337,0.0,0.0,0.0
1374389536738,0.6336633663366337,0.0,0.0,0.0
1374389536739,0.6336633663366337,0.0,0.0,0.0
1374389536740,0.6336633663366337,0.0,0.0,0.0
1374389536741,0.6274509803921569,0.0,0.0,0.0
1374389536787,0.6336633663366337,0.0,0.0,0.0
1374389536788,0.6336633663366337,0.0,0.0,0.0
1374389536789,0.6274509803921569,0.0,0.0,0.0
1374389536790,0.6464646464646465,0.0,0.0,0.0
1374389536817,0.6034011807207684,0.0,0.0,0.0
1374389536818,0.6034011807207684,0.0,0.0,0.0
1374389536819,0.6666666666666666,0.0,0.0,0.0
1374389536820,0.6881720430107527,0.0,0.0,0.0
1374389536821,0.6336633663366337,0.0,0.0,0.0
1374389536822,0.64,0.0,0.0,0.0
1374389536823,0.6881720430107527,0.0,0.0,0.0
1374389536824,0.6881720430107527,0.0,0.0,0.0
1374389536825,0.6736842105263158,0.0,0.0,0.0
1374389536826,0.6845115534202699,0.0,0.0,0.0
1374389536827,0.6845115534202699,0.0,0.0,0.0
1374389536828,0.6578115117014548,0.0,0.0,0.0
1374389536829,0.6578115117014548,0.0,0.0,0.0
1374389536830,0.6667390124796527,0.0,0.0,0.0
1374389536831,0.6667390124796527,0.0,0.0,0.0
1374389536832,0.6530612244897959,0.0,0.0,0.0
1374389536833,0.48854961832061067,0.0,0.0,0.0
1374389536834,0.47761194029850745,0.0,0.0,0.0
1374389536835,0.47761194029850745,0.0,0.0,0.0
1374389536836,0.6597938144329897,0.0,0.0,0.0
1374389536837,0.6564275194613928,0.0,0.0,0.0
1374389536838,0.6564275194613928,0.0,0.0,0.0
1374389536839,0.5638338269917218,0.0,0.0,0.0
1374389536840,0.5638338269917218,0.0,0.0,0.0
1374389536841,0.64,0.0,0.0,0.0
1374389536842,0.64,0.0,0.0,0.0
1374389536843,0.49230769230769234,0.0,0.0,0.0
1374389536844,0.6597938144329897,0.0,0.0,0.0
1374389536845,0.6604255319148936,0.0,0.0,0.0
1374389536846,0.6604255319148936,0.0,0.0,0.0
1374389536847,0.6666666666666666,0.0,0.0,0.0
1374389536848,0.6597938144329897,0.0,0.0,0.0
1374389536849,0.6568421052631579,0.0,0.0,0.0
1374389536850,0.6568421052631579,0.0,0.0,0.0
1374389536851,0.6372102238953834,0.0,0.0,0.0
1374389536852,0.6372102238953834,0.0,0.0,0.0
1374389536853,0.6531292304488181,0.0,0.0,0.0
1374389536854,0.6531292304488181,0.0,0.0,0.0
1374389536855,0.6530612244897959,0.0,0.0,0.0
1374389536856,0.6530612244897959,0.0,0.0,0.0
1374389536857,0.6530612244897959,0.0,0.0,0.0
1374389536858,0.5904255319148937,0.0,0.0,0.0
1374389536859,0.5904255319148937,0.0,0.0,0.0
1374389536860,0.6956521739130435,0.0,0.0,0.0
1374389536861,0.7191011235955056,0.0,0.0,0.0
1374389536862,0.7111111111111111,0.0,0.0,0.0
1374389536863,0.7032967032967034,0.0,0.0,0.0
1374389536864,0.5161290322580645,0.0,0.0,0.0
1374389536865,0.509968253968254,0.0,0.0,0.0
1374389536866,0.509968253968254,0.0,0.0,0.0
1374389536867,0.7111111111111111,0.0,0.0,0.0
1374389536868,0.6881720430107527,0.0,0.0,0.0
1374389536869,0.6261398176291793,0.0,0.0,0.0
1374389536870,0.6261398176291793,0.0,0.0,0.0
1374389536871,0.6772676371780515,0.0,0.0,0.0
1374389536872,0.6772676371780515,0.0,0.0,0.0
1374389536873,0.6632302405498282,0.0,0.0,0.0
1374389536874,0.6632302405498282,0.0,0.0,0.0
1374389536875,0.6772676371780515,0.0,0.0,0.0
1374389536876,0.6772676371780515,0.0,0.0,0.0
1374389537011,0.6808510638297872,0.0,0.0,0.0
1374389537012,0.662327963298837,0.0,0.0,0.0
1374389537013,0.662327963298837,0.0,0.0,0.0
1374389537022,0.6808510638297872,0.0,0.0,0.0
1374389537023,0.6808510638297872,0.0,0.0,0.0
1374389537024,0.6597938144329897,0.0,0.0,0.0
1374389537050,0.6153846153846154,0.0,0.0,0.0
1374389537051,0.6336633663366337,0.0,0.0,0.0
1374389537052,0.64,0.0,0.0,0.0
1374389537057,0.6037735849056604,0.0,0.0,0.0
1374389537058,0.6095238095238096,0.0,0.0,0.0
1374389537059,0.6213592233009708,0.0,0.0,0.0
1374389537060,0.6213592233009708,0.0,0.0,0.0
1374389537061,0.6183719193427931,0.0,0.0,0.0
1374389537062,0.6095238095238096,0.0,0.0,0.0
1374389537063,0.6183719193427931,0.0,0.0,0.0
1374389537064,0.6153846153846154,0.0,0.0,0.0
1374389537065,0.6274509803921569,0.0,0.0,0.0
1374389537066,0.6153846153846154,0.0,0.0,0.0
1374389537067,0.6213592233009708,0.0,0.0,0.0
1374389537068,0.6037735849056604,0.0,0.0,0.0
1374389537069,0.5871559633027523,0.0,0.0,0.0
1374389537070,0.4507042253521127,0.0,0.0,0.0
1374389537071,0.44755244755244755,0.0,0.0,0.0
1374389537073,0.5871559633027523,0.0,0.0,0.0
1374389537074,0.5925925925925926,0.0,0.0,0.0
1374389537075,0.5981308411214953,0.0,0.0,0.0
1374389537080,0.5173542054275999,0.0,0.0,0.0
1374389537081,0.5173542054275999,0.0,0.0,0.0
1374389537082,0.5818181818181818,0.0,0.0,0.0
1374389537083,0.45390070921985815,0.0,0.0,0.0
1374389537092,0.6095238095238096,0.0,0.0,0.0
1374389537093,0.6432323232323233,0.0,0.0,0.0
1374389537094,0.6432323232323233,0.0,0.0,0.0
1374389537095,0.6597938144329897,0.0,0.0,0.0
1374389537104,0.6736842105263158,0.0,0.0,0.0
1374389537222,0.6808510638297872,0.0,0.0,0.0
1374389537223,0.6808510638297872,0.0,0.0,0.0
1374389537224,0.6597938144329897,0.0,0.0,0.0
1374389537225,0.5977961432506886,0.0,0.0,0.0
1374389537253,0.5977961432506886,0.0,0.0,0.0
1374389537254,0.6565656565656566,0.0,0.0,0.0
1374389537255,0.6565656565656566,0.0,0.0,0.0
1374389537256,0.6222977437930709,0.0,0.0,0.0
1374389537257,0.64,0.0,0.0,0.0
1374389537258,0.6222977437930709,0.0,0.0,0.0
1374389537259,0.609745032211233,0.0,0.0,0.0
1374389537260,0.609745032211233,0.0,0.0,0.0
1374389537261,0.6153846153846154,0.0,0.0,0.0
1374389537262,0.6274509803921569,0.0,0.0,0.0
1374389537263,0.6274509803921569,0.0,0.0,0.0
1374389537264,0.6336633663366337,0.0,0.0,0.0
1374389537265,0.6336633663366337,0.0,0.0,0.0
1374389537266,0.47761194029850745,0.0,0.0,0.0
1374389537267,0.6464646464646465,0.0,0.0,0.0
1374389537268,0.6530612244897959,0.0,0.0,0.0
1374389537269,0.49612403100775193,0.0,0.0,0.0
1374389537270,0.64,0.0,0.0,0.0
1374389537271,0.6274509803921569,0.0,0.0,0.0
1374389537272,0.6037735849056604,0.0,0.0,0.0
1374389537273,0.598339886413281,0.0,0.0,0.0
1374389537274,0.598339886413281,0.0,0.0,0.0
1374389537275,0.5048923679060665,0.0,0.0,0.0
1374389537276,0.5048923679060665,0.0,0.0,0.0
1374389537277,0.4998798365777457,0.0,0.0,0.0
1374389537278,0.4998798365777457,0.0,0.0,0.0
1374389537279,0.5765765765765766,0.0,0.0,0.0
1374389537280,0.5871559633027523,0.0,0.0,0.0
1374389537281,0.6095238095238096,0.0,0.0,0.0
1374389537282,0.6095238095238096,0.0,0.0,0.0
1374389537283,0.6274509803921569,0.0,0.0,0.0
1374389537284,0.6464646464646465,0.0,0.0,0.0
1374389537285,0.5923940358519015,0.0,0.0,0.0
1374389537286,0.5923940358519015,0.0,0.0,0.0
1374389537287,0.5833333333333333,0.0,0.0,0.0
1374389537288,0.5833333333333333,0.0,0.0,0.0
1374389537289,0.6632302405498282,0.0,0.0,0.0
1374389537290,0.6632302405498282,0.0,0.0,0.0
1374389537291,0.6701754385964912,0.0,0.0,0.0
1374389537292,0.6701754385964912,0.0,0.0,0.0
1374389537293,0.6736842105263158,0.0,0.0,0.0
1374389537294,0.6956521739130435,0.0,0.0,0.0
1374389537295,0.6956521739130435,0.0,0.0,0.0
1374389537296,0.7191011235955056,0.0,0.0,0.0
1374389537297,0.5818181818181818,0.0,0.0,0.0
1374389537298,0.7272727272727273,0.0,0.0,0.0
1374389537299,0.7111111111111111,0.0,0.0,0.0
1374389537300,0.6736842105263158,0.0,0.0,0.0
1374389537301,0.6432323232323233,0.0,0.0,0.0
1374389537302,0.6432323232323233,0.0,0.0,0.0
1374389537349,0.6530612244897959,0.0,0.0,0.0
1374389537350,0.6213592233009708,0.0,0.0,0.0
1374389537351,0.6244051018465638,0.0,0.0,0.0
1374389537352,0.6244051018465638,0.0,0.0,0.0
1374389537353,0.6244051018465638,0.0,0.0,0.0
1374389537354,0.6244051018465638,0.0,0.0,0.0
1374389537355,0.6154415164123902,0.0,0.0,0.0
1374389537356,0.6154415164123902,0.0,0.0,0.0
1374389537357,0.6244051018465638,0.0,0.0,0.0
1374389537358,0.6244051018465638,0.0,0.0,0.0
1374389537359,0.6037735849056604,0.0,0.0,0.0
1374389537360,0.6156122826489085,0.0,0.0,0.0
1374389537361,0.6156122826489085,0.0,0.0,0.0
1374389537362,0.45714285714285713,0.0,0.0,0.0
1374389537363,0.5871559633027523,0.0,0.0,0.0
1374389537364,0.460431654676259,0.0,0.0,0.0
1374389537365,0.6095238095238096,0.0,0.0,0.0
1374389537366,0.6095238095238096,0.0,0.0,0.0
1374389537367,0.6067577282530554,0.0,0.0,0.0
1374389537368,0.6067577282530554,0.0,0.0,0.0
1374389537369,0.46715328467153283,0.0,0.0,0.0
1374389537370,0.5556376533175705,0.0,0.0,0.0
1374389537371,0.5556376533175705,0.0,0.0,0.0
1374389537372,0.6336633663366337,0.0,0.0,0.0
1374389537373,0.6336633663366337,0.0,0.0,0.0
1374389537374,0.6336633663366337,0.0,0.0,0.0
1374389537375,0.6336633663366337,0.0,0.0,0.0
1374389537376,0.6274509803921569,0.0,0.0,0.0
1374389537419,0.6336633663366337,0.0,0.0,0.0
1374389537420,0.6336633663366337,0.0,0.0,0.0
1374389537421,0.6274509803921569,0.0,0.0,0.0
1374389537422,0.6464646464646465,0.0,0.0,0.0
1374389537449,0.6034011807207684,0.0,0.0,0.0
1374389537450,0.6034011807207684,0.0,0.0,0.0
1374389537451,0.6666666666666666,0.0,0.0,0.0
1374389537452,0.6881720430107527,0.0,0.0,0.0
1374389537453,0.6336633663366337,0.0,0.0,0.0
1374389537454,0.64,0.0,0.0,0.0
1374389537455,0.6881720430107527,0.0,0.0,0.0
1374389537456,0.6881720430107527,0.0,0.0,0.0
1374389537457,0.6736842105263158,0.0,0.0,0.0
1374389537458,0.6845115534202699,0.0,0.0,0.0
1374389537459,0.6845115534202699,0.0,0.0,0.0
1374389537460,0.6578115117014548,0.0,0.0,0.0
1374389537461,0.6578115117014548,0.0,0.0,0.0
1374389537462,0.6667390124796527,0.0,0.0,0.0
1374389537463,0.6667390124796527,0.0,0.0,0.0
1374389537464,0.6530612244897959,0.0,0.0,0.0
1374389537465,0.48854961832061067,0.0,0.0,0.0
1374389537466,0.47761194029850745,0.0,0.0,0.0
1374389537467,0.47761194029850745,0.0,0.0,0.0
1374389537468,0.6597938144329897,0.0,0.0,0.0
1374389537469,0.6564275194613928,0.0,0.0,0.0
1374389537470,0.6564275194613928,0.0,0.0,0.0
1374389537471,0.5638338269917218,0.0,0.0,0.0
1374389537472,0.5638338269917218,0.0,0.0,0.0
1374389537473,0.64,0.0,0.0,0.0
1374389537474,0.64,0.0,0.0,0.0
1374389537475,0.49230769230769234,0.0,0.0,0.0
1374389537476,0.6597938144329897,0.0,0.0,0.0
1374389537477,0.6604255319148936,0.0,0.0,0.0
1374389537478,0.6604255319148936,0.0,0.0,0.0
1374389537479,0.6666666666666666,0.0,0.0,0.0
1374389537480,0.6597938144329897,0.0,0.0,0.0
1374389537481,0.6568421052631579,0.0,0.0,0.0
1374389537482,0.6568421052631579,0.0,0.0,0.0
1374389537483,0.6372102238953834,0.0,0.0,0.0
1374389537484,0.6372102238953834,0.0,0.0,0.0
1374389537485,0.6531292304488181,0.0,0.0,0.0
1374389537486,0.6531292304488181,0.0,0.0,0.0
1374389537487,0.6530612244897959,0.0,0.0,0.0
1374389537488,0.6530612244897959,0.0,0.0,0.0
1374389537489,0.6530612244897959,0.0,0.0,0.0
1374389537490,0.5904255319148937,0.0,0.0,0.0
1374389537491,0.5904255319148937,0.0,0.0,0.0
1374389537492,0.6956521739130435,0.0,0.0,0.0
1374389537493,0.7191011235955056,0.0,0.0,0.0
1374389537494,0.7111111111111111,0.0,0.0,0.0
1374389537495,0.7032967032967034,0.0,0.0,0.0
1374389537496,0.5161290322580645,0.0,0.0,0.0
1374389537497,0.509968253968254,0.0,0.0,0.0
1374389537498,0.509968253968254,0.0,0.0,0.0
1374389537499,0.7111111111111111,0.0,0.0,0.0
1374389537500,0.6881720430107527,0.0,0.0,0.0
1374389537501,0.6261398176291793,0.0,0.0,0.0
1374389537502,0.6261398176291793,0.0,0.0,0.0
1374389537503,0.6772676371780515,0.0,0.0,0.0
1374389537504,0.6772676371780515,0.0,0.0,0.0
1374389537505,0.6632302405498282,0.0,0.0,0.0
1374389537506,0.6632302405498282,0.0,0.0,0.0
1374389537507,0.6772676371780515,0.0,0.0,0.0
1374389537508,0.6772676371780515,0.0,0.0,0.0
1374389537553,0.6808510638297872,0.0,0.0,0.0
1374389537554,0.662327963298837,0.0,0.0,0.0
1374389537555,0.662327963298837,0.0,0.0,0.0
1374389537556,0.6808510638297872,0.0,0.0,0.0
1374389537557,0.6808510638297872,0.0,0.0,0.0
1374389537558,0.6597938144329897,0.0,0.0,0.0
1374389537560,0.6153846153846154,0.0,0.0,0.0
1374389537561,0.6336633663366337,0.0,0.0,0.0
1374389537562,0.64,0.0,0.0,0.0
1374389537563,0.6037735849056604,0.0,0.0,0.0
1374389537564,0.6095238095238096,0.0,0.0,0.0
1374389537565,0.6213592233009708,0.0,0.0,0.0
1374389537566,0.6213592233009708,0.0,0.0,0.0
1374389537567,0.6183719193427931,0.0,0.0,0.0
1374389537568,0.6095238095238096,0.0,0.0,0.0
1374389537569,0.6183719193427931,0.0,0.0,0.0
1374389537570,0.6153846153846154,0.0,0.0,0.0
1374389537571,0.6274509803921569,0.0,0.0,0.0
1374389537572,0.6153846153846154,0.0,0.0,0.0
1374389537573,0.6213592233009708,0.0,0.0,0.0
1374389537574,0.6037735849056604,0.0,0.0,0.0
1374389537575,0.5871559633027523,0.0,0.0,0.0
1374389537576,0.4507042253521127,0.0,0.0,0.0
1374389537577,0.44755244755244755,0.0,0.0,0.0
1374389537579,0.5871559633027523,0.0,0.0,0.0
1374389537580,0.5925925925925926,0.0,0.0,0.0
1374389537581,0.5981308411214953,0.0,0.0,0.0
1374389537582,0.5173542054275999,0.0,0.0,0.0
1374389537583,0.5173542054275999,0.0,0.0,0.0
1374389537584,0.5818181818181818,0.0,0.0,0.0
1374389537585,0.45390070921985815,0.0,0.0,0.0
1374389537586,0.6095238095238096,0.0,0.0,0.0
1374389537587,0.6432323232323233,0.0,0.0,0.0
1374389537588,0.6432323232323233,0.0,0.0,0.0
1374389537589,0.6597938144329897,0.0,0.0,0.0
1374389537590,0.6736842105263158,0.0,0.0,0.0
1374389537638,0.6808510638297872,0.0,0.0,0.0
1374389537639,0.6808510638297872,0.0,0.0,0.0
1374389537640,0.6597938144329897,0.0,0.0,0.0
1374389537641,0.5977961432506886,0.0,0.0,0.0
1374389537669,0.5977961432506886,0.0,0.0,0.0
1374389537670,0.6565656565656566,0.0,0.0,0.0
1374389537671,0.6565656565656566,0.0,0.0,0.0
1374389537672,0.6222977437930709,0.0,0.0,0.0
1374389537673,0.64,0.0,0.0,0.0
1374389537674,0.6222977437930709,0.0,0.0,0.0
1374389537675,0.609745032211233,0.0,0.0,0.0
1374389537676,0.609745032211233,0.0,0.0,0.0
1374389537677,0.6153846153846154,0.0,0.0,0.0
1374389537678,0.6274509803921569,0.0,0.0,0.0
1374389537679,0.6274509803921569,0.0,0.0,0.0
1374389537680,0.6336633663366337,0.0,0.0,0.0
1374389537681,0.6336633663366337,0.0,0.0,0.0
1374389537682,0.47761194029850745,0.0,0.0,0.0
1374389537683,0.6464646464646465,0.0,0.0,0.0
1374389537684,0.6530612244897959,0.0,0.0,0.0
1374389537685,0.49612403100775193,0.0,0.0,0.0
1374389537686,0.64,0.0,0.0,0.0
1374389537687,0.6274509803921569,0.0,0.0,0.0
1374389537688,0.6037735849056604,0.0,0.0,0.0
1374389537689,0.598339886413281,0.0,0.0,0.0
1374389537690,0.598339886413281,0.0,0.0,0.0
1374389537691,0.5048923679060665,0.0,0.0,0.0
1374389537692,0.5048923679060665,0.0,0.0,0.0
1374389537693,0.4998798365777457,0.0,0.0,0.0
1374389537694,0.4998798365777457,0.0,0.0,0.0
1374389537695,0.5765765765765766,0.0,0.0,0.0
1374389537696,0.5871559633027523,0.0,0.0,0.0
1374389537697,0.6095238095238096,0.0,0.0,0.0
1374389537698,0.6095238095238096,0.0,0.0,0.0
1374389537699,0.6274509803921569,0.0,0.0,0.0
1374389537700,0.6464646464646465,0.0,0.0,0.0
1374389537701,0.5923940358519015,0.0,0.0,0.0
1374389537702,0.5923940358519015,0.0,0.0,0.0
1374389537703,0.5833333333333333,0.0,0.0,0.0
1374389537704,0.5833333333333333,0.0,0.0,0.0
1374389537705,0.6632302405498282,0.0,0.0,0.0
1374389537706,0.6632302405498282,0.0,0.0,0.0
1374389537707,0.6701754385964912,0.0,0.0,0.0
1374389537708,0.6701754385964912,0.0,0.0,0.0
1374389537709,0.6736842105263158,0.0,0.0,0.0
1374389537710,0.6956521739130435,0.0,0.0,0.0
1374389537711,0.6956521739130435,0.0,0.0,0.0
1374389537712,0.7191011235955056,0.0,0.0,0.0
1374389537713,0.5818181818181818,0.0,0.0,0.0
1374389537714,0.7272727272727273,0.0,0.0,0.0
1374389537715,0.7111111111111111,0.0,0.0,0.0
1374389537716,0.6736842105263158,0.0,0.0,0.0
1374389537717,0.6432323232323233,0.0,0.0,0.0
1374389537718,0.6432323232323233,0.0,0.0,0.0
1374389537803,0.6530612244897959,0.0,0.0,0.0
1374389537804,0.6213592233009708,0.0,0.0,0.0
1374389537805,0.6244051018465638,0.0,0.0,0.0
1374389537806,0.6244051018465638,0.0,0.0,0.0
1374389537807,0.6244051018465638,0.0,0.0,0.0
1374389537808,0.6244051018465638,0.0,0.0,0.0
1374389537809,0.6154415164123902,0.0,0.0,0.0
1374389537810,0.6154415164123902,0.0,0.0,0.0
1374389537811,0.6244051018465638,0.0,0.0,0.0
1374389537812,0.6244051018465638,0.0,0.0,0.0
1374389537813,0.6037735849056604,0.0,0.0,0.0
1374389537814,0.6156122826489085,0.0,0.0,0.0
1374389537815,0.6156122826489085,0.0,0.0,0.0
1374389537816,0.45714285714285713,0.0,0.0,0.0
1374389537817,0.5871559633027523,0.0,0.0,0.0
1374389537818,0.460431654676259,0.0,0.0,0.0
1374389537819,0.6095238095238096,0.0,0.0,0.0
1374389537820,0.6095238095238096,0.0,0.0,0.0
1374389537821,0.6067577282530554,0.0,0.0,0.0
1374389537822,0.6067577282530554,0.0,0.0,0.0
1374389537823,0.46715328467153283,0.0,0.0,0.0
1374389537824,0.5556376533175705,0.0,0.0,0.0
1374389537825,0.5556376533175705,0.0,0.0,0.0
1374389537826,0.6336633663366337,0.0,0.0,0.0
1374389537827,0.6336633663366337,0.0,0.0,0.0
1374389537828,0.6336633663366337,0.0,0.0,0.0
1374389537829,0.6336633663366337,0.0,0.0,0.0
1374389537830,0.6274509803921569,0.0,0.0,0.0
1374389537873,0.6336633663366337,0.0,0.0,0.0
1374389537874,0.6336633663366337,0.0,0.0,0.0
1374389537875,0.6274509803921569,0.0,0.0,0.0
1374389537876,0.6464646464646465,0.0,0.0,0.0
1374389537903,0.6034011807207684,0.0,0.0,0.0
1374389537904,0.6034011807207684,0.0,0.0,0.0
1374389537905,0.6666666666666666,0.0,0.0,0.0
1374389537906,0.6881720430107527,0.0,0.0,0.0
1374389537907,0.6336633663366337,0.0,0.0,0.0
1374389537908,0.64,0.0,0.0,0.0
1374389537909,0.6881720430107527,0.0,0.0,0.0
1374389537910,0.6881720430107527,0.0,0.0,0.0
1374389537911,0.6736842105263158,0.0,0.0,0.0
1374389537912,0.6845115534202699,0.0,0.0,0.0
1374389537913,0.6845115534202699,0.0,0.0,0.0
1374389537914,0.6578115117014548,0.0,0.0,0.0
1374389537915,0.6578115117014548,0.0,0.0,0.0
1374389537916,0.6667390124796527,0.0,0.0,0.0
1374389537917,0.6667390124796527,0.0,0.0,0.0
1374389537918,0.6530612244897959,0.0,0.0,0.0
1374389537919,0.48854961832061067,0.0,0.0,0.0
1374389537920,0.47761194029850745,0.0,0.0,0.0
1374389537921,0.47761194029850745,0.0,0.0,0.0
1374389537922,0.6597938144329897,0.0,0.0,0.0
1374389537923,0.6564275194613928,0.0,0.0,0.0
1374389537924,0.6564275194613928,0.0,0.0,0.0
1374389537925,0.5638338269917218,0.0,0.0,0.0
1374389537926,0.5638338269917218,0.0,0.0,0.0
1374389537927,0.64,0.0,0.0,0.0
1374389537928,0.64,0.0,0.0,0.0
1374389537929,0.49230769230769234,0.0,0.0,0.0
1374389537930,0.6597938144329897,0.0,0.0,0.0
1374389537931,0.6604255319148936,0.0,0.0,0.0
1374389537932,0.6604255319148936,0.0,0.0,0.0
1374389537933,0.6666666666666666,0.0,0.0,0.0
1374389537934,0.6597938144329897,0.0,0.0,0.0
1374389537935,0.6568421052631579,0.0,0.0,0.0
1374389537936,0.6568421052631579,0.0,0.0,0.0
1374389537937,0.6372102238953834,0.0,0.0,0.0
1374389537938,0.6372102238953834,0.0,0.0,0.0
1374389537939,0.6531292304488181,0.0,0.0,0.0
1374389537940,0.6531292304488181,0.0,0.0,0.0
1374389537941,0.6530612244897959,0.0,0.0,0.0
1374389537942,0.6530612244897959,0.0,0.0,0.0
1374389537943,0.6530612244897959,0.0,0.0,0.0
1374389537944,0.5904255319148937,0.0,0.0,0.0
1374389537945,0.5904255319148937,0.0,0.0,0.0
1374389537946,0.6956521739130435,0.0,0.0,0.0
1374389537947,0.7191011235955056,0.0,0.0,0.0
1374389537948,0.7111111111111111,0.0,0.0,0.0
1374389537949,0.7032967032967034,0.0,0.0,0.0
1374389537950,0.5161290322580645,0.0,0.0,0.0
1374389537951,0.509968253968254,0.0,0.0,0.0
1374389537952,0.509968253968254,0.0,0.0,0.0
1374389537953,0.7111111111111111,0.0,0.0,0.0
1374389537954,0.6881720430107527,0.0,0.0,0.0
1374389537955,0.6261398176291793,0.0,0.0,0.0
1374389537956,0.6261398176291793,0.0,0.0,0.0
1374389537957,0.6772676371780515,0.0,0.0,0.0
1374389537958,0.6772676371780515,0.0,0.0,0.0
1374389537959,0.6632302405498282,0.0,0.0,0.0
1374389537960,0.6632302405498282,0.0,0.0,0.0
1374389537961,0.6772676371780515,0.0,0.0,0.0
1374389537962,0.6772676371780515,0.0,0.0,0.0
1374389538007,0.6808510638297872,0.0,0.0,0.0
1374389538008,0.662327963298837,0.0,0.0,0.0
1374389538009,0.662327963298837,0.0,0.0,0.0
1374389538010,0.6808510638297872,0.0,0.0,0.0
1374389538011,0.6808510638297872,0.0,0.0,0.0
1374389538012,0.6597938144329897,0.0,0.0,0.0
1374389538014,0.6153846153846154,0.0,0.0,0.0
1374389538015,0.6336633663366337,0.0,0.0,0.0
1374389538016,0.64,0.0,0.0,0.0
1374389538017,0.6037735849056604,0.0,0.0,0.0
1374389538018,0.6095238095238096,0.0,0.0,0.0
1374389538019,0.6213592233009708,0.0,0.0,0.0
1374389538020,0.6213592233009708,0.0,0.0,0.0
1374389538021,0.6183719193427931,0.0,0.0,0.0
1374389538022,0.6095238095238096,0.0,0.0,0.0
1374389538023,0.6183719193427931,0.0,0.0,0.0
1374389538024,0.6153846153846154,0.0,0.0,0.0
1374389538025,0.6274509803921569,0.0,0.0,0.0
1374389538026,0.6153846153846154,0.0,0.0,0.0
1374389538027,0.6213592233009708,0.0,0.0,0.0
1374389538028,0.6037735849056604,0.0,0.0,0.0
1374389538029,0.5871559633027523,0.0,0.0,0.0
1374389538030,0.4507042253521127,0.0,0.0,0.0
1374389538031,0.44755244755244755,0.0,0.0,0.0
1374389538033,0.5871559633027523,0.0,0.0,0.0
1374389538034,0.5925925925925926,0.0,0.0,0.0
1374389538035,0.5981308411214953,0.0,0.0,0.0
1374389538036,0.5173542054275999,0.0,0.0,0.0
1374389538037,0.5173542054275999,0.0,0.0,0.0
1374389538038,0.5818181818181818,0.0,0.0,0.0
1374389538039,0.45390070921985815,0.0,0.0,0.0
1374389538040,0.6095238095238096,0.0,0.0,0.0
1374389538041,0.6432323232323233,0.0,0.0,0.0
1374389538042,0.6432323232323233,0.0,0.0,0.0
1374389538043,0.6597938144329897,0.0,0.0,0.0
1374389538044,0.6736842105263158,0.0,0.0,0.0
1374389538092,0.6808510638297872,0.0,0.0,0.0
1374389538093,0.6808510638297872,0.0,0.0,0.0
1374389538094,0.6597938144329897,0.0,0.0,0.0
1374389538095,0.5977961432506886,0.0,0.0,0.0
1374389538123,0.5977961432506886,0.0,0.0,0.0
1374389538124,0.6565656565656566,0.0,0.0,0.0
1374389538125,0.6565656565656566,0.0,0.0,0.0
1374389538126,0.6222977437930709,0.0,0.0,0.0
1374389538127,0.64,0.0,0.0,0.0
1374389538128,0.6222977437930709,0.0,0.0,0.0
1374389538129,0.609745032211233,0.0,0.0,0.0
1374389538130,0.609745032211233,0.0,0.0,0.0
1374389538131,0.6153846153846154,0.0,0.0,0.0
1374389538132,0.6274509803921569,0.0,0.0,0.0
1374389538133,0.6274509803921569,0.0,0.0,0.0
1374389538134,0.6336633663366337,0.0,0.0,0.0
1374389538135,0.6336633663366337,0.0,0.0,0.0
1374389538136,0.47761194029850745,0.0,0.0,0.0
1374389538137,0.6464646464646465,0.0,0.0,0.0
1374389538138,0.6530612244897959,0.0,0.0,0.0
1374389538139,0.49612403100775193,0.0,0.0,0.0
1374389538140,0.64,0.0,0.0,0.0
1374389538141,0.6274509803921569,0.0,0.0,0.0
1374389538142,0.6037735849056604,0.0,0.0,0.0
1374389538143,0.598339886413281,0.0,0.0,0.0
1374389538144,0.598339886413281,0.0,0.0,0.0
1374389538145,0.5048923679060665,0.0,0.0,0.0
1374389538146,0.5048923679060665,0.0,0.0,0.0
1374389538147,0.4998798365777457,0.0,0.0,0.0
1374389538148,0.4998798365777457,0.0,0.0,0.0
1374389538149,0.5765765765765766,0.0,0.0,0.0
1374389538150,0.5871559633027523,0.0,0.0,0.0
1374389538151,0.6095238095238096,0.0,0.0,0.0
1374389538152,0.6095238095238096,0.0,0.0,0.0
1374389538153,0.6274509803921569,0.0,0.0,0.0
1374389538154,0.6464646464646465,0.0,0.0,0.0
1374389538155,0.5923940358519015,0.0,0.0,0.0
1374389538156,0.5923940358519015,0.0,0.0,0.0
1374389538157,0.5833333333333333,0.0,0.0,0.0
1374389538158,0.5833333333333333,0.0,0.0,0.0
1374389538159,0.6632302405498282,0.0,0.0,0.0
1374389538160,0.6632302405498282,0.0,0.0,0.0
1374389538161,0.6701754385964912,0.0,0.0,0.0
1374389538162,0.6701754385964912,0.0,0.0,0.0
1374389538163,0.6736842105263158,0.0,0.0,0.0
1374389538164,0.6956521739130435,0.0,0.0,0.0
1374389538165,0.6956521739130435,0.0,0.0,0.0
1374389538166,0.7191011235955056,0.0,0.0,0.0
1374389538167,0.5818181818181818,0.0,0.0,0.0
1374389538168,0.7272727272727273,0.0,0.0,0.0
1374389538169,0.7111111111111111,0.0,0.0,0.0
1374389538170,0.6736842105263158,0.0,0.0,0.0
1374389538171,0.6432323232323233,0.0,0.0,0.0
1374389538172,0.6432323232323233,0.0,0.0,0.0
1374389538302,0.6530612244897959,0.0,0.0,0.0
1374389538303,0.6213592233009708,0.0,0.0,0.0
1374389538309,0.6244051018465638,0.0,0.0,0.0
1374389538310,0.6244051018465638,0.0,0.0,0.0
1374389538311,0.6244051018465638,0.0,0.0,0.0
1374389538312,0.6244051018465638,0.0,0.0,0.0
1374389538314,0.6154415164123902,0.0,0.0,0.0
1374389538315,0.6154415164123902,0.0,0.0,0.0
1374389538316,0.6244051018465638,0.0,0.0,0.0
1374389538317,0.6244051018465638,0.0,0.0,0.0
1374389538318,0.6037735849056604,0.0,0.0,0.0
1374389538319,0.6156122826489085,0.0,0.0,0.0
1374389538320,0.6156122826489085,0.0,0.0,0.0
1374389538321,0.45714285714285713,0.0,0.0,0.0
1374389538322,0.5871559633027523,0.0,0.0,0.0
1374389538323,0.460431654676259,0.0,0.0,0.0
1374389538324,0.6095238095238096,0.0,0.0,0.0
1374389538325,0.6095238095238096,0.0,0.0,0.0
1374389538326,0.6067577282530554,0.0,0.0,0.0
1374389538327,0.6067577282530554,0.0,0.0,0.0
1374389538328,0.46715328467153283,0.0,0.0,0.0
1374389538329,0.5556376533175705,0.0,0.0,0.0
1374389538332,0.5556376533175705,0.0,0.0,0.0
1374389538333,0.6336633663366337,0.0,0.0,0.0
1374389538334,0.6336633663366337,0.0,0.0,0.0
1374389538335,0.6336633663366337,0.0,0.0,0.0
1374389538336,0.6336633663366337,0.0,0.0,0.0
1374389538337,0.6274509803921569,0.0,0.0,0.0
1374389538417,0.6336633663366337,0.0,0.0,0.0
1374389538418,0.6336633663366337,0.0,0.0,0.0
1374389538419,0.6274509803921569,0.0,0.0,0.0
1374389538420,0.6464646464646465,0.0,0.0,0.0
1374389538447,0.6034011807207684,0.0,0.0,0.0
1374389538448,0.6034011807207684,0.0,0.0,0.0
1374389538449,0.6666666666666666,0.0,0.0,0.0
1374389538450,0.6881720430107527,0.0,0.0,0.0
1374389538451,0.6336633663366337,0.0,0.0,0.0
1374389538452,0.64,0.0,0.0,0.0
1374389538453,0.6881720430107527,0.0,0.0,0.0
1374389538454,0.6881720430107527,0.0,0.0,0.0
1374389538455,0.6736842105263158,0.0,0.0,0.0
1374389538456,0.6845115534202699,0.0,0.0,0.0
1374389538457,0.6845115534202699,0.0,0.0,0.0
1374389538458,0.6578115117014548,0.0,0.0,0.0
1374389538459,0.6578115117014548,0.0,0.0,0.0
1374389538460,0.6667390124796527,0.0,0.0,0.0
1374389538461,0.6667390124796527,0.0,0.0,0.0
1374389538462,0.6530612244897959,0.0,0.0,0.0
1374389538463,0.48854961832061067,0.0,0.0,0.0
1374389538464,0.47761194029850745,0.0,0.0,0.0
1374389538465,0.47761194029850745,0.0,0.0,0.0
1374389538466,0.6597938144329897,0.0,0.0,0.0
1374389538467,0.6564275194613928,0.0,0.0,0.0
1374389538468,0.6564275194613928,0.0,0.0,0.0
1374389538469,0.5638338269917218,0.0,0.0,0.0
1374389538470,0.5638338269917218,0.0,0.0,0.0
1374389538471,0.64,0.0,0.0,0.0
1374389538472,0.64,0.0,0.0,0.0
1374389538473,0.49230769230769234,0.0,0.0,0.0
1374389538474,0.6597938144329897,0.0,0.0,0.0
1374389538475,0.6604255319148936,0.0,0.0,0.0
1374389538476,0.6604255319148936,0.0,0.0,0.0
1374389538477,0.6666666666666666,0.0,0.0,0.0
1374389538478,0.6597938144329897,0.0,0.0,0.0
1374389538479,0.6568421052631579,0.0,0.0,0.0
1374389538480,0.6568421052631579,0.0,0.0,0.0
1374389538481,0.6372102238953834,0.0,0.0,0.0
1374389538482,0.6372102238953834,0.0,0.0,0.0
1374389538483,0.6531292304488181,0.0,0.0,0.0
1374389538484,0.6531292304488181,0.0,0.0,0.0
1374389538485,0.6530612244897959,0.0,0.0,0.0
1374389538486,0.6530612244897959,0.0,0.0,0.0
1374389538487,0.6530612244897959,0.0,0.0,0.0
1374389538488,0.5904255319148937,0.0,0.0,0.0
1374389538489,0.5904255319148937,0.0,0.0,0.0
1374389538490,0.6956521739130435,0.0,0.0,0.0
1374389538491,0.7191011235955056,0.0,0.0,0.0
1374389538492,0.7111111111111111,0.0,0.0,0.0
1374389538493,0.7032967032967034,0.0,0.0,0.0
1374389538494,0.5161290322580645,0.0,0.0,0.0
1374389538495,0.509968253968254,0.0,0.0,0.0
1374389538496,0.509968253968254,0.0,0.0,0.0
1374389538497,0.7111111111111111,0.0,0.0,0.0
1374389538498,0.6881720430107527,0.0,0.0,0.0
1374389538499,0.6261398176291793,0.0,0.0,0.0
1374389538500,0.6261398176291793,0.0,0.0,0.0
1374389538501,0.6772676371780515,0.0,0.0,0.0
1374389538502,0.6772676371780515,0.0,0.0,0.0
1374389538503,0.6632302405498282,0.0,0.0,0.0
1374389538504,0.6632302405498282,0.0,0.0,0.0
1374389538505,0.6772676371780515,0.0,0.0,0.0
1374389538506,0.6772676371780515,0.0,0.0,0.0
1374389538551,0.6808510638297872,0.0,0.0,0.0
1374389538552,0.662327963298837,0.0,0.0,0.0
1374389538553,0.662327963298837,0.0,0.0,0.0
1374389538554,0.6808510638297872,0.0,0.0,0.0
1374389538555,0.6808510638297872,0.0,0.0,0.0
1374389538556,0.6597938144329897,0.0,0.0,0.0
1374389538558,0.6153846153846154,0.0,0.0,0.0
1374389538559,0.6336633663366337,0.0,0.0,0.0
1374389538560,0.64,0.0,0.0,0.0
1374389538561,0.6037735849056604,0.0,0.0,0.0
1374389538562,0.6095238095238096,0.0,0.0,0.0
1374389538563,0.6213592233009708,0.0,0.0,0.0
1374389538564,0.6213592233009708,0.0,0.0,0.0
1374389538565,0.6183719193427931,0.0,0.0,0.0
1374389538566,0.6095238095238096,0.0,0.0,0.0
1374389538567,0.6183719193427931,0.0,0.0,0.0
1374389538568,0.6153846153846154,0.0,0.0,0.0
1374389538569,0.6274509803921569,0.0,0.0,0.0
1374389538570,0.6153846153846154,0.0,0.0,0.0
1374389538571,0.6213592233009708,0.0,0.0,0.0
1374389538572,0.6037735849056604,0.0,0.0,0.0
1374389538573,0.5871559633027523,0.0,0.0,0.0
1374389538574,0.4507042253521127,0.0,0.0,0.0
1374389538575,0.44755244755244755,0.0,0.0,0.0
1374389538577,0.5871559633027523,0.0,0.0,0.0
1374389538578,0.5925925925925926,0.0,0.0,0.0
1374389538579,0.5981308411214953,0.0,0.0,0.0
1374389538580,0.5173542054275999,0.0,0.0,0.0
1374389538581,0.5173542054275999,0.0,0.0,0.0
1374389538582,0.5818181818181818,0.0,0.0,0.0
1374389538583,0.45390070921985815,0.0,0.0,0.0
1374389538584,0.6095238095238096,0.0,0.0,0.0
1374389538585,0.6432323232323233,0.0,0.0,0.0
1374389538586,0.6432323232323233,0.0,0.0,0.0
1374389538587,0.6597938144329897,0.0,0.0,0.0
1374389538588,0.6736842105263158,0.0,0.0,0.0
1374389538636,0.6808510638297872,0.0,0.0,0.0
1374389538637,0.6808510638297872,0.0,0.0,0.0
1374389538638,0.6597938144329897,0.0,0.0,0.0
1374389538639,0.5977961432506886,0.0,0.0,0.0
1374389538667,0.5977961432506886,0.0,0.0,0.0
1374389538668,0.6565656565656566,0.0,0.0,0.0
1374389538669,0.6565656565656566,0.0,0.0,0.0
1374389538670,0.6222977437930709,0.0,0.0,0.0
1374389538671,0.64,0.0,0.0,0.0
1374389538672,0.6222977437930709,0.0,0.0,0.0
1374389538673,0.609745032211233,0.0,0.0,0.0
1374389538674,0.609745032211233,0.0,0.0,0.0
1374389538675,0.6153846153846154,0.0,0.0,0.0
1374389538676,0.6274509803921569,0.0,0.0,0.0
1374389538677,0.6274509803921569,0.0,0.0,0.0
1374389538678,0.6336633663366337,0.0,0.0,0.0
1374389538679,0.6336633663366337,0.0,0.0,0.0
1374389538680,0.47761194029850745,0.0,0.0,0.0
1374389538681,0.6464646464646465,0.0,0.0,0.0
1374389538682,0.6530612244897959,0.0,0.0,0.0
1374389538683,0.49612403100775193,0.0,0.0,0.0
1374389538684,0.64,0.0,0.0,0.0
1374389538685,0.6274509803921569,0.0,0.0,0.0
1374389538686,0.6037735849056604,0.0,0.0,0.0
1374389538687,0.598339886413281,0.0,0.0,0.0
1374389538688,0.598339886413281,0.0,0.0,0.0
1374389538689,0.5048923679060665,0.0,0.0,0.0
1374389538690,0.5048923679060665,0.0,0.0,0.0
1374389538691,0.4998798365777457,0.0,0.0,0.0
1374389538692,0.4998798365777457,0.0,0.0,0.0
1374389538693,0.5765765765765766,0.0,0.0,0.0
1374389538694,0.5871559633027523,0.0,0.0,0.0
1374389538695,0.6095238095238096,0.0,0.0,0.0
1374389538696,0.6095238095238096,0.0,0.0,0.0
1374389538697,0.6274509803921569,0.0,0.0,0.0
1374389538698,0.6464646464646465,0.0,0.0,0.0
1374389538699,0.5923940358519015,0.0,0.0,0.0
1374389538700,0.5923940358519015,0.0,0.0,0.0
1374389538701,0.5833333333333333,0.0,0.0,0.0
1374389538702,0.5833333333333333,0.0,0.0,0.0
1374389538703,0.6632302405498282,0.0,0.0,0.0
1374389538704,0.6632302405498282,0.0,0.0,0.0
1374389538705,0.6701754385964912,0.0,0.0,0.0
1374389538706,0.6701754385964912,0.0,0.0,0.0
1374389538707,0.6736842105263158,0.0,0.0,0.0
1374389538708,0.6956521739130435,0.0,0.0,0.0
1374389538709,0.6956521739130435,0.0,0.0,0.0
1374389538710,0.7191011235955056,0.0,0.0,0.0
1374389538711,0.5818181818181818,0.0,0.0,0.0
1374389538712,0.7272727272727273,0.0,0.0,0.0
1374389538713,0.7111111111111111,0.0,0.0,0.0
1374389538714,0.6736842105263158,0.0,0.0,0.0
1374389538715,0.6432323232323233,0.0,0.0,0.0
1374389538716,0.6432323232323233,0.0,0.0,0.0
1374389538763,0.6530612244897959,0.0,0.0,0.0
1374389538764,0.6213592233009708,0.0,0.0,0.0
1374389538765,0.6244051018465638,0.0,0.0,0.0
1374389538766,0.6244051018465638,0.0,0.0,0.0
1374389538767,0.6244051018465638,0.0,0.0,0.0
1374389538768,0.6244051018465638,0.0,0.0,0.0
1374389538769,0.6154415164123902,0.0,0.0,0.0
1374389538770,0.6154415164123902,0.0,0.0,0.0
1374389538771,0.6244051018465638,0.0,0.0,0.0
1374389538772,0.6244051018465638,0.0,0.0,0.0
1374389538773,0.6037735849056604,0.0,0.0,0.0
1374389538774,0.6156122826489085,0.0,0.0,0.0
1374389538775,0.6156122826489085,0.0,0.0,0.0
1374389538776,0.45714285714285713,0.0,0.0,0.0
1374389538777,0.5871559633027523,0.0,0.0,0.0
1374389538778,0.460431654676259,0.0,0.0,0.0
1374389538779,0.6095238095238096,0.0,0.0,0.0
1374389538780,0.6095238095238096,0.0,0.0,0.0
1374389538781,0.6067577282530554,0.0,0.0,0.0
1374389538782,0.6067577282530554,0.0,0.0,0.0
1374389538783,0.46715328467153283,0.0,0.0,0.0
1374389538784,0.5556376533175705,0.0,0.0,0.0
1374389538785,0.5556376533175705,0.0,0.0,0.0
1374389538786,0.6336633663366337,0.0,0.0,0.0
1374389538787,0.6336633663366337,0.0,0.0,0.0
1374389538788,0.6336633663366337,0.0,0.0,0.0
1374389538789,0.6336633663366337,0.0,0.0,0.0
1374389538790,0.6274509803921569,0.0,0.0,0.0
1374389538897,0.6336633663366337,0.0,0.0,0.0
1374389538902,0.6336633663366337,0.0,0.0,0.0
1374389538903,0.6274509803921569,0.0,0.0,0.0
1374389538904,0.6464646464646465,0.0,0.0,0.0
1374389538955,0.6034011807207684,0.0,0.0,0.0
1374389538956,0.6034011807207684,0.0,0.0,0.0
1374389538957,0.6666666666666666,0.0,0.0,0.0
1374389538958,0.6881720430107527,0.0,0.0,0.0
1374389538959,0.6336633663366337,0.0,0.0,0.0
1374389538960,0.64,0.0,0.0,0.0
1374389538961,0.6881720430107527,0.0,0.0,0.0
1374389538962,0.6881720430107527,0.0,0.0,0.0
1374389538963,0.6736842105263158,0.0,0.0,0.0
1374389538964,0.6845115534202699,0.0,0.0,0.0
1374389538965,0.6845115534202699,0.0,0.0,0.0
1374389538966,0.6578115117014548,0.0,0.0,0.0
1374389538967,0.6578115117014548,0.0,0.0,0.0
1374389538968,0.6667390124796527,0.0,0.0,0.0
1374389538969,0.6667390124796527,0.0,0.0,0.0
1374389538970,0.6530612244897959,0.0,0.0,0.0
1374389538971,0.48854961832061067,0.0,0.0,0.0
1374389538972,0.47761194029850745,0.0,0.0,0.0
1374389538973,0.47761194029850745,0.0,0.0,0.0
1374389538974,0.6597938144329897,0.0,0.0,0.0
1374389538975,0.6564275194613928,0.0,0.0,0.0
1374389538976,0.6564275194613928,0.0,0.0,0.0
1374389538977,0.5638338269917218,0.0,0.0,0.0
1374389538978,0.5638338269917218,0.0,0.0,0.0
1374389538979,0.64,0.0,0.0,0.0
1374389538980,0.64,0.0,0.0,0.0
1374389538981,0.49230769230769234,0.0,0.0,0.0
1374389538982,0.6597938144329897,0.0,0.0,0.0
1374389538983,0.6604255319148936,0.0,0.0,0.0
1374389538984,0.6604255319148936,0.0,0.0,0.0
1374389538985,0.6666666666666666,0.0,0.0,0.0
1374389538986,0.6597938144329897,0.0,0.0,0.0
1374389538987,0.6568421052631579,0.0,0.0,0.0
1374389538988,0.6568421052631579,0.0,0.0,0.0
1374389538989,0.6372102238953834,0.0,0.0,0.0
1374389538990,0.6372102238953834,0.0,0.0,0.0
1374389538991,0.6531292304488181,0.0,0.0,0.0
1374389538992,0.6531292304488181,0.0,0.0,0.0
1374389538993,0.6530612244897959,0.0,0.0,0.0
1374389538994,0.6530612244897959,0.0,0.0,0.0
1374389538995,0.6530612244897959,0.0,0.0,0.0
1374389538996,0.5904255319148937,0.0,0.0,0.0
1374389538997,0.5904255319148937,0.0,0.0,0.0
1374389538998,0.6956521739130435,0.0,0.0,0.0
1374389538999,0.7191011235955056,0.0,0.0,0.0
1374389539000,0.7111111111111111,0.0,0.0,0.0
1374389539001,0.7032967032967034,0.0,0.0,0.0
1374389539002,0.5161290322580645,0.0,0.0,0.0
1374389539003,0.5140645161290323,0.0,0.0,0.0
1374389539004,0.5140645161290323,0.0,0.0,0.0
1374389539005,0.7111111111111111,0.0,0.0,0.0
1374389539006,0.6881720430107527,0.0,0.0,0.0
1374389539011,0.5994397759103641,0.0,0.0,0.0
1374389539012,0.5994397759103641,0.0,0.0,0.0
1374389539013,0.6245239908606246,0.0,0.0,0.0
1374389539014,0.6245239908606246,0.0,0.0,0.0
1374389539019,0.5048923679060665,0.0,0.0,0.0
1374389539020,0.5048923679060665,0.0,0.0,0.0
1374389539021,0.5689001264222503,0.0,0.0,0.0
1374389539022,0.5689001264222503,0.0,0.0,0.0
1374389539232,0.5714285714285714,0.0,0.0,0.0
1374389539233,0.5871559633027523,0.0,0.0,0.0
1374389539234,0.5871559633027523,0.0,0.0,0.0
1374389539239,0.5871559633027523,0.0,0.0,0.0
1374389539240,0.6037735849056604,0.0,0.0,0.0
1374389539241,0.6153846153846154,0.0,0.0,0.0
1374389539254,0.6213592233009708,0.0,0.0,0.0
1374389539255,0.6274509803921569,0.0,0.0,0.0
1374389539256,0.6213592233009708,0.0,0.0,0.0
1374389539261,0.6274509803921569,0.0,0.0,0.0
1374389539262,0.6153846153846154,0.0,0.0,0.0
1374389539263,0.5899745114698385,0.0,0.0,0.0
1374389539264,0.5899745114698385,0.0,0.0,0.0
1374389539268,0.5494473102431835,0.0,0.0,0.0
1374389539269,0.2119205298013245,0.0,0.0,0.0
1374389539270,0.5494473102431835,0.0,0.0,0.0
1374389539271,0.2098360655737705,0.0,0.0,0.0
1374389539272,0.187683284457478,0.0,0.0,0.0
1374389539273,0.20846905537459284,0.0,0.0,0.0
1374389539274,0.20915032679738563,0.0,0.0,0.0
1374389539275,0.20915032679738563,0.0,0.0,0.0
1374389539276,0.2098360655737705,0.0,0.0,0.0
1374389539277,0.20915032679738563,0.0,0.0,0.0
1374389539278,0.20846905537459284,0.0,0.0,0.0
1374389539435,0.20711974110032363,0.0,0.0,0.0
1374389539436,0.20447284345047922,0.0,0.0,0.0
1374389539437,0.20317460317460317,0.0,0.0,0.0
1374389539468,0.19907120743034057,0.0,0.0,0.0
1374389539469,0.19907120743034057,0.0,0.0,0.0
1374389539470,0.1945288753799392,0.0,0.0,0.0
1374389539476,0.19393939393939394,0.0,0.0,0.0
1374389539477,0.17486338797814208,0.0,0.0,0.0
1374389539478,0.1951219512195122,0.0,0.0,0.0
1374389539479,0.1951219512195122,0.0,0.0,0.0
1374389539483,0.19692307692307692,0.0,0.0,0.0
1374389539484,0.19937694704049844,0.0,0.0,0.0
1374389539485,0.19875776397515527,0.0,0.0,0.0
1374389539486,0.19571865443425077,0.0,0.0,0.0
1374389539487,0.1945288753799392,0.0,0.0,0.0
1374389539488,0.19076387284777627,0.0,0.0,0.0
1374389539497,0.19076387284777627,0.0,0.0,0.0
1374389539498,0.1879625316979765,0.0,0.0,0.0
1374389539532,0.1879625316979765,0.0,0.0,0.0
1374389539533,0.12403287111458318,0.0,0.0,0.0
1374389539566,0.12403287111458318,0.0,0.0,0.0
1374389539571,0.11510791366906475,0.0,0.0,0.0
1374389539622,0.12237093690248566,0.0,0.0,0.0
1374389539623,0.12237093690248566,0.0,0.0,0.0
1374389540239,0.12284069097888675,0.0,0.0,0.0
1374389540240,0.1233140655105973,0.0,0.0,0.0
1374389540241,0.12307692307692308,0.0,0.0,0.0
1374389540242,0.12284069097888675,0.0,0.0,0.0
1374389540243,0.12237093690248566,0.0,0.0,0.0
1374389540244,0.12121212121212122,0.0,0.0,0.0
1374389540249,0.12144212523719165,0.0,0.0,0.0
1374389540250,0.12030075187969924,0.0,0.0,0.0
1374389540305,0.12087402535329828,0.0,0.0,0.0
1374389540306,0.12087402535329828,0.0,0.0,0.0
1374389540323,0.1198501872659176,0.0,0.0,0.0
1374389540328,0.11347517730496454,0.0,0.0,0.0
1374389540388,0.12052730696798493,0.0,0.0,0.0
1374389540389,0.12098298676748583,0.0,0.0,0.0
1374389540455,0.12098298676748583,0.0,0.0,0.0
1374389540456,0.12098298676748583,0.0,0.0,0.0
1374389540457,0.12052773443041566,0.0,0.0,0.0
1374389540458,0.12052773443041566,0.0,0.0,0.0
1374389540459,0.11973817774510834,0.0,0.0,0.0
1374389540460,0.11973817774510834,0.0,0.0,0.0
1374389540501,0.11973817774510834,0.0,0.0,0.0
1374389540502,0.11973817774510834,0.0,0.0,0.0
1374389540525,0.11962658617027223,0.0,0.0,0.0
1374389540526,0.11962658617027223,0.0,0.0,0.0
1374389540564,0.11764705882352941,0.0,0.0,0.0
1374389540565,0.11829944547134935,0.0,0.0,0.0
1374389540582,0.11940298507462686,0.0,0.0,0.0
1374389540583,0.1200750469043152,0.0,0.0,0.0
1374389541147,0.12121212121212122,0.0,0.0,0.0
1374389541148,0.12144212523719165,0.0,0.0,0.0
1374389541149,0.11531531531531532,0.0,0.0,0.0
1374389541154,0.18823529411764706,0.0,0.0,0.0
1374389541155,0.1893491124260355,0.0,0.0,0.0
1374389541156,0.18963004582726106,0.0,0.0,0.0
1374389541170,0.18963004582726106,0.0,0.0,0.0
1374389541171,0.18963004582726106,0.0,0.0,0.0
1374389541217,0.18963004582726106,0.0,0.0,0.0
1374389541218,0.06201550387596899,0.0,0.0,0.0
1374389541253,0.06201550387596899,0.0,0.0,0.0
1374389541254,0.060320452403393024,0.0,0.0,0.0
1374389541289,0.0624390243902439,0.0,0.0,0.0
1374389541290,0.06262230919765166,0.0,0.0,0.0
1374389541310,0.06293018682399214,0.0,0.0,0.0
1374389541311,0.0631163708086785,0.0,0.0,0.0
1374389541312,0.06124401913875598,0.0,0.0,0.0
1374389541322,0.06124401913875598,0.0,0.0,0.0
1374389541323,0.06124401913875598,0.0,0.0,0.0
1374389541324,0.06124401913875598,0.0,0.0,0.0
1374389541356,0.06124401913875598,0.0,0.0,0.0
1374389541357,0.06124401913875598,0.0,0.0,0.0
1374389541365,0.06124401913875598,0.0,0.0,0.0
1374389541366,0.06124401913875598,0.0,0.0,0.0
1374389541367,0.06124401913875598,0.0,0.0,0.0
1374389541368,0.06124401913875598,0.0,0.0,0.0
1374389541369,0.06124401913875598,0.0,0.0,0.0
1374389541442,0.06124401913875598,0.0,0.0,0.0
1374389541443,0.06124401913875598,0.0,0.0,0.0
1374389541444,0.06124401913875598,0.0,0.0,0.0
1374389541452,0.06124401913875598,0.0,0.0,0.0
1374389541453,0.06124401913875598,0.0,0.0,0.0
1374389541454,0.06124401913875598,0.0,0.0,0.0
1374389541455,0.06124401913875598,0.0,0.0,0.0
1374389541464,0.06124401913875598,0.0,0.0,0.0
1374389541467,0.06124401913875598,0.0,0.0,0.0
1374389541481,0.06124401913875598,0.0,0.0,0.0
1374389541482,0.06124401913875598,0.0,0.0,0.0
1374389541483,0.06124401913875598,0.0,0.0,0.0
1374389541484,0.06124401913875598,0.0,0.0,0.0
1374389543391,0.06124401913875598,0.0,0.0,0.0
1374389543392,0.06124401913875598,0.0,0.0,0.0
1374389543393,0.06124401913875598,0.0,0.0,0.0
1374389543394,0.06124401913875598,0.0,0.0,0.0
1374389543395,0.06124401913875598,0.0,0.0,0.0
1374389543396,0.06124401913875598,0.0,0.0,0.0
1374389543397,0.06124401913875598,0.0,0.0,0.0
1374389543399,0.06124401913875598,0.0,0.0,0.0
1374389543402,0.06124401913875598,0.0,0.0,0.0
1649267441728,0.06645898234683281,0.0,0.0,0.0
1649267441729,0.06645898234683281,0.0,0.0,0.0
1649267441730,0.06645898234683281,0.0,0.0,0.0
1649267441731,0.06645898234683281,0.0,0.0,0.0
1649267441732,0.06645898234683281,0.0,0.0,0.0
1649267441733,0.06645898234683281,0.0,0.0,0.0
1649267441734,0.06645898234683281,0.0,0.0,0.0
1649267441735,0.06645898234683281,0.0,0.0,0.0
1649267441736,0.06645898234683281,0.0,0.0,0.0
1649267441737,0.06645898234683281,0.0,0.0,0.0
1649267441738,0.06645898234683281,0.0,0.0,0.0
1649267441739,0.06645898234683281,0.0,0.0,0.0
1649267441740,0.06645898234683281,0.0,0.0,0.0
1649267441741,0.06645898234683281,0.0,0.0,0.0
1649267441742,0.06645898234683281,0.0,0.0,0.0
1649267441743,0.06645898234683281,0.0,0.0,0.0
1649267441744,0.06645898234683281,0.0,0.0,0.0
1649267441745,0.06645898234683281,0.0,0.0,0.0
1649267441746,0.06645898234683281,0.0,0.0,0.0
1649267441747,0.06645898234683281,0.0,0.0,0.0
1649267441748,0.06645898234683281,0.0,0.0,0.0
1649267441749,0.06645898234683281,0.0,0.0,0.0
1649267441750,0.06645898234683281,0.0,0.0,0.0
1649267441751,0.06645898234683281,0.0,0.0,0.0
1649267441752,0.06645898234683281,0.0,0.0,0.0
1649267441753,0.06645898234683281,0.0,0.0,0.0
1649267441754,0.06645898234683281,0.0,0.0,0.0
1649267441755,0.06645898234683281,0.0,0.0,0.0
1649267441756,0.06645898234683281,0.0,0.0,0.0
1649267441757,0.06645898234683281,0.0,0.0,0.0
1649267441758,0.06645898234683281,0.0,0.0,0.0
1649267441759,0.06645898234683281,0.0,0.0,0.0
1649267441760,0.06645898234683281,0.0,0.0,0.0
1649267441761,0.06645898234683281,0.0,0.0,0.0
1649267441762,0.05345911949685535,0.0,0.0,0.0
1649267441763,0.05345911949685535,0.0,0.0,0.0
1649267441764,0.06666666666666667,0.0,0.0,0.0
1649267441765,0.06666666666666667,0.0,0.0,0.0
1649267441766,0.06666666666666667,0.0,0.0,0.0
1649267441767,0.06666666666666667,0.0,0.0,0.0
1649267441768,0.06666666666666667,0.0,0.0,0.0
1649267441769,0.06666666666666667,0.0,0.0,0.0
1649267441770,0.06666666666666667,0.0,0.0,0.0
1649267441771,0.06666666666666667,0.0,0.0,0.0
1649267441772,0.06666666666666667,0.0,0.0,0.0
1649267441773,0.06666666666666667,0.0,0.0,0.0
1649267441774,0.06659729448491156,0.0,0.0,0.0
1649267441775,0.04040404040404041,0.0,0.0,0.0
1649267441776,0.0538057342373475,0.0,0.0,0.0
1649267441777,0.0538057342373475,0.0,0.0,0.0
1649267441778,0.06680584551148225,0.0,0.0,0.0
1649267441779,0.06705083034234471,0.0,0.0,0.0
1649267441780,0.06705083034234471,0.0,0.0,0.0
1649267441781,0.06694589969494448,0.0,0.0,0.0
1649267441782,0.06694589969494448,0.0,0.0,0.0
1649267441783,0.05205094140375977,0.0,0.0,0.0
1649267441816,0.05205094140375977,0.0,0.0,0.0
1649267441817,0.06684074929701594,0.0,0.0,0.0
1649267441818,0.06684074929701594,0.0,0.0,0.0
1649267441819,0.06684074929701594,0.0,0.0,0.0
1649267441824,0.06684074929701594,0.0,0.0,0.0
1649267441825,0.06698080348047818,0.0,0.0,0.0
1649267441826,0.06698080348047818,0.0,0.0,0.0
1649267441827,0.06680584551148225,0.0,0.0,0.0
1649267441965,0.06680584551148225,0.0,0.0,0.0
1649267441966,0.0667361835245047,0.0,0.0,0.0
1649267441967,0.0667361835245047,0.0,0.0,0.0
1649267441968,0.06666666666666667,0.0,0.0,0.0
1649267441969,0.06666666666666667,0.0,0.0,0.0
1649267441970,0.06666666666666667,0.0,0.0,0.0
1649267441971,0.06666666666666667,0.0,0.0,0.0
1649267441972,0.054358300481822164,0.0,0.0,0.0
1649267441973,0.054358300481822164,0.0,0.0,0.0
1649267441974,0.054358300481822164,0.0,0.0,0.0
1649267441975,0.054358300481822164,0.0,0.0,0.0
1649267441976,0.06666666666666667,0.0,0.0,0.0
1649267441977,0.7971661789619591,0.0,0.0,0.0
1649267441978,0.7971661789619591,0.0,0.0,0.0
1649267441979,0.7440636716437545,0.0,0.0,0.0
1649267441980,0.70025886460779,0.0,0.0,0.0
1649267441981,0.7440636716437545,0.0,0.0,0.0
1649267441982,0.70025886460779,0.0,0.0,0.0
1649267441983,0.654648419065597,0.0,0.0,0.0
1649267441984,0.654648419065597,0.0,0.0,0.0
1649267441985,0.6210819854991634,0.0,0.0,0.0
1649267441986,0.5909879416120161,0.0,0.0,0.0
1649267441987,0.6210819854991634,0.0,0.0,0.0
1649267441988,0.5909879416120161,0.0,0.0,0.0
1649267441989,0.5638539676154078,0.0,0.0,0.0
1649267441990,0.5638539676154078,0.0,0.0,0.0
1649267441991,0.0926865076868223,0.0,0.0,0.0
1649267441992,0.0926865076868223,0.0,0.0,0.0
1649267442069,0.08541046122498072,0.0,0.0,0.0
1649267442070,0.08541046122498072,0.0,0.0,0.0
1649267442071,0.07833537331701346,0.0,0.0,0.0
1649267442072,0.5438106931577185,0.0,0.0,0.0
1649267442079,0.5438106931577185,0.0,0.0,0.0
1649267442080,1.032258064516129,0.0,0.0,0.0
1649267442087,1.032258064516129,0.0,0.0,0.0
1649267442088,1.032258064516129,0.0,0.0,0.0
1649267442093,1.032258064516129,0.0,0.0,0.0
1649267442094,0.5395061728395062,0.0,0.0,0.0
1649267442095,0.5395061728395062,0.0,0.0,0.0
1649267442096,0.5395061728395062,0.0,0.0,0.0
1649267442101,0.5122439749305421,0.0,0.0,0.0
1649267442102,0.5395061728395062,0.0,0.0,0.0
1649267442103,0.506545032522739,0.0,0.0,0.0
1649267442104,0.5122439749305421,0.0,0.0,0.0
1649267442105,0.506545032522739,0.0,0.0,0.0
1649267442106,0.5129186602870813,0.0,0.0,0.0
1649267442107,0.4902581821671946,0.0,0.0,0.0
1649267442108,0.5129186602870813,0.0,0.0,0.0
1649267442109,0.4976839169198585,0.0,0.0,0.0
1649267442110,0.4902581821671946,0.0,0.0,0.0
1649267442111,0.948200175592625,0.0,0.0,0.0
1649267442112,0.4976839169198585,0.0,0.0,0.0
1649267442117,0.9923076923076923,0.0,0.0,0.0
1649267442118,0.948200175592625,0.0,0.0,0.0
1649267442119,0.5272108843537415,0.0,0.0,0.0
1649267442120,0.9923076923076923,0.0,0.0,0.0
1649267442125,0.054398649859264014,0.0,0.0,0.0
1649267442126,0.5272108843537415,0.0,0.0,0.0
1649267442127,0.054398649859264014,0.0,0.0,0.0
1649267442128,0.054260289530052755,0.0,0.0,0.0
1649267442133,0.054260289530052755,0.0,0.0,0.0
1649267442134,0.05423728813559322,0.0,0.0,0.0
1649267442135,0.5017628836947339,0.0,0.0,0.0
1649267442136,0.5017628836947339,0.0,0.0,0.0
1649267442161,0.9696969696969697,0.0,0.0,0.0
1649267442162,0.9696969696969697,0.0,0.0,0.0
1649267442163,0.9846153846153847,0.0,0.0,0.0
1649267442164,0.9846153846153847,0.0,0.0,0.0
1649267442169,0.9846153846153847,0.0,0.0,0.0
1649267442170,0.9846153846153847,0.0,0.0,0.0
1649267442171,0.5195649325121217,0.0,0.0,0.0
1649267442172,0.5195649325121217,0.0,0.0,0.0
1649267442177,0.04850322788154479,0.0,0.0,0.0
1649267442178,0.5018543645409317,0.0,0.0,0.0
1649267442179,0.04850322788154479,0.0,0.0,0.0
1649267442180,0.5018543645409317,0.0,0.0,0.0
1649267442185,0.5050561941578556,0.0,0.0,0.0
1649267442186,0.5050561941578556,0.0,0.0,0.0
1649267442187,1.007936507936508,0.0,0.0,0.0
1649267442188,1.0579234972677596,0.0,0.0,0.0
1649267442205,1.007936507936508,0.0,0.0,0.0
1649267442206,1.0579234972677596,0.0,0.0,0.0
1649267442207,1.1131276467029643,0.0,0.0,0.0
1649267442208,1.1131276467029643,0.0,0.0,0.0
1649267442213,0.049060950097548364,0.0,0.0,0.0
1649267442214,0.049060950097548364,0.0,0.0,0.0
1649267442215,0.05247643957321377,0.0,0.0,0.0
1649267442216,0.05247643957321377,0.0,0.0,0.0
1649267442221,0.04917421140376977,0.0,0.0,0.0
1649267442222,0.04917421140376977,0.0,0.0,0.0
1649267442223,1.2549019607843137,0.0,0.0,0.0
1649267442224,0.04911742133537989,0.0,0.0,0.0
1649267442229,1.28,0.0,0.0,0.0
1649267442230,0.10189115024860104,0.0,0.0,0.0
1649267442231,0.15458937198067632,0.0,0.0,0.0
1649267442232,0.10189115024860104,0.0,0.0,0.0
1649267442256,0.10090779340274003,0.0,0.0,0.0
1649267442257,0.10090779340274003,0.0,0.0,0.0
1649267442258,0.15347721822541965,0.0,0.0,0.0
1649267442259,0.15347721822541965,0.0,0.0,0.0
1649267442262,0.04932563352907563,0.0,0.0,0.0
1649267442263,0.04932563352907563,0.0,0.0,0.0
1649267442264,0.04928764689206228,0.0,0.0,0.0
1649267442265,0.04928764689206228,0.0,0.0,0.0
1649267442266,0.049268668206312545,0.0,0.0,0.0
1649267442267,0.10133250640715778,0.0,0.0,0.0
1649267442268,0.04841152543109935,0.0,0.0,0.0
1649267442269,0.10133250640715778,0.0,0.0,0.0
1649267442270,0.04841152543109935,0.0,0.0,0.0
1649267442271,0.15384615384615385,0.0,0.0,0.0
1649267442272,0.04837490551776266,0.0,0.0,0.0
1649267442273,0.10148213874921949,0.0,0.0,0.0
1649267442274,0.10148213874921949,0.0,0.0,0.0
1649267442275,0.09653701912323052,0.0,0.0,0.0
1649267442276,0.09653701912323052,0.0,0.0,0.0
1649267442277,0.15458937198067632,0.0,0.0,0.0
1649267442278,0.15458937198067632,0.0,0.0,0.0
1649267442279,0.15458937198067632,0.0,0.0,0.0
1649267442280,0.15458937198067632,0.0,0.0,0.0
1649267442281,0.15458937198067632,0.0,0.0,0.0
1649267442282,0.1549636803874092,0.0,0.0,0.0
1649267442283,0.1553398058252427,0.0,0.0,0.0
1649267442284,0.1549636803874092,0.0,0.0,0.0
1649267442285,0.1553398058252427,0.0,0.0,0.0
1649267442453,0.15571776155717762,0.0,0.0,0.0
1649267442454,0.15571776155717762,0.0,0.0,0.0
1649267442455,0.15571776155717762,0.0,0.0,0.0
1649267442456,0.15571776155717762,0.0,0.0,0.0
1649267442461,0.15571776155717762,0.0,0.0,0.0
1649267442462,0.15571776155717762,0.0,0.0,0.0
1649267442463,0.15571776155717762,0.0,0.0,0.0
1649267442464,0.04950309663548595,0.0,0.0,0.0
1649267442465,0.04950309663548595,0.0,0.0,0.0
1649267442466,0.05000003051759675,0.0,0.0,0.0
1649267442467,0.05000003051759675,0.0,0.0,0.0
1649267442468,0.05,0.0,0.0,0.0
1649267442469,0.0499219968798752,0.0,0.0,0.0
1649267442470,0.04988308651597818,0.0,0.0,0.0
1649267442471,0.0499219968798752,0.0,0.0,0.0
1649267442472,0.0499219968798752,0.0,0.0,0.0
1649267442473,0.0499219968798752,0.0,0.0,0.0
1649267442474,0.0499219968798752,0.0,0.0,0.0
1649267442475,0.04950087574055109,0.0,0.0,0.0
1649267442476,0.04950087574055109,0.0,0.0,0.0
1649267442477,0.049421910340497165,0.0,0.0,0.0
1649267442478,0.049421910340497165,0.0,0.0,0.0
1649267442479,0.04959324793981943,0.0,0.0,0.0
1649267442480,0.04959324793981943,0.0,0.0,0.0
1649267442481,0.04953560371517028,0.0,0.0,0.0
1649267442482,0.049573973663826494,0.0,0.0,0.0
1649267442483,0.04923076923076923,0.0,0.0,0.0
1649267442484,0.04953560371517028,0.0,0.0,0.0
1649267442485,0.04949729311678268,0.0,0.0,0.0
1649267442486,0.04949729311678268,0.0,0.0,0.0
1649267442487,0.04949729311678268,0.0,0.0,0.0
1649267442488,0.04949729311678268,0.0,0.0,0.0
1649267442489,0.06892839909431721,0.0,0.0,0.0
1649267442490,0.06892839909431721,0.0,0.0,0.0
1649267442491,0.0688912809472551,0.0,0.0,0.0
1649267442492,0.06760626223528558,0.0,0.0,0.0
1649267442497,0.06760626223528558,0.0,0.0,0.0
1649267442498,0.06866952789699571,0.0,0.0,0.0
1649267442499,0.06866952789699571,0.0,0.0,0.0
1649267442500,0.06866952789699571,0.0,0.0,0.0
1649267442504,0.06874328678839957,0.0,0.0,0.0
1649267442505,0.06874328678839957,0.0,0.0,0.0
1649267442506,0.06881720430107527,0.0,0.0,0.0
1649267442507,0.06666666666666667,0.0,0.0,0.0
1649267442508,0.06881720430107527,0.0,0.0,0.0
1649267442509,0.06881720430107527,0.0,0.0,0.0
1649267442510,0.06881720430107527,0.0,0.0,0.0
1649267442511,0.06680584551148225,0.0,0.0,0.0
1649267442512,0.0688912809472551,0.0,0.0,0.0
1649267442513,0.0688912809472551,0.0,0.0,0.0
1649267443874,0.06784642869181245,0.0,0.0,0.0
1649267443875,0.06784642869181245,0.0,0.0,0.0
1649267443876,0.0686328853642212,0.0,0.0,0.0
1649267443877,0.0686328853642212,0.0,0.0,0.0
1649267443878,0.06841278946201715,0.0,0.0,0.0
1649267443880,0.06841278946201715,0.0,0.0,0.0
1649267443881,0.06830309498399147,0.0,0.0,0.0
1649267443882,0.06830309498399147,0.0,0.0,0.0
1649267443883,0.059017862328159094,0.0,0.0,0.0
1649267443891,0.059017862328159094,0.0,0.0,0.0
1649267443892,0.06823035473374228,0.0,0.0,0.0
1649267443901,0.06823035473374228,0.0,0.0,0.0
1649267443902,0.05969467496365381,0.0,0.0,0.0
1649267443903,0.05969467496365381,0.0,0.0,0.0
1649267443904,0.05109787767871827,0.0,0.0,0.0
1649267443914,0.05109787767871827,0.0,0.0,0.0
1649267443915,0.050996145448219427,0.0,0.0,0.0
1649267443916,0.050996145448219427,0.0,0.0,0.0
1649267443923,0.05093514535163594,0.0,0.0,0.0
1649267443924,0.05093514535163594,0.0,0.0,0.0
1649267443925,0.050955414012738856,0.0,0.0,0.0
1649267443926,0.050955414012738856,0.0,0.0,0.0
1649267443931,0.05099601593625498,0.0,0.0,0.0
1649267443932,0.16411227488806046,0.0,0.0,0.0
1649267443933,0.16411227488806046,0.0,0.0,0.0
1649267443934,0.15791232900022484,0.0,0.0,0.0
1649267443939,0.15791232900022484,0.0,0.0,0.0
1649267443940,0.15710435117443203,0.0,0.0,0.0
1649267443941,0.15710435117443203,0.0,0.0,0.0
1649267443942,0.15725432027302438,0.0,0.0,0.0
1649267443947,0.15725432027302438,0.0,0.0,0.0
1649267443948,0.06412825651302605,0.0,0.0,0.0
1649267443949,0.06451612903225806,0.0,0.0,0.0
1649267443950,0.06451612903225806,0.0,0.0,0.0
1649267443960,0.06448364356950265,0.0,0.0,0.0
1649267443961,0.06448364356950265,0.0,0.0,0.0
1649267443972,0.06464646464646465,0.0,0.0,0.0
1649267443973,0.06464646464646465,0.0,0.0,0.0
1649267443978,0.06464646464646465,0.0,0.0,0.0
1649267443979,0.06464646464646465,0.0,0.0,0.0
1649267443981,0.0625,0.0,0.0,0.0
1649267443986,0.06471183013144591,0.0,0.0,0.0
1649267443989,0.06464672848374037,0.0,0.0,0.0
1649267444020,0.06464672848374037,0.0,0.0,0.0
1649267444023,0.06363061353573687,0.0,0.0,0.0
1649267444028,0.06363061353573687,0.0,0.0,0.0
1649267444029,0.06451612903225806,0.0,0.0,0.0
1649267444030,0.06458123107971746,0.0,0.0,0.0
1649267444031,0.06477732793522267,0.0,0.0,0.0
1649267444040,0.06324110671936758,0.0,0.0,0.0
1649267444041,0.0638248158345041,0.0,0.0,0.0
1649267444042,0.0638248158345041,0.0,0.0,0.0
1649267444043,0.0648101431976012,0.0,0.0,0.0
1649267444050,0.0648101431976012,0.0,0.0,0.0
1649267444051,0.06474457903333429,0.0,0.0,0.0
1649267444696,0.06474457903333429,0.0,0.0,0.0
1649267444697,0.06477732793522267,0.0,0.0,0.0
1649267444698,0.06369773680911178,0.0,0.0,0.0
1649267444699,0.06369773680911178,0.0,0.0,0.0
1649267444700,0.06474457903333429,0.0,0.0,0.0
1649267444702,0.06474457903333429,0.0,0.0,0.0
1649267444703,0.06474457903333429,0.0,0.0,0.0
1649267445752,0.06474457903333429,0.0,0.0,0.0
1649267445753,0.06374501992031872,0.0,0.0,0.0
1649267445755,0.06484295845997974,0.0,0.0,0.0
1649267445756,0.06484295845997974,0.0,0.0,0.0
1649267445759,0.06393606393606394,0.0,0.0,0.0
1649267445760,0.0649746192893401,0.0,0.0,0.0
1649267445763,0.0649746192893401,0.0,0.0,0.0
1649267445764,0.06474457903333429,0.0,0.0,0.0
1649267445765,0.06474457903333429,0.0,0.0,0.0
1649267445766,0.06477732793522267,0.0,0.0,0.0
1649267445767,0.06341466287403638,0.0,0.0,0.0
1649267445768,0.06341466287403638,0.0,0.0,0.0
1649267445769,0.06435409310959851,0.0,0.0,0.0
1649267445770,0.0642570281124498,0.0,0.0,0.0
1649267445771,0.06435409310959851,0.0,0.0,0.0
1649267445773,0.06432160804020101,0.0,0.0,0.0
1649267445774,0.09173874828523784,0.0,0.0,0.0
1649267445775,0.09173874828523784,0.0,0.0,0.0
1649267445776,0.09404895071672591,0.0,0.0,0.0
1649267445781,0.09404895071672591,0.0,0.0,0.0
1649267445782,0.09370504946568485,0.0,0.0,0.0
1649267445783,0.09370504946568485,0.0,0.0,0.0
1649267445784,0.09349895419814744,0.0,0.0,0.0
1649267445789,0.09349895419814744,0.0,0.0,0.0
1649267445790,0.0935672514619883,0.0,0.0,0.0
1649267445791,0.09425625920471281,0.0,0.0,0.0
1649267445792,0.09425625920471281,0.0,0.0,0.0
1649267445797,0.09425625920471281,0.0,0.0,0.0
1649267445798,0.0898876404494382,0.0,0.0,0.0
1649267445799,0.09261939218523878,0.0,0.0,0.0
1649267445800,0.0943952802359882,0.0,0.0,0.0
1649267445801,0.09453471196454949,0.0,0.0,0.0
1649267445802,0.8477192982456141,0.0,0.0,0.0
1649267445803,0.8477192982456141,0.0,0.0,0.0
1649267445804,0.8533333333333334,0.0,0.0,0.0
1649267445805,0.6274509803921569,0.0,0.0,0.0
1649267445806,0.8533333333333334,0.0,0.0,0.0
1649267445809,0.8311688311688312,0.0,0.0,0.0
1649267445812,0.8311688311688312,0.0,0.0,0.0
1649267445813,0.8311688311688312,0.0,0.0,0.0
1649267445814,0.8311688311688312,0.0,0.0,0.0
1649267445818,0.8533333333333334,0.0,0.0,0.0
1649267445819,0.8477192982456141,0.0,0.0,0.0
1649267445820,0.8477192982456141,0.0,0.0,0.0
1649267445823,0.8311688311688312,0.0,0.0,0.0
1649267445824,0.6882882882882884,0.0,0.0,0.0
1649267445825,0.6882882882882884,0.0,0.0,0.0
1649267445826,0.8050632911392406,0.0,0.0,0.0
1649267445840,0.8050632911392406,0.0,0.0,0.0
1649267445842,0.810126582278481,0.0,0.0,0.0
1649267445843,0.810126582278481,0.0,0.0,0.0
1649267445844,0.8205128205128205,0.0,0.0,0.0
1649267445845,0.7441860465116279,0.0,0.0,0.0
1649267445850,0.8205128205128205,0.0,0.0,0.0
1649267445851,0.8311688311688312,0.0,0.0,0.0
1649267445852,0.8311688311688312,0.0,0.0,0.0
1649267445853,0.7965367965367965,0.0,0.0,0.0
1649267445854,0.7965367965367965,0.0,0.0,0.0
1649267445855,0.8421052631578947,0.0,0.0,0.0
1649267445857,0.6985446985446986,0.0,0.0,0.0
1649267445879,0.6985446985446986,0.0,0.0,0.0
1649267445880,0.7950617283950617,0.0,0.0,0.0
1649267445881,0.7950617283950617,0.0,0.0,0.0
1649267445882,0.7760141093474426,0.0,0.0,0.0
1649267445887,0.7760141093474426,0.0,0.0,0.0
1649267445888,0.7619047619047619,0.0,0.0,0.0
1649267445889,0.7710843373493976,0.0,0.0,0.0
1649267445890,0.5517241379310345,0.0,0.0,0.0
1649267445893,0.7710843373493976,0.0,0.0,0.0
1649267445894,0.8,0.0,0.0,0.0
1649267445895,0.8205128205128205,0.0,0.0,0.0
1649267445896,0.8258408258408259,0.0,0.0,0.0
1649267445897,0.8258408258408259,0.0,0.0,0.0
1649267445898,0.8648648648648649,0.0,0.0,0.0
1649267445952,0.8421052631578947,0.0,0.0,0.0
1649267445953,0.8533333333333334,0.0,0.0,0.0
1649267445954,0.8533333333333334,0.0,0.0,0.0
1649267445959,0.8533333333333334,0.0,0.0,0.0
1649267445960,0.8533333333333334,0.0,0.0,0.0
1649267445961,0.8648648648648649,0.0,0.0,0.0
1649267445962,0.8648648648648649,0.0,0.0,0.0
1649267445967,0.8767123287671232,0.0,0.0,0.0
1649267445968,0.8662886409365282,0.0,0.0,0.0
1649267445969,0.8662886409365282,0.0,0.0,0.0
1649267445970,0.7374215849443093,0.0,0.0,0.0
1649267445971,0.7374215849443093,0.0,0.0,0.0
1649267445972,0.7042384722869119,0.0,0.0,0.0
1649267445973,0.7042384722869119,0.0,0.0,0.0
1649267445974,0.7146498361451632,0.0,0.0,0.0
1649267445975,0.7146498361451632,0.0,0.0,0.0
1649267445976,0.8,0.0,0.0,0.0
1649267445977,0.8,0.0,0.0,0.0
1649267445978,0.8,0.0,0.0,0.0
1649267445981,0.7950617283950617,0.0,0.0,0.0
1649267445982,0.7950617283950617,0.0,0.0,0.0
1649267445998,0.8205128205128205,0.0,0.0,0.0
1649267445999,0.8205128205128205,0.0,0.0,0.0
1649267446004,0.8205128205128205,0.0,0.0,0.0
1649267446005,0.8205128205128205,0.0,0.0,0.0
1649267446007,0.6597938144329897,0.0,0.0,0.0
1649267446012,0.8311688311688312,0.0,0.0,0.0
1649267446015,0.8210526315789474,0.0,0.0,0.0
1649267446075,0.8210526315789474,0.0,0.0,0.0
1649267446078,0.7404255319148936,0.0,0.0,0.0
1649267446082,0.7404255319148936,0.0,0.0,0.0
1649267446083,0.8,0.0,0.0,0.0
1649267446084,0.810126582278481,0.0,0.0,0.0
1649267446085,0.7441860465116279,0.0,0.0,0.0
1649267446086,0.8421052631578947,0.0,0.0,0.0
1649267446087,0.8045254556882464,0.0,0.0,0.0
1649267446088,0.8045254556882464,0.0,0.0,0.0
1649267446089,0.8590990990990992,0.0,0.0,0.0
1649267446090,0.8590990990990992,0.0,0.0,0.0
1649267446091,0.8477192982456141,0.0,0.0,0.0
1649267446224,0.8477192982456141,0.0,0.0,0.0
1649267446225,0.8421052631578947,0.0,0.0,0.0
1649267446226,0.7173489278752436,0.0,0.0,0.0
1649267446227,0.7173489278752436,0.0,0.0,0.0
1649267446228,0.836637047163363,0.0,0.0,0.0
1649267446229,0.836637047163363,0.0,0.0,0.0
1649267446230,0.8477192982456141,0.0,0.0,0.0
1649267446236,0.8477192982456141,0.0,0.0,0.0
1649267446237,0.5981308411214953,0.0,0.0,0.0
1649267446239,0.8648648648648649,0.0,0.0,0.0
1649267446248,0.8311688311688312,0.0,0.0,0.0
1649267446251,0.6213592233009708,0.0,0.0,0.0
1649267446260,0.8648648648648649,0.0,0.0,0.0
1649267446263,0.8648648648648649,0.0,0.0,0.0
1649267446270,0.8258408258408259,0.0,0.0,0.0
1649267446271,0.8258408258408259,0.0,0.0,0.0
1649267446272,0.8311688311688312,0.0,0.0,0.0
1649267446273,0.673322597960279,0.0,0.0,0.0
1649267446274,0.673322597960279,0.0,0.0,0.0
1649267446275,0.7715323166303558,0.0,0.0,0.0
1649267446276,0.7529411764705882,0.0,0.0,0.0
1649267446277,0.7715323166303558,0.0,0.0,0.0
1649267446278,0.7619047619047619,0.0,0.0,0.0
1649267446279,0.7410977242302543,0.0,0.0,0.0
1649267446280,0.7410977242302543,0.0,0.0,0.0
1649267446281,0.7855421686746988,0.0,0.0,0.0
1649267446283,0.7855421686746988,0.0,0.0,0.0
1649267446284,0.7623369256948384,0.0,0.0,0.0
1649267446285,0.7623369256948384,0.0,0.0,0.0
1649267446286,0.7485636114911081,0.0,0.0,0.0
1649267446291,0.7485636114911081,0.0,0.0,0.0
1649267446292,0.8,0.0,0.0,0.0
1649267446293,0.7529411764705882,0.0,0.0,0.0
1649267446294,0.8,0.0,0.0,0.0
1649267446299,0.5423728813559322,0.0,0.0,0.0
1649267446300,0.8,0.0,0.0,0.0
1649267446301,0.5245901639344263,0.0,0.0,0.0
1649267446302,0.7619047619047619,0.0,0.0,0.0
1649267446307,0.7710843373493976,0.0,0.0,0.0
1649267446308,0.7710843373493976,0.0,0.0,0.0
1649267446309,0.7710843373493976,0.0,0.0,0.0
1649267446310,0.7804878048780488,0.0,0.0,0.0
1649267446314,0.5925925925925926,0.0,0.0,0.0
1649267446315,0.7804878048780488,0.0,0.0,0.0
1649267446318,0.7619047619047619,0.0,0.0,0.0
1649267446321,0.7619047619047619,0.0,0.0,0.0
1649267446348,0.7619047619047619,0.0,0.0,0.0
1649267446349,0.7619047619047619,0.0,0.0,0.0
1649267446353,0.7804878048780488,0.0,0.0,0.0
1649267446354,0.7757860711137232,0.0,0.0,0.0
1649267446355,0.7757860711137232,0.0,0.0,0.0
1649267446358,0.7710843373493976,0.0,0.0,0.0
1649267446359,0.6986236355007118,0.0,0.0,0.0
1649267446360,0.6986236355007118,0.0,0.0,0.0
1649267446361,0.7485636114911081,0.0,0.0,0.0
1649267446383,0.7485636114911081,0.0,0.0,0.0
1649267446387,0.7529411764705882,0.0,0.0,0.0
1649267446388,0.7529411764705882,0.0,0.0,0.0
1649267446389,0.7619047619047619,0.0,0.0,0.0
1649267446390,0.6808510638297872,0.0,0.0,0.0
1649267446391,0.7619047619047619,0.0,0.0,0.0
1649267446392,0.7710843373493976,0.0,0.0,0.0
1649267446393,0.7710843373493976,0.0,0.0,0.0
1649267446394,0.7371905203230504,0.0,0.0,0.0
1649267446395,0.7371905203230504,0.0,0.0,0.0
1649267446396,0.7804878048780488,0.0,0.0,0.0
1649267446573,0.6590464421789723,0.0,0.0,0.0
1649267446578,0.6590464421789723,0.0,0.0,0.0
1649267446579,0.7442866801893171,0.0,0.0,0.0
1649267446580,0.7442866801893171,0.0,0.0,0.0
1649267446581,0.7233716475095786,0.0,0.0,0.0
1649267446586,0.7233716475095786,0.0,0.0,0.0
1649267446587,0.7111111111111111,0.0,0.0,0.0
1649267446588,0.735632183908046,0.0,0.0,0.0
1649267446589,0.5333333333333333,0.0,0.0,0.0
1649267446596,0.735632183908046,0.0,0.0,0.0
1649267446597,0.7619047619047619,0.0,0.0,0.0
1649267446598,0.7804878048780488,0.0,0.0,0.0
1649267446599,0.7853056308340861,0.0,0.0,0.0
1649267446600,0.7853056308340861,0.0,0.0,0.0
1649267446601,0.8205128205128205,0.0,0.0,0.0
1649267446603,0.8,0.0,0.0,0.0
1649267446604,0.810126582278481,0.0,0.0,0.0
1649267446605,0.810126582278481,0.0,0.0,0.0
1649267446606,0.8153197013956508,0.0,0.0,0.0
1649267446607,0.8153197013956508,0.0,0.0,0.0
1649267446608,0.8205128205128205,0.0,0.0,0.0
1649267446609,0.8205128205128205,0.0,0.0,0.0
1649267446610,0.8311688311688312,0.0,0.0,0.0
1649267446611,0.8217283950617285,0.0,0.0,0.0
1649267446612,0.8217283950617285,0.0,0.0,0.0
1649267446613,0.703872703872704,0.0,0.0,0.0
1649267446614,0.703872703872704,0.0,0.0,0.0
1649267446615,0.6735042735042736,0.0,0.0,0.0
1649267446616,0.6735042735042736,0.0,0.0,0.0
1649267446617,0.6833500166833499,0.0,0.0,0.0
1649267446618,0.6833500166833499,0.0,0.0,0.0
1649267446619,0.7619047619047619,0.0,0.0,0.0
1649267446620,0.810126582278481,0.0,0.0,0.0
1649267446621,0.810126582278481,0.0,0.0,0.0
1649267446624,0.8050632911392406,0.0,0.0,0.0
1649267446625,0.8050632911392406,0.0,0.0,0.0
1649267446632,0.8311688311688312,0.0,0.0,0.0
1649267446633,0.8311688311688312,0.0,0.0,0.0
1649267446638,0.8311688311688312,0.0,0.0,0.0
1649267446639,0.8311688311688312,0.0,0.0,0.0
1649267446641,0.6666666666666666,0.0,0.0,0.0
1649267446646,0.8421052631578947,0.0,0.0,0.0
1649267446649,0.8317299578059072,0.0,0.0,0.0
1649267446653,0.8317299578059072,0.0,0.0,0.0
1649267446656,0.7491493126446169,0.0,0.0,0.0
1649267446657,0.7491493126446169,0.0,0.0,0.0
1649267446658,0.810126582278481,0.0,0.0,0.0
1649267446659,0.8205128205128205,0.0,0.0,0.0
1649267446660,0.8533333333333334,0.0,0.0,0.0
1649267446661,0.7529411764705882,0.0,0.0,0.0
1649267446662,0.7343192248852626,0.0,0.0,0.0
1649267446663,0.7343192248852626,0.0,0.0,0.0
1649267446664,0.8590990990990992,0.0,0.0,0.0
1649267446665,0.8590990990990992,0.0,0.0,0.0
1649267446666,0.8477192982456141,0.0,0.0,0.0
1649267446750,0.8477192982456141,0.0,0.0,0.0
1649267446751,0.8421052631578947,0.0,0.0,0.0
1649267446752,0.7173489278752436,0.0,0.0,0.0
1649267446753,0.7173489278752436,0.0,0.0,0.0
1649267446754,0.836637047163363,0.0,0.0,0.0
1649267446755,0.836637047163363,0.0,0.0,0.0
1649267446756,0.8477192982456141,0.0,0.0,0.0
1649267446762,0.8477192982456141,0.0,0.0,0.0
1649267446763,0.5981308411214953,0.0,0.0,0.0
1649267446765,0.8648648648648649,0.0,0.0,0.0
1649267446770,0.8421052631578947,0.0,0.0,0.0
1649267446773,0.6213592233009708,0.0,0.0,0.0
1649267446777,0.8648648648648649,0.0,0.0,0.0
1649267446780,0.8648648648648649,0.0,0.0,0.0
1649267446781,0.8258408258408259,0.0,0.0,0.0
1649267446782,0.8258408258408259,0.0,0.0,0.0
1649267446783,0.8311688311688312,0.0,0.0,0.0
1649267446784,0.673322597960279,0.0,0.0,0.0
1649267446785,0.673322597960279,0.0,0.0,0.0
1649267446786,0.7715323166303558,0.0,0.0,0.0
1649267446787,0.7529411764705882,0.0,0.0,0.0
1649267446788,0.7715323166303558,0.0,0.0,0.0
1649267446790,0.7619047619047619,0.0,0.0,0.0
1649267446791,0.7410977242302543,0.0,0.0,0.0
1649267446792,0.7410977242302543,0.0,0.0,0.0
1649267446793,0.7855421686746988,0.0,0.0,0.0
1649267446798,0.7855421686746988,0.0,0.0,0.0
1649267446799,0.7623369256948384,0.0,0.0,0.0
1649267446800,0.7623369256948384,0.0,0.0,0.0
1649267446801,0.7485636114911081,0.0,0.0,0.0
1649267446806,0.7485636114911081,0.0,0.0,0.0
1649267446807,0.8,0.0,0.0,0.0
1649267446808,0.7529411764705882,0.0,0.0,0.0
1649267446809,0.8,0.0,0.0,0.0
1649267446814,0.5423728813559322,0.0,0.0,0.0
1649267446815,0.8,0.0,0.0,0.0
1649267446816,0.6956521739130435,0.0,0.0,0.0
1649267446817,0.7619047619047619,0.0,0.0,0.0
1649267446822,0.7710843373493976,0.0,0.0,0.0
1649267446823,0.7710843373493976,0.0,0.0,0.0
1649267446824,0.7710843373493976,0.0,0.0,0.0
1649267446825,0.7804878048780488,0.0,0.0,0.0
1649267446830,0.5925925925925926,0.0,0.0,0.0
1649267446831,0.7710843373493976,0.0,0.0,0.0
1649267446838,0.7619047619047619,0.0,0.0,0.0
1649267446841,0.7619047619047619,0.0,0.0,0.0
1649267446870,0.7619047619047619,0.0,0.0,0.0
1649267446871,0.7619047619047619,0.0,0.0,0.0
1649267446875,0.7804878048780488,0.0,0.0,0.0
1649267446876,0.7757860711137232,0.0,0.0,0.0
1649267446877,0.7757860711137232,0.0,0.0,0.0
1649267446880,0.7710843373493976,0.0,0.0,0.0
1649267446881,0.64327946393378,0.0,0.0,0.0
1649267446882,0.64327946393378,0.0,0.0,0.0
1649267446883,0.7485636114911081,0.0,0.0,0.0
1649267446900,0.7485636114911081,0.0,0.0,0.0
1649267446901,0.7529411764705882,0.0,0.0,0.0
1649267446902,0.7529411764705882,0.0,0.0,0.0
1649267446903,0.7619047619047619,0.0,0.0,0.0
1649267446904,0.6881720430107527,0.0,0.0,0.0
1649267446905,0.7619047619047619,0.0,0.0,0.0
1649267446906,0.7710843373493976,0.0,0.0,0.0
1649267446907,0.7710843373493976,0.0,0.0,0.0
1649267446908,0.7410977242302543,0.0,0.0,0.0
1649267446909,0.7410977242302543,0.0,0.0,0.0
1649267446910,0.7804878048780488,0.0,0.0,0.0
1649267447037,0.6590464421789723,0.0,0.0,0.0
1649267447042,0.6590464421789723,0.0,0.0,0.0
1649267447043,0.7442866801893171,0.0,0.0,0.0
1649267447044,0.7442866801893171,0.0,0.0,0.0
1649267447045,0.7233716475095786,0.0,0.0,0.0
1649267447050,0.7233716475095786,0.0,0.0,0.0
1649267447051,0.7111111111111111,0.0,0.0,0.0
1649267447052,0.735632183908046,0.0,0.0,0.0
1649267447053,0.5333333333333333,0.0,0.0,0.0
1649267447063,0.735632183908046,0.0,0.0,0.0
1649267447064,0.7619047619047619,0.0,0.0,0.0
1649267447065,0.7804878048780488,0.0,0.0,0.0
1649267447066,0.7853056308340861,0.0,0.0,0.0
1649267447067,0.7853056308340861,0.0,0.0,0.0
1649267447068,0.8205128205128205,0.0,0.0,0.0
1649267447075,0.8,0.0,0.0,0.0
1649267447076,0.810126582278481,0.0,0.0,0.0
1649267447077,0.810126582278481,0.0,0.0,0.0
1649267447083,0.8153197013956508,0.0,0.0,0.0
1649267447084,0.8153197013956508,0.0,0.0,0.0
1649267447085,0.8205128205128205,0.0,0.0,0.0
1649267447086,0.8205128205128205,0.0,0.0,0.0
1649267447087,0.8311688311688312,0.0,0.0,0.0
1649267447088,0.8217283950617285,0.0,0.0,0.0
1649267447089,0.8217283950617285,0.0,0.0,0.0
1649267447090,0.703872703872704,0.0,0.0,0.0
1649267447091,0.703872703872704,0.0,0.0,0.0
1649267447092,0.6735042735042736,0.0,0.0,0.0
1649267447093,0.6735042735042736,0.0,0.0,0.0
1649267447094,0.6833500166833499,0.0,0.0,0.0
1649267447095,0.6833500166833499,0.0,0.0,0.0
1649267447096,0.7619047619047619,0.0,0.0,0.0
1649267447097,0.810126582278481,0.0,0.0,0.0
1649267447098,0.810126582278481,0.0,0.0,0.0
1649267447101,0.8050632911392406,0.0,0.0,0.0
1649267447102,0.8050632911392406,0.0,0.0,0.0
1649267447110,0.8311688311688312,0.0,0.0,0.0
1649267447111,0.8311688311688312,0.0,0.0,0.0
1649267447116,0.8311688311688312,0.0,0.0,0.0
1649267447117,0.8311688311688312,0.0,0.0,0.0
1649267447119,0.6666666666666666,0.0,0.0,0.0
1649267447124,0.8421052631578947,0.0,0.0,0.0
1649267447127,0.8317299578059072,0.0,0.0,0.0
1649267447131,0.8317299578059072,0.0,0.0,0.0
1649267447134,0.7491493126446169,0.0,0.0,0.0
1649267447135,0.7491493126446169,0.0,0.0,0.0
1649267447136,0.810126582278481,0.0,0.0,0.0
1649267447137,0.8205128205128205,0.0,0.0,0.0
1649267447138,0.8533333333333334,0.0,0.0,0.0
1649267447139,0.7529411764705882,0.0,0.0,0.0
1649267447140,0.8045254556882464,0.0,0.0,0.0
1649267447141,0.8045254556882464,0.0,0.0,0.0
1649267447142,0.8590990990990992,0.0,0.0,0.0
1649267447143,0.8590990990990992,0.0,0.0,0.0
1649267447144,0.8477192982456141,0.0,0.0,0.0
1649267447266,0.8477192982456141,0.0,0.0,0.0
1649267447268,0.8421052631578947,0.0,0.0,0.0
1649267447269,0.7173489278752436,0.0,0.0,0.0
1649267447270,0.7173489278752436,0.0,0.0,0.0
1649267447271,0.836637047163363,0.0,0.0,0.0
1649267447274,0.836637047163363,0.0,0.0,0.0
1649267447275,0.8477192982456141,0.0,0.0,0.0
1649267447281,0.8477192982456141,0.0,0.0,0.0
1649267447282,0.5981308411214953,0.0,0.0,0.0
1649267447284,0.8648648648648649,0.0,0.0,0.0
1649267447289,0.8311688311688312,0.0,0.0,0.0
1649267447292,0.6213592233009708,0.0,0.0,0.0
1649267447299,0.8648648648648649,0.0,0.0,0.0
1649267447302,0.8648648648648649,0.0,0.0,0.0
1649267447307,0.8258408258408259,0.0,0.0,0.0
1649267447308,0.8258408258408259,0.0,0.0,0.0
1649267447309,0.8311688311688312,0.0,0.0,0.0
1649267447310,0.673322597960279,0.0,0.0,0.0
1649267447311,0.673322597960279,0.0,0.0,0.0
1649267447312,0.7715323166303558,0.0,0.0,0.0
1649267447313,0.7529411764705882,0.0,0.0,0.0
1649267447314,0.7715323166303558,0.0,0.0,0.0
1649267447316,0.7619047619047619,0.0,0.0,0.0
1649267447317,0.7410977242302543,0.0,0.0,0.0
1649267447318,0.7410977242302543,0.0,0.0,0.0
1649267447319,0.7855421686746988,0.0,0.0,0.0
1649267447324,0.7855421686746988,0.0,0.0,0.0
1649267447325,0.7623369256948384,0.0,0.0,0.0
1649267447326,0.7623369256948384,0.0,0.0,0.0
1649267447327,0.7485636114911081,0.0,0.0,0.0
1649267447334,0.7485636114911081,0.0,0.0,0.0
1649267447335,0.8,0.0,0.0,0.0
1649267447336,0.7529411764705882,0.0,0.0,0.0
1649267447337,0.8,0.0,0.0,0.0
1649267447343,0.5423728813559322,0.0,0.0,0.0
1649267447344,0.8,0.0,0.0,0.0
1649267447345,0.5245901639344263,0.0,0.0,0.0
1649267447346,0.7619047619047619,0.0,0.0,0.0
1649267447351,0.7710843373493976,0.0,0.0,0.0
1649267447352,0.7710843373493976,0.0,0.0,0.0
1649267447353,0.7710843373493976,0.0,0.0,0.0
1649267447354,0.7804878048780488,0.0,0.0,0.0
1649267447359,0.5925925925925926,0.0,0.0,0.0
1649267447360,0.7804878048780488,0.0,0.0,0.0
1649267447367,0.7619047619047619,0.0,0.0,0.0
1649267447370,0.7619047619047619,0.0,0.0,0.0
1649267447406,0.7619047619047619,0.0,0.0,0.0
1649267447407,0.7619047619047619,0.0,0.0,0.0
1649267447412,0.7804878048780488,0.0,0.0,0.0
1649267447413,0.7757860711137232,0.0,0.0,0.0
1649267447414,0.7757860711137232,0.0,0.0,0.0
1649267447417,0.7710843373493976,0.0,0.0,0.0
1649267447418,0.6986236355007118,0.0,0.0,0.0
1649267447419,0.6986236355007118,0.0,0.0,0.0
1649267447420,0.7485636114911081,0.0,0.0,0.0
1649267447457,0.7485636114911081,0.0,0.0,0.0
1649267447458,0.7529411764705882,0.0,0.0,0.0
1649267447459,0.7529411764705882,0.0,0.0,0.0
1649267447460,0.7619047619047619,0.0,0.0,0.0
1649267447461,0.6808510638297872,0.0,0.0,0.0
1649267447462,0.7619047619047619,0.0,0.0,0.0
1649267447463,0.7710843373493976,0.0,0.0,0.0
1649267447464,0.7710843373493976,0.0,0.0,0.0
1649267447465,0.7371905203230504,0.0,0.0,0.0
1649267447466,0.7371905203230504,0.0,0.0,0.0
1649267447467,0.7804878048780488,0.0,0.0,0.0
1649267447610,0.6590464421789723,0.0,0.0,0.0
1649267447615,0.6590464421789723,0.0,0.0,0.0
1649267447616,0.7442866801893171,0.0,0.0,0.0
1649267447617,0.7442866801893171,0.0,0.0,0.0
1649267447618,0.7233716475095786,0.0,0.0,0.0
1649267447623,0.7233716475095786,0.0,0.0,0.0
1649267447624,0.7111111111111111,0.0,0.0,0.0
1649267447625,0.735632183908046,0.0,0.0,0.0
1649267447626,0.5333333333333333,0.0,0.0,0.0
1649267447633,0.735632183908046,0.0,0.0,0.0
1649267447634,0.7619047619047619,0.0,0.0,0.0
1649267447635,0.7804878048780488,0.0,0.0,0.0
1649267447636,0.7853056308340861,0.0,0.0,0.0
1649267447637,0.7853056308340861,0.0,0.0,0.0
1649267447638,0.8205128205128205,0.0,0.0,0.0
1649267447640,0.8,0.0,0.0,0.0
1649267447641,0.810126582278481,0.0,0.0,0.0
1649267447642,0.810126582278481,0.0,0.0,0.0
1649267447643,0.8153197013956508,0.0,0.0,0.0
1649267447644,0.8153197013956508,0.0,0.0,0.0
1649267447645,0.8205128205128205,0.0,0.0,0.0
1649267447646,0.8205128205128205,0.0,0.0,0.0
1649267447647,0.8311688311688312,0.0,0.0,0.0
1649267447648,0.8217283950617285,0.0,0.0,0.0
1649267447649,0.8217283950617285,0.0,0.0,0.0
1649267447650,0.703872703872704,0.0,0.0,0.0
1649267447651,0.703872703872704,0.0,0.0,0.0
1649267447652,0.6735042735042736,0.0,0.0,0.0
1649267447653,0.6735042735042736,0.0,0.0,0.0
1649267447654,0.6833500166833499,0.0,0.0,0.0
1649267447655,0.6833500166833499,0.0,0.0,0.0
1649267447656,0.7619047619047619,0.0,0.0,0.0
1649267447657,0.810126582278481,0.0,0.0,0.0
1649267447658,0.810126582278481,0.0,0.0,0.0
1649267447661,0.8050632911392406,0.0,0.0,0.0
1649267447662,0.8050632911392406,0.0,0.0,0.0
1649267447669,0.8311688311688312,0.0,0.0,0.0
1649267447670,0.8311688311688312,0.0,0.0,0.0
1649267447675,0.8311688311688312,0.0,0.0,0.0
1649267447676,0.8311688311688312,0.0,0.0,0.0
1649267447678,0.6666666666666666,0.0,0.0,0.0
1649267447683,0.8421052631578947,0.0,0.0,0.0
1649267447686,0.8317299578059072,0.0,0.0,0.0
1649267447690,0.8317299578059072,0.0,0.0,0.0
1649267447693,0.7491493126446169,0.0,0.0,0.0
1649267447694,0.7491493126446169,0.0,0.0,0.0
1649267447695,0.810126582278481,0.0,0.0,0.0
1649267447696,0.8205128205128205,0.0,0.0,0.0
1649267447697,0.8533333333333334,0.0,0.0,0.0
1649267447698,0.7529411764705882,0.0,0.0,0.0
1649267447699,0.7343192248852626,0.0,0.0,0.0
1649267447700,0.7343192248852626,0.0,0.0,0.0
1649267447701,0.8590990990990992,0.0,0.0,0.0
1649267447702,0.8590990990990992,0.0,0.0,0.0
1649267447703,0.8477192982456141,0.0,0.0,0.0
1649267447791,0.8477192982456141,0.0,0.0,0.0
1649267447792,0.8421052631578947,0.0,0.0,0.0
1649267447793,0.7173489278752436,0.0,0.0,0.0
1649267447794,0.7173489278752436,0.0,0.0,0.0
1649267447795,0.836637047163363,0.0,0.0,0.0
1649267447796,0.836637047163363,0.0,0.0,0.0
1649267447797,0.8477192982456141,0.0,0.0,0.0
1649267447800,0.8477192982456141,0.0,0.0,0.0
1649267447801,0.5981308411214953,0.0,0.0,0.0
1649267447803,0.8648648648648649,0.0,0.0,0.0
1649267447804,0.8421052631578947,0.0,0.0,0.0
1649267447807,0.6213592233009708,0.0,0.0,0.0
1649267447808,0.8648648648648649,0.0,0.0,0.0
1649267447811,0.8648648648648649,0.0,0.0,0.0
1649267447812,0.8258408258408259,0.0,0.0,0.0
1649267447813,0.8258408258408259,0.0,0.0,0.0
1649267447814,0.8311688311688312,0.0,0.0,0.0
1649267447815,0.673322597960279,0.0,0.0,0.0
1649267447816,0.673322597960279,0.0,0.0,0.0
1649267447817,0.7715323166303558,0.0,0.0,0.0
1649267447818,0.7529411764705882,0.0,0.0,0.0
1649267447819,0.7715323166303558,0.0,0.0,0.0
1649267447821,0.7619047619047619,0.0,0.0,0.0
1649267447822,0.7410977242302543,0.0,0.0,0.0
1649267447823,0.7410977242302543,0.0,0.0,0.0
1649267447824,0.7855421686746988,0.0,0.0,0.0
1649267447829,0.7855421686746988,0.0,0.0,0.0
1649267447830,0.7623369256948384,0.0,0.0,0.0
1649267447831,0.7623369256948384,0.0,0.0,0.0
1649267447832,0.7485636114911081,0.0,0.0,0.0
1649267447837,0.7485636114911081,0.0,0.0,0.0
1649267447838,0.8,0.0,0.0,0.0
1649267447839,0.7529411764705882,0.0,0.0,0.0
1649267447840,0.8,0.0,0.0,0.0
1649267447845,0.5423728813559322,0.0,0.0,0.0
1649267447846,0.8,0.0,0.0,0.0
1649267447847,0.6956521739130435,0.0,0.0,0.0
1649267447848,0.7619047619047619,0.0,0.0,0.0
1649267447853,0.7710843373493976,0.0,0.0,0.0
1649267447854,0.7710843373493976,0.0,0.0,0.0
1649267447855,0.7710843373493976,0.0,0.0,0.0
1649267447856,0.7804878048780488,0.0,0.0,0.0
1649267447861,0.5925925925925926,0.0,0.0,0.0
1649267447862,0.7710843373493976,0.0,0.0,0.0
1649267447869,0.7619047619047619,0.0,0.0,0.0
1649267447872,0.7619047619047619,0.0,0.0,0.0
1649267447901,0.7619047619047619,0.0,0.0,0.0
1649267447902,0.7619047619047619,0.0,0.0,0.0
1649267447906,0.7804878048780488,0.0,0.0,0.0
1649267447907,0.7757860711137232,0.0,0.0,0.0
1649267447908,0.7757860711137232,0.0,0.0,0.0
1649267447911,0.7710843373493976,0.0,0.0,0.0
1649267447912,0.64327946393378,0.0,0.0,0.0
1649267447913,0.64327946393378,0.0,0.0,0.0
1649267447914,0.7485636114911081,0.0,0.0,0.0
1649267447931,0.7485636114911081,0.0,0.0,0.0
1649267447932,0.7529411764705882,0.0,0.0,0.0
1649267447933,0.7529411764705882,0.0,0.0,0.0
1649267447934,0.7619047619047619,0.0,0.0,0.0
1649267447935,0.6881720430107527,0.0,0.0,0.0
1649267447936,0.7619047619047619,0.0,0.0,0.0
1649267447937,0.7710843373493976,0.0,0.0,0.0
1649267447938,0.7710843373493976,0.0,0.0,0.0
1649267447939,0.7410977242302543,0.0,0.0,0.0
1649267447940,0.7410977242302543,0.0,0.0,0.0
1649267447941,0.7804878048780488,0.0,0.0,0.0
1649267448062,0.6590464421789723,0.0,0.0,0.0
1649267448067,0.6590464421789723,0.0,0.0,0.0
1649267448068,0.7442866801893171,0.0,0.0,0.0
1649267448069,0.7442866801893171,0.0,0.0,0.0
1649267448070,0.7233716475095786,0.0,0.0,0.0
1649267448075,0.7233716475095786,0.0,0.0,0.0
1649267448076,0.7111111111111111,0.0,0.0,0.0
1649267448077,0.735632183908046,0.0,0.0,0.0
1649267448078,0.5333333333333333,0.0,0.0,0.0
1649267448085,0.735632183908046,0.0,0.0,0.0
1649267448086,0.7619047619047619,0.0,0.0,0.0
1649267448087,0.7804878048780488,0.0,0.0,0.0
1649267448088,0.7853056308340861,0.0,0.0,0.0
1649267448089,0.7853056308340861,0.0,0.0,0.0
1649267448090,0.8205128205128205,0.0,0.0,0.0
1649267448095,0.8,0.0,0.0,0.0
1649267448096,0.810126582278481,0.0,0.0,0.0
1649267448097,0.810126582278481,0.0,0.0,0.0
1649267448102,0.8153197013956508,0.0,0.0,0.0
1649267448103,0.8153197013956508,0.0,0.0,0.0
1649267448104,0.8205128205128205,0.0,0.0,0.0
1649267448105,0.8205128205128205,0.0,0.0,0.0
1649267448106,0.8311688311688312,0.0,0.0,0.0
1649267448107,0.8217283950617285,0.0,0.0,0.0
1649267448108,0.8217283950617285,0.0,0.0,0.0
1649267448109,0.703872703872704,0.0,0.0,0.0
1649267448110,0.703872703872704,0.0,0.0,0.0
1649267448111,0.6735042735042736,0.0,0.0,0.0
1649267448112,0.6735042735042736,0.0,0.0,0.0
1649267448113,0.6833500166833499,0.0,0.0,0.0
1649267448117,0.6833500166833499,0.0,0.0,0.0
1649267448118,0.7619047619047619,0.0,0.0,0.0
1649267448119,0.810126582278481,0.0,0.0,0.0
1649267448120,0.810126582278481,0.0,0.0,0.0
1649267448123,0.8050632911392406,0.0,0.0,0.0
1649267448124,0.8050632911392406,0.0,0.0,0.0
1649267448131,0.8311688311688312,0.0,0.0,0.0
1649267448132,0.8311688311688312,0.0,0.0,0.0
1649267448139,0.8311688311688312,0.0,0.0,0.0
1649267448140,0.8311688311688312,0.0,0.0,0.0
1649267448142,0.6666666666666666,0.0,0.0,0.0
1649267448151,0.8421052631578947,0.0,0.0,0.0
1649267448154,0.8317299578059072,0.0,0.0,0.0
1649267448164,0.8317299578059072,0.0,0.0,0.0
1649267448167,0.7491493126446169,0.0,0.0,0.0
1649267448168,0.7491493126446169,0.0,0.0,0.0
1649267448169,0.810126582278481,0.0,0.0,0.0
1649267448170,0.8205128205128205,0.0,0.0,0.0
1649267448171,0.8533333333333334,0.0,0.0,0.0
1649267448174,0.7529411764705882,0.0,0.0,0.0
1649267448175,0.8045254556882464,0.0,0.0,0.0
1649267448176,0.8045254556882464,0.0,0.0,0.0
1649267448177,0.8590990990990992,0.0,0.0,0.0
1649267448182,0.8590990990990992,0.0,0.0,0.0
1649267448183,0.8477192982456141,0.0,0.0,0.0
1649267448349,0.8477192982456141,0.0,0.0,0.0
1649267448350,0.8421052631578947,0.0,0.0,0.0
1649267448351,0.7173489278752436,0.0,0.0,0.0
1649267448352,0.7173489278752436,0.0,0.0,0.0
1649267448353,0.836637047163363,0.0,0.0,0.0
1649267448359,0.836637047163363,0.0,0.0,0.0
1649267448360,0.8477192982456141,0.0,0.0,0.0
1649267448368,0.8477192982456141,0.0,0.0,0.0
1649267448369,0.5981308411214953,0.0,0.0,0.0
1649267448371,0.8648648648648649,0.0,0.0,0.0
1649267448374,0.8311688311688312,0.0,0.0,0.0
1649267448377,0.6213592233009708,0.0,0.0,0.0
1649267448378,0.8648648648648649,0.0,0.0,0.0
1649267448381,0.8648648648648649,0.0,0.0,0.0
1649267448382,0.8258408258408259,0.0,0.0,0.0
1649267448383,0.8258408258408259,0.0,0.0,0.0
1649267448384,0.8311688311688312,0.0,0.0,0.0
1649267448385,0.673322597960279,0.0,0.0,0.0
1649267448389,0.673322597960279,0.0,0.0,0.0
1649267448390,0.7715323166303558,0.0,0.0,0.0
1649267448391,0.7529411764705882,0.0,0.0,0.0
1649267448392,0.7715323166303558,0.0,0.0,0.0
1649267448400,0.7619047619047619,0.0,0.0,0.0
1649267448401,0.7410977242302543,0.0,0.0,0.0
1649267448402,0.7410977242302543,0.0,0.0,0.0
1649267448403,0.7855421686746988,0.0,0.0,0.0
1649267448412,0.7855421686746988,0.0,0.0,0.0
1649267448413,0.7623369256948384,0.0,0.0,0.0
1649267448414,0.7623369256948384,0.0,0.0,0.0
1649267448415,0.7485636114911081,0.0,0.0,0.0
1649267448429,0.7485636114911081,0.0,0.0,0.0
1649267448430,0.8,0.0,0.0,0.0
1649267448431,0.7529411764705882,0.0,0.0,0.0
1649267448432,0.8,0.0,0.0,0.0
1649267448442,0.5423728813559322,0.0,0.0,0.0
1649267448443,0.8,0.0,0.0,0.0
1649267448444,0.5245901639344263,0.0,0.0,0.0
1649267448445,0.7619047619047619,0.0,0.0,0.0
1649267448451,0.7710843373493976,0.0,0.0,0.0
1649267448452,0.7710843373493976,0.0,0.0,0.0
1649267448453,0.7710843373493976,0.0,0.0,0.0
1649267448454,0.7804878048780488,0.0,0.0,0.0
1649267448459,0.5925925925925926,0.0,0.0,0.0
1649267448460,0.7804878048780488,0.0,0.0,0.0
1649267448467,0.7619047619047619,0.0,0.0,0.0
1649267448470,0.7619047619047619,0.0,0.0,0.0
1649267448499,0.7619047619047619,0.0,0.0,0.0
1649267448500,0.7619047619047619,0.0,0.0,0.0
1649267448504,0.7804878048780488,0.0,0.0,0.0
1649267448505,0.7757860711137232,0.0,0.0,0.0
1649267448506,0.7757860711137232,0.0,0.0,0.0
1649267448509,0.7710843373493976,0.0,0.0,0.0
1649267448510,0.6986236355007118,0.0,0.0,0.0
1649267448511,0.6986236355007118,0.0,0.0,0.0
1649267448512,0.7485636114911081,0.0,0.0,0.0
1649267448542,0.7485636114911081,0.0,0.0,0.0
1649267448543,0.7529411764705882,0.0,0.0,0.0
1649267448544,0.7529411764705882,0.0,0.0,0.0
1649267448545,0.7619047619047619,0.0,0.0,0.0
1649267448546,0.6808510638297872,0.0,0.0,0.0
1649267448547,0.7619047619047619,0.0,0.0,0.0
1649267448548,0.7710843373493976,0.0,0.0,0.0
1649267448549,0.7710843373493976,0.0,0.0,0.0
1649267448550,0.7371905203230504,0.0,0.0,0.0
1649267448551,0.7371905203230504,0.0,0.0,0.0
1649267448552,0.7804878048780488,0.0,0.0,0.0
1649267448770,0.6590464421789723,0.0,0.0,0.0
1649267448781,0.6590464421789723,0.0,0.0,0.0
1649267448782,0.7442866801893171,0.0,0.0,0.0
1649267448783,0.7442866801893171,0.0,0.0,0.0
1649267448784,0.7233716475095786,0.0,0.0,0.0
1649267448795,0.7233716475095786,0.0,0.0,0.0
1649267448796,0.7111111111111111,0.0,0.0,0.0
1649267448797,0.735632183908046,0.0,0.0,0.0
1649267448798,0.5333333333333333,0.0,0.0,0.0
1649267448807,0.735632183908046,0.0,0.0,0.0
1649267448808,0.7619047619047619,0.0,0.0,0.0
1649267448810,0.7804878048780488,0.0,0.0,0.0
1649267448811,0.7853056308340861,0.0,0.0,0.0
1649267448812,0.7853056308340861,0.0,0.0,0.0
1649267448813,0.8205128205128205,0.0,0.0,0.0
1649267448816,0.8,0.0,0.0,0.0
1649267448817,0.810126582278481,0.0,0.0,0.0
1649267448818,0.810126582278481,0.0,0.0,0.0
1649267448820,0.8153197013956508,0.0,0.0,0.0
1649267448821,0.8153197013956508,0.0,0.0,0.0
1649267448822,0.8205128205128205,0.0,0.0,0.0
1649267448823,0.8205128205128205,0.0,0.0,0.0
1649267448825,0.8311688311688312,0.0,0.0,0.0
1649267448826,0.8217283950617285,0.0,0.0,0.0
1649267448827,0.8217283950617285,0.0,0.0,0.0
1649267448828,0.703872703872704,0.0,0.0,0.0
1649267448830,0.703872703872704,0.0,0.0,0.0
1649267448831,0.6735042735042736,0.0,0.0,0.0
1649267448832,0.6735042735042736,0.0,0.0,0.0
1649267448833,0.6833500166833499,0.0,0.0,0.0
1649267448835,0.6833500166833499,0.0,0.0,0.0
1649267448836,0.7619047619047619,0.0,0.0,0.0
1649267448837,0.810126582278481,0.0,0.0,0.0
1649267448838,0.810126582278481,0.0,0.0,0.0
1649267448842,0.8050632911392406,0.0,0.0,0.0
1649267448843,0.8050632911392406,0.0,0.0,0.0
1649267448851,0.8311688311688312,0.0,0.0,0.0
1649267448852,0.8311688311688312,0.0,0.0,0.0
1649267448858,0.8311688311688312,0.0,0.0,0.0
1649267448859,0.8311688311688312,0.0,0.0,0.0
1649267448861,0.6666666666666666,0.0,0.0,0.0
1649267448867,0.8421052631578947,0.0,0.0,0.0
1649267448870,0.8317299578059072,0.0,0.0,0.0
1649267448882,0.8317299578059072,0.0,0.0,0.0
1649267448885,0.7491493126446169,0.0,0.0,0.0
1649267448887,0.7491493126446169,0.0,0.0,0.0
1649267448888,0.810126582278481,0.0,0.0,0.0
1649267448889,0.8205128205128205,0.0,0.0,0.0
1649267448890,0.8533333333333334,0.0,0.0,0.0
1649267448895,0.7529411764705882,0.0,0.0,0.0
1649267448896,0.7343192248852626,0.0,0.0,0.0
1649267448897,0.7343192248852626,0.0,0.0,0.0
1649267448898,0.8590990990990992,0.0,0.0,0.0
1649267448900,0.8590990990990992,0.0,0.0,0.0
1649267448901,0.8477192982456141,0.0,0.0,0.0
1649267449064,0.8477192982456141,0.0,0.0,0.0
1649267449066,0.8421052631578947,0.0,0.0,0.0
1649267449067,0.7173489278752436,0.0,0.0,0.0
1649267449068,0.7173489278752436,0.0,0.0,0.0
1649267449069,0.836637047163363,0.0,0.0,0.0
1649267449071,0.836637047163363,0.0,0.0,0.0
1649267449072,0.8477192982456141,0.0,0.0,0.0
1649267449076,0.8477192982456141,0.0,0.0,0.0
1649267449077,0.5981308411214953,0.0,0.0,0.0
1649267449079,0.8648648648648649,0.0,0.0,0.0
1649267449081,0.8421052631578947,0.0,0.0,0.0
1649267449084,0.6213592233009708,0.0,0.0,0.0
1649267449086,0.8648648648648649,0.0,0.0,0.0
1649267449089,0.8648648648648649,0.0,0.0,0.0
1649267449091,0.8258408258408259,0.0,0.0,0.0
1649267449092,0.8258408258408259,0.0,0.0,0.0
1649267449093,0.8311688311688312,0.0,0.0,0.0
1649267449094,0.673322597960279,0.0,0.0,0.0
1649267449096,0.673322597960279,0.0,0.0,0.0
1649267449097,0.7715323166303558,0.0,0.0,0.0
1649267449098,0.7529411764705882,0.0,0.0,0.0
1649267449099,0.7715323166303558,0.0,0.0,0.0
1649267449102,0.7619047619047619,0.0,0.0,0.0
1649267449103,0.7410977242302543,0.0,0.0,0.0
1649267449104,0.7410977242302543,0.0,0.0,0.0
1649267449105,0.7855421686746988,0.0,0.0,0.0
1649267449111,0.7855421686746988,0.0,0.0,0.0
1649267449112,0.7623369256948384,0.0,0.0,0.0
1649267449113,0.7623369256948384,0.0,0.0,0.0
1649267449114,0.7485636114911081,0.0,0.0,0.0
1649267449120,0.7485636114911081,0.0,0.0,0.0
1649267449121,0.8,0.0,0.0,0.0
1649267449122,0.7529411764705882,0.0,0.0,0.0
1649267449123,0.8,0.0,0.0,0.0
1649267449129,0.5423728813559322,0.0,0.0,0.0
1649267449130,0.8,0.0,0.0,0.0
1649267449131,0.6956521739130435,0.0,0.0,0.0
1649267449132,0.7619047619047619,0.0,0.0,0.0
1649267449141,0.7710843373493976,0.0,0.0,0.0
1649267449142,0.7710843373493976,0.0,0.0,0.0
1649267449143,0.7710843373493976,0.0,0.0,0.0
1649267449144,0.7804878048780488,0.0,0.0,0.0
1649267449150,0.5925925925925926,0.0,0.0,0.0
1649267449151,0.7710843373493976,0.0,0.0,0.0
1649267449163,0.7619047619047619,0.0,0.0,0.0
1649267449166,0.7619047619047619,0.0,0.0,0.0
1649267449211,0.7619047619047619,0.0,0.0,0.0
1649267449212,0.7619047619047619,0.0,0.0,0.0
1649267449218,0.7804878048780488,0.0,0.0,0.0
1649267449219,0.7757860711137232,0.0,0.0,0.0
1649267449220,0.7757860711137232,0.0,0.0,0.0
1649267449225,0.7710843373493976,0.0,0.0,0.0
1649267449226,0.64327946393378,0.0,0.0,0.0
1649267449229,0.64327946393378,0.0,0.0,0.0
1649267449230,0.7485636114911081,0.0,0.0,0.0
1649267449274,0.7485636114911081,0.0,0.0,0.0
1649267449281,0.7529411764705882,0.0,0.0,0.0
1649267449282,0.7529411764705882,0.0,0.0,0.0
1649267449283,0.7619047619047619,0.0,0.0,0.0
1649267449284,0.6881720430107527,0.0,0.0,0.0
1649267449291,0.7619047619047619,0.0,0.0,0.0
1649267449292,0.7710843373493976,0.0,0.0,0.0
1649267449293,0.7710843373493976,0.0,0.0,0.0
1649267449294,0.7410977242302543,0.0,0.0,0.0
1649267449297,0.7410977242302543,0.0,0.0,0.0
1649267449298,0.7804878048780488,0.0,0.0,0.0
1649267449485,0.6590464421789723,0.0,0.0,0.0
1649267449491,0.6590464421789723,0.0,0.0,0.0
1649267449492,0.7442866801893171,0.0,0.0,0.0
1649267449493,0.7442866801893171,0.0,0.0,0.0
1649267449494,0.7233716475095786,0.0,0.0,0.0
1649267449500,0.7233716475095786,0.0,0.0,0.0
1649267449501,0.7111111111111111,0.0,0.0,0.0
1649267449502,0.735632183908046,0.0,0.0,0.0
1649267449503,0.5333333333333333,0.0,0.0,0.0
1649267449511,0.735632183908046,0.0,0.0,0.0
1649267449512,0.7619047619047619,0.0,0.0,0.0
1649267449514,0.7804878048780488,0.0,0.0,0.0
1649267449515,0.7853056308340861,0.0,0.0,0.0
1649267449516,0.7853056308340861,0.0,0.0,0.0
1649267449517,0.8205128205128205,0.0,0.0,0.0
1649267449520,0.8,0.0,0.0,0.0
1649267449521,0.810126582278481,0.0,0.0,0.0
1649267449522,0.810126582278481,0.0,0.0,0.0
1649267449524,0.8153197013956508,0.0,0.0,0.0
1649267449525,0.8153197013956508,0.0,0.0,0.0
1649267449526,0.8205128205128205,0.0,0.0,0.0
1649267449527,0.8205128205128205,0.0,0.0,0.0
1649267449529,0.8311688311688312,0.0,0.0,0.0
1649267449530,0.8217283950617285,0.0,0.0,0.0
1649267449531,0.8217283950617285,0.0,0.0,0.0
1649267449532,0.703872703872704,0.0,0.0,0.0
1649267449537,0.703872703872704,0.0,0.0,0.0
1649267449538,0.6735042735042736,0.0,0.0,0.0
1649267449539,0.6735042735042736,0.0,0.0,0.0
1649267449540,0.6833500166833499,0.0,0.0,0.0
1649267449542,0.6833500166833499,0.0,0.0,0.0
1649267449543,0.7619047619047619,0.0,0.0,0.0
1649267449544,0.810126582278481,0.0,0.0,0.0
1649267449545,0.810126582278481,0.0,0.0,0.0
1649267449553,0.8050632911392406,0.0,0.0,0.0
1649267449554,0.8050632911392406,0.0,0.0,0.0
1649267449566,0.8311688311688312,0.0,0.0,0.0
1649267449567,0.8311688311688312,0.0,0.0,0.0
1649267449574,0.8311688311688312,0.0,0.0,0.0
1649267449575,0.8311688311688312,0.0,0.0,0.0
1649267449577,0.6666666666666666,0.0,0.0,0.0
1649267449583,0.8421052631578947,0.0,0.0,0.0
1649267449586,0.8317299578059072,0.0,0.0,0.0
1649267449612,0.8317299578059072,0.0,0.0,0.0
1649267449615,0.7491493126446169,0.0,0.0,0.0
1649267449618,0.7491493126446169,0.0,0.0,0.0
1649267449619,0.810126582278481,0.0,0.0,0.0
1649267449620,0.8205128205128205,0.0,0.0,0.0
1649267449621,0.8533333333333334,0.0,0.0,0.0
1649267449623,0.7529411764705882,0.0,0.0,0.0
1649267449624,0.8045254556882464,0.0,0.0,0.0
1649267449625,0.8045254556882464,0.0,0.0,0.0
1649267449626,0.8590990990990992,0.0,0.0,0.0
1649267449628,0.8590990990990992,0.0,0.0,0.0
1649267449629,0.8477192982456141,0.0,0.0,0.0
1649267449796,0.8477192982456141,0.0,0.0,0.0
1649267449798,0.8421052631578947,0.0,0.0,0.0
1649267449799,0.7173489278752436,0.0,0.0,0.0
1649267449800,0.7173489278752436,0.0,0.0,0.0
1649267449801,0.836637047163363,0.0,0.0,0.0
1649267449806,0.836637047163363,0.0,0.0,0.0
1649267449807,0.8477192982456141,0.0,0.0,0.0
1649267449811,0.8477192982456141,0.0,0.0,0.0
1649267449812,0.5981308411214953,0.0,0.0,0.0
1649267449814,0.8648648648648649,0.0,0.0,0.0
1649267449821,0.8311688311688312,0.0,0.0,0.0
1649267449824,0.6153846153846154,0.0,0.0,0.0
1649267449831,0.8648648648648649,0.0,0.0,0.0
1649267449834,0.8648648648648649,0.0,0.0,0.0
1649267449836,0.8258408258408259,0.0,0.0,0.0
1649267449837,0.8258408258408259,0.0,0.0,0.0
1649267449838,0.8311688311688312,0.0,0.0,0.0
1649267449839,0.673322597960279,0.0,0.0,0.0
1649267449841,0.673322597960279,0.0,0.0,0.0
1649267449842,0.7715323166303558,0.0,0.0,0.0
1649267449843,0.7529411764705882,0.0,0.0,0.0
1649267449844,0.7715323166303558,0.0,0.0,0.0
1649267449847,0.7619047619047619,0.0,0.0,0.0
1649267449848,0.7152847152847153,0.0,0.0,0.0
1649267449849,0.7152847152847153,0.0,0.0,0.0
1649267449850,0.7442866801893171,0.0,0.0,0.0
1649267449856,0.7442866801893171,0.0,0.0,0.0
1649267449857,0.6736842105263158,0.0,0.0,0.0
1649267449858,0.6736842105263158,0.0,0.0,0.0
1649267449859,0.6736842105263158,0.0,0.0,0.0
1649267449866,0.6736842105263158,0.0,0.0,0.0
1649267449867,0.7072039072039072,0.0,0.0,0.0
1649267449868,0.6736842105263158,0.0,0.0,0.0
1649267449869,0.7072039072039072,0.0,0.0,0.0
1649267449876,0.6881720430107527,0.0,0.0,0.0
1649267449877,0.7111111111111111,0.0,0.0,0.0
1649267449878,0.7032967032967034,0.0,0.0,0.0
1649267449879,0.6956521739130435,0.0,0.0,0.0
1649267449886,0.6881720430107527,0.0,0.0,0.0
1649267449887,0.7191011235955056,0.0,0.0,0.0
1649267449888,0.7191011235955056,0.0,0.0,0.0
1649267449889,0.512,0.0,0.0,0.0
1649267449896,0.023703703703703703,0.0,0.0,0.0
1649267449897,0.023703703703703703,0.0,0.0,0.0
1649267449906,0.023703703703703703,0.0,0.0,0.0
1649267449909,0.023703703703703703,0.0,0.0,0.0
1649267449954,0.023703703703703703,0.0,0.0,0.0
1649267449955,0.023703703703703703,0.0,0.0,0.0
1649267449961,0.023703703703703703,0.0,0.0,0.0
1649267449962,0.023703703703703703,0.0,0.0,0.0
1649267449963,0.023703703703703703,0.0,0.0,0.0
1649267449968,0.023703703703703703,0.0,0.0,0.0
1649267449969,0.023703703703703703,0.0,0.0,0.0
1649267449972,0.023703703703703703,0.0,0.0,0.0
1649267449973,0.023703703703703703,0.0,0.0,0.0
1649267450125,0.023703703703703703,0.0,0.0,0.0
1649267450128,0.023703703703703703,0.0,0.0,0.0
1649267450129,0.023703703703703703,0.0,0.0,0.0
1649267450190,0.023703703703703703,0.0,0.0,0.0
1649267450196,0.023703703703703703,0.0,0.0,0.0
1649267450197,0.023703703703703703,0.0,0.0,0.0
1649267450198,0.023703703703703703,0.0,0.0,0.0
1649267450199,0.023703703703703703,0.0,0.0,0.0
1649267450205,0.023703703703703703,0.0,0.0,0.0
1649267450206,0.023703703703703703,0.0,0.0,0.0
1649267450207,0.023703703703703703,0.0,0.0,0.0
1649267450208,0.023703703703703703,0.0,0.0,0.0
1649267450214,0.023703703703703703,0.0,0.0,0.0
1649267450215,0.023703703703703703,0.0,0.0,0.0
1649267450216,0.023703703703703703,0.0,0.0,0.0
1649267450217,0.023703703703703703,0.0,0.0,0.0
1649267450219,0.023703703703703703,0.0,0.0,0.0
1649267450220,0.023703703703703703,0.0,0.0,0.0
1649267450224,0.023703703703703703,0.0,0.0,0.0
1924145348608,0.06694560669456066,0.0,0.0,0.0
1924145348609,0.06694560669456066,0.0,0.0,0.0
1924145348610,0.06694560669456066,0.0,0.0,0.0
1924145348611,0.06694560669456066,0.0,0.0,0.0
1924145348612,0.06694560669456066,0.0,0.0,0.0
1924145348613,0.06694560669456066,0.0,0.0,0.0
1924145348614,0.06694560669456066,0.0,0.0,0.0
1924145348615,0.06694560669456066,0.0,0.0,0.0
1924145348616,0.06694560669456066,0.0,0.0,0.0
1924145348617,0.06694560669456066,0.0,0.0,0.0
1924145348618,0.06694560669456066,0.0,0.0,0.0
1924145348619,0.06694560669456066,0.0,0.0,0.0
1924145348620,0.06694560669456066,0.0,0.0,0.0
1924145348621,0.06694560669456066,0.0,0.0,0.0
1924145348622,0.06694560669456066,0.0,0.0,0.0
1924145348623,0.06694560669456066,0.0,0.0,0.0
1924145348624,0.06694560669456066,0.0,0.0,0.0
1924145348625,0.06694560669456066,0.0,0.0,0.0
1924145348626,0.06694560669456066,0.0,0.0,0.0
1924145348627,0.06694560669456066,0.0,0.0,0.0
1924145348628,0.06694560669456066,0.0,0.0,0.0
1924145348629,0.06694560669456066,0.0,0.0,0.0
1924145348630,0.06694560669456066,0.0,0.0,0.0
1924145348631,0.06694560669456066,0.0,0.0,0.0
1924145348632,0.06694560669456066,0.0,0.0,0.0
1924145348633,0.06694560669456066,0.0,0.0,0.0
1924145348634,0.06694560669456066,0.0,0.0,0.0
1924145348635,0.06694560669456066,0.0,0.0,0.0
1924145348636,0.06694560669456066,0.0,0.0,0.0
1924145348637,0.06694560669456066,0.0,0.0,0.0
1924145348638,0.06694560669456066,0.0,0.0,0.0
1924145348639,0.06694560669456066,0.0,0.0,0.0
1924145348640,0.06694560669456066,0.0,0.0,0.0
1924145348641,0.06694560669456066,0.0,0.0,0.0
1924145348642,0.05321007602726939,0.0,0.0,0.0
1924145348643,0.05321007602726939,0.0,0.0,0.0
1924145348644,0.06715634837355719,0.0,0.0,0.0
1924145348645,0.06715634837355719,0.0,0.0,0.0
1924145348646,0.06715634837355719,0.0,0.0,0.0
1924145348647,0.06715634837355719,0.0,0.0,0.0
1924145348648,0.06715634837355719,0.0,0.0,0.0
1924145348649,0.06715634837355719,0.0,0.0,0.0
1924145348650,0.06715634837355719,0.0,0.0,0.0
1924145348651,0.06715634837355719,0.0,0.0,0.0
1924145348652,0.06715634837355719,0.0,0.0,0.0
1924145348653,0.06715634837355719,0.0,0.0,0.0
1924145348654,0.06708595387840671,0.0,0.0,0.0
1924145348655,0.03940886699507389,0.0,0.0,0.0
1924145348656,0.0535553684408099,0.0,0.0,0.0
1924145348657,0.0535553684408099,0.0,0.0,0.0
1924145348658,0.06729758149316509,0.0,0.0,0.0
1924145348659,0.06754619295220526,0.0,0.0,0.0
1924145348660,0.06754619295220526,0.0,0.0,0.0
1924145348661,0.06743970943718444,0.0,0.0,0.0
1924145348662,0.06743970943718444,0.0,0.0,0.0
1924145348663,0.051913630929230944,0.0,0.0,0.0
1924145348664,0.051913630929230944,0.0,0.0,0.0
1924145348665,0.06733300127289833,0.0,0.0,0.0
1924145348666,0.06733300127289833,0.0,0.0,0.0
1924145348667,0.06733300127289833,0.0,0.0,0.0
1924145348668,0.06733300127289833,0.0,0.0,0.0
1924145348669,0.06747512921691769,0.0,0.0,0.0
1924145348670,0.06747512921691769,0.0,0.0,0.0
1924145348671,0.06729758149316509,0.0,0.0,0.0
1924145348881,0.06729758149316509,0.0,0.0,0.0
1924145348882,0.06722689075630252,0.0,0.0,0.0
1924145348883,0.06722689075630252,0.0,0.0,0.0
1924145348884,0.06715634837355719,0.0,0.0,0.0
1924145348885,0.06715634837355719,0.0,0.0,0.0
1924145348886,0.06715634837355719,0.0,0.0,0.0
1924145348887,0.06715634837355719,0.0,0.0,0.0
1924145348888,0.05402545853182652,0.0,0.0,0.0
1924145348889,0.05402545853182652,0.0,0.0,0.0
1924145348890,0.05402545853182652,0.0,0.0,0.0
1924145348891,0.05402545853182652,0.0,0.0,0.0
1924145348892,0.06715634837355719,0.0,0.0,0.0
1924145348893,0.7931157101201906,0.0,0.0,0.0
1924145348894,0.7931157101201906,0.0,0.0,0.0
1924145348895,0.7409779529498707,0.0,0.0,0.0
1924145348896,0.6971991555242786,0.0,0.0,0.0
1924145348897,0.7409779529498707,0.0,0.0,0.0
1924145348898,0.6971991555242786,0.0,0.0,0.0
1924145348899,0.6523788350377946,0.0,0.0,0.0
1924145348900,0.6523788350377946,0.0,0.0,0.0
1924145348901,0.618812401471361,0.0,0.0,0.0
1924145348902,0.5887183575842136,0.0,0.0,0.0
1924145348903,0.618812401471361,0.0,0.0,0.0
1924145348904,0.5887183575842136,0.0,0.0,0.0
1924145348905,0.5615843835876054,0.0,0.0,0.0
1924145348906,0.5615843835876054,0.0,0.0,0.0
1924145348907,0.08701567583555161,0.0,0.0,0.0
1924145348908,0.08701567583555161,0.0,0.0,0.0
1924145348937,0.08045630433690135,0.0,0.0,0.0
1924145348938,0.08045630433690135,0.0,0.0,0.0
1924145348939,0.07407407407407407,0.0,0.0,0.0
1924145348940,0.5427734952056082,0.0,0.0,0.0
1924145348943,0.5427734952056082,0.0,0.0,0.0
1924145348944,1.032258064516129,0.0,0.0,0.0
1924145348947,1.032258064516129,0.0,0.0,0.0
1924145348948,1.032258064516129,0.0,0.0,0.0
1924145348949,1.032258064516129,0.0,0.0,0.0
1924145348950,0.5375146541617819,0.0,0.0,0.0
1924145348951,0.5375146541617819,0.0,0.0,0.0
1924145348952,0.5375146541617819,0.0,0.0,0.0
1924145348953,0.5107039775270493,0.0,0.0,0.0
1924145348954,0.5375146541617819,0.0,0.0,0.0
1924145348955,0.5054138516799149,0.0,0.0,0.0
1924145348956,0.5107039775270493,0.0,0.0,0.0
1924145348957,0.5054138516799149,0.0,0.0,0.0
1924145348958,0.5117392411510059,0.0,0.0,0.0
1924145348959,0.48938861233914666,0.0,0.0,0.0
1924145348960,0.5117392411510059,0.0,0.0,0.0
1924145348961,0.49668937721907686,0.0,0.0,0.0
1924145348962,0.48938861233914666,0.0,0.0,0.0
1924145348963,0.948200175592625,0.0,0.0,0.0
1924145348964,0.49668937721907686,0.0,0.0,0.0
1924145348965,0.9923076923076923,0.0,0.0,0.0
1924145348966,0.948200175592625,0.0,0.0,0.0
1924145348967,0.5262080262080262,0.0,0.0,0.0
1924145348968,0.9923076923076923,0.0,0.0,0.0
1924145348969,0.05239460558609495,0.0,0.0,0.0
1924145348970,0.5262080262080262,0.0,0.0,0.0
1924145348971,0.05239460558609495,0.0,0.0,0.0
1924145348972,0.05226623982926504,0.0,0.0,0.0
1924145348973,0.05226623982926504,0.0,0.0,0.0
1924145348974,0.052244897959183675,0.0,0.0,0.0
1924145348975,0.5009696045320841,0.0,0.0,0.0
1924145348976,0.5009696045320841,0.0,0.0,0.0
1924145348977,0.9696969696969697,0.0,0.0,0.0
1924145348978,0.9696969696969697,0.0,0.0,0.0
1924145348979,0.9846153846153847,0.0,0.0,0.0
1924145348980,0.9846153846153847,0.0,0.0,0.0
1924145348981,0.9846153846153847,0.0,0.0,0.0
1924145348982,0.9846153846153847,0.0,0.0,0.0
1924145348983,0.5185587177383733,0.0,0.0,0.0
1924145348984,0.5185587177383733,0.0,0.0,0.0
1924145348985,0.046903634000408194,0.0,0.0,0.0
1924145348986,0.5010551637417309,0.0,0.0,0.0
1924145348987,0.046903634000408194,0.0,0.0,0.0
1924145348988,0.5010551637417309,0.0,0.0,0.0
1924145348989,0.5040363829079212,0.0,0.0,0.0
1924145348990,0.5040363829079212,0.0,0.0,0.0
1924145348991,1.007936507936508,0.0,0.0,0.0
1924145348992,1.0579234972677596,0.0,0.0,0.0
1924145348993,1.007936507936508,0.0,0.0,0.0
1924145348994,1.0579234972677596,0.0,0.0,0.0
1924145348995,1.1131276467029643,0.0,0.0,0.0
1924145348996,1.1131276467029643,0.0,0.0,0.0
1924145348997,0.047424978722235944,0.0,0.0,0.0
1924145348998,0.047424978722235944,0.0,0.0,0.0
1924145348999,0.050602133500744884,0.0,0.0,0.0
1924145349000,0.050602133500744884,0.0,0.0,0.0
1924145349001,0.04753079882805605,0.0,0.0,0.0
1924145349002,0.04753079882805605,0.0,0.0,0.0
1924145349003,1.2549019607843137,0.0,0.0,0.0
1924145349004,0.04747774480712166,0.0,0.0,0.0
1924145349005,1.28,0.0,0.0,0.0
1924145349006,0.10182292610444678,0.0,0.0,0.0
1924145349007,0.15609756097560976,0.0,0.0,0.0
1924145349008,0.10182292610444678,0.0,0.0,0.0
1924145349085,0.10085656627113339,0.0,0.0,0.0
1924145349086,0.10085656627113339,0.0,0.0,0.0
1924145349087,0.1549636803874092,0.0,0.0,0.0
1924145349088,0.1549636803874092,0.0,0.0,0.0
1924145349093,0.047672259871520156,0.0,0.0,0.0
1924145349094,0.047672259871520156,0.0,0.0,0.0
1924145349095,0.047636776229479136,0.0,0.0,0.0
1924145349096,0.047636776229479136,0.0,0.0,0.0
1924145349097,0.047619047619047616,0.0,0.0,0.0
1924145349098,0.10128494227200023,0.0,0.0,0.0
1924145349099,0.046817874358908496,0.0,0.0,0.0
1924145349100,0.10128494227200023,0.0,0.0,0.0
1924145349101,0.046817874358908496,0.0,0.0,0.0
1924145349102,0.1553398058252427,0.0,0.0,0.0
1924145349103,0.04678362573099415,0.0,0.0,0.0
1924145349104,0.10144059335330195,0.0,0.0,0.0
1924145349133,0.10144059335330195,0.0,0.0,0.0
1924145349134,0.09678414348546296,0.0,0.0,0.0
1924145349135,0.09678414348546296,0.0,0.0,0.0
1924145349136,0.15609756097560976,0.0,0.0,0.0
1924145349137,0.15609756097560976,0.0,0.0,0.0
1924145349138,0.15609756097560976,0.0,0.0,0.0
1924145349139,0.15609756097560976,0.0,0.0,0.0
1924145349140,0.15609756097560976,0.0,0.0,0.0
1924145349141,0.15647921760391198,0.0,0.0,0.0
1924145349142,0.1568627450980392,0.0,0.0,0.0
1924145349143,0.15647921760391198,0.0,0.0,0.0
1924145349144,0.1568627450980392,0.0,0.0,0.0
1924145349263,0.15724815724815724,0.0,0.0,0.0
1924145349264,0.15724815724815724,0.0,0.0,0.0
1924145349265,0.15724815724815724,0.0,0.0,0.0
1924145349266,0.15724815724815724,0.0,0.0,0.0
1924145349267,0.15724815724815724,0.0,0.0,0.0
1924145349268,0.15724815724815724,0.0,0.0,0.0
1924145349269,0.15724815724815724,0.0,0.0,0.0
1924145349270,0.04783782334328465,0.0,0.0,0.0
1924145349271,0.04783782334328465,0.0,0.0,0.0
1924145349272,0.04830191430511317,0.0,0.0,0.0
1924145349273,0.04830191430511317,0.0,0.0,0.0
1924145349274,0.04830188679245283,0.0,0.0,0.0
1924145349275,0.04822908816880181,0.0,0.0,0.0
1924145349276,0.04819277108433735,0.0,0.0,0.0
1924145349277,0.04822908816880181,0.0,0.0,0.0
1924145349278,0.04822908816880181,0.0,0.0,0.0
1924145349279,0.04822908816880181,0.0,0.0,0.0
1924145349280,0.04822908816880181,0.0,0.0,0.0
1924145349281,0.04783581910293315,0.0,0.0,0.0
1924145349282,0.04783581910293315,0.0,0.0,0.0
1924145349283,0.0477621516136434,0.0,0.0,0.0
1924145349284,0.0477621516136434,0.0,0.0,0.0
1924145349285,0.04792218699924533,0.0,0.0,0.0
1924145349286,0.04792218699924533,0.0,0.0,0.0
1924145349287,0.04786836200448766,0.0,0.0,0.0
1924145349288,0.04790419161676647,0.0,0.0,0.0
1924145349289,0.04758364312267658,0.0,0.0,0.0
1924145349290,0.04786836200448766,0.0,0.0,0.0
1924145349291,0.04783258594917788,0.0,0.0,0.0
1924145349292,0.04783258594917788,0.0,0.0,0.0
1924145349293,0.04783258594917788,0.0,0.0,0.0
1924145349294,0.04783258594917788,0.0,0.0,0.0
1924145349295,0.06547316291054164,0.0,0.0,0.0
1924145349296,0.06547316291054164,0.0,0.0,0.0
1924145349297,0.065439672801636,0.0,0.0,0.0
1924145349298,0.06427802180515725,0.0,0.0,0.0
1924145349299,0.06427802180515725,0.0,0.0,0.0
1924145349300,0.0652395514780836,0.0,0.0,0.0
1924145349301,0.0652395514780836,0.0,0.0,0.0
1924145349302,0.0652395514780836,0.0,0.0,0.0
1924145349303,0.0653061224489796,0.0,0.0,0.0
1924145349304,0.0653061224489796,0.0,0.0,0.0
1924145349305,0.06537282941777324,0.0,0.0,0.0
1924145349306,0.06342913776015857,0.0,0.0,0.0
1924145349307,0.06537282941777324,0.0,0.0,0.0
1924145349308,0.06537282941777324,0.0,0.0,0.0
1924145349309,0.06537282941777324,0.0,0.0,0.0
1924145349310,0.06355511420059583,0.0,0.0,0.0
1924145349311,0.065439672801636,0.0,0.0,0.0
1924145349312,0.065439672801636,0.0,0.0,0.0
1924145350823,0.06449555983811127,0.0,0.0,0.0
1924145350828,0.06449555983811127,0.0,0.0,0.0
1924145350829,0.06520646915938298,0.0,0.0,0.0
1924145350830,0.06520646915938298,0.0,0.0,0.0
1924145350831,0.06500776898965992,0.0,0.0,0.0
1924145350837,0.06500776898965992,0.0,0.0,0.0
1924145350838,0.06490872210953347,0.0,0.0,0.0
1924145350839,0.06490872210953347,0.0,0.0,0.0
1924145350840,0.056409485226991365,0.0,0.0,0.0
1924145350851,0.056409485226991365,0.0,0.0,0.0
1924145350852,0.06484302502237807,0.0,0.0,0.0
1924145350861,0.06484302502237807,0.0,0.0,0.0
1924145350862,0.057036863845374486,0.0,0.0,0.0
1924145350863,0.057036863845374486,0.0,0.0,0.0
1924145350864,0.049174095283074565,0.0,0.0,0.0
1924145350872,0.049174095283074565,0.0,0.0,0.0
1924145350873,0.04907987005502196,0.0,0.0,0.0
1924145350874,0.04907987005502196,0.0,0.0,0.0
1924145350879,0.04902336988728709,0.0,0.0,0.0
1924145350880,0.04902336988728709,0.0,0.0,0.0
1924145350881,0.04904214559386973,0.0,0.0,0.0
1924145350882,0.04904214559386973,0.0,0.0,0.0
1924145350887,0.049079754601226995,0.0,0.0,0.0
1924145350888,0.16411227488806046,0.0,0.0,0.0
1924145350889,0.16411227488806046,0.0,0.0,0.0
1924145350890,0.15791232900022484,0.0,0.0,0.0
1924145350895,0.15791232900022484,0.0,0.0,0.0
1924145350896,0.15710435117443203,0.0,0.0,0.0
1924145350897,0.15710435117443203,0.0,0.0,0.0
1924145350898,0.15725432027302438,0.0,0.0,0.0
1924145350906,0.15725432027302438,0.0,0.0,0.0
1924145350907,0.0599250936329588,0.0,0.0,0.0
1924145350908,0.060263653483992465,0.0,0.0,0.0
1924145350909,0.060263653483992465,0.0,0.0,0.0
1924145350920,0.0602353074569539,0.0,0.0,0.0
1924145350921,0.0602353074569539,0.0,0.0,0.0
1924145350928,0.06037735849056604,0.0,0.0,0.0
1924145350929,0.06037735849056604,0.0,0.0,0.0
1924145350934,0.06037735849056604,0.0,0.0,0.0
1924145350935,0.06037735849056604,0.0,0.0,0.0
1924145350937,0.05850091407678245,0.0,0.0,0.0
1924145350941,0.06043437204910293,0.0,0.0,0.0
1924145350944,0.06037757343386769,0.0,0.0,0.0
1924145350976,0.06037757343386769,0.0,0.0,0.0
1924145350979,0.059489624907133845,0.0,0.0,0.0
1924145350988,0.059489624907133845,0.0,0.0,0.0
1924145350989,0.060263653483992465,0.0,0.0,0.0
1924145350990,0.060320452403393024,0.0,0.0,0.0
1924145350991,0.06049149338374291,0.0,0.0,0.0
1924145350997,0.059149722735674676,0.0,0.0,0.0
1924145350998,0.05965911805767314,0.0,0.0,0.0
1924145350999,0.05965911805767314,0.0,0.0,0.0
1924145351000,0.06052010809206067,0.0,0.0,0.0
1924145351001,0.06052010809206067,0.0,0.0,0.0
1924145351002,0.06046293271642292,0.0,0.0,0.0
1924145351645,0.06046293271642292,0.0,0.0,0.0
1924145351650,0.06049149338374291,0.0,0.0,0.0
1924145351651,0.059548075117127085,0.0,0.0,0.0
1924145351652,0.059548075117127085,0.0,0.0,0.0
1924145351653,0.06046293271642292,0.0,0.0,0.0
1924145351654,0.06046293271642292,0.0,0.0,0.0
1924145351655,0.06046293271642292,0.0,0.0,0.0
1924145352927,0.06046293271642292,0.0,0.0,0.0
1924145352928,0.0595903165735568,0.0,0.0,0.0
1924145352930,0.06054872280037843,0.0,0.0,0.0
1924145352931,0.06054872280037843,0.0,0.0,0.0
1924145352934,0.059757236227824466,0.0,0.0,0.0
1924145352935,0.06066350710900474,0.0,0.0,0.0
1924145352938,0.06066350710900474,0.0,0.0,0.0
1924145352944,0.06046293271642292,0.0,0.0,0.0
1924145352945,0.06046293271642292,0.0,0.0,0.0
1924145352946,0.06049149338374291,0.0,0.0,0.0
1924145352947,0.05930056100692847,0.0,0.0,0.0
1924145352952,0.05930056100692847,0.0,0.0,0.0
1924145352953,0.060122242441036464,0.0,0.0,0.0
1924145352954,0.0600375234521576,0.0,0.0,0.0
1924145352955,0.060122242441036464,0.0,0.0,0.0
1924145352960,0.06009389671361502,0.0,0.0,0.0
1924145352961,0.08336951801997394,0.0,0.0,0.0
1924145352962,0.08336951801997394,0.0,0.0,0.0
1924145352963,0.08527682299803993,0.0,0.0,0.0
1924145352967,0.08527682299803993,0.0,0.0,0.0
1924145352968,0.0849939594888934,0.0,0.0,0.0
1924145352969,0.0849939594888934,0.0,0.0,0.0
1924145352970,0.08482442426265216,0.0,0.0,0.0
1924145352975,0.08482442426265216,0.0,0.0,0.0
1924145352976,0.08488063660477453,0.0,0.0,0.0
1924145352977,0.08544726301735647,0.0,0.0,0.0
1924145352978,0.08544726301735647,0.0,0.0,0.0
1924145352983,0.08544726301735647,0.0,0.0,0.0
1924145352984,0.08184143222506395,0.0,0.0,0.0
1924145352985,0.08409986859395532,0.0,0.0,0.0
1924145352986,0.0855614973262032,0.0,0.0,0.0
1924145352991,0.0856760374832664,0.0,0.0,0.0
1924145352992,0.8477192982456141,0.0,0.0,0.0
1924145352993,0.8477192982456141,0.0,0.0,0.0
1924145352994,0.8533333333333334,0.0,0.0,0.0
1924145352999,0.6274509803921569,0.0,0.0,0.0
1924145353000,0.8533333333333334,0.0,0.0,0.0
1924145353003,0.8311688311688312,0.0,0.0,0.0
1924145353006,0.8311688311688312,0.0,0.0,0.0
1924145353007,0.8311688311688312,0.0,0.0,0.0
1924145353008,0.8311688311688312,0.0,0.0,0.0
1924145353012,0.8533333333333334,0.0,0.0,0.0
1924145353013,0.8477192982456141,0.0,0.0,0.0
1924145353014,0.8477192982456141,0.0,0.0,0.0
1924145353017,0.8311688311688312,0.0,0.0,0.0
1924145353018,0.6882882882882884,0.0,0.0,0.0
1924145353023,0.6882882882882884,0.0,0.0,0.0
1924145353024,0.8050632911392406,0.0,0.0,0.0
1924145353037,0.8050632911392406,0.0,0.0,0.0
1924145353038,0.810126582278481,0.0,0.0,0.0
1924145353039,0.810126582278481,0.0,0.0,0.0
1924145353040,0.8205128205128205,0.0,0.0,0.0
1924145353041,0.7441860465116279,0.0,0.0,0.0
1924145353042,0.8205128205128205,0.0,0.0,0.0
1924145353043,0.8311688311688312,0.0,0.0,0.0
1924145353044,0.8311688311688312,0.0,0.0,0.0
1924145353045,0.7965367965367965,0.0,0.0,0.0
1924145353049,0.7965367965367965,0.0,0.0,0.0
1924145353050,0.8421052631578947,0.0,0.0,0.0
1924145353052,0.6985446985446986,0.0,0.0,0.0
1924145353073,0.6985446985446986,0.0,0.0,0.0
1924145353074,0.7950617283950617,0.0,0.0,0.0
1924145353075,0.7950617283950617,0.0,0.0,0.0
1924145353076,0.7760141093474426,0.0,0.0,0.0
1924145353077,0.7760141093474426,0.0,0.0,0.0
1924145353078,0.7619047619047619,0.0,0.0,0.0
1924145353079,0.7710843373493976,0.0,0.0,0.0
1924145353080,0.5517241379310345,0.0,0.0,0.0
1924145353083,0.7710843373493976,0.0,0.0,0.0
1924145353084,0.8,0.0,0.0,0.0
1924145353088,0.8205128205128205,0.0,0.0,0.0
1924145353089,0.8258408258408259,0.0,0.0,0.0
1924145353090,0.8258408258408259,0.0,0.0,0.0
1924145353091,0.8648648648648649,0.0,0.0,0.0
1924145353124,0.8421052631578947,0.0,0.0,0.0
1924145353125,0.8533333333333334,0.0,0.0,0.0
1924145353126,0.8533333333333334,0.0,0.0,0.0
1924145353131,0.8533333333333334,0.0,0.0,0.0
1924145353132,0.8533333333333334,0.0,0.0,0.0
1924145353133,0.8648648648648649,0.0,0.0,0.0
1924145353134,0.8648648648648649,0.0,0.0,0.0
1924145353135,0.8767123287671232,0.0,0.0,0.0
1924145353136,0.8662886409365282,0.0,0.0,0.0
1924145353137,0.8662886409365282,0.0,0.0,0.0
1924145353138,0.7374215849443093,0.0,0.0,0.0
1924145353184,0.7374215849443093,0.0,0.0,0.0
1924145353185,0.7042384722869119,0.0,0.0,0.0
1924145353186,0.7042384722869119,0.0,0.0,0.0
1924145353187,0.7146498361451632,0.0,0.0,0.0
1924145353196,0.7146498361451632,0.0,0.0,0.0
1924145353197,0.8,0.0,0.0,0.0
1924145353198,0.8,0.0,0.0,0.0
1924145353199,0.8,0.0,0.0,0.0
1924145353210,0.7950617283950617,0.0,0.0,0.0
1924145353211,0.7950617283950617,0.0,0.0,0.0
1924145353268,0.8205128205128205,0.0,0.0,0.0
1924145353269,0.8205128205128205,0.0,0.0,0.0
1924145353270,0.8205128205128205,0.0,0.0,0.0
1924145353271,0.8205128205128205,0.0,0.0,0.0
1924145353273,0.6597938144329897,0.0,0.0,0.0
1924145353274,0.8311688311688312,0.0,0.0,0.0
1924145353277,0.8210526315789474,0.0,0.0,0.0
1924145353307,0.8210526315789474,0.0,0.0,0.0
1924145353310,0.7404255319148936,0.0,0.0,0.0
1924145353311,0.7404255319148936,0.0,0.0,0.0
1924145353312,0.8,0.0,0.0,0.0
1924145353313,0.810126582278481,0.0,0.0,0.0
1924145353314,0.7441860465116279,0.0,0.0,0.0
1924145353315,0.8421052631578947,0.0,0.0,0.0
1924145353316,0.8045254556882464,0.0,0.0,0.0
1924145353317,0.8045254556882464,0.0,0.0,0.0
1924145353318,0.8590990990990992,0.0,0.0,0.0
1924145353319,0.8590990990990992,0.0,0.0,0.0
1924145353320,0.8477192982456141,0.0,0.0,0.0
1924145353449,0.8477192982456141,0.0,0.0,0.0
1924145353450,0.8421052631578947,0.0,0.0,0.0
1924145353451,0.7173489278752436,0.0,0.0,0.0
1924145353452,0.7173489278752436,0.0,0.0,0.0
1924145353453,0.836637047163363,0.0,0.0,0.0
1924145353455,0.836637047163363,0.0,0.0,0.0
1924145353456,0.8477192982456141,0.0,0.0,0.0
1924145353461,0.8477192982456141,0.0,0.0,0.0
1924145353462,0.5981308411214953,0.0,0.0,0.0
1924145353464,0.8648648648648649,0.0,0.0,0.0
1924145353465,0.8311688311688312,0.0,0.0,0.0
1924145353468,0.6213592233009708,0.0,0.0,0.0
1924145353469,0.8648648648648649,0.0,0.0,0.0
1924145353472,0.8648648648648649,0.0,0.0,0.0
1924145353476,0.8258408258408259,0.0,0.0,0.0
1924145353477,0.8258408258408259,0.0,0.0,0.0
1924145353478,0.8311688311688312,0.0,0.0,0.0
1924145353479,0.673322597960279,0.0,0.0,0.0
1924145353487,0.673322597960279,0.0,0.0,0.0
1924145353488,0.7715323166303558,0.0,0.0,0.0
1924145353489,0.7529411764705882,0.0,0.0,0.0
1924145353490,0.7715323166303558,0.0,0.0,0.0
1924145353495,0.7619047619047619,0.0,0.0,0.0
1924145353496,0.7410977242302543,0.0,0.0,0.0
1924145353497,0.7410977242302543,0.0,0.0,0.0
1924145353498,0.7855421686746988,0.0,0.0,0.0
1924145353502,0.7855421686746988,0.0,0.0,0.0
1924145353503,0.7623369256948384,0.0,0.0,0.0
1924145353504,0.7623369256948384,0.0,0.0,0.0
1924145353505,0.7485636114911081,0.0,0.0,0.0
1924145353506,0.7485636114911081,0.0,0.0,0.0
1924145353507,0.8,0.0,0.0,0.0
1924145353508,0.7529411764705882,0.0,0.0,0.0
1924145353509,0.8,0.0,0.0,0.0
1924145353512,0.5423728813559322,0.0,0.0,0.0
1924145353513,0.8,0.0,0.0,0.0
1924145353514,0.5245901639344263,0.0,0.0,0.0
1924145353515,0.7619047619047619,0.0,0.0,0.0
1924145353518,0.7710843373493976,0.0,0.0,0.0
1924145353519,0.7710843373493976,0.0,0.0,0.0
1924145353520,0.7710843373493976,0.0,0.0,0.0
1924145353521,0.7804878048780488,0.0,0.0,0.0
1924145353526,0.5925925925925926,0.0,0.0,0.0
1924145353527,0.7804878048780488,0.0,0.0,0.0
1924145353534,0.7619047619047619,0.0,0.0,0.0
1924145353537,0.7619047619047619,0.0,0.0,0.0
1924145353570,0.7619047619047619,0.0,0.0,0.0
1924145353571,0.7619047619047619,0.0,0.0,0.0
1924145353579,0.7804878048780488,0.0,0.0,0.0
1924145353580,0.7757860711137232,0.0,0.0,0.0
1924145353581,0.7757860711137232,0.0,0.0,0.0
1924145353588,0.7710843373493976,0.0,0.0,0.0
1924145353589,0.6986236355007118,0.0,0.0,0.0
1924145353594,0.6986236355007118,0.0,0.0,0.0
1924145353595,0.7485636114911081,0.0,0.0,0.0
1924145353612,0.7485636114911081,0.0,0.0,0.0
1924145353613,0.7529411764705882,0.0,0.0,0.0
1924145353614,0.7529411764705882,0.0,0.0,0.0
1924145353615,0.7619047619047619,0.0,0.0,0.0
1924145353616,0.6808510638297872,0.0,0.0,0.0
1924145353617,0.7619047619047619,0.0,0.0,0.0
1924145353618,0.7710843373493976,0.0,0.0,0.0
1924145353619,0.7710843373493976,0.0,0.0,0.0
1924145353620,0.7371905203230504,0.0,0.0,0.0
1924145353621,0.7371905203230504,0.0,0.0,0.0
1924145353622,0.7804878048780488,0.0,0.0,0.0
1924145353733,0.6590464421789723,0.0,0.0,0.0
1924145353738,0.6590464421789723,0.0,0.0,0.0
1924145353739,0.7442866801893171,0.0,0.0,0.0
1924145353740,0.7442866801893171,0.0,0.0,0.0
1924145353741,0.7233716475095786,0.0,0.0,0.0
1924145353746,0.7233716475095786,0.0,0.0,0.0
1924145353747,0.7111111111111111,0.0,0.0,0.0
1924145353748,0.735632183908046,0.0,0.0,0.0
1924145353749,0.5333333333333333,0.0,0.0,0.0
1924145353756,0.735632183908046,0.0,0.0,0.0
1924145353757,0.7619047619047619,0.0,0.0,0.0
1924145353762,0.7804878048780488,0.0,0.0,0.0
1924145353763,0.7853056308340861,0.0,0.0,0.0
1924145353764,0.7853056308340861,0.0,0.0,0.0
1924145353765,0.8205128205128205,0.0,0.0,0.0
1924145353771,0.8,0.0,0.0,0.0
1924145353772,0.810126582278481,0.0,0.0,0.0
1924145353773,0.810126582278481,0.0,0.0,0.0
1924145353778,0.8153197013956508,0.0,0.0,0.0
1924145353779,0.8153197013956508,0.0,0.0,0.0
1924145353780,0.8205128205128205,0.0,0.0,0.0
1924145353781,0.8205128205128205,0.0,0.0,0.0
1924145353786,0.8311688311688312,0.0,0.0,0.0
1924145353787,0.8217283950617285,0.0,0.0,0.0
1924145353788,0.8217283950617285,0.0,0.0,0.0
1924145353789,0.703872703872704,0.0,0.0,0.0
1924145353790,0.703872703872704,0.0,0.0,0.0
1924145353791,0.6735042735042736,0.0,0.0,0.0
1924145353792,0.6735042735042736,0.0,0.0,0.0
1924145353793,0.6833500166833499,0.0,0.0,0.0
1924145353794,0.6833500166833499,0.0,0.0,0.0
1924145353795,0.7619047619047619,0.0,0.0,0.0
1924145353796,0.810126582278481,0.0,0.0,0.0
1924145353797,0.810126582278481,0.0,0.0,0.0
1924145353800,0.8050632911392406,0.0,0.0,0.0
1924145353801,0.8050632911392406,0.0,0.0,0.0
1924145353804,0.8311688311688312,0.0,0.0,0.0
1924145353805,0.8311688311688312,0.0,0.0,0.0
1924145353806,0.8311688311688312,0.0,0.0,0.0
1924145353807,0.8311688311688312,0.0,0.0,0.0
1924145353809,0.6666666666666666,0.0,0.0,0.0
1924145353810,0.8421052631578947,0.0,0.0,0.0
1924145353813,0.8317299578059072,0.0,0.0,0.0
1924145353829,0.8317299578059072,0.0,0.0,0.0
1924145353832,0.7491493126446169,0.0,0.0,0.0
1924145353833,0.7491493126446169,0.0,0.0,0.0
1924145353834,0.810126582278481,0.0,0.0,0.0
1924145353835,0.8205128205128205,0.0,0.0,0.0
1924145353836,0.8533333333333334,0.0,0.0,0.0
1924145353837,0.7529411764705882,0.0,0.0,0.0
1924145353838,0.7343192248852626,0.0,0.0,0.0
1924145353839,0.7343192248852626,0.0,0.0,0.0
1924145353840,0.8590990990990992,0.0,0.0,0.0
1924145353841,0.8590990990990992,0.0,0.0,0.0
1924145353842,0.8477192982456141,0.0,0.0,0.0
1924145353926,0.8477192982456141,0.0,0.0,0.0
1924145353927,0.8421052631578947,0.0,0.0,0.0
1924145353928,0.7173489278752436,0.0,0.0,0.0
1924145353929,0.7173489278752436,0.0,0.0,0.0
1924145353930,0.836637047163363,0.0,0.0,0.0
1924145353931,0.836637047163363,0.0,0.0,0.0
1924145353932,0.8477192982456141,0.0,0.0,0.0
1924145353935,0.8477192982456141,0.0,0.0,0.0
1924145353936,0.5981308411214953,0.0,0.0,0.0
1924145353938,0.8648648648648649,0.0,0.0,0.0
1924145353939,0.8421052631578947,0.0,0.0,0.0
1924145353942,0.6213592233009708,0.0,0.0,0.0
1924145353943,0.8648648648648649,0.0,0.0,0.0
1924145353946,0.8648648648648649,0.0,0.0,0.0
1924145353947,0.8258408258408259,0.0,0.0,0.0
1924145353948,0.8258408258408259,0.0,0.0,0.0
1924145353949,0.8311688311688312,0.0,0.0,0.0
1924145353950,0.673322597960279,0.0,0.0,0.0
1924145353954,0.673322597960279,0.0,0.0,0.0
1924145353955,0.7715323166303558,0.0,0.0,0.0
1924145353956,0.7529411764705882,0.0,0.0,0.0
1924145353957,0.7715323166303558,0.0,0.0,0.0
1924145353962,0.7619047619047619,0.0,0.0,0.0
1924145353963,0.7410977242302543,0.0,0.0,0.0
1924145353964,0.7410977242302543,0.0,0.0,0.0
1924145353965,0.7855421686746988,0.0,0.0,0.0
1924145353969,0.7855421686746988,0.0,0.0,0.0
1924145353970,0.7623369256948384,0.0,0.0,0.0
1924145353971,0.7623369256948384,0.0,0.0,0.0
1924145353972,0.7485636114911081,0.0,0.0,0.0
1924145353973,0.7485636114911081,0.0,0.0,0.0
1924145353974,0.8,0.0,0.0,0.0
1924145353975,0.7529411764705882,0.0,0.0,0.0
1924145353976,0.8,0.0,0.0,0.0
1924145353977,0.5423728813559322,0.0,0.0,0.0
1924145353978,0.8,0.0,0.0,0.0
1924145353979,0.6956521739130435,0.0,0.0,0.0
1924145353980,0.7619047619047619,0.0,0.0,0.0
1924145353982,0.7710843373493976,0.0,0.0,0.0
1924145353983,0.7710843373493976,0.0,0.0,0.0
1924145353984,0.7710843373493976,0.0,0.0,0.0
1924145353985,0.7804878048780488,0.0,0.0,0.0
1924145353990,0.5925925925925926,0.0,0.0,0.0
1924145353991,0.7710843373493976,0.0,0.0,0.0
1924145353998,0.7619047619047619,0.0,0.0,0.0
1924145354001,0.7619047619047619,0.0,0.0,0.0
1924145354047,0.7619047619047619,0.0,0.0,0.0
1924145354048,0.7619047619047619,0.0,0.0,0.0
1924145354057,0.7804878048780488,0.0,0.0,0.0
1924145354058,0.7757860711137232,0.0,0.0,0.0
1924145354059,0.7757860711137232,0.0,0.0,0.0
1924145354066,0.7710843373493976,0.0,0.0,0.0
1924145354067,0.64327946393378,0.0,0.0,0.0
1924145354072,0.64327946393378,0.0,0.0,0.0
1924145354073,0.7485636114911081,0.0,0.0,0.0
1924145354090,0.7485636114911081,0.0,0.0,0.0
1924145354091,0.7529411764705882,0.0,0.0,0.0
1924145354092,0.7529411764705882,0.0,0.0,0.0
1924145354093,0.7619047619047619,0.0,0.0,0.0
1924145354094,0.6881720430107527,0.0,0.0,0.0
1924145354095,0.7619047619047619,0.0,0.0,0.0
1924145354096,0.7710843373493976,0.0,0.0,0.0
1924145354097,0.7710843373493976,0.0,0.0,0.0
1924145354098,0.7410977242302543,0.0,0.0,0.0
1924145354099,0.7410977242302543,0.0,0.0,0.0
1924145354100,0.7804878048780488,0.0,0.0,0.0
1924145354259,0.6590464421789723,0.0,0.0,0.0
1924145354264,0.6590464421789723,0.0,0.0,0.0
1924145354265,0.7442866801893171,0.0,0.0,0.0
1924145354266,0.7442866801893171,0.0,0.0,0.0
1924145354267,0.7233716475095786,0.0,0.0,0.0
1924145354272,0.7233716475095786,0.0,0.0,0.0
1924145354273,0.7111111111111111,0.0,0.0,0.0
1924145354274,0.735632183908046,0.0,0.0,0.0
1924145354275,0.5333333333333333,0.0,0.0,0.0
1924145354284,0.735632183908046,0.0,0.0,0.0
1924145354285,0.7619047619047619,0.0,0.0,0.0
1924145354291,0.7804878048780488,0.0,0.0,0.0
1924145354292,0.7853056308340861,0.0,0.0,0.0
1924145354293,0.7853056308340861,0.0,0.0,0.0
1924145354294,0.8205128205128205,0.0,0.0,0.0
1924145354300,0.8,0.0,0.0,0.0
1924145354301,0.810126582278481,0.0,0.0,0.0
1924145354302,0.810126582278481,0.0,0.0,0.0
1924145354307,0.8153197013956508,0.0,0.0,0.0
1924145354308,0.8153197013956508,0.0,0.0,0.0
1924145354309,0.8205128205128205,0.0,0.0,0.0
1924145354310,0.8205128205128205,0.0,0.0,0.0
1924145354315,0.8311688311688312,0.0,0.0,0.0
1924145354316,0.8217283950617285,0.0,0.0,0.0
1924145354317,0.8217283950617285,0.0,0.0,0.0
1924145354318,0.703872703872704,0.0,0.0,0.0
1924145354319,0.703872703872704,0.0,0.0,0.0
1924145354320,0.6735042735042736,0.0,0.0,0.0
1924145354321,0.6735042735042736,0.0,0.0,0.0
1924145354322,0.6833500166833499,0.0,0.0,0.0
1924145354323,0.6833500166833499,0.0,0.0,0.0
1924145354324,0.7619047619047619,0.0,0.0,0.0
1924145354325,0.810126582278481,0.0,0.0,0.0
1924145354326,0.810126582278481,0.0,0.0,0.0
1924145354329,0.8050632911392406,0.0,0.0,0.0
1924145354330,0.8050632911392406,0.0,0.0,0.0
1924145354333,0.8311688311688312,0.0,0.0,0.0
1924145354334,0.8311688311688312,0.0,0.0,0.0
1924145354335,0.8311688311688312,0.0,0.0,0.0
1924145354336,0.8311688311688312,0.0,0.0,0.0
1924145354338,0.6666666666666666,0.0,0.0,0.0
1924145354339,0.8421052631578947,0.0,0.0,0.0
1924145354342,0.8317299578059072,0.0,0.0,0.0
1924145354377,0.8317299578059072,0.0,0.0,0.0
1924145354380,0.7491493126446169,0.0,0.0,0.0
1924145354381,0.7491493126446169,0.0,0.0,0.0
1924145354382,0.810126582278481,0.0,0.0,0.0
1924145354383,0.8205128205128205,0.0,0.0,0.0
1924145354384,0.8533333333333334,0.0,0.0,0.0
1924145354385,0.7529411764705882,0.0,0.0,0.0
1924145354386,0.8045254556882464,0.0,0.0,0.0
1924145354387,0.8045254556882464,0.0,0.0,0.0
1924145354388,0.8590990990990992,0.0,0.0,0.0
1924145354392,0.8590990990990992,0.0,0.0,0.0
1924145354393,0.8477192982456141,0.0,0.0,0.0
1924145354497,0.8477192982456141,0.0,0.0,0.0
1924145354498,0.8421052631578947,0.0,0.0,0.0
1924145354499,0.7173489278752436,0.0,0.0,0.0
1924145354500,0.7173489278752436,0.0,0.0,0.0
1924145354501,0.836637047163363,0.0,0.0,0.0
1924145354506,0.836637047163363,0.0,0.0,0.0
1924145354507,0.8477192982456141,0.0,0.0,0.0
1924145354514,0.8477192982456141,0.0,0.0,0.0
1924145354515,0.5981308411214953,0.0,0.0,0.0
1924145354517,0.8648648648648649,0.0,0.0,0.0
1924145354522,0.8311688311688312,0.0,0.0,0.0
1924145354525,0.6213592233009708,0.0,0.0,0.0
1924145354526,0.8648648648648649,0.0,0.0,0.0
1924145354529,0.8648648648648649,0.0,0.0,0.0
1924145354530,0.8258408258408259,0.0,0.0,0.0
1924145354531,0.8258408258408259,0.0,0.0,0.0
1924145354532,0.8311688311688312,0.0,0.0,0.0
1924145354533,0.673322597960279,0.0,0.0,0.0
1924145354534,0.673322597960279,0.0,0.0,0.0
1924145354535,0.7715323166303558,0.0,0.0,0.0
1924145354536,0.7529411764705882,0.0,0.0,0.0
1924145354537,0.7715323166303558,0.0,0.0,0.0
1924145354538,0.7619047619047619,0.0,0.0,0.0
1924145354539,0.7410977242302543,0.0,0.0,0.0
1924145354540,0.7410977242302543,0.0,0.0,0.0
1924145354541,0.7855421686746988,0.0,0.0,0.0
1924145354542,0.7855421686746988,0.0,0.0,0.0
1924145354543,0.7623369256948384,0.0,0.0,0.0
1924145354544,0.7623369256948384,0.0,0.0,0.0
1924145354545,0.7485636114911081,0.0,0.0,0.0
1924145354546,0.7485636114911081,0.0,0.0,0.0
1924145354547,0.8,0.0,0.0,0.0
1924145354548,0.7529411764705882,0.0,0.0,0.0
1924145354549,0.8,0.0,0.0,0.0
1924145354550,0.5423728813559322,0.0,0.0,0.0
1924145354551,0.8,0.0,0.0,0.0
1924145354552,0.5245901639344263,0.0,0.0,0.0
1924145354553,0.7619047619047619,0.0,0.0,0.0
1924145354555,0.7710843373493976,0.0,0.0,0.0
1924145354556,0.7710843373493976,0.0,0.0,0.0
1924145354557,0.7710843373493976,0.0,0.0,0.0
1924145354558,0.7804878048780488,0.0,0.0,0.0
1924145354563,0.5925925925925926,0.0,0.0,0.0
1924145354564,0.7804878048780488,0.0,0.0,0.0
1924145354571,0.7619047619047619,0.0,0.0,0.0
1924145354574,0.7619047619047619,0.0,0.0,0.0
1924145354607,0.7619047619047619,0.0,0.0,0.0
1924145354608,0.7619047619047619,0.0,0.0,0.0
1924145354616,0.7804878048780488,0.0,0.0,0.0
1924145354617,0.7757860711137232,0.0,0.0,0.0
1924145354618,0.7757860711137232,0.0,0.0,0.0
1924145354625,0.7710843373493976,0.0,0.0,0.0
1924145354626,0.6986236355007118,0.0,0.0,0.0
1924145354631,0.6986236355007118,0.0,0.0,0.0
1924145354632,0.7485636114911081,0.0,0.0,0.0
1924145354649,0.7485636114911081,0.0,0.0,0.0
1924145354650,0.7529411764705882,0.0,0.0,0.0
1924145354651,0.7529411764705882,0.0,0.0,0.0
1924145354652,0.7619047619047619,0.0,0.0,0.0
1924145354653,0.6808510638297872,0.0,0.0,0.0
1924145354654,0.7619047619047619,0.0,0.0,0.0
1924145354655,0.7710843373493976,0.0,0.0,0.0
1924145354656,0.7710843373493976,0.0,0.0,0.0
1924145354657,0.7371905203230504,0.0,0.0,0.0
1924145354658,0.7371905203230504,0.0,0.0,0.0
1924145354659,0.7804878048780488,0.0,0.0,0.0
1924145354764,0.6590464421789723,0.0,0.0,0.0
1924145354769,0.6590464421789723,0.0,0.0,0.0
1924145354770,0.7442866801893171,0.0,0.0,0.0
1924145354771,0.7442866801893171,0.0,0.0,0.0
1924145354772,0.7233716475095786,0.0,0.0,0.0
1924145354777,0.7233716475095786,0.0,0.0,0.0
1924145354778,0.7111111111111111,0.0,0.0,0.0
1924145354779,0.735632183908046,0.0,0.0,0.0
1924145354780,0.5333333333333333,0.0,0.0,0.0
1924145354787,0.735632183908046,0.0,0.0,0.0
1924145354788,0.7619047619047619,0.0,0.0,0.0
1924145354793,0.7804878048780488,0.0,0.0,0.0
1924145354794,0.7853056308340861,0.0,0.0,0.0
1924145354795,0.7853056308340861,0.0,0.0,0.0
1924145354796,0.8205128205128205,0.0,0.0,0.0
1924145354802,0.8,0.0,0.0,0.0
1924145354803,0.810126582278481,0.0,0.0,0.0
1924145354804,0.810126582278481,0.0,0.0,0.0
1924145354809,0.8153197013956508,0.0,0.0,0.0
1924145354810,0.8153197013956508,0.0,0.0,0.0
1924145354811,0.8205128205128205,0.0,0.0,0.0
1924145354812,0.8205128205128205,0.0,0.0,0.0
1924145354817,0.8311688311688312,0.0,0.0,0.0
1924145354818,0.8217283950617285,0.0,0.0,0.0
1924145354819,0.8217283950617285,0.0,0.0,0.0
1924145354820,0.703872703872704,0.0,0.0,0.0
1924145354821,0.703872703872704,0.0,0.0,0.0
1924145354822,0.6735042735042736,0.0,0.0,0.0
1924145354823,0.6735042735042736,0.0,0.0,0.0
1924145354824,0.6833500166833499,0.0,0.0,0.0
1924145354825,0.6833500166833499,0.0,0.0,0.0
1924145354826,0.7619047619047619,0.0,0.0,0.0
1924145354827,0.810126582278481,0.0,0.0,0.0
1924145354828,0.810126582278481,0.0,0.0,0.0
1924145354831,0.8050632911392406,0.0,0.0,0.0
1924145354832,0.8050632911392406,0.0,0.0,0.0
1924145354835,0.8311688311688312,0.0,0.0,0.0
1924145354836,0.8311688311688312,0.0,0.0,0.0
1924145354837,0.8311688311688312,0.0,0.0,0.0
1924145354838,0.8311688311688312,0.0,0.0,0.0
1924145354840,0.6666666666666666,0.0,0.0,0.0
1924145354841,0.8421052631578947,0.0,0.0,0.0
1924145354844,0.8317299578059072,0.0,0.0,0.0
1924145354860,0.8317299578059072,0.0,0.0,0.0
1924145354863,0.7491493126446169,0.0,0.0,0.0
1924145354864,0.7491493126446169,0.0,0.0,0.0
1924145354865,0.810126582278481,0.0,0.0,0.0
1924145354866,0.8205128205128205,0.0,0.0,0.0
1924145354867,0.8533333333333334,0.0,0.0,0.0
1924145354868,0.7529411764705882,0.0,0.0,0.0
1924145354869,0.7343192248852626,0.0,0.0,0.0
1924145354870,0.7343192248852626,0.0,0.0,0.0
1924145354871,0.8590990990990992,0.0,0.0,0.0
1924145354872,0.8590990990990992,0.0,0.0,0.0
1924145354873,0.8477192982456141,0.0,0.0,0.0
1924145354949,0.8477192982456141,0.0,0.0,0.0
1924145354950,0.8421052631578947,0.0,0.0,0.0
1924145354951,0.7173489278752436,0.0,0.0,0.0
1924145354952,0.7173489278752436,0.0,0.0,0.0
1924145354953,0.836637047163363,0.0,0.0,0.0
1924145354958,0.836637047163363,0.0,0.0,0.0
1924145354959,0.8477192982456141,0.0,0.0,0.0
1924145354966,0.8477192982456141,0.0,0.0,0.0
1924145354967,0.5981308411214953,0.0,0.0,0.0
1924145354969,0.8648648648648649,0.0,0.0,0.0
1924145354974,0.8421052631578947,0.0,0.0,0.0
1924145354977,0.6213592233009708,0.0,0.0,0.0
1924145354978,0.8648648648648649,0.0,0.0,0.0
1924145354981,0.8648648648648649,0.0,0.0,0.0
1924145354982,0.8258408258408259,0.0,0.0,0.0
1924145354983,0.8258408258408259,0.0,0.0,0.0
1924145354984,0.8311688311688312,0.0,0.0,0.0
1924145354985,0.673322597960279,0.0,0.0,0.0
1924145354986,0.673322597960279,0.0,0.0,0.0
1924145354987,0.7715323166303558,0.0,0.0,0.0
1924145354988,0.7529411764705882,0.0,0.0,0.0
1924145354989,0.7715323166303558,0.0,0.0,0.0
1924145354990,0.7619047619047619,0.0,0.0,0.0
1924145354991,0.7410977242302543,0.0,0.0,0.0
1924145354992,0.7410977242302543,0.0,0.0,0.0
1924145354993,0.7855421686746988,0.0,0.0,0.0
1924145354994,0.7855421686746988,0.0,0.0,0.0
1924145354995,0.7623369256948384,0.0,0.0,0.0
1924145354996,0.7623369256948384,0.0,0.0,0.0
1924145354997,0.7485636114911081,0.0,0.0,0.0
1924145354998,0.7485636114911081,0.0,0.0,0.0
1924145354999,0.8,0.0,0.0,0.0
1924145355000,0.7529411764705882,0.0,0.0,0.0
1924145355001,0.8,0.0,0.0,0.0
1924145355002,0.5423728813559322,0.0,0.0,0.0
1924145355003,0.8,0.0,0.0,0.0
1924145355004,0.6956521739130435,0.0,0.0,0.0
1924145355005,0.7619047619047619,0.0,0.0,0.0
1924145355007,0.7710843373493976,0.0,0.0,0.0
1924145355008,0.7710843373493976,0.0,0.0,0.0
1924145355009,0.7710843373493976,0.0,0.0,0.0
1924145355010,0.7804878048780488,0.0,0.0,0.0
1924145355015,0.5925925925925926,0.0,0.0,0.0
1924145355016,0.7710843373493976,0.0,0.0,0.0
1924145355023,0.7619047619047619,0.0,0.0,0.0
1924145355026,0.7619047619047619,0.0,0.0,0.0
1924145355069,0.7619047619047619,0.0,0.0,0.0
1924145355070,0.7619047619047619,0.0,0.0,0.0
1924145355078,0.7804878048780488,0.0,0.0,0.0
1924145355079,0.7757860711137232,0.0,0.0,0.0
1924145355080,0.7757860711137232,0.0,0.0,0.0
1924145355089,0.7710843373493976,0.0,0.0,0.0
1924145355090,0.64327946393378,0.0,0.0,0.0
1924145355099,0.64327946393378,0.0,0.0,0.0
1924145355100,0.7485636114911081,0.0,0.0,0.0
1924145355129,0.7485636114911081,0.0,0.0,0.0
1924145355130,0.7529411764705882,0.0,0.0,0.0
1924145355131,0.7529411764705882,0.0,0.0,0.0
1924145355132,0.7619047619047619,0.0,0.0,0.0
1924145355133,0.6881720430107527,0.0,0.0,0.0
1924145355134,0.7619047619047619,0.0,0.0,0.0
1924145355135,0.7710843373493976,0.0,0.0,0.0
1924145355136,0.7710843373493976,0.0,0.0,0.0
1924145355137,0.7410977242302543,0.0,0.0,0.0
1924145355138,0.7410977242302543,0.0,0.0,0.0
1924145355139,0.7804878048780488,0.0,0.0,0.0
1924145355337,0.6590464421789723,0.0,0.0,0.0
1924145355348,0.6590464421789723,0.0,0.0,0.0
1924145355349,0.7442866801893171,0.0,0.0,0.0
1924145355350,0.7442866801893171,0.0,0.0,0.0
1924145355351,0.7233716475095786,0.0,0.0,0.0
1924145355360,0.7233716475095786,0.0,0.0,0.0
1924145355361,0.7111111111111111,0.0,0.0,0.0
1924145355362,0.735632183908046,0.0,0.0,0.0
1924145355363,0.5333333333333333,0.0,0.0,0.0
1924145355379,0.735632183908046,0.0,0.0,0.0
1924145355380,0.7619047619047619,0.0,0.0,0.0
1924145355390,0.7804878048780488,0.0,0.0,0.0
1924145355391,0.7853056308340861,0.0,0.0,0.0
1924145355392,0.7853056308340861,0.0,0.0,0.0
1924145355393,0.8205128205128205,0.0,0.0,0.0
1924145355400,0.8,0.0,0.0,0.0
1924145355401,0.810126582278481,0.0,0.0,0.0
1924145355402,0.810126582278481,0.0,0.0,0.0
1924145355407,0.8153197013956508,0.0,0.0,0.0
1924145355408,0.8153197013956508,0.0,0.0,0.0
1924145355409,0.8205128205128205,0.0,0.0,0.0
1924145355410,0.8205128205128205,0.0,0.0,0.0
1924145355415,0.8311688311688312,0.0,0.0,0.0
1924145355416,0.8217283950617285,0.0,0.0,0.0
1924145355417,0.8217283950617285,0.0,0.0,0.0
1924145355418,0.703872703872704,0.0,0.0,0.0
1924145355419,0.703872703872704,0.0,0.0,0.0
1924145355420,0.6735042735042736,0.0,0.0,0.0
1924145355421,0.6735042735042736,0.0,0.0,0.0
1924145355422,0.6833500166833499,0.0,0.0,0.0
1924145355423,0.6833500166833499,0.0,0.0,0.0
1924145355424,0.7619047619047619,0.0,0.0,0.0
1924145355425,0.810126582278481,0.0,0.0,0.0
1924145355426,0.810126582278481,0.0,0.0,0.0
1924145355429,0.8050632911392406,0.0,0.0,0.0
1924145355430,0.8050632911392406,0.0,0.0,0.0
1924145355433,0.8311688311688312,0.0,0.0,0.0
1924145355434,0.8311688311688312,0.0,0.0,0.0
1924145355435,0.8311688311688312,0.0,0.0,0.0
1924145355436,0.8311688311688312,0.0,0.0,0.0
1924145355438,0.6666666666666666,0.0,0.0,0.0
1924145355439,0.8421052631578947,0.0,0.0,0.0
1924145355442,0.8317299578059072,0.0,0.0,0.0
1924145355458,0.8317299578059072,0.0,0.0,0.0
1924145355461,0.7491493126446169,0.0,0.0,0.0
1924145355462,0.7491493126446169,0.0,0.0,0.0
1924145355463,0.810126582278481,0.0,0.0,0.0
1924145355464,0.8205128205128205,0.0,0.0,0.0
1924145355465,0.8533333333333334,0.0,0.0,0.0
1924145355466,0.7529411764705882,0.0,0.0,0.0
1924145355467,0.8045254556882464,0.0,0.0,0.0
1924145355468,0.8045254556882464,0.0,0.0,0.0
1924145355469,0.8590990990990992,0.0,0.0,0.0
1924145355470,0.8590990990990992,0.0,0.0,0.0
1924145355471,0.8477192982456141,0.0,0.0,0.0
1924145355630,0.8477192982456141,0.0,0.0,0.0
1924145355632,0.8421052631578947,0.0,0.0,0.0
1924145355633,0.7173489278752436,0.0,0.0,0.0
1924145355634,0.7173489278752436,0.0,0.0,0.0
1924145355635,0.836637047163363,0.0,0.0,0.0
1924145355641,0.836637047163363,0.0,0.0,0.0
1924145355642,0.8477192982456141,0.0,0.0,0.0
1924145355652,0.8477192982456141,0.0,0.0,0.0
1924145355653,0.5981308411214953,0.0,0.0,0.0
1924145355655,0.8648648648648649,0.0,0.0,0.0
1924145355661,0.8311688311688312,0.0,0.0,0.0
1924145355664,0.6213592233009708,0.0,0.0,0.0
1924145355671,0.8648648648648649,0.0,0.0,0.0
1924145355674,0.8648648648648649,0.0,0.0,0.0
1924145355681,0.8258408258408259,0.0,0.0,0.0
1924145355682,0.8258408258408259,0.0,0.0,0.0
1924145355683,0.8311688311688312,0.0,0.0,0.0
1924145355684,0.673322597960279,0.0,0.0,0.0
1924145355687,0.673322597960279,0.0,0.0,0.0
1924145355688,0.7715323166303558,0.0,0.0,0.0
1924145355689,0.7529411764705882,0.0,0.0,0.0
1924145355690,0.7715323166303558,0.0,0.0,0.0
1924145355692,0.7619047619047619,0.0,0.0,0.0
1924145355693,0.7410977242302543,0.0,0.0,0.0
1924145355694,0.7410977242302543,0.0,0.0,0.0
1924145355695,0.7855421686746988,0.0,0.0,0.0
1924145355697,0.7855421686746988,0.0,0.0,0.0
1924145355698,0.7623369256948384,0.0,0.0,0.0
1924145355699,0.7623369256948384,0.0,0.0,0.0
1924145355700,0.7485636114911081,0.0,0.0,0.0
1924145355702,0.7485636114911081,0.0,0.0,0.0
1924145355703,0.8,0.0,0.0,0.0
1924145355704,0.7529411764705882,0.0,0.0,0.0
1924145355705,0.8,0.0,0.0,0.0
1924145355709,0.5423728813559322,0.0,0.0,0.0
1924145355710,0.8,0.0,0.0,0.0
1924145355711,0.5245901639344263,0.0,0.0,0.0
1924145355712,0.7619047619047619,0.0,0.0,0.0
1924145355715,0.7710843373493976,0.0,0.0,0.0
1924145355716,0.7710843373493976,0.0,0.0,0.0
1924145355717,0.7710843373493976,0.0,0.0,0.0
1924145355718,0.7804878048780488,0.0,0.0,0.0
1924145355729,0.5925925925925926,0.0,0.0,0.0
1924145355730,0.7804878048780488,0.0,0.0,0.0
1924145355743,0.7619047619047619,0.0,0.0,0.0
1924145355746,0.7619047619047619,0.0,0.0,0.0
1924145355788,0.7619047619047619,0.0,0.0,0.0
1924145355789,0.7619047619047619,0.0,0.0,0.0
1924145355798,0.7804878048780488,0.0,0.0,0.0
1924145355799,0.7757860711137232,0.0,0.0,0.0
1924145355800,0.7757860711137232,0.0,0.0,0.0
1924145355808,0.7710843373493976,0.0,0.0,0.0
1924145355809,0.6986236355007118,0.0,0.0,0.0
1924145355815,0.6986236355007118,0.0,0.0,0.0
1924145355816,0.7485636114911081,0.0,0.0,0.0
1924145355847,0.7485636114911081,0.0,0.0,0.0
1924145355854,0.7529411764705882,0.0,0.0,0.0
1924145355855,0.7529411764705882,0.0,0.0,0.0
1924145355856,0.7619047619047619,0.0,0.0,0.0
1924145355857,0.6808510638297872,0.0,0.0,0.0
1924145355864,0.7619047619047619,0.0,0.0,0.0
1924145355865,0.7710843373493976,0.0,0.0,0.0
1924145355866,0.7710843373493976,0.0,0.0,0.0
1924145355867,0.7371905203230504,0.0,0.0,0.0
1924145355869,0.7371905203230504,0.0,0.0,0.0
1924145355870,0.7804878048780488,0.0,0.0,0.0
1924145356044,0.6590464421789723,0.0,0.0,0.0
1924145356050,0.6590464421789723,0.0,0.0,0.0
1924145356051,0.7442866801893171,0.0,0.0,0.0
1924145356052,0.7442866801893171,0.0,0.0,0.0
1924145356053,0.7233716475095786,0.0,0.0,0.0
1924145356059,0.7233716475095786,0.0,0.0,0.0
1924145356060,0.7111111111111111,0.0,0.0,0.0
1924145356061,0.735632183908046,0.0,0.0,0.0
1924145356062,0.5333333333333333,0.0,0.0,0.0
1924145356070,0.735632183908046,0.0,0.0,0.0
1924145356071,0.7619047619047619,0.0,0.0,0.0
1924145356077,0.7804878048780488,0.0,0.0,0.0
1924145356078,0.7853056308340861,0.0,0.0,0.0
1924145356079,0.7853056308340861,0.0,0.0,0.0
1924145356080,0.8205128205128205,0.0,0.0,0.0
1924145356090,0.8,0.0,0.0,0.0
1924145356091,0.810126582278481,0.0,0.0,0.0
1924145356092,0.810126582278481,0.0,0.0,0.0
1924145356098,0.8153197013956508,0.0,0.0,0.0
1924145356099,0.8153197013956508,0.0,0.0,0.0
1924145356100,0.8205128205128205,0.0,0.0,0.0
1924145356101,0.8205128205128205,0.0,0.0,0.0
1924145356111,0.8311688311688312,0.0,0.0,0.0
1924145356112,0.8217283950617285,0.0,0.0,0.0
1924145356113,0.8217283950617285,0.0,0.0,0.0
1924145356114,0.703872703872704,0.0,0.0,0.0
1924145356120,0.703872703872704,0.0,0.0,0.0
1924145356121,0.6735042735042736,0.0,0.0,0.0
1924145356122,0.6735042735042736,0.0,0.0,0.0
1924145356123,0.6833500166833499,0.0,0.0,0.0
1924145356126,0.6833500166833499,0.0,0.0,0.0
1924145356127,0.7619047619047619,0.0,0.0,0.0
1924145356128,0.810126582278481,0.0,0.0,0.0
1924145356129,0.810126582278481,0.0,0.0,0.0
1924145356133,0.8050632911392406,0.0,0.0,0.0
1924145356134,0.8050632911392406,0.0,0.0,0.0
1924145356138,0.8311688311688312,0.0,0.0,0.0
1924145356139,0.8311688311688312,0.0,0.0,0.0
1924145356141,0.8311688311688312,0.0,0.0,0.0
1924145356142,0.8311688311688312,0.0,0.0,0.0
1924145356144,0.6666666666666666,0.0,0.0,0.0
1924145356148,0.8421052631578947,0.0,0.0,0.0
1924145356151,0.8317299578059072,0.0,0.0,0.0
1924145356183,0.8317299578059072,0.0,0.0,0.0
1924145356186,0.7491493126446169,0.0,0.0,0.0
1924145356192,0.7491493126446169,0.0,0.0,0.0
1924145356193,0.810126582278481,0.0,0.0,0.0
1924145356194,0.8205128205128205,0.0,0.0,0.0
1924145356195,0.8533333333333334,0.0,0.0,0.0
1924145356202,0.7529411764705882,0.0,0.0,0.0
1924145356203,0.7343192248852626,0.0,0.0,0.0
1924145356204,0.7343192248852626,0.0,0.0,0.0
1924145356205,0.8590990990990992,0.0,0.0,0.0
1924145356208,0.8590990990990992,0.0,0.0,0.0
1924145356209,0.8477192982456141,0.0,0.0,0.0
1924145356358,0.8477192982456141,0.0,0.0,0.0
1924145356359,0.8421052631578947,0.0,0.0,0.0
1924145356360,0.7173489278752436,0.0,0.0,0.0
1924145356361,0.7173489278752436,0.0,0.0,0.0
1924145356362,0.836637047163363,0.0,0.0,0.0
1924145356367,0.836637047163363,0.0,0.0,0.0
1924145356368,0.8477192982456141,0.0,0.0,0.0
1924145356375,0.8477192982456141,0.0,0.0,0.0
1924145356376,0.5981308411214953,0.0,0.0,0.0
1924145356378,0.8648648648648649,0.0,0.0,0.0
1924145356386,0.8421052631578947,0.0,0.0,0.0
1924145356389,0.6213592233009708,0.0,0.0,0.0
1924145356390,0.8648648648648649,0.0,0.0,0.0
1924145356393,0.8648648648648649,0.0,0.0,0.0
1924145356399,0.8258408258408259,0.0,0.0,0.0
1924145356400,0.8258408258408259,0.0,0.0,0.0
1924145356401,0.8311688311688312,0.0,0.0,0.0
1924145356402,0.673322597960279,0.0,0.0,0.0
1924145356408,0.673322597960279,0.0,0.0,0.0
1924145356409,0.7715323166303558,0.0,0.0,0.0
1924145356410,0.7529411764705882,0.0,0.0,0.0
1924145356411,0.7715323166303558,0.0,0.0,0.0
1924145356412,0.7619047619047619,0.0,0.0,0.0
1924145356413,0.7410977242302543,0.0,0.0,0.0
1924145356414,0.7410977242302543,0.0,0.0,0.0
1924145356415,0.7855421686746988,0.0,0.0,0.0
1924145356416,0.7855421686746988,0.0,0.0,0.0
1924145356417,0.7623369256948384,0.0,0.0,0.0
1924145356418,0.7623369256948384,0.0,0.0,0.0
1924145356419,0.7485636114911081,0.0,0.0,0.0
1924145356420,0.7485636114911081,0.0,0.0,0.0
1924145356421,0.8,0.0,0.0,0.0
1924145356422,0.7529411764705882,0.0,0.0,0.0
1924145356423,0.8,0.0,0.0,0.0
1924145356424,0.5423728813559322,0.0,0.0,0.0
1924145356425,0.8,0.0,0.0,0.0
1924145356426,0.6956521739130435,0.0,0.0,0.0
1924145356427,0.7619047619047619,0.0,0.0,0.0
1924145356430,0.7710843373493976,0.0,0.0,0.0
1924145356431,0.7710843373493976,0.0,0.0,0.0
1924145356432,0.7710843373493976,0.0,0.0,0.0
1924145356433,0.7804878048780488,0.0,0.0,0.0
1924145356439,0.5925925925925926,0.0,0.0,0.0
1924145356440,0.7710843373493976,0.0,0.0,0.0
1924145356448,0.7619047619047619,0.0,0.0,0.0
1924145356451,0.7619047619047619,0.0,0.0,0.0
1924145356499,0.7619047619047619,0.0,0.0,0.0
1924145356500,0.7619047619047619,0.0,0.0,0.0
1924145356513,0.7804878048780488,0.0,0.0,0.0
1924145356514,0.7757860711137232,0.0,0.0,0.0
1924145356515,0.7757860711137232,0.0,0.0,0.0
1924145356524,0.7710843373493976,0.0,0.0,0.0
1924145356525,0.64327946393378,0.0,0.0,0.0
1924145356531,0.64327946393378,0.0,0.0,0.0
1924145356532,0.7485636114911081,0.0,0.0,0.0
1924145356575,0.7485636114911081,0.0,0.0,0.0
1924145356577,0.7529411764705882,0.0,0.0,0.0
1924145356578,0.7529411764705882,0.0,0.0,0.0
1924145356579,0.7619047619047619,0.0,0.0,0.0
1924145356580,0.6881720430107527,0.0,0.0,0.0
1924145356584,0.7619047619047619,0.0,0.0,0.0
1924145356585,0.7710843373493976,0.0,0.0,0.0
1924145356586,0.7710843373493976,0.0,0.0,0.0
1924145356587,0.7410977242302543,0.0,0.0,0.0
1924145356589,0.7410977242302543,0.0,0.0,0.0
1924145356590,0.7804878048780488,0.0,0.0,0.0
1924145356789,0.6590464421789723,0.0,0.0,0.0
1924145356795,0.6590464421789723,0.0,0.0,0.0
1924145356796,0.7442866801893171,0.0,0.0,0.0
1924145356797,0.7442866801893171,0.0,0.0,0.0
1924145356798,0.7233716475095786,0.0,0.0,0.0
1924145356804,0.7233716475095786,0.0,0.0,0.0
1924145356805,0.7111111111111111,0.0,0.0,0.0
1924145356806,0.735632183908046,0.0,0.0,0.0
1924145356807,0.5333333333333333,0.0,0.0,0.0
1924145356816,0.735632183908046,0.0,0.0,0.0
1924145356817,0.7619047619047619,0.0,0.0,0.0
1924145356824,0.7804878048780488,0.0,0.0,0.0
1924145356825,0.7853056308340861,0.0,0.0,0.0
1924145356826,0.7853056308340861,0.0,0.0,0.0
1924145356827,0.8205128205128205,0.0,0.0,0.0
1924145356835,0.8,0.0,0.0,0.0
1924145356836,0.810126582278481,0.0,0.0,0.0
1924145356837,0.810126582278481,0.0,0.0,0.0
1924145356844,0.8153197013956508,0.0,0.0,0.0
1924145356845,0.8153197013956508,0.0,0.0,0.0
1924145356846,0.8205128205128205,0.0,0.0,0.0
1924145356847,0.8205128205128205,0.0,0.0,0.0
1924145356854,0.8311688311688312,0.0,0.0,0.0
1924145356855,0.8217283950617285,0.0,0.0,0.0
1924145356856,0.8217283950617285,0.0,0.0,0.0
1924145356857,0.703872703872704,0.0,0.0,0.0
1924145356860,0.703872703872704,0.0,0.0,0.0
1924145356861,0.6735042735042736,0.0,0.0,0.0
1924145356862,0.6735042735042736,0.0,0.0,0.0
1924145356863,0.6833500166833499,0.0,0.0,0.0
1924145356866,0.6833500166833499,0.0,0.0,0.0
1924145356867,0.7619047619047619,0.0,0.0,0.0
1924145356868,0.810126582278481,0.0,0.0,0.0
1924145356869,0.810126582278481,0.0,0.0,0.0
1924145356874,0.8050632911392406,0.0,0.0,0.0
1924145356875,0.8050632911392406,0.0,0.0,0.0
1924145356880,0.8311688311688312,0.0,0.0,0.0
1924145356881,0.8311688311688312,0.0,0.0,0.0
1924145356884,0.8311688311688312,0.0,0.0,0.0
1924145356885,0.8311688311688312,0.0,0.0,0.0
1924145356887,0.6666666666666666,0.0,0.0,0.0
1924145356890,0.8421052631578947,0.0,0.0,0.0
1924145356893,0.8317299578059072,0.0,0.0,0.0
1924145356925,0.8317299578059072,0.0,0.0,0.0
1924145356928,0.7491493126446169,0.0,0.0,0.0
1924145356931,0.7491493126446169,0.0,0.0,0.0
1924145356932,0.810126582278481,0.0,0.0,0.0
1924145356933,0.8205128205128205,0.0,0.0,0.0
1924145356934,0.8533333333333334,0.0,0.0,0.0
1924145356937,0.7529411764705882,0.0,0.0,0.0
1924145356938,0.8045254556882464,0.0,0.0,0.0
1924145356939,0.8045254556882464,0.0,0.0,0.0
1924145356940,0.8590990990990992,0.0,0.0,0.0
1924145356943,0.8590990990990992,0.0,0.0,0.0
1924145356944,0.8477192982456141,0.0,0.0,0.0
1924145357070,0.8477192982456141,0.0,0.0,0.0
1924145357075,0.8421052631578947,0.0,0.0,0.0
1924145357076,0.7173489278752436,0.0,0.0,0.0
1924145357077,0.7173489278752436,0.0,0.0,0.0
1924145357078,0.836637047163363,0.0,0.0,0.0
1924145357080,0.836637047163363,0.0,0.0,0.0
1924145357081,0.8477192982456141,0.0,0.0,0.0
1924145357085,0.8477192982456141,0.0,0.0,0.0
1924145357086,0.5981308411214953,0.0,0.0,0.0
1924145357088,0.8648648648648649,0.0,0.0,0.0
1924145357093,0.8311688311688312,0.0,0.0,0.0
1924145357096,0.6153846153846154,0.0,0.0,0.0
1924145357098,0.8648648648648649,0.0,0.0,0.0
1924145357101,0.8648648648648649,0.0,0.0,0.0
1924145357103,0.8258408258408259,0.0,0.0,0.0
1924145357104,0.8258408258408259,0.0,0.0,0.0
1924145357105,0.8311688311688312,0.0,0.0,0.0
1924145357106,0.673322597960279,0.0,0.0,0.0
1924145357108,0.673322597960279,0.0,0.0,0.0
1924145357109,0.7715323166303558,0.0,0.0,0.0
1924145357110,0.7529411764705882,0.0,0.0,0.0
1924145357111,0.7715323166303558,0.0,0.0,0.0
1924145357113,0.7619047619047619,0.0,0.0,0.0
1924145357114,0.7152847152847153,0.0,0.0,0.0
1924145357115,0.7152847152847153,0.0,0.0,0.0
1924145357116,0.7442866801893171,0.0,0.0,0.0
1924145357119,0.7442866801893171,0.0,0.0,0.0
1924145357120,0.6736842105263158,0.0,0.0,0.0
1924145357121,0.6736842105263158,0.0,0.0,0.0
1924145357122,0.6736842105263158,0.0,0.0,0.0
1924145357124,0.6736842105263158,0.0,0.0,0.0
1924145357125,0.7072039072039072,0.0,0.0,0.0
1924145357126,0.6736842105263158,0.0,0.0,0.0
1924145357127,0.7072039072039072,0.0,0.0,0.0
1924145357129,0.6881720430107527,0.0,0.0,0.0
1924145357130,0.7111111111111111,0.0,0.0,0.0
1924145357131,0.7032967032967034,0.0,0.0,0.0
1924145357132,0.6956521739130435,0.0,0.0,0.0
1924145357135,0.6881720430107527,0.0,0.0,0.0
1924145357136,0.7191011235955056,0.0,0.0,0.0
1924145357137,0.7191011235955056,0.0,0.0,0.0
1924145357138,0.512,0.0,0.0,0.0
1924145357144,0.022590893046240734,0.0,0.0,0.0
1924145357145,0.022590893046240734,0.0,0.0,0.0
1924145357153,0.022590893046240734,0.0,0.0,0.0
1924145357156,0.022590893046240734,0.0,0.0,0.0
1924145357176,0.022590893046240734,0.0,0.0,0.0
1924145357177,0.022590893046240734,0.0,0.0,0.0
1924145357182,0.022590893046240734,0.0,0.0,0.0
1924145357183,0.022590893046240734,0.0,0.0,0.0
1924145357184,0.022590893046240734,0.0,0.0,0.0
1924145357188,0.022590893046240734,0.0,0.0,0.0
1924145357189,0.022590893046240734,0.0,0.0,0.0
1924145357191,0.022590893046240734,0.0,0.0,0.0
1924145357192,0.022590893046240734,0.0,0.0,0.0
1924145357251,0.022590893046240734,0.0,0.0,0.0
1924145357252,0.022590893046240734,0.0,0.0,0.0
1924145357253,0.022590893046240734,0.0,0.0,0.0
1924145357259,0.022590893046240734,0.0,0.0,0.0
1924145357260,0.022590893046240734,0.0,0.0,0.0
1924145357261,0.022590893046240734,0.0,0.0,0.0
1924145357262,0.022590893046240734,0.0,0.0,0.0
1924145357263,0.022590893046240734,0.0,0.0,0.0
1924145357264,0.022590893046240734,0.0,0.0,0.0
1924145357265,0.022590893046240734,0.0,0.0,0.0
1924145357266,0.022590893046240734,0.0,0.0,0.0
1924145357267,0.022590893046240734,0.0,0.0,0.0
1924145357268,0.022590893046240734,0.0,0.0,0.0
1924145357269,0.022590893046240734,0.0,0.0,0.0
1924145357270,0.022590893046240734,0.0,0.0,0.0
1924145357271,0.022590893046240734,0.0,0.0,0.0
1924145357272,0.022590893046240734,0.0,0.0,0.0
1924145357273,0.022590893046240734,0.0,0.0,0.0
1924145357276,0.022590893046240734,0.0,0.0,0.0
61022895343926,0.06493506493506493,0.15584415584415584,0.18831168831168832,0.0
61022895345666,0.0625,0.125,0.21875,0.0
61022895345981,0.07142857142857142,0.15584415584415584,0.18831168831168832,0.0
61022895346166,0.032679738562091505,0.10457516339869281,0.1830065359477124,0.0
61022895346559,0.05945945945945946,0.15135135135135136,0.1837837837837838,0.0
61022895346683,0.012578616352201259,0.11320754716981132,0.1761006289308176,0.0
61022895347037,0.07142857142857142,0.15584415584415584,0.18831168831168832,0.0
61022895347205,0.032679738562091505,0.10457516339869281,0.1830065359477124,0.0
61022895347596,0.05945945945945946,0.15135135135135136,0.1837837837837838,0.0
61022895347714,0.012578616352201259,0.11320754716981132,0.1761006289308176,0.0
61022895348070,0.07142857142857142,0.15584415584415584,0.18831168831168832,0.0
61022895348284,0.032679738562091505,0.10457516339869281,0.1830065359477124,0.0
61022895348788,0.05945945945945946,0.15135135135135136,0.1837837837837838,0.0
61022895348992,0.012578616352201259,0.11320754716981132,0.1761006289308176,0.0
61022895349518,0.07142857142857142,0.15584415584415584,0.18831168831168832,0.0
61022895349737,0.013071895424836602,0.10457516339869281,0.1830065359477124,0.0
61297773250882,0.06493506493506493,0.15584415584415584,0.18831168831168832,0.0
61297773252841,0.0625,0.125,0.21875,0.0
61297773253213,0.07142857142857142,0.15584415584415584,0.18831168831168832,0.0
61297773253375,0.03164556962025317,0.10126582278481013,0.17721518987341772,0.0
61297773253735,0.05945945945945946,0.15135135135135136,0.1837837837837838,0.0
61297773253849,0.012578616352201259,0.11320754716981132,0.1761006289308176,0.0
61297773254283,0.07142857142857142,0.15584415584415584,0.18831168831168832,0.0
61297773254432,0.03125,0.1,0.175,0.0
61297773254766,0.05945945945945946,0.15135135135135136,0.1837837837837838,0.0
61297773254884,0.012578616352201259,0.11320754716981132,0.1761006289308176,0.0
61297773255364,0.07142857142857142,0.15584415584415584,0.18831168831168832,0.0
61297773255577,0.032679738562091505,0.10457516339869281,0.1830065359477124,0.0
61297773256089,0.05945945945945946,0.15135135135135136,0.1837837837837838,0.0
61297773256296,0.012578616352201259,0.11320754716981132,0.1761006289308176,0.0
61297773256831,0.07142857142857142,0.15584415584415584,0.18831168831168832,0.0
61297773257004,0.013071895424836602,0.10457516339869281,0.1830065359477124,0.0
55525337206244,0.0,0.15789473684210525,0.0,0.0
55525337206245,0.0,0.125,0.0,0.0
55525337206248,0.0,0.375,0.0,0.0
55525337206249,0.0,0.35714285714285715,0.0,0.0
55525337206266,0.0,0.26666666666666666,0.0,0.0
55525337206267,0.0,0.35714285714285715,0.0,0.0
55525337206268,0.0,0.3333333333333333,0.0,0.0
55525337206273,0.0,0.2,0.0,0.0
55525337206274,0.0,0.3333333333333333,0.0,0.0
55525337206275,0.0,0.2631578947368421,0.0,0.0
55525337206309,0.0,0.25,0.0,0.0
55525337206310,0.0,0.08695652173913043,0.0,0.0
55525337206314,0.0,0.1,0.0,0.0
55525337206315,0.0,0.07692307692307693,0.0,0.0
55525337206337,0.0,0.3333333333333333,0.0,0.0
55525337206338,0.0,0.10810810810810811,0.0,0.0
55525337206339,0.0,0.11764705882352941,0.0,0.0
55525337206342,0.0,0.15789473684210525,0.0,0.0
55525337206343,0.0,0.1,0.0,0.0
55525337206344,0.0,0.1111111111111111,0.0,0.0
55525337206364,0.0,0.42857142857142855,0.0,0.0
55525337206365,0.0,0.05128205128205128,0.0,0.0
55525337206369,0.0,0.18181818181818182,0.0,0.0
55525337206370,0.0,0.05405405405405406,0.0,0.0
55525337208095,0.0,0.25,0.0,0.0
55525337208096,0.0,0.14285714285714285,0.0,0.0
55525337208104,0.0,0.26666666666666666,0.0,0.0
55525337208105,0.0,0.11538461538461539,0.0,0.0
55525337209268,0.0,0.15789473684210525,0.0,0.0
55525337209269,0.0,0.125,0.0,0.0
55525337209272,0.0,0.375,0.0,0.0
55525337209273,0.0,0.35714285714285715,0.0,0.0
55525337209286,0.0,0.26666666666666666,0.0,0.0
55525337209287,0.0,0.35714285714285715,0.0,0.0
55525337209288,0.0,0.3333333333333333,0.0,0.0
55525337209303,0.0,0.2,0.0,0.0
55525337209304,0.0,0.3333333333333333,0.0,0.0
55525337209305,0.0,0.2631578947368421,0.0,0.0
55525337209341,0.0,0.25,0.0,0.0
55525337209342,0.0,0.08695652173913043,0.0,0.0
55525337209346,0.0,0.1,0.0,0.0
55525337209347,0.0,0.07692307692307693,0.0,0.0
55525337209379,0.0,0.3333333333333333,0.0,0.0
55525337209380,0.0,0.10810810810810811,0.0,0.0
55525337209381,0.0,0.11764705882352941,0.0,0.0
55525337209388,0.0,0.15789473684210525,0.0,0.0
55525337209389,0.0,0.1,0.0,0.0
55525337209390,0.0,0.1111111111111111,0.0,0.0
55525337209446,0.0,0.42857142857142855,0.0,0.0
55525337209447,0.0,0.05128205128205128,0.0,0.0
55525337209463,0.0,0.18181818181818182,0.0,0.0
55525337209464,0.0,0.05405405405405406,0.0,0.0
55525337209558,0.0,0.07407407407407407,0.0,0.0
55525337209559,0.0,0.19047619047619047,0.0,0.0
55525337209563,0.0,0.19047619047619047,0.0,0.0
55525337209564,0.0,0.11538461538461539,0.0,0.0
55525337210183,0.0,0.0425531914893617,0.0,0.0
55525337210184,0.0,0.35714285714285715,0.0,0.0
55525337210196,0.0,0.6,0.0,0.0
55525337210197,0.0,0.42857142857142855,0.0,0.0
55525337210267,0.0,0.38461538461538464,0.0,0.0
55525337210268,0.0,0.375,0.0,0.0
55525337210269,0.0,0.2727272727272727,0.0,0.0
55525337210277,0.0,0.7142857142857143,0.0,0.0
55525337210278,0.0,0.2727272727272727,0.0,0.0
55525337210279,0.0,0.2,0.0,0.0
55525337210301,0.0,0.625,0.0,0.0
55525337210302,0.0,0.08695652173913043,0.0,0.0
55525337210311,0.0,0.25,0.0,0.0
55525337210312,0.0,0.07692307692307693,0.0,0.0
55525337210343,0.0,0.1,0.0,0.0
55525337210344,0.0,0.10810810810810811,0.0,0.0
55525337210345,0.0,0.11764705882352941,0.0,0.0
55525337210356,0.0,0.16666666666666666,0.0,0.0
55525337210357,0.0,0.1,0.0,0.0
55525337210358,0.0,0.1111111111111111,0.0,0.0
55525337210384,0.0,0.23529411764705882,0.0,0.0
55525337210385,0.0,0.05128205128205128,0.0,0.0
55525337210390,0.0,0.29411764705882354,0.0,0.0
55525337210391,0.0,0.05405405405405406,0.0,0.0
55525337210476,0.0,0.07407407407407407,0.0,0.0
55525337210477,0.0,0.19047619047619047,0.0,0.0
55525337210485,0.0,0.19047619047619047,0.0,0.0
55525337210486,0.0,0.11538461538461539,0.0,0.0
55525337211377,0.0,0.15789473684210525,0.0,0.0
55525337211378,0.0,0.125,0.0,0.0
55525337211381,0.0,0.375,0.0,0.0
55525337211382,0.0,0.35714285714285715,0.0,0.0
55525337211388,0.0,0.26666666666666666,0.0,0.0
55525337211389,0.0,0.35714285714285715,0.0,0.0
55525337211390,0.0,0.3333333333333333,0.0,0.0
55525337211393,0.0,0.2,0.0,0.0
55525337211394,0.0,0.3333333333333333,0.0,0.0
55525337211395,0.0,0.2631578947368421,0.0,0.0
55525337211402,0.0,0.25,0.0,0.0
55525337211403,0.0,0.08695652173913043,0.0,0.0
55525337211407,0.0,0.1,0.0,0.0
55525337211408,0.0,0.07692307692307693,0.0,0.0
55525337211414,0.0,0.3333333333333333,0.0,0.0
55525337211415,0.0,0.10810810810810811,0.0,0.0
55525337211416,0.0,0.11764705882352941,0.0,0.0
55525337211419,0.0,0.15789473684210525,0.0,0.0
55525337211420,0.0,0.1,0.0,0.0
55525337211421,0.0,0.1111111111111111,0.0,0.0
55525337211428,0.0,0.42857142857142855,0.0,0.0
55525337211429,0.0,0.05128205128205128,0.0,0.0
55525337211433,0.0,0.18181818181818182,0.0,0.0
55525337211434,0.0,0.05405405405405406,0.0,0.0
55525337211442,0.0,0.07407407407407407,0.0,0.0
55525337211443,0.0,0.19047619047619047,0.0,0.0
55525337211447,0.0,0.19047619047619047,0.0,0.0
55525337211448,0.0,0.11538461538461539,0.0,0.0
55525337211679,0.0,0.0425531914893617,0.0,0.0
55525337211680,0.0,0.35714285714285715,0.0,0.0
55525337211684,0.0,0.6,0.0,0.0
55525337211685,0.0,0.42857142857142855,0.0,0.0
55525337211712,0.0,0.38461538461538464,0.0,0.0
55525337211713,0.0,0.375,0.0,0.0
55525337211714,0.0,0.2727272727272727,0.0,0.0
55525337211718,0.0,0.7142857142857143,0.0,0.0
55525337211719,0.0,0.2727272727272727,0.0,0.0
55525337211720,0.0,0.2,0.0,0.0
55525337211734,0.0,0.625,0.0,0.0
55525337211735,0.0,0.08695652173913043,0.0,0.0
55525337211740,0.0,0.25,0.0,0.0
55525337211741,0.0,0.07692307692307693,0.0,0.0
55525337211754,0.0,0.1,0.0,0.0
55525337211755,0.0,0.10810810810810811,0.0,0.0
55525337211756,0.0,0.11764705882352941,0.0,0.0
55525337211760,0.0,0.16666666666666666,0.0,0.0
55525337211761,0.0,0.1,0.0,0.0
55525337211762,0.0,0.1111111111111111,0.0,0.0
55525337211776,0.0,0.23529411764705882,0.0,0.0
55525337211777,0.0,0.05128205128205128,0.0,0.0
55525337211782,0.0,0.29411764705882354,0.0,0.0
55525337211783,0.0,0.05405405405405406,0.0,0.0
55525337211801,0.0,0.07407407407407407,0.0,0.0
55525337211802,0.0,0.19047619047619047,0.0,0.0
55525337211806,0.0,0.19047619047619047,0.0,0.0
55525337211807,0.0,0.11538461538461539,0.0,0.0
55525337212100,0.0,0.15789473684210525,0.0,0.0
55525337212101,0.0,0.125,0.0,0.0
55525337212104,0.0,0.375,0.0,0.0
55525337212105,0.0,0.35714285714285715,0.0,0.0
55525337212111,0.0,0.26666666666666666,0.0,0.0
55525337212112,0.0,0.35714285714285715,0.0,0.0
55525337212113,0.0,0.3333333333333333,0.0,0.0
55525337212116,0.0,0.2,0.0,0.0
55525337212117,0.0,0.3333333333333333,0.0,0.0
55525337212118,0.0,0.2631578947368421,0.0,0.0
55525337212125,0.0,0.25,0.0,0.0
55525337212126,0.0,0.08695652173913043,0.0,0.0
55525337212130,0.0,0.1,0.0,0.0
55525337212131,0.0,0.07692307692307693,0.0,0.0
55525337212137,0.0,0.3333333333333333,0.0,0.0
55525337212138,0.0,0.10810810810810811,0.0,0.0
55525337212139,0.0,0.11764705882352941,0.0,0.0
55525337212142,0.0,0.15789473684210525,0.0,0.0
55525337212143,0.0,0.1,0.0,0.0
55525337212144,0.0,0.1111111111111111,0.0,0.0
55525337212151,0.0,0.42857142857142855,0.0,0.0
55525337212152,0.0,0.05128205128205128,0.0,0.0
55525337212156,0.0,0.18181818181818182,0.0,0.0
55525337212157,0.0,0.05405405405405406,0.0,0.0
55525337212165,0.0,0.07407407407407407,0.0,0.0
55525337212166,0.0,0.19047619047619047,0.0,0.0
55525337212170,0.0,0.19047619047619047,0.0,0.0
55525337212171,0.0,0.11538461538461539,0.0,0.0
55525337212394,0.0,0.0425531914893617,0.0,0.0
55525337212395,0.0,0.35714285714285715,0.0,0.0
55525337212399,0.0,0.6,0.0,0.0
55525337212400,0.0,0.42857142857142855,0.0,0.0
55525337212427,0.0,0.38461538461538464,0.0,0.0
55525337212428,0.0,0.375,0.0,0.0
55525337212429,0.0,0.2727272727272727,0.0,0.0
55525337212433,0.0,0.7142857142857143,0.0,0.0
55525337212434,0.0,0.2727272727272727,0.0,0.0
55525337212435,0.0,0.2,0.0,0.0
55525337212449,0.0,0.625,0.0,0.0
55525337212450,0.0,0.08695652173913043,0.0,0.0
55525337212455,0.0,0.25,0.0,0.0
55525337212456,0.0,0.07692307692307693,0.0,0.0
55525337212469,0.0,0.1,0.0,0.0
55525337212470,0.0,0.10810810810810811,0.0,0.0
55525337212471,0.0,0.11764705882352941,0.0,0.0
55525337212475,0.0,0.16666666666666666,0.0,0.0
55525337212476,0.0,0.1,0.0,0.0
55525337212477,0.0,0.1111111111111111,0.0,0.0
55525337212491,0.0,0.23529411764705882,0.0,0.0
55525337212492,0.0,0.05128205128205128,0.0,0.0
55525337212497,0.0,0.29411764705882354,0.0,0.0
55525337212498,0.0,0.05405405405405406,0.0,0.0
55525337212524,0.0,0.07407407407407407,0.0,0.0
55525337212525,0.0,0.19047619047619047,0.0,0.0
55525337212529,0.0,0.19047619047619047,0.0,0.0
55525337212530,0.0,0.11538461538461539,0.0,0.0
55525337212830,0.0,0.15789473684210525,0.0,0.0
55525337212831,0.0,0.125,0.0,0.0
55525337212834,0.0,0.375,0.0,0.0
55525337212835,0.0,0.35714285714285715,0.0,0.0
55525337212841,0.0,0.26666666666666666,0.0,0.0
55525337212842,0.0,0.35714285714285715,0.0,0.0
55525337212843,0.0,0.3333333333333333,0.0,0.0
55525337212846,0.0,0.2,0.0,0.0
55525337212847,0.0,0.3333333333333333,0.0,0.0
55525337212848,0.0,0.2631578947368421,0.0,0.0
55525337212855,0.0,0.25,0.0,0.0
55525337212856,0.0,0.08695652173913043,0.0,0.0
55525337212860,0.0,0.1,0.0,0.0
55525337212861,0.0,0.07692307692307693,0.0,0.0
55525337212867,0.0,0.3333333333333333,0.0,0.0
55525337212868,0.0,0.10810810810810811,0.0,0.0
55525337212869,0.0,0.11764705882352941,0.0,0.0
55525337212872,0.0,0.15789473684210525,0.0,0.0
55525337212873,0.0,0.1,0.0,0.0
55525337212874,0.0,0.1111111111111111,0.0,0.0
55525337212881,0.0,0.42857142857142855,0.0,0.0
55525337212882,0.0,0.05128205128205128,0.0,0.0
55525337212886,0.0,0.18181818181818182,0.0,0.0
55525337212887,0.0,0.05405405405405406,0.0,0.0
55525337212895,0.0,0.07407407407407407,0.0,0.0
55525337212896,0.0,0.19047619047619047,0.0,0.0
55525337212900,0.0,0.19047619047619047,0.0,0.0
55525337212901,0.0,0.11538461538461539,0.0,0.0
55800215113090,0.0,0.15789473684210525,0.0,0.0
55800215113091,0.0,0.125,0.0,0.0
55800215113098,0.0,0.375,0.0,0.0
55800215113099,0.0,0.35714285714285715,0.0,0.0
55800215113113,0.0,0.26666666666666666,0.0,0.0
55800215113114,0.0,0.35714285714285715,0.0,0.0
55800215113115,0.0,0.3333333333333333,0.0,0.0
55800215113118,0.0,0.2,0.0,0.0
55800215113119,0.0,0.3333333333333333,0.0,0.0
55800215113120,0.0,0.2631578947368421,0.0,0.0
55800215113135,0.0,0.25,0.0,0.0
55800215113136,0.0,0.08695652173913043,0.0,0.0
55800215113143,0.0,0.1,0.0,0.0
55800215113144,0.0,0.07692307692307693,0.0,0.0
55800215113150,0.0,0.3333333333333333,0.0,0.0
55800215113151,0.0,0.10810810810810811,0.0,0.0
55800215113152,0.0,0.11764705882352941,0.0,0.0
55800215113155,0.0,0.15789473684210525,0.0,0.0
55800215113156,0.0,0.1,0.0,0.0
55800215113157,0.0,0.1111111111111111,0.0,0.0
55800215113168,0.0,0.42857142857142855,0.0,0.0
55800215113169,0.0,0.05128205128205128,0.0,0.0
55800215113177,0.0,0.18181818181818182,0.0,0.0
55800215113178,0.0,0.05405405405405406,0.0,0.0
55800215115173,0.0,0.25,0.0,0.0
55800215115174,0.0,0.14285714285714285,0.0,0.0
55800215115181,0.0,0.26666666666666666,0.0,0.0
55800215115182,0.0,0.11538461538461539,0.0,0.0
55800215116569,0.0,0.15789473684210525,0.0,0.0
55800215116570,0.0,0.125,0.0,0.0
55800215116574,0.0,0.375,0.0,0.0
55800215116575,0.0,0.35714285714285715,0.0,0.0
55800215116604,0.0,0.26666666666666666,0.0,0.0
55800215116605,0.0,0.35714285714285715,0.0,0.0
55800215116606,0.0,0.3333333333333333,0.0,0.0
55800215116614,0.0,0.2,0.0,0.0
55800215116615,0.0,0.3333333333333333,0.0,0.0
55800215116616,0.0,0.2631578947368421,0.0,0.0
55800215116642,0.0,0.25,0.0,0.0
55800215116643,0.0,0.08695652173913043,0.0,0.0
55800215116648,0.0,0.1,0.0,0.0
55800215116649,0.0,0.07692307692307693,0.0,0.0
55800215116691,0.0,0.3333333333333333,0.0,0.0
55800215116692,0.0,0.10810810810810811,0.0,0.0
55800215116693,0.0,0.11764705882352941,0.0,0.0
55800215116701,0.0,0.15789473684210525,0.0,0.0
55800215116702,0.0,0.1,0.0,0.0
55800215116703,0.0,0.1111111111111111,0.0,0.0
55800215116746,0.0,0.42857142857142855,0.0,0.0
55800215116747,0.0,0.05128205128205128,0.0,0.0
55800215116760,0.0,0.18181818181818182,0.0,0.0
55800215116761,0.0,0.05405405405405406,0.0,0.0
55800215116875,0.0,0.07407407407407407,0.0,0.0
55800215116876,0.0,0.19047619047619047,0.0,0.0
55800215116885,0.0,0.19047619047619047,0.0,0.0
55800215116886,0.0,0.11538461538461539,0.0,0.0
55800215117516,0.0,0.047619047619047616,0.0,0.0
55800215117517,0.0,0.35714285714285715,0.0,0.0
55800215117529,0.0,0.6,0.0,0.0
55800215117530,0.0,0.42857142857142855,0.0,0.0
55800215117570,0.0,0.38461538461538464,0.0,0.0
55800215117571,0.0,0.375,0.0,0.0
55800215117572,0.0,0.2727272727272727,0.0,0.0
55800215117576,0.0,0.7142857142857143,0.0,0.0
55800215117577,0.0,0.2727272727272727,0.0,0.0
55800215117578,0.0,0.2,0.0,0.0
55800215117619,0.0,0.625,0.0,0.0
55800215117620,0.0,0.08695652173913043,0.0,0.0
55800215117625,0.0,0.25,0.0,0.0
55800215117626,0.0,0.07692307692307693,0.0,0.0
55800215117653,0.0,0.1,0.0,0.0
55800215117654,0.0,0.10810810810810811,0.0,0.0
55800215117655,0.0,0.11764705882352941,0.0,0.0
55800215117667,0.0,0.16666666666666666,0.0,0.0
55800215117668,0.0,0.1,0.0,0.0
55800215117669,0.0,0.1111111111111111,0.0,0.0
55800215117691,0.0,0.23529411764705882,0.0,0.0
55800215117692,0.0,0.05128205128205128,0.0,0.0
55800215117697,0.0,0.29411764705882354,0.0,0.0
55800215117698,0.0,0.05405405405405406,0.0,0.0
55800215117786,0.0,0.07407407407407407,0.0,0.0
55800215117787,0.0,0.19047619047619047,0.0,0.0
55800215117796,0.0,0.19047619047619047,0.0,0.0
55800215117797,0.0,0.11538461538461539,0.0,0.0
55800215118409,0.0,0.15789473684210525,0.0,0.0
55800215118410,0.0,0.125,0.0,0.0
55800215118414,0.0,0.375,0.0,0.0
55800215118415,0.0,0.35714285714285715,0.0,0.0
55800215118428,0.0,0.26666666666666666,0.0,0.0
55800215118429,0.0,0.35714285714285715,0.0,0.0
55800215118430,0.0,0.3333333333333333,0.0,0.0
55800215118434,0.0,0.2,0.0,0.0
55800215118435,0.0,0.3333333333333333,0.0,0.0
55800215118436,0.0,0.2631578947368421,0.0,0.0
55800215118450,0.0,0.25,0.0,0.0
55800215118451,0.0,0.08695652173913043,0.0,0.0
55800215118456,0.0,0.1,0.0,0.0
55800215118457,0.0,0.07692307692307693,0.0,0.0
55800215118470,0.0,0.3333333333333333,0.0,0.0
55800215118471,0.0,0.10810810810810811,0.0,0.0
55800215118472,0.0,0.11764705882352941,0.0,0.0
55800215118476,0.0,0.15789473684210525,0.0,0.0
55800215118477,0.0,0.1,0.0,0.0
55800215118478,0.0,0.1111111111111111,0.0,0.0
55800215118492,0.0,0.42857142857142855,0.0,0.0
55800215118493,0.0,0.05128205128205128,0.0,0.0
55800215118498,0.0,0.18181818181818182,0.0,0.0
55800215118499,0.0,0.05405405405405406,0.0,0.0
55800215118530,0.0,0.07407407407407407,0.0,0.0
55800215118531,0.0,0.19047619047619047,0.0,0.0
55800215118536,0.0,0.19047619047619047,0.0,0.0
55800215118537,0.0,0.11538461538461539,0.0,0.0
55800215118768,0.0,0.05,0.0,0.0
55800215118769,0.0,0.35714285714285715,0.0,0.0
55800215118773,0.0,0.6,0.0,0.0
55800215118774,0.0,0.42857142857142855,0.0,0.0
55800215118787,0.0,0.38461538461538464,0.0,0.0
55800215118788,0.0,0.375,0.0,0.0
55800215118789,0.0,0.2727272727272727,0.0,0.0
55800215118793,0.0,0.7142857142857143,0.0,0.0
55800215118794,0.0,0.2727272727272727,0.0,0.0
55800215118795,0.0,0.2,0.0,0.0
55800215118809,0.0,0.625,0.0,0.0
55800215118810,0.0,0.08695652173913043,0.0,0.0
55800215118815,0.0,0.25,0.0,0.0
55800215118816,0.0,0.07692307692307693,0.0,0.0
55800215118829,0.0,0.1,0.0,0.0
55800215118830,0.0,0.10810810810810811,0.0,0.0
55800215118831,0.0,0.11764705882352941,0.0,0.0
55800215118835,0.0,0.16666666666666666,0.0,0.0
55800215118836,0.0,0.1,0.0,0.0
55800215118837,0.0,0.1111111111111111,0.0,0.0
55800215118851,0.0,0.23529411764705882,0.0,0.0
55800215118852,0.0,0.05128205128205128,0.0,0.0
55800215118857,0.0,0.29411764705882354,0.0,0.0
55800215118858,0.0,0.05405405405405406,0.0,0.0
55800215118889,0.0,0.07407407407407407,0.0,0.0
55800215118890,0.0,0.19047619047619047,0.0,0.0
55800215118895,0.0,0.19047619047619047,0.0,0.0
55800215118896,0.0,0.11538461538461539,0.0,0.0
55800215119140,0.0,0.15789473684210525,0.0,0.0
55800215119141,0.0,0.125,0.0,0.0
55800215119145,0.0,0.375,0.0,0.0
55800215119146,0.0,0.35714285714285715,0.0,0.0
55800215119159,0.0,0.26666666666666666,0.0,0.0
55800215119160,0.0,0.35714285714285715,0.0,0.0
55800215119161,0.0,0.3333333333333333,0.0,0.0
55800215119165,0.0,0.2,0.0,0.0
55800215119166,0.0,0.3333333333333333,0.0,0.0
55800215119167,0.0,0.2631578947368421,0.0,0.0
55800215119181,0.0,0.25,0.0,0.0
55800215119182,0.0,0.08695652173913043,0.0,0.0
55800215119187,0.0,0.1,0.0,0.0
55800215119188,0.0,0.07692307692307693,0.0,0.0
55800215119201,0.0,0.3333333333333333,0.0,0.0
55800215119202,0.0,0.10810810810810811,0.0,0.0
55800215119203,0.0,0.11764705882352941,0.0,0.0
55800215119207,0.0,0.15789473684210525,0.0,0.0
55800215119208,0.0,0.1,0.0,0.0
55800215119209,0.0,0.1111111111111111,0.0,0.0
55800215119223,0.0,0.42857142857142855,0.0,0.0
55800215119224,0.0,0.05128205128205128,0.0,0.0
55800215119229,0.0,0.18181818181818182,0.0,0.0
55800215119230,0.0,0.05405405405405406,0.0,0.0
55800215119261,0.0,0.07407407407407407,0.0,0.0
55800215119262,0.0,0.19047619047619047,0.0,0.0
55800215119267,0.0,0.19047619047619047,0.0,0.0
55800215119268,0.0,0.11538461538461539,0.0,0.0
55800215119492,0.0,0.0425531914893617,0.0,0.0
55800215119493,0.0,0.35714285714285715,0.0,0.0
55800215119497,0.0,0.6,0.0,0.0
55800215119498,0.0,0.42857142857142855,0.0,0.0
55800215119525,0.0,0.38461538461538464,0.0,0.0
55800215119526,0.0,0.375,0.0,0.0
55800215119527,0.0,0.2727272727272727,0.0,0.0
55800215119531,0.0,0.7142857142857143,0.0,0.0
55800215119532,0.0,0.2727272727272727,0.0,0.0
55800215119533,0.0,0.2,0.0,0.0
55800215119547,0.0,0.625,0.0,0.0
55800215119548,0.0,0.08695652173913043,0.0,0.0
55800215119553,0.0,0.25,0.0,0.0
55800215119554,0.0,0.07692307692307693,0.0,0.0
55800215119567,0.0,0.1,0.0,0.0
55800215119568,0.0,0.10810810810810811,0.0,0.0
55800215119569,0.0,0.11764705882352941,0.0,0.0
55800215119573,0.0,0.16666666666666666,0.0,0.0
55800215119574,0.0,0.1,0.0,0.0
55800215119575,0.0,0.1111111111111111,0.0,0.0
55800215119589,0.0,0.23529411764705882,0.0,0.0
55800215119590,0.0,0.05128205128205128,0.0,0.0
55800215119595,0.0,0.29411764705882354,0.0,0.0
55800215119596,0.0,0.05405405405405406,0.0,0.0
55800215119627,0.0,0.07407407407407407,0.0,0.0
55800215119628,0.0,0.19047619047619047,0.0,0.0
55800215119633,0.0,0.19047619047619047,0.0,0.0
55800215119634,0.0,0.11538461538461539,0.0,0.0
55800215119862,0.0,0.15789473684210525,0.0,0.0
55800215119863,0.0,0.125,0.0,0.0
55800215119867,0.0,0.375,0.0,0.0
55800215119868,0.0,0.35714285714285715,0.0,0.0
55800215119881,0.0,0.26666666666666666,0.0,0.0
55800215119882,0.0,0.35714285714285715,0.0,0.0
55800215119883,0.0,0.3333333333333333,0.0,0.0
55800215119887,0.0,0.2,0.0,0.0
55800215119888,0.0,0.3333333333333333,0.0,0.0
55800215119889,0.0,0.2631578947368421,0.0,0.0
55800215119903,0.0,0.25,0.0,0.0
55800215119904,0.0,0.08695652173913043,0.0,0.0
55800215119909,0.0,0.1,0.0,0.0
55800215119910,0.0,0.07692307692307693,0.0,0.0
55800215119923,0.0,0.3333333333333333,0.0,0.0
55800215119924,0.0,0.10810810810810811,0.0,0.0
55800215119925,0.0,0.11764705882352941,0.0,0.0
55800215119929,0.0,0.15789473684210525,0.0,0.0
55800215119930,0.0,0.1,0.0,0.0
55800215119931,0.0,0.1111111111111111,0.0,0.0
55800215119945,0.0,0.42857142857142855,0.0,0.0
55800215119946,0.0,0.05128205128205128,0.0,0.0
55800215119951,0.0,0.18181818181818182,0.0,0.0
55800215119952,0.0,0.05405405405405406,0.0,0.0
55800215119983,0.0,0.07407407407407407,0.0,0.0
55800215119984,0.0,0.19047619047619047,0.0,0.0
55800215119989,0.0,0.19047619047619047,0.0,0.0
55800215119990,0.0,0.11538461538461539,0.0,0.0
57724360461793,0.15789473684210525,0.0,0.0,0.0
57724360461803,0.15789473684210525,0.0,0.0,0.0
57724360461815,0.13333333333333333,0.0,0.0,0.0
57724360461833,0.14285714285714285,0.0,0.0,0.0
57724360461850,0.25,0.0,0.0,0.0
57724360461869,0.14285714285714285,0.0,0.0,0.0
57724360461886,0.1875,0.0,0.0,0.0
57724360461898,0.13333333333333333,0.0,0.0,0.0
57724360461912,0.2857142857142857,0.0,0.0,0.0
57724360461924,0.13333333333333333,0.0,0.0,0.0
57724360463635,0.25,0.0,0.0,0.0
57724360463683,0.05,0.0,0.0,0.0
57724360464817,0.15789473684210525,0.0,0.0,0.0
57724360464827,0.15789473684210525,0.0,0.0,0.0
57724360464828,0.13333333333333333,0.0,0.0,0.0
57724360464867,0.14285714285714285,0.0,0.0,0.0
57724360464883,0.25,0.0,0.0,0.0
57724360464901,0.14285714285714285,0.0,0.0,0.0
57724360464919,0.1875,0.0,0.0,0.0
57724360464948,0.13333333333333333,0.0,0.0,0.0
57724360464970,0.2857142857142857,0.0,0.0,0.0
57724360465026,0.13333333333333333,0.0,0.0,0.0
57724360465106,0.037037037037037035,0.0,0.0,0.0
57724360465617,0.021739130434782608,0.0,0.0,0.0
57724360465714,0.15,0.0,0.0,0.0
57724360465756,0.15,0.0,0.0,0.0
57724360465777,0.15,0.0,0.0,0.0
57724360465838,0.15384615384615385,0.0,0.0,0.0
57724360465846,0.07142857142857142,0.0,0.0,0.0
57724360465871,0.125,0.0,0.0,0.0
57724360465882,0.17647058823529413,0.0,0.0,0.0
57724360465917,0.14285714285714285,0.0,0.0,0.0
57724360465930,0.06976744186046512,0.0,0.0,0.0
57724360465946,0.13333333333333333,0.0,0.0,0.0
57724360466012,0.03571428571428571,0.0,0.0,0.0
57724360466606,0.021739130434782608,0.0,0.0,0.0
57724360466926,0.15789473684210525,0.0,0.0,0.0
57724360466936,0.15789473684210525,0.0,0.0,0.0
57724360466937,0.13333333333333333,0.0,0.0,0.0
57724360466949,0.14285714285714285,0.0,0.0,0.0
57724360466950,0.25,0.0,0.0,0.0
57724360466962,0.14285714285714285,0.0,0.0,0.0
57724360466963,0.1875,0.0,0.0,0.0
57724360466975,0.13333333333333333,0.0,0.0,0.0
57724360466976,0.2857142857142857,0.0,0.0,0.0
57724360466988,0.13333333333333333,0.0,0.0,0.0
57724360466990,0.037037037037037035,0.0,0.0,0.0
57724360467203,0.021739130434782608,0.0,0.0,0.0
57724360467226,0.15,0.0,0.0,0.0
57724360467240,0.15,0.0,0.0,0.0
57724360467245,0.15,0.0,0.0,0.0
57724360467275,0.15384615384615385,0.0,0.0,0.0
57724360467280,0.07142857142857142,0.0,0.0,0.0
57724360467296,0.125,0.0,0.0,0.0
57724360467301,0.17647058823529413,0.0,0.0,0.0
57724360467317,0.14285714285714285,0.0,0.0,0.0
57724360467322,0.06976744186046512,0.0,0.0,0.0
57724360467338,0.13333333333333333,0.0,0.0,0.0
57724360467349,0.03571428571428571,0.0,0.0,0.0
57724360467574,0.021739130434782608,0.0,0.0,0.0
57724360467649,0.15789473684210525,0.0,0.0,0.0
57724360467659,0.15789473684210525,0.0,0.0,0.0
57724360467660,0.13333333333333333,0.0,0.0,0.0
57724360467672,0.14285714285714285,0.0,0.0,0.0
57724360467673,0.25,0.0,0.0,0.0
57724360467685,0.14285714285714285,0.0,0.0,0.0
57724360467686,0.1875,0.0,0.0,0.0
57724360467698,0.13333333333333333,0.0,0.0,0.0
57724360467699,0.2857142857142857,0.0,0.0,0.0
57724360467711,0.13333333333333333,0.0,0.0,0.0
57724360467713,0.037037037037037035,0.0,0.0,0.0
57724360467918,0.021739130434782608,0.0,0.0,0.0
57724360467941,0.15,0.0,0.0,0.0
57724360467955,0.15,0.0,0.0,0.0
57724360467960,0.15,0.0,0.0,0.0
57724360467990,0.15384615384615385,0.0,0.0,0.0
57724360467995,0.07142857142857142,0.0,0.0,0.0
57724360468011,0.125,0.0,0.0,0.0
57724360468016,0.17647058823529413,0.0,0.0,0.0
57724360468032,0.14285714285714285,0.0,0.0,0.0
57724360468037,0.06976744186046512,0.0,0.0,0.0
57724360468053,0.13333333333333333,0.0,0.0,0.0
57724360468072,0.03571428571428571,0.0,0.0,0.0
57724360468296,0.021739130434782608,0.0,0.0,0.0
57724360468379,0.15789473684210525,0.0,0.0,0.0
57724360468389,0.15789473684210525,0.0,0.0,0.0
57724360468390,0.13333333333333333,0.0,0.0,0.0
57724360468402,0.14285714285714285,0.0,0.0,0.0
57724360468403,0.25,0.0,0.0,0.0
57724360468415,0.14285714285714285,0.0,0.0,0.0
57724360468416,0.1875,0.0,0.0,0.0
57724360468428,0.13333333333333333,0.0,0.0,0.0
57724360468429,0.2857142857142857,0.0,0.0,0.0
57724360468441,0.13333333333333333,0.0,0.0,0.0
57724360468443,0.037037037037037035,0.0,0.0,0.0
57724360468656,0.021739130434782608,0.0,0.0,0.0
57999238368639,0.15789473684210525,0.0,0.0,0.0
57999238368657,0.15789473684210525,0.0,0.0,0.0
57999238368662,0.13333333333333333,0.0,0.0,0.0
57999238368674,0.14285714285714285,0.0,0.0,0.0
57999238368675,0.25,0.0,0.0,0.0
57999238368698,0.14285714285714285,0.0,0.0,0.0
57999238368699,0.1875,0.0,0.0,0.0
57999238368711,0.13333333333333333,0.0,0.0,0.0
57999238368712,0.2857142857142857,0.0,0.0,0.0
57999238368735,0.13333333333333333,0.0,0.0,0.0
57999238370711,0.25,0.0,0.0,0.0
57999238370761,0.05,0.0,0.0,0.0
57999238372116,0.15789473684210525,0.0,0.0,0.0
57999238372130,0.15789473684210525,0.0,0.0,0.0
57999238372143,0.13333333333333333,0.0,0.0,0.0
57999238372171,0.14285714285714285,0.0,0.0,0.0
57999238372188,0.25,0.0,0.0,0.0
57999238372204,0.14285714285714285,0.0,0.0,0.0
57999238372222,0.1875,0.0,0.0,0.0
57999238372262,0.13333333333333333,0.0,0.0,0.0
57999238372283,0.2857142857142857,0.0,0.0,0.0
57999238372324,0.13333333333333333,0.0,0.0,0.0
57999238372413,0.037037037037037035,0.0,0.0,0.0
57999238372933,0.021739130434782608,0.0,0.0,0.0
57999238373055,0.12,0.0,0.0,0.0
57999238373093,0.12,0.0,0.0,0.0
57999238373113,0.12,0.0,0.0,0.0
57999238373137,0.19047619047619047,0.0,0.0,0.0
57999238373158,0.07142857142857142,0.0,0.0,0.0
57999238373181,0.125,0.0,0.0,0.0
57999238373189,0.17647058823529413,0.0,0.0,0.0
57999238373228,0.14285714285714285,0.0,0.0,0.0
57999238373237,0.06976744186046512,0.0,0.0,0.0
57999238373253,0.13333333333333333,0.0,0.0,0.0
57999238373324,0.03571428571428571,0.0,0.0,0.0
57999238373799,0.021739130434782608,0.0,0.0,0.0
57999238373956,0.15789473684210525,0.0,0.0,0.0
57999238373970,0.15789473684210525,0.0,0.0,0.0
57999238373975,0.13333333333333333,0.0,0.0,0.0
57999238373991,0.14285714285714285,0.0,0.0,0.0
57999238373996,0.25,0.0,0.0,0.0
57999238374012,0.14285714285714285,0.0,0.0,0.0
57999238374017,0.1875,0.0,0.0,0.0
57999238374033,0.13333333333333333,0.0,0.0,0.0
57999238374038,0.2857142857142857,0.0,0.0,0.0
57999238374054,0.13333333333333333,0.0,0.0,0.0
57999238374076,0.037037037037037035,0.0,0.0,0.0
57999238374291,0.021739130434782608,0.0,0.0,0.0
57999238374315,0.1111111111111111,0.0,0.0,0.0
57999238374329,0.1111111111111111,0.0,0.0,0.0
57999238374334,0.1111111111111111,0.0,0.0,0.0
57999238374350,0.21052631578947367,0.0,0.0,0.0
57999238374355,0.07142857142857142,0.0,0.0,0.0
57999238374371,0.125,0.0,0.0,0.0
57999238374376,0.17647058823529413,0.0,0.0,0.0
57999238374392,0.14285714285714285,0.0,0.0,0.0
57999238374397,0.06976744186046512,0.0,0.0,0.0
57999238374413,0.13333333333333333,0.0,0.0,0.0
57999238374435,0.03571428571428571,0.0,0.0,0.0
57999238374591,0.021739130434782608,0.0,0.0,0.0
57999238374687,0.15789473684210525,0.0,0.0,0.0
57999238374701,0.15789473684210525,0.0,0.0,0.0
57999238374706,0.13333333333333333,0.0,0.0,0.0
57999238374722,0.14285714285714285,0.0,0.0,0.0
57999238374727,0.25,0.0,0.0,0.0
57999238374743,0.14285714285714285,0.0,0.0,0.0
57999238374748,0.1875,0.0,0.0,0.0
57999238374764,0.13333333333333333,0.0,0.0,0.0
57999238374769,0.2857142857142857,0.0,0.0,0.0
57999238374785,0.13333333333333333,0.0,0.0,0.0
57999238374807,0.037037037037037035,0.0,0.0,0.0
57999238375014,0.021739130434782608,0.0,0.0,0.0
57999238375039,0.15,0.0,0.0,0.0
57999238375053,0.15,0.0,0.0,0.0
57999238375058,0.15,0.0,0.0,0.0
57999238375088,0.15384615384615385,0.0,0.0,0.0
57999238375093,0.07142857142857142,0.0,0.0,0.0
57999238375109,0.125,0.0,0.0,0.0
57999238375114,0.17647058823529413,0.0,0.0,0.0
57999238375130,0.14285714285714285,0.0,0.0,0.0
57999238375135,0.06976744186046512,0.0,0.0,0.0
57999238375151,0.13333333333333333,0.0,0.0,0.0
57999238375173,0.03571428571428571,0.0,0.0,0.0
57999238375321,0.021739130434782608,0.0,0.0,0.0
57999238375409,0.15789473684210525,0.0,0.0,0.0
57999238375423,0.15789473684210525,0.0,0.0,0.0
57999238375428,0.13333333333333333,0.0,0.0,0.0
57999238375444,0.14285714285714285,0.0,0.0,0.0
57999238375449,0.25,0.0,0.0,0.0
57999238375465,0.14285714285714285,0.0,0.0,0.0
57999238375470,0.1875,0.0,0.0,0.0
57999238375486,0.13333333333333333,0.0,0.0,0.0
57999238375491,0.2857142857142857,0.0,0.0,0.0
57999238375507,0.13333333333333333,0.0,0.0,0.0
57999238375529,0.037037037037037035,0.0,0.0,0.0
57999238375673,0.021739130434782608,0.0,0.0,0.0
58823872089574,0.0,0.0,0.2,0.0
58823872089578,0.0,0.0,0.17647058823529413,0.0
58823872089591,0.0,0.0,0.2727272727272727,0.0
58823872089597,0.0,0.0,0.14285714285714285,0.0
58823872089604,0.0,0.0,0.18518518518518517,0.0
58823872089626,0.0,0.0,0.21428571428571427,0.0
58823872089639,0.0,0.0,0.18181818181818182,0.0
58823872089644,0.0,0.0,0.08955223880597014,0.0
58823872089662,0.0,0.0,0.125,0.0
58823872089668,0.0,0.0,0.1,0.0
58823872089673,0.0,0.0,0.125,0.0
58823872089688,0.0,0.0,0.21428571428571427,0.0
58823872089694,0.0,0.0,0.16216216216216217,0.0
58823872089699,0.0,0.0,0.16216216216216217,0.0
58823872089700,0.0,0.0,0.16216216216216217,0.0
58823872091425,0.0,0.0,0.15384615384615385,0.0
58823872091434,0.0,0.0,0.15384615384615385,0.0
58823872091459,0.0,0.0,0.15384615384615385,0.0
58823872092598,0.0,0.0,0.2,0.0
58823872092602,0.0,0.0,0.17647058823529413,0.0
58823872092604,0.0,0.0,0.2727272727272727,0.0
58823872092617,0.0,0.0,0.16666666666666666,0.0
58823872092634,0.0,0.0,0.14814814814814814,0.0
58823872092659,0.0,0.0,0.18518518518518517,0.0
58823872092671,0.0,0.0,0.18181818181818182,0.0
58823872092676,0.0,0.0,0.08955223880597014,0.0
58823872092695,0.0,0.0,0.125,0.0
58823872092710,0.0,0.0,0.1,0.0
58823872092719,0.0,0.0,0.125,0.0
58823872092746,0.0,0.0,0.21428571428571427,0.0
58823872092776,0.0,0.0,0.16216216216216217,0.0
58823872092793,0.0,0.0,0.16216216216216217,0.0
58823872092802,0.0,0.0,0.16216216216216217,0.0
58823872092888,0.0,0.0,0.2222222222222222,0.0
58823872092893,0.0,0.0,0.14285714285714285,0.0
58823872093393,0.0,0.0,0.15,0.0
58823872093513,0.0,0.0,0.2,0.0
58823872093526,0.0,0.0,0.21428571428571427,0.0
58823872093553,0.0,0.0,0.3333333333333333,0.0
58823872093598,0.0,0.0,0.2,0.0
58823872093608,0.0,0.0,0.12903225806451613,0.0
58823872093622,0.0,0.0,0.18518518518518517,0.0
58823872093631,0.0,0.0,0.18181818181818182,0.0
58823872093641,0.0,0.0,0.08955223880597014,0.0
58823872093658,0.0,0.0,0.125,0.0
58823872093674,0.0,0.0,0.1,0.0
58823872093687,0.0,0.0,0.125,0.0
58823872093706,0.0,0.0,0.21428571428571427,0.0
58823872093714,0.0,0.0,0.16216216216216217,0.0
58823872093720,0.0,0.0,0.16216216216216217,0.0
58823872093722,0.0,0.0,0.16216216216216217,0.0
58823872093806,0.0,0.0,0.19230769230769232,0.0
58823872093815,0.0,0.0,0.19230769230769232,0.0
58823872094382,0.0,0.0,0.19230769230769232,0.0
58823872094707,0.0,0.0,0.2,0.0
58823872094711,0.0,0.0,0.17647058823529413,0.0
58823872094713,0.0,0.0,0.2727272727272727,0.0
58823872094719,0.0,0.0,0.16666666666666666,0.0
58823872094724,0.0,0.0,0.14814814814814814,0.0
58823872094726,0.0,0.0,0.18518518518518517,0.0
58823872094732,0.0,0.0,0.18181818181818182,0.0
58823872094737,0.0,0.0,0.08955223880597014,0.0
58823872094739,0.0,0.0,0.125,0.0
58823872094745,0.0,0.0,0.1,0.0
58823872094750,0.0,0.0,0.125,0.0
58823872094752,0.0,0.0,0.21428571428571427,0.0
58823872094758,0.0,0.0,0.16216216216216217,0.0
58823872094763,0.0,0.0,0.16216216216216217,0.0
58823872094764,0.0,0.0,0.16216216216216217,0.0
58823872094772,0.0,0.0,0.2222222222222222,0.0
58823872094777,0.0,0.0,0.14285714285714285,0.0
58823872094979,0.0,0.0,0.15,0.0
58823872095009,0.0,0.0,0.2,0.0
58823872095014,0.0,0.0,0.21428571428571427,0.0
58823872095021,0.0,0.0,0.3333333333333333,0.0
58823872095043,0.0,0.0,0.2,0.0
58823872095049,0.0,0.0,0.12903225806451613,0.0
58823872095056,0.0,0.0,0.18518518518518517,0.0
58823872095064,0.0,0.0,0.18181818181818182,0.0
58823872095070,0.0,0.0,0.08955223880597014,0.0
58823872095077,0.0,0.0,0.125,0.0
58823872095085,0.0,0.0,0.1,0.0
58823872095091,0.0,0.0,0.125,0.0
58823872095098,0.0,0.0,0.21428571428571427,0.0
58823872095106,0.0,0.0,0.16216216216216217,0.0
58823872095112,0.0,0.0,0.16216216216216217,0.0
58823872095114,0.0,0.0,0.16216216216216217,0.0
58823872095131,0.0,0.0,0.19230769230769232,0.0
58823872095136,0.0,0.0,0.19230769230769232,0.0
58823872095350,0.0,0.0,0.19230769230769232,0.0
58823872095430,0.0,0.0,0.2,0.0
58823872095434,0.0,0.0,0.17647058823529413,0.0
58823872095436,0.0,0.0,0.2727272727272727,0.0
58823872095442,0.0,0.0,0.16666666666666666,0.0
58823872095447,0.0,0.0,0.14814814814814814,0.0
58823872095449,0.0,0.0,0.18518518518518517,0.0
58823872095455,0.0,0.0,0.18181818181818182,0.0
58823872095460,0.0,0.0,0.08955223880597014,0.0
58823872095462,0.0,0.0,0.125,0.0
58823872095468,0.0,0.0,0.1,0.0
58823872095473,0.0,0.0,0.125,0.0
58823872095475,0.0,0.0,0.21428571428571427,0.0
58823872095481,0.0,0.0,0.16216216216216217,0.0
58823872095486,0.0,0.0,0.16216216216216217,0.0
58823872095487,0.0,0.0,0.16216216216216217,0.0
58823872095495,0.0,0.0,0.2222222222222222,0.0
58823872095500,0.0,0.0,0.14285714285714285,0.0
58823872095694,0.0,0.0,0.15,0.0
58823872095724,0.0,0.0,0.2,0.0
58823872095729,0.0,0.0,0.21428571428571427,0.0
58823872095736,0.0,0.0,0.3333333333333333,0.0
58823872095758,0.0,0.0,0.2,0.0
58823872095764,0.0,0.0,0.12903225806451613,0.0
58823872095771,0.0,0.0,0.18518518518518517,0.0
58823872095779,0.0,0.0,0.18181818181818182,0.0
58823872095785,0.0,0.0,0.08955223880597014,0.0
58823872095792,0.0,0.0,0.125,0.0
58823872095800,0.0,0.0,0.1,0.0
58823872095806,0.0,0.0,0.125,0.0
58823872095813,0.0,0.0,0.21428571428571427,0.0
58823872095821,0.0,0.0,0.16216216216216217,0.0
58823872095827,0.0,0.0,0.16216216216216217,0.0
58823872095829,0.0,0.0,0.16216216216216217,0.0
58823872095854,0.0,0.0,0.19230769230769232,0.0
58823872095859,0.0,0.0,0.19230769230769232,0.0
58823872096072,0.0,0.0,0.19230769230769232,0.0
58823872096160,0.0,0.0,0.2,0.0
58823872096164,0.0,0.0,0.17647058823529413,0.0
58823872096166,0.0,0.0,0.2727272727272727,0.0
58823872096172,0.0,0.0,0.16666666666666666,0.0
58823872096177,0.0,0.0,0.14814814814814814,0.0
58823872096179,0.0,0.0,0.18518518518518517,0.0
58823872096185,0.0,0.0,0.18181818181818182,0.0
58823872096190,0.0,0.0,0.08955223880597014,0.0
58823872096192,0.0,0.0,0.125,0.0
58823872096198,0.0,0.0,0.1,0.0
58823872096203,0.0,0.0,0.125,0.0
58823872096205,0.0,0.0,0.21428571428571427,0.0
58823872096211,0.0,0.0,0.16216216216216217,0.0
58823872096216,0.0,0.0,0.16216216216216217,0.0
58823872096217,0.0,0.0,0.16216216216216217,0.0
58823872096225,0.0,0.0,0.19230769230769232,0.0
58823872096230,0.0,0.0,0.19230769230769232,0.0
58823872096432,0.0,0.0,0.19230769230769232,0.0
59098749996420,0.0,0.0,0.2,0.0
59098749996428,0.0,0.0,0.17647058823529413,0.0
59098749996438,0.0,0.0,0.2727272727272727,0.0
59098749996444,0.0,0.0,0.14285714285714285,0.0
59098749996449,0.0,0.0,0.18518518518518517,0.0
59098749996451,0.0,0.0,0.21428571428571427,0.0
59098749996465,0.0,0.0,0.18181818181818182,0.0
59098749996473,0.0,0.0,0.08955223880597014,0.0
59098749996475,0.0,0.0,0.125,0.0
59098749996481,0.0,0.0,0.1,0.0
59098749996486,0.0,0.0,0.125,0.0
59098749996488,0.0,0.0,0.21428571428571427,0.0
59098749996498,0.0,0.0,0.16216216216216217,0.0
59098749996507,0.0,0.0,0.16216216216216217,0.0
59098749996511,0.0,0.0,0.16216216216216217,0.0
59098749998503,0.0,0.0,0.15384615384615385,0.0
59098749998511,0.0,0.0,0.15384615384615385,0.0
59098749998537,0.0,0.0,0.15384615384615385,0.0
59098749999899,0.0,0.0,0.2,0.0
59098749999904,0.0,0.0,0.17647058823529413,0.0
59098749999919,0.0,0.0,0.2727272727272727,0.0
59098749999935,0.0,0.0,0.16666666666666666,0.0
59098749999945,0.0,0.0,0.14814814814814814,0.0
59098749999964,0.0,0.0,0.18518518518518517,0.0
59098749999972,0.0,0.0,0.18181818181818182,0.0
59098749999978,0.0,0.0,0.08955223880597014,0.0
59098749999998,0.0,0.0,0.125,0.0
59098750000022,0.0,0.0,0.1,0.0
59098750000032,0.0,0.0,0.125,0.0
59098750000059,0.0,0.0,0.21428571428571427,0.0
59098750000076,0.0,0.0,0.16216216216216217,0.0
59098750000090,0.0,0.0,0.16216216216216217,0.0
59098750000100,0.0,0.0,0.16216216216216217,0.0
59098750000205,0.0,0.0,0.17391304347826086,0.0
59098750000215,0.0,0.0,0.11538461538461539,0.0
59098750000709,0.0,0.0,0.12,0.0
59098750000846,0.0,0.0,0.2,0.0
59098750000859,0.0,0.0,0.21428571428571427,0.0
59098750000889,0.0,0.0,0.3333333333333333,0.0
59098750000901,0.0,0.0,0.2,0.0
59098750000907,0.0,0.0,0.12903225806451613,0.0
59098750000934,0.0,0.0,0.18518518518518517,0.0
59098750000949,0.0,0.0,0.18181818181818182,0.0
59098750000955,0.0,0.0,0.08955223880597014,0.0
59098750000965,0.0,0.0,0.125,0.0
59098750000984,0.0,0.0,0.1,0.0
59098750000998,0.0,0.0,0.125,0.0
59098750001013,0.0,0.0,0.21428571428571427,0.0
59098750001021,0.0,0.0,0.16216216216216217,0.0
59098750001027,0.0,0.0,0.16216216216216217,0.0
59098750001029,0.0,0.0,0.16216216216216217,0.0
59098750001116,0.0,0.0,0.19230769230769232,0.0
59098750001126,0.0,0.0,0.19230769230769232,0.0
59098750001575,0.0,0.0,0.19230769230769232,0.0
59098750001739,0.0,0.0,0.2,0.0
59098750001744,0.0,0.0,0.17647058823529413,0.0
59098750001751,0.0,0.0,0.2727272727272727,0.0
59098750001759,0.0,0.0,0.16666666666666666,0.0
59098750001765,0.0,0.0,0.14814814814814814,0.0
59098750001772,0.0,0.0,0.18518518518518517,0.0
59098750001780,0.0,0.0,0.18181818181818182,0.0
59098750001786,0.0,0.0,0.08955223880597014,0.0
59098750001793,0.0,0.0,0.125,0.0
59098750001801,0.0,0.0,0.1,0.0
59098750001807,0.0,0.0,0.125,0.0
59098750001814,0.0,0.0,0.21428571428571427,0.0
59098750001822,0.0,0.0,0.16216216216216217,0.0
59098750001828,0.0,0.0,0.16216216216216217,0.0
59098750001830,0.0,0.0,0.16216216216216217,0.0
59098750001860,0.0,0.0,0.16,0.0
59098750001866,0.0,0.0,0.10714285714285714,0.0
59098750002067,0.0,0.0,0.1111111111111111,0.0
59098750002098,0.0,0.0,0.2,0.0
59098750002103,0.0,0.0,0.21428571428571427,0.0
59098750002110,0.0,0.0,0.3333333333333333,0.0
59098750002118,0.0,0.0,0.2,0.0
59098750002124,0.0,0.0,0.12903225806451613,0.0
59098750002131,0.0,0.0,0.18518518518518517,0.0
59098750002139,0.0,0.0,0.18181818181818182,0.0
59098750002145,0.0,0.0,0.08955223880597014,0.0
59098750002152,0.0,0.0,0.125,0.0
59098750002160,0.0,0.0,0.1,0.0
59098750002166,0.0,0.0,0.125,0.0
59098750002173,0.0,0.0,0.21428571428571427,0.0
59098750002181,0.0,0.0,0.16216216216216217,0.0
59098750002187,0.0,0.0,0.16216216216216217,0.0
59098750002189,0.0,0.0,0.16216216216216217,0.0
59098750002219,0.0,0.0,0.19230769230769232,0.0
59098750002225,0.0,0.0,0.19230769230769232,0.0
59098750002367,0.0,0.0,0.19230769230769232,0.0
59098750002470,0.0,0.0,0.2,0.0
59098750002475,0.0,0.0,0.17647058823529413,0.0
59098750002482,0.0,0.0,0.2727272727272727,0.0
59098750002490,0.0,0.0,0.16666666666666666,0.0
59098750002496,0.0,0.0,0.14814814814814814,0.0
59098750002503,0.0,0.0,0.18518518518518517,0.0
59098750002511,0.0,0.0,0.18181818181818182,0.0
59098750002517,0.0,0.0,0.08955223880597014,0.0
59098750002524,0.0,0.0,0.125,0.0
59098750002532,0.0,0.0,0.1,0.0
59098750002538,0.0,0.0,0.125,0.0
59098750002545,0.0,0.0,0.21428571428571427,0.0
59098750002553,0.0,0.0,0.16216216216216217,0.0
59098750002559,0.0,0.0,0.16216216216216217,0.0
59098750002561,0.0,0.0,0.16216216216216217,0.0
59098750002591,0.0,0.0,0.2222222222222222,0.0
59098750002597,0.0,0.0,0.14285714285714285,0.0
59098750002790,0.0,0.0,0.15,0.0
59098750002822,0.0,0.0,0.2,0.0
59098750002827,0.0,0.0,0.21428571428571427,0.0
59098750002834,0.0,0.0,0.3333333333333333,0.0
59098750002856,0.0,0.0,0.2,0.0
59098750002862,0.0,0.0,0.12903225806451613,0.0
59098750002869,0.0,0.0,0.18518518518518517,0.0
59098750002877,0.0,0.0,0.18181818181818182,0.0
59098750002883,0.0,0.0,0.08955223880597014,0.0
59098750002890,0.0,0.0,0.125,0.0
59098750002898,0.0,0.0,0.1,0.0
59098750002904,0.0,0.0,0.125,0.0
59098750002911,0.0,0.0,0.21428571428571427,0.0
59098750002919,0.0,0.0,0.16216216216216217,0.0
59098750002925,0.0,0.0,0.16216216216216217,0.0
59098750002927,0.0,0.0,0.16216216216216217,0.0
59098750002957,0.0,0.0,0.19230769230769232,0.0
59098750002963,0.0,0.0,0.19230769230769232,0.0
59098750003097,0.0,0.0,0.19230769230769232,0.0
59098750003192,0.0,0.0,0.2,0.0
59098750003197,0.0,0.0,0.17647058823529413,0.0
59098750003204,0.0,0.0,0.2727272727272727,0.0
59098750003212,0.0,0.0,0.16666666666666666,0.0
59098750003218,0.0,0.0,0.14814814814814814,0.0
59098750003225,0.0,0.0,0.18518518518518517,0.0
59098750003233,0.0,0.0,0.18181818181818182,0.0
59098750003239,0.0,0.0,0.08955223880597014,0.0
59098750003246,0.0,0.0,0.125,0.0
59098750003254,0.0,0.0,0.1,0.0
59098750003260,0.0,0.0,0.125,0.0
59098750003267,0.0,0.0,0.21428571428571427,0.0
59098750003275,0.0,0.0,0.16216216216216217,0.0
59098750003281,0.0,0.0,0.16216216216216217,0.0
59098750003283,0.0,0.0,0.16216216216216217,0.0
59098750003313,0.0,0.0,0.19230769230769232,0.0
59098750003319,0.0,0.0,0.19230769230769232,0.0
59098750003449,0.0,0.0,0.19230769230769232,0.0
59923383717347,0.0,0.0,0.10526315789473684,0.0
59923383717351,0.0,0.0,0.10526315789473684,0.0
59923383717369,0.0,0.0,0.125,0.0
59923383717376,0.0,0.0,0.06976744186046512,0.0
59923383717411,0.0,0.0,0.13333333333333333,0.0
59923383717412,0.0,0.0,0.14,0.0
59923383717416,0.0,0.0,0.25925925925925924,0.0
59923383717417,0.0,0.0,0.2222222222222222,0.0
59923383717440,0.0,0.0,0.20689655172413793,0.0
59923383717445,0.0,0.0,0.1282051282051282,0.0
59923383717466,0.0,0.0,0.13157894736842105,0.0
59923383717467,0.0,0.0,0.14634146341463414,0.0
59923383717471,0.0,0.0,0.16216216216216217,0.0
59923383717472,0.0,0.0,0.14285714285714285,0.0
59923383719197,0.0,0.0,0.5,0.0
59923383719198,0.0,0.0,0.5,0.0
59923383719206,0.0,0.0,0.5,0.0
59923383719207,0.0,0.0,0.2857142857142857,0.0
59923383720371,0.0,0.0,0.10526315789473684,0.0
59923383720375,0.0,0.0,0.10526315789473684,0.0
59923383720389,0.0,0.0,0.125,0.0
59923383720406,0.0,0.0,0.06976744186046512,0.0
59923383720443,0.0,0.0,0.13333333333333333,0.0
59923383720444,0.0,0.0,0.15217391304347827,0.0
59923383720448,0.0,0.0,0.23076923076923078,0.0
59923383720449,0.0,0.0,0.21739130434782608,0.0
59923383720482,0.0,0.0,0.22727272727272727,0.0
59923383720491,0.0,0.0,0.1282051282051282,0.0
59923383720548,0.0,0.0,0.13157894736842105,0.0
59923383720549,0.0,0.0,0.14634146341463414,0.0
59923383720565,0.0,0.0,0.16216216216216217,0.0
59923383720566,0.0,0.0,0.14285714285714285,0.0
59923383720660,0.0,0.0,0.17142857142857143,0.0
59923383720661,0.0,0.0,0.17142857142857143,0.0
59923383720665,0.0,0.0,0.25,0.0
59923383720666,0.0,0.0,0.26666666666666666,0.0
59923383721286,0.0,0.0,0.10344827586206896,0.0
59923383721299,0.0,0.0,0.15,0.0
59923383721364,0.0,0.0,0.2,0.0
59923383721380,0.0,0.0,0.1875,0.0
59923383721403,0.0,0.0,0.1111111111111111,0.0
59923383721404,0.0,0.0,0.15217391304347827,0.0
59923383721413,0.0,0.0,0.23076923076923078,0.0
59923383721414,0.0,0.0,0.21739130434782608,0.0
59923383721446,0.0,0.0,0.17857142857142858,0.0
59923383721459,0.0,0.0,0.1282051282051282,0.0
59923383721486,0.0,0.0,0.13157894736842105,0.0
59923383721487,0.0,0.0,0.14634146341463414,0.0
59923383721492,0.0,0.0,0.16216216216216217,0.0
59923383721493,0.0,0.0,0.14285714285714285,0.0
59923383721578,0.0,0.0,0.17142857142857143,0.0
59923383721579,0.0,0.0,0.17142857142857143,0.0
59923383721587,0.0,0.0,0.25,0.0
59923383721588,0.0,0.0,0.26666666666666666,0.0
59923383722480,0.0,0.0,0.10526315789473684,0.0
59923383722484,0.0,0.0,0.10526315789473684,0.0
59923383722491,0.0,0.0,0.125,0.0
59923383722496,0.0,0.0,0.06976744186046512,0.0
59923383722504,0.0,0.0,0.13333333333333333,0.0
59923383722505,0.0,0.0,0.15217391304347827,0.0
59923383722509,0.0,0.0,0.23076923076923078,0.0
59923383722510,0.0,0.0,0.21739130434782608,0.0
59923383722517,0.0,0.0,0.22727272727272727,0.0
59923383722522,0.0,0.0,0.1282051282051282,0.0
59923383722530,0.0,0.0,0.13157894736842105,0.0
59923383722531,0.0,0.0,0.14634146341463414,0.0
59923383722535,0.0,0.0,0.16216216216216217,0.0
59923383722536,0.0,0.0,0.14285714285714285,0.0
59923383722544,0.0,0.0,0.17142857142857143,0.0
59923383722545,0.0,0.0,0.17142857142857143,0.0
59923383722549,0.0,0.0,0.25,0.0
59923383722550,0.0,0.0,0.26666666666666666,0.0
59923383722782,0.0,0.0,0.10344827586206896,0.0
59923383722787,0.0,0.0,0.15,0.0
59923383722813,0.0,0.0,0.2,0.0
59923383722821,0.0,0.0,0.1875,0.0
59923383722836,0.0,0.0,0.1111111111111111,0.0
59923383722837,0.0,0.0,0.15217391304347827,0.0
59923383722842,0.0,0.0,0.23076923076923078,0.0
59923383722843,0.0,0.0,0.21739130434782608,0.0
59923383722857,0.0,0.0,0.17857142857142858,0.0
59923383722863,0.0,0.0,0.1282051282051282,0.0
59923383722878,0.0,0.0,0.13157894736842105,0.0
59923383722879,0.0,0.0,0.14634146341463414,0.0
59923383722884,0.0,0.0,0.16216216216216217,0.0
59923383722885,0.0,0.0,0.14285714285714285,0.0
59923383722903,0.0,0.0,0.17142857142857143,0.0
59923383722904,0.0,0.0,0.17142857142857143,0.0
59923383722908,0.0,0.0,0.25,0.0
59923383722909,0.0,0.0,0.26666666666666666,0.0
59923383723203,0.0,0.0,0.10526315789473684,0.0
59923383723207,0.0,0.0,0.10526315789473684,0.0
59923383723214,0.0,0.0,0.125,0.0
59923383723219,0.0,0.0,0.06976744186046512,0.0
59923383723227,0.0,0.0,0.13333333333333333,0.0
59923383723228,0.0,0.0,0.15217391304347827,0.0
59923383723232,0.0,0.0,0.23076923076923078,0.0
59923383723233,0.0,0.0,0.21739130434782608,0.0
59923383723240,0.0,0.0,0.22727272727272727,0.0
59923383723245,0.0,0.0,0.1282051282051282,0.0
59923383723253,0.0,0.0,0.13157894736842105,0.0
59923383723254,0.0,0.0,0.14634146341463414,0.0
59923383723258,0.0,0.0,0.16216216216216217,0.0
59923383723259,0.0,0.0,0.14285714285714285,0.0
59923383723267,0.0,0.0,0.17142857142857143,0.0
59923383723268,0.0,0.0,0.17142857142857143,0.0
59923383723272,0.0,0.0,0.25,0.0
59923383723273,0.0,0.0,0.26666666666666666,0.0
59923383723497,0.0,0.0,0.10344827586206896,0.0
59923383723502,0.0,0.0,0.15,0.0
59923383723528,0.0,0.0,0.2,0.0
59923383723536,0.0,0.0,0.1875,0.0
59923383723551,0.0,0.0,0.1111111111111111,0.0
59923383723552,0.0,0.0,0.15217391304347827,0.0
59923383723557,0.0,0.0,0.23076923076923078,0.0
59923383723558,0.0,0.0,0.21739130434782608,0.0
59923383723572,0.0,0.0,0.17857142857142858,0.0
59923383723578,0.0,0.0,0.1282051282051282,0.0
59923383723593,0.0,0.0,0.13157894736842105,0.0
59923383723594,0.0,0.0,0.14634146341463414,0.0
59923383723599,0.0,0.0,0.16216216216216217,0.0
59923383723600,0.0,0.0,0.14285714285714285,0.0
59923383723626,0.0,0.0,0.17142857142857143,0.0
59923383723627,0.0,0.0,0.17142857142857143,0.0
59923383723631,0.0,0.0,0.25,0.0
59923383723632,0.0,0.0,0.26666666666666666,0.0
59923383723933,0.0,0.0,0.10526315789473684,0.0
59923383723937,0.0,0.0,0.10526315789473684,0.0
59923383723944,0.0,0.0,0.125,0.0
59923383723949,0.0,0.0,0.06976744186046512,0.0
59923383723957,0.0,0.0,0.13333333333333333,0.0
59923383723958,0.0,0.0,0.15217391304347827,0.0
59923383723962,0.0,0.0,0.23076923076923078,0.0
59923383723963,0.0,0.0,0.21739130434782608,0.0
59923383723970,0.0,0.0,0.22727272727272727,0.0
59923383723975,0.0,0.0,0.1282051282051282,0.0
59923383723983,0.0,0.0,0.13157894736842105,0.0
59923383723984,0.0,0.0,0.14634146341463414,0.0
59923383723988,0.0,0.0,0.16216216216216217,0.0
59923383723989,0.0,0.0,0.14285714285714285,0.0
59923383723997,0.0,0.0,0.17142857142857143,0.0
59923383723998,0.0,0.0,0.17142857142857143,0.0
59923383724002,0.0,0.0,0.25,0.0
59923383724003,0.0,0.0,0.26666666666666666,0.0
60198261624193,0.0,0.0,0.10526315789473684,0.0
60198261624201,0.0,0.0,0.10526315789473684,0.0
60198261624216,0.0,0.0,0.125,0.0
60198261624221,0.0,0.0,0.06976744186046512,0.0
60198261624237,0.0,0.0,0.13333333333333333,0.0
60198261624238,0.0,0.0,0.14,0.0
60198261624245,0.0,0.0,0.25925925925925924,0.0
60198261624246,0.0,0.0,0.2222222222222222,0.0
60198261624253,0.0,0.0,0.20689655172413793,0.0
60198261624258,0.0,0.0,0.1282051282051282,0.0
60198261624270,0.0,0.0,0.13157894736842105,0.0
60198261624271,0.0,0.0,0.14634146341463414,0.0
60198261624279,0.0,0.0,0.16216216216216217,0.0
60198261624280,0.0,0.0,0.14285714285714285,0.0
60198261626275,0.0,0.0,0.5,0.0
60198261626276,0.0,0.0,0.5,0.0
60198261626283,0.0,0.0,0.5,0.0
60198261626284,0.0,0.0,0.2857142857142857,0.0
60198261627672,0.0,0.0,0.10526315789473684,0.0
60198261627677,0.0,0.0,0.10526315789473684,0.0
60198261627707,0.0,0.0,0.125,0.0
60198261627717,0.0,0.0,0.06976744186046512,0.0
60198261627744,0.0,0.0,0.13333333333333333,0.0
60198261627745,0.0,0.0,0.15217391304347827,0.0
60198261627750,0.0,0.0,0.23076923076923078,0.0
60198261627751,0.0,0.0,0.21739130434782608,0.0
60198261627794,0.0,0.0,0.22727272727272727,0.0
60198261627804,0.0,0.0,0.1282051282051282,0.0
60198261627848,0.0,0.0,0.13157894736842105,0.0
60198261627849,0.0,0.0,0.14634146341463414,0.0
60198261627862,0.0,0.0,0.16216216216216217,0.0
60198261627863,0.0,0.0,0.14285714285714285,0.0
60198261627977,0.0,0.0,0.17142857142857143,0.0
60198261627978,0.0,0.0,0.17142857142857143,0.0
60198261627987,0.0,0.0,0.25,0.0
60198261627988,0.0,0.0,0.26666666666666666,0.0
60198261628619,0.0,0.0,0.10344827586206896,0.0
60198261628632,0.0,0.0,0.2,0.0
60198261628671,0.0,0.0,0.2,0.0
60198261628679,0.0,0.0,0.1875,0.0
60198261628721,0.0,0.0,0.1111111111111111,0.0
60198261628722,0.0,0.0,0.15217391304347827,0.0
60198261628727,0.0,0.0,0.23076923076923078,0.0
60198261628728,0.0,0.0,0.21739130434782608,0.0
60198261628756,0.0,0.0,0.17857142857142858,0.0
60198261628770,0.0,0.0,0.1282051282051282,0.0
60198261628793,0.0,0.0,0.13157894736842105,0.0
60198261628794,0.0,0.0,0.14634146341463414,0.0
60198261628799,0.0,0.0,0.16216216216216217,0.0
60198261628800,0.0,0.0,0.14285714285714285,0.0
60198261628888,0.0,0.0,0.17142857142857143,0.0
60198261628889,0.0,0.0,0.17142857142857143,0.0
60198261628898,0.0,0.0,0.25,0.0
60198261628899,0.0,0.0,0.26666666666666666,0.0
60198261629512,0.0,0.0,0.10526315789473684,0.0
60198261629517,0.0,0.0,0.10526315789473684,0.0
60198261629531,0.0,0.0,0.125,0.0
60198261629537,0.0,0.0,0.06976744186046512,0.0
60198261629552,0.0,0.0,0.13333333333333333,0.0
60198261629553,0.0,0.0,0.15217391304347827,0.0
60198261629558,0.0,0.0,0.23076923076923078,0.0
60198261629559,0.0,0.0,0.21739130434782608,0.0
60198261629573,0.0,0.0,0.22727272727272727,0.0
60198261629579,0.0,0.0,0.1282051282051282,0.0
60198261629594,0.0,0.0,0.13157894736842105,0.0
60198261629595,0.0,0.0,0.14634146341463414,0.0
60198261629600,0.0,0.0,0.16216216216216217,0.0
60198261629601,0.0,0.0,0.14285714285714285,0.0
60198261629632,0.0,0.0,0.17142857142857143,0.0
60198261629633,0.0,0.0,0.17142857142857143,0.0
60198261629638,0.0,0.0,0.25,0.0
60198261629639,0.0,0.0,0.26666666666666666,0.0
60198261629871,0.0,0.0,0.10344827586206896,0.0
60198261629876,0.0,0.0,0.23076923076923078,0.0
60198261629890,0.0,0.0,0.2,0.0
60198261629896,0.0,0.0,0.1875,0.0
60198261629911,0.0,0.0,0.1111111111111111,0.0
60198261629912,0.0,0.0,0.15217391304347827,0.0
60198261629917,0.0,0.0,0.23076923076923078,0.0
60198261629918,0.0,0.0,0.21739130434782608,0.0
60198261629932,0.0,0.0,0.17857142857142858,0.0
60198261629938,0.0,0.0,0.1282051282051282,0.0
60198261629953,0.0,0.0,0.13157894736842105,0.0
60198261629954,0.0,0.0,0.14634146341463414,0.0
60198261629959,0.0,0.0,0.16216216216216217,0.0
60198261629960,0.0,0.0,0.14285714285714285,0.0
60198261629991,0.0,0.0,0.17142857142857143,0.0
60198261629992,0.0,0.0,0.17142857142857143,0.0
60198261629997,0.0,0.0,0.25,0.0
60198261629998,0.0,0.0,0.26666666666666666,0.0
60198261630243,0.0,0.0,0.10526315789473684,0.0
60198261630248,0.0,0.0,0.10526315789473684,0.0
60198261630262,0.0,0.0,0.125,0.0
60198261630268,0.0,0.0,0.06976744186046512,0.0
60198261630283,0.0,0.0,0.13333333333333333,0.0
60198261630284,0.0,0.0,0.15217391304347827,0.0
60198261630289,0.0,0.0,0.23076923076923078,0.0
60198261630290,0.0,0.0,0.21739130434782608,0.0
60198261630304,0.0,0.0,0.22727272727272727,0.0
60198261630310,0.0,0.0,0.1282051282051282,0.0
60198261630325,0.0,0.0,0.13157894736842105,0.0
60198261630326,0.0,0.0,0.14634146341463414,0.0
60198261630331,0.0,0.0,0.16216216216216217,0.0
60198261630332,0.0,0.0,0.14285714285714285,0.0
60198261630363,0.0,0.0,0.17142857142857143,0.0
60198261630364,0.0,0.0,0.17142857142857143,0.0
60198261630369,0.0,0.0,0.25,0.0
60198261630370,0.0,0.0,0.26666666666666666,0.0
60198261630595,0.0,0.0,0.10344827586206896,0.0
60198261630600,0.0,0.0,0.15,0.0
60198261630626,0.0,0.0,0.2,0.0
60198261630634,0.0,0.0,0.1875,0.0
60198261630649,0.0,0.0,0.1111111111111111,0.0
60198261630650,0.0,0.0,0.15217391304347827,0.0
60198261630655,0.0,0.0,0.23076923076923078,0.0
60198261630656,0.0,0.0,0.21739130434782608,0.0
60198261630670,0.0,0.0,0.17857142857142858,0.0
60198261630676,0.0,0.0,0.1282051282051282,0.0
60198261630691,0.0,0.0,0.13157894736842105,0.0
60198261630692,0.0,0.0,0.14634146341463414,0.0
60198261630697,0.0,0.0,0.16216216216216217,0.0
60198261630698,0.0,0.0,0.14285714285714285,0.0
60198261630729,0.0,0.0,0.17142857142857143,0.0
60198261630730,0.0,0.0,0.17142857142857143,0.0
60198261630735,0.0,0.0,0.25,0.0
60198261630736,0.0,0.0,0.26666666666666666,0.0
60198261630965,0.0,0.0,0.10526315789473684,0.0
60198261630970,0.0,0.0,0.10526315789473684,0.0
60198261630984,0.0,0.0,0.125,0.0
60198261630990,0.0,0.0,0.06976744186046512,0.0
60198261631005,0.0,0.0,0.13333333333333333,0.0
60198261631006,0.0,0.0,0.15217391304347827,0.0
60198261631011,0.0,0.0,0.23076923076923078,0.0
60198261631012,0.0,0.0,0.21739130434782608,0.0
60198261631026,0.0,0.0,0.22727272727272727,0.0
60198261631032,0.0,0.0,0.1282051282051282,0.0
60198261631047,0.0,0.0,0.13157894736842105,0.0
60198261631048,0.0,0.0,0.14634146341463414,0.0
60198261631053,0.0,0.0,0.16216216216216217,0.0
60198261631054,0.0,0.0,0.14285714285714285,0.0
60198261631085,0.0,0.0,0.17142857142857143,0.0
60198261631086,0.0,0.0,0.17142857142857143,0.0
60198261631091,0.0,0.0,0.25,0.0
60198261631092,0.0,0.0,0.26666666666666666,0.0
