AccessedAddress,AccessMode,AccessTime,MemoryType,ExecInstrId,CoreId
0,W,6617,1,2263,0
4,W,6617,1,2263,0
8,W,6617,1,2263,0
12,W,6617,1,2263,0
16,W,6617,1,2263,0
20,W,6617,1,2263,0
24,W,6617,1,2263,0
28,W,6617,1,2263,0
32,W,6617,1,2263,0
36,W,6617,1,2263,0
40,W,6617,1,2263,0
44,W,6617,1,2263,0
48,W,6617,1,2263,0
52,W,6617,1,2263,0
56,W,6617,1,2263,0
60,W,6617,1,2263,0
64,W,6617,1,2263,0
68,W,6617,1,2263,0
72,W,6617,1,2263,0
76,W,6617,1,2263,0
80,W,6617,1,2263,0
84,W,6617,1,2263,0
88,W,6617,1,2263,0
92,W,6617,1,2263,0
96,W,6617,1,2263,0
100,W,6617,1,2263,0
104,W,6617,1,2263,0
108,W,6617,1,2263,0
112,W,6617,1,2263,0
116,W,6617,1,2263,0
120,W,6617,1,2263,0
124,W,6617,1,2263,0
128,W,6617,1,2263,0
132,W,6617,1,2263,0
136,W,6617,1,2263,0
140,W,6617,1,2263,0
144,W,6617,1,2263,0
148,W,6617,1,2263,0
152,W,6617,1,2263,0
156,W,6617,1,2263,0
160,W,6617,1,2263,0
164,W,6617,1,2263,0
168,W,6617,1,2263,0
172,W,6617,1,2263,0
176,W,6617,1,2263,0
180,W,6617,1,2263,0
184,W,6617,1,2263,0
188,W,6617,1,2263,0
192,W,6617,1,2263,0
196,W,6617,1,2263,0
200,W,6617,1,2263,0
204,W,6617,1,2263,0
208,W,6617,1,2263,0
212,W,6617,1,2263,0
216,W,6617,1,2263,0
220,W,6617,1,2263,0
224,W,6617,1,2263,0
228,W,6617,1,2263,0
232,W,6617,1,2263,0
236,W,6617,1,2263,0
240,W,6617,1,2263,0
244,W,6617,1,2263,0
248,W,6617,1,2263,0
252,W,6617,1,2263,0
256,W,6617,1,2263,0
260,W,6617,1,2263,0
264,W,6617,1,2263,0
268,W,6617,1,2263,0
272,W,6617,1,2263,0
276,W,6617,1,2263,0
280,W,6617,1,2263,0
284,W,6617,1,2263,0
288,W,6617,1,2263,0
292,W,6617,1,2263,0
296,W,6617,1,2263,0
300,W,6617,1,2263,0
304,W,6617,1,2263,0
308,W,6617,1,2263,0
312,W,6617,1,2263,0
316,W,6617,1,2263,0
320,W,6617,1,2263,0
324,W,6617,1,2263,0
328,W,6617,1,2263,0
332,W,6617,1,2263,0
336,W,6617,1,2263,0
340,W,6617,1,2263,0
344,W,6617,1,2263,0
348,W,6617,1,2263,0
352,W,6617,1,2263,0
356,W,6617,1,2263,0
360,W,6617,1,2263,0
364,W,6617,1,2263,0
368,W,6617,1,2263,0
372,W,6617,1,2263,0
376,W,6617,1,2263,0
380,W,6617,1,2263,0
384,W,6617,1,2263,0
388,W,6617,1,2263,0
392,W,6617,1,2263,0
396,W,6617,1,2263,0
400,W,6617,1,2263,0
404,W,6617,1,2263,0
408,W,6617,1,2263,0
412,W,6617,1,2263,0
416,W,6617,1,2263,0
420,W,6617,1,2263,0
424,W,6617,1,2263,0
428,W,6617,1,2263,0
432,W,6617,1,2263,0
436,W,6617,1,2263,0
440,W,6617,1,2263,0
444,W,6617,1,2263,0
448,W,6617,1,2263,0
452,W,6617,1,2263,0
456,W,6617,1,2263,0
460,W,6617,1,2263,0
464,W,6617,1,2263,0
468,W,6617,1,2263,0
472,W,6617,1,2263,0
476,W,6617,1,2263,0
480,W,6617,1,2263,0
484,W,6617,1,2263,0
488,W,6617,1,2263,0
492,W,6617,1,2263,0
496,W,6617,1,2263,0
500,W,6617,1,2263,0
504,W,6617,1,2263,0
508,W,6617,1,2263,0
0,R,6640,1,3457,0
4,R,6640,1,3457,0
8,R,6640,1,3457,0
12,R,6640,1,3457,0
16,R,6640,1,3457,0
20,R,6640,1,3457,0
24,R,6640,1,3457,0
28,R,6640,1,3457,0
32,R,6640,1,3457,0
36,R,6640,1,3457,0
40,R,6640,1,3457,0
44,R,6640,1,3457,0
48,R,6640,1,3457,0
52,R,6640,1,3457,0
56,R,6640,1,3457,0
60,R,6640,1,3457,0
64,R,6640,1,3457,0
68,R,6640,1,3457,0
72,R,6640,1,3457,0
76,R,6640,1,3457,0
80,R,6640,1,3457,0
84,R,6640,1,3457,0
88,R,6640,1,3457,0
92,R,6640,1,3457,0
96,R,6640,1,3457,0
100,R,6640,1,3457,0
104,R,6640,1,3457,0
108,R,6640,1,3457,0
112,R,6640,1,3457,0
116,R,6640,1,3457,0
120,R,6640,1,3457,0
124,R,6640,1,3457,0
128,R,6640,1,3457,0
132,R,6640,1,3457,0
136,R,6640,1,3457,0
140,R,6640,1,3457,0
144,R,6640,1,3457,0
148,R,6640,1,3457,0
152,R,6640,1,3457,0
156,R,6640,1,3457,0
160,R,6640,1,3457,0
164,R,6640,1,3457,0
168,R,6640,1,3457,0
172,R,6640,1,3457,0
176,R,6640,1,3457,0
180,R,6640,1,3457,0
184,R,6640,1,3457,0
188,R,6640,1,3457,0
192,R,6640,1,3457,0
196,R,6640,1,3457,0
200,R,6640,1,3457,0
204,R,6640,1,3457,0
208,R,6640,1,3457,0
212,R,6640,1,3457,0
216,R,6640,1,3457,0
220,R,6640,1,3457,0
224,R,6640,1,3457,0
228,R,6640,1,3457,0
232,R,6640,1,3457,0
236,R,6640,1,3457,0
240,R,6640,1,3457,0
244,R,6640,1,3457,0
248,R,6640,1,3457,0
252,R,6640,1,3457,0
2048,W,6640,1,3460,0
2052,W,6640,1,3460,0
2056,W,6640,1,3460,0
2060,W,6640,1,3460,0
2064,W,6640,1,3460,0
2068,W,6640,1,3460,0
2072,W,6640,1,3460,0
2076,W,6640,1,3460,0
2080,W,6640,1,3460,0
2084,W,6640,1,3460,0
2088,W,6640,1,3460,0
2092,W,6640,1,3460,0
2096,W,6640,1,3460,0
2100,W,6640,1,3460,0
2104,W,6640,1,3460,0
2108,W,6640,1,3460,0
2112,W,6640,1,3460,0
2116,W,6640,1,3460,0
2120,W,6640,1,3460,0
2124,W,6640,1,3460,0
2128,W,6640,1,3460,0
2132,W,6640,1,3460,0
2136,W,6640,1,3460,0
2140,W,6640,1,3460,0
2144,W,6640,1,3460,0
2148,W,6640,1,3460,0
2152,W,6640,1,3460,0
2156,W,6640,1,3460,0
2160,W,6640,1,3460,0
2164,W,6640,1,3460,0
2168,W,6640,1,3460,0
2172,W,6640,1,3460,0
2176,W,6640,1,3460,0
2180,W,6640,1,3460,0
2184,W,6640,1,3460,0
2188,W,6640,1,3460,0
2192,W,6640,1,3460,0
2196,W,6640,1,3460,0
2200,W,6640,1,3460,0
2204,W,6640,1,3460,0
2208,W,6640,1,3460,0
2212,W,6640,1,3460,0
2216,W,6640,1,3460,0
2220,W,6640,1,3460,0
2224,W,6640,1,3460,0
2228,W,6640,1,3460,0
2232,W,6640,1,3460,0
2236,W,6640,1,3460,0
2240,W,6640,1,3460,0
2244,W,6640,1,3460,0
2248,W,6640,1,3460,0
2252,W,6640,1,3460,0
2256,W,6640,1,3460,0
2260,W,6640,1,3460,0
2264,W,6640,1,3460,0
2268,W,6640,1,3460,0
2272,W,6640,1,3460,0
2276,W,6640,1,3460,0
2280,W,6640,1,3460,0
2284,W,6640,1,3460,0
2288,W,6640,1,3460,0
2292,W,6640,1,3460,0
2296,W,6640,1,3460,0
2300,W,6640,1,3460,0
256,R,6641,1,3465,0
260,R,6641,1,3465,0
264,R,6641,1,3465,0
268,R,6641,1,3465,0
272,R,6641,1,3465,0
276,R,6641,1,3465,0
280,R,6641,1,3465,0
284,R,6641,1,3465,0
288,R,6641,1,3465,0
292,R,6641,1,3465,0
296,R,6641,1,3465,0
300,R,6641,1,3465,0
304,R,6641,1,3465,0
308,R,6641,1,3465,0
312,R,6641,1,3465,0
316,R,6641,1,3465,0
320,R,6641,1,3465,0
324,R,6641,1,3465,0
328,R,6641,1,3465,0
332,R,6641,1,3465,0
336,R,6641,1,3465,0
340,R,6641,1,3465,0
344,R,6641,1,3465,0
348,R,6641,1,3465,0
352,R,6641,1,3465,0
356,R,6641,1,3465,0
360,R,6641,1,3465,0
364,R,6641,1,3465,0
368,R,6641,1,3465,0
372,R,6641,1,3465,0
376,R,6641,1,3465,0
380,R,6641,1,3465,0
384,R,6641,1,3465,0
388,R,6641,1,3465,0
392,R,6641,1,3465,0
396,R,6641,1,3465,0
400,R,6641,1,3465,0
404,R,6641,1,3465,0
408,R,6641,1,3465,0
412,R,6641,1,3465,0
416,R,6641,1,3465,0
420,R,6641,1,3465,0
424,R,6641,1,3465,0
428,R,6641,1,3465,0
432,R,6641,1,3465,0
436,R,6641,1,3465,0
440,R,6641,1,3465,0
444,R,6641,1,3465,0
448,R,6641,1,3465,0
452,R,6641,1,3465,0
456,R,6641,1,3465,0
460,R,6641,1,3465,0
464,R,6641,1,3465,0
468,R,6641,1,3465,0
472,R,6641,1,3465,0
476,R,6641,1,3465,0
480,R,6641,1,3465,0
484,R,6641,1,3465,0
488,R,6641,1,3465,0
492,R,6641,1,3465,0
496,R,6641,1,3465,0
500,R,6641,1,3465,0
504,R,6641,1,3465,0
508,R,6641,1,3465,0
2304,W,6641,1,3468,0
2308,W,6641,1,3468,0
2312,W,6641,1,3468,0
2316,W,6641,1,3468,0
2320,W,6641,1,3468,0
2324,W,6641,1,3468,0
2328,W,6641,1,3468,0
2332,W,6641,1,3468,0
2336,W,6641,1,3468,0
2340,W,6641,1,3468,0
2344,W,6641,1,3468,0
2348,W,6641,1,3468,0
2352,W,6641,1,3468,0
2356,W,6641,1,3468,0
2360,W,6641,1,3468,0
2364,W,6641,1,3468,0
2368,W,6641,1,3468,0
2372,W,6641,1,3468,0
2376,W,6641,1,3468,0
2380,W,6641,1,3468,0
2384,W,6641,1,3468,0
2388,W,6641,1,3468,0
2392,W,6641,1,3468,0
2396,W,6641,1,3468,0
2400,W,6641,1,3468,0
2404,W,6641,1,3468,0
2408,W,6641,1,3468,0
2412,W,6641,1,3468,0
2416,W,6641,1,3468,0
2420,W,6641,1,3468,0
2424,W,6641,1,3468,0
2428,W,6641,1,3468,0
2432,W,6641,1,3468,0
2436,W,6641,1,3468,0
2440,W,6641,1,3468,0
2444,W,6641,1,3468,0
2448,W,6641,1,3468,0
2452,W,6641,1,3468,0
2456,W,6641,1,3468,0
2460,W,6641,1,3468,0
2464,W,6641,1,3468,0
2468,W,6641,1,3468,0
2472,W,6641,1,3468,0
2476,W,6641,1,3468,0
2480,W,6641,1,3468,0
2484,W,6641,1,3468,0
2488,W,6641,1,3468,0
2492,W,6641,1,3468,0
2496,W,6641,1,3468,0
2500,W,6641,1,3468,0
2504,W,6641,1,3468,0
2508,W,6641,1,3468,0
2512,W,6641,1,3468,0
2516,W,6641,1,3468,0
2520,W,6641,1,3468,0
2524,W,6641,1,3468,0
2528,W,6641,1,3468,0
2532,W,6641,1,3468,0
2536,W,6641,1,3468,0
2540,W,6641,1,3468,0
2544,W,6641,1,3468,0
2548,W,6641,1,3468,0
2552,W,6641,1,3468,0
2556,W,6641,1,3468,0
2048,R,6648,1,3480,0
2052,R,6648,1,3480,0
2056,R,6648,1,3480,0
2060,R,6648,1,3480,0
2064,R,6648,1,3480,0
2068,R,6648,1,3480,0
2072,R,6648,1,3480,0
2076,R,6648,1,3480,0
2080,R,6648,1,3480,0
2084,R,6648,1,3480,0
2088,R,6648,1,3480,0
2092,R,6648,1,3480,0
2096,R,6648,1,3480,0
2100,R,6648,1,3480,0
2104,R,6648,1,3480,0
2108,R,6648,1,3480,0
2112,R,6648,1,3480,0
2116,R,6648,1,3480,0
2120,R,6648,1,3480,0
2124,R,6648,1,3480,0
2128,R,6648,1,3480,0
2132,R,6648,1,3480,0
2136,R,6648,1,3480,0
2140,R,6648,1,3480,0
2144,R,6648,1,3480,0
2148,R,6648,1,3480,0
2152,R,6648,1,3480,0
2156,R,6648,1,3480,0
2160,R,6648,1,3480,0
2164,R,6648,1,3480,0
2168,R,6648,1,3480,0
2172,R,6648,1,3480,0
2176,R,6648,1,3480,0
2180,R,6648,1,3480,0
2184,R,6648,1,3480,0
2188,R,6648,1,3480,0
2192,R,6648,1,3480,0
2196,R,6648,1,3480,0
2200,R,6648,1,3480,0
2204,R,6648,1,3480,0
2208,R,6648,1,3480,0
2212,R,6648,1,3480,0
2216,R,6648,1,3480,0
2220,R,6648,1,3480,0
2224,R,6648,1,3480,0
2228,R,6648,1,3480,0
2232,R,6648,1,3480,0
2236,R,6648,1,3480,0
2240,R,6648,1,3480,0
2244,R,6648,1,3480,0
2248,R,6648,1,3480,0
2252,R,6648,1,3480,0
2256,R,6648,1,3480,0
2260,R,6648,1,3480,0
2264,R,6648,1,3480,0
2268,R,6648,1,3480,0
2272,R,6648,1,3480,0
2276,R,6648,1,3480,0
2280,R,6648,1,3480,0
2284,R,6648,1,3480,0
2288,R,6648,1,3480,0
2292,R,6648,1,3480,0
2296,R,6648,1,3480,0
2300,R,6648,1,3480,0
2048,W,6648,1,3484,0
2052,W,6648,1,3484,0
2056,W,6648,1,3484,0
2060,W,6648,1,3484,0
2064,W,6648,1,3484,0
2068,W,6648,1,3484,0
2072,W,6648,1,3484,0
2076,W,6648,1,3484,0
2080,W,6648,1,3484,0
2084,W,6648,1,3484,0
2088,W,6648,1,3484,0
2092,W,6648,1,3484,0
2096,W,6648,1,3484,0
2100,W,6648,1,3484,0
2104,W,6648,1,3484,0
2108,W,6648,1,3484,0
2112,W,6648,1,3484,0
2116,W,6648,1,3484,0
2120,W,6648,1,3484,0
2124,W,6648,1,3484,0
2128,W,6648,1,3484,0
2132,W,6648,1,3484,0
2136,W,6648,1,3484,0
2140,W,6648,1,3484,0
2144,W,6648,1,3484,0
2148,W,6648,1,3484,0
2152,W,6648,1,3484,0
2156,W,6648,1,3484,0
2160,W,6648,1,3484,0
2164,W,6648,1,3484,0
2168,W,6648,1,3484,0
2172,W,6648,1,3484,0
2176,W,6648,1,3484,0
2180,W,6648,1,3484,0
2184,W,6648,1,3484,0
2188,W,6648,1,3484,0
2192,W,6648,1,3484,0
2196,W,6648,1,3484,0
2200,W,6648,1,3484,0
2204,W,6648,1,3484,0
2208,W,6648,1,3484,0
2212,W,6648,1,3484,0
2216,W,6648,1,3484,0
2220,W,6648,1,3484,0
2224,W,6648,1,3484,0
2228,W,6648,1,3484,0
2232,W,6648,1,3484,0
2236,W,6648,1,3484,0
2240,W,6648,1,3484,0
2244,W,6648,1,3484,0
2248,W,6648,1,3484,0
2252,W,6648,1,3484,0
2256,W,6648,1,3484,0
2260,W,6648,1,3484,0
2264,W,6648,1,3484,0
2268,W,6648,1,3484,0
2272,W,6648,1,3484,0
2276,W,6648,1,3484,0
2280,W,6648,1,3484,0
2284,W,6648,1,3484,0
2288,W,6648,1,3484,0
2292,W,6648,1,3484,0
2296,W,6648,1,3484,0
2300,W,6648,1,3484,0
2304,R,6649,1,3485,0
2308,R,6649,1,3485,0
2312,R,6649,1,3485,0
2316,R,6649,1,3485,0
2320,R,6649,1,3485,0
2324,R,6649,1,3485,0
2328,R,6649,1,3485,0
2332,R,6649,1,3485,0
2336,R,6649,1,3485,0
2340,R,6649,1,3485,0
2344,R,6649,1,3485,0
2348,R,6649,1,3485,0
2352,R,6649,1,3485,0
2356,R,6649,1,3485,0
2360,R,6649,1,3485,0
2364,R,6649,1,3485,0
2368,R,6649,1,3485,0
2372,R,6649,1,3485,0
2376,R,6649,1,3485,0
2380,R,6649,1,3485,0
2384,R,6649,1,3485,0
2388,R,6649,1,3485,0
2392,R,6649,1,3485,0
2396,R,6649,1,3485,0
2400,R,6649,1,3485,0
2404,R,6649,1,3485,0
2408,R,6649,1,3485,0
2412,R,6649,1,3485,0
2416,R,6649,1,3485,0
2420,R,6649,1,3485,0
2424,R,6649,1,3485,0
2428,R,6649,1,3485,0
2432,R,6649,1,3485,0
2436,R,6649,1,3485,0
2440,R,6649,1,3485,0
2444,R,6649,1,3485,0
2448,R,6649,1,3485,0
2452,R,6649,1,3485,0
2456,R,6649,1,3485,0
2460,R,6649,1,3485,0
2464,R,6649,1,3485,0
2468,R,6649,1,3485,0
2472,R,6649,1,3485,0
2476,R,6649,1,3485,0
2480,R,6649,1,3485,0
2484,R,6649,1,3485,0
2488,R,6649,1,3485,0
2492,R,6649,1,3485,0
2496,R,6649,1,3485,0
2500,R,6649,1,3485,0
2504,R,6649,1,3485,0
2508,R,6649,1,3485,0
2512,R,6649,1,3485,0
2516,R,6649,1,3485,0
2520,R,6649,1,3485,0
2524,R,6649,1,3485,0
2528,R,6649,1,3485,0
2532,R,6649,1,3485,0
2536,R,6649,1,3485,0
2540,R,6649,1,3485,0
2544,R,6649,1,3485,0
2548,R,6649,1,3485,0
2552,R,6649,1,3485,0
2556,R,6649,1,3485,0
2304,W,6649,1,3489,0
2308,W,6649,1,3489,0
2312,W,6649,1,3489,0
2316,W,6649,1,3489,0
2320,W,6649,1,3489,0
2324,W,6649,1,3489,0
2328,W,6649,1,3489,0
2332,W,6649,1,3489,0
2336,W,6649,1,3489,0
2340,W,6649,1,3489,0
2344,W,6649,1,3489,0
2348,W,6649,1,3489,0
2352,W,6649,1,3489,0
2356,W,6649,1,3489,0
2360,W,6649,1,3489,0
2364,W,6649,1,3489,0
2368,W,6649,1,3489,0
2372,W,6649,1,3489,0
2376,W,6649,1,3489,0
2380,W,6649,1,3489,0
2384,W,6649,1,3489,0
2388,W,6649,1,3489,0
2392,W,6649,1,3489,0
2396,W,6649,1,3489,0
2400,W,6649,1,3489,0
2404,W,6649,1,3489,0
2408,W,6649,1,3489,0
2412,W,6649,1,3489,0
2416,W,6649,1,3489,0
2420,W,6649,1,3489,0
2424,W,6649,1,3489,0
2428,W,6649,1,3489,0
2432,W,6649,1,3489,0
2436,W,6649,1,3489,0
2440,W,6649,1,3489,0
2444,W,6649,1,3489,0
2448,W,6649,1,3489,0
2452,W,6649,1,3489,0
2456,W,6649,1,3489,0
2460,W,6649,1,3489,0
2464,W,6649,1,3489,0
2468,W,6649,1,3489,0
2472,W,6649,1,3489,0
2476,W,6649,1,3489,0
2480,W,6649,1,3489,0
2484,W,6649,1,3489,0
2488,W,6649,1,3489,0
2492,W,6649,1,3489,0
2496,W,6649,1,3489,0
2500,W,6649,1,3489,0
2504,W,6649,1,3489,0
2508,W,6649,1,3489,0
2512,W,6649,1,3489,0
2516,W,6649,1,3489,0
2520,W,6649,1,3489,0
2524,W,6649,1,3489,0
2528,W,6649,1,3489,0
2532,W,6649,1,3489,0
2536,W,6649,1,3489,0
2540,W,6649,1,3489,0
2544,W,6649,1,3489,0
2548,W,6649,1,3489,0
2552,W,6649,1,3489,0
2556,W,6649,1,3489,0
2048,R,6656,1,3501,0
2052,R,6656,1,3501,0
2056,R,6656,1,3501,0
2060,R,6656,1,3501,0
2064,R,6656,1,3501,0
2068,R,6656,1,3501,0
2072,R,6656,1,3501,0
2076,R,6656,1,3501,0
2080,R,6656,1,3501,0
2084,R,6656,1,3501,0
2088,R,6656,1,3501,0
2092,R,6656,1,3501,0
2096,R,6656,1,3501,0
2100,R,6656,1,3501,0
2104,R,6656,1,3501,0
2108,R,6656,1,3501,0
2112,R,6656,1,3501,0
2116,R,6656,1,3501,0
2120,R,6656,1,3501,0
2124,R,6656,1,3501,0
2128,R,6656,1,3501,0
2132,R,6656,1,3501,0
2136,R,6656,1,3501,0
2140,R,6656,1,3501,0
2144,R,6656,1,3501,0
2148,R,6656,1,3501,0
2152,R,6656,1,3501,0
2156,R,6656,1,3501,0
2160,R,6656,1,3501,0
2164,R,6656,1,3501,0
2168,R,6656,1,3501,0
2172,R,6656,1,3501,0
2176,R,6656,1,3501,0
2180,R,6656,1,3501,0
2184,R,6656,1,3501,0
2188,R,6656,1,3501,0
2192,R,6656,1,3501,0
2196,R,6656,1,3501,0
2200,R,6656,1,3501,0
2204,R,6656,1,3501,0
2208,R,6656,1,3501,0
2212,R,6656,1,3501,0
2216,R,6656,1,3501,0
2220,R,6656,1,3501,0
2224,R,6656,1,3501,0
2228,R,6656,1,3501,0
2232,R,6656,1,3501,0
2236,R,6656,1,3501,0
2240,R,6656,1,3501,0
2244,R,6656,1,3501,0
2248,R,6656,1,3501,0
2252,R,6656,1,3501,0
2256,R,6656,1,3501,0
2260,R,6656,1,3501,0
2264,R,6656,1,3501,0
2268,R,6656,1,3501,0
2272,R,6656,1,3501,0
2276,R,6656,1,3501,0
2280,R,6656,1,3501,0
2284,R,6656,1,3501,0
2288,R,6656,1,3501,0
2292,R,6656,1,3501,0
2296,R,6656,1,3501,0
2300,R,6656,1,3501,0
0,R,6656,1,3502,0
4,R,6656,1,3502,0
8,R,6656,1,3502,0
12,R,6656,1,3502,0
16,R,6656,1,3502,0
20,R,6656,1,3502,0
24,R,6656,1,3502,0
28,R,6656,1,3502,0
32,R,6656,1,3502,0
36,R,6656,1,3502,0
40,R,6656,1,3502,0
44,R,6656,1,3502,0
48,R,6656,1,3502,0
52,R,6656,1,3502,0
56,R,6656,1,3502,0
60,R,6656,1,3502,0
64,R,6656,1,3502,0
68,R,6656,1,3502,0
72,R,6656,1,3502,0
76,R,6656,1,3502,0
80,R,6656,1,3502,0
84,R,6656,1,3502,0
88,R,6656,1,3502,0
92,R,6656,1,3502,0
96,R,6656,1,3502,0
100,R,6656,1,3502,0
104,R,6656,1,3502,0
108,R,6656,1,3502,0
112,R,6656,1,3502,0
116,R,6656,1,3502,0
120,R,6656,1,3502,0
124,R,6656,1,3502,0
128,R,6656,1,3502,0
132,R,6656,1,3502,0
136,R,6656,1,3502,0
140,R,6656,1,3502,0
144,R,6656,1,3502,0
148,R,6656,1,3502,0
152,R,6656,1,3502,0
156,R,6656,1,3502,0
160,R,6656,1,3502,0
164,R,6656,1,3502,0
168,R,6656,1,3502,0
172,R,6656,1,3502,0
176,R,6656,1,3502,0
180,R,6656,1,3502,0
184,R,6656,1,3502,0
188,R,6656,1,3502,0
192,R,6656,1,3502,0
196,R,6656,1,3502,0
200,R,6656,1,3502,0
204,R,6656,1,3502,0
208,R,6656,1,3502,0
212,R,6656,1,3502,0
216,R,6656,1,3502,0
220,R,6656,1,3502,0
224,R,6656,1,3502,0
228,R,6656,1,3502,0
232,R,6656,1,3502,0
236,R,6656,1,3502,0
240,R,6656,1,3502,0
244,R,6656,1,3502,0
248,R,6656,1,3502,0
252,R,6656,1,3502,0
2048,W,6656,1,3505,0
2052,W,6656,1,3505,0
2056,W,6656,1,3505,0
2060,W,6656,1,3505,0
2064,W,6656,1,3505,0
2068,W,6656,1,3505,0
2072,W,6656,1,3505,0
2076,W,6656,1,3505,0
2080,W,6656,1,3505,0
2084,W,6656,1,3505,0
2088,W,6656,1,3505,0
2092,W,6656,1,3505,0
2096,W,6656,1,3505,0
2100,W,6656,1,3505,0
2104,W,6656,1,3505,0
2108,W,6656,1,3505,0
2112,W,6656,1,3505,0
2116,W,6656,1,3505,0
2120,W,6656,1,3505,0
2124,W,6656,1,3505,0
2128,W,6656,1,3505,0
2132,W,6656,1,3505,0
2136,W,6656,1,3505,0
2140,W,6656,1,3505,0
2144,W,6656,1,3505,0
2148,W,6656,1,3505,0
2152,W,6656,1,3505,0
2156,W,6656,1,3505,0
2160,W,6656,1,3505,0
2164,W,6656,1,3505,0
2168,W,6656,1,3505,0
2172,W,6656,1,3505,0
2176,W,6656,1,3505,0
2180,W,6656,1,3505,0
2184,W,6656,1,3505,0
2188,W,6656,1,3505,0
2192,W,6656,1,3505,0
2196,W,6656,1,3505,0
2200,W,6656,1,3505,0
2204,W,6656,1,3505,0
2208,W,6656,1,3505,0
2212,W,6656,1,3505,0
2216,W,6656,1,3505,0
2220,W,6656,1,3505,0
2224,W,6656,1,3505,0
2228,W,6656,1,3505,0
2232,W,6656,1,3505,0
2236,W,6656,1,3505,0
2240,W,6656,1,3505,0
2244,W,6656,1,3505,0
2248,W,6656,1,3505,0
2252,W,6656,1,3505,0
2256,W,6656,1,3505,0
2260,W,6656,1,3505,0
2264,W,6656,1,3505,0
2268,W,6656,1,3505,0
2272,W,6656,1,3505,0
2276,W,6656,1,3505,0
2280,W,6656,1,3505,0
2284,W,6656,1,3505,0
2288,W,6656,1,3505,0
2292,W,6656,1,3505,0
2296,W,6656,1,3505,0
2300,W,6656,1,3505,0
2304,R,6657,1,3509,0
2308,R,6657,1,3509,0
2312,R,6657,1,3509,0
2316,R,6657,1,3509,0
2320,R,6657,1,3509,0
2324,R,6657,1,3509,0
2328,R,6657,1,3509,0
2332,R,6657,1,3509,0
2336,R,6657,1,3509,0
2340,R,6657,1,3509,0
2344,R,6657,1,3509,0
2348,R,6657,1,3509,0
2352,R,6657,1,3509,0
2356,R,6657,1,3509,0
2360,R,6657,1,3509,0
2364,R,6657,1,3509,0
2368,R,6657,1,3509,0
2372,R,6657,1,3509,0
2376,R,6657,1,3509,0
2380,R,6657,1,3509,0
2384,R,6657,1,3509,0
2388,R,6657,1,3509,0
2392,R,6657,1,3509,0
2396,R,6657,1,3509,0
2400,R,6657,1,3509,0
2404,R,6657,1,3509,0
2408,R,6657,1,3509,0
2412,R,6657,1,3509,0
2416,R,6657,1,3509,0
2420,R,6657,1,3509,0
2424,R,6657,1,3509,0
2428,R,6657,1,3509,0
2432,R,6657,1,3509,0
2436,R,6657,1,3509,0
2440,R,6657,1,3509,0
2444,R,6657,1,3509,0
2448,R,6657,1,3509,0
2452,R,6657,1,3509,0
2456,R,6657,1,3509,0
2460,R,6657,1,3509,0
2464,R,6657,1,3509,0
2468,R,6657,1,3509,0
2472,R,6657,1,3509,0
2476,R,6657,1,3509,0
2480,R,6657,1,3509,0
2484,R,6657,1,3509,0
2488,R,6657,1,3509,0
2492,R,6657,1,3509,0
2496,R,6657,1,3509,0
2500,R,6657,1,3509,0
2504,R,6657,1,3509,0
2508,R,6657,1,3509,0
2512,R,6657,1,3509,0
2516,R,6657,1,3509,0
2520,R,6657,1,3509,0
2524,R,6657,1,3509,0
2528,R,6657,1,3509,0
2532,R,6657,1,3509,0
2536,R,6657,1,3509,0
2540,R,6657,1,3509,0
2544,R,6657,1,3509,0
2548,R,6657,1,3509,0
2552,R,6657,1,3509,0
2556,R,6657,1,3509,0
256,R,6657,1,3510,0
260,R,6657,1,3510,0
264,R,6657,1,3510,0
268,R,6657,1,3510,0
272,R,6657,1,3510,0
276,R,6657,1,3510,0
280,R,6657,1,3510,0
284,R,6657,1,3510,0
288,R,6657,1,3510,0
292,R,6657,1,3510,0
296,R,6657,1,3510,0
300,R,6657,1,3510,0
304,R,6657,1,3510,0
308,R,6657,1,3510,0
312,R,6657,1,3510,0
316,R,6657,1,3510,0
320,R,6657,1,3510,0
324,R,6657,1,3510,0
328,R,6657,1,3510,0
332,R,6657,1,3510,0
336,R,6657,1,3510,0
340,R,6657,1,3510,0
344,R,6657,1,3510,0
348,R,6657,1,3510,0
352,R,6657,1,3510,0
356,R,6657,1,3510,0
360,R,6657,1,3510,0
364,R,6657,1,3510,0
368,R,6657,1,3510,0
372,R,6657,1,3510,0
376,R,6657,1,3510,0
380,R,6657,1,3510,0
384,R,6657,1,3510,0
388,R,6657,1,3510,0
392,R,6657,1,3510,0
396,R,6657,1,3510,0
400,R,6657,1,3510,0
404,R,6657,1,3510,0
408,R,6657,1,3510,0
412,R,6657,1,3510,0
416,R,6657,1,3510,0
420,R,6657,1,3510,0
424,R,6657,1,3510,0
428,R,6657,1,3510,0
432,R,6657,1,3510,0
436,R,6657,1,3510,0
440,R,6657,1,3510,0
444,R,6657,1,3510,0
448,R,6657,1,3510,0
452,R,6657,1,3510,0
456,R,6657,1,3510,0
460,R,6657,1,3510,0
464,R,6657,1,3510,0
468,R,6657,1,3510,0
472,R,6657,1,3510,0
476,R,6657,1,3510,0
480,R,6657,1,3510,0
484,R,6657,1,3510,0
488,R,6657,1,3510,0
492,R,6657,1,3510,0
496,R,6657,1,3510,0
500,R,6657,1,3510,0
504,R,6657,1,3510,0
508,R,6657,1,3510,0
2304,W,6657,1,3513,0
2308,W,6657,1,3513,0
2312,W,6657,1,3513,0
2316,W,6657,1,3513,0
2320,W,6657,1,3513,0
2324,W,6657,1,3513,0
2328,W,6657,1,3513,0
2332,W,6657,1,3513,0
2336,W,6657,1,3513,0
2340,W,6657,1,3513,0
2344,W,6657,1,3513,0
2348,W,6657,1,3513,0
2352,W,6657,1,3513,0
2356,W,6657,1,3513,0
2360,W,6657,1,3513,0
2364,W,6657,1,3513,0
2368,W,6657,1,3513,0
2372,W,6657,1,3513,0
2376,W,6657,1,3513,0
2380,W,6657,1,3513,0
2384,W,6657,1,3513,0
2388,W,6657,1,3513,0
2392,W,6657,1,3513,0
2396,W,6657,1,3513,0
2400,W,6657,1,3513,0
2404,W,6657,1,3513,0
2408,W,6657,1,3513,0
2412,W,6657,1,3513,0
2416,W,6657,1,3513,0
2420,W,6657,1,3513,0
2424,W,6657,1,3513,0
2428,W,6657,1,3513,0
2432,W,6657,1,3513,0
2436,W,6657,1,3513,0
2440,W,6657,1,3513,0
2444,W,6657,1,3513,0
2448,W,6657,1,3513,0
2452,W,6657,1,3513,0
2456,W,6657,1,3513,0
2460,W,6657,1,3513,0
2464,W,6657,1,3513,0
2468,W,6657,1,3513,0
2472,W,6657,1,3513,0
2476,W,6657,1,3513,0
2480,W,6657,1,3513,0
2484,W,6657,1,3513,0
2488,W,6657,1,3513,0
2492,W,6657,1,3513,0
2496,W,6657,1,3513,0
2500,W,6657,1,3513,0
2504,W,6657,1,3513,0
2508,W,6657,1,3513,0
2512,W,6657,1,3513,0
2516,W,6657,1,3513,0
2520,W,6657,1,3513,0
2524,W,6657,1,3513,0
2528,W,6657,1,3513,0
2532,W,6657,1,3513,0
2536,W,6657,1,3513,0
2540,W,6657,1,3513,0
2544,W,6657,1,3513,0
2548,W,6657,1,3513,0
2552,W,6657,1,3513,0
2556,W,6657,1,3513,0
0,W,6660,1,2249,0
4,W,6660,1,2249,0
8,W,6660,1,2249,0
12,W,6660,1,2249,0
16,W,6660,1,2249,0
20,W,6660,1,2249,0
24,W,6660,1,2249,0
28,W,6660,1,2249,0
32,W,6660,1,2249,0
36,W,6660,1,2249,0
40,W,6660,1,2249,0
44,W,6660,1,2249,0
48,W,6660,1,2249,0
52,W,6660,1,2249,0
56,W,6660,1,2249,0
60,W,6660,1,2249,0
64,W,6660,1,2249,0
68,W,6660,1,2249,0
72,W,6660,1,2249,0
76,W,6660,1,2249,0
80,W,6660,1,2249,0
84,W,6660,1,2249,0
88,W,6660,1,2249,0
92,W,6660,1,2249,0
96,W,6660,1,2249,0
100,W,6660,1,2249,0
104,W,6660,1,2249,0
108,W,6660,1,2249,0
112,W,6660,1,2249,0
116,W,6660,1,2249,0
120,W,6660,1,2249,0
124,W,6660,1,2249,0
128,W,6660,1,2249,0
132,W,6660,1,2249,0
136,W,6660,1,2249,0
140,W,6660,1,2249,0
144,W,6660,1,2249,0
148,W,6660,1,2249,0
152,W,6660,1,2249,0
156,W,6660,1,2249,0
160,W,6660,1,2249,0
164,W,6660,1,2249,0
168,W,6660,1,2249,0
172,W,6660,1,2249,0
176,W,6660,1,2249,0
180,W,6660,1,2249,0
184,W,6660,1,2249,0
188,W,6660,1,2249,0
192,W,6660,1,2249,0
196,W,6660,1,2249,0
200,W,6660,1,2249,0
204,W,6660,1,2249,0
208,W,6660,1,2249,0
212,W,6660,1,2249,0
216,W,6660,1,2249,0
220,W,6660,1,2249,0
224,W,6660,1,2249,0
228,W,6660,1,2249,0
232,W,6660,1,2249,0
236,W,6660,1,2249,0
240,W,6660,1,2249,0
244,W,6660,1,2249,0
248,W,6660,1,2249,0
252,W,6660,1,2249,0
256,W,6660,1,2249,0
260,W,6660,1,2249,0
264,W,6660,1,2249,0
268,W,6660,1,2249,0
272,W,6660,1,2249,0
276,W,6660,1,2249,0
280,W,6660,1,2249,0
284,W,6660,1,2249,0
288,W,6660,1,2249,0
292,W,6660,1,2249,0
296,W,6660,1,2249,0
300,W,6660,1,2249,0
304,W,6660,1,2249,0
308,W,6660,1,2249,0
312,W,6660,1,2249,0
316,W,6660,1,2249,0
320,W,6660,1,2249,0
324,W,6660,1,2249,0
328,W,6660,1,2249,0
332,W,6660,1,2249,0
336,W,6660,1,2249,0
340,W,6660,1,2249,0
344,W,6660,1,2249,0
348,W,6660,1,2249,0
352,W,6660,1,2249,0
356,W,6660,1,2249,0
360,W,6660,1,2249,0
364,W,6660,1,2249,0
368,W,6660,1,2249,0
372,W,6660,1,2249,0
376,W,6660,1,2249,0
380,W,6660,1,2249,0
384,W,6660,1,2249,0
388,W,6660,1,2249,0
392,W,6660,1,2249,0
396,W,6660,1,2249,0
400,W,6660,1,2249,0
404,W,6660,1,2249,0
408,W,6660,1,2249,0
412,W,6660,1,2249,0
416,W,6660,1,2249,0
420,W,6660,1,2249,0
424,W,6660,1,2249,0
428,W,6660,1,2249,0
432,W,6660,1,2249,0
436,W,6660,1,2249,0
440,W,6660,1,2249,0
444,W,6660,1,2249,0
448,W,6660,1,2249,0
452,W,6660,1,2249,0
456,W,6660,1,2249,0
460,W,6660,1,2249,0
464,W,6660,1,2249,0
468,W,6660,1,2249,0
472,W,6660,1,2249,0
476,W,6660,1,2249,0
480,W,6660,1,2249,0
484,W,6660,1,2249,0
488,W,6660,1,2249,0
492,W,6660,1,2249,0
496,W,6660,1,2249,0
500,W,6660,1,2249,0
504,W,6660,1,2249,0
508,W,6660,1,2249,0
2048,R,6664,1,3517,0
2052,R,6664,1,3517,0
2056,R,6664,1,3517,0
2060,R,6664,1,3517,0
2064,R,6664,1,3517,0
2068,R,6664,1,3517,0
2072,R,6664,1,3517,0
2076,R,6664,1,3517,0
2080,R,6664,1,3517,0
2084,R,6664,1,3517,0
2088,R,6664,1,3517,0
2092,R,6664,1,3517,0
2096,R,6664,1,3517,0
2100,R,6664,1,3517,0
2104,R,6664,1,3517,0
2108,R,6664,1,3517,0
2112,R,6664,1,3517,0
2116,R,6664,1,3517,0
2120,R,6664,1,3517,0
2124,R,6664,1,3517,0
2128,R,6664,1,3517,0
2132,R,6664,1,3517,0
2136,R,6664,1,3517,0
2140,R,6664,1,3517,0
2144,R,6664,1,3517,0
2148,R,6664,1,3517,0
2152,R,6664,1,3517,0
2156,R,6664,1,3517,0
2160,R,6664,1,3517,0
2164,R,6664,1,3517,0
2168,R,6664,1,3517,0
2172,R,6664,1,3517,0
2176,R,6664,1,3517,0
2180,R,6664,1,3517,0
2184,R,6664,1,3517,0
2188,R,6664,1,3517,0
2192,R,6664,1,3517,0
2196,R,6664,1,3517,0
2200,R,6664,1,3517,0
2204,R,6664,1,3517,0
2208,R,6664,1,3517,0
2212,R,6664,1,3517,0
2216,R,6664,1,3517,0
2220,R,6664,1,3517,0
2224,R,6664,1,3517,0
2228,R,6664,1,3517,0
2232,R,6664,1,3517,0
2236,R,6664,1,3517,0
2240,R,6664,1,3517,0
2244,R,6664,1,3517,0
2248,R,6664,1,3517,0
2252,R,6664,1,3517,0
2256,R,6664,1,3517,0
2260,R,6664,1,3517,0
2264,R,6664,1,3517,0
2268,R,6664,1,3517,0
2272,R,6664,1,3517,0
2276,R,6664,1,3517,0
2280,R,6664,1,3517,0
2284,R,6664,1,3517,0
2288,R,6664,1,3517,0
2292,R,6664,1,3517,0
2296,R,6664,1,3517,0
2300,R,6664,1,3517,0
2048,W,6664,1,3521,0
2052,W,6664,1,3521,0
2056,W,6664,1,3521,0
2060,W,6664,1,3521,0
2064,W,6664,1,3521,0
2068,W,6664,1,3521,0
2072,W,6664,1,3521,0
2076,W,6664,1,3521,0
2080,W,6664,1,3521,0
2084,W,6664,1,3521,0
2088,W,6664,1,3521,0
2092,W,6664,1,3521,0
2096,W,6664,1,3521,0
2100,W,6664,1,3521,0
2104,W,6664,1,3521,0
2108,W,6664,1,3521,0
2112,W,6664,1,3521,0
2116,W,6664,1,3521,0
2120,W,6664,1,3521,0
2124,W,6664,1,3521,0
2128,W,6664,1,3521,0
2132,W,6664,1,3521,0
2136,W,6664,1,3521,0
2140,W,6664,1,3521,0
2144,W,6664,1,3521,0
2148,W,6664,1,3521,0
2152,W,6664,1,3521,0
2156,W,6664,1,3521,0
2160,W,6664,1,3521,0
2164,W,6664,1,3521,0
2168,W,6664,1,3521,0
2172,W,6664,1,3521,0
2176,W,6664,1,3521,0
2180,W,6664,1,3521,0
2184,W,6664,1,3521,0
2188,W,6664,1,3521,0
2192,W,6664,1,3521,0
2196,W,6664,1,3521,0
2200,W,6664,1,3521,0
2204,W,6664,1,3521,0
2208,W,6664,1,3521,0
2212,W,6664,1,3521,0
2216,W,6664,1,3521,0
2220,W,6664,1,3521,0
2224,W,6664,1,3521,0
2228,W,6664,1,3521,0
2232,W,6664,1,3521,0
2236,W,6664,1,3521,0
2240,W,6664,1,3521,0
2244,W,6664,1,3521,0
2248,W,6664,1,3521,0
2252,W,6664,1,3521,0
2256,W,6664,1,3521,0
2260,W,6664,1,3521,0
2264,W,6664,1,3521,0
2268,W,6664,1,3521,0
2272,W,6664,1,3521,0
2276,W,6664,1,3521,0
2280,W,6664,1,3521,0
2284,W,6664,1,3521,0
2288,W,6664,1,3521,0
2292,W,6664,1,3521,0
2296,W,6664,1,3521,0
2300,W,6664,1,3521,0
2304,R,6665,1,3522,0
2308,R,6665,1,3522,0
2312,R,6665,1,3522,0
2316,R,6665,1,3522,0
2320,R,6665,1,3522,0
2324,R,6665,1,3522,0
2328,R,6665,1,3522,0
2332,R,6665,1,3522,0
2336,R,6665,1,3522,0
2340,R,6665,1,3522,0
2344,R,6665,1,3522,0
2348,R,6665,1,3522,0
2352,R,6665,1,3522,0
2356,R,6665,1,3522,0
2360,R,6665,1,3522,0
2364,R,6665,1,3522,0
2368,R,6665,1,3522,0
2372,R,6665,1,3522,0
2376,R,6665,1,3522,0
2380,R,6665,1,3522,0
2384,R,6665,1,3522,0
2388,R,6665,1,3522,0
2392,R,6665,1,3522,0
2396,R,6665,1,3522,0
2400,R,6665,1,3522,0
2404,R,6665,1,3522,0
2408,R,6665,1,3522,0
2412,R,6665,1,3522,0
2416,R,6665,1,3522,0
2420,R,6665,1,3522,0
2424,R,6665,1,3522,0
2428,R,6665,1,3522,0
2432,R,6665,1,3522,0
2436,R,6665,1,3522,0
2440,R,6665,1,3522,0
2444,R,6665,1,3522,0
2448,R,6665,1,3522,0
2452,R,6665,1,3522,0
2456,R,6665,1,3522,0
2460,R,6665,1,3522,0
2464,R,6665,1,3522,0
2468,R,6665,1,3522,0
2472,R,6665,1,3522,0
2476,R,6665,1,3522,0
2480,R,6665,1,3522,0
2484,R,6665,1,3522,0
2488,R,6665,1,3522,0
2492,R,6665,1,3522,0
2496,R,6665,1,3522,0
2500,R,6665,1,3522,0
2504,R,6665,1,3522,0
2508,R,6665,1,3522,0
2512,R,6665,1,3522,0
2516,R,6665,1,3522,0
2520,R,6665,1,3522,0
2524,R,6665,1,3522,0
2528,R,6665,1,3522,0
2532,R,6665,1,3522,0
2536,R,6665,1,3522,0
2540,R,6665,1,3522,0
2544,R,6665,1,3522,0
2548,R,6665,1,3522,0
2552,R,6665,1,3522,0
2556,R,6665,1,3522,0
2304,W,6665,1,3526,0
2308,W,6665,1,3526,0
2312,W,6665,1,3526,0
2316,W,6665,1,3526,0
2320,W,6665,1,3526,0
2324,W,6665,1,3526,0
2328,W,6665,1,3526,0
2332,W,6665,1,3526,0
2336,W,6665,1,3526,0
2340,W,6665,1,3526,0
2344,W,6665,1,3526,0
2348,W,6665,1,3526,0
2352,W,6665,1,3526,0
2356,W,6665,1,3526,0
2360,W,6665,1,3526,0
2364,W,6665,1,3526,0
2368,W,6665,1,3526,0
2372,W,6665,1,3526,0
2376,W,6665,1,3526,0
2380,W,6665,1,3526,0
2384,W,6665,1,3526,0
2388,W,6665,1,3526,0
2392,W,6665,1,3526,0
2396,W,6665,1,3526,0
2400,W,6665,1,3526,0
2404,W,6665,1,3526,0
2408,W,6665,1,3526,0
2412,W,6665,1,3526,0
2416,W,6665,1,3526,0
2420,W,6665,1,3526,0
2424,W,6665,1,3526,0
2428,W,6665,1,3526,0
2432,W,6665,1,3526,0
2436,W,6665,1,3526,0
2440,W,6665,1,3526,0
2444,W,6665,1,3526,0
2448,W,6665,1,3526,0
2452,W,6665,1,3526,0
2456,W,6665,1,3526,0
2460,W,6665,1,3526,0
2464,W,6665,1,3526,0
2468,W,6665,1,3526,0
2472,W,6665,1,3526,0
2476,W,6665,1,3526,0
2480,W,6665,1,3526,0
2484,W,6665,1,3526,0
2488,W,6665,1,3526,0
2492,W,6665,1,3526,0
2496,W,6665,1,3526,0
2500,W,6665,1,3526,0
2504,W,6665,1,3526,0
2508,W,6665,1,3526,0
2512,W,6665,1,3526,0
2516,W,6665,1,3526,0
2520,W,6665,1,3526,0
2524,W,6665,1,3526,0
2528,W,6665,1,3526,0
2532,W,6665,1,3526,0
2536,W,6665,1,3526,0
2540,W,6665,1,3526,0
2544,W,6665,1,3526,0
2548,W,6665,1,3526,0
2552,W,6665,1,3526,0
2556,W,6665,1,3526,0
0,R,6672,1,3534,0
4,R,6672,1,3534,0
8,R,6672,1,3534,0
12,R,6672,1,3534,0
16,R,6672,1,3534,0
20,R,6672,1,3534,0
24,R,6672,1,3534,0
28,R,6672,1,3534,0
32,R,6672,1,3534,0
36,R,6672,1,3534,0
40,R,6672,1,3534,0
44,R,6672,1,3534,0
48,R,6672,1,3534,0
52,R,6672,1,3534,0
56,R,6672,1,3534,0
60,R,6672,1,3534,0
64,R,6672,1,3534,0
68,R,6672,1,3534,0
72,R,6672,1,3534,0
76,R,6672,1,3534,0
80,R,6672,1,3534,0
84,R,6672,1,3534,0
88,R,6672,1,3534,0
92,R,6672,1,3534,0
96,R,6672,1,3534,0
100,R,6672,1,3534,0
104,R,6672,1,3534,0
108,R,6672,1,3534,0
112,R,6672,1,3534,0
116,R,6672,1,3534,0
120,R,6672,1,3534,0
124,R,6672,1,3534,0
128,R,6672,1,3534,0
132,R,6672,1,3534,0
136,R,6672,1,3534,0
140,R,6672,1,3534,0
144,R,6672,1,3534,0
148,R,6672,1,3534,0
152,R,6672,1,3534,0
156,R,6672,1,3534,0
160,R,6672,1,3534,0
164,R,6672,1,3534,0
168,R,6672,1,3534,0
172,R,6672,1,3534,0
176,R,6672,1,3534,0
180,R,6672,1,3534,0
184,R,6672,1,3534,0
188,R,6672,1,3534,0
192,R,6672,1,3534,0
196,R,6672,1,3534,0
200,R,6672,1,3534,0
204,R,6672,1,3534,0
208,R,6672,1,3534,0
212,R,6672,1,3534,0
216,R,6672,1,3534,0
220,R,6672,1,3534,0
224,R,6672,1,3534,0
228,R,6672,1,3534,0
232,R,6672,1,3534,0
236,R,6672,1,3534,0
240,R,6672,1,3534,0
244,R,6672,1,3534,0
248,R,6672,1,3534,0
252,R,6672,1,3534,0
2048,R,6672,1,3535,0
2052,R,6672,1,3535,0
2056,R,6672,1,3535,0
2060,R,6672,1,3535,0
2064,R,6672,1,3535,0
2068,R,6672,1,3535,0
2072,R,6672,1,3535,0
2076,R,6672,1,3535,0
2080,R,6672,1,3535,0
2084,R,6672,1,3535,0
2088,R,6672,1,3535,0
2092,R,6672,1,3535,0
2096,R,6672,1,3535,0
2100,R,6672,1,3535,0
2104,R,6672,1,3535,0
2108,R,6672,1,3535,0
2112,R,6672,1,3535,0
2116,R,6672,1,3535,0
2120,R,6672,1,3535,0
2124,R,6672,1,3535,0
2128,R,6672,1,3535,0
2132,R,6672,1,3535,0
2136,R,6672,1,3535,0
2140,R,6672,1,3535,0
2144,R,6672,1,3535,0
2148,R,6672,1,3535,0
2152,R,6672,1,3535,0
2156,R,6672,1,3535,0
2160,R,6672,1,3535,0
2164,R,6672,1,3535,0
2168,R,6672,1,3535,0
2172,R,6672,1,3535,0
2176,R,6672,1,3535,0
2180,R,6672,1,3535,0
2184,R,6672,1,3535,0
2188,R,6672,1,3535,0
2192,R,6672,1,3535,0
2196,R,6672,1,3535,0
2200,R,6672,1,3535,0
2204,R,6672,1,3535,0
2208,R,6672,1,3535,0
2212,R,6672,1,3535,0
2216,R,6672,1,3535,0
2220,R,6672,1,3535,0
2224,R,6672,1,3535,0
2228,R,6672,1,3535,0
2232,R,6672,1,3535,0
2236,R,6672,1,3535,0
2240,R,6672,1,3535,0
2244,R,6672,1,3535,0
2248,R,6672,1,3535,0
2252,R,6672,1,3535,0
2256,R,6672,1,3535,0
2260,R,6672,1,3535,0
2264,R,6672,1,3535,0
2268,R,6672,1,3535,0
2272,R,6672,1,3535,0
2276,R,6672,1,3535,0
2280,R,6672,1,3535,0
2284,R,6672,1,3535,0
2288,R,6672,1,3535,0
2292,R,6672,1,3535,0
2296,R,6672,1,3535,0
2300,R,6672,1,3535,0
2048,W,6672,1,3538,0
2052,W,6672,1,3538,0
2056,W,6672,1,3538,0
2060,W,6672,1,3538,0
2064,W,6672,1,3538,0
2068,W,6672,1,3538,0
2072,W,6672,1,3538,0
2076,W,6672,1,3538,0
2080,W,6672,1,3538,0
2084,W,6672,1,3538,0
2088,W,6672,1,3538,0
2092,W,6672,1,3538,0
2096,W,6672,1,3538,0
2100,W,6672,1,3538,0
2104,W,6672,1,3538,0
2108,W,6672,1,3538,0
2112,W,6672,1,3538,0
2116,W,6672,1,3538,0
2120,W,6672,1,3538,0
2124,W,6672,1,3538,0
2128,W,6672,1,3538,0
2132,W,6672,1,3538,0
2136,W,6672,1,3538,0
2140,W,6672,1,3538,0
2144,W,6672,1,3538,0
2148,W,6672,1,3538,0
2152,W,6672,1,3538,0
2156,W,6672,1,3538,0
2160,W,6672,1,3538,0
2164,W,6672,1,3538,0
2168,W,6672,1,3538,0
2172,W,6672,1,3538,0
2176,W,6672,1,3538,0
2180,W,6672,1,3538,0
2184,W,6672,1,3538,0
2188,W,6672,1,3538,0
2192,W,6672,1,3538,0
2196,W,6672,1,3538,0
2200,W,6672,1,3538,0
2204,W,6672,1,3538,0
2208,W,6672,1,3538,0
2212,W,6672,1,3538,0
2216,W,6672,1,3538,0
2220,W,6672,1,3538,0
2224,W,6672,1,3538,0
2228,W,6672,1,3538,0
2232,W,6672,1,3538,0
2236,W,6672,1,3538,0
2240,W,6672,1,3538,0
2244,W,6672,1,3538,0
2248,W,6672,1,3538,0
2252,W,6672,1,3538,0
2256,W,6672,1,3538,0
2260,W,6672,1,3538,0
2264,W,6672,1,3538,0
2268,W,6672,1,3538,0
2272,W,6672,1,3538,0
2276,W,6672,1,3538,0
2280,W,6672,1,3538,0
2284,W,6672,1,3538,0
2288,W,6672,1,3538,0
2292,W,6672,1,3538,0
2296,W,6672,1,3538,0
2300,W,6672,1,3538,0
256,R,6673,1,3543,0
260,R,6673,1,3543,0
264,R,6673,1,3543,0
268,R,6673,1,3543,0
272,R,6673,1,3543,0
276,R,6673,1,3543,0
280,R,6673,1,3543,0
284,R,6673,1,3543,0
288,R,6673,1,3543,0
292,R,6673,1,3543,0
296,R,6673,1,3543,0
300,R,6673,1,3543,0
304,R,6673,1,3543,0
308,R,6673,1,3543,0
312,R,6673,1,3543,0
316,R,6673,1,3543,0
320,R,6673,1,3543,0
324,R,6673,1,3543,0
328,R,6673,1,3543,0
332,R,6673,1,3543,0
336,R,6673,1,3543,0
340,R,6673,1,3543,0
344,R,6673,1,3543,0
348,R,6673,1,3543,0
352,R,6673,1,3543,0
356,R,6673,1,3543,0
360,R,6673,1,3543,0
364,R,6673,1,3543,0
368,R,6673,1,3543,0
372,R,6673,1,3543,0
376,R,6673,1,3543,0
380,R,6673,1,3543,0
384,R,6673,1,3543,0
388,R,6673,1,3543,0
392,R,6673,1,3543,0
396,R,6673,1,3543,0
400,R,6673,1,3543,0
404,R,6673,1,3543,0
408,R,6673,1,3543,0
412,R,6673,1,3543,0
416,R,6673,1,3543,0
420,R,6673,1,3543,0
424,R,6673,1,3543,0
428,R,6673,1,3543,0
432,R,6673,1,3543,0
436,R,6673,1,3543,0
440,R,6673,1,3543,0
444,R,6673,1,3543,0
448,R,6673,1,3543,0
452,R,6673,1,3543,0
456,R,6673,1,3543,0
460,R,6673,1,3543,0
464,R,6673,1,3543,0
468,R,6673,1,3543,0
472,R,6673,1,3543,0
476,R,6673,1,3543,0
480,R,6673,1,3543,0
484,R,6673,1,3543,0
488,R,6673,1,3543,0
492,R,6673,1,3543,0
496,R,6673,1,3543,0
500,R,6673,1,3543,0
504,R,6673,1,3543,0
508,R,6673,1,3543,0
2304,R,6673,1,3544,0
2308,R,6673,1,3544,0
2312,R,6673,1,3544,0
2316,R,6673,1,3544,0
2320,R,6673,1,3544,0
2324,R,6673,1,3544,0
2328,R,6673,1,3544,0
2332,R,6673,1,3544,0
2336,R,6673,1,3544,0
2340,R,6673,1,3544,0
2344,R,6673,1,3544,0
2348,R,6673,1,3544,0
2352,R,6673,1,3544,0
2356,R,6673,1,3544,0
2360,R,6673,1,3544,0
2364,R,6673,1,3544,0
2368,R,6673,1,3544,0
2372,R,6673,1,3544,0
2376,R,6673,1,3544,0
2380,R,6673,1,3544,0
2384,R,6673,1,3544,0
2388,R,6673,1,3544,0
2392,R,6673,1,3544,0
2396,R,6673,1,3544,0
2400,R,6673,1,3544,0
2404,R,6673,1,3544,0
2408,R,6673,1,3544,0
2412,R,6673,1,3544,0
2416,R,6673,1,3544,0
2420,R,6673,1,3544,0
2424,R,6673,1,3544,0
2428,R,6673,1,3544,0
2432,R,6673,1,3544,0
2436,R,6673,1,3544,0
2440,R,6673,1,3544,0
2444,R,6673,1,3544,0
2448,R,6673,1,3544,0
2452,R,6673,1,3544,0
2456,R,6673,1,3544,0
2460,R,6673,1,3544,0
2464,R,6673,1,3544,0
2468,R,6673,1,3544,0
2472,R,6673,1,3544,0
2476,R,6673,1,3544,0
2480,R,6673,1,3544,0
2484,R,6673,1,3544,0
2488,R,6673,1,3544,0
2492,R,6673,1,3544,0
2496,R,6673,1,3544,0
2500,R,6673,1,3544,0
2504,R,6673,1,3544,0
2508,R,6673,1,3544,0
2512,R,6673,1,3544,0
2516,R,6673,1,3544,0
2520,R,6673,1,3544,0
2524,R,6673,1,3544,0
2528,R,6673,1,3544,0
2532,R,6673,1,3544,0
2536,R,6673,1,3544,0
2540,R,6673,1,3544,0
2544,R,6673,1,3544,0
2548,R,6673,1,3544,0
2552,R,6673,1,3544,0
2556,R,6673,1,3544,0
2304,W,6673,1,3547,0
2308,W,6673,1,3547,0
2312,W,6673,1,3547,0
2316,W,6673,1,3547,0
2320,W,6673,1,3547,0
2324,W,6673,1,3547,0
2328,W,6673,1,3547,0
2332,W,6673,1,3547,0
2336,W,6673,1,3547,0
2340,W,6673,1,3547,0
2344,W,6673,1,3547,0
2348,W,6673,1,3547,0
2352,W,6673,1,3547,0
2356,W,6673,1,3547,0
2360,W,6673,1,3547,0
2364,W,6673,1,3547,0
2368,W,6673,1,3547,0
2372,W,6673,1,3547,0
2376,W,6673,1,3547,0
2380,W,6673,1,3547,0
2384,W,6673,1,3547,0
2388,W,6673,1,3547,0
2392,W,6673,1,3547,0
2396,W,6673,1,3547,0
2400,W,6673,1,3547,0
2404,W,6673,1,3547,0
2408,W,6673,1,3547,0
2412,W,6673,1,3547,0
2416,W,6673,1,3547,0
2420,W,6673,1,3547,0
2424,W,6673,1,3547,0
2428,W,6673,1,3547,0
2432,W,6673,1,3547,0
2436,W,6673,1,3547,0
2440,W,6673,1,3547,0
2444,W,6673,1,3547,0
2448,W,6673,1,3547,0
2452,W,6673,1,3547,0
2456,W,6673,1,3547,0
2460,W,6673,1,3547,0
2464,W,6673,1,3547,0
2468,W,6673,1,3547,0
2472,W,6673,1,3547,0
2476,W,6673,1,3547,0
2480,W,6673,1,3547,0
2484,W,6673,1,3547,0
2488,W,6673,1,3547,0
2492,W,6673,1,3547,0
2496,W,6673,1,3547,0
2500,W,6673,1,3547,0
2504,W,6673,1,3547,0
2508,W,6673,1,3547,0
2512,W,6673,1,3547,0
2516,W,6673,1,3547,0
2520,W,6673,1,3547,0
2524,W,6673,1,3547,0
2528,W,6673,1,3547,0
2532,W,6673,1,3547,0
2536,W,6673,1,3547,0
2540,W,6673,1,3547,0
2544,W,6673,1,3547,0
2548,W,6673,1,3547,0
2552,W,6673,1,3547,0
2556,W,6673,1,3547,0
0,R,6683,1,3555,0
4,R,6683,1,3555,0
8,R,6683,1,3555,0
12,R,6683,1,3555,0
16,R,6683,1,3555,0
20,R,6683,1,3555,0
24,R,6683,1,3555,0
28,R,6683,1,3555,0
32,R,6683,1,3555,0
36,R,6683,1,3555,0
40,R,6683,1,3555,0
44,R,6683,1,3555,0
48,R,6683,1,3555,0
52,R,6683,1,3555,0
56,R,6683,1,3555,0
60,R,6683,1,3555,0
64,R,6683,1,3555,0
68,R,6683,1,3555,0
72,R,6683,1,3555,0
76,R,6683,1,3555,0
80,R,6683,1,3555,0
84,R,6683,1,3555,0
88,R,6683,1,3555,0
92,R,6683,1,3555,0
96,R,6683,1,3555,0
100,R,6683,1,3555,0
104,R,6683,1,3555,0
108,R,6683,1,3555,0
112,R,6683,1,3555,0
116,R,6683,1,3555,0
120,R,6683,1,3555,0
124,R,6683,1,3555,0
128,R,6683,1,3555,0
132,R,6683,1,3555,0
136,R,6683,1,3555,0
140,R,6683,1,3555,0
144,R,6683,1,3555,0
148,R,6683,1,3555,0
152,R,6683,1,3555,0
156,R,6683,1,3555,0
160,R,6683,1,3555,0
164,R,6683,1,3555,0
168,R,6683,1,3555,0
172,R,6683,1,3555,0
176,R,6683,1,3555,0
180,R,6683,1,3555,0
184,R,6683,1,3555,0
188,R,6683,1,3555,0
192,R,6683,1,3555,0
196,R,6683,1,3555,0
200,R,6683,1,3555,0
204,R,6683,1,3555,0
208,R,6683,1,3555,0
212,R,6683,1,3555,0
216,R,6683,1,3555,0
220,R,6683,1,3555,0
224,R,6683,1,3555,0
228,R,6683,1,3555,0
232,R,6683,1,3555,0
236,R,6683,1,3555,0
240,R,6683,1,3555,0
244,R,6683,1,3555,0
248,R,6683,1,3555,0
252,R,6683,1,3555,0
2048,W,6683,1,3558,0
2052,W,6683,1,3558,0
2056,W,6683,1,3558,0
2060,W,6683,1,3558,0
2064,W,6683,1,3558,0
2068,W,6683,1,3558,0
2072,W,6683,1,3558,0
2076,W,6683,1,3558,0
2080,W,6683,1,3558,0
2084,W,6683,1,3558,0
2088,W,6683,1,3558,0
2092,W,6683,1,3558,0
2096,W,6683,1,3558,0
2100,W,6683,1,3558,0
2104,W,6683,1,3558,0
2108,W,6683,1,3558,0
2112,W,6683,1,3558,0
2116,W,6683,1,3558,0
2120,W,6683,1,3558,0
2124,W,6683,1,3558,0
2128,W,6683,1,3558,0
2132,W,6683,1,3558,0
2136,W,6683,1,3558,0
2140,W,6683,1,3558,0
2144,W,6683,1,3558,0
2148,W,6683,1,3558,0
2152,W,6683,1,3558,0
2156,W,6683,1,3558,0
2160,W,6683,1,3558,0
2164,W,6683,1,3558,0
2168,W,6683,1,3558,0
2172,W,6683,1,3558,0
2176,W,6683,1,3558,0
2180,W,6683,1,3558,0
2184,W,6683,1,3558,0
2188,W,6683,1,3558,0
2192,W,6683,1,3558,0
2196,W,6683,1,3558,0
2200,W,6683,1,3558,0
2204,W,6683,1,3558,0
2208,W,6683,1,3558,0
2212,W,6683,1,3558,0
2216,W,6683,1,3558,0
2220,W,6683,1,3558,0
2224,W,6683,1,3558,0
2228,W,6683,1,3558,0
2232,W,6683,1,3558,0
2236,W,6683,1,3558,0
2240,W,6683,1,3558,0
2244,W,6683,1,3558,0
2248,W,6683,1,3558,0
2252,W,6683,1,3558,0
2256,W,6683,1,3558,0
2260,W,6683,1,3558,0
2264,W,6683,1,3558,0
2268,W,6683,1,3558,0
2272,W,6683,1,3558,0
2276,W,6683,1,3558,0
2280,W,6683,1,3558,0
2284,W,6683,1,3558,0
2288,W,6683,1,3558,0
2292,W,6683,1,3558,0
2296,W,6683,1,3558,0
2300,W,6683,1,3558,0
256,R,6684,1,3559,0
260,R,6684,1,3559,0
264,R,6684,1,3559,0
268,R,6684,1,3559,0
272,R,6684,1,3559,0
276,R,6684,1,3559,0
280,R,6684,1,3559,0
284,R,6684,1,3559,0
288,R,6684,1,3559,0
292,R,6684,1,3559,0
296,R,6684,1,3559,0
300,R,6684,1,3559,0
304,R,6684,1,3559,0
308,R,6684,1,3559,0
312,R,6684,1,3559,0
316,R,6684,1,3559,0
320,R,6684,1,3559,0
324,R,6684,1,3559,0
328,R,6684,1,3559,0
332,R,6684,1,3559,0
336,R,6684,1,3559,0
340,R,6684,1,3559,0
344,R,6684,1,3559,0
348,R,6684,1,3559,0
352,R,6684,1,3559,0
356,R,6684,1,3559,0
360,R,6684,1,3559,0
364,R,6684,1,3559,0
368,R,6684,1,3559,0
372,R,6684,1,3559,0
376,R,6684,1,3559,0
380,R,6684,1,3559,0
384,R,6684,1,3559,0
388,R,6684,1,3559,0
392,R,6684,1,3559,0
396,R,6684,1,3559,0
400,R,6684,1,3559,0
404,R,6684,1,3559,0
408,R,6684,1,3559,0
412,R,6684,1,3559,0
416,R,6684,1,3559,0
420,R,6684,1,3559,0
424,R,6684,1,3559,0
428,R,6684,1,3559,0
432,R,6684,1,3559,0
436,R,6684,1,3559,0
440,R,6684,1,3559,0
444,R,6684,1,3559,0
448,R,6684,1,3559,0
452,R,6684,1,3559,0
456,R,6684,1,3559,0
460,R,6684,1,3559,0
464,R,6684,1,3559,0
468,R,6684,1,3559,0
472,R,6684,1,3559,0
476,R,6684,1,3559,0
480,R,6684,1,3559,0
484,R,6684,1,3559,0
488,R,6684,1,3559,0
492,R,6684,1,3559,0
496,R,6684,1,3559,0
500,R,6684,1,3559,0
504,R,6684,1,3559,0
508,R,6684,1,3559,0
2304,W,6684,1,3562,0
2308,W,6684,1,3562,0
2312,W,6684,1,3562,0
2316,W,6684,1,3562,0
2320,W,6684,1,3562,0
2324,W,6684,1,3562,0
2328,W,6684,1,3562,0
2332,W,6684,1,3562,0
2336,W,6684,1,3562,0
2340,W,6684,1,3562,0
2344,W,6684,1,3562,0
2348,W,6684,1,3562,0
2352,W,6684,1,3562,0
2356,W,6684,1,3562,0
2360,W,6684,1,3562,0
2364,W,6684,1,3562,0
2368,W,6684,1,3562,0
2372,W,6684,1,3562,0
2376,W,6684,1,3562,0
2380,W,6684,1,3562,0
2384,W,6684,1,3562,0
2388,W,6684,1,3562,0
2392,W,6684,1,3562,0
2396,W,6684,1,3562,0
2400,W,6684,1,3562,0
2404,W,6684,1,3562,0
2408,W,6684,1,3562,0
2412,W,6684,1,3562,0
2416,W,6684,1,3562,0
2420,W,6684,1,3562,0
2424,W,6684,1,3562,0
2428,W,6684,1,3562,0
2432,W,6684,1,3562,0
2436,W,6684,1,3562,0
2440,W,6684,1,3562,0
2444,W,6684,1,3562,0
2448,W,6684,1,3562,0
2452,W,6684,1,3562,0
2456,W,6684,1,3562,0
2460,W,6684,1,3562,0
2464,W,6684,1,3562,0
2468,W,6684,1,3562,0
2472,W,6684,1,3562,0
2476,W,6684,1,3562,0
2480,W,6684,1,3562,0
2484,W,6684,1,3562,0
2488,W,6684,1,3562,0
2492,W,6684,1,3562,0
2496,W,6684,1,3562,0
2500,W,6684,1,3562,0
2504,W,6684,1,3562,0
2508,W,6684,1,3562,0
2512,W,6684,1,3562,0
2516,W,6684,1,3562,0
2520,W,6684,1,3562,0
2524,W,6684,1,3562,0
2528,W,6684,1,3562,0
2532,W,6684,1,3562,0
2536,W,6684,1,3562,0
2540,W,6684,1,3562,0
2544,W,6684,1,3562,0
2548,W,6684,1,3562,0
2552,W,6684,1,3562,0
2556,W,6684,1,3562,0
2048,R,6691,1,3577,0
2052,R,6691,1,3577,0
2056,R,6691,1,3577,0
2060,R,6691,1,3577,0
2064,R,6691,1,3577,0
2068,R,6691,1,3577,0
2072,R,6691,1,3577,0
2076,R,6691,1,3577,0
2080,R,6691,1,3577,0
2084,R,6691,1,3577,0
2088,R,6691,1,3577,0
2092,R,6691,1,3577,0
2096,R,6691,1,3577,0
2100,R,6691,1,3577,0
2104,R,6691,1,3577,0
2108,R,6691,1,3577,0
2112,R,6691,1,3577,0
2116,R,6691,1,3577,0
2120,R,6691,1,3577,0
2124,R,6691,1,3577,0
2128,R,6691,1,3577,0
2132,R,6691,1,3577,0
2136,R,6691,1,3577,0
2140,R,6691,1,3577,0
2144,R,6691,1,3577,0
2148,R,6691,1,3577,0
2152,R,6691,1,3577,0
2156,R,6691,1,3577,0
2160,R,6691,1,3577,0
2164,R,6691,1,3577,0
2168,R,6691,1,3577,0
2172,R,6691,1,3577,0
2176,R,6691,1,3577,0
2180,R,6691,1,3577,0
2184,R,6691,1,3577,0
2188,R,6691,1,3577,0
2192,R,6691,1,3577,0
2196,R,6691,1,3577,0
2200,R,6691,1,3577,0
2204,R,6691,1,3577,0
2208,R,6691,1,3577,0
2212,R,6691,1,3577,0
2216,R,6691,1,3577,0
2220,R,6691,1,3577,0
2224,R,6691,1,3577,0
2228,R,6691,1,3577,0
2232,R,6691,1,3577,0
2236,R,6691,1,3577,0
2240,R,6691,1,3577,0
2244,R,6691,1,3577,0
2248,R,6691,1,3577,0
2252,R,6691,1,3577,0
2256,R,6691,1,3577,0
2260,R,6691,1,3577,0
2264,R,6691,1,3577,0
2268,R,6691,1,3577,0
2272,R,6691,1,3577,0
2276,R,6691,1,3577,0
2280,R,6691,1,3577,0
2284,R,6691,1,3577,0
2288,R,6691,1,3577,0
2292,R,6691,1,3577,0
2296,R,6691,1,3577,0
2300,R,6691,1,3577,0
2048,W,6691,1,3581,0
2052,W,6691,1,3581,0
2056,W,6691,1,3581,0
2060,W,6691,1,3581,0
2064,W,6691,1,3581,0
2068,W,6691,1,3581,0
2072,W,6691,1,3581,0
2076,W,6691,1,3581,0
2080,W,6691,1,3581,0
2084,W,6691,1,3581,0
2088,W,6691,1,3581,0
2092,W,6691,1,3581,0
2096,W,6691,1,3581,0
2100,W,6691,1,3581,0
2104,W,6691,1,3581,0
2108,W,6691,1,3581,0
2112,W,6691,1,3581,0
2116,W,6691,1,3581,0
2120,W,6691,1,3581,0
2124,W,6691,1,3581,0
2128,W,6691,1,3581,0
2132,W,6691,1,3581,0
2136,W,6691,1,3581,0
2140,W,6691,1,3581,0
2144,W,6691,1,3581,0
2148,W,6691,1,3581,0
2152,W,6691,1,3581,0
2156,W,6691,1,3581,0
2160,W,6691,1,3581,0
2164,W,6691,1,3581,0
2168,W,6691,1,3581,0
2172,W,6691,1,3581,0
2176,W,6691,1,3581,0
2180,W,6691,1,3581,0
2184,W,6691,1,3581,0
2188,W,6691,1,3581,0
2192,W,6691,1,3581,0
2196,W,6691,1,3581,0
2200,W,6691,1,3581,0
2204,W,6691,1,3581,0
2208,W,6691,1,3581,0
2212,W,6691,1,3581,0
2216,W,6691,1,3581,0
2220,W,6691,1,3581,0
2224,W,6691,1,3581,0
2228,W,6691,1,3581,0
2232,W,6691,1,3581,0
2236,W,6691,1,3581,0
2240,W,6691,1,3581,0
2244,W,6691,1,3581,0
2248,W,6691,1,3581,0
2252,W,6691,1,3581,0
2256,W,6691,1,3581,0
2260,W,6691,1,3581,0
2264,W,6691,1,3581,0
2268,W,6691,1,3581,0
2272,W,6691,1,3581,0
2276,W,6691,1,3581,0
2280,W,6691,1,3581,0
2284,W,6691,1,3581,0
2288,W,6691,1,3581,0
2292,W,6691,1,3581,0
2296,W,6691,1,3581,0
2300,W,6691,1,3581,0
2304,R,6692,1,3584,0
2308,R,6692,1,3584,0
2312,R,6692,1,3584,0
2316,R,6692,1,3584,0
2320,R,6692,1,3584,0
2324,R,6692,1,3584,0
2328,R,6692,1,3584,0
2332,R,6692,1,3584,0
2336,R,6692,1,3584,0
2340,R,6692,1,3584,0
2344,R,6692,1,3584,0
2348,R,6692,1,3584,0
2352,R,6692,1,3584,0
2356,R,6692,1,3584,0
2360,R,6692,1,3584,0
2364,R,6692,1,3584,0
2368,R,6692,1,3584,0
2372,R,6692,1,3584,0
2376,R,6692,1,3584,0
2380,R,6692,1,3584,0
2384,R,6692,1,3584,0
2388,R,6692,1,3584,0
2392,R,6692,1,3584,0
2396,R,6692,1,3584,0
2400,R,6692,1,3584,0
2404,R,6692,1,3584,0
2408,R,6692,1,3584,0
2412,R,6692,1,3584,0
2416,R,6692,1,3584,0
2420,R,6692,1,3584,0
2424,R,6692,1,3584,0
2428,R,6692,1,3584,0
2432,R,6692,1,3584,0
2436,R,6692,1,3584,0
2440,R,6692,1,3584,0
2444,R,6692,1,3584,0
2448,R,6692,1,3584,0
2452,R,6692,1,3584,0
2456,R,6692,1,3584,0
2460,R,6692,1,3584,0
2464,R,6692,1,3584,0
2468,R,6692,1,3584,0
2472,R,6692,1,3584,0
2476,R,6692,1,3584,0
2480,R,6692,1,3584,0
2484,R,6692,1,3584,0
2488,R,6692,1,3584,0
2492,R,6692,1,3584,0
2496,R,6692,1,3584,0
2500,R,6692,1,3584,0
2504,R,6692,1,3584,0
2508,R,6692,1,3584,0
2512,R,6692,1,3584,0
2516,R,6692,1,3584,0
2520,R,6692,1,3584,0
2524,R,6692,1,3584,0
2528,R,6692,1,3584,0
2532,R,6692,1,3584,0
2536,R,6692,1,3584,0
2540,R,6692,1,3584,0
2544,R,6692,1,3584,0
2548,R,6692,1,3584,0
2552,R,6692,1,3584,0
2556,R,6692,1,3584,0
2304,W,6692,1,3588,0
2308,W,6692,1,3588,0
2312,W,6692,1,3588,0
2316,W,6692,1,3588,0
2320,W,6692,1,3588,0
2324,W,6692,1,3588,0
2328,W,6692,1,3588,0
2332,W,6692,1,3588,0
2336,W,6692,1,3588,0
2340,W,6692,1,3588,0
2344,W,6692,1,3588,0
2348,W,6692,1,3588,0
2352,W,6692,1,3588,0
2356,W,6692,1,3588,0
2360,W,6692,1,3588,0
2364,W,6692,1,3588,0
2368,W,6692,1,3588,0
2372,W,6692,1,3588,0
2376,W,6692,1,3588,0
2380,W,6692,1,3588,0
2384,W,6692,1,3588,0
2388,W,6692,1,3588,0
2392,W,6692,1,3588,0
2396,W,6692,1,3588,0
2400,W,6692,1,3588,0
2404,W,6692,1,3588,0
2408,W,6692,1,3588,0
2412,W,6692,1,3588,0
2416,W,6692,1,3588,0
2420,W,6692,1,3588,0
2424,W,6692,1,3588,0
2428,W,6692,1,3588,0
2432,W,6692,1,3588,0
2436,W,6692,1,3588,0
2440,W,6692,1,3588,0
2444,W,6692,1,3588,0
2448,W,6692,1,3588,0
2452,W,6692,1,3588,0
2456,W,6692,1,3588,0
2460,W,6692,1,3588,0
2464,W,6692,1,3588,0
2468,W,6692,1,3588,0
2472,W,6692,1,3588,0
2476,W,6692,1,3588,0
2480,W,6692,1,3588,0
2484,W,6692,1,3588,0
2488,W,6692,1,3588,0
2492,W,6692,1,3588,0
2496,W,6692,1,3588,0
2500,W,6692,1,3588,0
2504,W,6692,1,3588,0
2508,W,6692,1,3588,0
2512,W,6692,1,3588,0
2516,W,6692,1,3588,0
2520,W,6692,1,3588,0
2524,W,6692,1,3588,0
2528,W,6692,1,3588,0
2532,W,6692,1,3588,0
2536,W,6692,1,3588,0
2540,W,6692,1,3588,0
2544,W,6692,1,3588,0
2548,W,6692,1,3588,0
2552,W,6692,1,3588,0
2556,W,6692,1,3588,0
2048,R,6699,1,3619,0
2052,R,6699,1,3619,0
2056,R,6699,1,3619,0
2060,R,6699,1,3619,0
2064,R,6699,1,3619,0
2068,R,6699,1,3619,0
2072,R,6699,1,3619,0
2076,R,6699,1,3619,0
2080,R,6699,1,3619,0
2084,R,6699,1,3619,0
2088,R,6699,1,3619,0
2092,R,6699,1,3619,0
2096,R,6699,1,3619,0
2100,R,6699,1,3619,0
2104,R,6699,1,3619,0
2108,R,6699,1,3619,0
2112,R,6699,1,3619,0
2116,R,6699,1,3619,0
2120,R,6699,1,3619,0
2124,R,6699,1,3619,0
2128,R,6699,1,3619,0
2132,R,6699,1,3619,0
2136,R,6699,1,3619,0
2140,R,6699,1,3619,0
2144,R,6699,1,3619,0
2148,R,6699,1,3619,0
2152,R,6699,1,3619,0
2156,R,6699,1,3619,0
2160,R,6699,1,3619,0
2164,R,6699,1,3619,0
2168,R,6699,1,3619,0
2172,R,6699,1,3619,0
2176,R,6699,1,3619,0
2180,R,6699,1,3619,0
2184,R,6699,1,3619,0
2188,R,6699,1,3619,0
2192,R,6699,1,3619,0
2196,R,6699,1,3619,0
2200,R,6699,1,3619,0
2204,R,6699,1,3619,0
2208,R,6699,1,3619,0
2212,R,6699,1,3619,0
2216,R,6699,1,3619,0
2220,R,6699,1,3619,0
2224,R,6699,1,3619,0
2228,R,6699,1,3619,0
2232,R,6699,1,3619,0
2236,R,6699,1,3619,0
2240,R,6699,1,3619,0
2244,R,6699,1,3619,0
2248,R,6699,1,3619,0
2252,R,6699,1,3619,0
2256,R,6699,1,3619,0
2260,R,6699,1,3619,0
2264,R,6699,1,3619,0
2268,R,6699,1,3619,0
2272,R,6699,1,3619,0
2276,R,6699,1,3619,0
2280,R,6699,1,3619,0
2284,R,6699,1,3619,0
2288,R,6699,1,3619,0
2292,R,6699,1,3619,0
2296,R,6699,1,3619,0
2300,R,6699,1,3619,0
0,R,6699,1,3620,0
4,R,6699,1,3620,0
8,R,6699,1,3620,0
12,R,6699,1,3620,0
16,R,6699,1,3620,0
20,R,6699,1,3620,0
24,R,6699,1,3620,0
28,R,6699,1,3620,0
32,R,6699,1,3620,0
36,R,6699,1,3620,0
40,R,6699,1,3620,0
44,R,6699,1,3620,0
48,R,6699,1,3620,0
52,R,6699,1,3620,0
56,R,6699,1,3620,0
60,R,6699,1,3620,0
64,R,6699,1,3620,0
68,R,6699,1,3620,0
72,R,6699,1,3620,0
76,R,6699,1,3620,0
80,R,6699,1,3620,0
84,R,6699,1,3620,0
88,R,6699,1,3620,0
92,R,6699,1,3620,0
96,R,6699,1,3620,0
100,R,6699,1,3620,0
104,R,6699,1,3620,0
108,R,6699,1,3620,0
112,R,6699,1,3620,0
116,R,6699,1,3620,0
120,R,6699,1,3620,0
124,R,6699,1,3620,0
128,R,6699,1,3620,0
132,R,6699,1,3620,0
136,R,6699,1,3620,0
140,R,6699,1,3620,0
144,R,6699,1,3620,0
148,R,6699,1,3620,0
152,R,6699,1,3620,0
156,R,6699,1,3620,0
160,R,6699,1,3620,0
164,R,6699,1,3620,0
168,R,6699,1,3620,0
172,R,6699,1,3620,0
176,R,6699,1,3620,0
180,R,6699,1,3620,0
184,R,6699,1,3620,0
188,R,6699,1,3620,0
192,R,6699,1,3620,0
196,R,6699,1,3620,0
200,R,6699,1,3620,0
204,R,6699,1,3620,0
208,R,6699,1,3620,0
212,R,6699,1,3620,0
216,R,6699,1,3620,0
220,R,6699,1,3620,0
224,R,6699,1,3620,0
228,R,6699,1,3620,0
232,R,6699,1,3620,0
236,R,6699,1,3620,0
240,R,6699,1,3620,0
244,R,6699,1,3620,0
248,R,6699,1,3620,0
252,R,6699,1,3620,0
2048,W,6699,1,3623,0
2052,W,6699,1,3623,0
2056,W,6699,1,3623,0
2060,W,6699,1,3623,0
2064,W,6699,1,3623,0
2068,W,6699,1,3623,0
2072,W,6699,1,3623,0
2076,W,6699,1,3623,0
2080,W,6699,1,3623,0
2084,W,6699,1,3623,0
2088,W,6699,1,3623,0
2092,W,6699,1,3623,0
2096,W,6699,1,3623,0
2100,W,6699,1,3623,0
2104,W,6699,1,3623,0
2108,W,6699,1,3623,0
2112,W,6699,1,3623,0
2116,W,6699,1,3623,0
2120,W,6699,1,3623,0
2124,W,6699,1,3623,0
2128,W,6699,1,3623,0
2132,W,6699,1,3623,0
2136,W,6699,1,3623,0
2140,W,6699,1,3623,0
2144,W,6699,1,3623,0
2148,W,6699,1,3623,0
2152,W,6699,1,3623,0
2156,W,6699,1,3623,0
2160,W,6699,1,3623,0
2164,W,6699,1,3623,0
2168,W,6699,1,3623,0
2172,W,6699,1,3623,0
2176,W,6699,1,3623,0
2180,W,6699,1,3623,0
2184,W,6699,1,3623,0
2188,W,6699,1,3623,0
2192,W,6699,1,3623,0
2196,W,6699,1,3623,0
2200,W,6699,1,3623,0
2204,W,6699,1,3623,0
2208,W,6699,1,3623,0
2212,W,6699,1,3623,0
2216,W,6699,1,3623,0
2220,W,6699,1,3623,0
2224,W,6699,1,3623,0
2228,W,6699,1,3623,0
2232,W,6699,1,3623,0
2236,W,6699,1,3623,0
2240,W,6699,1,3623,0
2244,W,6699,1,3623,0
2248,W,6699,1,3623,0
2252,W,6699,1,3623,0
2256,W,6699,1,3623,0
2260,W,6699,1,3623,0
2264,W,6699,1,3623,0
2268,W,6699,1,3623,0
2272,W,6699,1,3623,0
2276,W,6699,1,3623,0
2280,W,6699,1,3623,0
2284,W,6699,1,3623,0
2288,W,6699,1,3623,0
2292,W,6699,1,3623,0
2296,W,6699,1,3623,0
2300,W,6699,1,3623,0
2304,R,6700,1,3624,0
2308,R,6700,1,3624,0
2312,R,6700,1,3624,0
2316,R,6700,1,3624,0
2320,R,6700,1,3624,0
2324,R,6700,1,3624,0
2328,R,6700,1,3624,0
2332,R,6700,1,3624,0
2336,R,6700,1,3624,0
2340,R,6700,1,3624,0
2344,R,6700,1,3624,0
2348,R,6700,1,3624,0
2352,R,6700,1,3624,0
2356,R,6700,1,3624,0
2360,R,6700,1,3624,0
2364,R,6700,1,3624,0
2368,R,6700,1,3624,0
2372,R,6700,1,3624,0
2376,R,6700,1,3624,0
2380,R,6700,1,3624,0
2384,R,6700,1,3624,0
2388,R,6700,1,3624,0
2392,R,6700,1,3624,0
2396,R,6700,1,3624,0
2400,R,6700,1,3624,0
2404,R,6700,1,3624,0
2408,R,6700,1,3624,0
2412,R,6700,1,3624,0
2416,R,6700,1,3624,0
2420,R,6700,1,3624,0
2424,R,6700,1,3624,0
2428,R,6700,1,3624,0
2432,R,6700,1,3624,0
2436,R,6700,1,3624,0
2440,R,6700,1,3624,0
2444,R,6700,1,3624,0
2448,R,6700,1,3624,0
2452,R,6700,1,3624,0
2456,R,6700,1,3624,0
2460,R,6700,1,3624,0
2464,R,6700,1,3624,0
2468,R,6700,1,3624,0
2472,R,6700,1,3624,0
2476,R,6700,1,3624,0
2480,R,6700,1,3624,0
2484,R,6700,1,3624,0
2488,R,6700,1,3624,0
2492,R,6700,1,3624,0
2496,R,6700,1,3624,0
2500,R,6700,1,3624,0
2504,R,6700,1,3624,0
2508,R,6700,1,3624,0
2512,R,6700,1,3624,0
2516,R,6700,1,3624,0
2520,R,6700,1,3624,0
2524,R,6700,1,3624,0
2528,R,6700,1,3624,0
2532,R,6700,1,3624,0
2536,R,6700,1,3624,0
2540,R,6700,1,3624,0
2544,R,6700,1,3624,0
2548,R,6700,1,3624,0
2552,R,6700,1,3624,0
2556,R,6700,1,3624,0
256,R,6700,1,3625,0
260,R,6700,1,3625,0
264,R,6700,1,3625,0
268,R,6700,1,3625,0
272,R,6700,1,3625,0
276,R,6700,1,3625,0
280,R,6700,1,3625,0
284,R,6700,1,3625,0
288,R,6700,1,3625,0
292,R,6700,1,3625,0
296,R,6700,1,3625,0
300,R,6700,1,3625,0
304,R,6700,1,3625,0
308,R,6700,1,3625,0
312,R,6700,1,3625,0
316,R,6700,1,3625,0
320,R,6700,1,3625,0
324,R,6700,1,3625,0
328,R,6700,1,3625,0
332,R,6700,1,3625,0
336,R,6700,1,3625,0
340,R,6700,1,3625,0
344,R,6700,1,3625,0
348,R,6700,1,3625,0
352,R,6700,1,3625,0
356,R,6700,1,3625,0
360,R,6700,1,3625,0
364,R,6700,1,3625,0
368,R,6700,1,3625,0
372,R,6700,1,3625,0
376,R,6700,1,3625,0
380,R,6700,1,3625,0
384,R,6700,1,3625,0
388,R,6700,1,3625,0
392,R,6700,1,3625,0
396,R,6700,1,3625,0
400,R,6700,1,3625,0
404,R,6700,1,3625,0
408,R,6700,1,3625,0
412,R,6700,1,3625,0
416,R,6700,1,3625,0
420,R,6700,1,3625,0
424,R,6700,1,3625,0
428,R,6700,1,3625,0
432,R,6700,1,3625,0
436,R,6700,1,3625,0
440,R,6700,1,3625,0
444,R,6700,1,3625,0
448,R,6700,1,3625,0
452,R,6700,1,3625,0
456,R,6700,1,3625,0
460,R,6700,1,3625,0
464,R,6700,1,3625,0
468,R,6700,1,3625,0
472,R,6700,1,3625,0
476,R,6700,1,3625,0
480,R,6700,1,3625,0
484,R,6700,1,3625,0
488,R,6700,1,3625,0
492,R,6700,1,3625,0
496,R,6700,1,3625,0
500,R,6700,1,3625,0
504,R,6700,1,3625,0
508,R,6700,1,3625,0
2304,W,6700,1,3628,0
2308,W,6700,1,3628,0
2312,W,6700,1,3628,0
2316,W,6700,1,3628,0
2320,W,6700,1,3628,0
2324,W,6700,1,3628,0
2328,W,6700,1,3628,0
2332,W,6700,1,3628,0
2336,W,6700,1,3628,0
2340,W,6700,1,3628,0
2344,W,6700,1,3628,0
2348,W,6700,1,3628,0
2352,W,6700,1,3628,0
2356,W,6700,1,3628,0
2360,W,6700,1,3628,0
2364,W,6700,1,3628,0
2368,W,6700,1,3628,0
2372,W,6700,1,3628,0
2376,W,6700,1,3628,0
2380,W,6700,1,3628,0
2384,W,6700,1,3628,0
2388,W,6700,1,3628,0
2392,W,6700,1,3628,0
2396,W,6700,1,3628,0
2400,W,6700,1,3628,0
2404,W,6700,1,3628,0
2408,W,6700,1,3628,0
2412,W,6700,1,3628,0
2416,W,6700,1,3628,0
2420,W,6700,1,3628,0
2424,W,6700,1,3628,0
2428,W,6700,1,3628,0
2432,W,6700,1,3628,0
2436,W,6700,1,3628,0
2440,W,6700,1,3628,0
2444,W,6700,1,3628,0
2448,W,6700,1,3628,0
2452,W,6700,1,3628,0
2456,W,6700,1,3628,0
2460,W,6700,1,3628,0
2464,W,6700,1,3628,0
2468,W,6700,1,3628,0
2472,W,6700,1,3628,0
2476,W,6700,1,3628,0
2480,W,6700,1,3628,0
2484,W,6700,1,3628,0
2488,W,6700,1,3628,0
2492,W,6700,1,3628,0
2496,W,6700,1,3628,0
2500,W,6700,1,3628,0
2504,W,6700,1,3628,0
2508,W,6700,1,3628,0
2512,W,6700,1,3628,0
2516,W,6700,1,3628,0
2520,W,6700,1,3628,0
2524,W,6700,1,3628,0
2528,W,6700,1,3628,0
2532,W,6700,1,3628,0
2536,W,6700,1,3628,0
2540,W,6700,1,3628,0
2544,W,6700,1,3628,0
2548,W,6700,1,3628,0
2552,W,6700,1,3628,0
2556,W,6700,1,3628,0
2048,R,6707,1,3648,0
2052,R,6707,1,3648,0
2056,R,6707,1,3648,0
2060,R,6707,1,3648,0
2064,R,6707,1,3648,0
2068,R,6707,1,3648,0
2072,R,6707,1,3648,0
2076,R,6707,1,3648,0
2080,R,6707,1,3648,0
2084,R,6707,1,3648,0
2088,R,6707,1,3648,0
2092,R,6707,1,3648,0
2096,R,6707,1,3648,0
2100,R,6707,1,3648,0
2104,R,6707,1,3648,0
2108,R,6707,1,3648,0
2112,R,6707,1,3648,0
2116,R,6707,1,3648,0
2120,R,6707,1,3648,0
2124,R,6707,1,3648,0
2128,R,6707,1,3648,0
2132,R,6707,1,3648,0
2136,R,6707,1,3648,0
2140,R,6707,1,3648,0
2144,R,6707,1,3648,0
2148,R,6707,1,3648,0
2152,R,6707,1,3648,0
2156,R,6707,1,3648,0
2160,R,6707,1,3648,0
2164,R,6707,1,3648,0
2168,R,6707,1,3648,0
2172,R,6707,1,3648,0
2176,R,6707,1,3648,0
2180,R,6707,1,3648,0
2184,R,6707,1,3648,0
2188,R,6707,1,3648,0
2192,R,6707,1,3648,0
2196,R,6707,1,3648,0
2200,R,6707,1,3648,0
2204,R,6707,1,3648,0
2208,R,6707,1,3648,0
2212,R,6707,1,3648,0
2216,R,6707,1,3648,0
2220,R,6707,1,3648,0
2224,R,6707,1,3648,0
2228,R,6707,1,3648,0
2232,R,6707,1,3648,0
2236,R,6707,1,3648,0
2240,R,6707,1,3648,0
2244,R,6707,1,3648,0
2248,R,6707,1,3648,0
2252,R,6707,1,3648,0
2256,R,6707,1,3648,0
2260,R,6707,1,3648,0
2264,R,6707,1,3648,0
2268,R,6707,1,3648,0
2272,R,6707,1,3648,0
2276,R,6707,1,3648,0
2280,R,6707,1,3648,0
2284,R,6707,1,3648,0
2288,R,6707,1,3648,0
2292,R,6707,1,3648,0
2296,R,6707,1,3648,0
2300,R,6707,1,3648,0
2048,W,6707,1,3652,0
2052,W,6707,1,3652,0
2056,W,6707,1,3652,0
2060,W,6707,1,3652,0
2064,W,6707,1,3652,0
2068,W,6707,1,3652,0
2072,W,6707,1,3652,0
2076,W,6707,1,3652,0
2080,W,6707,1,3652,0
2084,W,6707,1,3652,0
2088,W,6707,1,3652,0
2092,W,6707,1,3652,0
2096,W,6707,1,3652,0
2100,W,6707,1,3652,0
2104,W,6707,1,3652,0
2108,W,6707,1,3652,0
2112,W,6707,1,3652,0
2116,W,6707,1,3652,0
2120,W,6707,1,3652,0
2124,W,6707,1,3652,0
2128,W,6707,1,3652,0
2132,W,6707,1,3652,0
2136,W,6707,1,3652,0
2140,W,6707,1,3652,0
2144,W,6707,1,3652,0
2148,W,6707,1,3652,0
2152,W,6707,1,3652,0
2156,W,6707,1,3652,0
2160,W,6707,1,3652,0
2164,W,6707,1,3652,0
2168,W,6707,1,3652,0
2172,W,6707,1,3652,0
2176,W,6707,1,3652,0
2180,W,6707,1,3652,0
2184,W,6707,1,3652,0
2188,W,6707,1,3652,0
2192,W,6707,1,3652,0
2196,W,6707,1,3652,0
2200,W,6707,1,3652,0
2204,W,6707,1,3652,0
2208,W,6707,1,3652,0
2212,W,6707,1,3652,0
2216,W,6707,1,3652,0
2220,W,6707,1,3652,0
2224,W,6707,1,3652,0
2228,W,6707,1,3652,0
2232,W,6707,1,3652,0
2236,W,6707,1,3652,0
2240,W,6707,1,3652,0
2244,W,6707,1,3652,0
2248,W,6707,1,3652,0
2252,W,6707,1,3652,0
2256,W,6707,1,3652,0
2260,W,6707,1,3652,0
2264,W,6707,1,3652,0
2268,W,6707,1,3652,0
2272,W,6707,1,3652,0
2276,W,6707,1,3652,0
2280,W,6707,1,3652,0
2284,W,6707,1,3652,0
2288,W,6707,1,3652,0
2292,W,6707,1,3652,0
2296,W,6707,1,3652,0
2300,W,6707,1,3652,0
2304,R,6708,1,3653,0
2308,R,6708,1,3653,0
2312,R,6708,1,3653,0
2316,R,6708,1,3653,0
2320,R,6708,1,3653,0
2324,R,6708,1,3653,0
2328,R,6708,1,3653,0
2332,R,6708,1,3653,0
2336,R,6708,1,3653,0
2340,R,6708,1,3653,0
2344,R,6708,1,3653,0
2348,R,6708,1,3653,0
2352,R,6708,1,3653,0
2356,R,6708,1,3653,0
2360,R,6708,1,3653,0
2364,R,6708,1,3653,0
2368,R,6708,1,3653,0
2372,R,6708,1,3653,0
2376,R,6708,1,3653,0
2380,R,6708,1,3653,0
2384,R,6708,1,3653,0
2388,R,6708,1,3653,0
2392,R,6708,1,3653,0
2396,R,6708,1,3653,0
2400,R,6708,1,3653,0
2404,R,6708,1,3653,0
2408,R,6708,1,3653,0
2412,R,6708,1,3653,0
2416,R,6708,1,3653,0
2420,R,6708,1,3653,0
2424,R,6708,1,3653,0
2428,R,6708,1,3653,0
2432,R,6708,1,3653,0
2436,R,6708,1,3653,0
2440,R,6708,1,3653,0
2444,R,6708,1,3653,0
2448,R,6708,1,3653,0
2452,R,6708,1,3653,0
2456,R,6708,1,3653,0
2460,R,6708,1,3653,0
2464,R,6708,1,3653,0
2468,R,6708,1,3653,0
2472,R,6708,1,3653,0
2476,R,6708,1,3653,0
2480,R,6708,1,3653,0
2484,R,6708,1,3653,0
2488,R,6708,1,3653,0
2492,R,6708,1,3653,0
2496,R,6708,1,3653,0
2500,R,6708,1,3653,0
2504,R,6708,1,3653,0
2508,R,6708,1,3653,0
2512,R,6708,1,3653,0
2516,R,6708,1,3653,0
2520,R,6708,1,3653,0
2524,R,6708,1,3653,0
2528,R,6708,1,3653,0
2532,R,6708,1,3653,0
2536,R,6708,1,3653,0
2540,R,6708,1,3653,0
2544,R,6708,1,3653,0
2548,R,6708,1,3653,0
2552,R,6708,1,3653,0
2556,R,6708,1,3653,0
2304,W,6708,1,3657,0
2308,W,6708,1,3657,0
2312,W,6708,1,3657,0
2316,W,6708,1,3657,0
2320,W,6708,1,3657,0
2324,W,6708,1,3657,0
2328,W,6708,1,3657,0
2332,W,6708,1,3657,0
2336,W,6708,1,3657,0
2340,W,6708,1,3657,0
2344,W,6708,1,3657,0
2348,W,6708,1,3657,0
2352,W,6708,1,3657,0
2356,W,6708,1,3657,0
2360,W,6708,1,3657,0
2364,W,6708,1,3657,0
2368,W,6708,1,3657,0
2372,W,6708,1,3657,0
2376,W,6708,1,3657,0
2380,W,6708,1,3657,0
2384,W,6708,1,3657,0
2388,W,6708,1,3657,0
2392,W,6708,1,3657,0
2396,W,6708,1,3657,0
2400,W,6708,1,3657,0
2404,W,6708,1,3657,0
2408,W,6708,1,3657,0
2412,W,6708,1,3657,0
2416,W,6708,1,3657,0
2420,W,6708,1,3657,0
2424,W,6708,1,3657,0
2428,W,6708,1,3657,0
2432,W,6708,1,3657,0
2436,W,6708,1,3657,0
2440,W,6708,1,3657,0
2444,W,6708,1,3657,0
2448,W,6708,1,3657,0
2452,W,6708,1,3657,0
2456,W,6708,1,3657,0
2460,W,6708,1,3657,0
2464,W,6708,1,3657,0
2468,W,6708,1,3657,0
2472,W,6708,1,3657,0
2476,W,6708,1,3657,0
2480,W,6708,1,3657,0
2484,W,6708,1,3657,0
2488,W,6708,1,3657,0
2492,W,6708,1,3657,0
2496,W,6708,1,3657,0
2500,W,6708,1,3657,0
2504,W,6708,1,3657,0
2508,W,6708,1,3657,0
2512,W,6708,1,3657,0
2516,W,6708,1,3657,0
2520,W,6708,1,3657,0
2524,W,6708,1,3657,0
2528,W,6708,1,3657,0
2532,W,6708,1,3657,0
2536,W,6708,1,3657,0
2540,W,6708,1,3657,0
2544,W,6708,1,3657,0
2548,W,6708,1,3657,0
2552,W,6708,1,3657,0
2556,W,6708,1,3657,0
0,R,6715,1,3674,0
4,R,6715,1,3674,0
8,R,6715,1,3674,0
12,R,6715,1,3674,0
16,R,6715,1,3674,0
20,R,6715,1,3674,0
24,R,6715,1,3674,0
28,R,6715,1,3674,0
32,R,6715,1,3674,0
36,R,6715,1,3674,0
40,R,6715,1,3674,0
44,R,6715,1,3674,0
48,R,6715,1,3674,0
52,R,6715,1,3674,0
56,R,6715,1,3674,0
60,R,6715,1,3674,0
64,R,6715,1,3674,0
68,R,6715,1,3674,0
72,R,6715,1,3674,0
76,R,6715,1,3674,0
80,R,6715,1,3674,0
84,R,6715,1,3674,0
88,R,6715,1,3674,0
92,R,6715,1,3674,0
96,R,6715,1,3674,0
100,R,6715,1,3674,0
104,R,6715,1,3674,0
108,R,6715,1,3674,0
112,R,6715,1,3674,0
116,R,6715,1,3674,0
120,R,6715,1,3674,0
124,R,6715,1,3674,0
128,R,6715,1,3674,0
132,R,6715,1,3674,0
136,R,6715,1,3674,0
140,R,6715,1,3674,0
144,R,6715,1,3674,0
148,R,6715,1,3674,0
152,R,6715,1,3674,0
156,R,6715,1,3674,0
160,R,6715,1,3674,0
164,R,6715,1,3674,0
168,R,6715,1,3674,0
172,R,6715,1,3674,0
176,R,6715,1,3674,0
180,R,6715,1,3674,0
184,R,6715,1,3674,0
188,R,6715,1,3674,0
192,R,6715,1,3674,0
196,R,6715,1,3674,0
200,R,6715,1,3674,0
204,R,6715,1,3674,0
208,R,6715,1,3674,0
212,R,6715,1,3674,0
216,R,6715,1,3674,0
220,R,6715,1,3674,0
224,R,6715,1,3674,0
228,R,6715,1,3674,0
232,R,6715,1,3674,0
236,R,6715,1,3674,0
240,R,6715,1,3674,0
244,R,6715,1,3674,0
248,R,6715,1,3674,0
252,R,6715,1,3674,0
2048,R,6715,1,3675,0
2052,R,6715,1,3675,0
2056,R,6715,1,3675,0
2060,R,6715,1,3675,0
2064,R,6715,1,3675,0
2068,R,6715,1,3675,0
2072,R,6715,1,3675,0
2076,R,6715,1,3675,0
2080,R,6715,1,3675,0
2084,R,6715,1,3675,0
2088,R,6715,1,3675,0
2092,R,6715,1,3675,0
2096,R,6715,1,3675,0
2100,R,6715,1,3675,0
2104,R,6715,1,3675,0
2108,R,6715,1,3675,0
2112,R,6715,1,3675,0
2116,R,6715,1,3675,0
2120,R,6715,1,3675,0
2124,R,6715,1,3675,0
2128,R,6715,1,3675,0
2132,R,6715,1,3675,0
2136,R,6715,1,3675,0
2140,R,6715,1,3675,0
2144,R,6715,1,3675,0
2148,R,6715,1,3675,0
2152,R,6715,1,3675,0
2156,R,6715,1,3675,0
2160,R,6715,1,3675,0
2164,R,6715,1,3675,0
2168,R,6715,1,3675,0
2172,R,6715,1,3675,0
2176,R,6715,1,3675,0
2180,R,6715,1,3675,0
2184,R,6715,1,3675,0
2188,R,6715,1,3675,0
2192,R,6715,1,3675,0
2196,R,6715,1,3675,0
2200,R,6715,1,3675,0
2204,R,6715,1,3675,0
2208,R,6715,1,3675,0
2212,R,6715,1,3675,0
2216,R,6715,1,3675,0
2220,R,6715,1,3675,0
2224,R,6715,1,3675,0
2228,R,6715,1,3675,0
2232,R,6715,1,3675,0
2236,R,6715,1,3675,0
2240,R,6715,1,3675,0
2244,R,6715,1,3675,0
2248,R,6715,1,3675,0
2252,R,6715,1,3675,0
2256,R,6715,1,3675,0
2260,R,6715,1,3675,0
2264,R,6715,1,3675,0
2268,R,6715,1,3675,0
2272,R,6715,1,3675,0
2276,R,6715,1,3675,0
2280,R,6715,1,3675,0
2284,R,6715,1,3675,0
2288,R,6715,1,3675,0
2292,R,6715,1,3675,0
2296,R,6715,1,3675,0
2300,R,6715,1,3675,0
2048,W,6715,1,3678,0
2052,W,6715,1,3678,0
2056,W,6715,1,3678,0
2060,W,6715,1,3678,0
2064,W,6715,1,3678,0
2068,W,6715,1,3678,0
2072,W,6715,1,3678,0
2076,W,6715,1,3678,0
2080,W,6715,1,3678,0
2084,W,6715,1,3678,0
2088,W,6715,1,3678,0
2092,W,6715,1,3678,0
2096,W,6715,1,3678,0
2100,W,6715,1,3678,0
2104,W,6715,1,3678,0
2108,W,6715,1,3678,0
2112,W,6715,1,3678,0
2116,W,6715,1,3678,0
2120,W,6715,1,3678,0
2124,W,6715,1,3678,0
2128,W,6715,1,3678,0
2132,W,6715,1,3678,0
2136,W,6715,1,3678,0
2140,W,6715,1,3678,0
2144,W,6715,1,3678,0
2148,W,6715,1,3678,0
2152,W,6715,1,3678,0
2156,W,6715,1,3678,0
2160,W,6715,1,3678,0
2164,W,6715,1,3678,0
2168,W,6715,1,3678,0
2172,W,6715,1,3678,0
2176,W,6715,1,3678,0
2180,W,6715,1,3678,0
2184,W,6715,1,3678,0
2188,W,6715,1,3678,0
2192,W,6715,1,3678,0
2196,W,6715,1,3678,0
2200,W,6715,1,3678,0
2204,W,6715,1,3678,0
2208,W,6715,1,3678,0
2212,W,6715,1,3678,0
2216,W,6715,1,3678,0
2220,W,6715,1,3678,0
2224,W,6715,1,3678,0
2228,W,6715,1,3678,0
2232,W,6715,1,3678,0
2236,W,6715,1,3678,0
2240,W,6715,1,3678,0
2244,W,6715,1,3678,0
2248,W,6715,1,3678,0
2252,W,6715,1,3678,0
2256,W,6715,1,3678,0
2260,W,6715,1,3678,0
2264,W,6715,1,3678,0
2268,W,6715,1,3678,0
2272,W,6715,1,3678,0
2276,W,6715,1,3678,0
2280,W,6715,1,3678,0
2284,W,6715,1,3678,0
2288,W,6715,1,3678,0
2292,W,6715,1,3678,0
2296,W,6715,1,3678,0
2300,W,6715,1,3678,0
256,R,6716,1,3679,0
260,R,6716,1,3679,0
264,R,6716,1,3679,0
268,R,6716,1,3679,0
272,R,6716,1,3679,0
276,R,6716,1,3679,0
280,R,6716,1,3679,0
284,R,6716,1,3679,0
288,R,6716,1,3679,0
292,R,6716,1,3679,0
296,R,6716,1,3679,0
300,R,6716,1,3679,0
304,R,6716,1,3679,0
308,R,6716,1,3679,0
312,R,6716,1,3679,0
316,R,6716,1,3679,0
320,R,6716,1,3679,0
324,R,6716,1,3679,0
328,R,6716,1,3679,0
332,R,6716,1,3679,0
336,R,6716,1,3679,0
340,R,6716,1,3679,0
344,R,6716,1,3679,0
348,R,6716,1,3679,0
352,R,6716,1,3679,0
356,R,6716,1,3679,0
360,R,6716,1,3679,0
364,R,6716,1,3679,0
368,R,6716,1,3679,0
372,R,6716,1,3679,0
376,R,6716,1,3679,0
380,R,6716,1,3679,0
384,R,6716,1,3679,0
388,R,6716,1,3679,0
392,R,6716,1,3679,0
396,R,6716,1,3679,0
400,R,6716,1,3679,0
404,R,6716,1,3679,0
408,R,6716,1,3679,0
412,R,6716,1,3679,0
416,R,6716,1,3679,0
420,R,6716,1,3679,0
424,R,6716,1,3679,0
428,R,6716,1,3679,0
432,R,6716,1,3679,0
436,R,6716,1,3679,0
440,R,6716,1,3679,0
444,R,6716,1,3679,0
448,R,6716,1,3679,0
452,R,6716,1,3679,0
456,R,6716,1,3679,0
460,R,6716,1,3679,0
464,R,6716,1,3679,0
468,R,6716,1,3679,0
472,R,6716,1,3679,0
476,R,6716,1,3679,0
480,R,6716,1,3679,0
484,R,6716,1,3679,0
488,R,6716,1,3679,0
492,R,6716,1,3679,0
496,R,6716,1,3679,0
500,R,6716,1,3679,0
504,R,6716,1,3679,0
508,R,6716,1,3679,0
2304,R,6716,1,3680,0
2308,R,6716,1,3680,0
2312,R,6716,1,3680,0
2316,R,6716,1,3680,0
2320,R,6716,1,3680,0
2324,R,6716,1,3680,0
2328,R,6716,1,3680,0
2332,R,6716,1,3680,0
2336,R,6716,1,3680,0
2340,R,6716,1,3680,0
2344,R,6716,1,3680,0
2348,R,6716,1,3680,0
2352,R,6716,1,3680,0
2356,R,6716,1,3680,0
2360,R,6716,1,3680,0
2364,R,6716,1,3680,0
2368,R,6716,1,3680,0
2372,R,6716,1,3680,0
2376,R,6716,1,3680,0
2380,R,6716,1,3680,0
2384,R,6716,1,3680,0
2388,R,6716,1,3680,0
2392,R,6716,1,3680,0
2396,R,6716,1,3680,0
2400,R,6716,1,3680,0
2404,R,6716,1,3680,0
2408,R,6716,1,3680,0
2412,R,6716,1,3680,0
2416,R,6716,1,3680,0
2420,R,6716,1,3680,0
2424,R,6716,1,3680,0
2428,R,6716,1,3680,0
2432,R,6716,1,3680,0
2436,R,6716,1,3680,0
2440,R,6716,1,3680,0
2444,R,6716,1,3680,0
2448,R,6716,1,3680,0
2452,R,6716,1,3680,0
2456,R,6716,1,3680,0
2460,R,6716,1,3680,0
2464,R,6716,1,3680,0
2468,R,6716,1,3680,0
2472,R,6716,1,3680,0
2476,R,6716,1,3680,0
2480,R,6716,1,3680,0
2484,R,6716,1,3680,0
2488,R,6716,1,3680,0
2492,R,6716,1,3680,0
2496,R,6716,1,3680,0
2500,R,6716,1,3680,0
2504,R,6716,1,3680,0
2508,R,6716,1,3680,0
2512,R,6716,1,3680,0
2516,R,6716,1,3680,0
2520,R,6716,1,3680,0
2524,R,6716,1,3680,0
2528,R,6716,1,3680,0
2532,R,6716,1,3680,0
2536,R,6716,1,3680,0
2540,R,6716,1,3680,0
2544,R,6716,1,3680,0
2548,R,6716,1,3680,0
2552,R,6716,1,3680,0
2556,R,6716,1,3680,0
2304,W,6716,1,3683,0
2308,W,6716,1,3683,0
2312,W,6716,1,3683,0
2316,W,6716,1,3683,0
2320,W,6716,1,3683,0
2324,W,6716,1,3683,0
2328,W,6716,1,3683,0
2332,W,6716,1,3683,0
2336,W,6716,1,3683,0
2340,W,6716,1,3683,0
2344,W,6716,1,3683,0
2348,W,6716,1,3683,0
2352,W,6716,1,3683,0
2356,W,6716,1,3683,0
2360,W,6716,1,3683,0
2364,W,6716,1,3683,0
2368,W,6716,1,3683,0
2372,W,6716,1,3683,0
2376,W,6716,1,3683,0
2380,W,6716,1,3683,0
2384,W,6716,1,3683,0
2388,W,6716,1,3683,0
2392,W,6716,1,3683,0
2396,W,6716,1,3683,0
2400,W,6716,1,3683,0
2404,W,6716,1,3683,0
2408,W,6716,1,3683,0
2412,W,6716,1,3683,0
2416,W,6716,1,3683,0
2420,W,6716,1,3683,0
2424,W,6716,1,3683,0
2428,W,6716,1,3683,0
2432,W,6716,1,3683,0
2436,W,6716,1,3683,0
2440,W,6716,1,3683,0
2444,W,6716,1,3683,0
2448,W,6716,1,3683,0
2452,W,6716,1,3683,0
2456,W,6716,1,3683,0
2460,W,6716,1,3683,0
2464,W,6716,1,3683,0
2468,W,6716,1,3683,0
2472,W,6716,1,3683,0
2476,W,6716,1,3683,0
2480,W,6716,1,3683,0
2484,W,6716,1,3683,0
2488,W,6716,1,3683,0
2492,W,6716,1,3683,0
2496,W,6716,1,3683,0
2500,W,6716,1,3683,0
2504,W,6716,1,3683,0
2508,W,6716,1,3683,0
2512,W,6716,1,3683,0
2516,W,6716,1,3683,0
2520,W,6716,1,3683,0
2524,W,6716,1,3683,0
2528,W,6716,1,3683,0
2532,W,6716,1,3683,0
2536,W,6716,1,3683,0
2540,W,6716,1,3683,0
2544,W,6716,1,3683,0
2548,W,6716,1,3683,0
2552,W,6716,1,3683,0
2556,W,6716,1,3683,0
0,R,7344,1,5405,0
4,R,7344,1,5405,0
8,R,7344,1,5405,0
12,R,7344,1,5405,0
16,R,7344,1,5405,0
20,R,7344,1,5405,0
24,R,7344,1,5405,0
28,R,7344,1,5405,0
32,R,7344,1,5405,0
36,R,7344,1,5405,0
40,R,7344,1,5405,0
44,R,7344,1,5405,0
48,R,7344,1,5405,0
52,R,7344,1,5405,0
56,R,7344,1,5405,0
60,R,7344,1,5405,0
64,R,7344,1,5405,0
68,R,7344,1,5405,0
72,R,7344,1,5405,0
76,R,7344,1,5405,0
80,R,7344,1,5405,0
84,R,7344,1,5405,0
88,R,7344,1,5405,0
92,R,7344,1,5405,0
96,R,7344,1,5405,0
100,R,7344,1,5405,0
104,R,7344,1,5405,0
108,R,7344,1,5405,0
112,R,7344,1,5405,0
116,R,7344,1,5405,0
120,R,7344,1,5405,0
124,R,7344,1,5405,0
128,R,7344,1,5405,0
132,R,7344,1,5405,0
136,R,7344,1,5405,0
140,R,7344,1,5405,0
144,R,7344,1,5405,0
148,R,7344,1,5405,0
152,R,7344,1,5405,0
156,R,7344,1,5405,0
160,R,7344,1,5405,0
164,R,7344,1,5405,0
168,R,7344,1,5405,0
172,R,7344,1,5405,0
176,R,7344,1,5405,0
180,R,7344,1,5405,0
184,R,7344,1,5405,0
188,R,7344,1,5405,0
192,R,7344,1,5405,0
196,R,7344,1,5405,0
200,R,7344,1,5405,0
204,R,7344,1,5405,0
208,R,7344,1,5405,0
212,R,7344,1,5405,0
216,R,7344,1,5405,0
220,R,7344,1,5405,0
224,R,7344,1,5405,0
228,R,7344,1,5405,0
232,R,7344,1,5405,0
236,R,7344,1,5405,0
240,R,7344,1,5405,0
244,R,7344,1,5405,0
248,R,7344,1,5405,0
252,R,7344,1,5405,0
2048,R,7344,1,5406,0
2052,R,7344,1,5406,0
2056,R,7344,1,5406,0
2060,R,7344,1,5406,0
2064,R,7344,1,5406,0
2068,R,7344,1,5406,0
2072,R,7344,1,5406,0
2076,R,7344,1,5406,0
2080,R,7344,1,5406,0
2084,R,7344,1,5406,0
2088,R,7344,1,5406,0
2092,R,7344,1,5406,0
2096,R,7344,1,5406,0
2100,R,7344,1,5406,0
2104,R,7344,1,5406,0
2108,R,7344,1,5406,0
2112,R,7344,1,5406,0
2116,R,7344,1,5406,0
2120,R,7344,1,5406,0
2124,R,7344,1,5406,0
2128,R,7344,1,5406,0
2132,R,7344,1,5406,0
2136,R,7344,1,5406,0
2140,R,7344,1,5406,0
2144,R,7344,1,5406,0
2148,R,7344,1,5406,0
2152,R,7344,1,5406,0
2156,R,7344,1,5406,0
2160,R,7344,1,5406,0
2164,R,7344,1,5406,0
2168,R,7344,1,5406,0
2172,R,7344,1,5406,0
2176,R,7344,1,5406,0
2180,R,7344,1,5406,0
2184,R,7344,1,5406,0
2188,R,7344,1,5406,0
2192,R,7344,1,5406,0
2196,R,7344,1,5406,0
2200,R,7344,1,5406,0
2204,R,7344,1,5406,0
2208,R,7344,1,5406,0
2212,R,7344,1,5406,0
2216,R,7344,1,5406,0
2220,R,7344,1,5406,0
2224,R,7344,1,5406,0
2228,R,7344,1,5406,0
2232,R,7344,1,5406,0
2236,R,7344,1,5406,0
2240,R,7344,1,5406,0
2244,R,7344,1,5406,0
2248,R,7344,1,5406,0
2252,R,7344,1,5406,0
2256,R,7344,1,5406,0
2260,R,7344,1,5406,0
2264,R,7344,1,5406,0
2268,R,7344,1,5406,0
2272,R,7344,1,5406,0
2276,R,7344,1,5406,0
2280,R,7344,1,5406,0
2284,R,7344,1,5406,0
2288,R,7344,1,5406,0
2292,R,7344,1,5406,0
2296,R,7344,1,5406,0
2300,R,7344,1,5406,0
1024,W,7344,1,5409,0
1028,W,7344,1,5409,0
1032,W,7344,1,5409,0
1036,W,7344,1,5409,0
1040,W,7344,1,5409,0
1044,W,7344,1,5409,0
1048,W,7344,1,5409,0
1052,W,7344,1,5409,0
1056,W,7344,1,5409,0
1060,W,7344,1,5409,0
1064,W,7344,1,5409,0
1068,W,7344,1,5409,0
1072,W,7344,1,5409,0
1076,W,7344,1,5409,0
1080,W,7344,1,5409,0
1084,W,7344,1,5409,0
1088,W,7344,1,5409,0
1092,W,7344,1,5409,0
1096,W,7344,1,5409,0
1100,W,7344,1,5409,0
1104,W,7344,1,5409,0
1108,W,7344,1,5409,0
1112,W,7344,1,5409,0
1116,W,7344,1,5409,0
1120,W,7344,1,5409,0
1124,W,7344,1,5409,0
1128,W,7344,1,5409,0
1132,W,7344,1,5409,0
1136,W,7344,1,5409,0
1140,W,7344,1,5409,0
1144,W,7344,1,5409,0
1148,W,7344,1,5409,0
1152,W,7344,1,5409,0
1156,W,7344,1,5409,0
1160,W,7344,1,5409,0
1164,W,7344,1,5409,0
1168,W,7344,1,5409,0
1172,W,7344,1,5409,0
1176,W,7344,1,5409,0
1180,W,7344,1,5409,0
1184,W,7344,1,5409,0
1188,W,7344,1,5409,0
1192,W,7344,1,5409,0
1196,W,7344,1,5409,0
1200,W,7344,1,5409,0
1204,W,7344,1,5409,0
1208,W,7344,1,5409,0
1212,W,7344,1,5409,0
1216,W,7344,1,5409,0
1220,W,7344,1,5409,0
1224,W,7344,1,5409,0
1228,W,7344,1,5409,0
1232,W,7344,1,5409,0
1236,W,7344,1,5409,0
1240,W,7344,1,5409,0
1244,W,7344,1,5409,0
1248,W,7344,1,5409,0
1252,W,7344,1,5409,0
1256,W,7344,1,5409,0
1260,W,7344,1,5409,0
1264,W,7344,1,5409,0
1268,W,7344,1,5409,0
1272,W,7344,1,5409,0
1276,W,7344,1,5409,0
256,R,7345,1,5414,0
260,R,7345,1,5414,0
264,R,7345,1,5414,0
268,R,7345,1,5414,0
272,R,7345,1,5414,0
276,R,7345,1,5414,0
280,R,7345,1,5414,0
284,R,7345,1,5414,0
288,R,7345,1,5414,0
292,R,7345,1,5414,0
296,R,7345,1,5414,0
300,R,7345,1,5414,0
304,R,7345,1,5414,0
308,R,7345,1,5414,0
312,R,7345,1,5414,0
316,R,7345,1,5414,0
320,R,7345,1,5414,0
324,R,7345,1,5414,0
328,R,7345,1,5414,0
332,R,7345,1,5414,0
336,R,7345,1,5414,0
340,R,7345,1,5414,0
344,R,7345,1,5414,0
348,R,7345,1,5414,0
352,R,7345,1,5414,0
356,R,7345,1,5414,0
360,R,7345,1,5414,0
364,R,7345,1,5414,0
368,R,7345,1,5414,0
372,R,7345,1,5414,0
376,R,7345,1,5414,0
380,R,7345,1,5414,0
384,R,7345,1,5414,0
388,R,7345,1,5414,0
392,R,7345,1,5414,0
396,R,7345,1,5414,0
400,R,7345,1,5414,0
404,R,7345,1,5414,0
408,R,7345,1,5414,0
412,R,7345,1,5414,0
416,R,7345,1,5414,0
420,R,7345,1,5414,0
424,R,7345,1,5414,0
428,R,7345,1,5414,0
432,R,7345,1,5414,0
436,R,7345,1,5414,0
440,R,7345,1,5414,0
444,R,7345,1,5414,0
448,R,7345,1,5414,0
452,R,7345,1,5414,0
456,R,7345,1,5414,0
460,R,7345,1,5414,0
464,R,7345,1,5414,0
468,R,7345,1,5414,0
472,R,7345,1,5414,0
476,R,7345,1,5414,0
480,R,7345,1,5414,0
484,R,7345,1,5414,0
488,R,7345,1,5414,0
492,R,7345,1,5414,0
496,R,7345,1,5414,0
500,R,7345,1,5414,0
504,R,7345,1,5414,0
508,R,7345,1,5414,0
2304,R,7345,1,5415,0
2308,R,7345,1,5415,0
2312,R,7345,1,5415,0
2316,R,7345,1,5415,0
2320,R,7345,1,5415,0
2324,R,7345,1,5415,0
2328,R,7345,1,5415,0
2332,R,7345,1,5415,0
2336,R,7345,1,5415,0
2340,R,7345,1,5415,0
2344,R,7345,1,5415,0
2348,R,7345,1,5415,0
2352,R,7345,1,5415,0
2356,R,7345,1,5415,0
2360,R,7345,1,5415,0
2364,R,7345,1,5415,0
2368,R,7345,1,5415,0
2372,R,7345,1,5415,0
2376,R,7345,1,5415,0
2380,R,7345,1,5415,0
2384,R,7345,1,5415,0
2388,R,7345,1,5415,0
2392,R,7345,1,5415,0
2396,R,7345,1,5415,0
2400,R,7345,1,5415,0
2404,R,7345,1,5415,0
2408,R,7345,1,5415,0
2412,R,7345,1,5415,0
2416,R,7345,1,5415,0
2420,R,7345,1,5415,0
2424,R,7345,1,5415,0
2428,R,7345,1,5415,0
2432,R,7345,1,5415,0
2436,R,7345,1,5415,0
2440,R,7345,1,5415,0
2444,R,7345,1,5415,0
2448,R,7345,1,5415,0
2452,R,7345,1,5415,0
2456,R,7345,1,5415,0
2460,R,7345,1,5415,0
2464,R,7345,1,5415,0
2468,R,7345,1,5415,0
2472,R,7345,1,5415,0
2476,R,7345,1,5415,0
2480,R,7345,1,5415,0
2484,R,7345,1,5415,0
2488,R,7345,1,5415,0
2492,R,7345,1,5415,0
2496,R,7345,1,5415,0
2500,R,7345,1,5415,0
2504,R,7345,1,5415,0
2508,R,7345,1,5415,0
2512,R,7345,1,5415,0
2516,R,7345,1,5415,0
2520,R,7345,1,5415,0
2524,R,7345,1,5415,0
2528,R,7345,1,5415,0
2532,R,7345,1,5415,0
2536,R,7345,1,5415,0
2540,R,7345,1,5415,0
2544,R,7345,1,5415,0
2548,R,7345,1,5415,0
2552,R,7345,1,5415,0
2556,R,7345,1,5415,0
1280,W,7345,1,5418,0
1284,W,7345,1,5418,0
1288,W,7345,1,5418,0
1292,W,7345,1,5418,0
1296,W,7345,1,5418,0
1300,W,7345,1,5418,0
1304,W,7345,1,5418,0
1308,W,7345,1,5418,0
1312,W,7345,1,5418,0
1316,W,7345,1,5418,0
1320,W,7345,1,5418,0
1324,W,7345,1,5418,0
1328,W,7345,1,5418,0
1332,W,7345,1,5418,0
1336,W,7345,1,5418,0
1340,W,7345,1,5418,0
1344,W,7345,1,5418,0
1348,W,7345,1,5418,0
1352,W,7345,1,5418,0
1356,W,7345,1,5418,0
1360,W,7345,1,5418,0
1364,W,7345,1,5418,0
1368,W,7345,1,5418,0
1372,W,7345,1,5418,0
1376,W,7345,1,5418,0
1380,W,7345,1,5418,0
1384,W,7345,1,5418,0
1388,W,7345,1,5418,0
1392,W,7345,1,5418,0
1396,W,7345,1,5418,0
1400,W,7345,1,5418,0
1404,W,7345,1,5418,0
1408,W,7345,1,5418,0
1412,W,7345,1,5418,0
1416,W,7345,1,5418,0
1420,W,7345,1,5418,0
1424,W,7345,1,5418,0
1428,W,7345,1,5418,0
1432,W,7345,1,5418,0
1436,W,7345,1,5418,0
1440,W,7345,1,5418,0
1444,W,7345,1,5418,0
1448,W,7345,1,5418,0
1452,W,7345,1,5418,0
1456,W,7345,1,5418,0
1460,W,7345,1,5418,0
1464,W,7345,1,5418,0
1468,W,7345,1,5418,0
1472,W,7345,1,5418,0
1476,W,7345,1,5418,0
1480,W,7345,1,5418,0
1484,W,7345,1,5418,0
1488,W,7345,1,5418,0
1492,W,7345,1,5418,0
1496,W,7345,1,5418,0
1500,W,7345,1,5418,0
1504,W,7345,1,5418,0
1508,W,7345,1,5418,0
1512,W,7345,1,5418,0
1516,W,7345,1,5418,0
1520,W,7345,1,5418,0
1524,W,7345,1,5418,0
1528,W,7345,1,5418,0
1532,W,7345,1,5418,0
0,R,7386,1,5539,0
4,R,7386,1,5539,0
8,R,7386,1,5539,0
12,R,7386,1,5539,0
16,R,7386,1,5539,0
20,R,7386,1,5539,0
24,R,7386,1,5539,0
28,R,7386,1,5539,0
32,R,7386,1,5539,0
36,R,7386,1,5539,0
40,R,7386,1,5539,0
44,R,7386,1,5539,0
48,R,7386,1,5539,0
52,R,7386,1,5539,0
56,R,7386,1,5539,0
60,R,7386,1,5539,0
64,R,7386,1,5539,0
68,R,7386,1,5539,0
72,R,7386,1,5539,0
76,R,7386,1,5539,0
80,R,7386,1,5539,0
84,R,7386,1,5539,0
88,R,7386,1,5539,0
92,R,7386,1,5539,0
96,R,7386,1,5539,0
100,R,7386,1,5539,0
104,R,7386,1,5539,0
108,R,7386,1,5539,0
112,R,7386,1,5539,0
116,R,7386,1,5539,0
120,R,7386,1,5539,0
124,R,7386,1,5539,0
128,R,7386,1,5539,0
132,R,7386,1,5539,0
136,R,7386,1,5539,0
140,R,7386,1,5539,0
144,R,7386,1,5539,0
148,R,7386,1,5539,0
152,R,7386,1,5539,0
156,R,7386,1,5539,0
160,R,7386,1,5539,0
164,R,7386,1,5539,0
168,R,7386,1,5539,0
172,R,7386,1,5539,0
176,R,7386,1,5539,0
180,R,7386,1,5539,0
184,R,7386,1,5539,0
188,R,7386,1,5539,0
192,R,7386,1,5539,0
196,R,7386,1,5539,0
200,R,7386,1,5539,0
204,R,7386,1,5539,0
208,R,7386,1,5539,0
212,R,7386,1,5539,0
216,R,7386,1,5539,0
220,R,7386,1,5539,0
224,R,7386,1,5539,0
228,R,7386,1,5539,0
232,R,7386,1,5539,0
236,R,7386,1,5539,0
240,R,7386,1,5539,0
244,R,7386,1,5539,0
248,R,7386,1,5539,0
252,R,7386,1,5539,0
2048,R,7386,1,5540,0
2052,R,7386,1,5540,0
2056,R,7386,1,5540,0
2060,R,7386,1,5540,0
2064,R,7386,1,5540,0
2068,R,7386,1,5540,0
2072,R,7386,1,5540,0
2076,R,7386,1,5540,0
2080,R,7386,1,5540,0
2084,R,7386,1,5540,0
2088,R,7386,1,5540,0
2092,R,7386,1,5540,0
2096,R,7386,1,5540,0
2100,R,7386,1,5540,0
2104,R,7386,1,5540,0
2108,R,7386,1,5540,0
2112,R,7386,1,5540,0
2116,R,7386,1,5540,0
2120,R,7386,1,5540,0
2124,R,7386,1,5540,0
2128,R,7386,1,5540,0
2132,R,7386,1,5540,0
2136,R,7386,1,5540,0
2140,R,7386,1,5540,0
2144,R,7386,1,5540,0
2148,R,7386,1,5540,0
2152,R,7386,1,5540,0
2156,R,7386,1,5540,0
2160,R,7386,1,5540,0
2164,R,7386,1,5540,0
2168,R,7386,1,5540,0
2172,R,7386,1,5540,0
2176,R,7386,1,5540,0
2180,R,7386,1,5540,0
2184,R,7386,1,5540,0
2188,R,7386,1,5540,0
2192,R,7386,1,5540,0
2196,R,7386,1,5540,0
2200,R,7386,1,5540,0
2204,R,7386,1,5540,0
2208,R,7386,1,5540,0
2212,R,7386,1,5540,0
2216,R,7386,1,5540,0
2220,R,7386,1,5540,0
2224,R,7386,1,5540,0
2228,R,7386,1,5540,0
2232,R,7386,1,5540,0
2236,R,7386,1,5540,0
2240,R,7386,1,5540,0
2244,R,7386,1,5540,0
2248,R,7386,1,5540,0
2252,R,7386,1,5540,0
2256,R,7386,1,5540,0
2260,R,7386,1,5540,0
2264,R,7386,1,5540,0
2268,R,7386,1,5540,0
2272,R,7386,1,5540,0
2276,R,7386,1,5540,0
2280,R,7386,1,5540,0
2284,R,7386,1,5540,0
2288,R,7386,1,5540,0
2292,R,7386,1,5540,0
2296,R,7386,1,5540,0
2300,R,7386,1,5540,0
1024,W,7386,1,5543,0
1028,W,7386,1,5543,0
1032,W,7386,1,5543,0
1036,W,7386,1,5543,0
1040,W,7386,1,5543,0
1044,W,7386,1,5543,0
1048,W,7386,1,5543,0
1052,W,7386,1,5543,0
1056,W,7386,1,5543,0
1060,W,7386,1,5543,0
1064,W,7386,1,5543,0
1068,W,7386,1,5543,0
1072,W,7386,1,5543,0
1076,W,7386,1,5543,0
1080,W,7386,1,5543,0
1084,W,7386,1,5543,0
1088,W,7386,1,5543,0
1092,W,7386,1,5543,0
1096,W,7386,1,5543,0
1100,W,7386,1,5543,0
1104,W,7386,1,5543,0
1108,W,7386,1,5543,0
1112,W,7386,1,5543,0
1116,W,7386,1,5543,0
1120,W,7386,1,5543,0
1124,W,7386,1,5543,0
1128,W,7386,1,5543,0
1132,W,7386,1,5543,0
1136,W,7386,1,5543,0
1140,W,7386,1,5543,0
1144,W,7386,1,5543,0
1148,W,7386,1,5543,0
1152,W,7386,1,5543,0
1156,W,7386,1,5543,0
1160,W,7386,1,5543,0
1164,W,7386,1,5543,0
1168,W,7386,1,5543,0
1172,W,7386,1,5543,0
1176,W,7386,1,5543,0
1180,W,7386,1,5543,0
1184,W,7386,1,5543,0
1188,W,7386,1,5543,0
1192,W,7386,1,5543,0
1196,W,7386,1,5543,0
1200,W,7386,1,5543,0
1204,W,7386,1,5543,0
1208,W,7386,1,5543,0
1212,W,7386,1,5543,0
1216,W,7386,1,5543,0
1220,W,7386,1,5543,0
1224,W,7386,1,5543,0
1228,W,7386,1,5543,0
1232,W,7386,1,5543,0
1236,W,7386,1,5543,0
1240,W,7386,1,5543,0
1244,W,7386,1,5543,0
1248,W,7386,1,5543,0
1252,W,7386,1,5543,0
1256,W,7386,1,5543,0
1260,W,7386,1,5543,0
1264,W,7386,1,5543,0
1268,W,7386,1,5543,0
1272,W,7386,1,5543,0
1276,W,7386,1,5543,0
256,R,7387,1,5547,0
260,R,7387,1,5547,0
264,R,7387,1,5547,0
268,R,7387,1,5547,0
272,R,7387,1,5547,0
276,R,7387,1,5547,0
280,R,7387,1,5547,0
284,R,7387,1,5547,0
288,R,7387,1,5547,0
292,R,7387,1,5547,0
296,R,7387,1,5547,0
300,R,7387,1,5547,0
304,R,7387,1,5547,0
308,R,7387,1,5547,0
312,R,7387,1,5547,0
316,R,7387,1,5547,0
320,R,7387,1,5547,0
324,R,7387,1,5547,0
328,R,7387,1,5547,0
332,R,7387,1,5547,0
336,R,7387,1,5547,0
340,R,7387,1,5547,0
344,R,7387,1,5547,0
348,R,7387,1,5547,0
352,R,7387,1,5547,0
356,R,7387,1,5547,0
360,R,7387,1,5547,0
364,R,7387,1,5547,0
368,R,7387,1,5547,0
372,R,7387,1,5547,0
376,R,7387,1,5547,0
380,R,7387,1,5547,0
384,R,7387,1,5547,0
388,R,7387,1,5547,0
392,R,7387,1,5547,0
396,R,7387,1,5547,0
400,R,7387,1,5547,0
404,R,7387,1,5547,0
408,R,7387,1,5547,0
412,R,7387,1,5547,0
416,R,7387,1,5547,0
420,R,7387,1,5547,0
424,R,7387,1,5547,0
428,R,7387,1,5547,0
432,R,7387,1,5547,0
436,R,7387,1,5547,0
440,R,7387,1,5547,0
444,R,7387,1,5547,0
448,R,7387,1,5547,0
452,R,7387,1,5547,0
456,R,7387,1,5547,0
460,R,7387,1,5547,0
464,R,7387,1,5547,0
468,R,7387,1,5547,0
472,R,7387,1,5547,0
476,R,7387,1,5547,0
480,R,7387,1,5547,0
484,R,7387,1,5547,0
488,R,7387,1,5547,0
492,R,7387,1,5547,0
496,R,7387,1,5547,0
500,R,7387,1,5547,0
504,R,7387,1,5547,0
508,R,7387,1,5547,0
2304,R,7387,1,5548,0
2308,R,7387,1,5548,0
2312,R,7387,1,5548,0
2316,R,7387,1,5548,0
2320,R,7387,1,5548,0
2324,R,7387,1,5548,0
2328,R,7387,1,5548,0
2332,R,7387,1,5548,0
2336,R,7387,1,5548,0
2340,R,7387,1,5548,0
2344,R,7387,1,5548,0
2348,R,7387,1,5548,0
2352,R,7387,1,5548,0
2356,R,7387,1,5548,0
2360,R,7387,1,5548,0
2364,R,7387,1,5548,0
2368,R,7387,1,5548,0
2372,R,7387,1,5548,0
2376,R,7387,1,5548,0
2380,R,7387,1,5548,0
2384,R,7387,1,5548,0
2388,R,7387,1,5548,0
2392,R,7387,1,5548,0
2396,R,7387,1,5548,0
2400,R,7387,1,5548,0
2404,R,7387,1,5548,0
2408,R,7387,1,5548,0
2412,R,7387,1,5548,0
2416,R,7387,1,5548,0
2420,R,7387,1,5548,0
2424,R,7387,1,5548,0
2428,R,7387,1,5548,0
2432,R,7387,1,5548,0
2436,R,7387,1,5548,0
2440,R,7387,1,5548,0
2444,R,7387,1,5548,0
2448,R,7387,1,5548,0
2452,R,7387,1,5548,0
2456,R,7387,1,5548,0
2460,R,7387,1,5548,0
2464,R,7387,1,5548,0
2468,R,7387,1,5548,0
2472,R,7387,1,5548,0
2476,R,7387,1,5548,0
2480,R,7387,1,5548,0
2484,R,7387,1,5548,0
2488,R,7387,1,5548,0
2492,R,7387,1,5548,0
2496,R,7387,1,5548,0
2500,R,7387,1,5548,0
2504,R,7387,1,5548,0
2508,R,7387,1,5548,0
2512,R,7387,1,5548,0
2516,R,7387,1,5548,0
2520,R,7387,1,5548,0
2524,R,7387,1,5548,0
2528,R,7387,1,5548,0
2532,R,7387,1,5548,0
2536,R,7387,1,5548,0
2540,R,7387,1,5548,0
2544,R,7387,1,5548,0
2548,R,7387,1,5548,0
2552,R,7387,1,5548,0
2556,R,7387,1,5548,0
1280,W,7387,1,5551,0
1284,W,7387,1,5551,0
1288,W,7387,1,5551,0
1292,W,7387,1,5551,0
1296,W,7387,1,5551,0
1300,W,7387,1,5551,0
1304,W,7387,1,5551,0
1308,W,7387,1,5551,0
1312,W,7387,1,5551,0
1316,W,7387,1,5551,0
1320,W,7387,1,5551,0
1324,W,7387,1,5551,0
1328,W,7387,1,5551,0
1332,W,7387,1,5551,0
1336,W,7387,1,5551,0
1340,W,7387,1,5551,0
1344,W,7387,1,5551,0
1348,W,7387,1,5551,0
1352,W,7387,1,5551,0
1356,W,7387,1,5551,0
1360,W,7387,1,5551,0
1364,W,7387,1,5551,0
1368,W,7387,1,5551,0
1372,W,7387,1,5551,0
1376,W,7387,1,5551,0
1380,W,7387,1,5551,0
1384,W,7387,1,5551,0
1388,W,7387,1,5551,0
1392,W,7387,1,5551,0
1396,W,7387,1,5551,0
1400,W,7387,1,5551,0
1404,W,7387,1,5551,0
1408,W,7387,1,5551,0
1412,W,7387,1,5551,0
1416,W,7387,1,5551,0
1420,W,7387,1,5551,0
1424,W,7387,1,5551,0
1428,W,7387,1,5551,0
1432,W,7387,1,5551,0
1436,W,7387,1,5551,0
1440,W,7387,1,5551,0
1444,W,7387,1,5551,0
1448,W,7387,1,5551,0
1452,W,7387,1,5551,0
1456,W,7387,1,5551,0
1460,W,7387,1,5551,0
1464,W,7387,1,5551,0
1468,W,7387,1,5551,0
1472,W,7387,1,5551,0
1476,W,7387,1,5551,0
1480,W,7387,1,5551,0
1484,W,7387,1,5551,0
1488,W,7387,1,5551,0
1492,W,7387,1,5551,0
1496,W,7387,1,5551,0
1500,W,7387,1,5551,0
1504,W,7387,1,5551,0
1508,W,7387,1,5551,0
1512,W,7387,1,5551,0
1516,W,7387,1,5551,0
1520,W,7387,1,5551,0
1524,W,7387,1,5551,0
1528,W,7387,1,5551,0
1532,W,7387,1,5551,0
1024,R,7516,1,4153,0
1028,R,7516,1,4153,0
1032,R,7516,1,4153,0
1036,R,7516,1,4153,0
1040,R,7516,1,4153,0
1044,R,7516,1,4153,0
1048,R,7516,1,4153,0
1052,R,7516,1,4153,0
1056,R,7516,1,4153,0
1060,R,7516,1,4153,0
1064,R,7516,1,4153,0
1068,R,7516,1,4153,0
1072,R,7516,1,4153,0
1076,R,7516,1,4153,0
1080,R,7516,1,4153,0
1084,R,7516,1,4153,0
1088,R,7516,1,4153,0
1092,R,7516,1,4153,0
1096,R,7516,1,4153,0
1100,R,7516,1,4153,0
1104,R,7516,1,4153,0
1108,R,7516,1,4153,0
1112,R,7516,1,4153,0
1116,R,7516,1,4153,0
1120,R,7516,1,4153,0
1124,R,7516,1,4153,0
1128,R,7516,1,4153,0
1132,R,7516,1,4153,0
1136,R,7516,1,4153,0
1140,R,7516,1,4153,0
1144,R,7516,1,4153,0
1148,R,7516,1,4153,0
1152,R,7516,1,4153,0
1156,R,7516,1,4153,0
1160,R,7516,1,4153,0
1164,R,7516,1,4153,0
1168,R,7516,1,4153,0
1172,R,7516,1,4153,0
1176,R,7516,1,4153,0
1180,R,7516,1,4153,0
1184,R,7516,1,4153,0
1188,R,7516,1,4153,0
1192,R,7516,1,4153,0
1196,R,7516,1,4153,0
1200,R,7516,1,4153,0
1204,R,7516,1,4153,0
1208,R,7516,1,4153,0
1212,R,7516,1,4153,0
1216,R,7516,1,4153,0
1220,R,7516,1,4153,0
1224,R,7516,1,4153,0
1228,R,7516,1,4153,0
1232,R,7516,1,4153,0
1236,R,7516,1,4153,0
1240,R,7516,1,4153,0
1244,R,7516,1,4153,0
1248,R,7516,1,4153,0
1252,R,7516,1,4153,0
1256,R,7516,1,4153,0
1260,R,7516,1,4153,0
1264,R,7516,1,4153,0
1268,R,7516,1,4153,0
1272,R,7516,1,4153,0
1276,R,7516,1,4153,0
1280,R,7516,1,4153,0
1284,R,7516,1,4153,0
1288,R,7516,1,4153,0
1292,R,7516,1,4153,0
1296,R,7516,1,4153,0
1300,R,7516,1,4153,0
1304,R,7516,1,4153,0
1308,R,7516,1,4153,0
1312,R,7516,1,4153,0
1316,R,7516,1,4153,0
1320,R,7516,1,4153,0
1324,R,7516,1,4153,0
1328,R,7516,1,4153,0
1332,R,7516,1,4153,0
1336,R,7516,1,4153,0
1340,R,7516,1,4153,0
1344,R,7516,1,4153,0
1348,R,7516,1,4153,0
1352,R,7516,1,4153,0
1356,R,7516,1,4153,0
1360,R,7516,1,4153,0
1364,R,7516,1,4153,0
1368,R,7516,1,4153,0
1372,R,7516,1,4153,0
1376,R,7516,1,4153,0
1380,R,7516,1,4153,0
1384,R,7516,1,4153,0
1388,R,7516,1,4153,0
1392,R,7516,1,4153,0
1396,R,7516,1,4153,0
1400,R,7516,1,4153,0
1404,R,7516,1,4153,0
1408,R,7516,1,4153,0
1412,R,7516,1,4153,0
1416,R,7516,1,4153,0
1420,R,7516,1,4153,0
1424,R,7516,1,4153,0
1428,R,7516,1,4153,0
1432,R,7516,1,4153,0
1436,R,7516,1,4153,0
1440,R,7516,1,4153,0
1444,R,7516,1,4153,0
1448,R,7516,1,4153,0
1452,R,7516,1,4153,0
1456,R,7516,1,4153,0
1460,R,7516,1,4153,0
1464,R,7516,1,4153,0
1468,R,7516,1,4153,0
1472,R,7516,1,4153,0
1476,R,7516,1,4153,0
1480,R,7516,1,4153,0
1484,R,7516,1,4153,0
1488,R,7516,1,4153,0
1492,R,7516,1,4153,0
1496,R,7516,1,4153,0
1500,R,7516,1,4153,0
1504,R,7516,1,4153,0
1508,R,7516,1,4153,0
1512,R,7516,1,4153,0
1516,R,7516,1,4153,0
1520,R,7516,1,4153,0
1524,R,7516,1,4153,0
1528,R,7516,1,4153,0
1532,R,7516,1,4153,0
1024,R,7516,1,4153,0
512,W,7652,1,4287,0
516,W,7652,1,4287,0
520,W,7652,1,4287,0
524,W,7652,1,4287,0
528,W,7652,1,4287,0
532,W,7652,1,4287,0
536,W,7652,1,4287,0
540,W,7652,1,4287,0
544,W,7652,1,4287,0
548,W,7652,1,4287,0
552,W,7652,1,4287,0
556,W,7652,1,4287,0
560,W,7652,1,4287,0
564,W,7652,1,4287,0
568,W,7652,1,4287,0
572,W,7652,1,4287,0
576,W,7652,1,4287,0
580,W,7652,1,4287,0
584,W,7652,1,4287,0
588,W,7652,1,4287,0
592,W,7652,1,4287,0
596,W,7652,1,4287,0
600,W,7652,1,4287,0
604,W,7652,1,4287,0
608,W,7652,1,4287,0
612,W,7652,1,4287,0
616,W,7652,1,4287,0
620,W,7652,1,4287,0
624,W,7652,1,4287,0
628,W,7652,1,4287,0
632,W,7652,1,4287,0
636,W,7652,1,4287,0
640,W,7652,1,4287,0
644,W,7652,1,4287,0
648,W,7652,1,4287,0
652,W,7652,1,4287,0
656,W,7652,1,4287,0
660,W,7652,1,4287,0
664,W,7652,1,4287,0
668,W,7652,1,4287,0
672,W,7652,1,4287,0
676,W,7652,1,4287,0
680,W,7652,1,4287,0
684,W,7652,1,4287,0
688,W,7652,1,4287,0
692,W,7652,1,4287,0
696,W,7652,1,4287,0
700,W,7652,1,4287,0
704,W,7652,1,4287,0
708,W,7652,1,4287,0
712,W,7652,1,4287,0
716,W,7652,1,4287,0
720,W,7652,1,4287,0
724,W,7652,1,4287,0
728,W,7652,1,4287,0
732,W,7652,1,4287,0
736,W,7652,1,4287,0
740,W,7652,1,4287,0
744,W,7652,1,4287,0
748,W,7652,1,4287,0
752,W,7652,1,4287,0
756,W,7652,1,4287,0
760,W,7652,1,4287,0
764,W,7652,1,4287,0
768,W,7652,1,4287,0
772,W,7652,1,4287,0
776,W,7652,1,4287,0
780,W,7652,1,4287,0
784,W,7652,1,4287,0
788,W,7652,1,4287,0
792,W,7652,1,4287,0
796,W,7652,1,4287,0
800,W,7652,1,4287,0
804,W,7652,1,4287,0
808,W,7652,1,4287,0
812,W,7652,1,4287,0
816,W,7652,1,4287,0
820,W,7652,1,4287,0
824,W,7652,1,4287,0
828,W,7652,1,4287,0
832,W,7652,1,4287,0
836,W,7652,1,4287,0
840,W,7652,1,4287,0
844,W,7652,1,4287,0
848,W,7652,1,4287,0
852,W,7652,1,4287,0
856,W,7652,1,4287,0
860,W,7652,1,4287,0
864,W,7652,1,4287,0
868,W,7652,1,4287,0
872,W,7652,1,4287,0
876,W,7652,1,4287,0
880,W,7652,1,4287,0
884,W,7652,1,4287,0
888,W,7652,1,4287,0
892,W,7652,1,4287,0
896,W,7652,1,4287,0
900,W,7652,1,4287,0
904,W,7652,1,4287,0
908,W,7652,1,4287,0
912,W,7652,1,4287,0
916,W,7652,1,4287,0
920,W,7652,1,4287,0
924,W,7652,1,4287,0
928,W,7652,1,4287,0
932,W,7652,1,4287,0
936,W,7652,1,4287,0
940,W,7652,1,4287,0
944,W,7652,1,4287,0
948,W,7652,1,4287,0
952,W,7652,1,4287,0
956,W,7652,1,4287,0
960,W,7652,1,4287,0
964,W,7652,1,4287,0
968,W,7652,1,4287,0
972,W,7652,1,4287,0
976,W,7652,1,4287,0
980,W,7652,1,4287,0
984,W,7652,1,4287,0
988,W,7652,1,4287,0
992,W,7652,1,4287,0
996,W,7652,1,4287,0
1000,W,7652,1,4287,0
1004,W,7652,1,4287,0
1008,W,7652,1,4287,0
1012,W,7652,1,4287,0
1016,W,7652,1,4287,0
1020,W,7652,1,4287,0
512,R,7675,1,6579,0
516,R,7675,1,6579,0
520,R,7675,1,6579,0
524,R,7675,1,6579,0
528,R,7675,1,6579,0
532,R,7675,1,6579,0
536,R,7675,1,6579,0
540,R,7675,1,6579,0
544,R,7675,1,6579,0
548,R,7675,1,6579,0
552,R,7675,1,6579,0
556,R,7675,1,6579,0
560,R,7675,1,6579,0
564,R,7675,1,6579,0
568,R,7675,1,6579,0
572,R,7675,1,6579,0
576,R,7675,1,6579,0
580,R,7675,1,6579,0
584,R,7675,1,6579,0
588,R,7675,1,6579,0
592,R,7675,1,6579,0
596,R,7675,1,6579,0
600,R,7675,1,6579,0
604,R,7675,1,6579,0
608,R,7675,1,6579,0
612,R,7675,1,6579,0
616,R,7675,1,6579,0
620,R,7675,1,6579,0
624,R,7675,1,6579,0
628,R,7675,1,6579,0
632,R,7675,1,6579,0
636,R,7675,1,6579,0
640,R,7675,1,6579,0
644,R,7675,1,6579,0
648,R,7675,1,6579,0
652,R,7675,1,6579,0
656,R,7675,1,6579,0
660,R,7675,1,6579,0
664,R,7675,1,6579,0
668,R,7675,1,6579,0
672,R,7675,1,6579,0
676,R,7675,1,6579,0
680,R,7675,1,6579,0
684,R,7675,1,6579,0
688,R,7675,1,6579,0
692,R,7675,1,6579,0
696,R,7675,1,6579,0
700,R,7675,1,6579,0
704,R,7675,1,6579,0
708,R,7675,1,6579,0
712,R,7675,1,6579,0
716,R,7675,1,6579,0
720,R,7675,1,6579,0
724,R,7675,1,6579,0
728,R,7675,1,6579,0
732,R,7675,1,6579,0
736,R,7675,1,6579,0
740,R,7675,1,6579,0
744,R,7675,1,6579,0
748,R,7675,1,6579,0
752,R,7675,1,6579,0
756,R,7675,1,6579,0
760,R,7675,1,6579,0
764,R,7675,1,6579,0
2048,W,7675,1,6582,0
2052,W,7675,1,6582,0
2056,W,7675,1,6582,0
2060,W,7675,1,6582,0
2064,W,7675,1,6582,0
2068,W,7675,1,6582,0
2072,W,7675,1,6582,0
2076,W,7675,1,6582,0
2080,W,7675,1,6582,0
2084,W,7675,1,6582,0
2088,W,7675,1,6582,0
2092,W,7675,1,6582,0
2096,W,7675,1,6582,0
2100,W,7675,1,6582,0
2104,W,7675,1,6582,0
2108,W,7675,1,6582,0
2112,W,7675,1,6582,0
2116,W,7675,1,6582,0
2120,W,7675,1,6582,0
2124,W,7675,1,6582,0
2128,W,7675,1,6582,0
2132,W,7675,1,6582,0
2136,W,7675,1,6582,0
2140,W,7675,1,6582,0
2144,W,7675,1,6582,0
2148,W,7675,1,6582,0
2152,W,7675,1,6582,0
2156,W,7675,1,6582,0
2160,W,7675,1,6582,0
2164,W,7675,1,6582,0
2168,W,7675,1,6582,0
2172,W,7675,1,6582,0
2176,W,7675,1,6582,0
2180,W,7675,1,6582,0
2184,W,7675,1,6582,0
2188,W,7675,1,6582,0
2192,W,7675,1,6582,0
2196,W,7675,1,6582,0
2200,W,7675,1,6582,0
2204,W,7675,1,6582,0
2208,W,7675,1,6582,0
2212,W,7675,1,6582,0
2216,W,7675,1,6582,0
2220,W,7675,1,6582,0
2224,W,7675,1,6582,0
2228,W,7675,1,6582,0
2232,W,7675,1,6582,0
2236,W,7675,1,6582,0
2240,W,7675,1,6582,0
2244,W,7675,1,6582,0
2248,W,7675,1,6582,0
2252,W,7675,1,6582,0
2256,W,7675,1,6582,0
2260,W,7675,1,6582,0
2264,W,7675,1,6582,0
2268,W,7675,1,6582,0
2272,W,7675,1,6582,0
2276,W,7675,1,6582,0
2280,W,7675,1,6582,0
2284,W,7675,1,6582,0
2288,W,7675,1,6582,0
2292,W,7675,1,6582,0
2296,W,7675,1,6582,0
2300,W,7675,1,6582,0
768,R,7676,1,6583,0
772,R,7676,1,6583,0
776,R,7676,1,6583,0
780,R,7676,1,6583,0
784,R,7676,1,6583,0
788,R,7676,1,6583,0
792,R,7676,1,6583,0
796,R,7676,1,6583,0
800,R,7676,1,6583,0
804,R,7676,1,6583,0
808,R,7676,1,6583,0
812,R,7676,1,6583,0
816,R,7676,1,6583,0
820,R,7676,1,6583,0
824,R,7676,1,6583,0
828,R,7676,1,6583,0
832,R,7676,1,6583,0
836,R,7676,1,6583,0
840,R,7676,1,6583,0
844,R,7676,1,6583,0
848,R,7676,1,6583,0
852,R,7676,1,6583,0
856,R,7676,1,6583,0
860,R,7676,1,6583,0
864,R,7676,1,6583,0
868,R,7676,1,6583,0
872,R,7676,1,6583,0
876,R,7676,1,6583,0
880,R,7676,1,6583,0
884,R,7676,1,6583,0
888,R,7676,1,6583,0
892,R,7676,1,6583,0
896,R,7676,1,6583,0
900,R,7676,1,6583,0
904,R,7676,1,6583,0
908,R,7676,1,6583,0
912,R,7676,1,6583,0
916,R,7676,1,6583,0
920,R,7676,1,6583,0
924,R,7676,1,6583,0
928,R,7676,1,6583,0
932,R,7676,1,6583,0
936,R,7676,1,6583,0
940,R,7676,1,6583,0
944,R,7676,1,6583,0
948,R,7676,1,6583,0
952,R,7676,1,6583,0
956,R,7676,1,6583,0
960,R,7676,1,6583,0
964,R,7676,1,6583,0
968,R,7676,1,6583,0
972,R,7676,1,6583,0
976,R,7676,1,6583,0
980,R,7676,1,6583,0
984,R,7676,1,6583,0
988,R,7676,1,6583,0
992,R,7676,1,6583,0
996,R,7676,1,6583,0
1000,R,7676,1,6583,0
1004,R,7676,1,6583,0
1008,R,7676,1,6583,0
1012,R,7676,1,6583,0
1016,R,7676,1,6583,0
1020,R,7676,1,6583,0
2304,W,7676,1,6586,0
2308,W,7676,1,6586,0
2312,W,7676,1,6586,0
2316,W,7676,1,6586,0
2320,W,7676,1,6586,0
2324,W,7676,1,6586,0
2328,W,7676,1,6586,0
2332,W,7676,1,6586,0
2336,W,7676,1,6586,0
2340,W,7676,1,6586,0
2344,W,7676,1,6586,0
2348,W,7676,1,6586,0
2352,W,7676,1,6586,0
2356,W,7676,1,6586,0
2360,W,7676,1,6586,0
2364,W,7676,1,6586,0
2368,W,7676,1,6586,0
2372,W,7676,1,6586,0
2376,W,7676,1,6586,0
2380,W,7676,1,6586,0
2384,W,7676,1,6586,0
2388,W,7676,1,6586,0
2392,W,7676,1,6586,0
2396,W,7676,1,6586,0
2400,W,7676,1,6586,0
2404,W,7676,1,6586,0
2408,W,7676,1,6586,0
2412,W,7676,1,6586,0
2416,W,7676,1,6586,0
2420,W,7676,1,6586,0
2424,W,7676,1,6586,0
2428,W,7676,1,6586,0
2432,W,7676,1,6586,0
2436,W,7676,1,6586,0
2440,W,7676,1,6586,0
2444,W,7676,1,6586,0
2448,W,7676,1,6586,0
2452,W,7676,1,6586,0
2456,W,7676,1,6586,0
2460,W,7676,1,6586,0
2464,W,7676,1,6586,0
2468,W,7676,1,6586,0
2472,W,7676,1,6586,0
2476,W,7676,1,6586,0
2480,W,7676,1,6586,0
2484,W,7676,1,6586,0
2488,W,7676,1,6586,0
2492,W,7676,1,6586,0
2496,W,7676,1,6586,0
2500,W,7676,1,6586,0
2504,W,7676,1,6586,0
2508,W,7676,1,6586,0
2512,W,7676,1,6586,0
2516,W,7676,1,6586,0
2520,W,7676,1,6586,0
2524,W,7676,1,6586,0
2528,W,7676,1,6586,0
2532,W,7676,1,6586,0
2536,W,7676,1,6586,0
2540,W,7676,1,6586,0
2544,W,7676,1,6586,0
2548,W,7676,1,6586,0
2552,W,7676,1,6586,0
2556,W,7676,1,6586,0
2048,R,7683,1,6597,0
2052,R,7683,1,6597,0
2056,R,7683,1,6597,0
2060,R,7683,1,6597,0
2064,R,7683,1,6597,0
2068,R,7683,1,6597,0
2072,R,7683,1,6597,0
2076,R,7683,1,6597,0
2080,R,7683,1,6597,0
2084,R,7683,1,6597,0
2088,R,7683,1,6597,0
2092,R,7683,1,6597,0
2096,R,7683,1,6597,0
2100,R,7683,1,6597,0
2104,R,7683,1,6597,0
2108,R,7683,1,6597,0
2112,R,7683,1,6597,0
2116,R,7683,1,6597,0
2120,R,7683,1,6597,0
2124,R,7683,1,6597,0
2128,R,7683,1,6597,0
2132,R,7683,1,6597,0
2136,R,7683,1,6597,0
2140,R,7683,1,6597,0
2144,R,7683,1,6597,0
2148,R,7683,1,6597,0
2152,R,7683,1,6597,0
2156,R,7683,1,6597,0
2160,R,7683,1,6597,0
2164,R,7683,1,6597,0
2168,R,7683,1,6597,0
2172,R,7683,1,6597,0
2176,R,7683,1,6597,0
2180,R,7683,1,6597,0
2184,R,7683,1,6597,0
2188,R,7683,1,6597,0
2192,R,7683,1,6597,0
2196,R,7683,1,6597,0
2200,R,7683,1,6597,0
2204,R,7683,1,6597,0
2208,R,7683,1,6597,0
2212,R,7683,1,6597,0
2216,R,7683,1,6597,0
2220,R,7683,1,6597,0
2224,R,7683,1,6597,0
2228,R,7683,1,6597,0
2232,R,7683,1,6597,0
2236,R,7683,1,6597,0
2240,R,7683,1,6597,0
2244,R,7683,1,6597,0
2248,R,7683,1,6597,0
2252,R,7683,1,6597,0
2256,R,7683,1,6597,0
2260,R,7683,1,6597,0
2264,R,7683,1,6597,0
2268,R,7683,1,6597,0
2272,R,7683,1,6597,0
2276,R,7683,1,6597,0
2280,R,7683,1,6597,0
2284,R,7683,1,6597,0
2288,R,7683,1,6597,0
2292,R,7683,1,6597,0
2296,R,7683,1,6597,0
2300,R,7683,1,6597,0
2048,W,7683,1,6601,0
2052,W,7683,1,6601,0
2056,W,7683,1,6601,0
2060,W,7683,1,6601,0
2064,W,7683,1,6601,0
2068,W,7683,1,6601,0
2072,W,7683,1,6601,0
2076,W,7683,1,6601,0
2080,W,7683,1,6601,0
2084,W,7683,1,6601,0
2088,W,7683,1,6601,0
2092,W,7683,1,6601,0
2096,W,7683,1,6601,0
2100,W,7683,1,6601,0
2104,W,7683,1,6601,0
2108,W,7683,1,6601,0
2112,W,7683,1,6601,0
2116,W,7683,1,6601,0
2120,W,7683,1,6601,0
2124,W,7683,1,6601,0
2128,W,7683,1,6601,0
2132,W,7683,1,6601,0
2136,W,7683,1,6601,0
2140,W,7683,1,6601,0
2144,W,7683,1,6601,0
2148,W,7683,1,6601,0
2152,W,7683,1,6601,0
2156,W,7683,1,6601,0
2160,W,7683,1,6601,0
2164,W,7683,1,6601,0
2168,W,7683,1,6601,0
2172,W,7683,1,6601,0
2176,W,7683,1,6601,0
2180,W,7683,1,6601,0
2184,W,7683,1,6601,0
2188,W,7683,1,6601,0
2192,W,7683,1,6601,0
2196,W,7683,1,6601,0
2200,W,7683,1,6601,0
2204,W,7683,1,6601,0
2208,W,7683,1,6601,0
2212,W,7683,1,6601,0
2216,W,7683,1,6601,0
2220,W,7683,1,6601,0
2224,W,7683,1,6601,0
2228,W,7683,1,6601,0
2232,W,7683,1,6601,0
2236,W,7683,1,6601,0
2240,W,7683,1,6601,0
2244,W,7683,1,6601,0
2248,W,7683,1,6601,0
2252,W,7683,1,6601,0
2256,W,7683,1,6601,0
2260,W,7683,1,6601,0
2264,W,7683,1,6601,0
2268,W,7683,1,6601,0
2272,W,7683,1,6601,0
2276,W,7683,1,6601,0
2280,W,7683,1,6601,0
2284,W,7683,1,6601,0
2288,W,7683,1,6601,0
2292,W,7683,1,6601,0
2296,W,7683,1,6601,0
2300,W,7683,1,6601,0
2304,R,7684,1,6614,0
2308,R,7684,1,6614,0
2312,R,7684,1,6614,0
2316,R,7684,1,6614,0
2320,R,7684,1,6614,0
2324,R,7684,1,6614,0
2328,R,7684,1,6614,0
2332,R,7684,1,6614,0
2336,R,7684,1,6614,0
2340,R,7684,1,6614,0
2344,R,7684,1,6614,0
2348,R,7684,1,6614,0
2352,R,7684,1,6614,0
2356,R,7684,1,6614,0
2360,R,7684,1,6614,0
2364,R,7684,1,6614,0
2368,R,7684,1,6614,0
2372,R,7684,1,6614,0
2376,R,7684,1,6614,0
2380,R,7684,1,6614,0
2384,R,7684,1,6614,0
2388,R,7684,1,6614,0
2392,R,7684,1,6614,0
2396,R,7684,1,6614,0
2400,R,7684,1,6614,0
2404,R,7684,1,6614,0
2408,R,7684,1,6614,0
2412,R,7684,1,6614,0
2416,R,7684,1,6614,0
2420,R,7684,1,6614,0
2424,R,7684,1,6614,0
2428,R,7684,1,6614,0
2432,R,7684,1,6614,0
2436,R,7684,1,6614,0
2440,R,7684,1,6614,0
2444,R,7684,1,6614,0
2448,R,7684,1,6614,0
2452,R,7684,1,6614,0
2456,R,7684,1,6614,0
2460,R,7684,1,6614,0
2464,R,7684,1,6614,0
2468,R,7684,1,6614,0
2472,R,7684,1,6614,0
2476,R,7684,1,6614,0
2480,R,7684,1,6614,0
2484,R,7684,1,6614,0
2488,R,7684,1,6614,0
2492,R,7684,1,6614,0
2496,R,7684,1,6614,0
2500,R,7684,1,6614,0
2504,R,7684,1,6614,0
2508,R,7684,1,6614,0
2512,R,7684,1,6614,0
2516,R,7684,1,6614,0
2520,R,7684,1,6614,0
2524,R,7684,1,6614,0
2528,R,7684,1,6614,0
2532,R,7684,1,6614,0
2536,R,7684,1,6614,0
2540,R,7684,1,6614,0
2544,R,7684,1,6614,0
2548,R,7684,1,6614,0
2552,R,7684,1,6614,0
2556,R,7684,1,6614,0
2304,W,7684,1,6618,0
2308,W,7684,1,6618,0
2312,W,7684,1,6618,0
2316,W,7684,1,6618,0
2320,W,7684,1,6618,0
2324,W,7684,1,6618,0
2328,W,7684,1,6618,0
2332,W,7684,1,6618,0
2336,W,7684,1,6618,0
2340,W,7684,1,6618,0
2344,W,7684,1,6618,0
2348,W,7684,1,6618,0
2352,W,7684,1,6618,0
2356,W,7684,1,6618,0
2360,W,7684,1,6618,0
2364,W,7684,1,6618,0
2368,W,7684,1,6618,0
2372,W,7684,1,6618,0
2376,W,7684,1,6618,0
2380,W,7684,1,6618,0
2384,W,7684,1,6618,0
2388,W,7684,1,6618,0
2392,W,7684,1,6618,0
2396,W,7684,1,6618,0
2400,W,7684,1,6618,0
2404,W,7684,1,6618,0
2408,W,7684,1,6618,0
2412,W,7684,1,6618,0
2416,W,7684,1,6618,0
2420,W,7684,1,6618,0
2424,W,7684,1,6618,0
2428,W,7684,1,6618,0
2432,W,7684,1,6618,0
2436,W,7684,1,6618,0
2440,W,7684,1,6618,0
2444,W,7684,1,6618,0
2448,W,7684,1,6618,0
2452,W,7684,1,6618,0
2456,W,7684,1,6618,0
2460,W,7684,1,6618,0
2464,W,7684,1,6618,0
2468,W,7684,1,6618,0
2472,W,7684,1,6618,0
2476,W,7684,1,6618,0
2480,W,7684,1,6618,0
2484,W,7684,1,6618,0
2488,W,7684,1,6618,0
2492,W,7684,1,6618,0
2496,W,7684,1,6618,0
2500,W,7684,1,6618,0
2504,W,7684,1,6618,0
2508,W,7684,1,6618,0
2512,W,7684,1,6618,0
2516,W,7684,1,6618,0
2520,W,7684,1,6618,0
2524,W,7684,1,6618,0
2528,W,7684,1,6618,0
2532,W,7684,1,6618,0
2536,W,7684,1,6618,0
2540,W,7684,1,6618,0
2544,W,7684,1,6618,0
2548,W,7684,1,6618,0
2552,W,7684,1,6618,0
2556,W,7684,1,6618,0
1024,R,7689,1,4403,0
1028,R,7689,1,4403,0
1032,R,7689,1,4403,0
1036,R,7689,1,4403,0
1040,R,7689,1,4403,0
1044,R,7689,1,4403,0
1048,R,7689,1,4403,0
1052,R,7689,1,4403,0
1056,R,7689,1,4403,0
1060,R,7689,1,4403,0
1064,R,7689,1,4403,0
1068,R,7689,1,4403,0
1072,R,7689,1,4403,0
1076,R,7689,1,4403,0
1080,R,7689,1,4403,0
1084,R,7689,1,4403,0
1088,R,7689,1,4403,0
1092,R,7689,1,4403,0
1096,R,7689,1,4403,0
1100,R,7689,1,4403,0
1104,R,7689,1,4403,0
1108,R,7689,1,4403,0
1112,R,7689,1,4403,0
1116,R,7689,1,4403,0
1120,R,7689,1,4403,0
1124,R,7689,1,4403,0
1128,R,7689,1,4403,0
1132,R,7689,1,4403,0
1136,R,7689,1,4403,0
1140,R,7689,1,4403,0
1144,R,7689,1,4403,0
1148,R,7689,1,4403,0
1152,R,7689,1,4403,0
1156,R,7689,1,4403,0
1160,R,7689,1,4403,0
1164,R,7689,1,4403,0
1168,R,7689,1,4403,0
1172,R,7689,1,4403,0
1176,R,7689,1,4403,0
1180,R,7689,1,4403,0
1184,R,7689,1,4403,0
1188,R,7689,1,4403,0
1192,R,7689,1,4403,0
1196,R,7689,1,4403,0
1200,R,7689,1,4403,0
1204,R,7689,1,4403,0
1208,R,7689,1,4403,0
1212,R,7689,1,4403,0
1216,R,7689,1,4403,0
1220,R,7689,1,4403,0
1224,R,7689,1,4403,0
1228,R,7689,1,4403,0
1232,R,7689,1,4403,0
1236,R,7689,1,4403,0
1240,R,7689,1,4403,0
1244,R,7689,1,4403,0
1248,R,7689,1,4403,0
1252,R,7689,1,4403,0
1256,R,7689,1,4403,0
1260,R,7689,1,4403,0
1264,R,7689,1,4403,0
1268,R,7689,1,4403,0
1272,R,7689,1,4403,0
1276,R,7689,1,4403,0
1280,R,7689,1,4403,0
1284,R,7689,1,4403,0
1288,R,7689,1,4403,0
1292,R,7689,1,4403,0
1296,R,7689,1,4403,0
1300,R,7689,1,4403,0
1304,R,7689,1,4403,0
1308,R,7689,1,4403,0
1312,R,7689,1,4403,0
1316,R,7689,1,4403,0
1320,R,7689,1,4403,0
1324,R,7689,1,4403,0
1328,R,7689,1,4403,0
1332,R,7689,1,4403,0
1336,R,7689,1,4403,0
1340,R,7689,1,4403,0
1344,R,7689,1,4403,0
1348,R,7689,1,4403,0
1352,R,7689,1,4403,0
1356,R,7689,1,4403,0
1360,R,7689,1,4403,0
1364,R,7689,1,4403,0
1368,R,7689,1,4403,0
1372,R,7689,1,4403,0
1376,R,7689,1,4403,0
1380,R,7689,1,4403,0
1384,R,7689,1,4403,0
1388,R,7689,1,4403,0
1392,R,7689,1,4403,0
1396,R,7689,1,4403,0
1400,R,7689,1,4403,0
1404,R,7689,1,4403,0
1408,R,7689,1,4403,0
1412,R,7689,1,4403,0
1416,R,7689,1,4403,0
1420,R,7689,1,4403,0
1424,R,7689,1,4403,0
1428,R,7689,1,4403,0
1432,R,7689,1,4403,0
1436,R,7689,1,4403,0
1440,R,7689,1,4403,0
1444,R,7689,1,4403,0
1448,R,7689,1,4403,0
1452,R,7689,1,4403,0
1456,R,7689,1,4403,0
1460,R,7689,1,4403,0
1464,R,7689,1,4403,0
1468,R,7689,1,4403,0
1472,R,7689,1,4403,0
1476,R,7689,1,4403,0
1480,R,7689,1,4403,0
1484,R,7689,1,4403,0
1488,R,7689,1,4403,0
1492,R,7689,1,4403,0
1496,R,7689,1,4403,0
1500,R,7689,1,4403,0
1504,R,7689,1,4403,0
1508,R,7689,1,4403,0
1512,R,7689,1,4403,0
1516,R,7689,1,4403,0
1520,R,7689,1,4403,0
1524,R,7689,1,4403,0
1528,R,7689,1,4403,0
1532,R,7689,1,4403,0
1024,R,7689,1,4403,0
2048,R,7691,1,6651,0
2052,R,7691,1,6651,0
2056,R,7691,1,6651,0
2060,R,7691,1,6651,0
2064,R,7691,1,6651,0
2068,R,7691,1,6651,0
2072,R,7691,1,6651,0
2076,R,7691,1,6651,0
2080,R,7691,1,6651,0
2084,R,7691,1,6651,0
2088,R,7691,1,6651,0
2092,R,7691,1,6651,0
2096,R,7691,1,6651,0
2100,R,7691,1,6651,0
2104,R,7691,1,6651,0
2108,R,7691,1,6651,0
2112,R,7691,1,6651,0
2116,R,7691,1,6651,0
2120,R,7691,1,6651,0
2124,R,7691,1,6651,0
2128,R,7691,1,6651,0
2132,R,7691,1,6651,0
2136,R,7691,1,6651,0
2140,R,7691,1,6651,0
2144,R,7691,1,6651,0
2148,R,7691,1,6651,0
2152,R,7691,1,6651,0
2156,R,7691,1,6651,0
2160,R,7691,1,6651,0
2164,R,7691,1,6651,0
2168,R,7691,1,6651,0
2172,R,7691,1,6651,0
2176,R,7691,1,6651,0
2180,R,7691,1,6651,0
2184,R,7691,1,6651,0
2188,R,7691,1,6651,0
2192,R,7691,1,6651,0
2196,R,7691,1,6651,0
2200,R,7691,1,6651,0
2204,R,7691,1,6651,0
2208,R,7691,1,6651,0
2212,R,7691,1,6651,0
2216,R,7691,1,6651,0
2220,R,7691,1,6651,0
2224,R,7691,1,6651,0
2228,R,7691,1,6651,0
2232,R,7691,1,6651,0
2236,R,7691,1,6651,0
2240,R,7691,1,6651,0
2244,R,7691,1,6651,0
2248,R,7691,1,6651,0
2252,R,7691,1,6651,0
2256,R,7691,1,6651,0
2260,R,7691,1,6651,0
2264,R,7691,1,6651,0
2268,R,7691,1,6651,0
2272,R,7691,1,6651,0
2276,R,7691,1,6651,0
2280,R,7691,1,6651,0
2284,R,7691,1,6651,0
2288,R,7691,1,6651,0
2292,R,7691,1,6651,0
2296,R,7691,1,6651,0
2300,R,7691,1,6651,0
512,R,7691,1,6652,0
516,R,7691,1,6652,0
520,R,7691,1,6652,0
524,R,7691,1,6652,0
528,R,7691,1,6652,0
532,R,7691,1,6652,0
536,R,7691,1,6652,0
540,R,7691,1,6652,0
544,R,7691,1,6652,0
548,R,7691,1,6652,0
552,R,7691,1,6652,0
556,R,7691,1,6652,0
560,R,7691,1,6652,0
564,R,7691,1,6652,0
568,R,7691,1,6652,0
572,R,7691,1,6652,0
576,R,7691,1,6652,0
580,R,7691,1,6652,0
584,R,7691,1,6652,0
588,R,7691,1,6652,0
592,R,7691,1,6652,0
596,R,7691,1,6652,0
600,R,7691,1,6652,0
604,R,7691,1,6652,0
608,R,7691,1,6652,0
612,R,7691,1,6652,0
616,R,7691,1,6652,0
620,R,7691,1,6652,0
624,R,7691,1,6652,0
628,R,7691,1,6652,0
632,R,7691,1,6652,0
636,R,7691,1,6652,0
640,R,7691,1,6652,0
644,R,7691,1,6652,0
648,R,7691,1,6652,0
652,R,7691,1,6652,0
656,R,7691,1,6652,0
660,R,7691,1,6652,0
664,R,7691,1,6652,0
668,R,7691,1,6652,0
672,R,7691,1,6652,0
676,R,7691,1,6652,0
680,R,7691,1,6652,0
684,R,7691,1,6652,0
688,R,7691,1,6652,0
692,R,7691,1,6652,0
696,R,7691,1,6652,0
700,R,7691,1,6652,0
704,R,7691,1,6652,0
708,R,7691,1,6652,0
712,R,7691,1,6652,0
716,R,7691,1,6652,0
720,R,7691,1,6652,0
724,R,7691,1,6652,0
728,R,7691,1,6652,0
732,R,7691,1,6652,0
736,R,7691,1,6652,0
740,R,7691,1,6652,0
744,R,7691,1,6652,0
748,R,7691,1,6652,0
752,R,7691,1,6652,0
756,R,7691,1,6652,0
760,R,7691,1,6652,0
764,R,7691,1,6652,0
2048,W,7691,1,6655,0
2052,W,7691,1,6655,0
2056,W,7691,1,6655,0
2060,W,7691,1,6655,0
2064,W,7691,1,6655,0
2068,W,7691,1,6655,0
2072,W,7691,1,6655,0
2076,W,7691,1,6655,0
2080,W,7691,1,6655,0
2084,W,7691,1,6655,0
2088,W,7691,1,6655,0
2092,W,7691,1,6655,0
2096,W,7691,1,6655,0
2100,W,7691,1,6655,0
2104,W,7691,1,6655,0
2108,W,7691,1,6655,0
2112,W,7691,1,6655,0
2116,W,7691,1,6655,0
2120,W,7691,1,6655,0
2124,W,7691,1,6655,0
2128,W,7691,1,6655,0
2132,W,7691,1,6655,0
2136,W,7691,1,6655,0
2140,W,7691,1,6655,0
2144,W,7691,1,6655,0
2148,W,7691,1,6655,0
2152,W,7691,1,6655,0
2156,W,7691,1,6655,0
2160,W,7691,1,6655,0
2164,W,7691,1,6655,0
2168,W,7691,1,6655,0
2172,W,7691,1,6655,0
2176,W,7691,1,6655,0
2180,W,7691,1,6655,0
2184,W,7691,1,6655,0
2188,W,7691,1,6655,0
2192,W,7691,1,6655,0
2196,W,7691,1,6655,0
2200,W,7691,1,6655,0
2204,W,7691,1,6655,0
2208,W,7691,1,6655,0
2212,W,7691,1,6655,0
2216,W,7691,1,6655,0
2220,W,7691,1,6655,0
2224,W,7691,1,6655,0
2228,W,7691,1,6655,0
2232,W,7691,1,6655,0
2236,W,7691,1,6655,0
2240,W,7691,1,6655,0
2244,W,7691,1,6655,0
2248,W,7691,1,6655,0
2252,W,7691,1,6655,0
2256,W,7691,1,6655,0
2260,W,7691,1,6655,0
2264,W,7691,1,6655,0
2268,W,7691,1,6655,0
2272,W,7691,1,6655,0
2276,W,7691,1,6655,0
2280,W,7691,1,6655,0
2284,W,7691,1,6655,0
2288,W,7691,1,6655,0
2292,W,7691,1,6655,0
2296,W,7691,1,6655,0
2300,W,7691,1,6655,0
2304,R,7692,1,6656,0
2308,R,7692,1,6656,0
2312,R,7692,1,6656,0
2316,R,7692,1,6656,0
2320,R,7692,1,6656,0
2324,R,7692,1,6656,0
2328,R,7692,1,6656,0
2332,R,7692,1,6656,0
2336,R,7692,1,6656,0
2340,R,7692,1,6656,0
2344,R,7692,1,6656,0
2348,R,7692,1,6656,0
2352,R,7692,1,6656,0
2356,R,7692,1,6656,0
2360,R,7692,1,6656,0
2364,R,7692,1,6656,0
2368,R,7692,1,6656,0
2372,R,7692,1,6656,0
2376,R,7692,1,6656,0
2380,R,7692,1,6656,0
2384,R,7692,1,6656,0
2388,R,7692,1,6656,0
2392,R,7692,1,6656,0
2396,R,7692,1,6656,0
2400,R,7692,1,6656,0
2404,R,7692,1,6656,0
2408,R,7692,1,6656,0
2412,R,7692,1,6656,0
2416,R,7692,1,6656,0
2420,R,7692,1,6656,0
2424,R,7692,1,6656,0
2428,R,7692,1,6656,0
2432,R,7692,1,6656,0
2436,R,7692,1,6656,0
2440,R,7692,1,6656,0
2444,R,7692,1,6656,0
2448,R,7692,1,6656,0
2452,R,7692,1,6656,0
2456,R,7692,1,6656,0
2460,R,7692,1,6656,0
2464,R,7692,1,6656,0
2468,R,7692,1,6656,0
2472,R,7692,1,6656,0
2476,R,7692,1,6656,0
2480,R,7692,1,6656,0
2484,R,7692,1,6656,0
2488,R,7692,1,6656,0
2492,R,7692,1,6656,0
2496,R,7692,1,6656,0
2500,R,7692,1,6656,0
2504,R,7692,1,6656,0
2508,R,7692,1,6656,0
2512,R,7692,1,6656,0
2516,R,7692,1,6656,0
2520,R,7692,1,6656,0
2524,R,7692,1,6656,0
2528,R,7692,1,6656,0
2532,R,7692,1,6656,0
2536,R,7692,1,6656,0
2540,R,7692,1,6656,0
2544,R,7692,1,6656,0
2548,R,7692,1,6656,0
2552,R,7692,1,6656,0
2556,R,7692,1,6656,0
768,R,7692,1,6657,0
772,R,7692,1,6657,0
776,R,7692,1,6657,0
780,R,7692,1,6657,0
784,R,7692,1,6657,0
788,R,7692,1,6657,0
792,R,7692,1,6657,0
796,R,7692,1,6657,0
800,R,7692,1,6657,0
804,R,7692,1,6657,0
808,R,7692,1,6657,0
812,R,7692,1,6657,0
816,R,7692,1,6657,0
820,R,7692,1,6657,0
824,R,7692,1,6657,0
828,R,7692,1,6657,0
832,R,7692,1,6657,0
836,R,7692,1,6657,0
840,R,7692,1,6657,0
844,R,7692,1,6657,0
848,R,7692,1,6657,0
852,R,7692,1,6657,0
856,R,7692,1,6657,0
860,R,7692,1,6657,0
864,R,7692,1,6657,0
868,R,7692,1,6657,0
872,R,7692,1,6657,0
876,R,7692,1,6657,0
880,R,7692,1,6657,0
884,R,7692,1,6657,0
888,R,7692,1,6657,0
892,R,7692,1,6657,0
896,R,7692,1,6657,0
900,R,7692,1,6657,0
904,R,7692,1,6657,0
908,R,7692,1,6657,0
912,R,7692,1,6657,0
916,R,7692,1,6657,0
920,R,7692,1,6657,0
924,R,7692,1,6657,0
928,R,7692,1,6657,0
932,R,7692,1,6657,0
936,R,7692,1,6657,0
940,R,7692,1,6657,0
944,R,7692,1,6657,0
948,R,7692,1,6657,0
952,R,7692,1,6657,0
956,R,7692,1,6657,0
960,R,7692,1,6657,0
964,R,7692,1,6657,0
968,R,7692,1,6657,0
972,R,7692,1,6657,0
976,R,7692,1,6657,0
980,R,7692,1,6657,0
984,R,7692,1,6657,0
988,R,7692,1,6657,0
992,R,7692,1,6657,0
996,R,7692,1,6657,0
1000,R,7692,1,6657,0
1004,R,7692,1,6657,0
1008,R,7692,1,6657,0
1012,R,7692,1,6657,0
1016,R,7692,1,6657,0
1020,R,7692,1,6657,0
2304,W,7692,1,6660,0
2308,W,7692,1,6660,0
2312,W,7692,1,6660,0
2316,W,7692,1,6660,0
2320,W,7692,1,6660,0
2324,W,7692,1,6660,0
2328,W,7692,1,6660,0
2332,W,7692,1,6660,0
2336,W,7692,1,6660,0
2340,W,7692,1,6660,0
2344,W,7692,1,6660,0
2348,W,7692,1,6660,0
2352,W,7692,1,6660,0
2356,W,7692,1,6660,0
2360,W,7692,1,6660,0
2364,W,7692,1,6660,0
2368,W,7692,1,6660,0
2372,W,7692,1,6660,0
2376,W,7692,1,6660,0
2380,W,7692,1,6660,0
2384,W,7692,1,6660,0
2388,W,7692,1,6660,0
2392,W,7692,1,6660,0
2396,W,7692,1,6660,0
2400,W,7692,1,6660,0
2404,W,7692,1,6660,0
2408,W,7692,1,6660,0
2412,W,7692,1,6660,0
2416,W,7692,1,6660,0
2420,W,7692,1,6660,0
2424,W,7692,1,6660,0
2428,W,7692,1,6660,0
2432,W,7692,1,6660,0
2436,W,7692,1,6660,0
2440,W,7692,1,6660,0
2444,W,7692,1,6660,0
2448,W,7692,1,6660,0
2452,W,7692,1,6660,0
2456,W,7692,1,6660,0
2460,W,7692,1,6660,0
2464,W,7692,1,6660,0
2468,W,7692,1,6660,0
2472,W,7692,1,6660,0
2476,W,7692,1,6660,0
2480,W,7692,1,6660,0
2484,W,7692,1,6660,0
2488,W,7692,1,6660,0
2492,W,7692,1,6660,0
2496,W,7692,1,6660,0
2500,W,7692,1,6660,0
2504,W,7692,1,6660,0
2508,W,7692,1,6660,0
2512,W,7692,1,6660,0
2516,W,7692,1,6660,0
2520,W,7692,1,6660,0
2524,W,7692,1,6660,0
2528,W,7692,1,6660,0
2532,W,7692,1,6660,0
2536,W,7692,1,6660,0
2540,W,7692,1,6660,0
2544,W,7692,1,6660,0
2548,W,7692,1,6660,0
2552,W,7692,1,6660,0
2556,W,7692,1,6660,0
2048,R,7699,1,6690,0
2052,R,7699,1,6690,0
2056,R,7699,1,6690,0
2060,R,7699,1,6690,0
2064,R,7699,1,6690,0
2068,R,7699,1,6690,0
2072,R,7699,1,6690,0
2076,R,7699,1,6690,0
2080,R,7699,1,6690,0
2084,R,7699,1,6690,0
2088,R,7699,1,6690,0
2092,R,7699,1,6690,0
2096,R,7699,1,6690,0
2100,R,7699,1,6690,0
2104,R,7699,1,6690,0
2108,R,7699,1,6690,0
2112,R,7699,1,6690,0
2116,R,7699,1,6690,0
2120,R,7699,1,6690,0
2124,R,7699,1,6690,0
2128,R,7699,1,6690,0
2132,R,7699,1,6690,0
2136,R,7699,1,6690,0
2140,R,7699,1,6690,0
2144,R,7699,1,6690,0
2148,R,7699,1,6690,0
2152,R,7699,1,6690,0
2156,R,7699,1,6690,0
2160,R,7699,1,6690,0
2164,R,7699,1,6690,0
2168,R,7699,1,6690,0
2172,R,7699,1,6690,0
2176,R,7699,1,6690,0
2180,R,7699,1,6690,0
2184,R,7699,1,6690,0
2188,R,7699,1,6690,0
2192,R,7699,1,6690,0
2196,R,7699,1,6690,0
2200,R,7699,1,6690,0
2204,R,7699,1,6690,0
2208,R,7699,1,6690,0
2212,R,7699,1,6690,0
2216,R,7699,1,6690,0
2220,R,7699,1,6690,0
2224,R,7699,1,6690,0
2228,R,7699,1,6690,0
2232,R,7699,1,6690,0
2236,R,7699,1,6690,0
2240,R,7699,1,6690,0
2244,R,7699,1,6690,0
2248,R,7699,1,6690,0
2252,R,7699,1,6690,0
2256,R,7699,1,6690,0
2260,R,7699,1,6690,0
2264,R,7699,1,6690,0
2268,R,7699,1,6690,0
2272,R,7699,1,6690,0
2276,R,7699,1,6690,0
2280,R,7699,1,6690,0
2284,R,7699,1,6690,0
2288,R,7699,1,6690,0
2292,R,7699,1,6690,0
2296,R,7699,1,6690,0
2300,R,7699,1,6690,0
2048,W,7699,1,6694,0
2052,W,7699,1,6694,0
2056,W,7699,1,6694,0
2060,W,7699,1,6694,0
2064,W,7699,1,6694,0
2068,W,7699,1,6694,0
2072,W,7699,1,6694,0
2076,W,7699,1,6694,0
2080,W,7699,1,6694,0
2084,W,7699,1,6694,0
2088,W,7699,1,6694,0
2092,W,7699,1,6694,0
2096,W,7699,1,6694,0
2100,W,7699,1,6694,0
2104,W,7699,1,6694,0
2108,W,7699,1,6694,0
2112,W,7699,1,6694,0
2116,W,7699,1,6694,0
2120,W,7699,1,6694,0
2124,W,7699,1,6694,0
2128,W,7699,1,6694,0
2132,W,7699,1,6694,0
2136,W,7699,1,6694,0
2140,W,7699,1,6694,0
2144,W,7699,1,6694,0
2148,W,7699,1,6694,0
2152,W,7699,1,6694,0
2156,W,7699,1,6694,0
2160,W,7699,1,6694,0
2164,W,7699,1,6694,0
2168,W,7699,1,6694,0
2172,W,7699,1,6694,0
2176,W,7699,1,6694,0
2180,W,7699,1,6694,0
2184,W,7699,1,6694,0
2188,W,7699,1,6694,0
2192,W,7699,1,6694,0
2196,W,7699,1,6694,0
2200,W,7699,1,6694,0
2204,W,7699,1,6694,0
2208,W,7699,1,6694,0
2212,W,7699,1,6694,0
2216,W,7699,1,6694,0
2220,W,7699,1,6694,0
2224,W,7699,1,6694,0
2228,W,7699,1,6694,0
2232,W,7699,1,6694,0
2236,W,7699,1,6694,0
2240,W,7699,1,6694,0
2244,W,7699,1,6694,0
2248,W,7699,1,6694,0
2252,W,7699,1,6694,0
2256,W,7699,1,6694,0
2260,W,7699,1,6694,0
2264,W,7699,1,6694,0
2268,W,7699,1,6694,0
2272,W,7699,1,6694,0
2276,W,7699,1,6694,0
2280,W,7699,1,6694,0
2284,W,7699,1,6694,0
2288,W,7699,1,6694,0
2292,W,7699,1,6694,0
2296,W,7699,1,6694,0
2300,W,7699,1,6694,0
2304,R,7700,1,6699,0
2308,R,7700,1,6699,0
2312,R,7700,1,6699,0
2316,R,7700,1,6699,0
2320,R,7700,1,6699,0
2324,R,7700,1,6699,0
2328,R,7700,1,6699,0
2332,R,7700,1,6699,0
2336,R,7700,1,6699,0
2340,R,7700,1,6699,0
2344,R,7700,1,6699,0
2348,R,7700,1,6699,0
2352,R,7700,1,6699,0
2356,R,7700,1,6699,0
2360,R,7700,1,6699,0
2364,R,7700,1,6699,0
2368,R,7700,1,6699,0
2372,R,7700,1,6699,0
2376,R,7700,1,6699,0
2380,R,7700,1,6699,0
2384,R,7700,1,6699,0
2388,R,7700,1,6699,0
2392,R,7700,1,6699,0
2396,R,7700,1,6699,0
2400,R,7700,1,6699,0
2404,R,7700,1,6699,0
2408,R,7700,1,6699,0
2412,R,7700,1,6699,0
2416,R,7700,1,6699,0
2420,R,7700,1,6699,0
2424,R,7700,1,6699,0
2428,R,7700,1,6699,0
2432,R,7700,1,6699,0
2436,R,7700,1,6699,0
2440,R,7700,1,6699,0
2444,R,7700,1,6699,0
2448,R,7700,1,6699,0
2452,R,7700,1,6699,0
2456,R,7700,1,6699,0
2460,R,7700,1,6699,0
2464,R,7700,1,6699,0
2468,R,7700,1,6699,0
2472,R,7700,1,6699,0
2476,R,7700,1,6699,0
2480,R,7700,1,6699,0
2484,R,7700,1,6699,0
2488,R,7700,1,6699,0
2492,R,7700,1,6699,0
2496,R,7700,1,6699,0
2500,R,7700,1,6699,0
2504,R,7700,1,6699,0
2508,R,7700,1,6699,0
2512,R,7700,1,6699,0
2516,R,7700,1,6699,0
2520,R,7700,1,6699,0
2524,R,7700,1,6699,0
2528,R,7700,1,6699,0
2532,R,7700,1,6699,0
2536,R,7700,1,6699,0
2540,R,7700,1,6699,0
2544,R,7700,1,6699,0
2548,R,7700,1,6699,0
2552,R,7700,1,6699,0
2556,R,7700,1,6699,0
2304,W,7700,1,6703,0
2308,W,7700,1,6703,0
2312,W,7700,1,6703,0
2316,W,7700,1,6703,0
2320,W,7700,1,6703,0
2324,W,7700,1,6703,0
2328,W,7700,1,6703,0
2332,W,7700,1,6703,0
2336,W,7700,1,6703,0
2340,W,7700,1,6703,0
2344,W,7700,1,6703,0
2348,W,7700,1,6703,0
2352,W,7700,1,6703,0
2356,W,7700,1,6703,0
2360,W,7700,1,6703,0
2364,W,7700,1,6703,0
2368,W,7700,1,6703,0
2372,W,7700,1,6703,0
2376,W,7700,1,6703,0
2380,W,7700,1,6703,0
2384,W,7700,1,6703,0
2388,W,7700,1,6703,0
2392,W,7700,1,6703,0
2396,W,7700,1,6703,0
2400,W,7700,1,6703,0
2404,W,7700,1,6703,0
2408,W,7700,1,6703,0
2412,W,7700,1,6703,0
2416,W,7700,1,6703,0
2420,W,7700,1,6703,0
2424,W,7700,1,6703,0
2428,W,7700,1,6703,0
2432,W,7700,1,6703,0
2436,W,7700,1,6703,0
2440,W,7700,1,6703,0
2444,W,7700,1,6703,0
2448,W,7700,1,6703,0
2452,W,7700,1,6703,0
2456,W,7700,1,6703,0
2460,W,7700,1,6703,0
2464,W,7700,1,6703,0
2468,W,7700,1,6703,0
2472,W,7700,1,6703,0
2476,W,7700,1,6703,0
2480,W,7700,1,6703,0
2484,W,7700,1,6703,0
2488,W,7700,1,6703,0
2492,W,7700,1,6703,0
2496,W,7700,1,6703,0
2500,W,7700,1,6703,0
2504,W,7700,1,6703,0
2508,W,7700,1,6703,0
2512,W,7700,1,6703,0
2516,W,7700,1,6703,0
2520,W,7700,1,6703,0
2524,W,7700,1,6703,0
2528,W,7700,1,6703,0
2532,W,7700,1,6703,0
2536,W,7700,1,6703,0
2540,W,7700,1,6703,0
2544,W,7700,1,6703,0
2548,W,7700,1,6703,0
2552,W,7700,1,6703,0
2556,W,7700,1,6703,0
512,R,7707,1,6756,0
516,R,7707,1,6756,0
520,R,7707,1,6756,0
524,R,7707,1,6756,0
528,R,7707,1,6756,0
532,R,7707,1,6756,0
536,R,7707,1,6756,0
540,R,7707,1,6756,0
544,R,7707,1,6756,0
548,R,7707,1,6756,0
552,R,7707,1,6756,0
556,R,7707,1,6756,0
560,R,7707,1,6756,0
564,R,7707,1,6756,0
568,R,7707,1,6756,0
572,R,7707,1,6756,0
576,R,7707,1,6756,0
580,R,7707,1,6756,0
584,R,7707,1,6756,0
588,R,7707,1,6756,0
592,R,7707,1,6756,0
596,R,7707,1,6756,0
600,R,7707,1,6756,0
604,R,7707,1,6756,0
608,R,7707,1,6756,0
612,R,7707,1,6756,0
616,R,7707,1,6756,0
620,R,7707,1,6756,0
624,R,7707,1,6756,0
628,R,7707,1,6756,0
632,R,7707,1,6756,0
636,R,7707,1,6756,0
640,R,7707,1,6756,0
644,R,7707,1,6756,0
648,R,7707,1,6756,0
652,R,7707,1,6756,0
656,R,7707,1,6756,0
660,R,7707,1,6756,0
664,R,7707,1,6756,0
668,R,7707,1,6756,0
672,R,7707,1,6756,0
676,R,7707,1,6756,0
680,R,7707,1,6756,0
684,R,7707,1,6756,0
688,R,7707,1,6756,0
692,R,7707,1,6756,0
696,R,7707,1,6756,0
700,R,7707,1,6756,0
704,R,7707,1,6756,0
708,R,7707,1,6756,0
712,R,7707,1,6756,0
716,R,7707,1,6756,0
720,R,7707,1,6756,0
724,R,7707,1,6756,0
728,R,7707,1,6756,0
732,R,7707,1,6756,0
736,R,7707,1,6756,0
740,R,7707,1,6756,0
744,R,7707,1,6756,0
748,R,7707,1,6756,0
752,R,7707,1,6756,0
756,R,7707,1,6756,0
760,R,7707,1,6756,0
764,R,7707,1,6756,0
2048,R,7707,1,6757,0
2052,R,7707,1,6757,0
2056,R,7707,1,6757,0
2060,R,7707,1,6757,0
2064,R,7707,1,6757,0
2068,R,7707,1,6757,0
2072,R,7707,1,6757,0
2076,R,7707,1,6757,0
2080,R,7707,1,6757,0
2084,R,7707,1,6757,0
2088,R,7707,1,6757,0
2092,R,7707,1,6757,0
2096,R,7707,1,6757,0
2100,R,7707,1,6757,0
2104,R,7707,1,6757,0
2108,R,7707,1,6757,0
2112,R,7707,1,6757,0
2116,R,7707,1,6757,0
2120,R,7707,1,6757,0
2124,R,7707,1,6757,0
2128,R,7707,1,6757,0
2132,R,7707,1,6757,0
2136,R,7707,1,6757,0
2140,R,7707,1,6757,0
2144,R,7707,1,6757,0
2148,R,7707,1,6757,0
2152,R,7707,1,6757,0
2156,R,7707,1,6757,0
2160,R,7707,1,6757,0
2164,R,7707,1,6757,0
2168,R,7707,1,6757,0
2172,R,7707,1,6757,0
2176,R,7707,1,6757,0
2180,R,7707,1,6757,0
2184,R,7707,1,6757,0
2188,R,7707,1,6757,0
2192,R,7707,1,6757,0
2196,R,7707,1,6757,0
2200,R,7707,1,6757,0
2204,R,7707,1,6757,0
2208,R,7707,1,6757,0
2212,R,7707,1,6757,0
2216,R,7707,1,6757,0
2220,R,7707,1,6757,0
2224,R,7707,1,6757,0
2228,R,7707,1,6757,0
2232,R,7707,1,6757,0
2236,R,7707,1,6757,0
2240,R,7707,1,6757,0
2244,R,7707,1,6757,0
2248,R,7707,1,6757,0
2252,R,7707,1,6757,0
2256,R,7707,1,6757,0
2260,R,7707,1,6757,0
2264,R,7707,1,6757,0
2268,R,7707,1,6757,0
2272,R,7707,1,6757,0
2276,R,7707,1,6757,0
2280,R,7707,1,6757,0
2284,R,7707,1,6757,0
2288,R,7707,1,6757,0
2292,R,7707,1,6757,0
2296,R,7707,1,6757,0
2300,R,7707,1,6757,0
2048,W,7707,1,6760,0
2052,W,7707,1,6760,0
2056,W,7707,1,6760,0
2060,W,7707,1,6760,0
2064,W,7707,1,6760,0
2068,W,7707,1,6760,0
2072,W,7707,1,6760,0
2076,W,7707,1,6760,0
2080,W,7707,1,6760,0
2084,W,7707,1,6760,0
2088,W,7707,1,6760,0
2092,W,7707,1,6760,0
2096,W,7707,1,6760,0
2100,W,7707,1,6760,0
2104,W,7707,1,6760,0
2108,W,7707,1,6760,0
2112,W,7707,1,6760,0
2116,W,7707,1,6760,0
2120,W,7707,1,6760,0
2124,W,7707,1,6760,0
2128,W,7707,1,6760,0
2132,W,7707,1,6760,0
2136,W,7707,1,6760,0
2140,W,7707,1,6760,0
2144,W,7707,1,6760,0
2148,W,7707,1,6760,0
2152,W,7707,1,6760,0
2156,W,7707,1,6760,0
2160,W,7707,1,6760,0
2164,W,7707,1,6760,0
2168,W,7707,1,6760,0
2172,W,7707,1,6760,0
2176,W,7707,1,6760,0
2180,W,7707,1,6760,0
2184,W,7707,1,6760,0
2188,W,7707,1,6760,0
2192,W,7707,1,6760,0
2196,W,7707,1,6760,0
2200,W,7707,1,6760,0
2204,W,7707,1,6760,0
2208,W,7707,1,6760,0
2212,W,7707,1,6760,0
2216,W,7707,1,6760,0
2220,W,7707,1,6760,0
2224,W,7707,1,6760,0
2228,W,7707,1,6760,0
2232,W,7707,1,6760,0
2236,W,7707,1,6760,0
2240,W,7707,1,6760,0
2244,W,7707,1,6760,0
2248,W,7707,1,6760,0
2252,W,7707,1,6760,0
2256,W,7707,1,6760,0
2260,W,7707,1,6760,0
2264,W,7707,1,6760,0
2268,W,7707,1,6760,0
2272,W,7707,1,6760,0
2276,W,7707,1,6760,0
2280,W,7707,1,6760,0
2284,W,7707,1,6760,0
2288,W,7707,1,6760,0
2292,W,7707,1,6760,0
2296,W,7707,1,6760,0
2300,W,7707,1,6760,0
768,R,7708,1,6773,0
772,R,7708,1,6773,0
776,R,7708,1,6773,0
780,R,7708,1,6773,0
784,R,7708,1,6773,0
788,R,7708,1,6773,0
792,R,7708,1,6773,0
796,R,7708,1,6773,0
800,R,7708,1,6773,0
804,R,7708,1,6773,0
808,R,7708,1,6773,0
812,R,7708,1,6773,0
816,R,7708,1,6773,0
820,R,7708,1,6773,0
824,R,7708,1,6773,0
828,R,7708,1,6773,0
832,R,7708,1,6773,0
836,R,7708,1,6773,0
840,R,7708,1,6773,0
844,R,7708,1,6773,0
848,R,7708,1,6773,0
852,R,7708,1,6773,0
856,R,7708,1,6773,0
860,R,7708,1,6773,0
864,R,7708,1,6773,0
868,R,7708,1,6773,0
872,R,7708,1,6773,0
876,R,7708,1,6773,0
880,R,7708,1,6773,0
884,R,7708,1,6773,0
888,R,7708,1,6773,0
892,R,7708,1,6773,0
896,R,7708,1,6773,0
900,R,7708,1,6773,0
904,R,7708,1,6773,0
908,R,7708,1,6773,0
912,R,7708,1,6773,0
916,R,7708,1,6773,0
920,R,7708,1,6773,0
924,R,7708,1,6773,0
928,R,7708,1,6773,0
932,R,7708,1,6773,0
936,R,7708,1,6773,0
940,R,7708,1,6773,0
944,R,7708,1,6773,0
948,R,7708,1,6773,0
952,R,7708,1,6773,0
956,R,7708,1,6773,0
960,R,7708,1,6773,0
964,R,7708,1,6773,0
968,R,7708,1,6773,0
972,R,7708,1,6773,0
976,R,7708,1,6773,0
980,R,7708,1,6773,0
984,R,7708,1,6773,0
988,R,7708,1,6773,0
992,R,7708,1,6773,0
996,R,7708,1,6773,0
1000,R,7708,1,6773,0
1004,R,7708,1,6773,0
1008,R,7708,1,6773,0
1012,R,7708,1,6773,0
1016,R,7708,1,6773,0
1020,R,7708,1,6773,0
2304,R,7708,1,6774,0
2308,R,7708,1,6774,0
2312,R,7708,1,6774,0
2316,R,7708,1,6774,0
2320,R,7708,1,6774,0
2324,R,7708,1,6774,0
2328,R,7708,1,6774,0
2332,R,7708,1,6774,0
2336,R,7708,1,6774,0
2340,R,7708,1,6774,0
2344,R,7708,1,6774,0
2348,R,7708,1,6774,0
2352,R,7708,1,6774,0
2356,R,7708,1,6774,0
2360,R,7708,1,6774,0
2364,R,7708,1,6774,0
2368,R,7708,1,6774,0
2372,R,7708,1,6774,0
2376,R,7708,1,6774,0
2380,R,7708,1,6774,0
2384,R,7708,1,6774,0
2388,R,7708,1,6774,0
2392,R,7708,1,6774,0
2396,R,7708,1,6774,0
2400,R,7708,1,6774,0
2404,R,7708,1,6774,0
2408,R,7708,1,6774,0
2412,R,7708,1,6774,0
2416,R,7708,1,6774,0
2420,R,7708,1,6774,0
2424,R,7708,1,6774,0
2428,R,7708,1,6774,0
2432,R,7708,1,6774,0
2436,R,7708,1,6774,0
2440,R,7708,1,6774,0
2444,R,7708,1,6774,0
2448,R,7708,1,6774,0
2452,R,7708,1,6774,0
2456,R,7708,1,6774,0
2460,R,7708,1,6774,0
2464,R,7708,1,6774,0
2468,R,7708,1,6774,0
2472,R,7708,1,6774,0
2476,R,7708,1,6774,0
2480,R,7708,1,6774,0
2484,R,7708,1,6774,0
2488,R,7708,1,6774,0
2492,R,7708,1,6774,0
2496,R,7708,1,6774,0
2500,R,7708,1,6774,0
2504,R,7708,1,6774,0
2508,R,7708,1,6774,0
2512,R,7708,1,6774,0
2516,R,7708,1,6774,0
2520,R,7708,1,6774,0
2524,R,7708,1,6774,0
2528,R,7708,1,6774,0
2532,R,7708,1,6774,0
2536,R,7708,1,6774,0
2540,R,7708,1,6774,0
2544,R,7708,1,6774,0
2548,R,7708,1,6774,0
2552,R,7708,1,6774,0
2556,R,7708,1,6774,0
2304,W,7708,1,6777,0
2308,W,7708,1,6777,0
2312,W,7708,1,6777,0
2316,W,7708,1,6777,0
2320,W,7708,1,6777,0
2324,W,7708,1,6777,0
2328,W,7708,1,6777,0
2332,W,7708,1,6777,0
2336,W,7708,1,6777,0
2340,W,7708,1,6777,0
2344,W,7708,1,6777,0
2348,W,7708,1,6777,0
2352,W,7708,1,6777,0
2356,W,7708,1,6777,0
2360,W,7708,1,6777,0
2364,W,7708,1,6777,0
2368,W,7708,1,6777,0
2372,W,7708,1,6777,0
2376,W,7708,1,6777,0
2380,W,7708,1,6777,0
2384,W,7708,1,6777,0
2388,W,7708,1,6777,0
2392,W,7708,1,6777,0
2396,W,7708,1,6777,0
2400,W,7708,1,6777,0
2404,W,7708,1,6777,0
2408,W,7708,1,6777,0
2412,W,7708,1,6777,0
2416,W,7708,1,6777,0
2420,W,7708,1,6777,0
2424,W,7708,1,6777,0
2428,W,7708,1,6777,0
2432,W,7708,1,6777,0
2436,W,7708,1,6777,0
2440,W,7708,1,6777,0
2444,W,7708,1,6777,0
2448,W,7708,1,6777,0
2452,W,7708,1,6777,0
2456,W,7708,1,6777,0
2460,W,7708,1,6777,0
2464,W,7708,1,6777,0
2468,W,7708,1,6777,0
2472,W,7708,1,6777,0
2476,W,7708,1,6777,0
2480,W,7708,1,6777,0
2484,W,7708,1,6777,0
2488,W,7708,1,6777,0
2492,W,7708,1,6777,0
2496,W,7708,1,6777,0
2500,W,7708,1,6777,0
2504,W,7708,1,6777,0
2508,W,7708,1,6777,0
2512,W,7708,1,6777,0
2516,W,7708,1,6777,0
2520,W,7708,1,6777,0
2524,W,7708,1,6777,0
2528,W,7708,1,6777,0
2532,W,7708,1,6777,0
2536,W,7708,1,6777,0
2540,W,7708,1,6777,0
2544,W,7708,1,6777,0
2548,W,7708,1,6777,0
2552,W,7708,1,6777,0
2556,W,7708,1,6777,0
512,W,7726,1,4515,0
516,W,7726,1,4515,0
520,W,7726,1,4515,0
524,W,7726,1,4515,0
528,W,7726,1,4515,0
532,W,7726,1,4515,0
536,W,7726,1,4515,0
540,W,7726,1,4515,0
544,W,7726,1,4515,0
548,W,7726,1,4515,0
552,W,7726,1,4515,0
556,W,7726,1,4515,0
560,W,7726,1,4515,0
564,W,7726,1,4515,0
568,W,7726,1,4515,0
572,W,7726,1,4515,0
576,W,7726,1,4515,0
580,W,7726,1,4515,0
584,W,7726,1,4515,0
588,W,7726,1,4515,0
592,W,7726,1,4515,0
596,W,7726,1,4515,0
600,W,7726,1,4515,0
604,W,7726,1,4515,0
608,W,7726,1,4515,0
612,W,7726,1,4515,0
616,W,7726,1,4515,0
620,W,7726,1,4515,0
624,W,7726,1,4515,0
628,W,7726,1,4515,0
632,W,7726,1,4515,0
636,W,7726,1,4515,0
640,W,7726,1,4515,0
644,W,7726,1,4515,0
648,W,7726,1,4515,0
652,W,7726,1,4515,0
656,W,7726,1,4515,0
660,W,7726,1,4515,0
664,W,7726,1,4515,0
668,W,7726,1,4515,0
672,W,7726,1,4515,0
676,W,7726,1,4515,0
680,W,7726,1,4515,0
684,W,7726,1,4515,0
688,W,7726,1,4515,0
692,W,7726,1,4515,0
696,W,7726,1,4515,0
700,W,7726,1,4515,0
704,W,7726,1,4515,0
708,W,7726,1,4515,0
712,W,7726,1,4515,0
716,W,7726,1,4515,0
720,W,7726,1,4515,0
724,W,7726,1,4515,0
728,W,7726,1,4515,0
732,W,7726,1,4515,0
736,W,7726,1,4515,0
740,W,7726,1,4515,0
744,W,7726,1,4515,0
748,W,7726,1,4515,0
752,W,7726,1,4515,0
756,W,7726,1,4515,0
760,W,7726,1,4515,0
764,W,7726,1,4515,0
768,W,7726,1,4515,0
772,W,7726,1,4515,0
776,W,7726,1,4515,0
780,W,7726,1,4515,0
784,W,7726,1,4515,0
788,W,7726,1,4515,0
792,W,7726,1,4515,0
796,W,7726,1,4515,0
800,W,7726,1,4515,0
804,W,7726,1,4515,0
808,W,7726,1,4515,0
812,W,7726,1,4515,0
816,W,7726,1,4515,0
820,W,7726,1,4515,0
824,W,7726,1,4515,0
828,W,7726,1,4515,0
832,W,7726,1,4515,0
836,W,7726,1,4515,0
840,W,7726,1,4515,0
844,W,7726,1,4515,0
848,W,7726,1,4515,0
852,W,7726,1,4515,0
856,W,7726,1,4515,0
860,W,7726,1,4515,0
864,W,7726,1,4515,0
868,W,7726,1,4515,0
872,W,7726,1,4515,0
876,W,7726,1,4515,0
880,W,7726,1,4515,0
884,W,7726,1,4515,0
888,W,7726,1,4515,0
892,W,7726,1,4515,0
896,W,7726,1,4515,0
900,W,7726,1,4515,0
904,W,7726,1,4515,0
908,W,7726,1,4515,0
912,W,7726,1,4515,0
916,W,7726,1,4515,0
920,W,7726,1,4515,0
924,W,7726,1,4515,0
928,W,7726,1,4515,0
932,W,7726,1,4515,0
936,W,7726,1,4515,0
940,W,7726,1,4515,0
944,W,7726,1,4515,0
948,W,7726,1,4515,0
952,W,7726,1,4515,0
956,W,7726,1,4515,0
960,W,7726,1,4515,0
964,W,7726,1,4515,0
968,W,7726,1,4515,0
972,W,7726,1,4515,0
976,W,7726,1,4515,0
980,W,7726,1,4515,0
984,W,7726,1,4515,0
988,W,7726,1,4515,0
992,W,7726,1,4515,0
996,W,7726,1,4515,0
1000,W,7726,1,4515,0
1004,W,7726,1,4515,0
1008,W,7726,1,4515,0
1012,W,7726,1,4515,0
1016,W,7726,1,4515,0
1020,W,7726,1,4515,0
512,R,7731,1,6868,0
516,R,7731,1,6868,0
520,R,7731,1,6868,0
524,R,7731,1,6868,0
528,R,7731,1,6868,0
532,R,7731,1,6868,0
536,R,7731,1,6868,0
540,R,7731,1,6868,0
544,R,7731,1,6868,0
548,R,7731,1,6868,0
552,R,7731,1,6868,0
556,R,7731,1,6868,0
560,R,7731,1,6868,0
564,R,7731,1,6868,0
568,R,7731,1,6868,0
572,R,7731,1,6868,0
576,R,7731,1,6868,0
580,R,7731,1,6868,0
584,R,7731,1,6868,0
588,R,7731,1,6868,0
592,R,7731,1,6868,0
596,R,7731,1,6868,0
600,R,7731,1,6868,0
604,R,7731,1,6868,0
608,R,7731,1,6868,0
612,R,7731,1,6868,0
616,R,7731,1,6868,0
620,R,7731,1,6868,0
624,R,7731,1,6868,0
628,R,7731,1,6868,0
632,R,7731,1,6868,0
636,R,7731,1,6868,0
640,R,7731,1,6868,0
644,R,7731,1,6868,0
648,R,7731,1,6868,0
652,R,7731,1,6868,0
656,R,7731,1,6868,0
660,R,7731,1,6868,0
664,R,7731,1,6868,0
668,R,7731,1,6868,0
672,R,7731,1,6868,0
676,R,7731,1,6868,0
680,R,7731,1,6868,0
684,R,7731,1,6868,0
688,R,7731,1,6868,0
692,R,7731,1,6868,0
696,R,7731,1,6868,0
700,R,7731,1,6868,0
704,R,7731,1,6868,0
708,R,7731,1,6868,0
712,R,7731,1,6868,0
716,R,7731,1,6868,0
720,R,7731,1,6868,0
724,R,7731,1,6868,0
728,R,7731,1,6868,0
732,R,7731,1,6868,0
736,R,7731,1,6868,0
740,R,7731,1,6868,0
744,R,7731,1,6868,0
748,R,7731,1,6868,0
752,R,7731,1,6868,0
756,R,7731,1,6868,0
760,R,7731,1,6868,0
764,R,7731,1,6868,0
2048,R,7731,1,6869,0
2052,R,7731,1,6869,0
2056,R,7731,1,6869,0
2060,R,7731,1,6869,0
2064,R,7731,1,6869,0
2068,R,7731,1,6869,0
2072,R,7731,1,6869,0
2076,R,7731,1,6869,0
2080,R,7731,1,6869,0
2084,R,7731,1,6869,0
2088,R,7731,1,6869,0
2092,R,7731,1,6869,0
2096,R,7731,1,6869,0
2100,R,7731,1,6869,0
2104,R,7731,1,6869,0
2108,R,7731,1,6869,0
2112,R,7731,1,6869,0
2116,R,7731,1,6869,0
2120,R,7731,1,6869,0
2124,R,7731,1,6869,0
2128,R,7731,1,6869,0
2132,R,7731,1,6869,0
2136,R,7731,1,6869,0
2140,R,7731,1,6869,0
2144,R,7731,1,6869,0
2148,R,7731,1,6869,0
2152,R,7731,1,6869,0
2156,R,7731,1,6869,0
2160,R,7731,1,6869,0
2164,R,7731,1,6869,0
2168,R,7731,1,6869,0
2172,R,7731,1,6869,0
2176,R,7731,1,6869,0
2180,R,7731,1,6869,0
2184,R,7731,1,6869,0
2188,R,7731,1,6869,0
2192,R,7731,1,6869,0
2196,R,7731,1,6869,0
2200,R,7731,1,6869,0
2204,R,7731,1,6869,0
2208,R,7731,1,6869,0
2212,R,7731,1,6869,0
2216,R,7731,1,6869,0
2220,R,7731,1,6869,0
2224,R,7731,1,6869,0
2228,R,7731,1,6869,0
2232,R,7731,1,6869,0
2236,R,7731,1,6869,0
2240,R,7731,1,6869,0
2244,R,7731,1,6869,0
2248,R,7731,1,6869,0
2252,R,7731,1,6869,0
2256,R,7731,1,6869,0
2260,R,7731,1,6869,0
2264,R,7731,1,6869,0
2268,R,7731,1,6869,0
2272,R,7731,1,6869,0
2276,R,7731,1,6869,0
2280,R,7731,1,6869,0
2284,R,7731,1,6869,0
2288,R,7731,1,6869,0
2292,R,7731,1,6869,0
2296,R,7731,1,6869,0
2300,R,7731,1,6869,0
1536,W,7731,1,6872,0
1540,W,7731,1,6872,0
1544,W,7731,1,6872,0
1548,W,7731,1,6872,0
1552,W,7731,1,6872,0
1556,W,7731,1,6872,0
1560,W,7731,1,6872,0
1564,W,7731,1,6872,0
1568,W,7731,1,6872,0
1572,W,7731,1,6872,0
1576,W,7731,1,6872,0
1580,W,7731,1,6872,0
1584,W,7731,1,6872,0
1588,W,7731,1,6872,0
1592,W,7731,1,6872,0
1596,W,7731,1,6872,0
1600,W,7731,1,6872,0
1604,W,7731,1,6872,0
1608,W,7731,1,6872,0
1612,W,7731,1,6872,0
1616,W,7731,1,6872,0
1620,W,7731,1,6872,0
1624,W,7731,1,6872,0
1628,W,7731,1,6872,0
1632,W,7731,1,6872,0
1636,W,7731,1,6872,0
1640,W,7731,1,6872,0
1644,W,7731,1,6872,0
1648,W,7731,1,6872,0
1652,W,7731,1,6872,0
1656,W,7731,1,6872,0
1660,W,7731,1,6872,0
1664,W,7731,1,6872,0
1668,W,7731,1,6872,0
1672,W,7731,1,6872,0
1676,W,7731,1,6872,0
1680,W,7731,1,6872,0
1684,W,7731,1,6872,0
1688,W,7731,1,6872,0
1692,W,7731,1,6872,0
1696,W,7731,1,6872,0
1700,W,7731,1,6872,0
1704,W,7731,1,6872,0
1708,W,7731,1,6872,0
1712,W,7731,1,6872,0
1716,W,7731,1,6872,0
1720,W,7731,1,6872,0
1724,W,7731,1,6872,0
1728,W,7731,1,6872,0
1732,W,7731,1,6872,0
1736,W,7731,1,6872,0
1740,W,7731,1,6872,0
1744,W,7731,1,6872,0
1748,W,7731,1,6872,0
1752,W,7731,1,6872,0
1756,W,7731,1,6872,0
1760,W,7731,1,6872,0
1764,W,7731,1,6872,0
1768,W,7731,1,6872,0
1772,W,7731,1,6872,0
1776,W,7731,1,6872,0
1780,W,7731,1,6872,0
1784,W,7731,1,6872,0
1788,W,7731,1,6872,0
768,R,7732,1,6873,0
772,R,7732,1,6873,0
776,R,7732,1,6873,0
780,R,7732,1,6873,0
784,R,7732,1,6873,0
788,R,7732,1,6873,0
792,R,7732,1,6873,0
796,R,7732,1,6873,0
800,R,7732,1,6873,0
804,R,7732,1,6873,0
808,R,7732,1,6873,0
812,R,7732,1,6873,0
816,R,7732,1,6873,0
820,R,7732,1,6873,0
824,R,7732,1,6873,0
828,R,7732,1,6873,0
832,R,7732,1,6873,0
836,R,7732,1,6873,0
840,R,7732,1,6873,0
844,R,7732,1,6873,0
848,R,7732,1,6873,0
852,R,7732,1,6873,0
856,R,7732,1,6873,0
860,R,7732,1,6873,0
864,R,7732,1,6873,0
868,R,7732,1,6873,0
872,R,7732,1,6873,0
876,R,7732,1,6873,0
880,R,7732,1,6873,0
884,R,7732,1,6873,0
888,R,7732,1,6873,0
892,R,7732,1,6873,0
896,R,7732,1,6873,0
900,R,7732,1,6873,0
904,R,7732,1,6873,0
908,R,7732,1,6873,0
912,R,7732,1,6873,0
916,R,7732,1,6873,0
920,R,7732,1,6873,0
924,R,7732,1,6873,0
928,R,7732,1,6873,0
932,R,7732,1,6873,0
936,R,7732,1,6873,0
940,R,7732,1,6873,0
944,R,7732,1,6873,0
948,R,7732,1,6873,0
952,R,7732,1,6873,0
956,R,7732,1,6873,0
960,R,7732,1,6873,0
964,R,7732,1,6873,0
968,R,7732,1,6873,0
972,R,7732,1,6873,0
976,R,7732,1,6873,0
980,R,7732,1,6873,0
984,R,7732,1,6873,0
988,R,7732,1,6873,0
992,R,7732,1,6873,0
996,R,7732,1,6873,0
1000,R,7732,1,6873,0
1004,R,7732,1,6873,0
1008,R,7732,1,6873,0
1012,R,7732,1,6873,0
1016,R,7732,1,6873,0
1020,R,7732,1,6873,0
2304,R,7732,1,6874,0
2308,R,7732,1,6874,0
2312,R,7732,1,6874,0
2316,R,7732,1,6874,0
2320,R,7732,1,6874,0
2324,R,7732,1,6874,0
2328,R,7732,1,6874,0
2332,R,7732,1,6874,0
2336,R,7732,1,6874,0
2340,R,7732,1,6874,0
2344,R,7732,1,6874,0
2348,R,7732,1,6874,0
2352,R,7732,1,6874,0
2356,R,7732,1,6874,0
2360,R,7732,1,6874,0
2364,R,7732,1,6874,0
2368,R,7732,1,6874,0
2372,R,7732,1,6874,0
2376,R,7732,1,6874,0
2380,R,7732,1,6874,0
2384,R,7732,1,6874,0
2388,R,7732,1,6874,0
2392,R,7732,1,6874,0
2396,R,7732,1,6874,0
2400,R,7732,1,6874,0
2404,R,7732,1,6874,0
2408,R,7732,1,6874,0
2412,R,7732,1,6874,0
2416,R,7732,1,6874,0
2420,R,7732,1,6874,0
2424,R,7732,1,6874,0
2428,R,7732,1,6874,0
2432,R,7732,1,6874,0
2436,R,7732,1,6874,0
2440,R,7732,1,6874,0
2444,R,7732,1,6874,0
2448,R,7732,1,6874,0
2452,R,7732,1,6874,0
2456,R,7732,1,6874,0
2460,R,7732,1,6874,0
2464,R,7732,1,6874,0
2468,R,7732,1,6874,0
2472,R,7732,1,6874,0
2476,R,7732,1,6874,0
2480,R,7732,1,6874,0
2484,R,7732,1,6874,0
2488,R,7732,1,6874,0
2492,R,7732,1,6874,0
2496,R,7732,1,6874,0
2500,R,7732,1,6874,0
2504,R,7732,1,6874,0
2508,R,7732,1,6874,0
2512,R,7732,1,6874,0
2516,R,7732,1,6874,0
2520,R,7732,1,6874,0
2524,R,7732,1,6874,0
2528,R,7732,1,6874,0
2532,R,7732,1,6874,0
2536,R,7732,1,6874,0
2540,R,7732,1,6874,0
2544,R,7732,1,6874,0
2548,R,7732,1,6874,0
2552,R,7732,1,6874,0
2556,R,7732,1,6874,0
1792,W,7732,1,6877,0
1796,W,7732,1,6877,0
1800,W,7732,1,6877,0
1804,W,7732,1,6877,0
1808,W,7732,1,6877,0
1812,W,7732,1,6877,0
1816,W,7732,1,6877,0
1820,W,7732,1,6877,0
1824,W,7732,1,6877,0
1828,W,7732,1,6877,0
1832,W,7732,1,6877,0
1836,W,7732,1,6877,0
1840,W,7732,1,6877,0
1844,W,7732,1,6877,0
1848,W,7732,1,6877,0
1852,W,7732,1,6877,0
1856,W,7732,1,6877,0
1860,W,7732,1,6877,0
1864,W,7732,1,6877,0
1868,W,7732,1,6877,0
1872,W,7732,1,6877,0
1876,W,7732,1,6877,0
1880,W,7732,1,6877,0
1884,W,7732,1,6877,0
1888,W,7732,1,6877,0
1892,W,7732,1,6877,0
1896,W,7732,1,6877,0
1900,W,7732,1,6877,0
1904,W,7732,1,6877,0
1908,W,7732,1,6877,0
1912,W,7732,1,6877,0
1916,W,7732,1,6877,0
1920,W,7732,1,6877,0
1924,W,7732,1,6877,0
1928,W,7732,1,6877,0
1932,W,7732,1,6877,0
1936,W,7732,1,6877,0
1940,W,7732,1,6877,0
1944,W,7732,1,6877,0
1948,W,7732,1,6877,0
1952,W,7732,1,6877,0
1956,W,7732,1,6877,0
1960,W,7732,1,6877,0
1964,W,7732,1,6877,0
1968,W,7732,1,6877,0
1972,W,7732,1,6877,0
1976,W,7732,1,6877,0
1980,W,7732,1,6877,0
1984,W,7732,1,6877,0
1988,W,7732,1,6877,0
1992,W,7732,1,6877,0
1996,W,7732,1,6877,0
2000,W,7732,1,6877,0
2004,W,7732,1,6877,0
2008,W,7732,1,6877,0
2012,W,7732,1,6877,0
2016,W,7732,1,6877,0
2020,W,7732,1,6877,0
2024,W,7732,1,6877,0
2028,W,7732,1,6877,0
2032,W,7732,1,6877,0
2036,W,7732,1,6877,0
2040,W,7732,1,6877,0
2044,W,7732,1,6877,0
512,R,7749,1,6936,0
516,R,7749,1,6936,0
520,R,7749,1,6936,0
524,R,7749,1,6936,0
528,R,7749,1,6936,0
532,R,7749,1,6936,0
536,R,7749,1,6936,0
540,R,7749,1,6936,0
544,R,7749,1,6936,0
548,R,7749,1,6936,0
552,R,7749,1,6936,0
556,R,7749,1,6936,0
560,R,7749,1,6936,0
564,R,7749,1,6936,0
568,R,7749,1,6936,0
572,R,7749,1,6936,0
576,R,7749,1,6936,0
580,R,7749,1,6936,0
584,R,7749,1,6936,0
588,R,7749,1,6936,0
592,R,7749,1,6936,0
596,R,7749,1,6936,0
600,R,7749,1,6936,0
604,R,7749,1,6936,0
608,R,7749,1,6936,0
612,R,7749,1,6936,0
616,R,7749,1,6936,0
620,R,7749,1,6936,0
624,R,7749,1,6936,0
628,R,7749,1,6936,0
632,R,7749,1,6936,0
636,R,7749,1,6936,0
640,R,7749,1,6936,0
644,R,7749,1,6936,0
648,R,7749,1,6936,0
652,R,7749,1,6936,0
656,R,7749,1,6936,0
660,R,7749,1,6936,0
664,R,7749,1,6936,0
668,R,7749,1,6936,0
672,R,7749,1,6936,0
676,R,7749,1,6936,0
680,R,7749,1,6936,0
684,R,7749,1,6936,0
688,R,7749,1,6936,0
692,R,7749,1,6936,0
696,R,7749,1,6936,0
700,R,7749,1,6936,0
704,R,7749,1,6936,0
708,R,7749,1,6936,0
712,R,7749,1,6936,0
716,R,7749,1,6936,0
720,R,7749,1,6936,0
724,R,7749,1,6936,0
728,R,7749,1,6936,0
732,R,7749,1,6936,0
736,R,7749,1,6936,0
740,R,7749,1,6936,0
744,R,7749,1,6936,0
748,R,7749,1,6936,0
752,R,7749,1,6936,0
756,R,7749,1,6936,0
760,R,7749,1,6936,0
764,R,7749,1,6936,0
2048,W,7749,1,6939,0
2052,W,7749,1,6939,0
2056,W,7749,1,6939,0
2060,W,7749,1,6939,0
2064,W,7749,1,6939,0
2068,W,7749,1,6939,0
2072,W,7749,1,6939,0
2076,W,7749,1,6939,0
2080,W,7749,1,6939,0
2084,W,7749,1,6939,0
2088,W,7749,1,6939,0
2092,W,7749,1,6939,0
2096,W,7749,1,6939,0
2100,W,7749,1,6939,0
2104,W,7749,1,6939,0
2108,W,7749,1,6939,0
2112,W,7749,1,6939,0
2116,W,7749,1,6939,0
2120,W,7749,1,6939,0
2124,W,7749,1,6939,0
2128,W,7749,1,6939,0
2132,W,7749,1,6939,0
2136,W,7749,1,6939,0
2140,W,7749,1,6939,0
2144,W,7749,1,6939,0
2148,W,7749,1,6939,0
2152,W,7749,1,6939,0
2156,W,7749,1,6939,0
2160,W,7749,1,6939,0
2164,W,7749,1,6939,0
2168,W,7749,1,6939,0
2172,W,7749,1,6939,0
2176,W,7749,1,6939,0
2180,W,7749,1,6939,0
2184,W,7749,1,6939,0
2188,W,7749,1,6939,0
2192,W,7749,1,6939,0
2196,W,7749,1,6939,0
2200,W,7749,1,6939,0
2204,W,7749,1,6939,0
2208,W,7749,1,6939,0
2212,W,7749,1,6939,0
2216,W,7749,1,6939,0
2220,W,7749,1,6939,0
2224,W,7749,1,6939,0
2228,W,7749,1,6939,0
2232,W,7749,1,6939,0
2236,W,7749,1,6939,0
2240,W,7749,1,6939,0
2244,W,7749,1,6939,0
2248,W,7749,1,6939,0
2252,W,7749,1,6939,0
2256,W,7749,1,6939,0
2260,W,7749,1,6939,0
2264,W,7749,1,6939,0
2268,W,7749,1,6939,0
2272,W,7749,1,6939,0
2276,W,7749,1,6939,0
2280,W,7749,1,6939,0
2284,W,7749,1,6939,0
2288,W,7749,1,6939,0
2292,W,7749,1,6939,0
2296,W,7749,1,6939,0
2300,W,7749,1,6939,0
0,W,7749,1,4938,0
4,W,7749,1,4938,0
8,W,7749,1,4938,0
12,W,7749,1,4938,0
16,W,7749,1,4938,0
20,W,7749,1,4938,0
24,W,7749,1,4938,0
28,W,7749,1,4938,0
32,W,7749,1,4938,0
36,W,7749,1,4938,0
40,W,7749,1,4938,0
44,W,7749,1,4938,0
48,W,7749,1,4938,0
52,W,7749,1,4938,0
56,W,7749,1,4938,0
60,W,7749,1,4938,0
64,W,7749,1,4938,0
68,W,7749,1,4938,0
72,W,7749,1,4938,0
76,W,7749,1,4938,0
80,W,7749,1,4938,0
84,W,7749,1,4938,0
88,W,7749,1,4938,0
92,W,7749,1,4938,0
96,W,7749,1,4938,0
100,W,7749,1,4938,0
104,W,7749,1,4938,0
108,W,7749,1,4938,0
112,W,7749,1,4938,0
116,W,7749,1,4938,0
120,W,7749,1,4938,0
124,W,7749,1,4938,0
128,W,7749,1,4938,0
132,W,7749,1,4938,0
136,W,7749,1,4938,0
140,W,7749,1,4938,0
144,W,7749,1,4938,0
148,W,7749,1,4938,0
152,W,7749,1,4938,0
156,W,7749,1,4938,0
160,W,7749,1,4938,0
164,W,7749,1,4938,0
168,W,7749,1,4938,0
172,W,7749,1,4938,0
176,W,7749,1,4938,0
180,W,7749,1,4938,0
184,W,7749,1,4938,0
188,W,7749,1,4938,0
192,W,7749,1,4938,0
196,W,7749,1,4938,0
200,W,7749,1,4938,0
204,W,7749,1,4938,0
208,W,7749,1,4938,0
212,W,7749,1,4938,0
216,W,7749,1,4938,0
220,W,7749,1,4938,0
224,W,7749,1,4938,0
228,W,7749,1,4938,0
232,W,7749,1,4938,0
236,W,7749,1,4938,0
240,W,7749,1,4938,0
244,W,7749,1,4938,0
248,W,7749,1,4938,0
252,W,7749,1,4938,0
256,W,7749,1,4938,0
260,W,7749,1,4938,0
264,W,7749,1,4938,0
268,W,7749,1,4938,0
272,W,7749,1,4938,0
276,W,7749,1,4938,0
280,W,7749,1,4938,0
284,W,7749,1,4938,0
288,W,7749,1,4938,0
292,W,7749,1,4938,0
296,W,7749,1,4938,0
300,W,7749,1,4938,0
304,W,7749,1,4938,0
308,W,7749,1,4938,0
312,W,7749,1,4938,0
316,W,7749,1,4938,0
320,W,7749,1,4938,0
324,W,7749,1,4938,0
328,W,7749,1,4938,0
332,W,7749,1,4938,0
336,W,7749,1,4938,0
340,W,7749,1,4938,0
344,W,7749,1,4938,0
348,W,7749,1,4938,0
352,W,7749,1,4938,0
356,W,7749,1,4938,0
360,W,7749,1,4938,0
364,W,7749,1,4938,0
368,W,7749,1,4938,0
372,W,7749,1,4938,0
376,W,7749,1,4938,0
380,W,7749,1,4938,0
384,W,7749,1,4938,0
388,W,7749,1,4938,0
392,W,7749,1,4938,0
396,W,7749,1,4938,0
400,W,7749,1,4938,0
404,W,7749,1,4938,0
408,W,7749,1,4938,0
412,W,7749,1,4938,0
416,W,7749,1,4938,0
420,W,7749,1,4938,0
424,W,7749,1,4938,0
428,W,7749,1,4938,0
432,W,7749,1,4938,0
436,W,7749,1,4938,0
440,W,7749,1,4938,0
444,W,7749,1,4938,0
448,W,7749,1,4938,0
452,W,7749,1,4938,0
456,W,7749,1,4938,0
460,W,7749,1,4938,0
464,W,7749,1,4938,0
468,W,7749,1,4938,0
472,W,7749,1,4938,0
476,W,7749,1,4938,0
480,W,7749,1,4938,0
484,W,7749,1,4938,0
488,W,7749,1,4938,0
492,W,7749,1,4938,0
496,W,7749,1,4938,0
500,W,7749,1,4938,0
504,W,7749,1,4938,0
508,W,7749,1,4938,0
768,R,7750,1,6941,0
772,R,7750,1,6941,0
776,R,7750,1,6941,0
780,R,7750,1,6941,0
784,R,7750,1,6941,0
788,R,7750,1,6941,0
792,R,7750,1,6941,0
796,R,7750,1,6941,0
800,R,7750,1,6941,0
804,R,7750,1,6941,0
808,R,7750,1,6941,0
812,R,7750,1,6941,0
816,R,7750,1,6941,0
820,R,7750,1,6941,0
824,R,7750,1,6941,0
828,R,7750,1,6941,0
832,R,7750,1,6941,0
836,R,7750,1,6941,0
840,R,7750,1,6941,0
844,R,7750,1,6941,0
848,R,7750,1,6941,0
852,R,7750,1,6941,0
856,R,7750,1,6941,0
860,R,7750,1,6941,0
864,R,7750,1,6941,0
868,R,7750,1,6941,0
872,R,7750,1,6941,0
876,R,7750,1,6941,0
880,R,7750,1,6941,0
884,R,7750,1,6941,0
888,R,7750,1,6941,0
892,R,7750,1,6941,0
896,R,7750,1,6941,0
900,R,7750,1,6941,0
904,R,7750,1,6941,0
908,R,7750,1,6941,0
912,R,7750,1,6941,0
916,R,7750,1,6941,0
920,R,7750,1,6941,0
924,R,7750,1,6941,0
928,R,7750,1,6941,0
932,R,7750,1,6941,0
936,R,7750,1,6941,0
940,R,7750,1,6941,0
944,R,7750,1,6941,0
948,R,7750,1,6941,0
952,R,7750,1,6941,0
956,R,7750,1,6941,0
960,R,7750,1,6941,0
964,R,7750,1,6941,0
968,R,7750,1,6941,0
972,R,7750,1,6941,0
976,R,7750,1,6941,0
980,R,7750,1,6941,0
984,R,7750,1,6941,0
988,R,7750,1,6941,0
992,R,7750,1,6941,0
996,R,7750,1,6941,0
1000,R,7750,1,6941,0
1004,R,7750,1,6941,0
1008,R,7750,1,6941,0
1012,R,7750,1,6941,0
1016,R,7750,1,6941,0
1020,R,7750,1,6941,0
2304,W,7750,1,6944,0
2308,W,7750,1,6944,0
2312,W,7750,1,6944,0
2316,W,7750,1,6944,0
2320,W,7750,1,6944,0
2324,W,7750,1,6944,0
2328,W,7750,1,6944,0
2332,W,7750,1,6944,0
2336,W,7750,1,6944,0
2340,W,7750,1,6944,0
2344,W,7750,1,6944,0
2348,W,7750,1,6944,0
2352,W,7750,1,6944,0
2356,W,7750,1,6944,0
2360,W,7750,1,6944,0
2364,W,7750,1,6944,0
2368,W,7750,1,6944,0
2372,W,7750,1,6944,0
2376,W,7750,1,6944,0
2380,W,7750,1,6944,0
2384,W,7750,1,6944,0
2388,W,7750,1,6944,0
2392,W,7750,1,6944,0
2396,W,7750,1,6944,0
2400,W,7750,1,6944,0
2404,W,7750,1,6944,0
2408,W,7750,1,6944,0
2412,W,7750,1,6944,0
2416,W,7750,1,6944,0
2420,W,7750,1,6944,0
2424,W,7750,1,6944,0
2428,W,7750,1,6944,0
2432,W,7750,1,6944,0
2436,W,7750,1,6944,0
2440,W,7750,1,6944,0
2444,W,7750,1,6944,0
2448,W,7750,1,6944,0
2452,W,7750,1,6944,0
2456,W,7750,1,6944,0
2460,W,7750,1,6944,0
2464,W,7750,1,6944,0
2468,W,7750,1,6944,0
2472,W,7750,1,6944,0
2476,W,7750,1,6944,0
2480,W,7750,1,6944,0
2484,W,7750,1,6944,0
2488,W,7750,1,6944,0
2492,W,7750,1,6944,0
2496,W,7750,1,6944,0
2500,W,7750,1,6944,0
2504,W,7750,1,6944,0
2508,W,7750,1,6944,0
2512,W,7750,1,6944,0
2516,W,7750,1,6944,0
2520,W,7750,1,6944,0
2524,W,7750,1,6944,0
2528,W,7750,1,6944,0
2532,W,7750,1,6944,0
2536,W,7750,1,6944,0
2540,W,7750,1,6944,0
2544,W,7750,1,6944,0
2548,W,7750,1,6944,0
2552,W,7750,1,6944,0
2556,W,7750,1,6944,0
2048,R,7757,1,6971,0
2052,R,7757,1,6971,0
2056,R,7757,1,6971,0
2060,R,7757,1,6971,0
2064,R,7757,1,6971,0
2068,R,7757,1,6971,0
2072,R,7757,1,6971,0
2076,R,7757,1,6971,0
2080,R,7757,1,6971,0
2084,R,7757,1,6971,0
2088,R,7757,1,6971,0
2092,R,7757,1,6971,0
2096,R,7757,1,6971,0
2100,R,7757,1,6971,0
2104,R,7757,1,6971,0
2108,R,7757,1,6971,0
2112,R,7757,1,6971,0
2116,R,7757,1,6971,0
2120,R,7757,1,6971,0
2124,R,7757,1,6971,0
2128,R,7757,1,6971,0
2132,R,7757,1,6971,0
2136,R,7757,1,6971,0
2140,R,7757,1,6971,0
2144,R,7757,1,6971,0
2148,R,7757,1,6971,0
2152,R,7757,1,6971,0
2156,R,7757,1,6971,0
2160,R,7757,1,6971,0
2164,R,7757,1,6971,0
2168,R,7757,1,6971,0
2172,R,7757,1,6971,0
2176,R,7757,1,6971,0
2180,R,7757,1,6971,0
2184,R,7757,1,6971,0
2188,R,7757,1,6971,0
2192,R,7757,1,6971,0
2196,R,7757,1,6971,0
2200,R,7757,1,6971,0
2204,R,7757,1,6971,0
2208,R,7757,1,6971,0
2212,R,7757,1,6971,0
2216,R,7757,1,6971,0
2220,R,7757,1,6971,0
2224,R,7757,1,6971,0
2228,R,7757,1,6971,0
2232,R,7757,1,6971,0
2236,R,7757,1,6971,0
2240,R,7757,1,6971,0
2244,R,7757,1,6971,0
2248,R,7757,1,6971,0
2252,R,7757,1,6971,0
2256,R,7757,1,6971,0
2260,R,7757,1,6971,0
2264,R,7757,1,6971,0
2268,R,7757,1,6971,0
2272,R,7757,1,6971,0
2276,R,7757,1,6971,0
2280,R,7757,1,6971,0
2284,R,7757,1,6971,0
2288,R,7757,1,6971,0
2292,R,7757,1,6971,0
2296,R,7757,1,6971,0
2300,R,7757,1,6971,0
2048,W,7757,1,6975,0
2052,W,7757,1,6975,0
2056,W,7757,1,6975,0
2060,W,7757,1,6975,0
2064,W,7757,1,6975,0
2068,W,7757,1,6975,0
2072,W,7757,1,6975,0
2076,W,7757,1,6975,0
2080,W,7757,1,6975,0
2084,W,7757,1,6975,0
2088,W,7757,1,6975,0
2092,W,7757,1,6975,0
2096,W,7757,1,6975,0
2100,W,7757,1,6975,0
2104,W,7757,1,6975,0
2108,W,7757,1,6975,0
2112,W,7757,1,6975,0
2116,W,7757,1,6975,0
2120,W,7757,1,6975,0
2124,W,7757,1,6975,0
2128,W,7757,1,6975,0
2132,W,7757,1,6975,0
2136,W,7757,1,6975,0
2140,W,7757,1,6975,0
2144,W,7757,1,6975,0
2148,W,7757,1,6975,0
2152,W,7757,1,6975,0
2156,W,7757,1,6975,0
2160,W,7757,1,6975,0
2164,W,7757,1,6975,0
2168,W,7757,1,6975,0
2172,W,7757,1,6975,0
2176,W,7757,1,6975,0
2180,W,7757,1,6975,0
2184,W,7757,1,6975,0
2188,W,7757,1,6975,0
2192,W,7757,1,6975,0
2196,W,7757,1,6975,0
2200,W,7757,1,6975,0
2204,W,7757,1,6975,0
2208,W,7757,1,6975,0
2212,W,7757,1,6975,0
2216,W,7757,1,6975,0
2220,W,7757,1,6975,0
2224,W,7757,1,6975,0
2228,W,7757,1,6975,0
2232,W,7757,1,6975,0
2236,W,7757,1,6975,0
2240,W,7757,1,6975,0
2244,W,7757,1,6975,0
2248,W,7757,1,6975,0
2252,W,7757,1,6975,0
2256,W,7757,1,6975,0
2260,W,7757,1,6975,0
2264,W,7757,1,6975,0
2268,W,7757,1,6975,0
2272,W,7757,1,6975,0
2276,W,7757,1,6975,0
2280,W,7757,1,6975,0
2284,W,7757,1,6975,0
2288,W,7757,1,6975,0
2292,W,7757,1,6975,0
2296,W,7757,1,6975,0
2300,W,7757,1,6975,0
2304,R,7758,1,6981,0
2308,R,7758,1,6981,0
2312,R,7758,1,6981,0
2316,R,7758,1,6981,0
2320,R,7758,1,6981,0
2324,R,7758,1,6981,0
2328,R,7758,1,6981,0
2332,R,7758,1,6981,0
2336,R,7758,1,6981,0
2340,R,7758,1,6981,0
2344,R,7758,1,6981,0
2348,R,7758,1,6981,0
2352,R,7758,1,6981,0
2356,R,7758,1,6981,0
2360,R,7758,1,6981,0
2364,R,7758,1,6981,0
2368,R,7758,1,6981,0
2372,R,7758,1,6981,0
2376,R,7758,1,6981,0
2380,R,7758,1,6981,0
2384,R,7758,1,6981,0
2388,R,7758,1,6981,0
2392,R,7758,1,6981,0
2396,R,7758,1,6981,0
2400,R,7758,1,6981,0
2404,R,7758,1,6981,0
2408,R,7758,1,6981,0
2412,R,7758,1,6981,0
2416,R,7758,1,6981,0
2420,R,7758,1,6981,0
2424,R,7758,1,6981,0
2428,R,7758,1,6981,0
2432,R,7758,1,6981,0
2436,R,7758,1,6981,0
2440,R,7758,1,6981,0
2444,R,7758,1,6981,0
2448,R,7758,1,6981,0
2452,R,7758,1,6981,0
2456,R,7758,1,6981,0
2460,R,7758,1,6981,0
2464,R,7758,1,6981,0
2468,R,7758,1,6981,0
2472,R,7758,1,6981,0
2476,R,7758,1,6981,0
2480,R,7758,1,6981,0
2484,R,7758,1,6981,0
2488,R,7758,1,6981,0
2492,R,7758,1,6981,0
2496,R,7758,1,6981,0
2500,R,7758,1,6981,0
2504,R,7758,1,6981,0
2508,R,7758,1,6981,0
2512,R,7758,1,6981,0
2516,R,7758,1,6981,0
2520,R,7758,1,6981,0
2524,R,7758,1,6981,0
2528,R,7758,1,6981,0
2532,R,7758,1,6981,0
2536,R,7758,1,6981,0
2540,R,7758,1,6981,0
2544,R,7758,1,6981,0
2548,R,7758,1,6981,0
2552,R,7758,1,6981,0
2556,R,7758,1,6981,0
2304,W,7758,1,6985,0
2308,W,7758,1,6985,0
2312,W,7758,1,6985,0
2316,W,7758,1,6985,0
2320,W,7758,1,6985,0
2324,W,7758,1,6985,0
2328,W,7758,1,6985,0
2332,W,7758,1,6985,0
2336,W,7758,1,6985,0
2340,W,7758,1,6985,0
2344,W,7758,1,6985,0
2348,W,7758,1,6985,0
2352,W,7758,1,6985,0
2356,W,7758,1,6985,0
2360,W,7758,1,6985,0
2364,W,7758,1,6985,0
2368,W,7758,1,6985,0
2372,W,7758,1,6985,0
2376,W,7758,1,6985,0
2380,W,7758,1,6985,0
2384,W,7758,1,6985,0
2388,W,7758,1,6985,0
2392,W,7758,1,6985,0
2396,W,7758,1,6985,0
2400,W,7758,1,6985,0
2404,W,7758,1,6985,0
2408,W,7758,1,6985,0
2412,W,7758,1,6985,0
2416,W,7758,1,6985,0
2420,W,7758,1,6985,0
2424,W,7758,1,6985,0
2428,W,7758,1,6985,0
2432,W,7758,1,6985,0
2436,W,7758,1,6985,0
2440,W,7758,1,6985,0
2444,W,7758,1,6985,0
2448,W,7758,1,6985,0
2452,W,7758,1,6985,0
2456,W,7758,1,6985,0
2460,W,7758,1,6985,0
2464,W,7758,1,6985,0
2468,W,7758,1,6985,0
2472,W,7758,1,6985,0
2476,W,7758,1,6985,0
2480,W,7758,1,6985,0
2484,W,7758,1,6985,0
2488,W,7758,1,6985,0
2492,W,7758,1,6985,0
2496,W,7758,1,6985,0
2500,W,7758,1,6985,0
2504,W,7758,1,6985,0
2508,W,7758,1,6985,0
2512,W,7758,1,6985,0
2516,W,7758,1,6985,0
2520,W,7758,1,6985,0
2524,W,7758,1,6985,0
2528,W,7758,1,6985,0
2532,W,7758,1,6985,0
2536,W,7758,1,6985,0
2540,W,7758,1,6985,0
2544,W,7758,1,6985,0
2548,W,7758,1,6985,0
2552,W,7758,1,6985,0
2556,W,7758,1,6985,0
2048,R,7765,1,7008,0
2052,R,7765,1,7008,0
2056,R,7765,1,7008,0
2060,R,7765,1,7008,0
2064,R,7765,1,7008,0
2068,R,7765,1,7008,0
2072,R,7765,1,7008,0
2076,R,7765,1,7008,0
2080,R,7765,1,7008,0
2084,R,7765,1,7008,0
2088,R,7765,1,7008,0
2092,R,7765,1,7008,0
2096,R,7765,1,7008,0
2100,R,7765,1,7008,0
2104,R,7765,1,7008,0
2108,R,7765,1,7008,0
2112,R,7765,1,7008,0
2116,R,7765,1,7008,0
2120,R,7765,1,7008,0
2124,R,7765,1,7008,0
2128,R,7765,1,7008,0
2132,R,7765,1,7008,0
2136,R,7765,1,7008,0
2140,R,7765,1,7008,0
2144,R,7765,1,7008,0
2148,R,7765,1,7008,0
2152,R,7765,1,7008,0
2156,R,7765,1,7008,0
2160,R,7765,1,7008,0
2164,R,7765,1,7008,0
2168,R,7765,1,7008,0
2172,R,7765,1,7008,0
2176,R,7765,1,7008,0
2180,R,7765,1,7008,0
2184,R,7765,1,7008,0
2188,R,7765,1,7008,0
2192,R,7765,1,7008,0
2196,R,7765,1,7008,0
2200,R,7765,1,7008,0
2204,R,7765,1,7008,0
2208,R,7765,1,7008,0
2212,R,7765,1,7008,0
2216,R,7765,1,7008,0
2220,R,7765,1,7008,0
2224,R,7765,1,7008,0
2228,R,7765,1,7008,0
2232,R,7765,1,7008,0
2236,R,7765,1,7008,0
2240,R,7765,1,7008,0
2244,R,7765,1,7008,0
2248,R,7765,1,7008,0
2252,R,7765,1,7008,0
2256,R,7765,1,7008,0
2260,R,7765,1,7008,0
2264,R,7765,1,7008,0
2268,R,7765,1,7008,0
2272,R,7765,1,7008,0
2276,R,7765,1,7008,0
2280,R,7765,1,7008,0
2284,R,7765,1,7008,0
2288,R,7765,1,7008,0
2292,R,7765,1,7008,0
2296,R,7765,1,7008,0
2300,R,7765,1,7008,0
512,R,7765,1,7009,0
516,R,7765,1,7009,0
520,R,7765,1,7009,0
524,R,7765,1,7009,0
528,R,7765,1,7009,0
532,R,7765,1,7009,0
536,R,7765,1,7009,0
540,R,7765,1,7009,0
544,R,7765,1,7009,0
548,R,7765,1,7009,0
552,R,7765,1,7009,0
556,R,7765,1,7009,0
560,R,7765,1,7009,0
564,R,7765,1,7009,0
568,R,7765,1,7009,0
572,R,7765,1,7009,0
576,R,7765,1,7009,0
580,R,7765,1,7009,0
584,R,7765,1,7009,0
588,R,7765,1,7009,0
592,R,7765,1,7009,0
596,R,7765,1,7009,0
600,R,7765,1,7009,0
604,R,7765,1,7009,0
608,R,7765,1,7009,0
612,R,7765,1,7009,0
616,R,7765,1,7009,0
620,R,7765,1,7009,0
624,R,7765,1,7009,0
628,R,7765,1,7009,0
632,R,7765,1,7009,0
636,R,7765,1,7009,0
640,R,7765,1,7009,0
644,R,7765,1,7009,0
648,R,7765,1,7009,0
652,R,7765,1,7009,0
656,R,7765,1,7009,0
660,R,7765,1,7009,0
664,R,7765,1,7009,0
668,R,7765,1,7009,0
672,R,7765,1,7009,0
676,R,7765,1,7009,0
680,R,7765,1,7009,0
684,R,7765,1,7009,0
688,R,7765,1,7009,0
692,R,7765,1,7009,0
696,R,7765,1,7009,0
700,R,7765,1,7009,0
704,R,7765,1,7009,0
708,R,7765,1,7009,0
712,R,7765,1,7009,0
716,R,7765,1,7009,0
720,R,7765,1,7009,0
724,R,7765,1,7009,0
728,R,7765,1,7009,0
732,R,7765,1,7009,0
736,R,7765,1,7009,0
740,R,7765,1,7009,0
744,R,7765,1,7009,0
748,R,7765,1,7009,0
752,R,7765,1,7009,0
756,R,7765,1,7009,0
760,R,7765,1,7009,0
764,R,7765,1,7009,0
2048,W,7765,1,7012,0
2052,W,7765,1,7012,0
2056,W,7765,1,7012,0
2060,W,7765,1,7012,0
2064,W,7765,1,7012,0
2068,W,7765,1,7012,0
2072,W,7765,1,7012,0
2076,W,7765,1,7012,0
2080,W,7765,1,7012,0
2084,W,7765,1,7012,0
2088,W,7765,1,7012,0
2092,W,7765,1,7012,0
2096,W,7765,1,7012,0
2100,W,7765,1,7012,0
2104,W,7765,1,7012,0
2108,W,7765,1,7012,0
2112,W,7765,1,7012,0
2116,W,7765,1,7012,0
2120,W,7765,1,7012,0
2124,W,7765,1,7012,0
2128,W,7765,1,7012,0
2132,W,7765,1,7012,0
2136,W,7765,1,7012,0
2140,W,7765,1,7012,0
2144,W,7765,1,7012,0
2148,W,7765,1,7012,0
2152,W,7765,1,7012,0
2156,W,7765,1,7012,0
2160,W,7765,1,7012,0
2164,W,7765,1,7012,0
2168,W,7765,1,7012,0
2172,W,7765,1,7012,0
2176,W,7765,1,7012,0
2180,W,7765,1,7012,0
2184,W,7765,1,7012,0
2188,W,7765,1,7012,0
2192,W,7765,1,7012,0
2196,W,7765,1,7012,0
2200,W,7765,1,7012,0
2204,W,7765,1,7012,0
2208,W,7765,1,7012,0
2212,W,7765,1,7012,0
2216,W,7765,1,7012,0
2220,W,7765,1,7012,0
2224,W,7765,1,7012,0
2228,W,7765,1,7012,0
2232,W,7765,1,7012,0
2236,W,7765,1,7012,0
2240,W,7765,1,7012,0
2244,W,7765,1,7012,0
2248,W,7765,1,7012,0
2252,W,7765,1,7012,0
2256,W,7765,1,7012,0
2260,W,7765,1,7012,0
2264,W,7765,1,7012,0
2268,W,7765,1,7012,0
2272,W,7765,1,7012,0
2276,W,7765,1,7012,0
2280,W,7765,1,7012,0
2284,W,7765,1,7012,0
2288,W,7765,1,7012,0
2292,W,7765,1,7012,0
2296,W,7765,1,7012,0
2300,W,7765,1,7012,0
2304,R,7766,1,7014,0
2308,R,7766,1,7014,0
2312,R,7766,1,7014,0
2316,R,7766,1,7014,0
2320,R,7766,1,7014,0
2324,R,7766,1,7014,0
2328,R,7766,1,7014,0
2332,R,7766,1,7014,0
2336,R,7766,1,7014,0
2340,R,7766,1,7014,0
2344,R,7766,1,7014,0
2348,R,7766,1,7014,0
2352,R,7766,1,7014,0
2356,R,7766,1,7014,0
2360,R,7766,1,7014,0
2364,R,7766,1,7014,0
2368,R,7766,1,7014,0
2372,R,7766,1,7014,0
2376,R,7766,1,7014,0
2380,R,7766,1,7014,0
2384,R,7766,1,7014,0
2388,R,7766,1,7014,0
2392,R,7766,1,7014,0
2396,R,7766,1,7014,0
2400,R,7766,1,7014,0
2404,R,7766,1,7014,0
2408,R,7766,1,7014,0
2412,R,7766,1,7014,0
2416,R,7766,1,7014,0
2420,R,7766,1,7014,0
2424,R,7766,1,7014,0
2428,R,7766,1,7014,0
2432,R,7766,1,7014,0
2436,R,7766,1,7014,0
2440,R,7766,1,7014,0
2444,R,7766,1,7014,0
2448,R,7766,1,7014,0
2452,R,7766,1,7014,0
2456,R,7766,1,7014,0
2460,R,7766,1,7014,0
2464,R,7766,1,7014,0
2468,R,7766,1,7014,0
2472,R,7766,1,7014,0
2476,R,7766,1,7014,0
2480,R,7766,1,7014,0
2484,R,7766,1,7014,0
2488,R,7766,1,7014,0
2492,R,7766,1,7014,0
2496,R,7766,1,7014,0
2500,R,7766,1,7014,0
2504,R,7766,1,7014,0
2508,R,7766,1,7014,0
2512,R,7766,1,7014,0
2516,R,7766,1,7014,0
2520,R,7766,1,7014,0
2524,R,7766,1,7014,0
2528,R,7766,1,7014,0
2532,R,7766,1,7014,0
2536,R,7766,1,7014,0
2540,R,7766,1,7014,0
2544,R,7766,1,7014,0
2548,R,7766,1,7014,0
2552,R,7766,1,7014,0
2556,R,7766,1,7014,0
768,R,7766,1,7015,0
772,R,7766,1,7015,0
776,R,7766,1,7015,0
780,R,7766,1,7015,0
784,R,7766,1,7015,0
788,R,7766,1,7015,0
792,R,7766,1,7015,0
796,R,7766,1,7015,0
800,R,7766,1,7015,0
804,R,7766,1,7015,0
808,R,7766,1,7015,0
812,R,7766,1,7015,0
816,R,7766,1,7015,0
820,R,7766,1,7015,0
824,R,7766,1,7015,0
828,R,7766,1,7015,0
832,R,7766,1,7015,0
836,R,7766,1,7015,0
840,R,7766,1,7015,0
844,R,7766,1,7015,0
848,R,7766,1,7015,0
852,R,7766,1,7015,0
856,R,7766,1,7015,0
860,R,7766,1,7015,0
864,R,7766,1,7015,0
868,R,7766,1,7015,0
872,R,7766,1,7015,0
876,R,7766,1,7015,0
880,R,7766,1,7015,0
884,R,7766,1,7015,0
888,R,7766,1,7015,0
892,R,7766,1,7015,0
896,R,7766,1,7015,0
900,R,7766,1,7015,0
904,R,7766,1,7015,0
908,R,7766,1,7015,0
912,R,7766,1,7015,0
916,R,7766,1,7015,0
920,R,7766,1,7015,0
924,R,7766,1,7015,0
928,R,7766,1,7015,0
932,R,7766,1,7015,0
936,R,7766,1,7015,0
940,R,7766,1,7015,0
944,R,7766,1,7015,0
948,R,7766,1,7015,0
952,R,7766,1,7015,0
956,R,7766,1,7015,0
960,R,7766,1,7015,0
964,R,7766,1,7015,0
968,R,7766,1,7015,0
972,R,7766,1,7015,0
976,R,7766,1,7015,0
980,R,7766,1,7015,0
984,R,7766,1,7015,0
988,R,7766,1,7015,0
992,R,7766,1,7015,0
996,R,7766,1,7015,0
1000,R,7766,1,7015,0
1004,R,7766,1,7015,0
1008,R,7766,1,7015,0
1012,R,7766,1,7015,0
1016,R,7766,1,7015,0
1020,R,7766,1,7015,0
2304,W,7766,1,7018,0
2308,W,7766,1,7018,0
2312,W,7766,1,7018,0
2316,W,7766,1,7018,0
2320,W,7766,1,7018,0
2324,W,7766,1,7018,0
2328,W,7766,1,7018,0
2332,W,7766,1,7018,0
2336,W,7766,1,7018,0
2340,W,7766,1,7018,0
2344,W,7766,1,7018,0
2348,W,7766,1,7018,0
2352,W,7766,1,7018,0
2356,W,7766,1,7018,0
2360,W,7766,1,7018,0
2364,W,7766,1,7018,0
2368,W,7766,1,7018,0
2372,W,7766,1,7018,0
2376,W,7766,1,7018,0
2380,W,7766,1,7018,0
2384,W,7766,1,7018,0
2388,W,7766,1,7018,0
2392,W,7766,1,7018,0
2396,W,7766,1,7018,0
2400,W,7766,1,7018,0
2404,W,7766,1,7018,0
2408,W,7766,1,7018,0
2412,W,7766,1,7018,0
2416,W,7766,1,7018,0
2420,W,7766,1,7018,0
2424,W,7766,1,7018,0
2428,W,7766,1,7018,0
2432,W,7766,1,7018,0
2436,W,7766,1,7018,0
2440,W,7766,1,7018,0
2444,W,7766,1,7018,0
2448,W,7766,1,7018,0
2452,W,7766,1,7018,0
2456,W,7766,1,7018,0
2460,W,7766,1,7018,0
2464,W,7766,1,7018,0
2468,W,7766,1,7018,0
2472,W,7766,1,7018,0
2476,W,7766,1,7018,0
2480,W,7766,1,7018,0
2484,W,7766,1,7018,0
2488,W,7766,1,7018,0
2492,W,7766,1,7018,0
2496,W,7766,1,7018,0
2500,W,7766,1,7018,0
2504,W,7766,1,7018,0
2508,W,7766,1,7018,0
2512,W,7766,1,7018,0
2516,W,7766,1,7018,0
2520,W,7766,1,7018,0
2524,W,7766,1,7018,0
2528,W,7766,1,7018,0
2532,W,7766,1,7018,0
2536,W,7766,1,7018,0
2540,W,7766,1,7018,0
2544,W,7766,1,7018,0
2548,W,7766,1,7018,0
2552,W,7766,1,7018,0
2556,W,7766,1,7018,0
2048,R,7773,1,7058,0
2052,R,7773,1,7058,0
2056,R,7773,1,7058,0
2060,R,7773,1,7058,0
2064,R,7773,1,7058,0
2068,R,7773,1,7058,0
2072,R,7773,1,7058,0
2076,R,7773,1,7058,0
2080,R,7773,1,7058,0
2084,R,7773,1,7058,0
2088,R,7773,1,7058,0
2092,R,7773,1,7058,0
2096,R,7773,1,7058,0
2100,R,7773,1,7058,0
2104,R,7773,1,7058,0
2108,R,7773,1,7058,0
2112,R,7773,1,7058,0
2116,R,7773,1,7058,0
2120,R,7773,1,7058,0
2124,R,7773,1,7058,0
2128,R,7773,1,7058,0
2132,R,7773,1,7058,0
2136,R,7773,1,7058,0
2140,R,7773,1,7058,0
2144,R,7773,1,7058,0
2148,R,7773,1,7058,0
2152,R,7773,1,7058,0
2156,R,7773,1,7058,0
2160,R,7773,1,7058,0
2164,R,7773,1,7058,0
2168,R,7773,1,7058,0
2172,R,7773,1,7058,0
2176,R,7773,1,7058,0
2180,R,7773,1,7058,0
2184,R,7773,1,7058,0
2188,R,7773,1,7058,0
2192,R,7773,1,7058,0
2196,R,7773,1,7058,0
2200,R,7773,1,7058,0
2204,R,7773,1,7058,0
2208,R,7773,1,7058,0
2212,R,7773,1,7058,0
2216,R,7773,1,7058,0
2220,R,7773,1,7058,0
2224,R,7773,1,7058,0
2228,R,7773,1,7058,0
2232,R,7773,1,7058,0
2236,R,7773,1,7058,0
2240,R,7773,1,7058,0
2244,R,7773,1,7058,0
2248,R,7773,1,7058,0
2252,R,7773,1,7058,0
2256,R,7773,1,7058,0
2260,R,7773,1,7058,0
2264,R,7773,1,7058,0
2268,R,7773,1,7058,0
2272,R,7773,1,7058,0
2276,R,7773,1,7058,0
2280,R,7773,1,7058,0
2284,R,7773,1,7058,0
2288,R,7773,1,7058,0
2292,R,7773,1,7058,0
2296,R,7773,1,7058,0
2300,R,7773,1,7058,0
2048,W,7773,1,7062,0
2052,W,7773,1,7062,0
2056,W,7773,1,7062,0
2060,W,7773,1,7062,0
2064,W,7773,1,7062,0
2068,W,7773,1,7062,0
2072,W,7773,1,7062,0
2076,W,7773,1,7062,0
2080,W,7773,1,7062,0
2084,W,7773,1,7062,0
2088,W,7773,1,7062,0
2092,W,7773,1,7062,0
2096,W,7773,1,7062,0
2100,W,7773,1,7062,0
2104,W,7773,1,7062,0
2108,W,7773,1,7062,0
2112,W,7773,1,7062,0
2116,W,7773,1,7062,0
2120,W,7773,1,7062,0
2124,W,7773,1,7062,0
2128,W,7773,1,7062,0
2132,W,7773,1,7062,0
2136,W,7773,1,7062,0
2140,W,7773,1,7062,0
2144,W,7773,1,7062,0
2148,W,7773,1,7062,0
2152,W,7773,1,7062,0
2156,W,7773,1,7062,0
2160,W,7773,1,7062,0
2164,W,7773,1,7062,0
2168,W,7773,1,7062,0
2172,W,7773,1,7062,0
2176,W,7773,1,7062,0
2180,W,7773,1,7062,0
2184,W,7773,1,7062,0
2188,W,7773,1,7062,0
2192,W,7773,1,7062,0
2196,W,7773,1,7062,0
2200,W,7773,1,7062,0
2204,W,7773,1,7062,0
2208,W,7773,1,7062,0
2212,W,7773,1,7062,0
2216,W,7773,1,7062,0
2220,W,7773,1,7062,0
2224,W,7773,1,7062,0
2228,W,7773,1,7062,0
2232,W,7773,1,7062,0
2236,W,7773,1,7062,0
2240,W,7773,1,7062,0
2244,W,7773,1,7062,0
2248,W,7773,1,7062,0
2252,W,7773,1,7062,0
2256,W,7773,1,7062,0
2260,W,7773,1,7062,0
2264,W,7773,1,7062,0
2268,W,7773,1,7062,0
2272,W,7773,1,7062,0
2276,W,7773,1,7062,0
2280,W,7773,1,7062,0
2284,W,7773,1,7062,0
2288,W,7773,1,7062,0
2292,W,7773,1,7062,0
2296,W,7773,1,7062,0
2300,W,7773,1,7062,0
2304,R,7774,1,7068,0
2308,R,7774,1,7068,0
2312,R,7774,1,7068,0
2316,R,7774,1,7068,0
2320,R,7774,1,7068,0
2324,R,7774,1,7068,0
2328,R,7774,1,7068,0
2332,R,7774,1,7068,0
2336,R,7774,1,7068,0
2340,R,7774,1,7068,0
2344,R,7774,1,7068,0
2348,R,7774,1,7068,0
2352,R,7774,1,7068,0
2356,R,7774,1,7068,0
2360,R,7774,1,7068,0
2364,R,7774,1,7068,0
2368,R,7774,1,7068,0
2372,R,7774,1,7068,0
2376,R,7774,1,7068,0
2380,R,7774,1,7068,0
2384,R,7774,1,7068,0
2388,R,7774,1,7068,0
2392,R,7774,1,7068,0
2396,R,7774,1,7068,0
2400,R,7774,1,7068,0
2404,R,7774,1,7068,0
2408,R,7774,1,7068,0
2412,R,7774,1,7068,0
2416,R,7774,1,7068,0
2420,R,7774,1,7068,0
2424,R,7774,1,7068,0
2428,R,7774,1,7068,0
2432,R,7774,1,7068,0
2436,R,7774,1,7068,0
2440,R,7774,1,7068,0
2444,R,7774,1,7068,0
2448,R,7774,1,7068,0
2452,R,7774,1,7068,0
2456,R,7774,1,7068,0
2460,R,7774,1,7068,0
2464,R,7774,1,7068,0
2468,R,7774,1,7068,0
2472,R,7774,1,7068,0
2476,R,7774,1,7068,0
2480,R,7774,1,7068,0
2484,R,7774,1,7068,0
2488,R,7774,1,7068,0
2492,R,7774,1,7068,0
2496,R,7774,1,7068,0
2500,R,7774,1,7068,0
2504,R,7774,1,7068,0
2508,R,7774,1,7068,0
2512,R,7774,1,7068,0
2516,R,7774,1,7068,0
2520,R,7774,1,7068,0
2524,R,7774,1,7068,0
2528,R,7774,1,7068,0
2532,R,7774,1,7068,0
2536,R,7774,1,7068,0
2540,R,7774,1,7068,0
2544,R,7774,1,7068,0
2548,R,7774,1,7068,0
2552,R,7774,1,7068,0
2556,R,7774,1,7068,0
2304,W,7774,1,7072,0
2308,W,7774,1,7072,0
2312,W,7774,1,7072,0
2316,W,7774,1,7072,0
2320,W,7774,1,7072,0
2324,W,7774,1,7072,0
2328,W,7774,1,7072,0
2332,W,7774,1,7072,0
2336,W,7774,1,7072,0
2340,W,7774,1,7072,0
2344,W,7774,1,7072,0
2348,W,7774,1,7072,0
2352,W,7774,1,7072,0
2356,W,7774,1,7072,0
2360,W,7774,1,7072,0
2364,W,7774,1,7072,0
2368,W,7774,1,7072,0
2372,W,7774,1,7072,0
2376,W,7774,1,7072,0
2380,W,7774,1,7072,0
2384,W,7774,1,7072,0
2388,W,7774,1,7072,0
2392,W,7774,1,7072,0
2396,W,7774,1,7072,0
2400,W,7774,1,7072,0
2404,W,7774,1,7072,0
2408,W,7774,1,7072,0
2412,W,7774,1,7072,0
2416,W,7774,1,7072,0
2420,W,7774,1,7072,0
2424,W,7774,1,7072,0
2428,W,7774,1,7072,0
2432,W,7774,1,7072,0
2436,W,7774,1,7072,0
2440,W,7774,1,7072,0
2444,W,7774,1,7072,0
2448,W,7774,1,7072,0
2452,W,7774,1,7072,0
2456,W,7774,1,7072,0
2460,W,7774,1,7072,0
2464,W,7774,1,7072,0
2468,W,7774,1,7072,0
2472,W,7774,1,7072,0
2476,W,7774,1,7072,0
2480,W,7774,1,7072,0
2484,W,7774,1,7072,0
2488,W,7774,1,7072,0
2492,W,7774,1,7072,0
2496,W,7774,1,7072,0
2500,W,7774,1,7072,0
2504,W,7774,1,7072,0
2508,W,7774,1,7072,0
2512,W,7774,1,7072,0
2516,W,7774,1,7072,0
2520,W,7774,1,7072,0
2524,W,7774,1,7072,0
2528,W,7774,1,7072,0
2532,W,7774,1,7072,0
2536,W,7774,1,7072,0
2540,W,7774,1,7072,0
2544,W,7774,1,7072,0
2548,W,7774,1,7072,0
2552,W,7774,1,7072,0
2556,W,7774,1,7072,0
512,R,7781,1,7112,0
516,R,7781,1,7112,0
520,R,7781,1,7112,0
524,R,7781,1,7112,0
528,R,7781,1,7112,0
532,R,7781,1,7112,0
536,R,7781,1,7112,0
540,R,7781,1,7112,0
544,R,7781,1,7112,0
548,R,7781,1,7112,0
552,R,7781,1,7112,0
556,R,7781,1,7112,0
560,R,7781,1,7112,0
564,R,7781,1,7112,0
568,R,7781,1,7112,0
572,R,7781,1,7112,0
576,R,7781,1,7112,0
580,R,7781,1,7112,0
584,R,7781,1,7112,0
588,R,7781,1,7112,0
592,R,7781,1,7112,0
596,R,7781,1,7112,0
600,R,7781,1,7112,0
604,R,7781,1,7112,0
608,R,7781,1,7112,0
612,R,7781,1,7112,0
616,R,7781,1,7112,0
620,R,7781,1,7112,0
624,R,7781,1,7112,0
628,R,7781,1,7112,0
632,R,7781,1,7112,0
636,R,7781,1,7112,0
640,R,7781,1,7112,0
644,R,7781,1,7112,0
648,R,7781,1,7112,0
652,R,7781,1,7112,0
656,R,7781,1,7112,0
660,R,7781,1,7112,0
664,R,7781,1,7112,0
668,R,7781,1,7112,0
672,R,7781,1,7112,0
676,R,7781,1,7112,0
680,R,7781,1,7112,0
684,R,7781,1,7112,0
688,R,7781,1,7112,0
692,R,7781,1,7112,0
696,R,7781,1,7112,0
700,R,7781,1,7112,0
704,R,7781,1,7112,0
708,R,7781,1,7112,0
712,R,7781,1,7112,0
716,R,7781,1,7112,0
720,R,7781,1,7112,0
724,R,7781,1,7112,0
728,R,7781,1,7112,0
732,R,7781,1,7112,0
736,R,7781,1,7112,0
740,R,7781,1,7112,0
744,R,7781,1,7112,0
748,R,7781,1,7112,0
752,R,7781,1,7112,0
756,R,7781,1,7112,0
760,R,7781,1,7112,0
764,R,7781,1,7112,0
2048,R,7781,1,7113,0
2052,R,7781,1,7113,0
2056,R,7781,1,7113,0
2060,R,7781,1,7113,0
2064,R,7781,1,7113,0
2068,R,7781,1,7113,0
2072,R,7781,1,7113,0
2076,R,7781,1,7113,0
2080,R,7781,1,7113,0
2084,R,7781,1,7113,0
2088,R,7781,1,7113,0
2092,R,7781,1,7113,0
2096,R,7781,1,7113,0
2100,R,7781,1,7113,0
2104,R,7781,1,7113,0
2108,R,7781,1,7113,0
2112,R,7781,1,7113,0
2116,R,7781,1,7113,0
2120,R,7781,1,7113,0
2124,R,7781,1,7113,0
2128,R,7781,1,7113,0
2132,R,7781,1,7113,0
2136,R,7781,1,7113,0
2140,R,7781,1,7113,0
2144,R,7781,1,7113,0
2148,R,7781,1,7113,0
2152,R,7781,1,7113,0
2156,R,7781,1,7113,0
2160,R,7781,1,7113,0
2164,R,7781,1,7113,0
2168,R,7781,1,7113,0
2172,R,7781,1,7113,0
2176,R,7781,1,7113,0
2180,R,7781,1,7113,0
2184,R,7781,1,7113,0
2188,R,7781,1,7113,0
2192,R,7781,1,7113,0
2196,R,7781,1,7113,0
2200,R,7781,1,7113,0
2204,R,7781,1,7113,0
2208,R,7781,1,7113,0
2212,R,7781,1,7113,0
2216,R,7781,1,7113,0
2220,R,7781,1,7113,0
2224,R,7781,1,7113,0
2228,R,7781,1,7113,0
2232,R,7781,1,7113,0
2236,R,7781,1,7113,0
2240,R,7781,1,7113,0
2244,R,7781,1,7113,0
2248,R,7781,1,7113,0
2252,R,7781,1,7113,0
2256,R,7781,1,7113,0
2260,R,7781,1,7113,0
2264,R,7781,1,7113,0
2268,R,7781,1,7113,0
2272,R,7781,1,7113,0
2276,R,7781,1,7113,0
2280,R,7781,1,7113,0
2284,R,7781,1,7113,0
2288,R,7781,1,7113,0
2292,R,7781,1,7113,0
2296,R,7781,1,7113,0
2300,R,7781,1,7113,0
2048,W,7781,1,7116,0
2052,W,7781,1,7116,0
2056,W,7781,1,7116,0
2060,W,7781,1,7116,0
2064,W,7781,1,7116,0
2068,W,7781,1,7116,0
2072,W,7781,1,7116,0
2076,W,7781,1,7116,0
2080,W,7781,1,7116,0
2084,W,7781,1,7116,0
2088,W,7781,1,7116,0
2092,W,7781,1,7116,0
2096,W,7781,1,7116,0
2100,W,7781,1,7116,0
2104,W,7781,1,7116,0
2108,W,7781,1,7116,0
2112,W,7781,1,7116,0
2116,W,7781,1,7116,0
2120,W,7781,1,7116,0
2124,W,7781,1,7116,0
2128,W,7781,1,7116,0
2132,W,7781,1,7116,0
2136,W,7781,1,7116,0
2140,W,7781,1,7116,0
2144,W,7781,1,7116,0
2148,W,7781,1,7116,0
2152,W,7781,1,7116,0
2156,W,7781,1,7116,0
2160,W,7781,1,7116,0
2164,W,7781,1,7116,0
2168,W,7781,1,7116,0
2172,W,7781,1,7116,0
2176,W,7781,1,7116,0
2180,W,7781,1,7116,0
2184,W,7781,1,7116,0
2188,W,7781,1,7116,0
2192,W,7781,1,7116,0
2196,W,7781,1,7116,0
2200,W,7781,1,7116,0
2204,W,7781,1,7116,0
2208,W,7781,1,7116,0
2212,W,7781,1,7116,0
2216,W,7781,1,7116,0
2220,W,7781,1,7116,0
2224,W,7781,1,7116,0
2228,W,7781,1,7116,0
2232,W,7781,1,7116,0
2236,W,7781,1,7116,0
2240,W,7781,1,7116,0
2244,W,7781,1,7116,0
2248,W,7781,1,7116,0
2252,W,7781,1,7116,0
2256,W,7781,1,7116,0
2260,W,7781,1,7116,0
2264,W,7781,1,7116,0
2268,W,7781,1,7116,0
2272,W,7781,1,7116,0
2276,W,7781,1,7116,0
2280,W,7781,1,7116,0
2284,W,7781,1,7116,0
2288,W,7781,1,7116,0
2292,W,7781,1,7116,0
2296,W,7781,1,7116,0
2300,W,7781,1,7116,0
768,R,7782,1,7126,0
772,R,7782,1,7126,0
776,R,7782,1,7126,0
780,R,7782,1,7126,0
784,R,7782,1,7126,0
788,R,7782,1,7126,0
792,R,7782,1,7126,0
796,R,7782,1,7126,0
800,R,7782,1,7126,0
804,R,7782,1,7126,0
808,R,7782,1,7126,0
812,R,7782,1,7126,0
816,R,7782,1,7126,0
820,R,7782,1,7126,0
824,R,7782,1,7126,0
828,R,7782,1,7126,0
832,R,7782,1,7126,0
836,R,7782,1,7126,0
840,R,7782,1,7126,0
844,R,7782,1,7126,0
848,R,7782,1,7126,0
852,R,7782,1,7126,0
856,R,7782,1,7126,0
860,R,7782,1,7126,0
864,R,7782,1,7126,0
868,R,7782,1,7126,0
872,R,7782,1,7126,0
876,R,7782,1,7126,0
880,R,7782,1,7126,0
884,R,7782,1,7126,0
888,R,7782,1,7126,0
892,R,7782,1,7126,0
896,R,7782,1,7126,0
900,R,7782,1,7126,0
904,R,7782,1,7126,0
908,R,7782,1,7126,0
912,R,7782,1,7126,0
916,R,7782,1,7126,0
920,R,7782,1,7126,0
924,R,7782,1,7126,0
928,R,7782,1,7126,0
932,R,7782,1,7126,0
936,R,7782,1,7126,0
940,R,7782,1,7126,0
944,R,7782,1,7126,0
948,R,7782,1,7126,0
952,R,7782,1,7126,0
956,R,7782,1,7126,0
960,R,7782,1,7126,0
964,R,7782,1,7126,0
968,R,7782,1,7126,0
972,R,7782,1,7126,0
976,R,7782,1,7126,0
980,R,7782,1,7126,0
984,R,7782,1,7126,0
988,R,7782,1,7126,0
992,R,7782,1,7126,0
996,R,7782,1,7126,0
1000,R,7782,1,7126,0
1004,R,7782,1,7126,0
1008,R,7782,1,7126,0
1012,R,7782,1,7126,0
1016,R,7782,1,7126,0
1020,R,7782,1,7126,0
2304,R,7782,1,7127,0
2308,R,7782,1,7127,0
2312,R,7782,1,7127,0
2316,R,7782,1,7127,0
2320,R,7782,1,7127,0
2324,R,7782,1,7127,0
2328,R,7782,1,7127,0
2332,R,7782,1,7127,0
2336,R,7782,1,7127,0
2340,R,7782,1,7127,0
2344,R,7782,1,7127,0
2348,R,7782,1,7127,0
2352,R,7782,1,7127,0
2356,R,7782,1,7127,0
2360,R,7782,1,7127,0
2364,R,7782,1,7127,0
2368,R,7782,1,7127,0
2372,R,7782,1,7127,0
2376,R,7782,1,7127,0
2380,R,7782,1,7127,0
2384,R,7782,1,7127,0
2388,R,7782,1,7127,0
2392,R,7782,1,7127,0
2396,R,7782,1,7127,0
2400,R,7782,1,7127,0
2404,R,7782,1,7127,0
2408,R,7782,1,7127,0
2412,R,7782,1,7127,0
2416,R,7782,1,7127,0
2420,R,7782,1,7127,0
2424,R,7782,1,7127,0
2428,R,7782,1,7127,0
2432,R,7782,1,7127,0
2436,R,7782,1,7127,0
2440,R,7782,1,7127,0
2444,R,7782,1,7127,0
2448,R,7782,1,7127,0
2452,R,7782,1,7127,0
2456,R,7782,1,7127,0
2460,R,7782,1,7127,0
2464,R,7782,1,7127,0
2468,R,7782,1,7127,0
2472,R,7782,1,7127,0
2476,R,7782,1,7127,0
2480,R,7782,1,7127,0
2484,R,7782,1,7127,0
2488,R,7782,1,7127,0
2492,R,7782,1,7127,0
2496,R,7782,1,7127,0
2500,R,7782,1,7127,0
2504,R,7782,1,7127,0
2508,R,7782,1,7127,0
2512,R,7782,1,7127,0
2516,R,7782,1,7127,0
2520,R,7782,1,7127,0
2524,R,7782,1,7127,0
2528,R,7782,1,7127,0
2532,R,7782,1,7127,0
2536,R,7782,1,7127,0
2540,R,7782,1,7127,0
2544,R,7782,1,7127,0
2548,R,7782,1,7127,0
2552,R,7782,1,7127,0
2556,R,7782,1,7127,0
2304,W,7782,1,7130,0
2308,W,7782,1,7130,0
2312,W,7782,1,7130,0
2316,W,7782,1,7130,0
2320,W,7782,1,7130,0
2324,W,7782,1,7130,0
2328,W,7782,1,7130,0
2332,W,7782,1,7130,0
2336,W,7782,1,7130,0
2340,W,7782,1,7130,0
2344,W,7782,1,7130,0
2348,W,7782,1,7130,0
2352,W,7782,1,7130,0
2356,W,7782,1,7130,0
2360,W,7782,1,7130,0
2364,W,7782,1,7130,0
2368,W,7782,1,7130,0
2372,W,7782,1,7130,0
2376,W,7782,1,7130,0
2380,W,7782,1,7130,0
2384,W,7782,1,7130,0
2388,W,7782,1,7130,0
2392,W,7782,1,7130,0
2396,W,7782,1,7130,0
2400,W,7782,1,7130,0
2404,W,7782,1,7130,0
2408,W,7782,1,7130,0
2412,W,7782,1,7130,0
2416,W,7782,1,7130,0
2420,W,7782,1,7130,0
2424,W,7782,1,7130,0
2428,W,7782,1,7130,0
2432,W,7782,1,7130,0
2436,W,7782,1,7130,0
2440,W,7782,1,7130,0
2444,W,7782,1,7130,0
2448,W,7782,1,7130,0
2452,W,7782,1,7130,0
2456,W,7782,1,7130,0
2460,W,7782,1,7130,0
2464,W,7782,1,7130,0
2468,W,7782,1,7130,0
2472,W,7782,1,7130,0
2476,W,7782,1,7130,0
2480,W,7782,1,7130,0
2484,W,7782,1,7130,0
2488,W,7782,1,7130,0
2492,W,7782,1,7130,0
2496,W,7782,1,7130,0
2500,W,7782,1,7130,0
2504,W,7782,1,7130,0
2508,W,7782,1,7130,0
2512,W,7782,1,7130,0
2516,W,7782,1,7130,0
2520,W,7782,1,7130,0
2524,W,7782,1,7130,0
2528,W,7782,1,7130,0
2532,W,7782,1,7130,0
2536,W,7782,1,7130,0
2540,W,7782,1,7130,0
2544,W,7782,1,7130,0
2548,W,7782,1,7130,0
2552,W,7782,1,7130,0
2556,W,7782,1,7130,0
512,R,7805,1,7241,0
516,R,7805,1,7241,0
520,R,7805,1,7241,0
524,R,7805,1,7241,0
528,R,7805,1,7241,0
532,R,7805,1,7241,0
536,R,7805,1,7241,0
540,R,7805,1,7241,0
544,R,7805,1,7241,0
548,R,7805,1,7241,0
552,R,7805,1,7241,0
556,R,7805,1,7241,0
560,R,7805,1,7241,0
564,R,7805,1,7241,0
568,R,7805,1,7241,0
572,R,7805,1,7241,0
576,R,7805,1,7241,0
580,R,7805,1,7241,0
584,R,7805,1,7241,0
588,R,7805,1,7241,0
592,R,7805,1,7241,0
596,R,7805,1,7241,0
600,R,7805,1,7241,0
604,R,7805,1,7241,0
608,R,7805,1,7241,0
612,R,7805,1,7241,0
616,R,7805,1,7241,0
620,R,7805,1,7241,0
624,R,7805,1,7241,0
628,R,7805,1,7241,0
632,R,7805,1,7241,0
636,R,7805,1,7241,0
640,R,7805,1,7241,0
644,R,7805,1,7241,0
648,R,7805,1,7241,0
652,R,7805,1,7241,0
656,R,7805,1,7241,0
660,R,7805,1,7241,0
664,R,7805,1,7241,0
668,R,7805,1,7241,0
672,R,7805,1,7241,0
676,R,7805,1,7241,0
680,R,7805,1,7241,0
684,R,7805,1,7241,0
688,R,7805,1,7241,0
692,R,7805,1,7241,0
696,R,7805,1,7241,0
700,R,7805,1,7241,0
704,R,7805,1,7241,0
708,R,7805,1,7241,0
712,R,7805,1,7241,0
716,R,7805,1,7241,0
720,R,7805,1,7241,0
724,R,7805,1,7241,0
728,R,7805,1,7241,0
732,R,7805,1,7241,0
736,R,7805,1,7241,0
740,R,7805,1,7241,0
744,R,7805,1,7241,0
748,R,7805,1,7241,0
752,R,7805,1,7241,0
756,R,7805,1,7241,0
760,R,7805,1,7241,0
764,R,7805,1,7241,0
2048,R,7805,1,7242,0
2052,R,7805,1,7242,0
2056,R,7805,1,7242,0
2060,R,7805,1,7242,0
2064,R,7805,1,7242,0
2068,R,7805,1,7242,0
2072,R,7805,1,7242,0
2076,R,7805,1,7242,0
2080,R,7805,1,7242,0
2084,R,7805,1,7242,0
2088,R,7805,1,7242,0
2092,R,7805,1,7242,0
2096,R,7805,1,7242,0
2100,R,7805,1,7242,0
2104,R,7805,1,7242,0
2108,R,7805,1,7242,0
2112,R,7805,1,7242,0
2116,R,7805,1,7242,0
2120,R,7805,1,7242,0
2124,R,7805,1,7242,0
2128,R,7805,1,7242,0
2132,R,7805,1,7242,0
2136,R,7805,1,7242,0
2140,R,7805,1,7242,0
2144,R,7805,1,7242,0
2148,R,7805,1,7242,0
2152,R,7805,1,7242,0
2156,R,7805,1,7242,0
2160,R,7805,1,7242,0
2164,R,7805,1,7242,0
2168,R,7805,1,7242,0
2172,R,7805,1,7242,0
2176,R,7805,1,7242,0
2180,R,7805,1,7242,0
2184,R,7805,1,7242,0
2188,R,7805,1,7242,0
2192,R,7805,1,7242,0
2196,R,7805,1,7242,0
2200,R,7805,1,7242,0
2204,R,7805,1,7242,0
2208,R,7805,1,7242,0
2212,R,7805,1,7242,0
2216,R,7805,1,7242,0
2220,R,7805,1,7242,0
2224,R,7805,1,7242,0
2228,R,7805,1,7242,0
2232,R,7805,1,7242,0
2236,R,7805,1,7242,0
2240,R,7805,1,7242,0
2244,R,7805,1,7242,0
2248,R,7805,1,7242,0
2252,R,7805,1,7242,0
2256,R,7805,1,7242,0
2260,R,7805,1,7242,0
2264,R,7805,1,7242,0
2268,R,7805,1,7242,0
2272,R,7805,1,7242,0
2276,R,7805,1,7242,0
2280,R,7805,1,7242,0
2284,R,7805,1,7242,0
2288,R,7805,1,7242,0
2292,R,7805,1,7242,0
2296,R,7805,1,7242,0
2300,R,7805,1,7242,0
1536,W,7805,1,7245,0
1540,W,7805,1,7245,0
1544,W,7805,1,7245,0
1548,W,7805,1,7245,0
1552,W,7805,1,7245,0
1556,W,7805,1,7245,0
1560,W,7805,1,7245,0
1564,W,7805,1,7245,0
1568,W,7805,1,7245,0
1572,W,7805,1,7245,0
1576,W,7805,1,7245,0
1580,W,7805,1,7245,0
1584,W,7805,1,7245,0
1588,W,7805,1,7245,0
1592,W,7805,1,7245,0
1596,W,7805,1,7245,0
1600,W,7805,1,7245,0
1604,W,7805,1,7245,0
1608,W,7805,1,7245,0
1612,W,7805,1,7245,0
1616,W,7805,1,7245,0
1620,W,7805,1,7245,0
1624,W,7805,1,7245,0
1628,W,7805,1,7245,0
1632,W,7805,1,7245,0
1636,W,7805,1,7245,0
1640,W,7805,1,7245,0
1644,W,7805,1,7245,0
1648,W,7805,1,7245,0
1652,W,7805,1,7245,0
1656,W,7805,1,7245,0
1660,W,7805,1,7245,0
1664,W,7805,1,7245,0
1668,W,7805,1,7245,0
1672,W,7805,1,7245,0
1676,W,7805,1,7245,0
1680,W,7805,1,7245,0
1684,W,7805,1,7245,0
1688,W,7805,1,7245,0
1692,W,7805,1,7245,0
1696,W,7805,1,7245,0
1700,W,7805,1,7245,0
1704,W,7805,1,7245,0
1708,W,7805,1,7245,0
1712,W,7805,1,7245,0
1716,W,7805,1,7245,0
1720,W,7805,1,7245,0
1724,W,7805,1,7245,0
1728,W,7805,1,7245,0
1732,W,7805,1,7245,0
1736,W,7805,1,7245,0
1740,W,7805,1,7245,0
1744,W,7805,1,7245,0
1748,W,7805,1,7245,0
1752,W,7805,1,7245,0
1756,W,7805,1,7245,0
1760,W,7805,1,7245,0
1764,W,7805,1,7245,0
1768,W,7805,1,7245,0
1772,W,7805,1,7245,0
1776,W,7805,1,7245,0
1780,W,7805,1,7245,0
1784,W,7805,1,7245,0
1788,W,7805,1,7245,0
768,R,7806,1,7251,0
772,R,7806,1,7251,0
776,R,7806,1,7251,0
780,R,7806,1,7251,0
784,R,7806,1,7251,0
788,R,7806,1,7251,0
792,R,7806,1,7251,0
796,R,7806,1,7251,0
800,R,7806,1,7251,0
804,R,7806,1,7251,0
808,R,7806,1,7251,0
812,R,7806,1,7251,0
816,R,7806,1,7251,0
820,R,7806,1,7251,0
824,R,7806,1,7251,0
828,R,7806,1,7251,0
832,R,7806,1,7251,0
836,R,7806,1,7251,0
840,R,7806,1,7251,0
844,R,7806,1,7251,0
848,R,7806,1,7251,0
852,R,7806,1,7251,0
856,R,7806,1,7251,0
860,R,7806,1,7251,0
864,R,7806,1,7251,0
868,R,7806,1,7251,0
872,R,7806,1,7251,0
876,R,7806,1,7251,0
880,R,7806,1,7251,0
884,R,7806,1,7251,0
888,R,7806,1,7251,0
892,R,7806,1,7251,0
896,R,7806,1,7251,0
900,R,7806,1,7251,0
904,R,7806,1,7251,0
908,R,7806,1,7251,0
912,R,7806,1,7251,0
916,R,7806,1,7251,0
920,R,7806,1,7251,0
924,R,7806,1,7251,0
928,R,7806,1,7251,0
932,R,7806,1,7251,0
936,R,7806,1,7251,0
940,R,7806,1,7251,0
944,R,7806,1,7251,0
948,R,7806,1,7251,0
952,R,7806,1,7251,0
956,R,7806,1,7251,0
960,R,7806,1,7251,0
964,R,7806,1,7251,0
968,R,7806,1,7251,0
972,R,7806,1,7251,0
976,R,7806,1,7251,0
980,R,7806,1,7251,0
984,R,7806,1,7251,0
988,R,7806,1,7251,0
992,R,7806,1,7251,0
996,R,7806,1,7251,0
1000,R,7806,1,7251,0
1004,R,7806,1,7251,0
1008,R,7806,1,7251,0
1012,R,7806,1,7251,0
1016,R,7806,1,7251,0
1020,R,7806,1,7251,0
2304,R,7806,1,7252,0
2308,R,7806,1,7252,0
2312,R,7806,1,7252,0
2316,R,7806,1,7252,0
2320,R,7806,1,7252,0
2324,R,7806,1,7252,0
2328,R,7806,1,7252,0
2332,R,7806,1,7252,0
2336,R,7806,1,7252,0
2340,R,7806,1,7252,0
2344,R,7806,1,7252,0
2348,R,7806,1,7252,0
2352,R,7806,1,7252,0
2356,R,7806,1,7252,0
2360,R,7806,1,7252,0
2364,R,7806,1,7252,0
2368,R,7806,1,7252,0
2372,R,7806,1,7252,0
2376,R,7806,1,7252,0
2380,R,7806,1,7252,0
2384,R,7806,1,7252,0
2388,R,7806,1,7252,0
2392,R,7806,1,7252,0
2396,R,7806,1,7252,0
2400,R,7806,1,7252,0
2404,R,7806,1,7252,0
2408,R,7806,1,7252,0
2412,R,7806,1,7252,0
2416,R,7806,1,7252,0
2420,R,7806,1,7252,0
2424,R,7806,1,7252,0
2428,R,7806,1,7252,0
2432,R,7806,1,7252,0
2436,R,7806,1,7252,0
2440,R,7806,1,7252,0
2444,R,7806,1,7252,0
2448,R,7806,1,7252,0
2452,R,7806,1,7252,0
2456,R,7806,1,7252,0
2460,R,7806,1,7252,0
2464,R,7806,1,7252,0
2468,R,7806,1,7252,0
2472,R,7806,1,7252,0
2476,R,7806,1,7252,0
2480,R,7806,1,7252,0
2484,R,7806,1,7252,0
2488,R,7806,1,7252,0
2492,R,7806,1,7252,0
2496,R,7806,1,7252,0
2500,R,7806,1,7252,0
2504,R,7806,1,7252,0
2508,R,7806,1,7252,0
2512,R,7806,1,7252,0
2516,R,7806,1,7252,0
2520,R,7806,1,7252,0
2524,R,7806,1,7252,0
2528,R,7806,1,7252,0
2532,R,7806,1,7252,0
2536,R,7806,1,7252,0
2540,R,7806,1,7252,0
2544,R,7806,1,7252,0
2548,R,7806,1,7252,0
2552,R,7806,1,7252,0
2556,R,7806,1,7252,0
1792,W,7806,1,7255,0
1796,W,7806,1,7255,0
1800,W,7806,1,7255,0
1804,W,7806,1,7255,0
1808,W,7806,1,7255,0
1812,W,7806,1,7255,0
1816,W,7806,1,7255,0
1820,W,7806,1,7255,0
1824,W,7806,1,7255,0
1828,W,7806,1,7255,0
1832,W,7806,1,7255,0
1836,W,7806,1,7255,0
1840,W,7806,1,7255,0
1844,W,7806,1,7255,0
1848,W,7806,1,7255,0
1852,W,7806,1,7255,0
1856,W,7806,1,7255,0
1860,W,7806,1,7255,0
1864,W,7806,1,7255,0
1868,W,7806,1,7255,0
1872,W,7806,1,7255,0
1876,W,7806,1,7255,0
1880,W,7806,1,7255,0
1884,W,7806,1,7255,0
1888,W,7806,1,7255,0
1892,W,7806,1,7255,0
1896,W,7806,1,7255,0
1900,W,7806,1,7255,0
1904,W,7806,1,7255,0
1908,W,7806,1,7255,0
1912,W,7806,1,7255,0
1916,W,7806,1,7255,0
1920,W,7806,1,7255,0
1924,W,7806,1,7255,0
1928,W,7806,1,7255,0
1932,W,7806,1,7255,0
1936,W,7806,1,7255,0
1940,W,7806,1,7255,0
1944,W,7806,1,7255,0
1948,W,7806,1,7255,0
1952,W,7806,1,7255,0
1956,W,7806,1,7255,0
1960,W,7806,1,7255,0
1964,W,7806,1,7255,0
1968,W,7806,1,7255,0
1972,W,7806,1,7255,0
1976,W,7806,1,7255,0
1980,W,7806,1,7255,0
1984,W,7806,1,7255,0
1988,W,7806,1,7255,0
1992,W,7806,1,7255,0
1996,W,7806,1,7255,0
2000,W,7806,1,7255,0
2004,W,7806,1,7255,0
2008,W,7806,1,7255,0
2012,W,7806,1,7255,0
2016,W,7806,1,7255,0
2020,W,7806,1,7255,0
2024,W,7806,1,7255,0
2028,W,7806,1,7255,0
2032,W,7806,1,7255,0
2036,W,7806,1,7255,0
2040,W,7806,1,7255,0
2044,W,7806,1,7255,0
0,W,7807,1,5162,0
4,W,7807,1,5162,0
8,W,7807,1,5162,0
12,W,7807,1,5162,0
16,W,7807,1,5162,0
20,W,7807,1,5162,0
24,W,7807,1,5162,0
28,W,7807,1,5162,0
32,W,7807,1,5162,0
36,W,7807,1,5162,0
40,W,7807,1,5162,0
44,W,7807,1,5162,0
48,W,7807,1,5162,0
52,W,7807,1,5162,0
56,W,7807,1,5162,0
60,W,7807,1,5162,0
64,W,7807,1,5162,0
68,W,7807,1,5162,0
72,W,7807,1,5162,0
76,W,7807,1,5162,0
80,W,7807,1,5162,0
84,W,7807,1,5162,0
88,W,7807,1,5162,0
92,W,7807,1,5162,0
96,W,7807,1,5162,0
100,W,7807,1,5162,0
104,W,7807,1,5162,0
108,W,7807,1,5162,0
112,W,7807,1,5162,0
116,W,7807,1,5162,0
120,W,7807,1,5162,0
124,W,7807,1,5162,0
128,W,7807,1,5162,0
132,W,7807,1,5162,0
136,W,7807,1,5162,0
140,W,7807,1,5162,0
144,W,7807,1,5162,0
148,W,7807,1,5162,0
152,W,7807,1,5162,0
156,W,7807,1,5162,0
160,W,7807,1,5162,0
164,W,7807,1,5162,0
168,W,7807,1,5162,0
172,W,7807,1,5162,0
176,W,7807,1,5162,0
180,W,7807,1,5162,0
184,W,7807,1,5162,0
188,W,7807,1,5162,0
192,W,7807,1,5162,0
196,W,7807,1,5162,0
200,W,7807,1,5162,0
204,W,7807,1,5162,0
208,W,7807,1,5162,0
212,W,7807,1,5162,0
216,W,7807,1,5162,0
220,W,7807,1,5162,0
224,W,7807,1,5162,0
228,W,7807,1,5162,0
232,W,7807,1,5162,0
236,W,7807,1,5162,0
240,W,7807,1,5162,0
244,W,7807,1,5162,0
248,W,7807,1,5162,0
252,W,7807,1,5162,0
256,W,7807,1,5162,0
260,W,7807,1,5162,0
264,W,7807,1,5162,0
268,W,7807,1,5162,0
272,W,7807,1,5162,0
276,W,7807,1,5162,0
280,W,7807,1,5162,0
284,W,7807,1,5162,0
288,W,7807,1,5162,0
292,W,7807,1,5162,0
296,W,7807,1,5162,0
300,W,7807,1,5162,0
304,W,7807,1,5162,0
308,W,7807,1,5162,0
312,W,7807,1,5162,0
316,W,7807,1,5162,0
320,W,7807,1,5162,0
324,W,7807,1,5162,0
328,W,7807,1,5162,0
332,W,7807,1,5162,0
336,W,7807,1,5162,0
340,W,7807,1,5162,0
344,W,7807,1,5162,0
348,W,7807,1,5162,0
352,W,7807,1,5162,0
356,W,7807,1,5162,0
360,W,7807,1,5162,0
364,W,7807,1,5162,0
368,W,7807,1,5162,0
372,W,7807,1,5162,0
376,W,7807,1,5162,0
380,W,7807,1,5162,0
384,W,7807,1,5162,0
388,W,7807,1,5162,0
392,W,7807,1,5162,0
396,W,7807,1,5162,0
400,W,7807,1,5162,0
404,W,7807,1,5162,0
408,W,7807,1,5162,0
412,W,7807,1,5162,0
416,W,7807,1,5162,0
420,W,7807,1,5162,0
424,W,7807,1,5162,0
428,W,7807,1,5162,0
432,W,7807,1,5162,0
436,W,7807,1,5162,0
440,W,7807,1,5162,0
444,W,7807,1,5162,0
448,W,7807,1,5162,0
452,W,7807,1,5162,0
456,W,7807,1,5162,0
460,W,7807,1,5162,0
464,W,7807,1,5162,0
468,W,7807,1,5162,0
472,W,7807,1,5162,0
476,W,7807,1,5162,0
480,W,7807,1,5162,0
484,W,7807,1,5162,0
488,W,7807,1,5162,0
492,W,7807,1,5162,0
496,W,7807,1,5162,0
500,W,7807,1,5162,0
504,W,7807,1,5162,0
508,W,7807,1,5162,0
0,R,7858,1,7494,0
4,R,7858,1,7494,0
8,R,7858,1,7494,0
12,R,7858,1,7494,0
16,R,7858,1,7494,0
20,R,7858,1,7494,0
24,R,7858,1,7494,0
28,R,7858,1,7494,0
32,R,7858,1,7494,0
36,R,7858,1,7494,0
40,R,7858,1,7494,0
44,R,7858,1,7494,0
48,R,7858,1,7494,0
52,R,7858,1,7494,0
56,R,7858,1,7494,0
60,R,7858,1,7494,0
64,R,7858,1,7494,0
68,R,7858,1,7494,0
72,R,7858,1,7494,0
76,R,7858,1,7494,0
80,R,7858,1,7494,0
84,R,7858,1,7494,0
88,R,7858,1,7494,0
92,R,7858,1,7494,0
96,R,7858,1,7494,0
100,R,7858,1,7494,0
104,R,7858,1,7494,0
108,R,7858,1,7494,0
112,R,7858,1,7494,0
116,R,7858,1,7494,0
120,R,7858,1,7494,0
124,R,7858,1,7494,0
128,R,7858,1,7494,0
132,R,7858,1,7494,0
136,R,7858,1,7494,0
140,R,7858,1,7494,0
144,R,7858,1,7494,0
148,R,7858,1,7494,0
152,R,7858,1,7494,0
156,R,7858,1,7494,0
160,R,7858,1,7494,0
164,R,7858,1,7494,0
168,R,7858,1,7494,0
172,R,7858,1,7494,0
176,R,7858,1,7494,0
180,R,7858,1,7494,0
184,R,7858,1,7494,0
188,R,7858,1,7494,0
192,R,7858,1,7494,0
196,R,7858,1,7494,0
200,R,7858,1,7494,0
204,R,7858,1,7494,0
208,R,7858,1,7494,0
212,R,7858,1,7494,0
216,R,7858,1,7494,0
220,R,7858,1,7494,0
224,R,7858,1,7494,0
228,R,7858,1,7494,0
232,R,7858,1,7494,0
236,R,7858,1,7494,0
240,R,7858,1,7494,0
244,R,7858,1,7494,0
248,R,7858,1,7494,0
252,R,7858,1,7494,0
2048,W,7858,1,7497,0
2052,W,7858,1,7497,0
2056,W,7858,1,7497,0
2060,W,7858,1,7497,0
2064,W,7858,1,7497,0
2068,W,7858,1,7497,0
2072,W,7858,1,7497,0
2076,W,7858,1,7497,0
2080,W,7858,1,7497,0
2084,W,7858,1,7497,0
2088,W,7858,1,7497,0
2092,W,7858,1,7497,0
2096,W,7858,1,7497,0
2100,W,7858,1,7497,0
2104,W,7858,1,7497,0
2108,W,7858,1,7497,0
2112,W,7858,1,7497,0
2116,W,7858,1,7497,0
2120,W,7858,1,7497,0
2124,W,7858,1,7497,0
2128,W,7858,1,7497,0
2132,W,7858,1,7497,0
2136,W,7858,1,7497,0
2140,W,7858,1,7497,0
2144,W,7858,1,7497,0
2148,W,7858,1,7497,0
2152,W,7858,1,7497,0
2156,W,7858,1,7497,0
2160,W,7858,1,7497,0
2164,W,7858,1,7497,0
2168,W,7858,1,7497,0
2172,W,7858,1,7497,0
2176,W,7858,1,7497,0
2180,W,7858,1,7497,0
2184,W,7858,1,7497,0
2188,W,7858,1,7497,0
2192,W,7858,1,7497,0
2196,W,7858,1,7497,0
2200,W,7858,1,7497,0
2204,W,7858,1,7497,0
2208,W,7858,1,7497,0
2212,W,7858,1,7497,0
2216,W,7858,1,7497,0
2220,W,7858,1,7497,0
2224,W,7858,1,7497,0
2228,W,7858,1,7497,0
2232,W,7858,1,7497,0
2236,W,7858,1,7497,0
2240,W,7858,1,7497,0
2244,W,7858,1,7497,0
2248,W,7858,1,7497,0
2252,W,7858,1,7497,0
2256,W,7858,1,7497,0
2260,W,7858,1,7497,0
2264,W,7858,1,7497,0
2268,W,7858,1,7497,0
2272,W,7858,1,7497,0
2276,W,7858,1,7497,0
2280,W,7858,1,7497,0
2284,W,7858,1,7497,0
2288,W,7858,1,7497,0
2292,W,7858,1,7497,0
2296,W,7858,1,7497,0
2300,W,7858,1,7497,0
256,R,7859,1,7507,0
260,R,7859,1,7507,0
264,R,7859,1,7507,0
268,R,7859,1,7507,0
272,R,7859,1,7507,0
276,R,7859,1,7507,0
280,R,7859,1,7507,0
284,R,7859,1,7507,0
288,R,7859,1,7507,0
292,R,7859,1,7507,0
296,R,7859,1,7507,0
300,R,7859,1,7507,0
304,R,7859,1,7507,0
308,R,7859,1,7507,0
312,R,7859,1,7507,0
316,R,7859,1,7507,0
320,R,7859,1,7507,0
324,R,7859,1,7507,0
328,R,7859,1,7507,0
332,R,7859,1,7507,0
336,R,7859,1,7507,0
340,R,7859,1,7507,0
344,R,7859,1,7507,0
348,R,7859,1,7507,0
352,R,7859,1,7507,0
356,R,7859,1,7507,0
360,R,7859,1,7507,0
364,R,7859,1,7507,0
368,R,7859,1,7507,0
372,R,7859,1,7507,0
376,R,7859,1,7507,0
380,R,7859,1,7507,0
384,R,7859,1,7507,0
388,R,7859,1,7507,0
392,R,7859,1,7507,0
396,R,7859,1,7507,0
400,R,7859,1,7507,0
404,R,7859,1,7507,0
408,R,7859,1,7507,0
412,R,7859,1,7507,0
416,R,7859,1,7507,0
420,R,7859,1,7507,0
424,R,7859,1,7507,0
428,R,7859,1,7507,0
432,R,7859,1,7507,0
436,R,7859,1,7507,0
440,R,7859,1,7507,0
444,R,7859,1,7507,0
448,R,7859,1,7507,0
452,R,7859,1,7507,0
456,R,7859,1,7507,0
460,R,7859,1,7507,0
464,R,7859,1,7507,0
468,R,7859,1,7507,0
472,R,7859,1,7507,0
476,R,7859,1,7507,0
480,R,7859,1,7507,0
484,R,7859,1,7507,0
488,R,7859,1,7507,0
492,R,7859,1,7507,0
496,R,7859,1,7507,0
500,R,7859,1,7507,0
504,R,7859,1,7507,0
508,R,7859,1,7507,0
2304,W,7859,1,7510,0
2308,W,7859,1,7510,0
2312,W,7859,1,7510,0
2316,W,7859,1,7510,0
2320,W,7859,1,7510,0
2324,W,7859,1,7510,0
2328,W,7859,1,7510,0
2332,W,7859,1,7510,0
2336,W,7859,1,7510,0
2340,W,7859,1,7510,0
2344,W,7859,1,7510,0
2348,W,7859,1,7510,0
2352,W,7859,1,7510,0
2356,W,7859,1,7510,0
2360,W,7859,1,7510,0
2364,W,7859,1,7510,0
2368,W,7859,1,7510,0
2372,W,7859,1,7510,0
2376,W,7859,1,7510,0
2380,W,7859,1,7510,0
2384,W,7859,1,7510,0
2388,W,7859,1,7510,0
2392,W,7859,1,7510,0
2396,W,7859,1,7510,0
2400,W,7859,1,7510,0
2404,W,7859,1,7510,0
2408,W,7859,1,7510,0
2412,W,7859,1,7510,0
2416,W,7859,1,7510,0
2420,W,7859,1,7510,0
2424,W,7859,1,7510,0
2428,W,7859,1,7510,0
2432,W,7859,1,7510,0
2436,W,7859,1,7510,0
2440,W,7859,1,7510,0
2444,W,7859,1,7510,0
2448,W,7859,1,7510,0
2452,W,7859,1,7510,0
2456,W,7859,1,7510,0
2460,W,7859,1,7510,0
2464,W,7859,1,7510,0
2468,W,7859,1,7510,0
2472,W,7859,1,7510,0
2476,W,7859,1,7510,0
2480,W,7859,1,7510,0
2484,W,7859,1,7510,0
2488,W,7859,1,7510,0
2492,W,7859,1,7510,0
2496,W,7859,1,7510,0
2500,W,7859,1,7510,0
2504,W,7859,1,7510,0
2508,W,7859,1,7510,0
2512,W,7859,1,7510,0
2516,W,7859,1,7510,0
2520,W,7859,1,7510,0
2524,W,7859,1,7510,0
2528,W,7859,1,7510,0
2532,W,7859,1,7510,0
2536,W,7859,1,7510,0
2540,W,7859,1,7510,0
2544,W,7859,1,7510,0
2548,W,7859,1,7510,0
2552,W,7859,1,7510,0
2556,W,7859,1,7510,0
2048,R,7872,1,7572,0
2052,R,7872,1,7572,0
2056,R,7872,1,7572,0
2060,R,7872,1,7572,0
2064,R,7872,1,7572,0
2068,R,7872,1,7572,0
2072,R,7872,1,7572,0
2076,R,7872,1,7572,0
2080,R,7872,1,7572,0
2084,R,7872,1,7572,0
2088,R,7872,1,7572,0
2092,R,7872,1,7572,0
2096,R,7872,1,7572,0
2100,R,7872,1,7572,0
2104,R,7872,1,7572,0
2108,R,7872,1,7572,0
2112,R,7872,1,7572,0
2116,R,7872,1,7572,0
2120,R,7872,1,7572,0
2124,R,7872,1,7572,0
2128,R,7872,1,7572,0
2132,R,7872,1,7572,0
2136,R,7872,1,7572,0
2140,R,7872,1,7572,0
2144,R,7872,1,7572,0
2148,R,7872,1,7572,0
2152,R,7872,1,7572,0
2156,R,7872,1,7572,0
2160,R,7872,1,7572,0
2164,R,7872,1,7572,0
2168,R,7872,1,7572,0
2172,R,7872,1,7572,0
2176,R,7872,1,7572,0
2180,R,7872,1,7572,0
2184,R,7872,1,7572,0
2188,R,7872,1,7572,0
2192,R,7872,1,7572,0
2196,R,7872,1,7572,0
2200,R,7872,1,7572,0
2204,R,7872,1,7572,0
2208,R,7872,1,7572,0
2212,R,7872,1,7572,0
2216,R,7872,1,7572,0
2220,R,7872,1,7572,0
2224,R,7872,1,7572,0
2228,R,7872,1,7572,0
2232,R,7872,1,7572,0
2236,R,7872,1,7572,0
2240,R,7872,1,7572,0
2244,R,7872,1,7572,0
2248,R,7872,1,7572,0
2252,R,7872,1,7572,0
2256,R,7872,1,7572,0
2260,R,7872,1,7572,0
2264,R,7872,1,7572,0
2268,R,7872,1,7572,0
2272,R,7872,1,7572,0
2276,R,7872,1,7572,0
2280,R,7872,1,7572,0
2284,R,7872,1,7572,0
2288,R,7872,1,7572,0
2292,R,7872,1,7572,0
2296,R,7872,1,7572,0
2300,R,7872,1,7572,0
2048,W,7873,1,7582,0
2052,W,7873,1,7582,0
2056,W,7873,1,7582,0
2060,W,7873,1,7582,0
2064,W,7873,1,7582,0
2068,W,7873,1,7582,0
2072,W,7873,1,7582,0
2076,W,7873,1,7582,0
2080,W,7873,1,7582,0
2084,W,7873,1,7582,0
2088,W,7873,1,7582,0
2092,W,7873,1,7582,0
2096,W,7873,1,7582,0
2100,W,7873,1,7582,0
2104,W,7873,1,7582,0
2108,W,7873,1,7582,0
2112,W,7873,1,7582,0
2116,W,7873,1,7582,0
2120,W,7873,1,7582,0
2124,W,7873,1,7582,0
2128,W,7873,1,7582,0
2132,W,7873,1,7582,0
2136,W,7873,1,7582,0
2140,W,7873,1,7582,0
2144,W,7873,1,7582,0
2148,W,7873,1,7582,0
2152,W,7873,1,7582,0
2156,W,7873,1,7582,0
2160,W,7873,1,7582,0
2164,W,7873,1,7582,0
2168,W,7873,1,7582,0
2172,W,7873,1,7582,0
2176,W,7873,1,7582,0
2180,W,7873,1,7582,0
2184,W,7873,1,7582,0
2188,W,7873,1,7582,0
2192,W,7873,1,7582,0
2196,W,7873,1,7582,0
2200,W,7873,1,7582,0
2204,W,7873,1,7582,0
2208,W,7873,1,7582,0
2212,W,7873,1,7582,0
2216,W,7873,1,7582,0
2220,W,7873,1,7582,0
2224,W,7873,1,7582,0
2228,W,7873,1,7582,0
2232,W,7873,1,7582,0
2236,W,7873,1,7582,0
2240,W,7873,1,7582,0
2244,W,7873,1,7582,0
2248,W,7873,1,7582,0
2252,W,7873,1,7582,0
2256,W,7873,1,7582,0
2260,W,7873,1,7582,0
2264,W,7873,1,7582,0
2268,W,7873,1,7582,0
2272,W,7873,1,7582,0
2276,W,7873,1,7582,0
2280,W,7873,1,7582,0
2284,W,7873,1,7582,0
2288,W,7873,1,7582,0
2292,W,7873,1,7582,0
2296,W,7873,1,7582,0
2300,W,7873,1,7582,0
2304,R,7874,1,7588,0
2308,R,7874,1,7588,0
2312,R,7874,1,7588,0
2316,R,7874,1,7588,0
2320,R,7874,1,7588,0
2324,R,7874,1,7588,0
2328,R,7874,1,7588,0
2332,R,7874,1,7588,0
2336,R,7874,1,7588,0
2340,R,7874,1,7588,0
2344,R,7874,1,7588,0
2348,R,7874,1,7588,0
2352,R,7874,1,7588,0
2356,R,7874,1,7588,0
2360,R,7874,1,7588,0
2364,R,7874,1,7588,0
2368,R,7874,1,7588,0
2372,R,7874,1,7588,0
2376,R,7874,1,7588,0
2380,R,7874,1,7588,0
2384,R,7874,1,7588,0
2388,R,7874,1,7588,0
2392,R,7874,1,7588,0
2396,R,7874,1,7588,0
2400,R,7874,1,7588,0
2404,R,7874,1,7588,0
2408,R,7874,1,7588,0
2412,R,7874,1,7588,0
2416,R,7874,1,7588,0
2420,R,7874,1,7588,0
2424,R,7874,1,7588,0
2428,R,7874,1,7588,0
2432,R,7874,1,7588,0
2436,R,7874,1,7588,0
2440,R,7874,1,7588,0
2444,R,7874,1,7588,0
2448,R,7874,1,7588,0
2452,R,7874,1,7588,0
2456,R,7874,1,7588,0
2460,R,7874,1,7588,0
2464,R,7874,1,7588,0
2468,R,7874,1,7588,0
2472,R,7874,1,7588,0
2476,R,7874,1,7588,0
2480,R,7874,1,7588,0
2484,R,7874,1,7588,0
2488,R,7874,1,7588,0
2492,R,7874,1,7588,0
2496,R,7874,1,7588,0
2500,R,7874,1,7588,0
2504,R,7874,1,7588,0
2508,R,7874,1,7588,0
2512,R,7874,1,7588,0
2516,R,7874,1,7588,0
2520,R,7874,1,7588,0
2524,R,7874,1,7588,0
2528,R,7874,1,7588,0
2532,R,7874,1,7588,0
2536,R,7874,1,7588,0
2540,R,7874,1,7588,0
2544,R,7874,1,7588,0
2548,R,7874,1,7588,0
2552,R,7874,1,7588,0
2556,R,7874,1,7588,0
2304,W,7874,1,7592,0
2308,W,7874,1,7592,0
2312,W,7874,1,7592,0
2316,W,7874,1,7592,0
2320,W,7874,1,7592,0
2324,W,7874,1,7592,0
2328,W,7874,1,7592,0
2332,W,7874,1,7592,0
2336,W,7874,1,7592,0
2340,W,7874,1,7592,0
2344,W,7874,1,7592,0
2348,W,7874,1,7592,0
2352,W,7874,1,7592,0
2356,W,7874,1,7592,0
2360,W,7874,1,7592,0
2364,W,7874,1,7592,0
2368,W,7874,1,7592,0
2372,W,7874,1,7592,0
2376,W,7874,1,7592,0
2380,W,7874,1,7592,0
2384,W,7874,1,7592,0
2388,W,7874,1,7592,0
2392,W,7874,1,7592,0
2396,W,7874,1,7592,0
2400,W,7874,1,7592,0
2404,W,7874,1,7592,0
2408,W,7874,1,7592,0
2412,W,7874,1,7592,0
2416,W,7874,1,7592,0
2420,W,7874,1,7592,0
2424,W,7874,1,7592,0
2428,W,7874,1,7592,0
2432,W,7874,1,7592,0
2436,W,7874,1,7592,0
2440,W,7874,1,7592,0
2444,W,7874,1,7592,0
2448,W,7874,1,7592,0
2452,W,7874,1,7592,0
2456,W,7874,1,7592,0
2460,W,7874,1,7592,0
2464,W,7874,1,7592,0
2468,W,7874,1,7592,0
2472,W,7874,1,7592,0
2476,W,7874,1,7592,0
2480,W,7874,1,7592,0
2484,W,7874,1,7592,0
2488,W,7874,1,7592,0
2492,W,7874,1,7592,0
2496,W,7874,1,7592,0
2500,W,7874,1,7592,0
2504,W,7874,1,7592,0
2508,W,7874,1,7592,0
2512,W,7874,1,7592,0
2516,W,7874,1,7592,0
2520,W,7874,1,7592,0
2524,W,7874,1,7592,0
2528,W,7874,1,7592,0
2532,W,7874,1,7592,0
2536,W,7874,1,7592,0
2540,W,7874,1,7592,0
2544,W,7874,1,7592,0
2548,W,7874,1,7592,0
2552,W,7874,1,7592,0
2556,W,7874,1,7592,0
2048,R,7881,1,7611,0
2052,R,7881,1,7611,0
2056,R,7881,1,7611,0
2060,R,7881,1,7611,0
2064,R,7881,1,7611,0
2068,R,7881,1,7611,0
2072,R,7881,1,7611,0
2076,R,7881,1,7611,0
2080,R,7881,1,7611,0
2084,R,7881,1,7611,0
2088,R,7881,1,7611,0
2092,R,7881,1,7611,0
2096,R,7881,1,7611,0
2100,R,7881,1,7611,0
2104,R,7881,1,7611,0
2108,R,7881,1,7611,0
2112,R,7881,1,7611,0
2116,R,7881,1,7611,0
2120,R,7881,1,7611,0
2124,R,7881,1,7611,0
2128,R,7881,1,7611,0
2132,R,7881,1,7611,0
2136,R,7881,1,7611,0
2140,R,7881,1,7611,0
2144,R,7881,1,7611,0
2148,R,7881,1,7611,0
2152,R,7881,1,7611,0
2156,R,7881,1,7611,0
2160,R,7881,1,7611,0
2164,R,7881,1,7611,0
2168,R,7881,1,7611,0
2172,R,7881,1,7611,0
2176,R,7881,1,7611,0
2180,R,7881,1,7611,0
2184,R,7881,1,7611,0
2188,R,7881,1,7611,0
2192,R,7881,1,7611,0
2196,R,7881,1,7611,0
2200,R,7881,1,7611,0
2204,R,7881,1,7611,0
2208,R,7881,1,7611,0
2212,R,7881,1,7611,0
2216,R,7881,1,7611,0
2220,R,7881,1,7611,0
2224,R,7881,1,7611,0
2228,R,7881,1,7611,0
2232,R,7881,1,7611,0
2236,R,7881,1,7611,0
2240,R,7881,1,7611,0
2244,R,7881,1,7611,0
2248,R,7881,1,7611,0
2252,R,7881,1,7611,0
2256,R,7881,1,7611,0
2260,R,7881,1,7611,0
2264,R,7881,1,7611,0
2268,R,7881,1,7611,0
2272,R,7881,1,7611,0
2276,R,7881,1,7611,0
2280,R,7881,1,7611,0
2284,R,7881,1,7611,0
2288,R,7881,1,7611,0
2292,R,7881,1,7611,0
2296,R,7881,1,7611,0
2300,R,7881,1,7611,0
0,R,7881,1,7612,0
4,R,7881,1,7612,0
8,R,7881,1,7612,0
12,R,7881,1,7612,0
16,R,7881,1,7612,0
20,R,7881,1,7612,0
24,R,7881,1,7612,0
28,R,7881,1,7612,0
32,R,7881,1,7612,0
36,R,7881,1,7612,0
40,R,7881,1,7612,0
44,R,7881,1,7612,0
48,R,7881,1,7612,0
52,R,7881,1,7612,0
56,R,7881,1,7612,0
60,R,7881,1,7612,0
64,R,7881,1,7612,0
68,R,7881,1,7612,0
72,R,7881,1,7612,0
76,R,7881,1,7612,0
80,R,7881,1,7612,0
84,R,7881,1,7612,0
88,R,7881,1,7612,0
92,R,7881,1,7612,0
96,R,7881,1,7612,0
100,R,7881,1,7612,0
104,R,7881,1,7612,0
108,R,7881,1,7612,0
112,R,7881,1,7612,0
116,R,7881,1,7612,0
120,R,7881,1,7612,0
124,R,7881,1,7612,0
128,R,7881,1,7612,0
132,R,7881,1,7612,0
136,R,7881,1,7612,0
140,R,7881,1,7612,0
144,R,7881,1,7612,0
148,R,7881,1,7612,0
152,R,7881,1,7612,0
156,R,7881,1,7612,0
160,R,7881,1,7612,0
164,R,7881,1,7612,0
168,R,7881,1,7612,0
172,R,7881,1,7612,0
176,R,7881,1,7612,0
180,R,7881,1,7612,0
184,R,7881,1,7612,0
188,R,7881,1,7612,0
192,R,7881,1,7612,0
196,R,7881,1,7612,0
200,R,7881,1,7612,0
204,R,7881,1,7612,0
208,R,7881,1,7612,0
212,R,7881,1,7612,0
216,R,7881,1,7612,0
220,R,7881,1,7612,0
224,R,7881,1,7612,0
228,R,7881,1,7612,0
232,R,7881,1,7612,0
236,R,7881,1,7612,0
240,R,7881,1,7612,0
244,R,7881,1,7612,0
248,R,7881,1,7612,0
252,R,7881,1,7612,0
2048,W,7881,1,7615,0
2052,W,7881,1,7615,0
2056,W,7881,1,7615,0
2060,W,7881,1,7615,0
2064,W,7881,1,7615,0
2068,W,7881,1,7615,0
2072,W,7881,1,7615,0
2076,W,7881,1,7615,0
2080,W,7881,1,7615,0
2084,W,7881,1,7615,0
2088,W,7881,1,7615,0
2092,W,7881,1,7615,0
2096,W,7881,1,7615,0
2100,W,7881,1,7615,0
2104,W,7881,1,7615,0
2108,W,7881,1,7615,0
2112,W,7881,1,7615,0
2116,W,7881,1,7615,0
2120,W,7881,1,7615,0
2124,W,7881,1,7615,0
2128,W,7881,1,7615,0
2132,W,7881,1,7615,0
2136,W,7881,1,7615,0
2140,W,7881,1,7615,0
2144,W,7881,1,7615,0
2148,W,7881,1,7615,0
2152,W,7881,1,7615,0
2156,W,7881,1,7615,0
2160,W,7881,1,7615,0
2164,W,7881,1,7615,0
2168,W,7881,1,7615,0
2172,W,7881,1,7615,0
2176,W,7881,1,7615,0
2180,W,7881,1,7615,0
2184,W,7881,1,7615,0
2188,W,7881,1,7615,0
2192,W,7881,1,7615,0
2196,W,7881,1,7615,0
2200,W,7881,1,7615,0
2204,W,7881,1,7615,0
2208,W,7881,1,7615,0
2212,W,7881,1,7615,0
2216,W,7881,1,7615,0
2220,W,7881,1,7615,0
2224,W,7881,1,7615,0
2228,W,7881,1,7615,0
2232,W,7881,1,7615,0
2236,W,7881,1,7615,0
2240,W,7881,1,7615,0
2244,W,7881,1,7615,0
2248,W,7881,1,7615,0
2252,W,7881,1,7615,0
2256,W,7881,1,7615,0
2260,W,7881,1,7615,0
2264,W,7881,1,7615,0
2268,W,7881,1,7615,0
2272,W,7881,1,7615,0
2276,W,7881,1,7615,0
2280,W,7881,1,7615,0
2284,W,7881,1,7615,0
2288,W,7881,1,7615,0
2292,W,7881,1,7615,0
2296,W,7881,1,7615,0
2300,W,7881,1,7615,0
2304,R,7882,1,7621,0
2308,R,7882,1,7621,0
2312,R,7882,1,7621,0
2316,R,7882,1,7621,0
2320,R,7882,1,7621,0
2324,R,7882,1,7621,0
2328,R,7882,1,7621,0
2332,R,7882,1,7621,0
2336,R,7882,1,7621,0
2340,R,7882,1,7621,0
2344,R,7882,1,7621,0
2348,R,7882,1,7621,0
2352,R,7882,1,7621,0
2356,R,7882,1,7621,0
2360,R,7882,1,7621,0
2364,R,7882,1,7621,0
2368,R,7882,1,7621,0
2372,R,7882,1,7621,0
2376,R,7882,1,7621,0
2380,R,7882,1,7621,0
2384,R,7882,1,7621,0
2388,R,7882,1,7621,0
2392,R,7882,1,7621,0
2396,R,7882,1,7621,0
2400,R,7882,1,7621,0
2404,R,7882,1,7621,0
2408,R,7882,1,7621,0
2412,R,7882,1,7621,0
2416,R,7882,1,7621,0
2420,R,7882,1,7621,0
2424,R,7882,1,7621,0
2428,R,7882,1,7621,0
2432,R,7882,1,7621,0
2436,R,7882,1,7621,0
2440,R,7882,1,7621,0
2444,R,7882,1,7621,0
2448,R,7882,1,7621,0
2452,R,7882,1,7621,0
2456,R,7882,1,7621,0
2460,R,7882,1,7621,0
2464,R,7882,1,7621,0
2468,R,7882,1,7621,0
2472,R,7882,1,7621,0
2476,R,7882,1,7621,0
2480,R,7882,1,7621,0
2484,R,7882,1,7621,0
2488,R,7882,1,7621,0
2492,R,7882,1,7621,0
2496,R,7882,1,7621,0
2500,R,7882,1,7621,0
2504,R,7882,1,7621,0
2508,R,7882,1,7621,0
2512,R,7882,1,7621,0
2516,R,7882,1,7621,0
2520,R,7882,1,7621,0
2524,R,7882,1,7621,0
2528,R,7882,1,7621,0
2532,R,7882,1,7621,0
2536,R,7882,1,7621,0
2540,R,7882,1,7621,0
2544,R,7882,1,7621,0
2548,R,7882,1,7621,0
2552,R,7882,1,7621,0
2556,R,7882,1,7621,0
256,R,7882,1,7622,0
260,R,7882,1,7622,0
264,R,7882,1,7622,0
268,R,7882,1,7622,0
272,R,7882,1,7622,0
276,R,7882,1,7622,0
280,R,7882,1,7622,0
284,R,7882,1,7622,0
288,R,7882,1,7622,0
292,R,7882,1,7622,0
296,R,7882,1,7622,0
300,R,7882,1,7622,0
304,R,7882,1,7622,0
308,R,7882,1,7622,0
312,R,7882,1,7622,0
316,R,7882,1,7622,0
320,R,7882,1,7622,0
324,R,7882,1,7622,0
328,R,7882,1,7622,0
332,R,7882,1,7622,0
336,R,7882,1,7622,0
340,R,7882,1,7622,0
344,R,7882,1,7622,0
348,R,7882,1,7622,0
352,R,7882,1,7622,0
356,R,7882,1,7622,0
360,R,7882,1,7622,0
364,R,7882,1,7622,0
368,R,7882,1,7622,0
372,R,7882,1,7622,0
376,R,7882,1,7622,0
380,R,7882,1,7622,0
384,R,7882,1,7622,0
388,R,7882,1,7622,0
392,R,7882,1,7622,0
396,R,7882,1,7622,0
400,R,7882,1,7622,0
404,R,7882,1,7622,0
408,R,7882,1,7622,0
412,R,7882,1,7622,0
416,R,7882,1,7622,0
420,R,7882,1,7622,0
424,R,7882,1,7622,0
428,R,7882,1,7622,0
432,R,7882,1,7622,0
436,R,7882,1,7622,0
440,R,7882,1,7622,0
444,R,7882,1,7622,0
448,R,7882,1,7622,0
452,R,7882,1,7622,0
456,R,7882,1,7622,0
460,R,7882,1,7622,0
464,R,7882,1,7622,0
468,R,7882,1,7622,0
472,R,7882,1,7622,0
476,R,7882,1,7622,0
480,R,7882,1,7622,0
484,R,7882,1,7622,0
488,R,7882,1,7622,0
492,R,7882,1,7622,0
496,R,7882,1,7622,0
500,R,7882,1,7622,0
504,R,7882,1,7622,0
508,R,7882,1,7622,0
2304,W,7882,1,7625,0
2308,W,7882,1,7625,0
2312,W,7882,1,7625,0
2316,W,7882,1,7625,0
2320,W,7882,1,7625,0
2324,W,7882,1,7625,0
2328,W,7882,1,7625,0
2332,W,7882,1,7625,0
2336,W,7882,1,7625,0
2340,W,7882,1,7625,0
2344,W,7882,1,7625,0
2348,W,7882,1,7625,0
2352,W,7882,1,7625,0
2356,W,7882,1,7625,0
2360,W,7882,1,7625,0
2364,W,7882,1,7625,0
2368,W,7882,1,7625,0
2372,W,7882,1,7625,0
2376,W,7882,1,7625,0
2380,W,7882,1,7625,0
2384,W,7882,1,7625,0
2388,W,7882,1,7625,0
2392,W,7882,1,7625,0
2396,W,7882,1,7625,0
2400,W,7882,1,7625,0
2404,W,7882,1,7625,0
2408,W,7882,1,7625,0
2412,W,7882,1,7625,0
2416,W,7882,1,7625,0
2420,W,7882,1,7625,0
2424,W,7882,1,7625,0
2428,W,7882,1,7625,0
2432,W,7882,1,7625,0
2436,W,7882,1,7625,0
2440,W,7882,1,7625,0
2444,W,7882,1,7625,0
2448,W,7882,1,7625,0
2452,W,7882,1,7625,0
2456,W,7882,1,7625,0
2460,W,7882,1,7625,0
2464,W,7882,1,7625,0
2468,W,7882,1,7625,0
2472,W,7882,1,7625,0
2476,W,7882,1,7625,0
2480,W,7882,1,7625,0
2484,W,7882,1,7625,0
2488,W,7882,1,7625,0
2492,W,7882,1,7625,0
2496,W,7882,1,7625,0
2500,W,7882,1,7625,0
2504,W,7882,1,7625,0
2508,W,7882,1,7625,0
2512,W,7882,1,7625,0
2516,W,7882,1,7625,0
2520,W,7882,1,7625,0
2524,W,7882,1,7625,0
2528,W,7882,1,7625,0
2532,W,7882,1,7625,0
2536,W,7882,1,7625,0
2540,W,7882,1,7625,0
2544,W,7882,1,7625,0
2548,W,7882,1,7625,0
2552,W,7882,1,7625,0
2556,W,7882,1,7625,0
2048,R,7889,1,7654,0
2052,R,7889,1,7654,0
2056,R,7889,1,7654,0
2060,R,7889,1,7654,0
2064,R,7889,1,7654,0
2068,R,7889,1,7654,0
2072,R,7889,1,7654,0
2076,R,7889,1,7654,0
2080,R,7889,1,7654,0
2084,R,7889,1,7654,0
2088,R,7889,1,7654,0
2092,R,7889,1,7654,0
2096,R,7889,1,7654,0
2100,R,7889,1,7654,0
2104,R,7889,1,7654,0
2108,R,7889,1,7654,0
2112,R,7889,1,7654,0
2116,R,7889,1,7654,0
2120,R,7889,1,7654,0
2124,R,7889,1,7654,0
2128,R,7889,1,7654,0
2132,R,7889,1,7654,0
2136,R,7889,1,7654,0
2140,R,7889,1,7654,0
2144,R,7889,1,7654,0
2148,R,7889,1,7654,0
2152,R,7889,1,7654,0
2156,R,7889,1,7654,0
2160,R,7889,1,7654,0
2164,R,7889,1,7654,0
2168,R,7889,1,7654,0
2172,R,7889,1,7654,0
2176,R,7889,1,7654,0
2180,R,7889,1,7654,0
2184,R,7889,1,7654,0
2188,R,7889,1,7654,0
2192,R,7889,1,7654,0
2196,R,7889,1,7654,0
2200,R,7889,1,7654,0
2204,R,7889,1,7654,0
2208,R,7889,1,7654,0
2212,R,7889,1,7654,0
2216,R,7889,1,7654,0
2220,R,7889,1,7654,0
2224,R,7889,1,7654,0
2228,R,7889,1,7654,0
2232,R,7889,1,7654,0
2236,R,7889,1,7654,0
2240,R,7889,1,7654,0
2244,R,7889,1,7654,0
2248,R,7889,1,7654,0
2252,R,7889,1,7654,0
2256,R,7889,1,7654,0
2260,R,7889,1,7654,0
2264,R,7889,1,7654,0
2268,R,7889,1,7654,0
2272,R,7889,1,7654,0
2276,R,7889,1,7654,0
2280,R,7889,1,7654,0
2284,R,7889,1,7654,0
2288,R,7889,1,7654,0
2292,R,7889,1,7654,0
2296,R,7889,1,7654,0
2300,R,7889,1,7654,0
2048,W,7889,1,7658,0
2052,W,7889,1,7658,0
2056,W,7889,1,7658,0
2060,W,7889,1,7658,0
2064,W,7889,1,7658,0
2068,W,7889,1,7658,0
2072,W,7889,1,7658,0
2076,W,7889,1,7658,0
2080,W,7889,1,7658,0
2084,W,7889,1,7658,0
2088,W,7889,1,7658,0
2092,W,7889,1,7658,0
2096,W,7889,1,7658,0
2100,W,7889,1,7658,0
2104,W,7889,1,7658,0
2108,W,7889,1,7658,0
2112,W,7889,1,7658,0
2116,W,7889,1,7658,0
2120,W,7889,1,7658,0
2124,W,7889,1,7658,0
2128,W,7889,1,7658,0
2132,W,7889,1,7658,0
2136,W,7889,1,7658,0
2140,W,7889,1,7658,0
2144,W,7889,1,7658,0
2148,W,7889,1,7658,0
2152,W,7889,1,7658,0
2156,W,7889,1,7658,0
2160,W,7889,1,7658,0
2164,W,7889,1,7658,0
2168,W,7889,1,7658,0
2172,W,7889,1,7658,0
2176,W,7889,1,7658,0
2180,W,7889,1,7658,0
2184,W,7889,1,7658,0
2188,W,7889,1,7658,0
2192,W,7889,1,7658,0
2196,W,7889,1,7658,0
2200,W,7889,1,7658,0
2204,W,7889,1,7658,0
2208,W,7889,1,7658,0
2212,W,7889,1,7658,0
2216,W,7889,1,7658,0
2220,W,7889,1,7658,0
2224,W,7889,1,7658,0
2228,W,7889,1,7658,0
2232,W,7889,1,7658,0
2236,W,7889,1,7658,0
2240,W,7889,1,7658,0
2244,W,7889,1,7658,0
2248,W,7889,1,7658,0
2252,W,7889,1,7658,0
2256,W,7889,1,7658,0
2260,W,7889,1,7658,0
2264,W,7889,1,7658,0
2268,W,7889,1,7658,0
2272,W,7889,1,7658,0
2276,W,7889,1,7658,0
2280,W,7889,1,7658,0
2284,W,7889,1,7658,0
2288,W,7889,1,7658,0
2292,W,7889,1,7658,0
2296,W,7889,1,7658,0
2300,W,7889,1,7658,0
2304,R,7890,1,7667,0
2308,R,7890,1,7667,0
2312,R,7890,1,7667,0
2316,R,7890,1,7667,0
2320,R,7890,1,7667,0
2324,R,7890,1,7667,0
2328,R,7890,1,7667,0
2332,R,7890,1,7667,0
2336,R,7890,1,7667,0
2340,R,7890,1,7667,0
2344,R,7890,1,7667,0
2348,R,7890,1,7667,0
2352,R,7890,1,7667,0
2356,R,7890,1,7667,0
2360,R,7890,1,7667,0
2364,R,7890,1,7667,0
2368,R,7890,1,7667,0
2372,R,7890,1,7667,0
2376,R,7890,1,7667,0
2380,R,7890,1,7667,0
2384,R,7890,1,7667,0
2388,R,7890,1,7667,0
2392,R,7890,1,7667,0
2396,R,7890,1,7667,0
2400,R,7890,1,7667,0
2404,R,7890,1,7667,0
2408,R,7890,1,7667,0
2412,R,7890,1,7667,0
2416,R,7890,1,7667,0
2420,R,7890,1,7667,0
2424,R,7890,1,7667,0
2428,R,7890,1,7667,0
2432,R,7890,1,7667,0
2436,R,7890,1,7667,0
2440,R,7890,1,7667,0
2444,R,7890,1,7667,0
2448,R,7890,1,7667,0
2452,R,7890,1,7667,0
2456,R,7890,1,7667,0
2460,R,7890,1,7667,0
2464,R,7890,1,7667,0
2468,R,7890,1,7667,0
2472,R,7890,1,7667,0
2476,R,7890,1,7667,0
2480,R,7890,1,7667,0
2484,R,7890,1,7667,0
2488,R,7890,1,7667,0
2492,R,7890,1,7667,0
2496,R,7890,1,7667,0
2500,R,7890,1,7667,0
2504,R,7890,1,7667,0
2508,R,7890,1,7667,0
2512,R,7890,1,7667,0
2516,R,7890,1,7667,0
2520,R,7890,1,7667,0
2524,R,7890,1,7667,0
2528,R,7890,1,7667,0
2532,R,7890,1,7667,0
2536,R,7890,1,7667,0
2540,R,7890,1,7667,0
2544,R,7890,1,7667,0
2548,R,7890,1,7667,0
2552,R,7890,1,7667,0
2556,R,7890,1,7667,0
2304,W,7890,1,7671,0
2308,W,7890,1,7671,0
2312,W,7890,1,7671,0
2316,W,7890,1,7671,0
2320,W,7890,1,7671,0
2324,W,7890,1,7671,0
2328,W,7890,1,7671,0
2332,W,7890,1,7671,0
2336,W,7890,1,7671,0
2340,W,7890,1,7671,0
2344,W,7890,1,7671,0
2348,W,7890,1,7671,0
2352,W,7890,1,7671,0
2356,W,7890,1,7671,0
2360,W,7890,1,7671,0
2364,W,7890,1,7671,0
2368,W,7890,1,7671,0
2372,W,7890,1,7671,0
2376,W,7890,1,7671,0
2380,W,7890,1,7671,0
2384,W,7890,1,7671,0
2388,W,7890,1,7671,0
2392,W,7890,1,7671,0
2396,W,7890,1,7671,0
2400,W,7890,1,7671,0
2404,W,7890,1,7671,0
2408,W,7890,1,7671,0
2412,W,7890,1,7671,0
2416,W,7890,1,7671,0
2420,W,7890,1,7671,0
2424,W,7890,1,7671,0
2428,W,7890,1,7671,0
2432,W,7890,1,7671,0
2436,W,7890,1,7671,0
2440,W,7890,1,7671,0
2444,W,7890,1,7671,0
2448,W,7890,1,7671,0
2452,W,7890,1,7671,0
2456,W,7890,1,7671,0
2460,W,7890,1,7671,0
2464,W,7890,1,7671,0
2468,W,7890,1,7671,0
2472,W,7890,1,7671,0
2476,W,7890,1,7671,0
2480,W,7890,1,7671,0
2484,W,7890,1,7671,0
2488,W,7890,1,7671,0
2492,W,7890,1,7671,0
2496,W,7890,1,7671,0
2500,W,7890,1,7671,0
2504,W,7890,1,7671,0
2508,W,7890,1,7671,0
2512,W,7890,1,7671,0
2516,W,7890,1,7671,0
2520,W,7890,1,7671,0
2524,W,7890,1,7671,0
2528,W,7890,1,7671,0
2532,W,7890,1,7671,0
2536,W,7890,1,7671,0
2540,W,7890,1,7671,0
2544,W,7890,1,7671,0
2548,W,7890,1,7671,0
2552,W,7890,1,7671,0
2556,W,7890,1,7671,0
0,R,7897,1,7694,0
4,R,7897,1,7694,0
8,R,7897,1,7694,0
12,R,7897,1,7694,0
16,R,7897,1,7694,0
20,R,7897,1,7694,0
24,R,7897,1,7694,0
28,R,7897,1,7694,0
32,R,7897,1,7694,0
36,R,7897,1,7694,0
40,R,7897,1,7694,0
44,R,7897,1,7694,0
48,R,7897,1,7694,0
52,R,7897,1,7694,0
56,R,7897,1,7694,0
60,R,7897,1,7694,0
64,R,7897,1,7694,0
68,R,7897,1,7694,0
72,R,7897,1,7694,0
76,R,7897,1,7694,0
80,R,7897,1,7694,0
84,R,7897,1,7694,0
88,R,7897,1,7694,0
92,R,7897,1,7694,0
96,R,7897,1,7694,0
100,R,7897,1,7694,0
104,R,7897,1,7694,0
108,R,7897,1,7694,0
112,R,7897,1,7694,0
116,R,7897,1,7694,0
120,R,7897,1,7694,0
124,R,7897,1,7694,0
128,R,7897,1,7694,0
132,R,7897,1,7694,0
136,R,7897,1,7694,0
140,R,7897,1,7694,0
144,R,7897,1,7694,0
148,R,7897,1,7694,0
152,R,7897,1,7694,0
156,R,7897,1,7694,0
160,R,7897,1,7694,0
164,R,7897,1,7694,0
168,R,7897,1,7694,0
172,R,7897,1,7694,0
176,R,7897,1,7694,0
180,R,7897,1,7694,0
184,R,7897,1,7694,0
188,R,7897,1,7694,0
192,R,7897,1,7694,0
196,R,7897,1,7694,0
200,R,7897,1,7694,0
204,R,7897,1,7694,0
208,R,7897,1,7694,0
212,R,7897,1,7694,0
216,R,7897,1,7694,0
220,R,7897,1,7694,0
224,R,7897,1,7694,0
228,R,7897,1,7694,0
232,R,7897,1,7694,0
236,R,7897,1,7694,0
240,R,7897,1,7694,0
244,R,7897,1,7694,0
248,R,7897,1,7694,0
252,R,7897,1,7694,0
2048,R,7897,1,7695,0
2052,R,7897,1,7695,0
2056,R,7897,1,7695,0
2060,R,7897,1,7695,0
2064,R,7897,1,7695,0
2068,R,7897,1,7695,0
2072,R,7897,1,7695,0
2076,R,7897,1,7695,0
2080,R,7897,1,7695,0
2084,R,7897,1,7695,0
2088,R,7897,1,7695,0
2092,R,7897,1,7695,0
2096,R,7897,1,7695,0
2100,R,7897,1,7695,0
2104,R,7897,1,7695,0
2108,R,7897,1,7695,0
2112,R,7897,1,7695,0
2116,R,7897,1,7695,0
2120,R,7897,1,7695,0
2124,R,7897,1,7695,0
2128,R,7897,1,7695,0
2132,R,7897,1,7695,0
2136,R,7897,1,7695,0
2140,R,7897,1,7695,0
2144,R,7897,1,7695,0
2148,R,7897,1,7695,0
2152,R,7897,1,7695,0
2156,R,7897,1,7695,0
2160,R,7897,1,7695,0
2164,R,7897,1,7695,0
2168,R,7897,1,7695,0
2172,R,7897,1,7695,0
2176,R,7897,1,7695,0
2180,R,7897,1,7695,0
2184,R,7897,1,7695,0
2188,R,7897,1,7695,0
2192,R,7897,1,7695,0
2196,R,7897,1,7695,0
2200,R,7897,1,7695,0
2204,R,7897,1,7695,0
2208,R,7897,1,7695,0
2212,R,7897,1,7695,0
2216,R,7897,1,7695,0
2220,R,7897,1,7695,0
2224,R,7897,1,7695,0
2228,R,7897,1,7695,0
2232,R,7897,1,7695,0
2236,R,7897,1,7695,0
2240,R,7897,1,7695,0
2244,R,7897,1,7695,0
2248,R,7897,1,7695,0
2252,R,7897,1,7695,0
2256,R,7897,1,7695,0
2260,R,7897,1,7695,0
2264,R,7897,1,7695,0
2268,R,7897,1,7695,0
2272,R,7897,1,7695,0
2276,R,7897,1,7695,0
2280,R,7897,1,7695,0
2284,R,7897,1,7695,0
2288,R,7897,1,7695,0
2292,R,7897,1,7695,0
2296,R,7897,1,7695,0
2300,R,7897,1,7695,0
2048,W,7897,1,7698,0
2052,W,7897,1,7698,0
2056,W,7897,1,7698,0
2060,W,7897,1,7698,0
2064,W,7897,1,7698,0
2068,W,7897,1,7698,0
2072,W,7897,1,7698,0
2076,W,7897,1,7698,0
2080,W,7897,1,7698,0
2084,W,7897,1,7698,0
2088,W,7897,1,7698,0
2092,W,7897,1,7698,0
2096,W,7897,1,7698,0
2100,W,7897,1,7698,0
2104,W,7897,1,7698,0
2108,W,7897,1,7698,0
2112,W,7897,1,7698,0
2116,W,7897,1,7698,0
2120,W,7897,1,7698,0
2124,W,7897,1,7698,0
2128,W,7897,1,7698,0
2132,W,7897,1,7698,0
2136,W,7897,1,7698,0
2140,W,7897,1,7698,0
2144,W,7897,1,7698,0
2148,W,7897,1,7698,0
2152,W,7897,1,7698,0
2156,W,7897,1,7698,0
2160,W,7897,1,7698,0
2164,W,7897,1,7698,0
2168,W,7897,1,7698,0
2172,W,7897,1,7698,0
2176,W,7897,1,7698,0
2180,W,7897,1,7698,0
2184,W,7897,1,7698,0
2188,W,7897,1,7698,0
2192,W,7897,1,7698,0
2196,W,7897,1,7698,0
2200,W,7897,1,7698,0
2204,W,7897,1,7698,0
2208,W,7897,1,7698,0
2212,W,7897,1,7698,0
2216,W,7897,1,7698,0
2220,W,7897,1,7698,0
2224,W,7897,1,7698,0
2228,W,7897,1,7698,0
2232,W,7897,1,7698,0
2236,W,7897,1,7698,0
2240,W,7897,1,7698,0
2244,W,7897,1,7698,0
2248,W,7897,1,7698,0
2252,W,7897,1,7698,0
2256,W,7897,1,7698,0
2260,W,7897,1,7698,0
2264,W,7897,1,7698,0
2268,W,7897,1,7698,0
2272,W,7897,1,7698,0
2276,W,7897,1,7698,0
2280,W,7897,1,7698,0
2284,W,7897,1,7698,0
2288,W,7897,1,7698,0
2292,W,7897,1,7698,0
2296,W,7897,1,7698,0
2300,W,7897,1,7698,0
256,R,7898,1,7700,0
260,R,7898,1,7700,0
264,R,7898,1,7700,0
268,R,7898,1,7700,0
272,R,7898,1,7700,0
276,R,7898,1,7700,0
280,R,7898,1,7700,0
284,R,7898,1,7700,0
288,R,7898,1,7700,0
292,R,7898,1,7700,0
296,R,7898,1,7700,0
300,R,7898,1,7700,0
304,R,7898,1,7700,0
308,R,7898,1,7700,0
312,R,7898,1,7700,0
316,R,7898,1,7700,0
320,R,7898,1,7700,0
324,R,7898,1,7700,0
328,R,7898,1,7700,0
332,R,7898,1,7700,0
336,R,7898,1,7700,0
340,R,7898,1,7700,0
344,R,7898,1,7700,0
348,R,7898,1,7700,0
352,R,7898,1,7700,0
356,R,7898,1,7700,0
360,R,7898,1,7700,0
364,R,7898,1,7700,0
368,R,7898,1,7700,0
372,R,7898,1,7700,0
376,R,7898,1,7700,0
380,R,7898,1,7700,0
384,R,7898,1,7700,0
388,R,7898,1,7700,0
392,R,7898,1,7700,0
396,R,7898,1,7700,0
400,R,7898,1,7700,0
404,R,7898,1,7700,0
408,R,7898,1,7700,0
412,R,7898,1,7700,0
416,R,7898,1,7700,0
420,R,7898,1,7700,0
424,R,7898,1,7700,0
428,R,7898,1,7700,0
432,R,7898,1,7700,0
436,R,7898,1,7700,0
440,R,7898,1,7700,0
444,R,7898,1,7700,0
448,R,7898,1,7700,0
452,R,7898,1,7700,0
456,R,7898,1,7700,0
460,R,7898,1,7700,0
464,R,7898,1,7700,0
468,R,7898,1,7700,0
472,R,7898,1,7700,0
476,R,7898,1,7700,0
480,R,7898,1,7700,0
484,R,7898,1,7700,0
488,R,7898,1,7700,0
492,R,7898,1,7700,0
496,R,7898,1,7700,0
500,R,7898,1,7700,0
504,R,7898,1,7700,0
508,R,7898,1,7700,0
2304,R,7898,1,7701,0
2308,R,7898,1,7701,0
2312,R,7898,1,7701,0
2316,R,7898,1,7701,0
2320,R,7898,1,7701,0
2324,R,7898,1,7701,0
2328,R,7898,1,7701,0
2332,R,7898,1,7701,0
2336,R,7898,1,7701,0
2340,R,7898,1,7701,0
2344,R,7898,1,7701,0
2348,R,7898,1,7701,0
2352,R,7898,1,7701,0
2356,R,7898,1,7701,0
2360,R,7898,1,7701,0
2364,R,7898,1,7701,0
2368,R,7898,1,7701,0
2372,R,7898,1,7701,0
2376,R,7898,1,7701,0
2380,R,7898,1,7701,0
2384,R,7898,1,7701,0
2388,R,7898,1,7701,0
2392,R,7898,1,7701,0
2396,R,7898,1,7701,0
2400,R,7898,1,7701,0
2404,R,7898,1,7701,0
2408,R,7898,1,7701,0
2412,R,7898,1,7701,0
2416,R,7898,1,7701,0
2420,R,7898,1,7701,0
2424,R,7898,1,7701,0
2428,R,7898,1,7701,0
2432,R,7898,1,7701,0
2436,R,7898,1,7701,0
2440,R,7898,1,7701,0
2444,R,7898,1,7701,0
2448,R,7898,1,7701,0
2452,R,7898,1,7701,0
2456,R,7898,1,7701,0
2460,R,7898,1,7701,0
2464,R,7898,1,7701,0
2468,R,7898,1,7701,0
2472,R,7898,1,7701,0
2476,R,7898,1,7701,0
2480,R,7898,1,7701,0
2484,R,7898,1,7701,0
2488,R,7898,1,7701,0
2492,R,7898,1,7701,0
2496,R,7898,1,7701,0
2500,R,7898,1,7701,0
2504,R,7898,1,7701,0
2508,R,7898,1,7701,0
2512,R,7898,1,7701,0
2516,R,7898,1,7701,0
2520,R,7898,1,7701,0
2524,R,7898,1,7701,0
2528,R,7898,1,7701,0
2532,R,7898,1,7701,0
2536,R,7898,1,7701,0
2540,R,7898,1,7701,0
2544,R,7898,1,7701,0
2548,R,7898,1,7701,0
2552,R,7898,1,7701,0
2556,R,7898,1,7701,0
2304,W,7898,1,7704,0
2308,W,7898,1,7704,0
2312,W,7898,1,7704,0
2316,W,7898,1,7704,0
2320,W,7898,1,7704,0
2324,W,7898,1,7704,0
2328,W,7898,1,7704,0
2332,W,7898,1,7704,0
2336,W,7898,1,7704,0
2340,W,7898,1,7704,0
2344,W,7898,1,7704,0
2348,W,7898,1,7704,0
2352,W,7898,1,7704,0
2356,W,7898,1,7704,0
2360,W,7898,1,7704,0
2364,W,7898,1,7704,0
2368,W,7898,1,7704,0
2372,W,7898,1,7704,0
2376,W,7898,1,7704,0
2380,W,7898,1,7704,0
2384,W,7898,1,7704,0
2388,W,7898,1,7704,0
2392,W,7898,1,7704,0
2396,W,7898,1,7704,0
2400,W,7898,1,7704,0
2404,W,7898,1,7704,0
2408,W,7898,1,7704,0
2412,W,7898,1,7704,0
2416,W,7898,1,7704,0
2420,W,7898,1,7704,0
2424,W,7898,1,7704,0
2428,W,7898,1,7704,0
2432,W,7898,1,7704,0
2436,W,7898,1,7704,0
2440,W,7898,1,7704,0
2444,W,7898,1,7704,0
2448,W,7898,1,7704,0
2452,W,7898,1,7704,0
2456,W,7898,1,7704,0
2460,W,7898,1,7704,0
2464,W,7898,1,7704,0
2468,W,7898,1,7704,0
2472,W,7898,1,7704,0
2476,W,7898,1,7704,0
2480,W,7898,1,7704,0
2484,W,7898,1,7704,0
2488,W,7898,1,7704,0
2492,W,7898,1,7704,0
2496,W,7898,1,7704,0
2500,W,7898,1,7704,0
2504,W,7898,1,7704,0
2508,W,7898,1,7704,0
2512,W,7898,1,7704,0
2516,W,7898,1,7704,0
2520,W,7898,1,7704,0
2524,W,7898,1,7704,0
2528,W,7898,1,7704,0
2532,W,7898,1,7704,0
2536,W,7898,1,7704,0
2540,W,7898,1,7704,0
2544,W,7898,1,7704,0
2548,W,7898,1,7704,0
2552,W,7898,1,7704,0
2556,W,7898,1,7704,0
0,R,7921,1,7786,0
4,R,7921,1,7786,0
8,R,7921,1,7786,0
12,R,7921,1,7786,0
16,R,7921,1,7786,0
20,R,7921,1,7786,0
24,R,7921,1,7786,0
28,R,7921,1,7786,0
32,R,7921,1,7786,0
36,R,7921,1,7786,0
40,R,7921,1,7786,0
44,R,7921,1,7786,0
48,R,7921,1,7786,0
52,R,7921,1,7786,0
56,R,7921,1,7786,0
60,R,7921,1,7786,0
64,R,7921,1,7786,0
68,R,7921,1,7786,0
72,R,7921,1,7786,0
76,R,7921,1,7786,0
80,R,7921,1,7786,0
84,R,7921,1,7786,0
88,R,7921,1,7786,0
92,R,7921,1,7786,0
96,R,7921,1,7786,0
100,R,7921,1,7786,0
104,R,7921,1,7786,0
108,R,7921,1,7786,0
112,R,7921,1,7786,0
116,R,7921,1,7786,0
120,R,7921,1,7786,0
124,R,7921,1,7786,0
128,R,7921,1,7786,0
132,R,7921,1,7786,0
136,R,7921,1,7786,0
140,R,7921,1,7786,0
144,R,7921,1,7786,0
148,R,7921,1,7786,0
152,R,7921,1,7786,0
156,R,7921,1,7786,0
160,R,7921,1,7786,0
164,R,7921,1,7786,0
168,R,7921,1,7786,0
172,R,7921,1,7786,0
176,R,7921,1,7786,0
180,R,7921,1,7786,0
184,R,7921,1,7786,0
188,R,7921,1,7786,0
192,R,7921,1,7786,0
196,R,7921,1,7786,0
200,R,7921,1,7786,0
204,R,7921,1,7786,0
208,R,7921,1,7786,0
212,R,7921,1,7786,0
216,R,7921,1,7786,0
220,R,7921,1,7786,0
224,R,7921,1,7786,0
228,R,7921,1,7786,0
232,R,7921,1,7786,0
236,R,7921,1,7786,0
240,R,7921,1,7786,0
244,R,7921,1,7786,0
248,R,7921,1,7786,0
252,R,7921,1,7786,0
2048,R,7921,1,7787,0
2052,R,7921,1,7787,0
2056,R,7921,1,7787,0
2060,R,7921,1,7787,0
2064,R,7921,1,7787,0
2068,R,7921,1,7787,0
2072,R,7921,1,7787,0
2076,R,7921,1,7787,0
2080,R,7921,1,7787,0
2084,R,7921,1,7787,0
2088,R,7921,1,7787,0
2092,R,7921,1,7787,0
2096,R,7921,1,7787,0
2100,R,7921,1,7787,0
2104,R,7921,1,7787,0
2108,R,7921,1,7787,0
2112,R,7921,1,7787,0
2116,R,7921,1,7787,0
2120,R,7921,1,7787,0
2124,R,7921,1,7787,0
2128,R,7921,1,7787,0
2132,R,7921,1,7787,0
2136,R,7921,1,7787,0
2140,R,7921,1,7787,0
2144,R,7921,1,7787,0
2148,R,7921,1,7787,0
2152,R,7921,1,7787,0
2156,R,7921,1,7787,0
2160,R,7921,1,7787,0
2164,R,7921,1,7787,0
2168,R,7921,1,7787,0
2172,R,7921,1,7787,0
2176,R,7921,1,7787,0
2180,R,7921,1,7787,0
2184,R,7921,1,7787,0
2188,R,7921,1,7787,0
2192,R,7921,1,7787,0
2196,R,7921,1,7787,0
2200,R,7921,1,7787,0
2204,R,7921,1,7787,0
2208,R,7921,1,7787,0
2212,R,7921,1,7787,0
2216,R,7921,1,7787,0
2220,R,7921,1,7787,0
2224,R,7921,1,7787,0
2228,R,7921,1,7787,0
2232,R,7921,1,7787,0
2236,R,7921,1,7787,0
2240,R,7921,1,7787,0
2244,R,7921,1,7787,0
2248,R,7921,1,7787,0
2252,R,7921,1,7787,0
2256,R,7921,1,7787,0
2260,R,7921,1,7787,0
2264,R,7921,1,7787,0
2268,R,7921,1,7787,0
2272,R,7921,1,7787,0
2276,R,7921,1,7787,0
2280,R,7921,1,7787,0
2284,R,7921,1,7787,0
2288,R,7921,1,7787,0
2292,R,7921,1,7787,0
2296,R,7921,1,7787,0
2300,R,7921,1,7787,0
1024,W,7921,1,7790,0
1028,W,7921,1,7790,0
1032,W,7921,1,7790,0
1036,W,7921,1,7790,0
1040,W,7921,1,7790,0
1044,W,7921,1,7790,0
1048,W,7921,1,7790,0
1052,W,7921,1,7790,0
1056,W,7921,1,7790,0
1060,W,7921,1,7790,0
1064,W,7921,1,7790,0
1068,W,7921,1,7790,0
1072,W,7921,1,7790,0
1076,W,7921,1,7790,0
1080,W,7921,1,7790,0
1084,W,7921,1,7790,0
1088,W,7921,1,7790,0
1092,W,7921,1,7790,0
1096,W,7921,1,7790,0
1100,W,7921,1,7790,0
1104,W,7921,1,7790,0
1108,W,7921,1,7790,0
1112,W,7921,1,7790,0
1116,W,7921,1,7790,0
1120,W,7921,1,7790,0
1124,W,7921,1,7790,0
1128,W,7921,1,7790,0
1132,W,7921,1,7790,0
1136,W,7921,1,7790,0
1140,W,7921,1,7790,0
1144,W,7921,1,7790,0
1148,W,7921,1,7790,0
1152,W,7921,1,7790,0
1156,W,7921,1,7790,0
1160,W,7921,1,7790,0
1164,W,7921,1,7790,0
1168,W,7921,1,7790,0
1172,W,7921,1,7790,0
1176,W,7921,1,7790,0
1180,W,7921,1,7790,0
1184,W,7921,1,7790,0
1188,W,7921,1,7790,0
1192,W,7921,1,7790,0
1196,W,7921,1,7790,0
1200,W,7921,1,7790,0
1204,W,7921,1,7790,0
1208,W,7921,1,7790,0
1212,W,7921,1,7790,0
1216,W,7921,1,7790,0
1220,W,7921,1,7790,0
1224,W,7921,1,7790,0
1228,W,7921,1,7790,0
1232,W,7921,1,7790,0
1236,W,7921,1,7790,0
1240,W,7921,1,7790,0
1244,W,7921,1,7790,0
1248,W,7921,1,7790,0
1252,W,7921,1,7790,0
1256,W,7921,1,7790,0
1260,W,7921,1,7790,0
1264,W,7921,1,7790,0
1268,W,7921,1,7790,0
1272,W,7921,1,7790,0
1276,W,7921,1,7790,0
256,R,7922,1,7795,0
260,R,7922,1,7795,0
264,R,7922,1,7795,0
268,R,7922,1,7795,0
272,R,7922,1,7795,0
276,R,7922,1,7795,0
280,R,7922,1,7795,0
284,R,7922,1,7795,0
288,R,7922,1,7795,0
292,R,7922,1,7795,0
296,R,7922,1,7795,0
300,R,7922,1,7795,0
304,R,7922,1,7795,0
308,R,7922,1,7795,0
312,R,7922,1,7795,0
316,R,7922,1,7795,0
320,R,7922,1,7795,0
324,R,7922,1,7795,0
328,R,7922,1,7795,0
332,R,7922,1,7795,0
336,R,7922,1,7795,0
340,R,7922,1,7795,0
344,R,7922,1,7795,0
348,R,7922,1,7795,0
352,R,7922,1,7795,0
356,R,7922,1,7795,0
360,R,7922,1,7795,0
364,R,7922,1,7795,0
368,R,7922,1,7795,0
372,R,7922,1,7795,0
376,R,7922,1,7795,0
380,R,7922,1,7795,0
384,R,7922,1,7795,0
388,R,7922,1,7795,0
392,R,7922,1,7795,0
396,R,7922,1,7795,0
400,R,7922,1,7795,0
404,R,7922,1,7795,0
408,R,7922,1,7795,0
412,R,7922,1,7795,0
416,R,7922,1,7795,0
420,R,7922,1,7795,0
424,R,7922,1,7795,0
428,R,7922,1,7795,0
432,R,7922,1,7795,0
436,R,7922,1,7795,0
440,R,7922,1,7795,0
444,R,7922,1,7795,0
448,R,7922,1,7795,0
452,R,7922,1,7795,0
456,R,7922,1,7795,0
460,R,7922,1,7795,0
464,R,7922,1,7795,0
468,R,7922,1,7795,0
472,R,7922,1,7795,0
476,R,7922,1,7795,0
480,R,7922,1,7795,0
484,R,7922,1,7795,0
488,R,7922,1,7795,0
492,R,7922,1,7795,0
496,R,7922,1,7795,0
500,R,7922,1,7795,0
504,R,7922,1,7795,0
508,R,7922,1,7795,0
2304,R,7922,1,7796,0
2308,R,7922,1,7796,0
2312,R,7922,1,7796,0
2316,R,7922,1,7796,0
2320,R,7922,1,7796,0
2324,R,7922,1,7796,0
2328,R,7922,1,7796,0
2332,R,7922,1,7796,0
2336,R,7922,1,7796,0
2340,R,7922,1,7796,0
2344,R,7922,1,7796,0
2348,R,7922,1,7796,0
2352,R,7922,1,7796,0
2356,R,7922,1,7796,0
2360,R,7922,1,7796,0
2364,R,7922,1,7796,0
2368,R,7922,1,7796,0
2372,R,7922,1,7796,0
2376,R,7922,1,7796,0
2380,R,7922,1,7796,0
2384,R,7922,1,7796,0
2388,R,7922,1,7796,0
2392,R,7922,1,7796,0
2396,R,7922,1,7796,0
2400,R,7922,1,7796,0
2404,R,7922,1,7796,0
2408,R,7922,1,7796,0
2412,R,7922,1,7796,0
2416,R,7922,1,7796,0
2420,R,7922,1,7796,0
2424,R,7922,1,7796,0
2428,R,7922,1,7796,0
2432,R,7922,1,7796,0
2436,R,7922,1,7796,0
2440,R,7922,1,7796,0
2444,R,7922,1,7796,0
2448,R,7922,1,7796,0
2452,R,7922,1,7796,0
2456,R,7922,1,7796,0
2460,R,7922,1,7796,0
2464,R,7922,1,7796,0
2468,R,7922,1,7796,0
2472,R,7922,1,7796,0
2476,R,7922,1,7796,0
2480,R,7922,1,7796,0
2484,R,7922,1,7796,0
2488,R,7922,1,7796,0
2492,R,7922,1,7796,0
2496,R,7922,1,7796,0
2500,R,7922,1,7796,0
2504,R,7922,1,7796,0
2508,R,7922,1,7796,0
2512,R,7922,1,7796,0
2516,R,7922,1,7796,0
2520,R,7922,1,7796,0
2524,R,7922,1,7796,0
2528,R,7922,1,7796,0
2532,R,7922,1,7796,0
2536,R,7922,1,7796,0
2540,R,7922,1,7796,0
2544,R,7922,1,7796,0
2548,R,7922,1,7796,0
2552,R,7922,1,7796,0
2556,R,7922,1,7796,0
1280,W,7922,1,7799,0
1284,W,7922,1,7799,0
1288,W,7922,1,7799,0
1292,W,7922,1,7799,0
1296,W,7922,1,7799,0
1300,W,7922,1,7799,0
1304,W,7922,1,7799,0
1308,W,7922,1,7799,0
1312,W,7922,1,7799,0
1316,W,7922,1,7799,0
1320,W,7922,1,7799,0
1324,W,7922,1,7799,0
1328,W,7922,1,7799,0
1332,W,7922,1,7799,0
1336,W,7922,1,7799,0
1340,W,7922,1,7799,0
1344,W,7922,1,7799,0
1348,W,7922,1,7799,0
1352,W,7922,1,7799,0
1356,W,7922,1,7799,0
1360,W,7922,1,7799,0
1364,W,7922,1,7799,0
1368,W,7922,1,7799,0
1372,W,7922,1,7799,0
1376,W,7922,1,7799,0
1380,W,7922,1,7799,0
1384,W,7922,1,7799,0
1388,W,7922,1,7799,0
1392,W,7922,1,7799,0
1396,W,7922,1,7799,0
1400,W,7922,1,7799,0
1404,W,7922,1,7799,0
1408,W,7922,1,7799,0
1412,W,7922,1,7799,0
1416,W,7922,1,7799,0
1420,W,7922,1,7799,0
1424,W,7922,1,7799,0
1428,W,7922,1,7799,0
1432,W,7922,1,7799,0
1436,W,7922,1,7799,0
1440,W,7922,1,7799,0
1444,W,7922,1,7799,0
1448,W,7922,1,7799,0
1452,W,7922,1,7799,0
1456,W,7922,1,7799,0
1460,W,7922,1,7799,0
1464,W,7922,1,7799,0
1468,W,7922,1,7799,0
1472,W,7922,1,7799,0
1476,W,7922,1,7799,0
1480,W,7922,1,7799,0
1484,W,7922,1,7799,0
1488,W,7922,1,7799,0
1492,W,7922,1,7799,0
1496,W,7922,1,7799,0
1500,W,7922,1,7799,0
1504,W,7922,1,7799,0
1508,W,7922,1,7799,0
1512,W,7922,1,7799,0
1516,W,7922,1,7799,0
1520,W,7922,1,7799,0
1524,W,7922,1,7799,0
1528,W,7922,1,7799,0
1532,W,7922,1,7799,0
0,R,7937,1,7883,0
4,R,7937,1,7883,0
8,R,7937,1,7883,0
12,R,7937,1,7883,0
16,R,7937,1,7883,0
20,R,7937,1,7883,0
24,R,7937,1,7883,0
28,R,7937,1,7883,0
32,R,7937,1,7883,0
36,R,7937,1,7883,0
40,R,7937,1,7883,0
44,R,7937,1,7883,0
48,R,7937,1,7883,0
52,R,7937,1,7883,0
56,R,7937,1,7883,0
60,R,7937,1,7883,0
64,R,7937,1,7883,0
68,R,7937,1,7883,0
72,R,7937,1,7883,0
76,R,7937,1,7883,0
80,R,7937,1,7883,0
84,R,7937,1,7883,0
88,R,7937,1,7883,0
92,R,7937,1,7883,0
96,R,7937,1,7883,0
100,R,7937,1,7883,0
104,R,7937,1,7883,0
108,R,7937,1,7883,0
112,R,7937,1,7883,0
116,R,7937,1,7883,0
120,R,7937,1,7883,0
124,R,7937,1,7883,0
128,R,7937,1,7883,0
132,R,7937,1,7883,0
136,R,7937,1,7883,0
140,R,7937,1,7883,0
144,R,7937,1,7883,0
148,R,7937,1,7883,0
152,R,7937,1,7883,0
156,R,7937,1,7883,0
160,R,7937,1,7883,0
164,R,7937,1,7883,0
168,R,7937,1,7883,0
172,R,7937,1,7883,0
176,R,7937,1,7883,0
180,R,7937,1,7883,0
184,R,7937,1,7883,0
188,R,7937,1,7883,0
192,R,7937,1,7883,0
196,R,7937,1,7883,0
200,R,7937,1,7883,0
204,R,7937,1,7883,0
208,R,7937,1,7883,0
212,R,7937,1,7883,0
216,R,7937,1,7883,0
220,R,7937,1,7883,0
224,R,7937,1,7883,0
228,R,7937,1,7883,0
232,R,7937,1,7883,0
236,R,7937,1,7883,0
240,R,7937,1,7883,0
244,R,7937,1,7883,0
248,R,7937,1,7883,0
252,R,7937,1,7883,0
2048,W,7937,1,7886,0
2052,W,7937,1,7886,0
2056,W,7937,1,7886,0
2060,W,7937,1,7886,0
2064,W,7937,1,7886,0
2068,W,7937,1,7886,0
2072,W,7937,1,7886,0
2076,W,7937,1,7886,0
2080,W,7937,1,7886,0
2084,W,7937,1,7886,0
2088,W,7937,1,7886,0
2092,W,7937,1,7886,0
2096,W,7937,1,7886,0
2100,W,7937,1,7886,0
2104,W,7937,1,7886,0
2108,W,7937,1,7886,0
2112,W,7937,1,7886,0
2116,W,7937,1,7886,0
2120,W,7937,1,7886,0
2124,W,7937,1,7886,0
2128,W,7937,1,7886,0
2132,W,7937,1,7886,0
2136,W,7937,1,7886,0
2140,W,7937,1,7886,0
2144,W,7937,1,7886,0
2148,W,7937,1,7886,0
2152,W,7937,1,7886,0
2156,W,7937,1,7886,0
2160,W,7937,1,7886,0
2164,W,7937,1,7886,0
2168,W,7937,1,7886,0
2172,W,7937,1,7886,0
2176,W,7937,1,7886,0
2180,W,7937,1,7886,0
2184,W,7937,1,7886,0
2188,W,7937,1,7886,0
2192,W,7937,1,7886,0
2196,W,7937,1,7886,0
2200,W,7937,1,7886,0
2204,W,7937,1,7886,0
2208,W,7937,1,7886,0
2212,W,7937,1,7886,0
2216,W,7937,1,7886,0
2220,W,7937,1,7886,0
2224,W,7937,1,7886,0
2228,W,7937,1,7886,0
2232,W,7937,1,7886,0
2236,W,7937,1,7886,0
2240,W,7937,1,7886,0
2244,W,7937,1,7886,0
2248,W,7937,1,7886,0
2252,W,7937,1,7886,0
2256,W,7937,1,7886,0
2260,W,7937,1,7886,0
2264,W,7937,1,7886,0
2268,W,7937,1,7886,0
2272,W,7937,1,7886,0
2276,W,7937,1,7886,0
2280,W,7937,1,7886,0
2284,W,7937,1,7886,0
2288,W,7937,1,7886,0
2292,W,7937,1,7886,0
2296,W,7937,1,7886,0
2300,W,7937,1,7886,0
256,R,7938,1,7896,0
260,R,7938,1,7896,0
264,R,7938,1,7896,0
268,R,7938,1,7896,0
272,R,7938,1,7896,0
276,R,7938,1,7896,0
280,R,7938,1,7896,0
284,R,7938,1,7896,0
288,R,7938,1,7896,0
292,R,7938,1,7896,0
296,R,7938,1,7896,0
300,R,7938,1,7896,0
304,R,7938,1,7896,0
308,R,7938,1,7896,0
312,R,7938,1,7896,0
316,R,7938,1,7896,0
320,R,7938,1,7896,0
324,R,7938,1,7896,0
328,R,7938,1,7896,0
332,R,7938,1,7896,0
336,R,7938,1,7896,0
340,R,7938,1,7896,0
344,R,7938,1,7896,0
348,R,7938,1,7896,0
352,R,7938,1,7896,0
356,R,7938,1,7896,0
360,R,7938,1,7896,0
364,R,7938,1,7896,0
368,R,7938,1,7896,0
372,R,7938,1,7896,0
376,R,7938,1,7896,0
380,R,7938,1,7896,0
384,R,7938,1,7896,0
388,R,7938,1,7896,0
392,R,7938,1,7896,0
396,R,7938,1,7896,0
400,R,7938,1,7896,0
404,R,7938,1,7896,0
408,R,7938,1,7896,0
412,R,7938,1,7896,0
416,R,7938,1,7896,0
420,R,7938,1,7896,0
424,R,7938,1,7896,0
428,R,7938,1,7896,0
432,R,7938,1,7896,0
436,R,7938,1,7896,0
440,R,7938,1,7896,0
444,R,7938,1,7896,0
448,R,7938,1,7896,0
452,R,7938,1,7896,0
456,R,7938,1,7896,0
460,R,7938,1,7896,0
464,R,7938,1,7896,0
468,R,7938,1,7896,0
472,R,7938,1,7896,0
476,R,7938,1,7896,0
480,R,7938,1,7896,0
484,R,7938,1,7896,0
488,R,7938,1,7896,0
492,R,7938,1,7896,0
496,R,7938,1,7896,0
500,R,7938,1,7896,0
504,R,7938,1,7896,0
508,R,7938,1,7896,0
2304,W,7938,1,7899,0
2308,W,7938,1,7899,0
2312,W,7938,1,7899,0
2316,W,7938,1,7899,0
2320,W,7938,1,7899,0
2324,W,7938,1,7899,0
2328,W,7938,1,7899,0
2332,W,7938,1,7899,0
2336,W,7938,1,7899,0
2340,W,7938,1,7899,0
2344,W,7938,1,7899,0
2348,W,7938,1,7899,0
2352,W,7938,1,7899,0
2356,W,7938,1,7899,0
2360,W,7938,1,7899,0
2364,W,7938,1,7899,0
2368,W,7938,1,7899,0
2372,W,7938,1,7899,0
2376,W,7938,1,7899,0
2380,W,7938,1,7899,0
2384,W,7938,1,7899,0
2388,W,7938,1,7899,0
2392,W,7938,1,7899,0
2396,W,7938,1,7899,0
2400,W,7938,1,7899,0
2404,W,7938,1,7899,0
2408,W,7938,1,7899,0
2412,W,7938,1,7899,0
2416,W,7938,1,7899,0
2420,W,7938,1,7899,0
2424,W,7938,1,7899,0
2428,W,7938,1,7899,0
2432,W,7938,1,7899,0
2436,W,7938,1,7899,0
2440,W,7938,1,7899,0
2444,W,7938,1,7899,0
2448,W,7938,1,7899,0
2452,W,7938,1,7899,0
2456,W,7938,1,7899,0
2460,W,7938,1,7899,0
2464,W,7938,1,7899,0
2468,W,7938,1,7899,0
2472,W,7938,1,7899,0
2476,W,7938,1,7899,0
2480,W,7938,1,7899,0
2484,W,7938,1,7899,0
2488,W,7938,1,7899,0
2492,W,7938,1,7899,0
2496,W,7938,1,7899,0
2500,W,7938,1,7899,0
2504,W,7938,1,7899,0
2508,W,7938,1,7899,0
2512,W,7938,1,7899,0
2516,W,7938,1,7899,0
2520,W,7938,1,7899,0
2524,W,7938,1,7899,0
2528,W,7938,1,7899,0
2532,W,7938,1,7899,0
2536,W,7938,1,7899,0
2540,W,7938,1,7899,0
2544,W,7938,1,7899,0
2548,W,7938,1,7899,0
2552,W,7938,1,7899,0
2556,W,7938,1,7899,0
2048,R,7946,1,7935,0
2052,R,7946,1,7935,0
2056,R,7946,1,7935,0
2060,R,7946,1,7935,0
2064,R,7946,1,7935,0
2068,R,7946,1,7935,0
2072,R,7946,1,7935,0
2076,R,7946,1,7935,0
2080,R,7946,1,7935,0
2084,R,7946,1,7935,0
2088,R,7946,1,7935,0
2092,R,7946,1,7935,0
2096,R,7946,1,7935,0
2100,R,7946,1,7935,0
2104,R,7946,1,7935,0
2108,R,7946,1,7935,0
2112,R,7946,1,7935,0
2116,R,7946,1,7935,0
2120,R,7946,1,7935,0
2124,R,7946,1,7935,0
2128,R,7946,1,7935,0
2132,R,7946,1,7935,0
2136,R,7946,1,7935,0
2140,R,7946,1,7935,0
2144,R,7946,1,7935,0
2148,R,7946,1,7935,0
2152,R,7946,1,7935,0
2156,R,7946,1,7935,0
2160,R,7946,1,7935,0
2164,R,7946,1,7935,0
2168,R,7946,1,7935,0
2172,R,7946,1,7935,0
2176,R,7946,1,7935,0
2180,R,7946,1,7935,0
2184,R,7946,1,7935,0
2188,R,7946,1,7935,0
2192,R,7946,1,7935,0
2196,R,7946,1,7935,0
2200,R,7946,1,7935,0
2204,R,7946,1,7935,0
2208,R,7946,1,7935,0
2212,R,7946,1,7935,0
2216,R,7946,1,7935,0
2220,R,7946,1,7935,0
2224,R,7946,1,7935,0
2228,R,7946,1,7935,0
2232,R,7946,1,7935,0
2236,R,7946,1,7935,0
2240,R,7946,1,7935,0
2244,R,7946,1,7935,0
2248,R,7946,1,7935,0
2252,R,7946,1,7935,0
2256,R,7946,1,7935,0
2260,R,7946,1,7935,0
2264,R,7946,1,7935,0
2268,R,7946,1,7935,0
2272,R,7946,1,7935,0
2276,R,7946,1,7935,0
2280,R,7946,1,7935,0
2284,R,7946,1,7935,0
2288,R,7946,1,7935,0
2292,R,7946,1,7935,0
2296,R,7946,1,7935,0
2300,R,7946,1,7935,0
2048,W,7947,1,7941,0
2052,W,7947,1,7941,0
2056,W,7947,1,7941,0
2060,W,7947,1,7941,0
2064,W,7947,1,7941,0
2068,W,7947,1,7941,0
2072,W,7947,1,7941,0
2076,W,7947,1,7941,0
2080,W,7947,1,7941,0
2084,W,7947,1,7941,0
2088,W,7947,1,7941,0
2092,W,7947,1,7941,0
2096,W,7947,1,7941,0
2100,W,7947,1,7941,0
2104,W,7947,1,7941,0
2108,W,7947,1,7941,0
2112,W,7947,1,7941,0
2116,W,7947,1,7941,0
2120,W,7947,1,7941,0
2124,W,7947,1,7941,0
2128,W,7947,1,7941,0
2132,W,7947,1,7941,0
2136,W,7947,1,7941,0
2140,W,7947,1,7941,0
2144,W,7947,1,7941,0
2148,W,7947,1,7941,0
2152,W,7947,1,7941,0
2156,W,7947,1,7941,0
2160,W,7947,1,7941,0
2164,W,7947,1,7941,0
2168,W,7947,1,7941,0
2172,W,7947,1,7941,0
2176,W,7947,1,7941,0
2180,W,7947,1,7941,0
2184,W,7947,1,7941,0
2188,W,7947,1,7941,0
2192,W,7947,1,7941,0
2196,W,7947,1,7941,0
2200,W,7947,1,7941,0
2204,W,7947,1,7941,0
2208,W,7947,1,7941,0
2212,W,7947,1,7941,0
2216,W,7947,1,7941,0
2220,W,7947,1,7941,0
2224,W,7947,1,7941,0
2228,W,7947,1,7941,0
2232,W,7947,1,7941,0
2236,W,7947,1,7941,0
2240,W,7947,1,7941,0
2244,W,7947,1,7941,0
2248,W,7947,1,7941,0
2252,W,7947,1,7941,0
2256,W,7947,1,7941,0
2260,W,7947,1,7941,0
2264,W,7947,1,7941,0
2268,W,7947,1,7941,0
2272,W,7947,1,7941,0
2276,W,7947,1,7941,0
2280,W,7947,1,7941,0
2284,W,7947,1,7941,0
2288,W,7947,1,7941,0
2292,W,7947,1,7941,0
2296,W,7947,1,7941,0
2300,W,7947,1,7941,0
2304,R,7948,1,7943,0
2308,R,7948,1,7943,0
2312,R,7948,1,7943,0
2316,R,7948,1,7943,0
2320,R,7948,1,7943,0
2324,R,7948,1,7943,0
2328,R,7948,1,7943,0
2332,R,7948,1,7943,0
2336,R,7948,1,7943,0
2340,R,7948,1,7943,0
2344,R,7948,1,7943,0
2348,R,7948,1,7943,0
2352,R,7948,1,7943,0
2356,R,7948,1,7943,0
2360,R,7948,1,7943,0
2364,R,7948,1,7943,0
2368,R,7948,1,7943,0
2372,R,7948,1,7943,0
2376,R,7948,1,7943,0
2380,R,7948,1,7943,0
2384,R,7948,1,7943,0
2388,R,7948,1,7943,0
2392,R,7948,1,7943,0
2396,R,7948,1,7943,0
2400,R,7948,1,7943,0
2404,R,7948,1,7943,0
2408,R,7948,1,7943,0
2412,R,7948,1,7943,0
2416,R,7948,1,7943,0
2420,R,7948,1,7943,0
2424,R,7948,1,7943,0
2428,R,7948,1,7943,0
2432,R,7948,1,7943,0
2436,R,7948,1,7943,0
2440,R,7948,1,7943,0
2444,R,7948,1,7943,0
2448,R,7948,1,7943,0
2452,R,7948,1,7943,0
2456,R,7948,1,7943,0
2460,R,7948,1,7943,0
2464,R,7948,1,7943,0
2468,R,7948,1,7943,0
2472,R,7948,1,7943,0
2476,R,7948,1,7943,0
2480,R,7948,1,7943,0
2484,R,7948,1,7943,0
2488,R,7948,1,7943,0
2492,R,7948,1,7943,0
2496,R,7948,1,7943,0
2500,R,7948,1,7943,0
2504,R,7948,1,7943,0
2508,R,7948,1,7943,0
2512,R,7948,1,7943,0
2516,R,7948,1,7943,0
2520,R,7948,1,7943,0
2524,R,7948,1,7943,0
2528,R,7948,1,7943,0
2532,R,7948,1,7943,0
2536,R,7948,1,7943,0
2540,R,7948,1,7943,0
2544,R,7948,1,7943,0
2548,R,7948,1,7943,0
2552,R,7948,1,7943,0
2556,R,7948,1,7943,0
2304,W,7948,1,7947,0
2308,W,7948,1,7947,0
2312,W,7948,1,7947,0
2316,W,7948,1,7947,0
2320,W,7948,1,7947,0
2324,W,7948,1,7947,0
2328,W,7948,1,7947,0
2332,W,7948,1,7947,0
2336,W,7948,1,7947,0
2340,W,7948,1,7947,0
2344,W,7948,1,7947,0
2348,W,7948,1,7947,0
2352,W,7948,1,7947,0
2356,W,7948,1,7947,0
2360,W,7948,1,7947,0
2364,W,7948,1,7947,0
2368,W,7948,1,7947,0
2372,W,7948,1,7947,0
2376,W,7948,1,7947,0
2380,W,7948,1,7947,0
2384,W,7948,1,7947,0
2388,W,7948,1,7947,0
2392,W,7948,1,7947,0
2396,W,7948,1,7947,0
2400,W,7948,1,7947,0
2404,W,7948,1,7947,0
2408,W,7948,1,7947,0
2412,W,7948,1,7947,0
2416,W,7948,1,7947,0
2420,W,7948,1,7947,0
2424,W,7948,1,7947,0
2428,W,7948,1,7947,0
2432,W,7948,1,7947,0
2436,W,7948,1,7947,0
2440,W,7948,1,7947,0
2444,W,7948,1,7947,0
2448,W,7948,1,7947,0
2452,W,7948,1,7947,0
2456,W,7948,1,7947,0
2460,W,7948,1,7947,0
2464,W,7948,1,7947,0
2468,W,7948,1,7947,0
2472,W,7948,1,7947,0
2476,W,7948,1,7947,0
2480,W,7948,1,7947,0
2484,W,7948,1,7947,0
2488,W,7948,1,7947,0
2492,W,7948,1,7947,0
2496,W,7948,1,7947,0
2500,W,7948,1,7947,0
2504,W,7948,1,7947,0
2508,W,7948,1,7947,0
2512,W,7948,1,7947,0
2516,W,7948,1,7947,0
2520,W,7948,1,7947,0
2524,W,7948,1,7947,0
2528,W,7948,1,7947,0
2532,W,7948,1,7947,0
2536,W,7948,1,7947,0
2540,W,7948,1,7947,0
2544,W,7948,1,7947,0
2548,W,7948,1,7947,0
2552,W,7948,1,7947,0
2556,W,7948,1,7947,0
2048,R,7955,1,7985,0
2052,R,7955,1,7985,0
2056,R,7955,1,7985,0
2060,R,7955,1,7985,0
2064,R,7955,1,7985,0
2068,R,7955,1,7985,0
2072,R,7955,1,7985,0
2076,R,7955,1,7985,0
2080,R,7955,1,7985,0
2084,R,7955,1,7985,0
2088,R,7955,1,7985,0
2092,R,7955,1,7985,0
2096,R,7955,1,7985,0
2100,R,7955,1,7985,0
2104,R,7955,1,7985,0
2108,R,7955,1,7985,0
2112,R,7955,1,7985,0
2116,R,7955,1,7985,0
2120,R,7955,1,7985,0
2124,R,7955,1,7985,0
2128,R,7955,1,7985,0
2132,R,7955,1,7985,0
2136,R,7955,1,7985,0
2140,R,7955,1,7985,0
2144,R,7955,1,7985,0
2148,R,7955,1,7985,0
2152,R,7955,1,7985,0
2156,R,7955,1,7985,0
2160,R,7955,1,7985,0
2164,R,7955,1,7985,0
2168,R,7955,1,7985,0
2172,R,7955,1,7985,0
2176,R,7955,1,7985,0
2180,R,7955,1,7985,0
2184,R,7955,1,7985,0
2188,R,7955,1,7985,0
2192,R,7955,1,7985,0
2196,R,7955,1,7985,0
2200,R,7955,1,7985,0
2204,R,7955,1,7985,0
2208,R,7955,1,7985,0
2212,R,7955,1,7985,0
2216,R,7955,1,7985,0
2220,R,7955,1,7985,0
2224,R,7955,1,7985,0
2228,R,7955,1,7985,0
2232,R,7955,1,7985,0
2236,R,7955,1,7985,0
2240,R,7955,1,7985,0
2244,R,7955,1,7985,0
2248,R,7955,1,7985,0
2252,R,7955,1,7985,0
2256,R,7955,1,7985,0
2260,R,7955,1,7985,0
2264,R,7955,1,7985,0
2268,R,7955,1,7985,0
2272,R,7955,1,7985,0
2276,R,7955,1,7985,0
2280,R,7955,1,7985,0
2284,R,7955,1,7985,0
2288,R,7955,1,7985,0
2292,R,7955,1,7985,0
2296,R,7955,1,7985,0
2300,R,7955,1,7985,0
0,R,7955,1,7986,0
4,R,7955,1,7986,0
8,R,7955,1,7986,0
12,R,7955,1,7986,0
16,R,7955,1,7986,0
20,R,7955,1,7986,0
24,R,7955,1,7986,0
28,R,7955,1,7986,0
32,R,7955,1,7986,0
36,R,7955,1,7986,0
40,R,7955,1,7986,0
44,R,7955,1,7986,0
48,R,7955,1,7986,0
52,R,7955,1,7986,0
56,R,7955,1,7986,0
60,R,7955,1,7986,0
64,R,7955,1,7986,0
68,R,7955,1,7986,0
72,R,7955,1,7986,0
76,R,7955,1,7986,0
80,R,7955,1,7986,0
84,R,7955,1,7986,0
88,R,7955,1,7986,0
92,R,7955,1,7986,0
96,R,7955,1,7986,0
100,R,7955,1,7986,0
104,R,7955,1,7986,0
108,R,7955,1,7986,0
112,R,7955,1,7986,0
116,R,7955,1,7986,0
120,R,7955,1,7986,0
124,R,7955,1,7986,0
128,R,7955,1,7986,0
132,R,7955,1,7986,0
136,R,7955,1,7986,0
140,R,7955,1,7986,0
144,R,7955,1,7986,0
148,R,7955,1,7986,0
152,R,7955,1,7986,0
156,R,7955,1,7986,0
160,R,7955,1,7986,0
164,R,7955,1,7986,0
168,R,7955,1,7986,0
172,R,7955,1,7986,0
176,R,7955,1,7986,0
180,R,7955,1,7986,0
184,R,7955,1,7986,0
188,R,7955,1,7986,0
192,R,7955,1,7986,0
196,R,7955,1,7986,0
200,R,7955,1,7986,0
204,R,7955,1,7986,0
208,R,7955,1,7986,0
212,R,7955,1,7986,0
216,R,7955,1,7986,0
220,R,7955,1,7986,0
224,R,7955,1,7986,0
228,R,7955,1,7986,0
232,R,7955,1,7986,0
236,R,7955,1,7986,0
240,R,7955,1,7986,0
244,R,7955,1,7986,0
248,R,7955,1,7986,0
252,R,7955,1,7986,0
2048,W,7955,1,7989,0
2052,W,7955,1,7989,0
2056,W,7955,1,7989,0
2060,W,7955,1,7989,0
2064,W,7955,1,7989,0
2068,W,7955,1,7989,0
2072,W,7955,1,7989,0
2076,W,7955,1,7989,0
2080,W,7955,1,7989,0
2084,W,7955,1,7989,0
2088,W,7955,1,7989,0
2092,W,7955,1,7989,0
2096,W,7955,1,7989,0
2100,W,7955,1,7989,0
2104,W,7955,1,7989,0
2108,W,7955,1,7989,0
2112,W,7955,1,7989,0
2116,W,7955,1,7989,0
2120,W,7955,1,7989,0
2124,W,7955,1,7989,0
2128,W,7955,1,7989,0
2132,W,7955,1,7989,0
2136,W,7955,1,7989,0
2140,W,7955,1,7989,0
2144,W,7955,1,7989,0
2148,W,7955,1,7989,0
2152,W,7955,1,7989,0
2156,W,7955,1,7989,0
2160,W,7955,1,7989,0
2164,W,7955,1,7989,0
2168,W,7955,1,7989,0
2172,W,7955,1,7989,0
2176,W,7955,1,7989,0
2180,W,7955,1,7989,0
2184,W,7955,1,7989,0
2188,W,7955,1,7989,0
2192,W,7955,1,7989,0
2196,W,7955,1,7989,0
2200,W,7955,1,7989,0
2204,W,7955,1,7989,0
2208,W,7955,1,7989,0
2212,W,7955,1,7989,0
2216,W,7955,1,7989,0
2220,W,7955,1,7989,0
2224,W,7955,1,7989,0
2228,W,7955,1,7989,0
2232,W,7955,1,7989,0
2236,W,7955,1,7989,0
2240,W,7955,1,7989,0
2244,W,7955,1,7989,0
2248,W,7955,1,7989,0
2252,W,7955,1,7989,0
2256,W,7955,1,7989,0
2260,W,7955,1,7989,0
2264,W,7955,1,7989,0
2268,W,7955,1,7989,0
2272,W,7955,1,7989,0
2276,W,7955,1,7989,0
2280,W,7955,1,7989,0
2284,W,7955,1,7989,0
2288,W,7955,1,7989,0
2292,W,7955,1,7989,0
2296,W,7955,1,7989,0
2300,W,7955,1,7989,0
2304,R,7956,1,7991,0
2308,R,7956,1,7991,0
2312,R,7956,1,7991,0
2316,R,7956,1,7991,0
2320,R,7956,1,7991,0
2324,R,7956,1,7991,0
2328,R,7956,1,7991,0
2332,R,7956,1,7991,0
2336,R,7956,1,7991,0
2340,R,7956,1,7991,0
2344,R,7956,1,7991,0
2348,R,7956,1,7991,0
2352,R,7956,1,7991,0
2356,R,7956,1,7991,0
2360,R,7956,1,7991,0
2364,R,7956,1,7991,0
2368,R,7956,1,7991,0
2372,R,7956,1,7991,0
2376,R,7956,1,7991,0
2380,R,7956,1,7991,0
2384,R,7956,1,7991,0
2388,R,7956,1,7991,0
2392,R,7956,1,7991,0
2396,R,7956,1,7991,0
2400,R,7956,1,7991,0
2404,R,7956,1,7991,0
2408,R,7956,1,7991,0
2412,R,7956,1,7991,0
2416,R,7956,1,7991,0
2420,R,7956,1,7991,0
2424,R,7956,1,7991,0
2428,R,7956,1,7991,0
2432,R,7956,1,7991,0
2436,R,7956,1,7991,0
2440,R,7956,1,7991,0
2444,R,7956,1,7991,0
2448,R,7956,1,7991,0
2452,R,7956,1,7991,0
2456,R,7956,1,7991,0
2460,R,7956,1,7991,0
2464,R,7956,1,7991,0
2468,R,7956,1,7991,0
2472,R,7956,1,7991,0
2476,R,7956,1,7991,0
2480,R,7956,1,7991,0
2484,R,7956,1,7991,0
2488,R,7956,1,7991,0
2492,R,7956,1,7991,0
2496,R,7956,1,7991,0
2500,R,7956,1,7991,0
2504,R,7956,1,7991,0
2508,R,7956,1,7991,0
2512,R,7956,1,7991,0
2516,R,7956,1,7991,0
2520,R,7956,1,7991,0
2524,R,7956,1,7991,0
2528,R,7956,1,7991,0
2532,R,7956,1,7991,0
2536,R,7956,1,7991,0
2540,R,7956,1,7991,0
2544,R,7956,1,7991,0
2548,R,7956,1,7991,0
2552,R,7956,1,7991,0
2556,R,7956,1,7991,0
256,R,7956,1,7992,0
260,R,7956,1,7992,0
264,R,7956,1,7992,0
268,R,7956,1,7992,0
272,R,7956,1,7992,0
276,R,7956,1,7992,0
280,R,7956,1,7992,0
284,R,7956,1,7992,0
288,R,7956,1,7992,0
292,R,7956,1,7992,0
296,R,7956,1,7992,0
300,R,7956,1,7992,0
304,R,7956,1,7992,0
308,R,7956,1,7992,0
312,R,7956,1,7992,0
316,R,7956,1,7992,0
320,R,7956,1,7992,0
324,R,7956,1,7992,0
328,R,7956,1,7992,0
332,R,7956,1,7992,0
336,R,7956,1,7992,0
340,R,7956,1,7992,0
344,R,7956,1,7992,0
348,R,7956,1,7992,0
352,R,7956,1,7992,0
356,R,7956,1,7992,0
360,R,7956,1,7992,0
364,R,7956,1,7992,0
368,R,7956,1,7992,0
372,R,7956,1,7992,0
376,R,7956,1,7992,0
380,R,7956,1,7992,0
384,R,7956,1,7992,0
388,R,7956,1,7992,0
392,R,7956,1,7992,0
396,R,7956,1,7992,0
400,R,7956,1,7992,0
404,R,7956,1,7992,0
408,R,7956,1,7992,0
412,R,7956,1,7992,0
416,R,7956,1,7992,0
420,R,7956,1,7992,0
424,R,7956,1,7992,0
428,R,7956,1,7992,0
432,R,7956,1,7992,0
436,R,7956,1,7992,0
440,R,7956,1,7992,0
444,R,7956,1,7992,0
448,R,7956,1,7992,0
452,R,7956,1,7992,0
456,R,7956,1,7992,0
460,R,7956,1,7992,0
464,R,7956,1,7992,0
468,R,7956,1,7992,0
472,R,7956,1,7992,0
476,R,7956,1,7992,0
480,R,7956,1,7992,0
484,R,7956,1,7992,0
488,R,7956,1,7992,0
492,R,7956,1,7992,0
496,R,7956,1,7992,0
500,R,7956,1,7992,0
504,R,7956,1,7992,0
508,R,7956,1,7992,0
2304,W,7956,1,7995,0
2308,W,7956,1,7995,0
2312,W,7956,1,7995,0
2316,W,7956,1,7995,0
2320,W,7956,1,7995,0
2324,W,7956,1,7995,0
2328,W,7956,1,7995,0
2332,W,7956,1,7995,0
2336,W,7956,1,7995,0
2340,W,7956,1,7995,0
2344,W,7956,1,7995,0
2348,W,7956,1,7995,0
2352,W,7956,1,7995,0
2356,W,7956,1,7995,0
2360,W,7956,1,7995,0
2364,W,7956,1,7995,0
2368,W,7956,1,7995,0
2372,W,7956,1,7995,0
2376,W,7956,1,7995,0
2380,W,7956,1,7995,0
2384,W,7956,1,7995,0
2388,W,7956,1,7995,0
2392,W,7956,1,7995,0
2396,W,7956,1,7995,0
2400,W,7956,1,7995,0
2404,W,7956,1,7995,0
2408,W,7956,1,7995,0
2412,W,7956,1,7995,0
2416,W,7956,1,7995,0
2420,W,7956,1,7995,0
2424,W,7956,1,7995,0
2428,W,7956,1,7995,0
2432,W,7956,1,7995,0
2436,W,7956,1,7995,0
2440,W,7956,1,7995,0
2444,W,7956,1,7995,0
2448,W,7956,1,7995,0
2452,W,7956,1,7995,0
2456,W,7956,1,7995,0
2460,W,7956,1,7995,0
2464,W,7956,1,7995,0
2468,W,7956,1,7995,0
2472,W,7956,1,7995,0
2476,W,7956,1,7995,0
2480,W,7956,1,7995,0
2484,W,7956,1,7995,0
2488,W,7956,1,7995,0
2492,W,7956,1,7995,0
2496,W,7956,1,7995,0
2500,W,7956,1,7995,0
2504,W,7956,1,7995,0
2508,W,7956,1,7995,0
2512,W,7956,1,7995,0
2516,W,7956,1,7995,0
2520,W,7956,1,7995,0
2524,W,7956,1,7995,0
2528,W,7956,1,7995,0
2532,W,7956,1,7995,0
2536,W,7956,1,7995,0
2540,W,7956,1,7995,0
2544,W,7956,1,7995,0
2548,W,7956,1,7995,0
2552,W,7956,1,7995,0
2556,W,7956,1,7995,0
2048,R,7963,1,8020,0
2052,R,7963,1,8020,0
2056,R,7963,1,8020,0
2060,R,7963,1,8020,0
2064,R,7963,1,8020,0
2068,R,7963,1,8020,0
2072,R,7963,1,8020,0
2076,R,7963,1,8020,0
2080,R,7963,1,8020,0
2084,R,7963,1,8020,0
2088,R,7963,1,8020,0
2092,R,7963,1,8020,0
2096,R,7963,1,8020,0
2100,R,7963,1,8020,0
2104,R,7963,1,8020,0
2108,R,7963,1,8020,0
2112,R,7963,1,8020,0
2116,R,7963,1,8020,0
2120,R,7963,1,8020,0
2124,R,7963,1,8020,0
2128,R,7963,1,8020,0
2132,R,7963,1,8020,0
2136,R,7963,1,8020,0
2140,R,7963,1,8020,0
2144,R,7963,1,8020,0
2148,R,7963,1,8020,0
2152,R,7963,1,8020,0
2156,R,7963,1,8020,0
2160,R,7963,1,8020,0
2164,R,7963,1,8020,0
2168,R,7963,1,8020,0
2172,R,7963,1,8020,0
2176,R,7963,1,8020,0
2180,R,7963,1,8020,0
2184,R,7963,1,8020,0
2188,R,7963,1,8020,0
2192,R,7963,1,8020,0
2196,R,7963,1,8020,0
2200,R,7963,1,8020,0
2204,R,7963,1,8020,0
2208,R,7963,1,8020,0
2212,R,7963,1,8020,0
2216,R,7963,1,8020,0
2220,R,7963,1,8020,0
2224,R,7963,1,8020,0
2228,R,7963,1,8020,0
2232,R,7963,1,8020,0
2236,R,7963,1,8020,0
2240,R,7963,1,8020,0
2244,R,7963,1,8020,0
2248,R,7963,1,8020,0
2252,R,7963,1,8020,0
2256,R,7963,1,8020,0
2260,R,7963,1,8020,0
2264,R,7963,1,8020,0
2268,R,7963,1,8020,0
2272,R,7963,1,8020,0
2276,R,7963,1,8020,0
2280,R,7963,1,8020,0
2284,R,7963,1,8020,0
2288,R,7963,1,8020,0
2292,R,7963,1,8020,0
2296,R,7963,1,8020,0
2300,R,7963,1,8020,0
2048,W,7963,1,8024,0
2052,W,7963,1,8024,0
2056,W,7963,1,8024,0
2060,W,7963,1,8024,0
2064,W,7963,1,8024,0
2068,W,7963,1,8024,0
2072,W,7963,1,8024,0
2076,W,7963,1,8024,0
2080,W,7963,1,8024,0
2084,W,7963,1,8024,0
2088,W,7963,1,8024,0
2092,W,7963,1,8024,0
2096,W,7963,1,8024,0
2100,W,7963,1,8024,0
2104,W,7963,1,8024,0
2108,W,7963,1,8024,0
2112,W,7963,1,8024,0
2116,W,7963,1,8024,0
2120,W,7963,1,8024,0
2124,W,7963,1,8024,0
2128,W,7963,1,8024,0
2132,W,7963,1,8024,0
2136,W,7963,1,8024,0
2140,W,7963,1,8024,0
2144,W,7963,1,8024,0
2148,W,7963,1,8024,0
2152,W,7963,1,8024,0
2156,W,7963,1,8024,0
2160,W,7963,1,8024,0
2164,W,7963,1,8024,0
2168,W,7963,1,8024,0
2172,W,7963,1,8024,0
2176,W,7963,1,8024,0
2180,W,7963,1,8024,0
2184,W,7963,1,8024,0
2188,W,7963,1,8024,0
2192,W,7963,1,8024,0
2196,W,7963,1,8024,0
2200,W,7963,1,8024,0
2204,W,7963,1,8024,0
2208,W,7963,1,8024,0
2212,W,7963,1,8024,0
2216,W,7963,1,8024,0
2220,W,7963,1,8024,0
2224,W,7963,1,8024,0
2228,W,7963,1,8024,0
2232,W,7963,1,8024,0
2236,W,7963,1,8024,0
2240,W,7963,1,8024,0
2244,W,7963,1,8024,0
2248,W,7963,1,8024,0
2252,W,7963,1,8024,0
2256,W,7963,1,8024,0
2260,W,7963,1,8024,0
2264,W,7963,1,8024,0
2268,W,7963,1,8024,0
2272,W,7963,1,8024,0
2276,W,7963,1,8024,0
2280,W,7963,1,8024,0
2284,W,7963,1,8024,0
2288,W,7963,1,8024,0
2292,W,7963,1,8024,0
2296,W,7963,1,8024,0
2300,W,7963,1,8024,0
2304,R,7964,1,8034,0
2308,R,7964,1,8034,0
2312,R,7964,1,8034,0
2316,R,7964,1,8034,0
2320,R,7964,1,8034,0
2324,R,7964,1,8034,0
2328,R,7964,1,8034,0
2332,R,7964,1,8034,0
2336,R,7964,1,8034,0
2340,R,7964,1,8034,0
2344,R,7964,1,8034,0
2348,R,7964,1,8034,0
2352,R,7964,1,8034,0
2356,R,7964,1,8034,0
2360,R,7964,1,8034,0
2364,R,7964,1,8034,0
2368,R,7964,1,8034,0
2372,R,7964,1,8034,0
2376,R,7964,1,8034,0
2380,R,7964,1,8034,0
2384,R,7964,1,8034,0
2388,R,7964,1,8034,0
2392,R,7964,1,8034,0
2396,R,7964,1,8034,0
2400,R,7964,1,8034,0
2404,R,7964,1,8034,0
2408,R,7964,1,8034,0
2412,R,7964,1,8034,0
2416,R,7964,1,8034,0
2420,R,7964,1,8034,0
2424,R,7964,1,8034,0
2428,R,7964,1,8034,0
2432,R,7964,1,8034,0
2436,R,7964,1,8034,0
2440,R,7964,1,8034,0
2444,R,7964,1,8034,0
2448,R,7964,1,8034,0
2452,R,7964,1,8034,0
2456,R,7964,1,8034,0
2460,R,7964,1,8034,0
2464,R,7964,1,8034,0
2468,R,7964,1,8034,0
2472,R,7964,1,8034,0
2476,R,7964,1,8034,0
2480,R,7964,1,8034,0
2484,R,7964,1,8034,0
2488,R,7964,1,8034,0
2492,R,7964,1,8034,0
2496,R,7964,1,8034,0
2500,R,7964,1,8034,0
2504,R,7964,1,8034,0
2508,R,7964,1,8034,0
2512,R,7964,1,8034,0
2516,R,7964,1,8034,0
2520,R,7964,1,8034,0
2524,R,7964,1,8034,0
2528,R,7964,1,8034,0
2532,R,7964,1,8034,0
2536,R,7964,1,8034,0
2540,R,7964,1,8034,0
2544,R,7964,1,8034,0
2548,R,7964,1,8034,0
2552,R,7964,1,8034,0
2556,R,7964,1,8034,0
2304,W,7964,1,8038,0
2308,W,7964,1,8038,0
2312,W,7964,1,8038,0
2316,W,7964,1,8038,0
2320,W,7964,1,8038,0
2324,W,7964,1,8038,0
2328,W,7964,1,8038,0
2332,W,7964,1,8038,0
2336,W,7964,1,8038,0
2340,W,7964,1,8038,0
2344,W,7964,1,8038,0
2348,W,7964,1,8038,0
2352,W,7964,1,8038,0
2356,W,7964,1,8038,0
2360,W,7964,1,8038,0
2364,W,7964,1,8038,0
2368,W,7964,1,8038,0
2372,W,7964,1,8038,0
2376,W,7964,1,8038,0
2380,W,7964,1,8038,0
2384,W,7964,1,8038,0
2388,W,7964,1,8038,0
2392,W,7964,1,8038,0
2396,W,7964,1,8038,0
2400,W,7964,1,8038,0
2404,W,7964,1,8038,0
2408,W,7964,1,8038,0
2412,W,7964,1,8038,0
2416,W,7964,1,8038,0
2420,W,7964,1,8038,0
2424,W,7964,1,8038,0
2428,W,7964,1,8038,0
2432,W,7964,1,8038,0
2436,W,7964,1,8038,0
2440,W,7964,1,8038,0
2444,W,7964,1,8038,0
2448,W,7964,1,8038,0
2452,W,7964,1,8038,0
2456,W,7964,1,8038,0
2460,W,7964,1,8038,0
2464,W,7964,1,8038,0
2468,W,7964,1,8038,0
2472,W,7964,1,8038,0
2476,W,7964,1,8038,0
2480,W,7964,1,8038,0
2484,W,7964,1,8038,0
2488,W,7964,1,8038,0
2492,W,7964,1,8038,0
2496,W,7964,1,8038,0
2500,W,7964,1,8038,0
2504,W,7964,1,8038,0
2508,W,7964,1,8038,0
2512,W,7964,1,8038,0
2516,W,7964,1,8038,0
2520,W,7964,1,8038,0
2524,W,7964,1,8038,0
2528,W,7964,1,8038,0
2532,W,7964,1,8038,0
2536,W,7964,1,8038,0
2540,W,7964,1,8038,0
2544,W,7964,1,8038,0
2548,W,7964,1,8038,0
2552,W,7964,1,8038,0
2556,W,7964,1,8038,0
0,R,7971,1,8057,0
4,R,7971,1,8057,0
8,R,7971,1,8057,0
12,R,7971,1,8057,0
16,R,7971,1,8057,0
20,R,7971,1,8057,0
24,R,7971,1,8057,0
28,R,7971,1,8057,0
32,R,7971,1,8057,0
36,R,7971,1,8057,0
40,R,7971,1,8057,0
44,R,7971,1,8057,0
48,R,7971,1,8057,0
52,R,7971,1,8057,0
56,R,7971,1,8057,0
60,R,7971,1,8057,0
64,R,7971,1,8057,0
68,R,7971,1,8057,0
72,R,7971,1,8057,0
76,R,7971,1,8057,0
80,R,7971,1,8057,0
84,R,7971,1,8057,0
88,R,7971,1,8057,0
92,R,7971,1,8057,0
96,R,7971,1,8057,0
100,R,7971,1,8057,0
104,R,7971,1,8057,0
108,R,7971,1,8057,0
112,R,7971,1,8057,0
116,R,7971,1,8057,0
120,R,7971,1,8057,0
124,R,7971,1,8057,0
128,R,7971,1,8057,0
132,R,7971,1,8057,0
136,R,7971,1,8057,0
140,R,7971,1,8057,0
144,R,7971,1,8057,0
148,R,7971,1,8057,0
152,R,7971,1,8057,0
156,R,7971,1,8057,0
160,R,7971,1,8057,0
164,R,7971,1,8057,0
168,R,7971,1,8057,0
172,R,7971,1,8057,0
176,R,7971,1,8057,0
180,R,7971,1,8057,0
184,R,7971,1,8057,0
188,R,7971,1,8057,0
192,R,7971,1,8057,0
196,R,7971,1,8057,0
200,R,7971,1,8057,0
204,R,7971,1,8057,0
208,R,7971,1,8057,0
212,R,7971,1,8057,0
216,R,7971,1,8057,0
220,R,7971,1,8057,0
224,R,7971,1,8057,0
228,R,7971,1,8057,0
232,R,7971,1,8057,0
236,R,7971,1,8057,0
240,R,7971,1,8057,0
244,R,7971,1,8057,0
248,R,7971,1,8057,0
252,R,7971,1,8057,0
2048,R,7971,1,8058,0
2052,R,7971,1,8058,0
2056,R,7971,1,8058,0
2060,R,7971,1,8058,0
2064,R,7971,1,8058,0
2068,R,7971,1,8058,0
2072,R,7971,1,8058,0
2076,R,7971,1,8058,0
2080,R,7971,1,8058,0
2084,R,7971,1,8058,0
2088,R,7971,1,8058,0
2092,R,7971,1,8058,0
2096,R,7971,1,8058,0
2100,R,7971,1,8058,0
2104,R,7971,1,8058,0
2108,R,7971,1,8058,0
2112,R,7971,1,8058,0
2116,R,7971,1,8058,0
2120,R,7971,1,8058,0
2124,R,7971,1,8058,0
2128,R,7971,1,8058,0
2132,R,7971,1,8058,0
2136,R,7971,1,8058,0
2140,R,7971,1,8058,0
2144,R,7971,1,8058,0
2148,R,7971,1,8058,0
2152,R,7971,1,8058,0
2156,R,7971,1,8058,0
2160,R,7971,1,8058,0
2164,R,7971,1,8058,0
2168,R,7971,1,8058,0
2172,R,7971,1,8058,0
2176,R,7971,1,8058,0
2180,R,7971,1,8058,0
2184,R,7971,1,8058,0
2188,R,7971,1,8058,0
2192,R,7971,1,8058,0
2196,R,7971,1,8058,0
2200,R,7971,1,8058,0
2204,R,7971,1,8058,0
2208,R,7971,1,8058,0
2212,R,7971,1,8058,0
2216,R,7971,1,8058,0
2220,R,7971,1,8058,0
2224,R,7971,1,8058,0
2228,R,7971,1,8058,0
2232,R,7971,1,8058,0
2236,R,7971,1,8058,0
2240,R,7971,1,8058,0
2244,R,7971,1,8058,0
2248,R,7971,1,8058,0
2252,R,7971,1,8058,0
2256,R,7971,1,8058,0
2260,R,7971,1,8058,0
2264,R,7971,1,8058,0
2268,R,7971,1,8058,0
2272,R,7971,1,8058,0
2276,R,7971,1,8058,0
2280,R,7971,1,8058,0
2284,R,7971,1,8058,0
2288,R,7971,1,8058,0
2292,R,7971,1,8058,0
2296,R,7971,1,8058,0
2300,R,7971,1,8058,0
2048,W,7971,1,8061,0
2052,W,7971,1,8061,0
2056,W,7971,1,8061,0
2060,W,7971,1,8061,0
2064,W,7971,1,8061,0
2068,W,7971,1,8061,0
2072,W,7971,1,8061,0
2076,W,7971,1,8061,0
2080,W,7971,1,8061,0
2084,W,7971,1,8061,0
2088,W,7971,1,8061,0
2092,W,7971,1,8061,0
2096,W,7971,1,8061,0
2100,W,7971,1,8061,0
2104,W,7971,1,8061,0
2108,W,7971,1,8061,0
2112,W,7971,1,8061,0
2116,W,7971,1,8061,0
2120,W,7971,1,8061,0
2124,W,7971,1,8061,0
2128,W,7971,1,8061,0
2132,W,7971,1,8061,0
2136,W,7971,1,8061,0
2140,W,7971,1,8061,0
2144,W,7971,1,8061,0
2148,W,7971,1,8061,0
2152,W,7971,1,8061,0
2156,W,7971,1,8061,0
2160,W,7971,1,8061,0
2164,W,7971,1,8061,0
2168,W,7971,1,8061,0
2172,W,7971,1,8061,0
2176,W,7971,1,8061,0
2180,W,7971,1,8061,0
2184,W,7971,1,8061,0
2188,W,7971,1,8061,0
2192,W,7971,1,8061,0
2196,W,7971,1,8061,0
2200,W,7971,1,8061,0
2204,W,7971,1,8061,0
2208,W,7971,1,8061,0
2212,W,7971,1,8061,0
2216,W,7971,1,8061,0
2220,W,7971,1,8061,0
2224,W,7971,1,8061,0
2228,W,7971,1,8061,0
2232,W,7971,1,8061,0
2236,W,7971,1,8061,0
2240,W,7971,1,8061,0
2244,W,7971,1,8061,0
2248,W,7971,1,8061,0
2252,W,7971,1,8061,0
2256,W,7971,1,8061,0
2260,W,7971,1,8061,0
2264,W,7971,1,8061,0
2268,W,7971,1,8061,0
2272,W,7971,1,8061,0
2276,W,7971,1,8061,0
2280,W,7971,1,8061,0
2284,W,7971,1,8061,0
2288,W,7971,1,8061,0
2292,W,7971,1,8061,0
2296,W,7971,1,8061,0
2300,W,7971,1,8061,0
256,R,7972,1,8063,0
260,R,7972,1,8063,0
264,R,7972,1,8063,0
268,R,7972,1,8063,0
272,R,7972,1,8063,0
276,R,7972,1,8063,0
280,R,7972,1,8063,0
284,R,7972,1,8063,0
288,R,7972,1,8063,0
292,R,7972,1,8063,0
296,R,7972,1,8063,0
300,R,7972,1,8063,0
304,R,7972,1,8063,0
308,R,7972,1,8063,0
312,R,7972,1,8063,0
316,R,7972,1,8063,0
320,R,7972,1,8063,0
324,R,7972,1,8063,0
328,R,7972,1,8063,0
332,R,7972,1,8063,0
336,R,7972,1,8063,0
340,R,7972,1,8063,0
344,R,7972,1,8063,0
348,R,7972,1,8063,0
352,R,7972,1,8063,0
356,R,7972,1,8063,0
360,R,7972,1,8063,0
364,R,7972,1,8063,0
368,R,7972,1,8063,0
372,R,7972,1,8063,0
376,R,7972,1,8063,0
380,R,7972,1,8063,0
384,R,7972,1,8063,0
388,R,7972,1,8063,0
392,R,7972,1,8063,0
396,R,7972,1,8063,0
400,R,7972,1,8063,0
404,R,7972,1,8063,0
408,R,7972,1,8063,0
412,R,7972,1,8063,0
416,R,7972,1,8063,0
420,R,7972,1,8063,0
424,R,7972,1,8063,0
428,R,7972,1,8063,0
432,R,7972,1,8063,0
436,R,7972,1,8063,0
440,R,7972,1,8063,0
444,R,7972,1,8063,0
448,R,7972,1,8063,0
452,R,7972,1,8063,0
456,R,7972,1,8063,0
460,R,7972,1,8063,0
464,R,7972,1,8063,0
468,R,7972,1,8063,0
472,R,7972,1,8063,0
476,R,7972,1,8063,0
480,R,7972,1,8063,0
484,R,7972,1,8063,0
488,R,7972,1,8063,0
492,R,7972,1,8063,0
496,R,7972,1,8063,0
500,R,7972,1,8063,0
504,R,7972,1,8063,0
508,R,7972,1,8063,0
2304,R,7972,1,8064,0
2308,R,7972,1,8064,0
2312,R,7972,1,8064,0
2316,R,7972,1,8064,0
2320,R,7972,1,8064,0
2324,R,7972,1,8064,0
2328,R,7972,1,8064,0
2332,R,7972,1,8064,0
2336,R,7972,1,8064,0
2340,R,7972,1,8064,0
2344,R,7972,1,8064,0
2348,R,7972,1,8064,0
2352,R,7972,1,8064,0
2356,R,7972,1,8064,0
2360,R,7972,1,8064,0
2364,R,7972,1,8064,0
2368,R,7972,1,8064,0
2372,R,7972,1,8064,0
2376,R,7972,1,8064,0
2380,R,7972,1,8064,0
2384,R,7972,1,8064,0
2388,R,7972,1,8064,0
2392,R,7972,1,8064,0
2396,R,7972,1,8064,0
2400,R,7972,1,8064,0
2404,R,7972,1,8064,0
2408,R,7972,1,8064,0
2412,R,7972,1,8064,0
2416,R,7972,1,8064,0
2420,R,7972,1,8064,0
2424,R,7972,1,8064,0
2428,R,7972,1,8064,0
2432,R,7972,1,8064,0
2436,R,7972,1,8064,0
2440,R,7972,1,8064,0
2444,R,7972,1,8064,0
2448,R,7972,1,8064,0
2452,R,7972,1,8064,0
2456,R,7972,1,8064,0
2460,R,7972,1,8064,0
2464,R,7972,1,8064,0
2468,R,7972,1,8064,0
2472,R,7972,1,8064,0
2476,R,7972,1,8064,0
2480,R,7972,1,8064,0
2484,R,7972,1,8064,0
2488,R,7972,1,8064,0
2492,R,7972,1,8064,0
2496,R,7972,1,8064,0
2500,R,7972,1,8064,0
2504,R,7972,1,8064,0
2508,R,7972,1,8064,0
2512,R,7972,1,8064,0
2516,R,7972,1,8064,0
2520,R,7972,1,8064,0
2524,R,7972,1,8064,0
2528,R,7972,1,8064,0
2532,R,7972,1,8064,0
2536,R,7972,1,8064,0
2540,R,7972,1,8064,0
2544,R,7972,1,8064,0
2548,R,7972,1,8064,0
2552,R,7972,1,8064,0
2556,R,7972,1,8064,0
2304,W,7972,1,8067,0
2308,W,7972,1,8067,0
2312,W,7972,1,8067,0
2316,W,7972,1,8067,0
2320,W,7972,1,8067,0
2324,W,7972,1,8067,0
2328,W,7972,1,8067,0
2332,W,7972,1,8067,0
2336,W,7972,1,8067,0
2340,W,7972,1,8067,0
2344,W,7972,1,8067,0
2348,W,7972,1,8067,0
2352,W,7972,1,8067,0
2356,W,7972,1,8067,0
2360,W,7972,1,8067,0
2364,W,7972,1,8067,0
2368,W,7972,1,8067,0
2372,W,7972,1,8067,0
2376,W,7972,1,8067,0
2380,W,7972,1,8067,0
2384,W,7972,1,8067,0
2388,W,7972,1,8067,0
2392,W,7972,1,8067,0
2396,W,7972,1,8067,0
2400,W,7972,1,8067,0
2404,W,7972,1,8067,0
2408,W,7972,1,8067,0
2412,W,7972,1,8067,0
2416,W,7972,1,8067,0
2420,W,7972,1,8067,0
2424,W,7972,1,8067,0
2428,W,7972,1,8067,0
2432,W,7972,1,8067,0
2436,W,7972,1,8067,0
2440,W,7972,1,8067,0
2444,W,7972,1,8067,0
2448,W,7972,1,8067,0
2452,W,7972,1,8067,0
2456,W,7972,1,8067,0
2460,W,7972,1,8067,0
2464,W,7972,1,8067,0
2468,W,7972,1,8067,0
2472,W,7972,1,8067,0
2476,W,7972,1,8067,0
2480,W,7972,1,8067,0
2484,W,7972,1,8067,0
2488,W,7972,1,8067,0
2492,W,7972,1,8067,0
2496,W,7972,1,8067,0
2500,W,7972,1,8067,0
2504,W,7972,1,8067,0
2508,W,7972,1,8067,0
2512,W,7972,1,8067,0
2516,W,7972,1,8067,0
2520,W,7972,1,8067,0
2524,W,7972,1,8067,0
2528,W,7972,1,8067,0
2532,W,7972,1,8067,0
2536,W,7972,1,8067,0
2540,W,7972,1,8067,0
2544,W,7972,1,8067,0
2548,W,7972,1,8067,0
2552,W,7972,1,8067,0
2556,W,7972,1,8067,0
0,R,7995,1,8152,0
4,R,7995,1,8152,0
8,R,7995,1,8152,0
12,R,7995,1,8152,0
16,R,7995,1,8152,0
20,R,7995,1,8152,0
24,R,7995,1,8152,0
28,R,7995,1,8152,0
32,R,7995,1,8152,0
36,R,7995,1,8152,0
40,R,7995,1,8152,0
44,R,7995,1,8152,0
48,R,7995,1,8152,0
52,R,7995,1,8152,0
56,R,7995,1,8152,0
60,R,7995,1,8152,0
64,R,7995,1,8152,0
68,R,7995,1,8152,0
72,R,7995,1,8152,0
76,R,7995,1,8152,0
80,R,7995,1,8152,0
84,R,7995,1,8152,0
88,R,7995,1,8152,0
92,R,7995,1,8152,0
96,R,7995,1,8152,0
100,R,7995,1,8152,0
104,R,7995,1,8152,0
108,R,7995,1,8152,0
112,R,7995,1,8152,0
116,R,7995,1,8152,0
120,R,7995,1,8152,0
124,R,7995,1,8152,0
128,R,7995,1,8152,0
132,R,7995,1,8152,0
136,R,7995,1,8152,0
140,R,7995,1,8152,0
144,R,7995,1,8152,0
148,R,7995,1,8152,0
152,R,7995,1,8152,0
156,R,7995,1,8152,0
160,R,7995,1,8152,0
164,R,7995,1,8152,0
168,R,7995,1,8152,0
172,R,7995,1,8152,0
176,R,7995,1,8152,0
180,R,7995,1,8152,0
184,R,7995,1,8152,0
188,R,7995,1,8152,0
192,R,7995,1,8152,0
196,R,7995,1,8152,0
200,R,7995,1,8152,0
204,R,7995,1,8152,0
208,R,7995,1,8152,0
212,R,7995,1,8152,0
216,R,7995,1,8152,0
220,R,7995,1,8152,0
224,R,7995,1,8152,0
228,R,7995,1,8152,0
232,R,7995,1,8152,0
236,R,7995,1,8152,0
240,R,7995,1,8152,0
244,R,7995,1,8152,0
248,R,7995,1,8152,0
252,R,7995,1,8152,0
2048,R,7995,1,8153,0
2052,R,7995,1,8153,0
2056,R,7995,1,8153,0
2060,R,7995,1,8153,0
2064,R,7995,1,8153,0
2068,R,7995,1,8153,0
2072,R,7995,1,8153,0
2076,R,7995,1,8153,0
2080,R,7995,1,8153,0
2084,R,7995,1,8153,0
2088,R,7995,1,8153,0
2092,R,7995,1,8153,0
2096,R,7995,1,8153,0
2100,R,7995,1,8153,0
2104,R,7995,1,8153,0
2108,R,7995,1,8153,0
2112,R,7995,1,8153,0
2116,R,7995,1,8153,0
2120,R,7995,1,8153,0
2124,R,7995,1,8153,0
2128,R,7995,1,8153,0
2132,R,7995,1,8153,0
2136,R,7995,1,8153,0
2140,R,7995,1,8153,0
2144,R,7995,1,8153,0
2148,R,7995,1,8153,0
2152,R,7995,1,8153,0
2156,R,7995,1,8153,0
2160,R,7995,1,8153,0
2164,R,7995,1,8153,0
2168,R,7995,1,8153,0
2172,R,7995,1,8153,0
2176,R,7995,1,8153,0
2180,R,7995,1,8153,0
2184,R,7995,1,8153,0
2188,R,7995,1,8153,0
2192,R,7995,1,8153,0
2196,R,7995,1,8153,0
2200,R,7995,1,8153,0
2204,R,7995,1,8153,0
2208,R,7995,1,8153,0
2212,R,7995,1,8153,0
2216,R,7995,1,8153,0
2220,R,7995,1,8153,0
2224,R,7995,1,8153,0
2228,R,7995,1,8153,0
2232,R,7995,1,8153,0
2236,R,7995,1,8153,0
2240,R,7995,1,8153,0
2244,R,7995,1,8153,0
2248,R,7995,1,8153,0
2252,R,7995,1,8153,0
2256,R,7995,1,8153,0
2260,R,7995,1,8153,0
2264,R,7995,1,8153,0
2268,R,7995,1,8153,0
2272,R,7995,1,8153,0
2276,R,7995,1,8153,0
2280,R,7995,1,8153,0
2284,R,7995,1,8153,0
2288,R,7995,1,8153,0
2292,R,7995,1,8153,0
2296,R,7995,1,8153,0
2300,R,7995,1,8153,0
1024,W,7995,1,8156,0
1028,W,7995,1,8156,0
1032,W,7995,1,8156,0
1036,W,7995,1,8156,0
1040,W,7995,1,8156,0
1044,W,7995,1,8156,0
1048,W,7995,1,8156,0
1052,W,7995,1,8156,0
1056,W,7995,1,8156,0
1060,W,7995,1,8156,0
1064,W,7995,1,8156,0
1068,W,7995,1,8156,0
1072,W,7995,1,8156,0
1076,W,7995,1,8156,0
1080,W,7995,1,8156,0
1084,W,7995,1,8156,0
1088,W,7995,1,8156,0
1092,W,7995,1,8156,0
1096,W,7995,1,8156,0
1100,W,7995,1,8156,0
1104,W,7995,1,8156,0
1108,W,7995,1,8156,0
1112,W,7995,1,8156,0
1116,W,7995,1,8156,0
1120,W,7995,1,8156,0
1124,W,7995,1,8156,0
1128,W,7995,1,8156,0
1132,W,7995,1,8156,0
1136,W,7995,1,8156,0
1140,W,7995,1,8156,0
1144,W,7995,1,8156,0
1148,W,7995,1,8156,0
1152,W,7995,1,8156,0
1156,W,7995,1,8156,0
1160,W,7995,1,8156,0
1164,W,7995,1,8156,0
1168,W,7995,1,8156,0
1172,W,7995,1,8156,0
1176,W,7995,1,8156,0
1180,W,7995,1,8156,0
1184,W,7995,1,8156,0
1188,W,7995,1,8156,0
1192,W,7995,1,8156,0
1196,W,7995,1,8156,0
1200,W,7995,1,8156,0
1204,W,7995,1,8156,0
1208,W,7995,1,8156,0
1212,W,7995,1,8156,0
1216,W,7995,1,8156,0
1220,W,7995,1,8156,0
1224,W,7995,1,8156,0
1228,W,7995,1,8156,0
1232,W,7995,1,8156,0
1236,W,7995,1,8156,0
1240,W,7995,1,8156,0
1244,W,7995,1,8156,0
1248,W,7995,1,8156,0
1252,W,7995,1,8156,0
1256,W,7995,1,8156,0
1260,W,7995,1,8156,0
1264,W,7995,1,8156,0
1268,W,7995,1,8156,0
1272,W,7995,1,8156,0
1276,W,7995,1,8156,0
256,R,7996,1,8162,0
260,R,7996,1,8162,0
264,R,7996,1,8162,0
268,R,7996,1,8162,0
272,R,7996,1,8162,0
276,R,7996,1,8162,0
280,R,7996,1,8162,0
284,R,7996,1,8162,0
288,R,7996,1,8162,0
292,R,7996,1,8162,0
296,R,7996,1,8162,0
300,R,7996,1,8162,0
304,R,7996,1,8162,0
308,R,7996,1,8162,0
312,R,7996,1,8162,0
316,R,7996,1,8162,0
320,R,7996,1,8162,0
324,R,7996,1,8162,0
328,R,7996,1,8162,0
332,R,7996,1,8162,0
336,R,7996,1,8162,0
340,R,7996,1,8162,0
344,R,7996,1,8162,0
348,R,7996,1,8162,0
352,R,7996,1,8162,0
356,R,7996,1,8162,0
360,R,7996,1,8162,0
364,R,7996,1,8162,0
368,R,7996,1,8162,0
372,R,7996,1,8162,0
376,R,7996,1,8162,0
380,R,7996,1,8162,0
384,R,7996,1,8162,0
388,R,7996,1,8162,0
392,R,7996,1,8162,0
396,R,7996,1,8162,0
400,R,7996,1,8162,0
404,R,7996,1,8162,0
408,R,7996,1,8162,0
412,R,7996,1,8162,0
416,R,7996,1,8162,0
420,R,7996,1,8162,0
424,R,7996,1,8162,0
428,R,7996,1,8162,0
432,R,7996,1,8162,0
436,R,7996,1,8162,0
440,R,7996,1,8162,0
444,R,7996,1,8162,0
448,R,7996,1,8162,0
452,R,7996,1,8162,0
456,R,7996,1,8162,0
460,R,7996,1,8162,0
464,R,7996,1,8162,0
468,R,7996,1,8162,0
472,R,7996,1,8162,0
476,R,7996,1,8162,0
480,R,7996,1,8162,0
484,R,7996,1,8162,0
488,R,7996,1,8162,0
492,R,7996,1,8162,0
496,R,7996,1,8162,0
500,R,7996,1,8162,0
504,R,7996,1,8162,0
508,R,7996,1,8162,0
2304,R,7996,1,8163,0
2308,R,7996,1,8163,0
2312,R,7996,1,8163,0
2316,R,7996,1,8163,0
2320,R,7996,1,8163,0
2324,R,7996,1,8163,0
2328,R,7996,1,8163,0
2332,R,7996,1,8163,0
2336,R,7996,1,8163,0
2340,R,7996,1,8163,0
2344,R,7996,1,8163,0
2348,R,7996,1,8163,0
2352,R,7996,1,8163,0
2356,R,7996,1,8163,0
2360,R,7996,1,8163,0
2364,R,7996,1,8163,0
2368,R,7996,1,8163,0
2372,R,7996,1,8163,0
2376,R,7996,1,8163,0
2380,R,7996,1,8163,0
2384,R,7996,1,8163,0
2388,R,7996,1,8163,0
2392,R,7996,1,8163,0
2396,R,7996,1,8163,0
2400,R,7996,1,8163,0
2404,R,7996,1,8163,0
2408,R,7996,1,8163,0
2412,R,7996,1,8163,0
2416,R,7996,1,8163,0
2420,R,7996,1,8163,0
2424,R,7996,1,8163,0
2428,R,7996,1,8163,0
2432,R,7996,1,8163,0
2436,R,7996,1,8163,0
2440,R,7996,1,8163,0
2444,R,7996,1,8163,0
2448,R,7996,1,8163,0
2452,R,7996,1,8163,0
2456,R,7996,1,8163,0
2460,R,7996,1,8163,0
2464,R,7996,1,8163,0
2468,R,7996,1,8163,0
2472,R,7996,1,8163,0
2476,R,7996,1,8163,0
2480,R,7996,1,8163,0
2484,R,7996,1,8163,0
2488,R,7996,1,8163,0
2492,R,7996,1,8163,0
2496,R,7996,1,8163,0
2500,R,7996,1,8163,0
2504,R,7996,1,8163,0
2508,R,7996,1,8163,0
2512,R,7996,1,8163,0
2516,R,7996,1,8163,0
2520,R,7996,1,8163,0
2524,R,7996,1,8163,0
2528,R,7996,1,8163,0
2532,R,7996,1,8163,0
2536,R,7996,1,8163,0
2540,R,7996,1,8163,0
2544,R,7996,1,8163,0
2548,R,7996,1,8163,0
2552,R,7996,1,8163,0
2556,R,7996,1,8163,0
1280,W,7996,1,8166,0
1284,W,7996,1,8166,0
1288,W,7996,1,8166,0
1292,W,7996,1,8166,0
1296,W,7996,1,8166,0
1300,W,7996,1,8166,0
1304,W,7996,1,8166,0
1308,W,7996,1,8166,0
1312,W,7996,1,8166,0
1316,W,7996,1,8166,0
1320,W,7996,1,8166,0
1324,W,7996,1,8166,0
1328,W,7996,1,8166,0
1332,W,7996,1,8166,0
1336,W,7996,1,8166,0
1340,W,7996,1,8166,0
1344,W,7996,1,8166,0
1348,W,7996,1,8166,0
1352,W,7996,1,8166,0
1356,W,7996,1,8166,0
1360,W,7996,1,8166,0
1364,W,7996,1,8166,0
1368,W,7996,1,8166,0
1372,W,7996,1,8166,0
1376,W,7996,1,8166,0
1380,W,7996,1,8166,0
1384,W,7996,1,8166,0
1388,W,7996,1,8166,0
1392,W,7996,1,8166,0
1396,W,7996,1,8166,0
1400,W,7996,1,8166,0
1404,W,7996,1,8166,0
1408,W,7996,1,8166,0
1412,W,7996,1,8166,0
1416,W,7996,1,8166,0
1420,W,7996,1,8166,0
1424,W,7996,1,8166,0
1428,W,7996,1,8166,0
1432,W,7996,1,8166,0
1436,W,7996,1,8166,0
1440,W,7996,1,8166,0
1444,W,7996,1,8166,0
1448,W,7996,1,8166,0
1452,W,7996,1,8166,0
1456,W,7996,1,8166,0
1460,W,7996,1,8166,0
1464,W,7996,1,8166,0
1468,W,7996,1,8166,0
1472,W,7996,1,8166,0
1476,W,7996,1,8166,0
1480,W,7996,1,8166,0
1484,W,7996,1,8166,0
1488,W,7996,1,8166,0
1492,W,7996,1,8166,0
1496,W,7996,1,8166,0
1500,W,7996,1,8166,0
1504,W,7996,1,8166,0
1508,W,7996,1,8166,0
1512,W,7996,1,8166,0
1516,W,7996,1,8166,0
1520,W,7996,1,8166,0
1524,W,7996,1,8166,0
1528,W,7996,1,8166,0
1532,W,7996,1,8166,0
1536,R,8227,1,4688,0
1540,R,8227,1,4688,0
1544,R,8227,1,4688,0
1548,R,8227,1,4688,0
1552,R,8227,1,4688,0
1556,R,8227,1,4688,0
1560,R,8227,1,4688,0
1564,R,8227,1,4688,0
1568,R,8227,1,4688,0
1572,R,8227,1,4688,0
1576,R,8227,1,4688,0
1580,R,8227,1,4688,0
1584,R,8227,1,4688,0
1588,R,8227,1,4688,0
1592,R,8227,1,4688,0
1596,R,8227,1,4688,0
1600,R,8227,1,4688,0
1604,R,8227,1,4688,0
1608,R,8227,1,4688,0
1612,R,8227,1,4688,0
1616,R,8227,1,4688,0
1620,R,8227,1,4688,0
1624,R,8227,1,4688,0
1628,R,8227,1,4688,0
1632,R,8227,1,4688,0
1636,R,8227,1,4688,0
1640,R,8227,1,4688,0
1644,R,8227,1,4688,0
1648,R,8227,1,4688,0
1652,R,8227,1,4688,0
1656,R,8227,1,4688,0
1660,R,8227,1,4688,0
1664,R,8227,1,4688,0
1668,R,8227,1,4688,0
1672,R,8227,1,4688,0
1676,R,8227,1,4688,0
1680,R,8227,1,4688,0
1684,R,8227,1,4688,0
1688,R,8227,1,4688,0
1692,R,8227,1,4688,0
1696,R,8227,1,4688,0
1700,R,8227,1,4688,0
1704,R,8227,1,4688,0
1708,R,8227,1,4688,0
1712,R,8227,1,4688,0
1716,R,8227,1,4688,0
1720,R,8227,1,4688,0
1724,R,8227,1,4688,0
1728,R,8227,1,4688,0
1732,R,8227,1,4688,0
1736,R,8227,1,4688,0
1740,R,8227,1,4688,0
1744,R,8227,1,4688,0
1748,R,8227,1,4688,0
1752,R,8227,1,4688,0
1756,R,8227,1,4688,0
1760,R,8227,1,4688,0
1764,R,8227,1,4688,0
1768,R,8227,1,4688,0
1772,R,8227,1,4688,0
1776,R,8227,1,4688,0
1780,R,8227,1,4688,0
1784,R,8227,1,4688,0
1788,R,8227,1,4688,0
1792,R,8227,1,4688,0
1796,R,8227,1,4688,0
1800,R,8227,1,4688,0
1804,R,8227,1,4688,0
1808,R,8227,1,4688,0
1812,R,8227,1,4688,0
1816,R,8227,1,4688,0
1820,R,8227,1,4688,0
1824,R,8227,1,4688,0
1828,R,8227,1,4688,0
1832,R,8227,1,4688,0
1836,R,8227,1,4688,0
1840,R,8227,1,4688,0
1844,R,8227,1,4688,0
1848,R,8227,1,4688,0
1852,R,8227,1,4688,0
1856,R,8227,1,4688,0
1860,R,8227,1,4688,0
1864,R,8227,1,4688,0
1868,R,8227,1,4688,0
1872,R,8227,1,4688,0
1876,R,8227,1,4688,0
1880,R,8227,1,4688,0
1884,R,8227,1,4688,0
1888,R,8227,1,4688,0
1892,R,8227,1,4688,0
1896,R,8227,1,4688,0
1900,R,8227,1,4688,0
1904,R,8227,1,4688,0
1908,R,8227,1,4688,0
1912,R,8227,1,4688,0
1916,R,8227,1,4688,0
1920,R,8227,1,4688,0
1924,R,8227,1,4688,0
1928,R,8227,1,4688,0
1932,R,8227,1,4688,0
1936,R,8227,1,4688,0
1940,R,8227,1,4688,0
1944,R,8227,1,4688,0
1948,R,8227,1,4688,0
1952,R,8227,1,4688,0
1956,R,8227,1,4688,0
1960,R,8227,1,4688,0
1964,R,8227,1,4688,0
1968,R,8227,1,4688,0
1972,R,8227,1,4688,0
1976,R,8227,1,4688,0
1980,R,8227,1,4688,0
1984,R,8227,1,4688,0
1988,R,8227,1,4688,0
1992,R,8227,1,4688,0
1996,R,8227,1,4688,0
2000,R,8227,1,4688,0
2004,R,8227,1,4688,0
2008,R,8227,1,4688,0
2012,R,8227,1,4688,0
2016,R,8227,1,4688,0
2020,R,8227,1,4688,0
2024,R,8227,1,4688,0
2028,R,8227,1,4688,0
2032,R,8227,1,4688,0
2036,R,8227,1,4688,0
2040,R,8227,1,4688,0
2044,R,8227,1,4688,0
1536,R,8227,1,4688,0
1024,R,8231,1,5210,0
1028,R,8231,1,5210,0
1032,R,8231,1,5210,0
1036,R,8231,1,5210,0
1040,R,8231,1,5210,0
1044,R,8231,1,5210,0
1048,R,8231,1,5210,0
1052,R,8231,1,5210,0
1056,R,8231,1,5210,0
1060,R,8231,1,5210,0
1064,R,8231,1,5210,0
1068,R,8231,1,5210,0
1072,R,8231,1,5210,0
1076,R,8231,1,5210,0
1080,R,8231,1,5210,0
1084,R,8231,1,5210,0
1088,R,8231,1,5210,0
1092,R,8231,1,5210,0
1096,R,8231,1,5210,0
1100,R,8231,1,5210,0
1104,R,8231,1,5210,0
1108,R,8231,1,5210,0
1112,R,8231,1,5210,0
1116,R,8231,1,5210,0
1120,R,8231,1,5210,0
1124,R,8231,1,5210,0
1128,R,8231,1,5210,0
1132,R,8231,1,5210,0
1136,R,8231,1,5210,0
1140,R,8231,1,5210,0
1144,R,8231,1,5210,0
1148,R,8231,1,5210,0
1152,R,8231,1,5210,0
1156,R,8231,1,5210,0
1160,R,8231,1,5210,0
1164,R,8231,1,5210,0
1168,R,8231,1,5210,0
1172,R,8231,1,5210,0
1176,R,8231,1,5210,0
1180,R,8231,1,5210,0
1184,R,8231,1,5210,0
1188,R,8231,1,5210,0
1192,R,8231,1,5210,0
1196,R,8231,1,5210,0
1200,R,8231,1,5210,0
1204,R,8231,1,5210,0
1208,R,8231,1,5210,0
1212,R,8231,1,5210,0
1216,R,8231,1,5210,0
1220,R,8231,1,5210,0
1224,R,8231,1,5210,0
1228,R,8231,1,5210,0
1232,R,8231,1,5210,0
1236,R,8231,1,5210,0
1240,R,8231,1,5210,0
1244,R,8231,1,5210,0
1248,R,8231,1,5210,0
1252,R,8231,1,5210,0
1256,R,8231,1,5210,0
1260,R,8231,1,5210,0
1264,R,8231,1,5210,0
1268,R,8231,1,5210,0
1272,R,8231,1,5210,0
1276,R,8231,1,5210,0
1280,R,8231,1,5210,0
1284,R,8231,1,5210,0
1288,R,8231,1,5210,0
1292,R,8231,1,5210,0
1296,R,8231,1,5210,0
1300,R,8231,1,5210,0
1304,R,8231,1,5210,0
1308,R,8231,1,5210,0
1312,R,8231,1,5210,0
1316,R,8231,1,5210,0
1320,R,8231,1,5210,0
1324,R,8231,1,5210,0
1328,R,8231,1,5210,0
1332,R,8231,1,5210,0
1336,R,8231,1,5210,0
1340,R,8231,1,5210,0
1344,R,8231,1,5210,0
1348,R,8231,1,5210,0
1352,R,8231,1,5210,0
1356,R,8231,1,5210,0
1360,R,8231,1,5210,0
1364,R,8231,1,5210,0
1368,R,8231,1,5210,0
1372,R,8231,1,5210,0
1376,R,8231,1,5210,0
1380,R,8231,1,5210,0
1384,R,8231,1,5210,0
1388,R,8231,1,5210,0
1392,R,8231,1,5210,0
1396,R,8231,1,5210,0
1400,R,8231,1,5210,0
1404,R,8231,1,5210,0
1408,R,8231,1,5210,0
1412,R,8231,1,5210,0
1416,R,8231,1,5210,0
1420,R,8231,1,5210,0
1424,R,8231,1,5210,0
1428,R,8231,1,5210,0
1432,R,8231,1,5210,0
1436,R,8231,1,5210,0
1440,R,8231,1,5210,0
1444,R,8231,1,5210,0
1448,R,8231,1,5210,0
1452,R,8231,1,5210,0
1456,R,8231,1,5210,0
1460,R,8231,1,5210,0
1464,R,8231,1,5210,0
1468,R,8231,1,5210,0
1472,R,8231,1,5210,0
1476,R,8231,1,5210,0
1480,R,8231,1,5210,0
1484,R,8231,1,5210,0
1488,R,8231,1,5210,0
1492,R,8231,1,5210,0
1496,R,8231,1,5210,0
1500,R,8231,1,5210,0
1504,R,8231,1,5210,0
1508,R,8231,1,5210,0
1512,R,8231,1,5210,0
1516,R,8231,1,5210,0
1520,R,8231,1,5210,0
1524,R,8231,1,5210,0
1528,R,8231,1,5210,0
1532,R,8231,1,5210,0
1024,R,8231,1,5210,0
1536,R,8438,1,4970,0
1540,R,8438,1,4970,0
1544,R,8438,1,4970,0
1548,R,8438,1,4970,0
1552,R,8438,1,4970,0
1556,R,8438,1,4970,0
1560,R,8438,1,4970,0
1564,R,8438,1,4970,0
1568,R,8438,1,4970,0
1572,R,8438,1,4970,0
1576,R,8438,1,4970,0
1580,R,8438,1,4970,0
1584,R,8438,1,4970,0
1588,R,8438,1,4970,0
1592,R,8438,1,4970,0
1596,R,8438,1,4970,0
1600,R,8438,1,4970,0
1604,R,8438,1,4970,0
1608,R,8438,1,4970,0
1612,R,8438,1,4970,0
1616,R,8438,1,4970,0
1620,R,8438,1,4970,0
1624,R,8438,1,4970,0
1628,R,8438,1,4970,0
1632,R,8438,1,4970,0
1636,R,8438,1,4970,0
1640,R,8438,1,4970,0
1644,R,8438,1,4970,0
1648,R,8438,1,4970,0
1652,R,8438,1,4970,0
1656,R,8438,1,4970,0
1660,R,8438,1,4970,0
1664,R,8438,1,4970,0
1668,R,8438,1,4970,0
1672,R,8438,1,4970,0
1676,R,8438,1,4970,0
1680,R,8438,1,4970,0
1684,R,8438,1,4970,0
1688,R,8438,1,4970,0
1692,R,8438,1,4970,0
1696,R,8438,1,4970,0
1700,R,8438,1,4970,0
1704,R,8438,1,4970,0
1708,R,8438,1,4970,0
1712,R,8438,1,4970,0
1716,R,8438,1,4970,0
1720,R,8438,1,4970,0
1724,R,8438,1,4970,0
1728,R,8438,1,4970,0
1732,R,8438,1,4970,0
1736,R,8438,1,4970,0
1740,R,8438,1,4970,0
1744,R,8438,1,4970,0
1748,R,8438,1,4970,0
1752,R,8438,1,4970,0
1756,R,8438,1,4970,0
1760,R,8438,1,4970,0
1764,R,8438,1,4970,0
1768,R,8438,1,4970,0
1772,R,8438,1,4970,0
1776,R,8438,1,4970,0
1780,R,8438,1,4970,0
1784,R,8438,1,4970,0
1788,R,8438,1,4970,0
1792,R,8438,1,4970,0
1796,R,8438,1,4970,0
1800,R,8438,1,4970,0
1804,R,8438,1,4970,0
1808,R,8438,1,4970,0
1812,R,8438,1,4970,0
1816,R,8438,1,4970,0
1820,R,8438,1,4970,0
1824,R,8438,1,4970,0
1828,R,8438,1,4970,0
1832,R,8438,1,4970,0
1836,R,8438,1,4970,0
1840,R,8438,1,4970,0
1844,R,8438,1,4970,0
1848,R,8438,1,4970,0
1852,R,8438,1,4970,0
1856,R,8438,1,4970,0
1860,R,8438,1,4970,0
1864,R,8438,1,4970,0
1868,R,8438,1,4970,0
1872,R,8438,1,4970,0
1876,R,8438,1,4970,0
1880,R,8438,1,4970,0
1884,R,8438,1,4970,0
1888,R,8438,1,4970,0
1892,R,8438,1,4970,0
1896,R,8438,1,4970,0
1900,R,8438,1,4970,0
1904,R,8438,1,4970,0
1908,R,8438,1,4970,0
1912,R,8438,1,4970,0
1916,R,8438,1,4970,0
1920,R,8438,1,4970,0
1924,R,8438,1,4970,0
1928,R,8438,1,4970,0
1932,R,8438,1,4970,0
1936,R,8438,1,4970,0
1940,R,8438,1,4970,0
1944,R,8438,1,4970,0
1948,R,8438,1,4970,0
1952,R,8438,1,4970,0
1956,R,8438,1,4970,0
1960,R,8438,1,4970,0
1964,R,8438,1,4970,0
1968,R,8438,1,4970,0
1972,R,8438,1,4970,0
1976,R,8438,1,4970,0
1980,R,8438,1,4970,0
1984,R,8438,1,4970,0
1988,R,8438,1,4970,0
1992,R,8438,1,4970,0
1996,R,8438,1,4970,0
2000,R,8438,1,4970,0
2004,R,8438,1,4970,0
2008,R,8438,1,4970,0
2012,R,8438,1,4970,0
2016,R,8438,1,4970,0
2020,R,8438,1,4970,0
2024,R,8438,1,4970,0
2028,R,8438,1,4970,0
2032,R,8438,1,4970,0
2036,R,8438,1,4970,0
2040,R,8438,1,4970,0
2044,R,8438,1,4970,0
1536,R,8438,1,4970,0
1024,R,8466,1,5448,0
1028,R,8466,1,5448,0
1032,R,8466,1,5448,0
1036,R,8466,1,5448,0
1040,R,8466,1,5448,0
1044,R,8466,1,5448,0
1048,R,8466,1,5448,0
1052,R,8466,1,5448,0
1056,R,8466,1,5448,0
1060,R,8466,1,5448,0
1064,R,8466,1,5448,0
1068,R,8466,1,5448,0
1072,R,8466,1,5448,0
1076,R,8466,1,5448,0
1080,R,8466,1,5448,0
1084,R,8466,1,5448,0
1088,R,8466,1,5448,0
1092,R,8466,1,5448,0
1096,R,8466,1,5448,0
1100,R,8466,1,5448,0
1104,R,8466,1,5448,0
1108,R,8466,1,5448,0
1112,R,8466,1,5448,0
1116,R,8466,1,5448,0
1120,R,8466,1,5448,0
1124,R,8466,1,5448,0
1128,R,8466,1,5448,0
1132,R,8466,1,5448,0
1136,R,8466,1,5448,0
1140,R,8466,1,5448,0
1144,R,8466,1,5448,0
1148,R,8466,1,5448,0
1152,R,8466,1,5448,0
1156,R,8466,1,5448,0
1160,R,8466,1,5448,0
1164,R,8466,1,5448,0
1168,R,8466,1,5448,0
1172,R,8466,1,5448,0
1176,R,8466,1,5448,0
1180,R,8466,1,5448,0
1184,R,8466,1,5448,0
1188,R,8466,1,5448,0
1192,R,8466,1,5448,0
1196,R,8466,1,5448,0
1200,R,8466,1,5448,0
1204,R,8466,1,5448,0
1208,R,8466,1,5448,0
1212,R,8466,1,5448,0
1216,R,8466,1,5448,0
1220,R,8466,1,5448,0
1224,R,8466,1,5448,0
1228,R,8466,1,5448,0
1232,R,8466,1,5448,0
1236,R,8466,1,5448,0
1240,R,8466,1,5448,0
1244,R,8466,1,5448,0
1248,R,8466,1,5448,0
1252,R,8466,1,5448,0
1256,R,8466,1,5448,0
1260,R,8466,1,5448,0
1264,R,8466,1,5448,0
1268,R,8466,1,5448,0
1272,R,8466,1,5448,0
1276,R,8466,1,5448,0
1280,R,8466,1,5448,0
1284,R,8466,1,5448,0
1288,R,8466,1,5448,0
1292,R,8466,1,5448,0
1296,R,8466,1,5448,0
1300,R,8466,1,5448,0
1304,R,8466,1,5448,0
1308,R,8466,1,5448,0
1312,R,8466,1,5448,0
1316,R,8466,1,5448,0
1320,R,8466,1,5448,0
1324,R,8466,1,5448,0
1328,R,8466,1,5448,0
1332,R,8466,1,5448,0
1336,R,8466,1,5448,0
1340,R,8466,1,5448,0
1344,R,8466,1,5448,0
1348,R,8466,1,5448,0
1352,R,8466,1,5448,0
1356,R,8466,1,5448,0
1360,R,8466,1,5448,0
1364,R,8466,1,5448,0
1368,R,8466,1,5448,0
1372,R,8466,1,5448,0
1376,R,8466,1,5448,0
1380,R,8466,1,5448,0
1384,R,8466,1,5448,0
1388,R,8466,1,5448,0
1392,R,8466,1,5448,0
1396,R,8466,1,5448,0
1400,R,8466,1,5448,0
1404,R,8466,1,5448,0
1408,R,8466,1,5448,0
1412,R,8466,1,5448,0
1416,R,8466,1,5448,0
1420,R,8466,1,5448,0
1424,R,8466,1,5448,0
1428,R,8466,1,5448,0
1432,R,8466,1,5448,0
1436,R,8466,1,5448,0
1440,R,8466,1,5448,0
1444,R,8466,1,5448,0
1448,R,8466,1,5448,0
1452,R,8466,1,5448,0
1456,R,8466,1,5448,0
1460,R,8466,1,5448,0
1464,R,8466,1,5448,0
1468,R,8466,1,5448,0
1472,R,8466,1,5448,0
1476,R,8466,1,5448,0
1480,R,8466,1,5448,0
1484,R,8466,1,5448,0
1488,R,8466,1,5448,0
1492,R,8466,1,5448,0
1496,R,8466,1,5448,0
1500,R,8466,1,5448,0
1504,R,8466,1,5448,0
1508,R,8466,1,5448,0
1512,R,8466,1,5448,0
1516,R,8466,1,5448,0
1520,R,8466,1,5448,0
1524,R,8466,1,5448,0
1528,R,8466,1,5448,0
1532,R,8466,1,5448,0
1024,R,8466,1,5448,0
512,W,8486,1,5410,0
516,W,8486,1,5410,0
520,W,8486,1,5410,0
524,W,8486,1,5410,0
528,W,8486,1,5410,0
532,W,8486,1,5410,0
536,W,8486,1,5410,0
540,W,8486,1,5410,0
544,W,8486,1,5410,0
548,W,8486,1,5410,0
552,W,8486,1,5410,0
556,W,8486,1,5410,0
560,W,8486,1,5410,0
564,W,8486,1,5410,0
568,W,8486,1,5410,0
572,W,8486,1,5410,0
576,W,8486,1,5410,0
580,W,8486,1,5410,0
584,W,8486,1,5410,0
588,W,8486,1,5410,0
592,W,8486,1,5410,0
596,W,8486,1,5410,0
600,W,8486,1,5410,0
604,W,8486,1,5410,0
608,W,8486,1,5410,0
612,W,8486,1,5410,0
616,W,8486,1,5410,0
620,W,8486,1,5410,0
624,W,8486,1,5410,0
628,W,8486,1,5410,0
632,W,8486,1,5410,0
636,W,8486,1,5410,0
640,W,8486,1,5410,0
644,W,8486,1,5410,0
648,W,8486,1,5410,0
652,W,8486,1,5410,0
656,W,8486,1,5410,0
660,W,8486,1,5410,0
664,W,8486,1,5410,0
668,W,8486,1,5410,0
672,W,8486,1,5410,0
676,W,8486,1,5410,0
680,W,8486,1,5410,0
684,W,8486,1,5410,0
688,W,8486,1,5410,0
692,W,8486,1,5410,0
696,W,8486,1,5410,0
700,W,8486,1,5410,0
704,W,8486,1,5410,0
708,W,8486,1,5410,0
712,W,8486,1,5410,0
716,W,8486,1,5410,0
720,W,8486,1,5410,0
724,W,8486,1,5410,0
728,W,8486,1,5410,0
732,W,8486,1,5410,0
736,W,8486,1,5410,0
740,W,8486,1,5410,0
744,W,8486,1,5410,0
748,W,8486,1,5410,0
752,W,8486,1,5410,0
756,W,8486,1,5410,0
760,W,8486,1,5410,0
764,W,8486,1,5410,0
768,W,8486,1,5410,0
772,W,8486,1,5410,0
776,W,8486,1,5410,0
780,W,8486,1,5410,0
784,W,8486,1,5410,0
788,W,8486,1,5410,0
792,W,8486,1,5410,0
796,W,8486,1,5410,0
800,W,8486,1,5410,0
804,W,8486,1,5410,0
808,W,8486,1,5410,0
812,W,8486,1,5410,0
816,W,8486,1,5410,0
820,W,8486,1,5410,0
824,W,8486,1,5410,0
828,W,8486,1,5410,0
832,W,8486,1,5410,0
836,W,8486,1,5410,0
840,W,8486,1,5410,0
844,W,8486,1,5410,0
848,W,8486,1,5410,0
852,W,8486,1,5410,0
856,W,8486,1,5410,0
860,W,8486,1,5410,0
864,W,8486,1,5410,0
868,W,8486,1,5410,0
872,W,8486,1,5410,0
876,W,8486,1,5410,0
880,W,8486,1,5410,0
884,W,8486,1,5410,0
888,W,8486,1,5410,0
892,W,8486,1,5410,0
896,W,8486,1,5410,0
900,W,8486,1,5410,0
904,W,8486,1,5410,0
908,W,8486,1,5410,0
912,W,8486,1,5410,0
916,W,8486,1,5410,0
920,W,8486,1,5410,0
924,W,8486,1,5410,0
928,W,8486,1,5410,0
932,W,8486,1,5410,0
936,W,8486,1,5410,0
940,W,8486,1,5410,0
944,W,8486,1,5410,0
948,W,8486,1,5410,0
952,W,8486,1,5410,0
956,W,8486,1,5410,0
960,W,8486,1,5410,0
964,W,8486,1,5410,0
968,W,8486,1,5410,0
972,W,8486,1,5410,0
976,W,8486,1,5410,0
980,W,8486,1,5410,0
984,W,8486,1,5410,0
988,W,8486,1,5410,0
992,W,8486,1,5410,0
996,W,8486,1,5410,0
1000,W,8486,1,5410,0
1004,W,8486,1,5410,0
1008,W,8486,1,5410,0
1012,W,8486,1,5410,0
1016,W,8486,1,5410,0
1020,W,8486,1,5410,0
0,W,8488,1,5975,0
4,W,8488,1,5975,0
8,W,8488,1,5975,0
12,W,8488,1,5975,0
16,W,8488,1,5975,0
20,W,8488,1,5975,0
24,W,8488,1,5975,0
28,W,8488,1,5975,0
32,W,8488,1,5975,0
36,W,8488,1,5975,0
40,W,8488,1,5975,0
44,W,8488,1,5975,0
48,W,8488,1,5975,0
52,W,8488,1,5975,0
56,W,8488,1,5975,0
60,W,8488,1,5975,0
64,W,8488,1,5975,0
68,W,8488,1,5975,0
72,W,8488,1,5975,0
76,W,8488,1,5975,0
80,W,8488,1,5975,0
84,W,8488,1,5975,0
88,W,8488,1,5975,0
92,W,8488,1,5975,0
96,W,8488,1,5975,0
100,W,8488,1,5975,0
104,W,8488,1,5975,0
108,W,8488,1,5975,0
112,W,8488,1,5975,0
116,W,8488,1,5975,0
120,W,8488,1,5975,0
124,W,8488,1,5975,0
128,W,8488,1,5975,0
132,W,8488,1,5975,0
136,W,8488,1,5975,0
140,W,8488,1,5975,0
144,W,8488,1,5975,0
148,W,8488,1,5975,0
152,W,8488,1,5975,0
156,W,8488,1,5975,0
160,W,8488,1,5975,0
164,W,8488,1,5975,0
168,W,8488,1,5975,0
172,W,8488,1,5975,0
176,W,8488,1,5975,0
180,W,8488,1,5975,0
184,W,8488,1,5975,0
188,W,8488,1,5975,0
192,W,8488,1,5975,0
196,W,8488,1,5975,0
200,W,8488,1,5975,0
204,W,8488,1,5975,0
208,W,8488,1,5975,0
212,W,8488,1,5975,0
216,W,8488,1,5975,0
220,W,8488,1,5975,0
224,W,8488,1,5975,0
228,W,8488,1,5975,0
232,W,8488,1,5975,0
236,W,8488,1,5975,0
240,W,8488,1,5975,0
244,W,8488,1,5975,0
248,W,8488,1,5975,0
252,W,8488,1,5975,0
256,W,8488,1,5975,0
260,W,8488,1,5975,0
264,W,8488,1,5975,0
268,W,8488,1,5975,0
272,W,8488,1,5975,0
276,W,8488,1,5975,0
280,W,8488,1,5975,0
284,W,8488,1,5975,0
288,W,8488,1,5975,0
292,W,8488,1,5975,0
296,W,8488,1,5975,0
300,W,8488,1,5975,0
304,W,8488,1,5975,0
308,W,8488,1,5975,0
312,W,8488,1,5975,0
316,W,8488,1,5975,0
320,W,8488,1,5975,0
324,W,8488,1,5975,0
328,W,8488,1,5975,0
332,W,8488,1,5975,0
336,W,8488,1,5975,0
340,W,8488,1,5975,0
344,W,8488,1,5975,0
348,W,8488,1,5975,0
352,W,8488,1,5975,0
356,W,8488,1,5975,0
360,W,8488,1,5975,0
364,W,8488,1,5975,0
368,W,8488,1,5975,0
372,W,8488,1,5975,0
376,W,8488,1,5975,0
380,W,8488,1,5975,0
384,W,8488,1,5975,0
388,W,8488,1,5975,0
392,W,8488,1,5975,0
396,W,8488,1,5975,0
400,W,8488,1,5975,0
404,W,8488,1,5975,0
408,W,8488,1,5975,0
412,W,8488,1,5975,0
416,W,8488,1,5975,0
420,W,8488,1,5975,0
424,W,8488,1,5975,0
428,W,8488,1,5975,0
432,W,8488,1,5975,0
436,W,8488,1,5975,0
440,W,8488,1,5975,0
444,W,8488,1,5975,0
448,W,8488,1,5975,0
452,W,8488,1,5975,0
456,W,8488,1,5975,0
460,W,8488,1,5975,0
464,W,8488,1,5975,0
468,W,8488,1,5975,0
472,W,8488,1,5975,0
476,W,8488,1,5975,0
480,W,8488,1,5975,0
484,W,8488,1,5975,0
488,W,8488,1,5975,0
492,W,8488,1,5975,0
496,W,8488,1,5975,0
500,W,8488,1,5975,0
504,W,8488,1,5975,0
508,W,8488,1,5975,0
512,R,8509,1,8688,0
516,R,8509,1,8688,0
520,R,8509,1,8688,0
524,R,8509,1,8688,0
528,R,8509,1,8688,0
532,R,8509,1,8688,0
536,R,8509,1,8688,0
540,R,8509,1,8688,0
544,R,8509,1,8688,0
548,R,8509,1,8688,0
552,R,8509,1,8688,0
556,R,8509,1,8688,0
560,R,8509,1,8688,0
564,R,8509,1,8688,0
568,R,8509,1,8688,0
572,R,8509,1,8688,0
576,R,8509,1,8688,0
580,R,8509,1,8688,0
584,R,8509,1,8688,0
588,R,8509,1,8688,0
592,R,8509,1,8688,0
596,R,8509,1,8688,0
600,R,8509,1,8688,0
604,R,8509,1,8688,0
608,R,8509,1,8688,0
612,R,8509,1,8688,0
616,R,8509,1,8688,0
620,R,8509,1,8688,0
624,R,8509,1,8688,0
628,R,8509,1,8688,0
632,R,8509,1,8688,0
636,R,8509,1,8688,0
640,R,8509,1,8688,0
644,R,8509,1,8688,0
648,R,8509,1,8688,0
652,R,8509,1,8688,0
656,R,8509,1,8688,0
660,R,8509,1,8688,0
664,R,8509,1,8688,0
668,R,8509,1,8688,0
672,R,8509,1,8688,0
676,R,8509,1,8688,0
680,R,8509,1,8688,0
684,R,8509,1,8688,0
688,R,8509,1,8688,0
692,R,8509,1,8688,0
696,R,8509,1,8688,0
700,R,8509,1,8688,0
704,R,8509,1,8688,0
708,R,8509,1,8688,0
712,R,8509,1,8688,0
716,R,8509,1,8688,0
720,R,8509,1,8688,0
724,R,8509,1,8688,0
728,R,8509,1,8688,0
732,R,8509,1,8688,0
736,R,8509,1,8688,0
740,R,8509,1,8688,0
744,R,8509,1,8688,0
748,R,8509,1,8688,0
752,R,8509,1,8688,0
756,R,8509,1,8688,0
760,R,8509,1,8688,0
764,R,8509,1,8688,0
2048,W,8509,1,8691,0
2052,W,8509,1,8691,0
2056,W,8509,1,8691,0
2060,W,8509,1,8691,0
2064,W,8509,1,8691,0
2068,W,8509,1,8691,0
2072,W,8509,1,8691,0
2076,W,8509,1,8691,0
2080,W,8509,1,8691,0
2084,W,8509,1,8691,0
2088,W,8509,1,8691,0
2092,W,8509,1,8691,0
2096,W,8509,1,8691,0
2100,W,8509,1,8691,0
2104,W,8509,1,8691,0
2108,W,8509,1,8691,0
2112,W,8509,1,8691,0
2116,W,8509,1,8691,0
2120,W,8509,1,8691,0
2124,W,8509,1,8691,0
2128,W,8509,1,8691,0
2132,W,8509,1,8691,0
2136,W,8509,1,8691,0
2140,W,8509,1,8691,0
2144,W,8509,1,8691,0
2148,W,8509,1,8691,0
2152,W,8509,1,8691,0
2156,W,8509,1,8691,0
2160,W,8509,1,8691,0
2164,W,8509,1,8691,0
2168,W,8509,1,8691,0
2172,W,8509,1,8691,0
2176,W,8509,1,8691,0
2180,W,8509,1,8691,0
2184,W,8509,1,8691,0
2188,W,8509,1,8691,0
2192,W,8509,1,8691,0
2196,W,8509,1,8691,0
2200,W,8509,1,8691,0
2204,W,8509,1,8691,0
2208,W,8509,1,8691,0
2212,W,8509,1,8691,0
2216,W,8509,1,8691,0
2220,W,8509,1,8691,0
2224,W,8509,1,8691,0
2228,W,8509,1,8691,0
2232,W,8509,1,8691,0
2236,W,8509,1,8691,0
2240,W,8509,1,8691,0
2244,W,8509,1,8691,0
2248,W,8509,1,8691,0
2252,W,8509,1,8691,0
2256,W,8509,1,8691,0
2260,W,8509,1,8691,0
2264,W,8509,1,8691,0
2268,W,8509,1,8691,0
2272,W,8509,1,8691,0
2276,W,8509,1,8691,0
2280,W,8509,1,8691,0
2284,W,8509,1,8691,0
2288,W,8509,1,8691,0
2292,W,8509,1,8691,0
2296,W,8509,1,8691,0
2300,W,8509,1,8691,0
768,R,8510,1,8692,0
772,R,8510,1,8692,0
776,R,8510,1,8692,0
780,R,8510,1,8692,0
784,R,8510,1,8692,0
788,R,8510,1,8692,0
792,R,8510,1,8692,0
796,R,8510,1,8692,0
800,R,8510,1,8692,0
804,R,8510,1,8692,0
808,R,8510,1,8692,0
812,R,8510,1,8692,0
816,R,8510,1,8692,0
820,R,8510,1,8692,0
824,R,8510,1,8692,0
828,R,8510,1,8692,0
832,R,8510,1,8692,0
836,R,8510,1,8692,0
840,R,8510,1,8692,0
844,R,8510,1,8692,0
848,R,8510,1,8692,0
852,R,8510,1,8692,0
856,R,8510,1,8692,0
860,R,8510,1,8692,0
864,R,8510,1,8692,0
868,R,8510,1,8692,0
872,R,8510,1,8692,0
876,R,8510,1,8692,0
880,R,8510,1,8692,0
884,R,8510,1,8692,0
888,R,8510,1,8692,0
892,R,8510,1,8692,0
896,R,8510,1,8692,0
900,R,8510,1,8692,0
904,R,8510,1,8692,0
908,R,8510,1,8692,0
912,R,8510,1,8692,0
916,R,8510,1,8692,0
920,R,8510,1,8692,0
924,R,8510,1,8692,0
928,R,8510,1,8692,0
932,R,8510,1,8692,0
936,R,8510,1,8692,0
940,R,8510,1,8692,0
944,R,8510,1,8692,0
948,R,8510,1,8692,0
952,R,8510,1,8692,0
956,R,8510,1,8692,0
960,R,8510,1,8692,0
964,R,8510,1,8692,0
968,R,8510,1,8692,0
972,R,8510,1,8692,0
976,R,8510,1,8692,0
980,R,8510,1,8692,0
984,R,8510,1,8692,0
988,R,8510,1,8692,0
992,R,8510,1,8692,0
996,R,8510,1,8692,0
1000,R,8510,1,8692,0
1004,R,8510,1,8692,0
1008,R,8510,1,8692,0
1012,R,8510,1,8692,0
1016,R,8510,1,8692,0
1020,R,8510,1,8692,0
2304,W,8510,1,8695,0
2308,W,8510,1,8695,0
2312,W,8510,1,8695,0
2316,W,8510,1,8695,0
2320,W,8510,1,8695,0
2324,W,8510,1,8695,0
2328,W,8510,1,8695,0
2332,W,8510,1,8695,0
2336,W,8510,1,8695,0
2340,W,8510,1,8695,0
2344,W,8510,1,8695,0
2348,W,8510,1,8695,0
2352,W,8510,1,8695,0
2356,W,8510,1,8695,0
2360,W,8510,1,8695,0
2364,W,8510,1,8695,0
2368,W,8510,1,8695,0
2372,W,8510,1,8695,0
2376,W,8510,1,8695,0
2380,W,8510,1,8695,0
2384,W,8510,1,8695,0
2388,W,8510,1,8695,0
2392,W,8510,1,8695,0
2396,W,8510,1,8695,0
2400,W,8510,1,8695,0
2404,W,8510,1,8695,0
2408,W,8510,1,8695,0
2412,W,8510,1,8695,0
2416,W,8510,1,8695,0
2420,W,8510,1,8695,0
2424,W,8510,1,8695,0
2428,W,8510,1,8695,0
2432,W,8510,1,8695,0
2436,W,8510,1,8695,0
2440,W,8510,1,8695,0
2444,W,8510,1,8695,0
2448,W,8510,1,8695,0
2452,W,8510,1,8695,0
2456,W,8510,1,8695,0
2460,W,8510,1,8695,0
2464,W,8510,1,8695,0
2468,W,8510,1,8695,0
2472,W,8510,1,8695,0
2476,W,8510,1,8695,0
2480,W,8510,1,8695,0
2484,W,8510,1,8695,0
2488,W,8510,1,8695,0
2492,W,8510,1,8695,0
2496,W,8510,1,8695,0
2500,W,8510,1,8695,0
2504,W,8510,1,8695,0
2508,W,8510,1,8695,0
2512,W,8510,1,8695,0
2516,W,8510,1,8695,0
2520,W,8510,1,8695,0
2524,W,8510,1,8695,0
2528,W,8510,1,8695,0
2532,W,8510,1,8695,0
2536,W,8510,1,8695,0
2540,W,8510,1,8695,0
2544,W,8510,1,8695,0
2548,W,8510,1,8695,0
2552,W,8510,1,8695,0
2556,W,8510,1,8695,0
2048,R,8517,1,8699,0
2052,R,8517,1,8699,0
2056,R,8517,1,8699,0
2060,R,8517,1,8699,0
2064,R,8517,1,8699,0
2068,R,8517,1,8699,0
2072,R,8517,1,8699,0
2076,R,8517,1,8699,0
2080,R,8517,1,8699,0
2084,R,8517,1,8699,0
2088,R,8517,1,8699,0
2092,R,8517,1,8699,0
2096,R,8517,1,8699,0
2100,R,8517,1,8699,0
2104,R,8517,1,8699,0
2108,R,8517,1,8699,0
2112,R,8517,1,8699,0
2116,R,8517,1,8699,0
2120,R,8517,1,8699,0
2124,R,8517,1,8699,0
2128,R,8517,1,8699,0
2132,R,8517,1,8699,0
2136,R,8517,1,8699,0
2140,R,8517,1,8699,0
2144,R,8517,1,8699,0
2148,R,8517,1,8699,0
2152,R,8517,1,8699,0
2156,R,8517,1,8699,0
2160,R,8517,1,8699,0
2164,R,8517,1,8699,0
2168,R,8517,1,8699,0
2172,R,8517,1,8699,0
2176,R,8517,1,8699,0
2180,R,8517,1,8699,0
2184,R,8517,1,8699,0
2188,R,8517,1,8699,0
2192,R,8517,1,8699,0
2196,R,8517,1,8699,0
2200,R,8517,1,8699,0
2204,R,8517,1,8699,0
2208,R,8517,1,8699,0
2212,R,8517,1,8699,0
2216,R,8517,1,8699,0
2220,R,8517,1,8699,0
2224,R,8517,1,8699,0
2228,R,8517,1,8699,0
2232,R,8517,1,8699,0
2236,R,8517,1,8699,0
2240,R,8517,1,8699,0
2244,R,8517,1,8699,0
2248,R,8517,1,8699,0
2252,R,8517,1,8699,0
2256,R,8517,1,8699,0
2260,R,8517,1,8699,0
2264,R,8517,1,8699,0
2268,R,8517,1,8699,0
2272,R,8517,1,8699,0
2276,R,8517,1,8699,0
2280,R,8517,1,8699,0
2284,R,8517,1,8699,0
2288,R,8517,1,8699,0
2292,R,8517,1,8699,0
2296,R,8517,1,8699,0
2300,R,8517,1,8699,0
2048,W,8517,1,8703,0
2052,W,8517,1,8703,0
2056,W,8517,1,8703,0
2060,W,8517,1,8703,0
2064,W,8517,1,8703,0
2068,W,8517,1,8703,0
2072,W,8517,1,8703,0
2076,W,8517,1,8703,0
2080,W,8517,1,8703,0
2084,W,8517,1,8703,0
2088,W,8517,1,8703,0
2092,W,8517,1,8703,0
2096,W,8517,1,8703,0
2100,W,8517,1,8703,0
2104,W,8517,1,8703,0
2108,W,8517,1,8703,0
2112,W,8517,1,8703,0
2116,W,8517,1,8703,0
2120,W,8517,1,8703,0
2124,W,8517,1,8703,0
2128,W,8517,1,8703,0
2132,W,8517,1,8703,0
2136,W,8517,1,8703,0
2140,W,8517,1,8703,0
2144,W,8517,1,8703,0
2148,W,8517,1,8703,0
2152,W,8517,1,8703,0
2156,W,8517,1,8703,0
2160,W,8517,1,8703,0
2164,W,8517,1,8703,0
2168,W,8517,1,8703,0
2172,W,8517,1,8703,0
2176,W,8517,1,8703,0
2180,W,8517,1,8703,0
2184,W,8517,1,8703,0
2188,W,8517,1,8703,0
2192,W,8517,1,8703,0
2196,W,8517,1,8703,0
2200,W,8517,1,8703,0
2204,W,8517,1,8703,0
2208,W,8517,1,8703,0
2212,W,8517,1,8703,0
2216,W,8517,1,8703,0
2220,W,8517,1,8703,0
2224,W,8517,1,8703,0
2228,W,8517,1,8703,0
2232,W,8517,1,8703,0
2236,W,8517,1,8703,0
2240,W,8517,1,8703,0
2244,W,8517,1,8703,0
2248,W,8517,1,8703,0
2252,W,8517,1,8703,0
2256,W,8517,1,8703,0
2260,W,8517,1,8703,0
2264,W,8517,1,8703,0
2268,W,8517,1,8703,0
2272,W,8517,1,8703,0
2276,W,8517,1,8703,0
2280,W,8517,1,8703,0
2284,W,8517,1,8703,0
2288,W,8517,1,8703,0
2292,W,8517,1,8703,0
2296,W,8517,1,8703,0
2300,W,8517,1,8703,0
2304,R,8518,1,8704,0
2308,R,8518,1,8704,0
2312,R,8518,1,8704,0
2316,R,8518,1,8704,0
2320,R,8518,1,8704,0
2324,R,8518,1,8704,0
2328,R,8518,1,8704,0
2332,R,8518,1,8704,0
2336,R,8518,1,8704,0
2340,R,8518,1,8704,0
2344,R,8518,1,8704,0
2348,R,8518,1,8704,0
2352,R,8518,1,8704,0
2356,R,8518,1,8704,0
2360,R,8518,1,8704,0
2364,R,8518,1,8704,0
2368,R,8518,1,8704,0
2372,R,8518,1,8704,0
2376,R,8518,1,8704,0
2380,R,8518,1,8704,0
2384,R,8518,1,8704,0
2388,R,8518,1,8704,0
2392,R,8518,1,8704,0
2396,R,8518,1,8704,0
2400,R,8518,1,8704,0
2404,R,8518,1,8704,0
2408,R,8518,1,8704,0
2412,R,8518,1,8704,0
2416,R,8518,1,8704,0
2420,R,8518,1,8704,0
2424,R,8518,1,8704,0
2428,R,8518,1,8704,0
2432,R,8518,1,8704,0
2436,R,8518,1,8704,0
2440,R,8518,1,8704,0
2444,R,8518,1,8704,0
2448,R,8518,1,8704,0
2452,R,8518,1,8704,0
2456,R,8518,1,8704,0
2460,R,8518,1,8704,0
2464,R,8518,1,8704,0
2468,R,8518,1,8704,0
2472,R,8518,1,8704,0
2476,R,8518,1,8704,0
2480,R,8518,1,8704,0
2484,R,8518,1,8704,0
2488,R,8518,1,8704,0
2492,R,8518,1,8704,0
2496,R,8518,1,8704,0
2500,R,8518,1,8704,0
2504,R,8518,1,8704,0
2508,R,8518,1,8704,0
2512,R,8518,1,8704,0
2516,R,8518,1,8704,0
2520,R,8518,1,8704,0
2524,R,8518,1,8704,0
2528,R,8518,1,8704,0
2532,R,8518,1,8704,0
2536,R,8518,1,8704,0
2540,R,8518,1,8704,0
2544,R,8518,1,8704,0
2548,R,8518,1,8704,0
2552,R,8518,1,8704,0
2556,R,8518,1,8704,0
2304,W,8518,1,8708,0
2308,W,8518,1,8708,0
2312,W,8518,1,8708,0
2316,W,8518,1,8708,0
2320,W,8518,1,8708,0
2324,W,8518,1,8708,0
2328,W,8518,1,8708,0
2332,W,8518,1,8708,0
2336,W,8518,1,8708,0
2340,W,8518,1,8708,0
2344,W,8518,1,8708,0
2348,W,8518,1,8708,0
2352,W,8518,1,8708,0
2356,W,8518,1,8708,0
2360,W,8518,1,8708,0
2364,W,8518,1,8708,0
2368,W,8518,1,8708,0
2372,W,8518,1,8708,0
2376,W,8518,1,8708,0
2380,W,8518,1,8708,0
2384,W,8518,1,8708,0
2388,W,8518,1,8708,0
2392,W,8518,1,8708,0
2396,W,8518,1,8708,0
2400,W,8518,1,8708,0
2404,W,8518,1,8708,0
2408,W,8518,1,8708,0
2412,W,8518,1,8708,0
2416,W,8518,1,8708,0
2420,W,8518,1,8708,0
2424,W,8518,1,8708,0
2428,W,8518,1,8708,0
2432,W,8518,1,8708,0
2436,W,8518,1,8708,0
2440,W,8518,1,8708,0
2444,W,8518,1,8708,0
2448,W,8518,1,8708,0
2452,W,8518,1,8708,0
2456,W,8518,1,8708,0
2460,W,8518,1,8708,0
2464,W,8518,1,8708,0
2468,W,8518,1,8708,0
2472,W,8518,1,8708,0
2476,W,8518,1,8708,0
2480,W,8518,1,8708,0
2484,W,8518,1,8708,0
2488,W,8518,1,8708,0
2492,W,8518,1,8708,0
2496,W,8518,1,8708,0
2500,W,8518,1,8708,0
2504,W,8518,1,8708,0
2508,W,8518,1,8708,0
2512,W,8518,1,8708,0
2516,W,8518,1,8708,0
2520,W,8518,1,8708,0
2524,W,8518,1,8708,0
2528,W,8518,1,8708,0
2532,W,8518,1,8708,0
2536,W,8518,1,8708,0
2540,W,8518,1,8708,0
2544,W,8518,1,8708,0
2548,W,8518,1,8708,0
2552,W,8518,1,8708,0
2556,W,8518,1,8708,0
2048,R,8525,1,8712,0
2052,R,8525,1,8712,0
2056,R,8525,1,8712,0
2060,R,8525,1,8712,0
2064,R,8525,1,8712,0
2068,R,8525,1,8712,0
2072,R,8525,1,8712,0
2076,R,8525,1,8712,0
2080,R,8525,1,8712,0
2084,R,8525,1,8712,0
2088,R,8525,1,8712,0
2092,R,8525,1,8712,0
2096,R,8525,1,8712,0
2100,R,8525,1,8712,0
2104,R,8525,1,8712,0
2108,R,8525,1,8712,0
2112,R,8525,1,8712,0
2116,R,8525,1,8712,0
2120,R,8525,1,8712,0
2124,R,8525,1,8712,0
2128,R,8525,1,8712,0
2132,R,8525,1,8712,0
2136,R,8525,1,8712,0
2140,R,8525,1,8712,0
2144,R,8525,1,8712,0
2148,R,8525,1,8712,0
2152,R,8525,1,8712,0
2156,R,8525,1,8712,0
2160,R,8525,1,8712,0
2164,R,8525,1,8712,0
2168,R,8525,1,8712,0
2172,R,8525,1,8712,0
2176,R,8525,1,8712,0
2180,R,8525,1,8712,0
2184,R,8525,1,8712,0
2188,R,8525,1,8712,0
2192,R,8525,1,8712,0
2196,R,8525,1,8712,0
2200,R,8525,1,8712,0
2204,R,8525,1,8712,0
2208,R,8525,1,8712,0
2212,R,8525,1,8712,0
2216,R,8525,1,8712,0
2220,R,8525,1,8712,0
2224,R,8525,1,8712,0
2228,R,8525,1,8712,0
2232,R,8525,1,8712,0
2236,R,8525,1,8712,0
2240,R,8525,1,8712,0
2244,R,8525,1,8712,0
2248,R,8525,1,8712,0
2252,R,8525,1,8712,0
2256,R,8525,1,8712,0
2260,R,8525,1,8712,0
2264,R,8525,1,8712,0
2268,R,8525,1,8712,0
2272,R,8525,1,8712,0
2276,R,8525,1,8712,0
2280,R,8525,1,8712,0
2284,R,8525,1,8712,0
2288,R,8525,1,8712,0
2292,R,8525,1,8712,0
2296,R,8525,1,8712,0
2300,R,8525,1,8712,0
512,R,8525,1,8713,0
516,R,8525,1,8713,0
520,R,8525,1,8713,0
524,R,8525,1,8713,0
528,R,8525,1,8713,0
532,R,8525,1,8713,0
536,R,8525,1,8713,0
540,R,8525,1,8713,0
544,R,8525,1,8713,0
548,R,8525,1,8713,0
552,R,8525,1,8713,0
556,R,8525,1,8713,0
560,R,8525,1,8713,0
564,R,8525,1,8713,0
568,R,8525,1,8713,0
572,R,8525,1,8713,0
576,R,8525,1,8713,0
580,R,8525,1,8713,0
584,R,8525,1,8713,0
588,R,8525,1,8713,0
592,R,8525,1,8713,0
596,R,8525,1,8713,0
600,R,8525,1,8713,0
604,R,8525,1,8713,0
608,R,8525,1,8713,0
612,R,8525,1,8713,0
616,R,8525,1,8713,0
620,R,8525,1,8713,0
624,R,8525,1,8713,0
628,R,8525,1,8713,0
632,R,8525,1,8713,0
636,R,8525,1,8713,0
640,R,8525,1,8713,0
644,R,8525,1,8713,0
648,R,8525,1,8713,0
652,R,8525,1,8713,0
656,R,8525,1,8713,0
660,R,8525,1,8713,0
664,R,8525,1,8713,0
668,R,8525,1,8713,0
672,R,8525,1,8713,0
676,R,8525,1,8713,0
680,R,8525,1,8713,0
684,R,8525,1,8713,0
688,R,8525,1,8713,0
692,R,8525,1,8713,0
696,R,8525,1,8713,0
700,R,8525,1,8713,0
704,R,8525,1,8713,0
708,R,8525,1,8713,0
712,R,8525,1,8713,0
716,R,8525,1,8713,0
720,R,8525,1,8713,0
724,R,8525,1,8713,0
728,R,8525,1,8713,0
732,R,8525,1,8713,0
736,R,8525,1,8713,0
740,R,8525,1,8713,0
744,R,8525,1,8713,0
748,R,8525,1,8713,0
752,R,8525,1,8713,0
756,R,8525,1,8713,0
760,R,8525,1,8713,0
764,R,8525,1,8713,0
2048,W,8525,1,8716,0
2052,W,8525,1,8716,0
2056,W,8525,1,8716,0
2060,W,8525,1,8716,0
2064,W,8525,1,8716,0
2068,W,8525,1,8716,0
2072,W,8525,1,8716,0
2076,W,8525,1,8716,0
2080,W,8525,1,8716,0
2084,W,8525,1,8716,0
2088,W,8525,1,8716,0
2092,W,8525,1,8716,0
2096,W,8525,1,8716,0
2100,W,8525,1,8716,0
2104,W,8525,1,8716,0
2108,W,8525,1,8716,0
2112,W,8525,1,8716,0
2116,W,8525,1,8716,0
2120,W,8525,1,8716,0
2124,W,8525,1,8716,0
2128,W,8525,1,8716,0
2132,W,8525,1,8716,0
2136,W,8525,1,8716,0
2140,W,8525,1,8716,0
2144,W,8525,1,8716,0
2148,W,8525,1,8716,0
2152,W,8525,1,8716,0
2156,W,8525,1,8716,0
2160,W,8525,1,8716,0
2164,W,8525,1,8716,0
2168,W,8525,1,8716,0
2172,W,8525,1,8716,0
2176,W,8525,1,8716,0
2180,W,8525,1,8716,0
2184,W,8525,1,8716,0
2188,W,8525,1,8716,0
2192,W,8525,1,8716,0
2196,W,8525,1,8716,0
2200,W,8525,1,8716,0
2204,W,8525,1,8716,0
2208,W,8525,1,8716,0
2212,W,8525,1,8716,0
2216,W,8525,1,8716,0
2220,W,8525,1,8716,0
2224,W,8525,1,8716,0
2228,W,8525,1,8716,0
2232,W,8525,1,8716,0
2236,W,8525,1,8716,0
2240,W,8525,1,8716,0
2244,W,8525,1,8716,0
2248,W,8525,1,8716,0
2252,W,8525,1,8716,0
2256,W,8525,1,8716,0
2260,W,8525,1,8716,0
2264,W,8525,1,8716,0
2268,W,8525,1,8716,0
2272,W,8525,1,8716,0
2276,W,8525,1,8716,0
2280,W,8525,1,8716,0
2284,W,8525,1,8716,0
2288,W,8525,1,8716,0
2292,W,8525,1,8716,0
2296,W,8525,1,8716,0
2300,W,8525,1,8716,0
2304,R,8526,1,8717,0
2308,R,8526,1,8717,0
2312,R,8526,1,8717,0
2316,R,8526,1,8717,0
2320,R,8526,1,8717,0
2324,R,8526,1,8717,0
2328,R,8526,1,8717,0
2332,R,8526,1,8717,0
2336,R,8526,1,8717,0
2340,R,8526,1,8717,0
2344,R,8526,1,8717,0
2348,R,8526,1,8717,0
2352,R,8526,1,8717,0
2356,R,8526,1,8717,0
2360,R,8526,1,8717,0
2364,R,8526,1,8717,0
2368,R,8526,1,8717,0
2372,R,8526,1,8717,0
2376,R,8526,1,8717,0
2380,R,8526,1,8717,0
2384,R,8526,1,8717,0
2388,R,8526,1,8717,0
2392,R,8526,1,8717,0
2396,R,8526,1,8717,0
2400,R,8526,1,8717,0
2404,R,8526,1,8717,0
2408,R,8526,1,8717,0
2412,R,8526,1,8717,0
2416,R,8526,1,8717,0
2420,R,8526,1,8717,0
2424,R,8526,1,8717,0
2428,R,8526,1,8717,0
2432,R,8526,1,8717,0
2436,R,8526,1,8717,0
2440,R,8526,1,8717,0
2444,R,8526,1,8717,0
2448,R,8526,1,8717,0
2452,R,8526,1,8717,0
2456,R,8526,1,8717,0
2460,R,8526,1,8717,0
2464,R,8526,1,8717,0
2468,R,8526,1,8717,0
2472,R,8526,1,8717,0
2476,R,8526,1,8717,0
2480,R,8526,1,8717,0
2484,R,8526,1,8717,0
2488,R,8526,1,8717,0
2492,R,8526,1,8717,0
2496,R,8526,1,8717,0
2500,R,8526,1,8717,0
2504,R,8526,1,8717,0
2508,R,8526,1,8717,0
2512,R,8526,1,8717,0
2516,R,8526,1,8717,0
2520,R,8526,1,8717,0
2524,R,8526,1,8717,0
2528,R,8526,1,8717,0
2532,R,8526,1,8717,0
2536,R,8526,1,8717,0
2540,R,8526,1,8717,0
2544,R,8526,1,8717,0
2548,R,8526,1,8717,0
2552,R,8526,1,8717,0
2556,R,8526,1,8717,0
768,R,8526,1,8718,0
772,R,8526,1,8718,0
776,R,8526,1,8718,0
780,R,8526,1,8718,0
784,R,8526,1,8718,0
788,R,8526,1,8718,0
792,R,8526,1,8718,0
796,R,8526,1,8718,0
800,R,8526,1,8718,0
804,R,8526,1,8718,0
808,R,8526,1,8718,0
812,R,8526,1,8718,0
816,R,8526,1,8718,0
820,R,8526,1,8718,0
824,R,8526,1,8718,0
828,R,8526,1,8718,0
832,R,8526,1,8718,0
836,R,8526,1,8718,0
840,R,8526,1,8718,0
844,R,8526,1,8718,0
848,R,8526,1,8718,0
852,R,8526,1,8718,0
856,R,8526,1,8718,0
860,R,8526,1,8718,0
864,R,8526,1,8718,0
868,R,8526,1,8718,0
872,R,8526,1,8718,0
876,R,8526,1,8718,0
880,R,8526,1,8718,0
884,R,8526,1,8718,0
888,R,8526,1,8718,0
892,R,8526,1,8718,0
896,R,8526,1,8718,0
900,R,8526,1,8718,0
904,R,8526,1,8718,0
908,R,8526,1,8718,0
912,R,8526,1,8718,0
916,R,8526,1,8718,0
920,R,8526,1,8718,0
924,R,8526,1,8718,0
928,R,8526,1,8718,0
932,R,8526,1,8718,0
936,R,8526,1,8718,0
940,R,8526,1,8718,0
944,R,8526,1,8718,0
948,R,8526,1,8718,0
952,R,8526,1,8718,0
956,R,8526,1,8718,0
960,R,8526,1,8718,0
964,R,8526,1,8718,0
968,R,8526,1,8718,0
972,R,8526,1,8718,0
976,R,8526,1,8718,0
980,R,8526,1,8718,0
984,R,8526,1,8718,0
988,R,8526,1,8718,0
992,R,8526,1,8718,0
996,R,8526,1,8718,0
1000,R,8526,1,8718,0
1004,R,8526,1,8718,0
1008,R,8526,1,8718,0
1012,R,8526,1,8718,0
1016,R,8526,1,8718,0
1020,R,8526,1,8718,0
2304,W,8526,1,8721,0
2308,W,8526,1,8721,0
2312,W,8526,1,8721,0
2316,W,8526,1,8721,0
2320,W,8526,1,8721,0
2324,W,8526,1,8721,0
2328,W,8526,1,8721,0
2332,W,8526,1,8721,0
2336,W,8526,1,8721,0
2340,W,8526,1,8721,0
2344,W,8526,1,8721,0
2348,W,8526,1,8721,0
2352,W,8526,1,8721,0
2356,W,8526,1,8721,0
2360,W,8526,1,8721,0
2364,W,8526,1,8721,0
2368,W,8526,1,8721,0
2372,W,8526,1,8721,0
2376,W,8526,1,8721,0
2380,W,8526,1,8721,0
2384,W,8526,1,8721,0
2388,W,8526,1,8721,0
2392,W,8526,1,8721,0
2396,W,8526,1,8721,0
2400,W,8526,1,8721,0
2404,W,8526,1,8721,0
2408,W,8526,1,8721,0
2412,W,8526,1,8721,0
2416,W,8526,1,8721,0
2420,W,8526,1,8721,0
2424,W,8526,1,8721,0
2428,W,8526,1,8721,0
2432,W,8526,1,8721,0
2436,W,8526,1,8721,0
2440,W,8526,1,8721,0
2444,W,8526,1,8721,0
2448,W,8526,1,8721,0
2452,W,8526,1,8721,0
2456,W,8526,1,8721,0
2460,W,8526,1,8721,0
2464,W,8526,1,8721,0
2468,W,8526,1,8721,0
2472,W,8526,1,8721,0
2476,W,8526,1,8721,0
2480,W,8526,1,8721,0
2484,W,8526,1,8721,0
2488,W,8526,1,8721,0
2492,W,8526,1,8721,0
2496,W,8526,1,8721,0
2500,W,8526,1,8721,0
2504,W,8526,1,8721,0
2508,W,8526,1,8721,0
2512,W,8526,1,8721,0
2516,W,8526,1,8721,0
2520,W,8526,1,8721,0
2524,W,8526,1,8721,0
2528,W,8526,1,8721,0
2532,W,8526,1,8721,0
2536,W,8526,1,8721,0
2540,W,8526,1,8721,0
2544,W,8526,1,8721,0
2548,W,8526,1,8721,0
2552,W,8526,1,8721,0
2556,W,8526,1,8721,0
2048,R,8533,1,8725,0
2052,R,8533,1,8725,0
2056,R,8533,1,8725,0
2060,R,8533,1,8725,0
2064,R,8533,1,8725,0
2068,R,8533,1,8725,0
2072,R,8533,1,8725,0
2076,R,8533,1,8725,0
2080,R,8533,1,8725,0
2084,R,8533,1,8725,0
2088,R,8533,1,8725,0
2092,R,8533,1,8725,0
2096,R,8533,1,8725,0
2100,R,8533,1,8725,0
2104,R,8533,1,8725,0
2108,R,8533,1,8725,0
2112,R,8533,1,8725,0
2116,R,8533,1,8725,0
2120,R,8533,1,8725,0
2124,R,8533,1,8725,0
2128,R,8533,1,8725,0
2132,R,8533,1,8725,0
2136,R,8533,1,8725,0
2140,R,8533,1,8725,0
2144,R,8533,1,8725,0
2148,R,8533,1,8725,0
2152,R,8533,1,8725,0
2156,R,8533,1,8725,0
2160,R,8533,1,8725,0
2164,R,8533,1,8725,0
2168,R,8533,1,8725,0
2172,R,8533,1,8725,0
2176,R,8533,1,8725,0
2180,R,8533,1,8725,0
2184,R,8533,1,8725,0
2188,R,8533,1,8725,0
2192,R,8533,1,8725,0
2196,R,8533,1,8725,0
2200,R,8533,1,8725,0
2204,R,8533,1,8725,0
2208,R,8533,1,8725,0
2212,R,8533,1,8725,0
2216,R,8533,1,8725,0
2220,R,8533,1,8725,0
2224,R,8533,1,8725,0
2228,R,8533,1,8725,0
2232,R,8533,1,8725,0
2236,R,8533,1,8725,0
2240,R,8533,1,8725,0
2244,R,8533,1,8725,0
2248,R,8533,1,8725,0
2252,R,8533,1,8725,0
2256,R,8533,1,8725,0
2260,R,8533,1,8725,0
2264,R,8533,1,8725,0
2268,R,8533,1,8725,0
2272,R,8533,1,8725,0
2276,R,8533,1,8725,0
2280,R,8533,1,8725,0
2284,R,8533,1,8725,0
2288,R,8533,1,8725,0
2292,R,8533,1,8725,0
2296,R,8533,1,8725,0
2300,R,8533,1,8725,0
2048,W,8533,1,8729,0
2052,W,8533,1,8729,0
2056,W,8533,1,8729,0
2060,W,8533,1,8729,0
2064,W,8533,1,8729,0
2068,W,8533,1,8729,0
2072,W,8533,1,8729,0
2076,W,8533,1,8729,0
2080,W,8533,1,8729,0
2084,W,8533,1,8729,0
2088,W,8533,1,8729,0
2092,W,8533,1,8729,0
2096,W,8533,1,8729,0
2100,W,8533,1,8729,0
2104,W,8533,1,8729,0
2108,W,8533,1,8729,0
2112,W,8533,1,8729,0
2116,W,8533,1,8729,0
2120,W,8533,1,8729,0
2124,W,8533,1,8729,0
2128,W,8533,1,8729,0
2132,W,8533,1,8729,0
2136,W,8533,1,8729,0
2140,W,8533,1,8729,0
2144,W,8533,1,8729,0
2148,W,8533,1,8729,0
2152,W,8533,1,8729,0
2156,W,8533,1,8729,0
2160,W,8533,1,8729,0
2164,W,8533,1,8729,0
2168,W,8533,1,8729,0
2172,W,8533,1,8729,0
2176,W,8533,1,8729,0
2180,W,8533,1,8729,0
2184,W,8533,1,8729,0
2188,W,8533,1,8729,0
2192,W,8533,1,8729,0
2196,W,8533,1,8729,0
2200,W,8533,1,8729,0
2204,W,8533,1,8729,0
2208,W,8533,1,8729,0
2212,W,8533,1,8729,0
2216,W,8533,1,8729,0
2220,W,8533,1,8729,0
2224,W,8533,1,8729,0
2228,W,8533,1,8729,0
2232,W,8533,1,8729,0
2236,W,8533,1,8729,0
2240,W,8533,1,8729,0
2244,W,8533,1,8729,0
2248,W,8533,1,8729,0
2252,W,8533,1,8729,0
2256,W,8533,1,8729,0
2260,W,8533,1,8729,0
2264,W,8533,1,8729,0
2268,W,8533,1,8729,0
2272,W,8533,1,8729,0
2276,W,8533,1,8729,0
2280,W,8533,1,8729,0
2284,W,8533,1,8729,0
2288,W,8533,1,8729,0
2292,W,8533,1,8729,0
2296,W,8533,1,8729,0
2300,W,8533,1,8729,0
2304,R,8534,1,8730,0
2308,R,8534,1,8730,0
2312,R,8534,1,8730,0
2316,R,8534,1,8730,0
2320,R,8534,1,8730,0
2324,R,8534,1,8730,0
2328,R,8534,1,8730,0
2332,R,8534,1,8730,0
2336,R,8534,1,8730,0
2340,R,8534,1,8730,0
2344,R,8534,1,8730,0
2348,R,8534,1,8730,0
2352,R,8534,1,8730,0
2356,R,8534,1,8730,0
2360,R,8534,1,8730,0
2364,R,8534,1,8730,0
2368,R,8534,1,8730,0
2372,R,8534,1,8730,0
2376,R,8534,1,8730,0
2380,R,8534,1,8730,0
2384,R,8534,1,8730,0
2388,R,8534,1,8730,0
2392,R,8534,1,8730,0
2396,R,8534,1,8730,0
2400,R,8534,1,8730,0
2404,R,8534,1,8730,0
2408,R,8534,1,8730,0
2412,R,8534,1,8730,0
2416,R,8534,1,8730,0
2420,R,8534,1,8730,0
2424,R,8534,1,8730,0
2428,R,8534,1,8730,0
2432,R,8534,1,8730,0
2436,R,8534,1,8730,0
2440,R,8534,1,8730,0
2444,R,8534,1,8730,0
2448,R,8534,1,8730,0
2452,R,8534,1,8730,0
2456,R,8534,1,8730,0
2460,R,8534,1,8730,0
2464,R,8534,1,8730,0
2468,R,8534,1,8730,0
2472,R,8534,1,8730,0
2476,R,8534,1,8730,0
2480,R,8534,1,8730,0
2484,R,8534,1,8730,0
2488,R,8534,1,8730,0
2492,R,8534,1,8730,0
2496,R,8534,1,8730,0
2500,R,8534,1,8730,0
2504,R,8534,1,8730,0
2508,R,8534,1,8730,0
2512,R,8534,1,8730,0
2516,R,8534,1,8730,0
2520,R,8534,1,8730,0
2524,R,8534,1,8730,0
2528,R,8534,1,8730,0
2532,R,8534,1,8730,0
2536,R,8534,1,8730,0
2540,R,8534,1,8730,0
2544,R,8534,1,8730,0
2548,R,8534,1,8730,0
2552,R,8534,1,8730,0
2556,R,8534,1,8730,0
2304,W,8534,1,8734,0
2308,W,8534,1,8734,0
2312,W,8534,1,8734,0
2316,W,8534,1,8734,0
2320,W,8534,1,8734,0
2324,W,8534,1,8734,0
2328,W,8534,1,8734,0
2332,W,8534,1,8734,0
2336,W,8534,1,8734,0
2340,W,8534,1,8734,0
2344,W,8534,1,8734,0
2348,W,8534,1,8734,0
2352,W,8534,1,8734,0
2356,W,8534,1,8734,0
2360,W,8534,1,8734,0
2364,W,8534,1,8734,0
2368,W,8534,1,8734,0
2372,W,8534,1,8734,0
2376,W,8534,1,8734,0
2380,W,8534,1,8734,0
2384,W,8534,1,8734,0
2388,W,8534,1,8734,0
2392,W,8534,1,8734,0
2396,W,8534,1,8734,0
2400,W,8534,1,8734,0
2404,W,8534,1,8734,0
2408,W,8534,1,8734,0
2412,W,8534,1,8734,0
2416,W,8534,1,8734,0
2420,W,8534,1,8734,0
2424,W,8534,1,8734,0
2428,W,8534,1,8734,0
2432,W,8534,1,8734,0
2436,W,8534,1,8734,0
2440,W,8534,1,8734,0
2444,W,8534,1,8734,0
2448,W,8534,1,8734,0
2452,W,8534,1,8734,0
2456,W,8534,1,8734,0
2460,W,8534,1,8734,0
2464,W,8534,1,8734,0
2468,W,8534,1,8734,0
2472,W,8534,1,8734,0
2476,W,8534,1,8734,0
2480,W,8534,1,8734,0
2484,W,8534,1,8734,0
2488,W,8534,1,8734,0
2492,W,8534,1,8734,0
2496,W,8534,1,8734,0
2500,W,8534,1,8734,0
2504,W,8534,1,8734,0
2508,W,8534,1,8734,0
2512,W,8534,1,8734,0
2516,W,8534,1,8734,0
2520,W,8534,1,8734,0
2524,W,8534,1,8734,0
2528,W,8534,1,8734,0
2532,W,8534,1,8734,0
2536,W,8534,1,8734,0
2540,W,8534,1,8734,0
2544,W,8534,1,8734,0
2548,W,8534,1,8734,0
2552,W,8534,1,8734,0
2556,W,8534,1,8734,0
512,R,8541,1,8738,0
516,R,8541,1,8738,0
520,R,8541,1,8738,0
524,R,8541,1,8738,0
528,R,8541,1,8738,0
532,R,8541,1,8738,0
536,R,8541,1,8738,0
540,R,8541,1,8738,0
544,R,8541,1,8738,0
548,R,8541,1,8738,0
552,R,8541,1,8738,0
556,R,8541,1,8738,0
560,R,8541,1,8738,0
564,R,8541,1,8738,0
568,R,8541,1,8738,0
572,R,8541,1,8738,0
576,R,8541,1,8738,0
580,R,8541,1,8738,0
584,R,8541,1,8738,0
588,R,8541,1,8738,0
592,R,8541,1,8738,0
596,R,8541,1,8738,0
600,R,8541,1,8738,0
604,R,8541,1,8738,0
608,R,8541,1,8738,0
612,R,8541,1,8738,0
616,R,8541,1,8738,0
620,R,8541,1,8738,0
624,R,8541,1,8738,0
628,R,8541,1,8738,0
632,R,8541,1,8738,0
636,R,8541,1,8738,0
640,R,8541,1,8738,0
644,R,8541,1,8738,0
648,R,8541,1,8738,0
652,R,8541,1,8738,0
656,R,8541,1,8738,0
660,R,8541,1,8738,0
664,R,8541,1,8738,0
668,R,8541,1,8738,0
672,R,8541,1,8738,0
676,R,8541,1,8738,0
680,R,8541,1,8738,0
684,R,8541,1,8738,0
688,R,8541,1,8738,0
692,R,8541,1,8738,0
696,R,8541,1,8738,0
700,R,8541,1,8738,0
704,R,8541,1,8738,0
708,R,8541,1,8738,0
712,R,8541,1,8738,0
716,R,8541,1,8738,0
720,R,8541,1,8738,0
724,R,8541,1,8738,0
728,R,8541,1,8738,0
732,R,8541,1,8738,0
736,R,8541,1,8738,0
740,R,8541,1,8738,0
744,R,8541,1,8738,0
748,R,8541,1,8738,0
752,R,8541,1,8738,0
756,R,8541,1,8738,0
760,R,8541,1,8738,0
764,R,8541,1,8738,0
2048,R,8541,1,8739,0
2052,R,8541,1,8739,0
2056,R,8541,1,8739,0
2060,R,8541,1,8739,0
2064,R,8541,1,8739,0
2068,R,8541,1,8739,0
2072,R,8541,1,8739,0
2076,R,8541,1,8739,0
2080,R,8541,1,8739,0
2084,R,8541,1,8739,0
2088,R,8541,1,8739,0
2092,R,8541,1,8739,0
2096,R,8541,1,8739,0
2100,R,8541,1,8739,0
2104,R,8541,1,8739,0
2108,R,8541,1,8739,0
2112,R,8541,1,8739,0
2116,R,8541,1,8739,0
2120,R,8541,1,8739,0
2124,R,8541,1,8739,0
2128,R,8541,1,8739,0
2132,R,8541,1,8739,0
2136,R,8541,1,8739,0
2140,R,8541,1,8739,0
2144,R,8541,1,8739,0
2148,R,8541,1,8739,0
2152,R,8541,1,8739,0
2156,R,8541,1,8739,0
2160,R,8541,1,8739,0
2164,R,8541,1,8739,0
2168,R,8541,1,8739,0
2172,R,8541,1,8739,0
2176,R,8541,1,8739,0
2180,R,8541,1,8739,0
2184,R,8541,1,8739,0
2188,R,8541,1,8739,0
2192,R,8541,1,8739,0
2196,R,8541,1,8739,0
2200,R,8541,1,8739,0
2204,R,8541,1,8739,0
2208,R,8541,1,8739,0
2212,R,8541,1,8739,0
2216,R,8541,1,8739,0
2220,R,8541,1,8739,0
2224,R,8541,1,8739,0
2228,R,8541,1,8739,0
2232,R,8541,1,8739,0
2236,R,8541,1,8739,0
2240,R,8541,1,8739,0
2244,R,8541,1,8739,0
2248,R,8541,1,8739,0
2252,R,8541,1,8739,0
2256,R,8541,1,8739,0
2260,R,8541,1,8739,0
2264,R,8541,1,8739,0
2268,R,8541,1,8739,0
2272,R,8541,1,8739,0
2276,R,8541,1,8739,0
2280,R,8541,1,8739,0
2284,R,8541,1,8739,0
2288,R,8541,1,8739,0
2292,R,8541,1,8739,0
2296,R,8541,1,8739,0
2300,R,8541,1,8739,0
2048,W,8541,1,8742,0
2052,W,8541,1,8742,0
2056,W,8541,1,8742,0
2060,W,8541,1,8742,0
2064,W,8541,1,8742,0
2068,W,8541,1,8742,0
2072,W,8541,1,8742,0
2076,W,8541,1,8742,0
2080,W,8541,1,8742,0
2084,W,8541,1,8742,0
2088,W,8541,1,8742,0
2092,W,8541,1,8742,0
2096,W,8541,1,8742,0
2100,W,8541,1,8742,0
2104,W,8541,1,8742,0
2108,W,8541,1,8742,0
2112,W,8541,1,8742,0
2116,W,8541,1,8742,0
2120,W,8541,1,8742,0
2124,W,8541,1,8742,0
2128,W,8541,1,8742,0
2132,W,8541,1,8742,0
2136,W,8541,1,8742,0
2140,W,8541,1,8742,0
2144,W,8541,1,8742,0
2148,W,8541,1,8742,0
2152,W,8541,1,8742,0
2156,W,8541,1,8742,0
2160,W,8541,1,8742,0
2164,W,8541,1,8742,0
2168,W,8541,1,8742,0
2172,W,8541,1,8742,0
2176,W,8541,1,8742,0
2180,W,8541,1,8742,0
2184,W,8541,1,8742,0
2188,W,8541,1,8742,0
2192,W,8541,1,8742,0
2196,W,8541,1,8742,0
2200,W,8541,1,8742,0
2204,W,8541,1,8742,0
2208,W,8541,1,8742,0
2212,W,8541,1,8742,0
2216,W,8541,1,8742,0
2220,W,8541,1,8742,0
2224,W,8541,1,8742,0
2228,W,8541,1,8742,0
2232,W,8541,1,8742,0
2236,W,8541,1,8742,0
2240,W,8541,1,8742,0
2244,W,8541,1,8742,0
2248,W,8541,1,8742,0
2252,W,8541,1,8742,0
2256,W,8541,1,8742,0
2260,W,8541,1,8742,0
2264,W,8541,1,8742,0
2268,W,8541,1,8742,0
2272,W,8541,1,8742,0
2276,W,8541,1,8742,0
2280,W,8541,1,8742,0
2284,W,8541,1,8742,0
2288,W,8541,1,8742,0
2292,W,8541,1,8742,0
2296,W,8541,1,8742,0
2300,W,8541,1,8742,0
768,R,8542,1,8743,0
772,R,8542,1,8743,0
776,R,8542,1,8743,0
780,R,8542,1,8743,0
784,R,8542,1,8743,0
788,R,8542,1,8743,0
792,R,8542,1,8743,0
796,R,8542,1,8743,0
800,R,8542,1,8743,0
804,R,8542,1,8743,0
808,R,8542,1,8743,0
812,R,8542,1,8743,0
816,R,8542,1,8743,0
820,R,8542,1,8743,0
824,R,8542,1,8743,0
828,R,8542,1,8743,0
832,R,8542,1,8743,0
836,R,8542,1,8743,0
840,R,8542,1,8743,0
844,R,8542,1,8743,0
848,R,8542,1,8743,0
852,R,8542,1,8743,0
856,R,8542,1,8743,0
860,R,8542,1,8743,0
864,R,8542,1,8743,0
868,R,8542,1,8743,0
872,R,8542,1,8743,0
876,R,8542,1,8743,0
880,R,8542,1,8743,0
884,R,8542,1,8743,0
888,R,8542,1,8743,0
892,R,8542,1,8743,0
896,R,8542,1,8743,0
900,R,8542,1,8743,0
904,R,8542,1,8743,0
908,R,8542,1,8743,0
912,R,8542,1,8743,0
916,R,8542,1,8743,0
920,R,8542,1,8743,0
924,R,8542,1,8743,0
928,R,8542,1,8743,0
932,R,8542,1,8743,0
936,R,8542,1,8743,0
940,R,8542,1,8743,0
944,R,8542,1,8743,0
948,R,8542,1,8743,0
952,R,8542,1,8743,0
956,R,8542,1,8743,0
960,R,8542,1,8743,0
964,R,8542,1,8743,0
968,R,8542,1,8743,0
972,R,8542,1,8743,0
976,R,8542,1,8743,0
980,R,8542,1,8743,0
984,R,8542,1,8743,0
988,R,8542,1,8743,0
992,R,8542,1,8743,0
996,R,8542,1,8743,0
1000,R,8542,1,8743,0
1004,R,8542,1,8743,0
1008,R,8542,1,8743,0
1012,R,8542,1,8743,0
1016,R,8542,1,8743,0
1020,R,8542,1,8743,0
2304,R,8542,1,8744,0
2308,R,8542,1,8744,0
2312,R,8542,1,8744,0
2316,R,8542,1,8744,0
2320,R,8542,1,8744,0
2324,R,8542,1,8744,0
2328,R,8542,1,8744,0
2332,R,8542,1,8744,0
2336,R,8542,1,8744,0
2340,R,8542,1,8744,0
2344,R,8542,1,8744,0
2348,R,8542,1,8744,0
2352,R,8542,1,8744,0
2356,R,8542,1,8744,0
2360,R,8542,1,8744,0
2364,R,8542,1,8744,0
2368,R,8542,1,8744,0
2372,R,8542,1,8744,0
2376,R,8542,1,8744,0
2380,R,8542,1,8744,0
2384,R,8542,1,8744,0
2388,R,8542,1,8744,0
2392,R,8542,1,8744,0
2396,R,8542,1,8744,0
2400,R,8542,1,8744,0
2404,R,8542,1,8744,0
2408,R,8542,1,8744,0
2412,R,8542,1,8744,0
2416,R,8542,1,8744,0
2420,R,8542,1,8744,0
2424,R,8542,1,8744,0
2428,R,8542,1,8744,0
2432,R,8542,1,8744,0
2436,R,8542,1,8744,0
2440,R,8542,1,8744,0
2444,R,8542,1,8744,0
2448,R,8542,1,8744,0
2452,R,8542,1,8744,0
2456,R,8542,1,8744,0
2460,R,8542,1,8744,0
2464,R,8542,1,8744,0
2468,R,8542,1,8744,0
2472,R,8542,1,8744,0
2476,R,8542,1,8744,0
2480,R,8542,1,8744,0
2484,R,8542,1,8744,0
2488,R,8542,1,8744,0
2492,R,8542,1,8744,0
2496,R,8542,1,8744,0
2500,R,8542,1,8744,0
2504,R,8542,1,8744,0
2508,R,8542,1,8744,0
2512,R,8542,1,8744,0
2516,R,8542,1,8744,0
2520,R,8542,1,8744,0
2524,R,8542,1,8744,0
2528,R,8542,1,8744,0
2532,R,8542,1,8744,0
2536,R,8542,1,8744,0
2540,R,8542,1,8744,0
2544,R,8542,1,8744,0
2548,R,8542,1,8744,0
2552,R,8542,1,8744,0
2556,R,8542,1,8744,0
2304,W,8542,1,8747,0
2308,W,8542,1,8747,0
2312,W,8542,1,8747,0
2316,W,8542,1,8747,0
2320,W,8542,1,8747,0
2324,W,8542,1,8747,0
2328,W,8542,1,8747,0
2332,W,8542,1,8747,0
2336,W,8542,1,8747,0
2340,W,8542,1,8747,0
2344,W,8542,1,8747,0
2348,W,8542,1,8747,0
2352,W,8542,1,8747,0
2356,W,8542,1,8747,0
2360,W,8542,1,8747,0
2364,W,8542,1,8747,0
2368,W,8542,1,8747,0
2372,W,8542,1,8747,0
2376,W,8542,1,8747,0
2380,W,8542,1,8747,0
2384,W,8542,1,8747,0
2388,W,8542,1,8747,0
2392,W,8542,1,8747,0
2396,W,8542,1,8747,0
2400,W,8542,1,8747,0
2404,W,8542,1,8747,0
2408,W,8542,1,8747,0
2412,W,8542,1,8747,0
2416,W,8542,1,8747,0
2420,W,8542,1,8747,0
2424,W,8542,1,8747,0
2428,W,8542,1,8747,0
2432,W,8542,1,8747,0
2436,W,8542,1,8747,0
2440,W,8542,1,8747,0
2444,W,8542,1,8747,0
2448,W,8542,1,8747,0
2452,W,8542,1,8747,0
2456,W,8542,1,8747,0
2460,W,8542,1,8747,0
2464,W,8542,1,8747,0
2468,W,8542,1,8747,0
2472,W,8542,1,8747,0
2476,W,8542,1,8747,0
2480,W,8542,1,8747,0
2484,W,8542,1,8747,0
2488,W,8542,1,8747,0
2492,W,8542,1,8747,0
2496,W,8542,1,8747,0
2500,W,8542,1,8747,0
2504,W,8542,1,8747,0
2508,W,8542,1,8747,0
2512,W,8542,1,8747,0
2516,W,8542,1,8747,0
2520,W,8542,1,8747,0
2524,W,8542,1,8747,0
2528,W,8542,1,8747,0
2532,W,8542,1,8747,0
2536,W,8542,1,8747,0
2540,W,8542,1,8747,0
2544,W,8542,1,8747,0
2548,W,8542,1,8747,0
2552,W,8542,1,8747,0
2556,W,8542,1,8747,0
512,W,8552,1,5691,0
516,W,8552,1,5691,0
520,W,8552,1,5691,0
524,W,8552,1,5691,0
528,W,8552,1,5691,0
532,W,8552,1,5691,0
536,W,8552,1,5691,0
540,W,8552,1,5691,0
544,W,8552,1,5691,0
548,W,8552,1,5691,0
552,W,8552,1,5691,0
556,W,8552,1,5691,0
560,W,8552,1,5691,0
564,W,8552,1,5691,0
568,W,8552,1,5691,0
572,W,8552,1,5691,0
576,W,8552,1,5691,0
580,W,8552,1,5691,0
584,W,8552,1,5691,0
588,W,8552,1,5691,0
592,W,8552,1,5691,0
596,W,8552,1,5691,0
600,W,8552,1,5691,0
604,W,8552,1,5691,0
608,W,8552,1,5691,0
612,W,8552,1,5691,0
616,W,8552,1,5691,0
620,W,8552,1,5691,0
624,W,8552,1,5691,0
628,W,8552,1,5691,0
632,W,8552,1,5691,0
636,W,8552,1,5691,0
640,W,8552,1,5691,0
644,W,8552,1,5691,0
648,W,8552,1,5691,0
652,W,8552,1,5691,0
656,W,8552,1,5691,0
660,W,8552,1,5691,0
664,W,8552,1,5691,0
668,W,8552,1,5691,0
672,W,8552,1,5691,0
676,W,8552,1,5691,0
680,W,8552,1,5691,0
684,W,8552,1,5691,0
688,W,8552,1,5691,0
692,W,8552,1,5691,0
696,W,8552,1,5691,0
700,W,8552,1,5691,0
704,W,8552,1,5691,0
708,W,8552,1,5691,0
712,W,8552,1,5691,0
716,W,8552,1,5691,0
720,W,8552,1,5691,0
724,W,8552,1,5691,0
728,W,8552,1,5691,0
732,W,8552,1,5691,0
736,W,8552,1,5691,0
740,W,8552,1,5691,0
744,W,8552,1,5691,0
748,W,8552,1,5691,0
752,W,8552,1,5691,0
756,W,8552,1,5691,0
760,W,8552,1,5691,0
764,W,8552,1,5691,0
768,W,8552,1,5691,0
772,W,8552,1,5691,0
776,W,8552,1,5691,0
780,W,8552,1,5691,0
784,W,8552,1,5691,0
788,W,8552,1,5691,0
792,W,8552,1,5691,0
796,W,8552,1,5691,0
800,W,8552,1,5691,0
804,W,8552,1,5691,0
808,W,8552,1,5691,0
812,W,8552,1,5691,0
816,W,8552,1,5691,0
820,W,8552,1,5691,0
824,W,8552,1,5691,0
828,W,8552,1,5691,0
832,W,8552,1,5691,0
836,W,8552,1,5691,0
840,W,8552,1,5691,0
844,W,8552,1,5691,0
848,W,8552,1,5691,0
852,W,8552,1,5691,0
856,W,8552,1,5691,0
860,W,8552,1,5691,0
864,W,8552,1,5691,0
868,W,8552,1,5691,0
872,W,8552,1,5691,0
876,W,8552,1,5691,0
880,W,8552,1,5691,0
884,W,8552,1,5691,0
888,W,8552,1,5691,0
892,W,8552,1,5691,0
896,W,8552,1,5691,0
900,W,8552,1,5691,0
904,W,8552,1,5691,0
908,W,8552,1,5691,0
912,W,8552,1,5691,0
916,W,8552,1,5691,0
920,W,8552,1,5691,0
924,W,8552,1,5691,0
928,W,8552,1,5691,0
932,W,8552,1,5691,0
936,W,8552,1,5691,0
940,W,8552,1,5691,0
944,W,8552,1,5691,0
948,W,8552,1,5691,0
952,W,8552,1,5691,0
956,W,8552,1,5691,0
960,W,8552,1,5691,0
964,W,8552,1,5691,0
968,W,8552,1,5691,0
972,W,8552,1,5691,0
976,W,8552,1,5691,0
980,W,8552,1,5691,0
984,W,8552,1,5691,0
988,W,8552,1,5691,0
992,W,8552,1,5691,0
996,W,8552,1,5691,0
1000,W,8552,1,5691,0
1004,W,8552,1,5691,0
1008,W,8552,1,5691,0
1012,W,8552,1,5691,0
1016,W,8552,1,5691,0
1020,W,8552,1,5691,0
0,W,8554,1,6193,0
4,W,8554,1,6193,0
8,W,8554,1,6193,0
12,W,8554,1,6193,0
16,W,8554,1,6193,0
20,W,8554,1,6193,0
24,W,8554,1,6193,0
28,W,8554,1,6193,0
32,W,8554,1,6193,0
36,W,8554,1,6193,0
40,W,8554,1,6193,0
44,W,8554,1,6193,0
48,W,8554,1,6193,0
52,W,8554,1,6193,0
56,W,8554,1,6193,0
60,W,8554,1,6193,0
64,W,8554,1,6193,0
68,W,8554,1,6193,0
72,W,8554,1,6193,0
76,W,8554,1,6193,0
80,W,8554,1,6193,0
84,W,8554,1,6193,0
88,W,8554,1,6193,0
92,W,8554,1,6193,0
96,W,8554,1,6193,0
100,W,8554,1,6193,0
104,W,8554,1,6193,0
108,W,8554,1,6193,0
112,W,8554,1,6193,0
116,W,8554,1,6193,0
120,W,8554,1,6193,0
124,W,8554,1,6193,0
128,W,8554,1,6193,0
132,W,8554,1,6193,0
136,W,8554,1,6193,0
140,W,8554,1,6193,0
144,W,8554,1,6193,0
148,W,8554,1,6193,0
152,W,8554,1,6193,0
156,W,8554,1,6193,0
160,W,8554,1,6193,0
164,W,8554,1,6193,0
168,W,8554,1,6193,0
172,W,8554,1,6193,0
176,W,8554,1,6193,0
180,W,8554,1,6193,0
184,W,8554,1,6193,0
188,W,8554,1,6193,0
192,W,8554,1,6193,0
196,W,8554,1,6193,0
200,W,8554,1,6193,0
204,W,8554,1,6193,0
208,W,8554,1,6193,0
212,W,8554,1,6193,0
216,W,8554,1,6193,0
220,W,8554,1,6193,0
224,W,8554,1,6193,0
228,W,8554,1,6193,0
232,W,8554,1,6193,0
236,W,8554,1,6193,0
240,W,8554,1,6193,0
244,W,8554,1,6193,0
248,W,8554,1,6193,0
252,W,8554,1,6193,0
256,W,8554,1,6193,0
260,W,8554,1,6193,0
264,W,8554,1,6193,0
268,W,8554,1,6193,0
272,W,8554,1,6193,0
276,W,8554,1,6193,0
280,W,8554,1,6193,0
284,W,8554,1,6193,0
288,W,8554,1,6193,0
292,W,8554,1,6193,0
296,W,8554,1,6193,0
300,W,8554,1,6193,0
304,W,8554,1,6193,0
308,W,8554,1,6193,0
312,W,8554,1,6193,0
316,W,8554,1,6193,0
320,W,8554,1,6193,0
324,W,8554,1,6193,0
328,W,8554,1,6193,0
332,W,8554,1,6193,0
336,W,8554,1,6193,0
340,W,8554,1,6193,0
344,W,8554,1,6193,0
348,W,8554,1,6193,0
352,W,8554,1,6193,0
356,W,8554,1,6193,0
360,W,8554,1,6193,0
364,W,8554,1,6193,0
368,W,8554,1,6193,0
372,W,8554,1,6193,0
376,W,8554,1,6193,0
380,W,8554,1,6193,0
384,W,8554,1,6193,0
388,W,8554,1,6193,0
392,W,8554,1,6193,0
396,W,8554,1,6193,0
400,W,8554,1,6193,0
404,W,8554,1,6193,0
408,W,8554,1,6193,0
412,W,8554,1,6193,0
416,W,8554,1,6193,0
420,W,8554,1,6193,0
424,W,8554,1,6193,0
428,W,8554,1,6193,0
432,W,8554,1,6193,0
436,W,8554,1,6193,0
440,W,8554,1,6193,0
444,W,8554,1,6193,0
448,W,8554,1,6193,0
452,W,8554,1,6193,0
456,W,8554,1,6193,0
460,W,8554,1,6193,0
464,W,8554,1,6193,0
468,W,8554,1,6193,0
472,W,8554,1,6193,0
476,W,8554,1,6193,0
480,W,8554,1,6193,0
484,W,8554,1,6193,0
488,W,8554,1,6193,0
492,W,8554,1,6193,0
496,W,8554,1,6193,0
500,W,8554,1,6193,0
504,W,8554,1,6193,0
508,W,8554,1,6193,0
512,R,8565,1,8752,0
516,R,8565,1,8752,0
520,R,8565,1,8752,0
524,R,8565,1,8752,0
528,R,8565,1,8752,0
532,R,8565,1,8752,0
536,R,8565,1,8752,0
540,R,8565,1,8752,0
544,R,8565,1,8752,0
548,R,8565,1,8752,0
552,R,8565,1,8752,0
556,R,8565,1,8752,0
560,R,8565,1,8752,0
564,R,8565,1,8752,0
568,R,8565,1,8752,0
572,R,8565,1,8752,0
576,R,8565,1,8752,0
580,R,8565,1,8752,0
584,R,8565,1,8752,0
588,R,8565,1,8752,0
592,R,8565,1,8752,0
596,R,8565,1,8752,0
600,R,8565,1,8752,0
604,R,8565,1,8752,0
608,R,8565,1,8752,0
612,R,8565,1,8752,0
616,R,8565,1,8752,0
620,R,8565,1,8752,0
624,R,8565,1,8752,0
628,R,8565,1,8752,0
632,R,8565,1,8752,0
636,R,8565,1,8752,0
640,R,8565,1,8752,0
644,R,8565,1,8752,0
648,R,8565,1,8752,0
652,R,8565,1,8752,0
656,R,8565,1,8752,0
660,R,8565,1,8752,0
664,R,8565,1,8752,0
668,R,8565,1,8752,0
672,R,8565,1,8752,0
676,R,8565,1,8752,0
680,R,8565,1,8752,0
684,R,8565,1,8752,0
688,R,8565,1,8752,0
692,R,8565,1,8752,0
696,R,8565,1,8752,0
700,R,8565,1,8752,0
704,R,8565,1,8752,0
708,R,8565,1,8752,0
712,R,8565,1,8752,0
716,R,8565,1,8752,0
720,R,8565,1,8752,0
724,R,8565,1,8752,0
728,R,8565,1,8752,0
732,R,8565,1,8752,0
736,R,8565,1,8752,0
740,R,8565,1,8752,0
744,R,8565,1,8752,0
748,R,8565,1,8752,0
752,R,8565,1,8752,0
756,R,8565,1,8752,0
760,R,8565,1,8752,0
764,R,8565,1,8752,0
2048,R,8565,1,8753,0
2052,R,8565,1,8753,0
2056,R,8565,1,8753,0
2060,R,8565,1,8753,0
2064,R,8565,1,8753,0
2068,R,8565,1,8753,0
2072,R,8565,1,8753,0
2076,R,8565,1,8753,0
2080,R,8565,1,8753,0
2084,R,8565,1,8753,0
2088,R,8565,1,8753,0
2092,R,8565,1,8753,0
2096,R,8565,1,8753,0
2100,R,8565,1,8753,0
2104,R,8565,1,8753,0
2108,R,8565,1,8753,0
2112,R,8565,1,8753,0
2116,R,8565,1,8753,0
2120,R,8565,1,8753,0
2124,R,8565,1,8753,0
2128,R,8565,1,8753,0
2132,R,8565,1,8753,0
2136,R,8565,1,8753,0
2140,R,8565,1,8753,0
2144,R,8565,1,8753,0
2148,R,8565,1,8753,0
2152,R,8565,1,8753,0
2156,R,8565,1,8753,0
2160,R,8565,1,8753,0
2164,R,8565,1,8753,0
2168,R,8565,1,8753,0
2172,R,8565,1,8753,0
2176,R,8565,1,8753,0
2180,R,8565,1,8753,0
2184,R,8565,1,8753,0
2188,R,8565,1,8753,0
2192,R,8565,1,8753,0
2196,R,8565,1,8753,0
2200,R,8565,1,8753,0
2204,R,8565,1,8753,0
2208,R,8565,1,8753,0
2212,R,8565,1,8753,0
2216,R,8565,1,8753,0
2220,R,8565,1,8753,0
2224,R,8565,1,8753,0
2228,R,8565,1,8753,0
2232,R,8565,1,8753,0
2236,R,8565,1,8753,0
2240,R,8565,1,8753,0
2244,R,8565,1,8753,0
2248,R,8565,1,8753,0
2252,R,8565,1,8753,0
2256,R,8565,1,8753,0
2260,R,8565,1,8753,0
2264,R,8565,1,8753,0
2268,R,8565,1,8753,0
2272,R,8565,1,8753,0
2276,R,8565,1,8753,0
2280,R,8565,1,8753,0
2284,R,8565,1,8753,0
2288,R,8565,1,8753,0
2292,R,8565,1,8753,0
2296,R,8565,1,8753,0
2300,R,8565,1,8753,0
1536,W,8565,1,8756,0
1540,W,8565,1,8756,0
1544,W,8565,1,8756,0
1548,W,8565,1,8756,0
1552,W,8565,1,8756,0
1556,W,8565,1,8756,0
1560,W,8565,1,8756,0
1564,W,8565,1,8756,0
1568,W,8565,1,8756,0
1572,W,8565,1,8756,0
1576,W,8565,1,8756,0
1580,W,8565,1,8756,0
1584,W,8565,1,8756,0
1588,W,8565,1,8756,0
1592,W,8565,1,8756,0
1596,W,8565,1,8756,0
1600,W,8565,1,8756,0
1604,W,8565,1,8756,0
1608,W,8565,1,8756,0
1612,W,8565,1,8756,0
1616,W,8565,1,8756,0
1620,W,8565,1,8756,0
1624,W,8565,1,8756,0
1628,W,8565,1,8756,0
1632,W,8565,1,8756,0
1636,W,8565,1,8756,0
1640,W,8565,1,8756,0
1644,W,8565,1,8756,0
1648,W,8565,1,8756,0
1652,W,8565,1,8756,0
1656,W,8565,1,8756,0
1660,W,8565,1,8756,0
1664,W,8565,1,8756,0
1668,W,8565,1,8756,0
1672,W,8565,1,8756,0
1676,W,8565,1,8756,0
1680,W,8565,1,8756,0
1684,W,8565,1,8756,0
1688,W,8565,1,8756,0
1692,W,8565,1,8756,0
1696,W,8565,1,8756,0
1700,W,8565,1,8756,0
1704,W,8565,1,8756,0
1708,W,8565,1,8756,0
1712,W,8565,1,8756,0
1716,W,8565,1,8756,0
1720,W,8565,1,8756,0
1724,W,8565,1,8756,0
1728,W,8565,1,8756,0
1732,W,8565,1,8756,0
1736,W,8565,1,8756,0
1740,W,8565,1,8756,0
1744,W,8565,1,8756,0
1748,W,8565,1,8756,0
1752,W,8565,1,8756,0
1756,W,8565,1,8756,0
1760,W,8565,1,8756,0
1764,W,8565,1,8756,0
1768,W,8565,1,8756,0
1772,W,8565,1,8756,0
1776,W,8565,1,8756,0
1780,W,8565,1,8756,0
1784,W,8565,1,8756,0
1788,W,8565,1,8756,0
768,R,8566,1,8757,0
772,R,8566,1,8757,0
776,R,8566,1,8757,0
780,R,8566,1,8757,0
784,R,8566,1,8757,0
788,R,8566,1,8757,0
792,R,8566,1,8757,0
796,R,8566,1,8757,0
800,R,8566,1,8757,0
804,R,8566,1,8757,0
808,R,8566,1,8757,0
812,R,8566,1,8757,0
816,R,8566,1,8757,0
820,R,8566,1,8757,0
824,R,8566,1,8757,0
828,R,8566,1,8757,0
832,R,8566,1,8757,0
836,R,8566,1,8757,0
840,R,8566,1,8757,0
844,R,8566,1,8757,0
848,R,8566,1,8757,0
852,R,8566,1,8757,0
856,R,8566,1,8757,0
860,R,8566,1,8757,0
864,R,8566,1,8757,0
868,R,8566,1,8757,0
872,R,8566,1,8757,0
876,R,8566,1,8757,0
880,R,8566,1,8757,0
884,R,8566,1,8757,0
888,R,8566,1,8757,0
892,R,8566,1,8757,0
896,R,8566,1,8757,0
900,R,8566,1,8757,0
904,R,8566,1,8757,0
908,R,8566,1,8757,0
912,R,8566,1,8757,0
916,R,8566,1,8757,0
920,R,8566,1,8757,0
924,R,8566,1,8757,0
928,R,8566,1,8757,0
932,R,8566,1,8757,0
936,R,8566,1,8757,0
940,R,8566,1,8757,0
944,R,8566,1,8757,0
948,R,8566,1,8757,0
952,R,8566,1,8757,0
956,R,8566,1,8757,0
960,R,8566,1,8757,0
964,R,8566,1,8757,0
968,R,8566,1,8757,0
972,R,8566,1,8757,0
976,R,8566,1,8757,0
980,R,8566,1,8757,0
984,R,8566,1,8757,0
988,R,8566,1,8757,0
992,R,8566,1,8757,0
996,R,8566,1,8757,0
1000,R,8566,1,8757,0
1004,R,8566,1,8757,0
1008,R,8566,1,8757,0
1012,R,8566,1,8757,0
1016,R,8566,1,8757,0
1020,R,8566,1,8757,0
2304,R,8566,1,8758,0
2308,R,8566,1,8758,0
2312,R,8566,1,8758,0
2316,R,8566,1,8758,0
2320,R,8566,1,8758,0
2324,R,8566,1,8758,0
2328,R,8566,1,8758,0
2332,R,8566,1,8758,0
2336,R,8566,1,8758,0
2340,R,8566,1,8758,0
2344,R,8566,1,8758,0
2348,R,8566,1,8758,0
2352,R,8566,1,8758,0
2356,R,8566,1,8758,0
2360,R,8566,1,8758,0
2364,R,8566,1,8758,0
2368,R,8566,1,8758,0
2372,R,8566,1,8758,0
2376,R,8566,1,8758,0
2380,R,8566,1,8758,0
2384,R,8566,1,8758,0
2388,R,8566,1,8758,0
2392,R,8566,1,8758,0
2396,R,8566,1,8758,0
2400,R,8566,1,8758,0
2404,R,8566,1,8758,0
2408,R,8566,1,8758,0
2412,R,8566,1,8758,0
2416,R,8566,1,8758,0
2420,R,8566,1,8758,0
2424,R,8566,1,8758,0
2428,R,8566,1,8758,0
2432,R,8566,1,8758,0
2436,R,8566,1,8758,0
2440,R,8566,1,8758,0
2444,R,8566,1,8758,0
2448,R,8566,1,8758,0
2452,R,8566,1,8758,0
2456,R,8566,1,8758,0
2460,R,8566,1,8758,0
2464,R,8566,1,8758,0
2468,R,8566,1,8758,0
2472,R,8566,1,8758,0
2476,R,8566,1,8758,0
2480,R,8566,1,8758,0
2484,R,8566,1,8758,0
2488,R,8566,1,8758,0
2492,R,8566,1,8758,0
2496,R,8566,1,8758,0
2500,R,8566,1,8758,0
2504,R,8566,1,8758,0
2508,R,8566,1,8758,0
2512,R,8566,1,8758,0
2516,R,8566,1,8758,0
2520,R,8566,1,8758,0
2524,R,8566,1,8758,0
2528,R,8566,1,8758,0
2532,R,8566,1,8758,0
2536,R,8566,1,8758,0
2540,R,8566,1,8758,0
2544,R,8566,1,8758,0
2548,R,8566,1,8758,0
2552,R,8566,1,8758,0
2556,R,8566,1,8758,0
1792,W,8566,1,8761,0
1796,W,8566,1,8761,0
1800,W,8566,1,8761,0
1804,W,8566,1,8761,0
1808,W,8566,1,8761,0
1812,W,8566,1,8761,0
1816,W,8566,1,8761,0
1820,W,8566,1,8761,0
1824,W,8566,1,8761,0
1828,W,8566,1,8761,0
1832,W,8566,1,8761,0
1836,W,8566,1,8761,0
1840,W,8566,1,8761,0
1844,W,8566,1,8761,0
1848,W,8566,1,8761,0
1852,W,8566,1,8761,0
1856,W,8566,1,8761,0
1860,W,8566,1,8761,0
1864,W,8566,1,8761,0
1868,W,8566,1,8761,0
1872,W,8566,1,8761,0
1876,W,8566,1,8761,0
1880,W,8566,1,8761,0
1884,W,8566,1,8761,0
1888,W,8566,1,8761,0
1892,W,8566,1,8761,0
1896,W,8566,1,8761,0
1900,W,8566,1,8761,0
1904,W,8566,1,8761,0
1908,W,8566,1,8761,0
1912,W,8566,1,8761,0
1916,W,8566,1,8761,0
1920,W,8566,1,8761,0
1924,W,8566,1,8761,0
1928,W,8566,1,8761,0
1932,W,8566,1,8761,0
1936,W,8566,1,8761,0
1940,W,8566,1,8761,0
1944,W,8566,1,8761,0
1948,W,8566,1,8761,0
1952,W,8566,1,8761,0
1956,W,8566,1,8761,0
1960,W,8566,1,8761,0
1964,W,8566,1,8761,0
1968,W,8566,1,8761,0
1972,W,8566,1,8761,0
1976,W,8566,1,8761,0
1980,W,8566,1,8761,0
1984,W,8566,1,8761,0
1988,W,8566,1,8761,0
1992,W,8566,1,8761,0
1996,W,8566,1,8761,0
2000,W,8566,1,8761,0
2004,W,8566,1,8761,0
2008,W,8566,1,8761,0
2012,W,8566,1,8761,0
2016,W,8566,1,8761,0
2020,W,8566,1,8761,0
2024,W,8566,1,8761,0
2028,W,8566,1,8761,0
2032,W,8566,1,8761,0
2036,W,8566,1,8761,0
2040,W,8566,1,8761,0
2044,W,8566,1,8761,0
512,R,8581,1,8776,0
516,R,8581,1,8776,0
520,R,8581,1,8776,0
524,R,8581,1,8776,0
528,R,8581,1,8776,0
532,R,8581,1,8776,0
536,R,8581,1,8776,0
540,R,8581,1,8776,0
544,R,8581,1,8776,0
548,R,8581,1,8776,0
552,R,8581,1,8776,0
556,R,8581,1,8776,0
560,R,8581,1,8776,0
564,R,8581,1,8776,0
568,R,8581,1,8776,0
572,R,8581,1,8776,0
576,R,8581,1,8776,0
580,R,8581,1,8776,0
584,R,8581,1,8776,0
588,R,8581,1,8776,0
592,R,8581,1,8776,0
596,R,8581,1,8776,0
600,R,8581,1,8776,0
604,R,8581,1,8776,0
608,R,8581,1,8776,0
612,R,8581,1,8776,0
616,R,8581,1,8776,0
620,R,8581,1,8776,0
624,R,8581,1,8776,0
628,R,8581,1,8776,0
632,R,8581,1,8776,0
636,R,8581,1,8776,0
640,R,8581,1,8776,0
644,R,8581,1,8776,0
648,R,8581,1,8776,0
652,R,8581,1,8776,0
656,R,8581,1,8776,0
660,R,8581,1,8776,0
664,R,8581,1,8776,0
668,R,8581,1,8776,0
672,R,8581,1,8776,0
676,R,8581,1,8776,0
680,R,8581,1,8776,0
684,R,8581,1,8776,0
688,R,8581,1,8776,0
692,R,8581,1,8776,0
696,R,8581,1,8776,0
700,R,8581,1,8776,0
704,R,8581,1,8776,0
708,R,8581,1,8776,0
712,R,8581,1,8776,0
716,R,8581,1,8776,0
720,R,8581,1,8776,0
724,R,8581,1,8776,0
728,R,8581,1,8776,0
732,R,8581,1,8776,0
736,R,8581,1,8776,0
740,R,8581,1,8776,0
744,R,8581,1,8776,0
748,R,8581,1,8776,0
752,R,8581,1,8776,0
756,R,8581,1,8776,0
760,R,8581,1,8776,0
764,R,8581,1,8776,0
2048,W,8581,1,8779,0
2052,W,8581,1,8779,0
2056,W,8581,1,8779,0
2060,W,8581,1,8779,0
2064,W,8581,1,8779,0
2068,W,8581,1,8779,0
2072,W,8581,1,8779,0
2076,W,8581,1,8779,0
2080,W,8581,1,8779,0
2084,W,8581,1,8779,0
2088,W,8581,1,8779,0
2092,W,8581,1,8779,0
2096,W,8581,1,8779,0
2100,W,8581,1,8779,0
2104,W,8581,1,8779,0
2108,W,8581,1,8779,0
2112,W,8581,1,8779,0
2116,W,8581,1,8779,0
2120,W,8581,1,8779,0
2124,W,8581,1,8779,0
2128,W,8581,1,8779,0
2132,W,8581,1,8779,0
2136,W,8581,1,8779,0
2140,W,8581,1,8779,0
2144,W,8581,1,8779,0
2148,W,8581,1,8779,0
2152,W,8581,1,8779,0
2156,W,8581,1,8779,0
2160,W,8581,1,8779,0
2164,W,8581,1,8779,0
2168,W,8581,1,8779,0
2172,W,8581,1,8779,0
2176,W,8581,1,8779,0
2180,W,8581,1,8779,0
2184,W,8581,1,8779,0
2188,W,8581,1,8779,0
2192,W,8581,1,8779,0
2196,W,8581,1,8779,0
2200,W,8581,1,8779,0
2204,W,8581,1,8779,0
2208,W,8581,1,8779,0
2212,W,8581,1,8779,0
2216,W,8581,1,8779,0
2220,W,8581,1,8779,0
2224,W,8581,1,8779,0
2228,W,8581,1,8779,0
2232,W,8581,1,8779,0
2236,W,8581,1,8779,0
2240,W,8581,1,8779,0
2244,W,8581,1,8779,0
2248,W,8581,1,8779,0
2252,W,8581,1,8779,0
2256,W,8581,1,8779,0
2260,W,8581,1,8779,0
2264,W,8581,1,8779,0
2268,W,8581,1,8779,0
2272,W,8581,1,8779,0
2276,W,8581,1,8779,0
2280,W,8581,1,8779,0
2284,W,8581,1,8779,0
2288,W,8581,1,8779,0
2292,W,8581,1,8779,0
2296,W,8581,1,8779,0
2300,W,8581,1,8779,0
768,R,8582,1,8781,0
772,R,8582,1,8781,0
776,R,8582,1,8781,0
780,R,8582,1,8781,0
784,R,8582,1,8781,0
788,R,8582,1,8781,0
792,R,8582,1,8781,0
796,R,8582,1,8781,0
800,R,8582,1,8781,0
804,R,8582,1,8781,0
808,R,8582,1,8781,0
812,R,8582,1,8781,0
816,R,8582,1,8781,0
820,R,8582,1,8781,0
824,R,8582,1,8781,0
828,R,8582,1,8781,0
832,R,8582,1,8781,0
836,R,8582,1,8781,0
840,R,8582,1,8781,0
844,R,8582,1,8781,0
848,R,8582,1,8781,0
852,R,8582,1,8781,0
856,R,8582,1,8781,0
860,R,8582,1,8781,0
864,R,8582,1,8781,0
868,R,8582,1,8781,0
872,R,8582,1,8781,0
876,R,8582,1,8781,0
880,R,8582,1,8781,0
884,R,8582,1,8781,0
888,R,8582,1,8781,0
892,R,8582,1,8781,0
896,R,8582,1,8781,0
900,R,8582,1,8781,0
904,R,8582,1,8781,0
908,R,8582,1,8781,0
912,R,8582,1,8781,0
916,R,8582,1,8781,0
920,R,8582,1,8781,0
924,R,8582,1,8781,0
928,R,8582,1,8781,0
932,R,8582,1,8781,0
936,R,8582,1,8781,0
940,R,8582,1,8781,0
944,R,8582,1,8781,0
948,R,8582,1,8781,0
952,R,8582,1,8781,0
956,R,8582,1,8781,0
960,R,8582,1,8781,0
964,R,8582,1,8781,0
968,R,8582,1,8781,0
972,R,8582,1,8781,0
976,R,8582,1,8781,0
980,R,8582,1,8781,0
984,R,8582,1,8781,0
988,R,8582,1,8781,0
992,R,8582,1,8781,0
996,R,8582,1,8781,0
1000,R,8582,1,8781,0
1004,R,8582,1,8781,0
1008,R,8582,1,8781,0
1012,R,8582,1,8781,0
1016,R,8582,1,8781,0
1020,R,8582,1,8781,0
2304,W,8582,1,8784,0
2308,W,8582,1,8784,0
2312,W,8582,1,8784,0
2316,W,8582,1,8784,0
2320,W,8582,1,8784,0
2324,W,8582,1,8784,0
2328,W,8582,1,8784,0
2332,W,8582,1,8784,0
2336,W,8582,1,8784,0
2340,W,8582,1,8784,0
2344,W,8582,1,8784,0
2348,W,8582,1,8784,0
2352,W,8582,1,8784,0
2356,W,8582,1,8784,0
2360,W,8582,1,8784,0
2364,W,8582,1,8784,0
2368,W,8582,1,8784,0
2372,W,8582,1,8784,0
2376,W,8582,1,8784,0
2380,W,8582,1,8784,0
2384,W,8582,1,8784,0
2388,W,8582,1,8784,0
2392,W,8582,1,8784,0
2396,W,8582,1,8784,0
2400,W,8582,1,8784,0
2404,W,8582,1,8784,0
2408,W,8582,1,8784,0
2412,W,8582,1,8784,0
2416,W,8582,1,8784,0
2420,W,8582,1,8784,0
2424,W,8582,1,8784,0
2428,W,8582,1,8784,0
2432,W,8582,1,8784,0
2436,W,8582,1,8784,0
2440,W,8582,1,8784,0
2444,W,8582,1,8784,0
2448,W,8582,1,8784,0
2452,W,8582,1,8784,0
2456,W,8582,1,8784,0
2460,W,8582,1,8784,0
2464,W,8582,1,8784,0
2468,W,8582,1,8784,0
2472,W,8582,1,8784,0
2476,W,8582,1,8784,0
2480,W,8582,1,8784,0
2484,W,8582,1,8784,0
2488,W,8582,1,8784,0
2492,W,8582,1,8784,0
2496,W,8582,1,8784,0
2500,W,8582,1,8784,0
2504,W,8582,1,8784,0
2508,W,8582,1,8784,0
2512,W,8582,1,8784,0
2516,W,8582,1,8784,0
2520,W,8582,1,8784,0
2524,W,8582,1,8784,0
2528,W,8582,1,8784,0
2532,W,8582,1,8784,0
2536,W,8582,1,8784,0
2540,W,8582,1,8784,0
2544,W,8582,1,8784,0
2548,W,8582,1,8784,0
2552,W,8582,1,8784,0
2556,W,8582,1,8784,0
2048,R,8589,1,8795,0
2052,R,8589,1,8795,0
2056,R,8589,1,8795,0
2060,R,8589,1,8795,0
2064,R,8589,1,8795,0
2068,R,8589,1,8795,0
2072,R,8589,1,8795,0
2076,R,8589,1,8795,0
2080,R,8589,1,8795,0
2084,R,8589,1,8795,0
2088,R,8589,1,8795,0
2092,R,8589,1,8795,0
2096,R,8589,1,8795,0
2100,R,8589,1,8795,0
2104,R,8589,1,8795,0
2108,R,8589,1,8795,0
2112,R,8589,1,8795,0
2116,R,8589,1,8795,0
2120,R,8589,1,8795,0
2124,R,8589,1,8795,0
2128,R,8589,1,8795,0
2132,R,8589,1,8795,0
2136,R,8589,1,8795,0
2140,R,8589,1,8795,0
2144,R,8589,1,8795,0
2148,R,8589,1,8795,0
2152,R,8589,1,8795,0
2156,R,8589,1,8795,0
2160,R,8589,1,8795,0
2164,R,8589,1,8795,0
2168,R,8589,1,8795,0
2172,R,8589,1,8795,0
2176,R,8589,1,8795,0
2180,R,8589,1,8795,0
2184,R,8589,1,8795,0
2188,R,8589,1,8795,0
2192,R,8589,1,8795,0
2196,R,8589,1,8795,0
2200,R,8589,1,8795,0
2204,R,8589,1,8795,0
2208,R,8589,1,8795,0
2212,R,8589,1,8795,0
2216,R,8589,1,8795,0
2220,R,8589,1,8795,0
2224,R,8589,1,8795,0
2228,R,8589,1,8795,0
2232,R,8589,1,8795,0
2236,R,8589,1,8795,0
2240,R,8589,1,8795,0
2244,R,8589,1,8795,0
2248,R,8589,1,8795,0
2252,R,8589,1,8795,0
2256,R,8589,1,8795,0
2260,R,8589,1,8795,0
2264,R,8589,1,8795,0
2268,R,8589,1,8795,0
2272,R,8589,1,8795,0
2276,R,8589,1,8795,0
2280,R,8589,1,8795,0
2284,R,8589,1,8795,0
2288,R,8589,1,8795,0
2292,R,8589,1,8795,0
2296,R,8589,1,8795,0
2300,R,8589,1,8795,0
2048,W,8589,1,8799,0
2052,W,8589,1,8799,0
2056,W,8589,1,8799,0
2060,W,8589,1,8799,0
2064,W,8589,1,8799,0
2068,W,8589,1,8799,0
2072,W,8589,1,8799,0
2076,W,8589,1,8799,0
2080,W,8589,1,8799,0
2084,W,8589,1,8799,0
2088,W,8589,1,8799,0
2092,W,8589,1,8799,0
2096,W,8589,1,8799,0
2100,W,8589,1,8799,0
2104,W,8589,1,8799,0
2108,W,8589,1,8799,0
2112,W,8589,1,8799,0
2116,W,8589,1,8799,0
2120,W,8589,1,8799,0
2124,W,8589,1,8799,0
2128,W,8589,1,8799,0
2132,W,8589,1,8799,0
2136,W,8589,1,8799,0
2140,W,8589,1,8799,0
2144,W,8589,1,8799,0
2148,W,8589,1,8799,0
2152,W,8589,1,8799,0
2156,W,8589,1,8799,0
2160,W,8589,1,8799,0
2164,W,8589,1,8799,0
2168,W,8589,1,8799,0
2172,W,8589,1,8799,0
2176,W,8589,1,8799,0
2180,W,8589,1,8799,0
2184,W,8589,1,8799,0
2188,W,8589,1,8799,0
2192,W,8589,1,8799,0
2196,W,8589,1,8799,0
2200,W,8589,1,8799,0
2204,W,8589,1,8799,0
2208,W,8589,1,8799,0
2212,W,8589,1,8799,0
2216,W,8589,1,8799,0
2220,W,8589,1,8799,0
2224,W,8589,1,8799,0
2228,W,8589,1,8799,0
2232,W,8589,1,8799,0
2236,W,8589,1,8799,0
2240,W,8589,1,8799,0
2244,W,8589,1,8799,0
2248,W,8589,1,8799,0
2252,W,8589,1,8799,0
2256,W,8589,1,8799,0
2260,W,8589,1,8799,0
2264,W,8589,1,8799,0
2268,W,8589,1,8799,0
2272,W,8589,1,8799,0
2276,W,8589,1,8799,0
2280,W,8589,1,8799,0
2284,W,8589,1,8799,0
2288,W,8589,1,8799,0
2292,W,8589,1,8799,0
2296,W,8589,1,8799,0
2300,W,8589,1,8799,0
2304,R,8590,1,8801,0
2308,R,8590,1,8801,0
2312,R,8590,1,8801,0
2316,R,8590,1,8801,0
2320,R,8590,1,8801,0
2324,R,8590,1,8801,0
2328,R,8590,1,8801,0
2332,R,8590,1,8801,0
2336,R,8590,1,8801,0
2340,R,8590,1,8801,0
2344,R,8590,1,8801,0
2348,R,8590,1,8801,0
2352,R,8590,1,8801,0
2356,R,8590,1,8801,0
2360,R,8590,1,8801,0
2364,R,8590,1,8801,0
2368,R,8590,1,8801,0
2372,R,8590,1,8801,0
2376,R,8590,1,8801,0
2380,R,8590,1,8801,0
2384,R,8590,1,8801,0
2388,R,8590,1,8801,0
2392,R,8590,1,8801,0
2396,R,8590,1,8801,0
2400,R,8590,1,8801,0
2404,R,8590,1,8801,0
2408,R,8590,1,8801,0
2412,R,8590,1,8801,0
2416,R,8590,1,8801,0
2420,R,8590,1,8801,0
2424,R,8590,1,8801,0
2428,R,8590,1,8801,0
2432,R,8590,1,8801,0
2436,R,8590,1,8801,0
2440,R,8590,1,8801,0
2444,R,8590,1,8801,0
2448,R,8590,1,8801,0
2452,R,8590,1,8801,0
2456,R,8590,1,8801,0
2460,R,8590,1,8801,0
2464,R,8590,1,8801,0
2468,R,8590,1,8801,0
2472,R,8590,1,8801,0
2476,R,8590,1,8801,0
2480,R,8590,1,8801,0
2484,R,8590,1,8801,0
2488,R,8590,1,8801,0
2492,R,8590,1,8801,0
2496,R,8590,1,8801,0
2500,R,8590,1,8801,0
2504,R,8590,1,8801,0
2508,R,8590,1,8801,0
2512,R,8590,1,8801,0
2516,R,8590,1,8801,0
2520,R,8590,1,8801,0
2524,R,8590,1,8801,0
2528,R,8590,1,8801,0
2532,R,8590,1,8801,0
2536,R,8590,1,8801,0
2540,R,8590,1,8801,0
2544,R,8590,1,8801,0
2548,R,8590,1,8801,0
2552,R,8590,1,8801,0
2556,R,8590,1,8801,0
2304,W,8590,1,8805,0
2308,W,8590,1,8805,0
2312,W,8590,1,8805,0
2316,W,8590,1,8805,0
2320,W,8590,1,8805,0
2324,W,8590,1,8805,0
2328,W,8590,1,8805,0
2332,W,8590,1,8805,0
2336,W,8590,1,8805,0
2340,W,8590,1,8805,0
2344,W,8590,1,8805,0
2348,W,8590,1,8805,0
2352,W,8590,1,8805,0
2356,W,8590,1,8805,0
2360,W,8590,1,8805,0
2364,W,8590,1,8805,0
2368,W,8590,1,8805,0
2372,W,8590,1,8805,0
2376,W,8590,1,8805,0
2380,W,8590,1,8805,0
2384,W,8590,1,8805,0
2388,W,8590,1,8805,0
2392,W,8590,1,8805,0
2396,W,8590,1,8805,0
2400,W,8590,1,8805,0
2404,W,8590,1,8805,0
2408,W,8590,1,8805,0
2412,W,8590,1,8805,0
2416,W,8590,1,8805,0
2420,W,8590,1,8805,0
2424,W,8590,1,8805,0
2428,W,8590,1,8805,0
2432,W,8590,1,8805,0
2436,W,8590,1,8805,0
2440,W,8590,1,8805,0
2444,W,8590,1,8805,0
2448,W,8590,1,8805,0
2452,W,8590,1,8805,0
2456,W,8590,1,8805,0
2460,W,8590,1,8805,0
2464,W,8590,1,8805,0
2468,W,8590,1,8805,0
2472,W,8590,1,8805,0
2476,W,8590,1,8805,0
2480,W,8590,1,8805,0
2484,W,8590,1,8805,0
2488,W,8590,1,8805,0
2492,W,8590,1,8805,0
2496,W,8590,1,8805,0
2500,W,8590,1,8805,0
2504,W,8590,1,8805,0
2508,W,8590,1,8805,0
2512,W,8590,1,8805,0
2516,W,8590,1,8805,0
2520,W,8590,1,8805,0
2524,W,8590,1,8805,0
2528,W,8590,1,8805,0
2532,W,8590,1,8805,0
2536,W,8590,1,8805,0
2540,W,8590,1,8805,0
2544,W,8590,1,8805,0
2548,W,8590,1,8805,0
2552,W,8590,1,8805,0
2556,W,8590,1,8805,0
2048,R,8597,1,8816,0
2052,R,8597,1,8816,0
2056,R,8597,1,8816,0
2060,R,8597,1,8816,0
2064,R,8597,1,8816,0
2068,R,8597,1,8816,0
2072,R,8597,1,8816,0
2076,R,8597,1,8816,0
2080,R,8597,1,8816,0
2084,R,8597,1,8816,0
2088,R,8597,1,8816,0
2092,R,8597,1,8816,0
2096,R,8597,1,8816,0
2100,R,8597,1,8816,0
2104,R,8597,1,8816,0
2108,R,8597,1,8816,0
2112,R,8597,1,8816,0
2116,R,8597,1,8816,0
2120,R,8597,1,8816,0
2124,R,8597,1,8816,0
2128,R,8597,1,8816,0
2132,R,8597,1,8816,0
2136,R,8597,1,8816,0
2140,R,8597,1,8816,0
2144,R,8597,1,8816,0
2148,R,8597,1,8816,0
2152,R,8597,1,8816,0
2156,R,8597,1,8816,0
2160,R,8597,1,8816,0
2164,R,8597,1,8816,0
2168,R,8597,1,8816,0
2172,R,8597,1,8816,0
2176,R,8597,1,8816,0
2180,R,8597,1,8816,0
2184,R,8597,1,8816,0
2188,R,8597,1,8816,0
2192,R,8597,1,8816,0
2196,R,8597,1,8816,0
2200,R,8597,1,8816,0
2204,R,8597,1,8816,0
2208,R,8597,1,8816,0
2212,R,8597,1,8816,0
2216,R,8597,1,8816,0
2220,R,8597,1,8816,0
2224,R,8597,1,8816,0
2228,R,8597,1,8816,0
2232,R,8597,1,8816,0
2236,R,8597,1,8816,0
2240,R,8597,1,8816,0
2244,R,8597,1,8816,0
2248,R,8597,1,8816,0
2252,R,8597,1,8816,0
2256,R,8597,1,8816,0
2260,R,8597,1,8816,0
2264,R,8597,1,8816,0
2268,R,8597,1,8816,0
2272,R,8597,1,8816,0
2276,R,8597,1,8816,0
2280,R,8597,1,8816,0
2284,R,8597,1,8816,0
2288,R,8597,1,8816,0
2292,R,8597,1,8816,0
2296,R,8597,1,8816,0
2300,R,8597,1,8816,0
512,R,8597,1,8817,0
516,R,8597,1,8817,0
520,R,8597,1,8817,0
524,R,8597,1,8817,0
528,R,8597,1,8817,0
532,R,8597,1,8817,0
536,R,8597,1,8817,0
540,R,8597,1,8817,0
544,R,8597,1,8817,0
548,R,8597,1,8817,0
552,R,8597,1,8817,0
556,R,8597,1,8817,0
560,R,8597,1,8817,0
564,R,8597,1,8817,0
568,R,8597,1,8817,0
572,R,8597,1,8817,0
576,R,8597,1,8817,0
580,R,8597,1,8817,0
584,R,8597,1,8817,0
588,R,8597,1,8817,0
592,R,8597,1,8817,0
596,R,8597,1,8817,0
600,R,8597,1,8817,0
604,R,8597,1,8817,0
608,R,8597,1,8817,0
612,R,8597,1,8817,0
616,R,8597,1,8817,0
620,R,8597,1,8817,0
624,R,8597,1,8817,0
628,R,8597,1,8817,0
632,R,8597,1,8817,0
636,R,8597,1,8817,0
640,R,8597,1,8817,0
644,R,8597,1,8817,0
648,R,8597,1,8817,0
652,R,8597,1,8817,0
656,R,8597,1,8817,0
660,R,8597,1,8817,0
664,R,8597,1,8817,0
668,R,8597,1,8817,0
672,R,8597,1,8817,0
676,R,8597,1,8817,0
680,R,8597,1,8817,0
684,R,8597,1,8817,0
688,R,8597,1,8817,0
692,R,8597,1,8817,0
696,R,8597,1,8817,0
700,R,8597,1,8817,0
704,R,8597,1,8817,0
708,R,8597,1,8817,0
712,R,8597,1,8817,0
716,R,8597,1,8817,0
720,R,8597,1,8817,0
724,R,8597,1,8817,0
728,R,8597,1,8817,0
732,R,8597,1,8817,0
736,R,8597,1,8817,0
740,R,8597,1,8817,0
744,R,8597,1,8817,0
748,R,8597,1,8817,0
752,R,8597,1,8817,0
756,R,8597,1,8817,0
760,R,8597,1,8817,0
764,R,8597,1,8817,0
2048,W,8597,1,8820,0
2052,W,8597,1,8820,0
2056,W,8597,1,8820,0
2060,W,8597,1,8820,0
2064,W,8597,1,8820,0
2068,W,8597,1,8820,0
2072,W,8597,1,8820,0
2076,W,8597,1,8820,0
2080,W,8597,1,8820,0
2084,W,8597,1,8820,0
2088,W,8597,1,8820,0
2092,W,8597,1,8820,0
2096,W,8597,1,8820,0
2100,W,8597,1,8820,0
2104,W,8597,1,8820,0
2108,W,8597,1,8820,0
2112,W,8597,1,8820,0
2116,W,8597,1,8820,0
2120,W,8597,1,8820,0
2124,W,8597,1,8820,0
2128,W,8597,1,8820,0
2132,W,8597,1,8820,0
2136,W,8597,1,8820,0
2140,W,8597,1,8820,0
2144,W,8597,1,8820,0
2148,W,8597,1,8820,0
2152,W,8597,1,8820,0
2156,W,8597,1,8820,0
2160,W,8597,1,8820,0
2164,W,8597,1,8820,0
2168,W,8597,1,8820,0
2172,W,8597,1,8820,0
2176,W,8597,1,8820,0
2180,W,8597,1,8820,0
2184,W,8597,1,8820,0
2188,W,8597,1,8820,0
2192,W,8597,1,8820,0
2196,W,8597,1,8820,0
2200,W,8597,1,8820,0
2204,W,8597,1,8820,0
2208,W,8597,1,8820,0
2212,W,8597,1,8820,0
2216,W,8597,1,8820,0
2220,W,8597,1,8820,0
2224,W,8597,1,8820,0
2228,W,8597,1,8820,0
2232,W,8597,1,8820,0
2236,W,8597,1,8820,0
2240,W,8597,1,8820,0
2244,W,8597,1,8820,0
2248,W,8597,1,8820,0
2252,W,8597,1,8820,0
2256,W,8597,1,8820,0
2260,W,8597,1,8820,0
2264,W,8597,1,8820,0
2268,W,8597,1,8820,0
2272,W,8597,1,8820,0
2276,W,8597,1,8820,0
2280,W,8597,1,8820,0
2284,W,8597,1,8820,0
2288,W,8597,1,8820,0
2292,W,8597,1,8820,0
2296,W,8597,1,8820,0
2300,W,8597,1,8820,0
2304,R,8598,1,8822,0
2308,R,8598,1,8822,0
2312,R,8598,1,8822,0
2316,R,8598,1,8822,0
2320,R,8598,1,8822,0
2324,R,8598,1,8822,0
2328,R,8598,1,8822,0
2332,R,8598,1,8822,0
2336,R,8598,1,8822,0
2340,R,8598,1,8822,0
2344,R,8598,1,8822,0
2348,R,8598,1,8822,0
2352,R,8598,1,8822,0
2356,R,8598,1,8822,0
2360,R,8598,1,8822,0
2364,R,8598,1,8822,0
2368,R,8598,1,8822,0
2372,R,8598,1,8822,0
2376,R,8598,1,8822,0
2380,R,8598,1,8822,0
2384,R,8598,1,8822,0
2388,R,8598,1,8822,0
2392,R,8598,1,8822,0
2396,R,8598,1,8822,0
2400,R,8598,1,8822,0
2404,R,8598,1,8822,0
2408,R,8598,1,8822,0
2412,R,8598,1,8822,0
2416,R,8598,1,8822,0
2420,R,8598,1,8822,0
2424,R,8598,1,8822,0
2428,R,8598,1,8822,0
2432,R,8598,1,8822,0
2436,R,8598,1,8822,0
2440,R,8598,1,8822,0
2444,R,8598,1,8822,0
2448,R,8598,1,8822,0
2452,R,8598,1,8822,0
2456,R,8598,1,8822,0
2460,R,8598,1,8822,0
2464,R,8598,1,8822,0
2468,R,8598,1,8822,0
2472,R,8598,1,8822,0
2476,R,8598,1,8822,0
2480,R,8598,1,8822,0
2484,R,8598,1,8822,0
2488,R,8598,1,8822,0
2492,R,8598,1,8822,0
2496,R,8598,1,8822,0
2500,R,8598,1,8822,0
2504,R,8598,1,8822,0
2508,R,8598,1,8822,0
2512,R,8598,1,8822,0
2516,R,8598,1,8822,0
2520,R,8598,1,8822,0
2524,R,8598,1,8822,0
2528,R,8598,1,8822,0
2532,R,8598,1,8822,0
2536,R,8598,1,8822,0
2540,R,8598,1,8822,0
2544,R,8598,1,8822,0
2548,R,8598,1,8822,0
2552,R,8598,1,8822,0
2556,R,8598,1,8822,0
768,R,8598,1,8823,0
772,R,8598,1,8823,0
776,R,8598,1,8823,0
780,R,8598,1,8823,0
784,R,8598,1,8823,0
788,R,8598,1,8823,0
792,R,8598,1,8823,0
796,R,8598,1,8823,0
800,R,8598,1,8823,0
804,R,8598,1,8823,0
808,R,8598,1,8823,0
812,R,8598,1,8823,0
816,R,8598,1,8823,0
820,R,8598,1,8823,0
824,R,8598,1,8823,0
828,R,8598,1,8823,0
832,R,8598,1,8823,0
836,R,8598,1,8823,0
840,R,8598,1,8823,0
844,R,8598,1,8823,0
848,R,8598,1,8823,0
852,R,8598,1,8823,0
856,R,8598,1,8823,0
860,R,8598,1,8823,0
864,R,8598,1,8823,0
868,R,8598,1,8823,0
872,R,8598,1,8823,0
876,R,8598,1,8823,0
880,R,8598,1,8823,0
884,R,8598,1,8823,0
888,R,8598,1,8823,0
892,R,8598,1,8823,0
896,R,8598,1,8823,0
900,R,8598,1,8823,0
904,R,8598,1,8823,0
908,R,8598,1,8823,0
912,R,8598,1,8823,0
916,R,8598,1,8823,0
920,R,8598,1,8823,0
924,R,8598,1,8823,0
928,R,8598,1,8823,0
932,R,8598,1,8823,0
936,R,8598,1,8823,0
940,R,8598,1,8823,0
944,R,8598,1,8823,0
948,R,8598,1,8823,0
952,R,8598,1,8823,0
956,R,8598,1,8823,0
960,R,8598,1,8823,0
964,R,8598,1,8823,0
968,R,8598,1,8823,0
972,R,8598,1,8823,0
976,R,8598,1,8823,0
980,R,8598,1,8823,0
984,R,8598,1,8823,0
988,R,8598,1,8823,0
992,R,8598,1,8823,0
996,R,8598,1,8823,0
1000,R,8598,1,8823,0
1004,R,8598,1,8823,0
1008,R,8598,1,8823,0
1012,R,8598,1,8823,0
1016,R,8598,1,8823,0
1020,R,8598,1,8823,0
2304,W,8598,1,8826,0
2308,W,8598,1,8826,0
2312,W,8598,1,8826,0
2316,W,8598,1,8826,0
2320,W,8598,1,8826,0
2324,W,8598,1,8826,0
2328,W,8598,1,8826,0
2332,W,8598,1,8826,0
2336,W,8598,1,8826,0
2340,W,8598,1,8826,0
2344,W,8598,1,8826,0
2348,W,8598,1,8826,0
2352,W,8598,1,8826,0
2356,W,8598,1,8826,0
2360,W,8598,1,8826,0
2364,W,8598,1,8826,0
2368,W,8598,1,8826,0
2372,W,8598,1,8826,0
2376,W,8598,1,8826,0
2380,W,8598,1,8826,0
2384,W,8598,1,8826,0
2388,W,8598,1,8826,0
2392,W,8598,1,8826,0
2396,W,8598,1,8826,0
2400,W,8598,1,8826,0
2404,W,8598,1,8826,0
2408,W,8598,1,8826,0
2412,W,8598,1,8826,0
2416,W,8598,1,8826,0
2420,W,8598,1,8826,0
2424,W,8598,1,8826,0
2428,W,8598,1,8826,0
2432,W,8598,1,8826,0
2436,W,8598,1,8826,0
2440,W,8598,1,8826,0
2444,W,8598,1,8826,0
2448,W,8598,1,8826,0
2452,W,8598,1,8826,0
2456,W,8598,1,8826,0
2460,W,8598,1,8826,0
2464,W,8598,1,8826,0
2468,W,8598,1,8826,0
2472,W,8598,1,8826,0
2476,W,8598,1,8826,0
2480,W,8598,1,8826,0
2484,W,8598,1,8826,0
2488,W,8598,1,8826,0
2492,W,8598,1,8826,0
2496,W,8598,1,8826,0
2500,W,8598,1,8826,0
2504,W,8598,1,8826,0
2508,W,8598,1,8826,0
2512,W,8598,1,8826,0
2516,W,8598,1,8826,0
2520,W,8598,1,8826,0
2524,W,8598,1,8826,0
2528,W,8598,1,8826,0
2532,W,8598,1,8826,0
2536,W,8598,1,8826,0
2540,W,8598,1,8826,0
2544,W,8598,1,8826,0
2548,W,8598,1,8826,0
2552,W,8598,1,8826,0
2556,W,8598,1,8826,0
2048,R,8605,1,8837,0
2052,R,8605,1,8837,0
2056,R,8605,1,8837,0
2060,R,8605,1,8837,0
2064,R,8605,1,8837,0
2068,R,8605,1,8837,0
2072,R,8605,1,8837,0
2076,R,8605,1,8837,0
2080,R,8605,1,8837,0
2084,R,8605,1,8837,0
2088,R,8605,1,8837,0
2092,R,8605,1,8837,0
2096,R,8605,1,8837,0
2100,R,8605,1,8837,0
2104,R,8605,1,8837,0
2108,R,8605,1,8837,0
2112,R,8605,1,8837,0
2116,R,8605,1,8837,0
2120,R,8605,1,8837,0
2124,R,8605,1,8837,0
2128,R,8605,1,8837,0
2132,R,8605,1,8837,0
2136,R,8605,1,8837,0
2140,R,8605,1,8837,0
2144,R,8605,1,8837,0
2148,R,8605,1,8837,0
2152,R,8605,1,8837,0
2156,R,8605,1,8837,0
2160,R,8605,1,8837,0
2164,R,8605,1,8837,0
2168,R,8605,1,8837,0
2172,R,8605,1,8837,0
2176,R,8605,1,8837,0
2180,R,8605,1,8837,0
2184,R,8605,1,8837,0
2188,R,8605,1,8837,0
2192,R,8605,1,8837,0
2196,R,8605,1,8837,0
2200,R,8605,1,8837,0
2204,R,8605,1,8837,0
2208,R,8605,1,8837,0
2212,R,8605,1,8837,0
2216,R,8605,1,8837,0
2220,R,8605,1,8837,0
2224,R,8605,1,8837,0
2228,R,8605,1,8837,0
2232,R,8605,1,8837,0
2236,R,8605,1,8837,0
2240,R,8605,1,8837,0
2244,R,8605,1,8837,0
2248,R,8605,1,8837,0
2252,R,8605,1,8837,0
2256,R,8605,1,8837,0
2260,R,8605,1,8837,0
2264,R,8605,1,8837,0
2268,R,8605,1,8837,0
2272,R,8605,1,8837,0
2276,R,8605,1,8837,0
2280,R,8605,1,8837,0
2284,R,8605,1,8837,0
2288,R,8605,1,8837,0
2292,R,8605,1,8837,0
2296,R,8605,1,8837,0
2300,R,8605,1,8837,0
2048,W,8605,1,8841,0
2052,W,8605,1,8841,0
2056,W,8605,1,8841,0
2060,W,8605,1,8841,0
2064,W,8605,1,8841,0
2068,W,8605,1,8841,0
2072,W,8605,1,8841,0
2076,W,8605,1,8841,0
2080,W,8605,1,8841,0
2084,W,8605,1,8841,0
2088,W,8605,1,8841,0
2092,W,8605,1,8841,0
2096,W,8605,1,8841,0
2100,W,8605,1,8841,0
2104,W,8605,1,8841,0
2108,W,8605,1,8841,0
2112,W,8605,1,8841,0
2116,W,8605,1,8841,0
2120,W,8605,1,8841,0
2124,W,8605,1,8841,0
2128,W,8605,1,8841,0
2132,W,8605,1,8841,0
2136,W,8605,1,8841,0
2140,W,8605,1,8841,0
2144,W,8605,1,8841,0
2148,W,8605,1,8841,0
2152,W,8605,1,8841,0
2156,W,8605,1,8841,0
2160,W,8605,1,8841,0
2164,W,8605,1,8841,0
2168,W,8605,1,8841,0
2172,W,8605,1,8841,0
2176,W,8605,1,8841,0
2180,W,8605,1,8841,0
2184,W,8605,1,8841,0
2188,W,8605,1,8841,0
2192,W,8605,1,8841,0
2196,W,8605,1,8841,0
2200,W,8605,1,8841,0
2204,W,8605,1,8841,0
2208,W,8605,1,8841,0
2212,W,8605,1,8841,0
2216,W,8605,1,8841,0
2220,W,8605,1,8841,0
2224,W,8605,1,8841,0
2228,W,8605,1,8841,0
2232,W,8605,1,8841,0
2236,W,8605,1,8841,0
2240,W,8605,1,8841,0
2244,W,8605,1,8841,0
2248,W,8605,1,8841,0
2252,W,8605,1,8841,0
2256,W,8605,1,8841,0
2260,W,8605,1,8841,0
2264,W,8605,1,8841,0
2268,W,8605,1,8841,0
2272,W,8605,1,8841,0
2276,W,8605,1,8841,0
2280,W,8605,1,8841,0
2284,W,8605,1,8841,0
2288,W,8605,1,8841,0
2292,W,8605,1,8841,0
2296,W,8605,1,8841,0
2300,W,8605,1,8841,0
2304,R,8606,1,8843,0
2308,R,8606,1,8843,0
2312,R,8606,1,8843,0
2316,R,8606,1,8843,0
2320,R,8606,1,8843,0
2324,R,8606,1,8843,0
2328,R,8606,1,8843,0
2332,R,8606,1,8843,0
2336,R,8606,1,8843,0
2340,R,8606,1,8843,0
2344,R,8606,1,8843,0
2348,R,8606,1,8843,0
2352,R,8606,1,8843,0
2356,R,8606,1,8843,0
2360,R,8606,1,8843,0
2364,R,8606,1,8843,0
2368,R,8606,1,8843,0
2372,R,8606,1,8843,0
2376,R,8606,1,8843,0
2380,R,8606,1,8843,0
2384,R,8606,1,8843,0
2388,R,8606,1,8843,0
2392,R,8606,1,8843,0
2396,R,8606,1,8843,0
2400,R,8606,1,8843,0
2404,R,8606,1,8843,0
2408,R,8606,1,8843,0
2412,R,8606,1,8843,0
2416,R,8606,1,8843,0
2420,R,8606,1,8843,0
2424,R,8606,1,8843,0
2428,R,8606,1,8843,0
2432,R,8606,1,8843,0
2436,R,8606,1,8843,0
2440,R,8606,1,8843,0
2444,R,8606,1,8843,0
2448,R,8606,1,8843,0
2452,R,8606,1,8843,0
2456,R,8606,1,8843,0
2460,R,8606,1,8843,0
2464,R,8606,1,8843,0
2468,R,8606,1,8843,0
2472,R,8606,1,8843,0
2476,R,8606,1,8843,0
2480,R,8606,1,8843,0
2484,R,8606,1,8843,0
2488,R,8606,1,8843,0
2492,R,8606,1,8843,0
2496,R,8606,1,8843,0
2500,R,8606,1,8843,0
2504,R,8606,1,8843,0
2508,R,8606,1,8843,0
2512,R,8606,1,8843,0
2516,R,8606,1,8843,0
2520,R,8606,1,8843,0
2524,R,8606,1,8843,0
2528,R,8606,1,8843,0
2532,R,8606,1,8843,0
2536,R,8606,1,8843,0
2540,R,8606,1,8843,0
2544,R,8606,1,8843,0
2548,R,8606,1,8843,0
2552,R,8606,1,8843,0
2556,R,8606,1,8843,0
2304,W,8606,1,8847,0
2308,W,8606,1,8847,0
2312,W,8606,1,8847,0
2316,W,8606,1,8847,0
2320,W,8606,1,8847,0
2324,W,8606,1,8847,0
2328,W,8606,1,8847,0
2332,W,8606,1,8847,0
2336,W,8606,1,8847,0
2340,W,8606,1,8847,0
2344,W,8606,1,8847,0
2348,W,8606,1,8847,0
2352,W,8606,1,8847,0
2356,W,8606,1,8847,0
2360,W,8606,1,8847,0
2364,W,8606,1,8847,0
2368,W,8606,1,8847,0
2372,W,8606,1,8847,0
2376,W,8606,1,8847,0
2380,W,8606,1,8847,0
2384,W,8606,1,8847,0
2388,W,8606,1,8847,0
2392,W,8606,1,8847,0
2396,W,8606,1,8847,0
2400,W,8606,1,8847,0
2404,W,8606,1,8847,0
2408,W,8606,1,8847,0
2412,W,8606,1,8847,0
2416,W,8606,1,8847,0
2420,W,8606,1,8847,0
2424,W,8606,1,8847,0
2428,W,8606,1,8847,0
2432,W,8606,1,8847,0
2436,W,8606,1,8847,0
2440,W,8606,1,8847,0
2444,W,8606,1,8847,0
2448,W,8606,1,8847,0
2452,W,8606,1,8847,0
2456,W,8606,1,8847,0
2460,W,8606,1,8847,0
2464,W,8606,1,8847,0
2468,W,8606,1,8847,0
2472,W,8606,1,8847,0
2476,W,8606,1,8847,0
2480,W,8606,1,8847,0
2484,W,8606,1,8847,0
2488,W,8606,1,8847,0
2492,W,8606,1,8847,0
2496,W,8606,1,8847,0
2500,W,8606,1,8847,0
2504,W,8606,1,8847,0
2508,W,8606,1,8847,0
2512,W,8606,1,8847,0
2516,W,8606,1,8847,0
2520,W,8606,1,8847,0
2524,W,8606,1,8847,0
2528,W,8606,1,8847,0
2532,W,8606,1,8847,0
2536,W,8606,1,8847,0
2540,W,8606,1,8847,0
2544,W,8606,1,8847,0
2548,W,8606,1,8847,0
2552,W,8606,1,8847,0
2556,W,8606,1,8847,0
512,R,8613,1,8858,0
516,R,8613,1,8858,0
520,R,8613,1,8858,0
524,R,8613,1,8858,0
528,R,8613,1,8858,0
532,R,8613,1,8858,0
536,R,8613,1,8858,0
540,R,8613,1,8858,0
544,R,8613,1,8858,0
548,R,8613,1,8858,0
552,R,8613,1,8858,0
556,R,8613,1,8858,0
560,R,8613,1,8858,0
564,R,8613,1,8858,0
568,R,8613,1,8858,0
572,R,8613,1,8858,0
576,R,8613,1,8858,0
580,R,8613,1,8858,0
584,R,8613,1,8858,0
588,R,8613,1,8858,0
592,R,8613,1,8858,0
596,R,8613,1,8858,0
600,R,8613,1,8858,0
604,R,8613,1,8858,0
608,R,8613,1,8858,0
612,R,8613,1,8858,0
616,R,8613,1,8858,0
620,R,8613,1,8858,0
624,R,8613,1,8858,0
628,R,8613,1,8858,0
632,R,8613,1,8858,0
636,R,8613,1,8858,0
640,R,8613,1,8858,0
644,R,8613,1,8858,0
648,R,8613,1,8858,0
652,R,8613,1,8858,0
656,R,8613,1,8858,0
660,R,8613,1,8858,0
664,R,8613,1,8858,0
668,R,8613,1,8858,0
672,R,8613,1,8858,0
676,R,8613,1,8858,0
680,R,8613,1,8858,0
684,R,8613,1,8858,0
688,R,8613,1,8858,0
692,R,8613,1,8858,0
696,R,8613,1,8858,0
700,R,8613,1,8858,0
704,R,8613,1,8858,0
708,R,8613,1,8858,0
712,R,8613,1,8858,0
716,R,8613,1,8858,0
720,R,8613,1,8858,0
724,R,8613,1,8858,0
728,R,8613,1,8858,0
732,R,8613,1,8858,0
736,R,8613,1,8858,0
740,R,8613,1,8858,0
744,R,8613,1,8858,0
748,R,8613,1,8858,0
752,R,8613,1,8858,0
756,R,8613,1,8858,0
760,R,8613,1,8858,0
764,R,8613,1,8858,0
2048,R,8613,1,8859,0
2052,R,8613,1,8859,0
2056,R,8613,1,8859,0
2060,R,8613,1,8859,0
2064,R,8613,1,8859,0
2068,R,8613,1,8859,0
2072,R,8613,1,8859,0
2076,R,8613,1,8859,0
2080,R,8613,1,8859,0
2084,R,8613,1,8859,0
2088,R,8613,1,8859,0
2092,R,8613,1,8859,0
2096,R,8613,1,8859,0
2100,R,8613,1,8859,0
2104,R,8613,1,8859,0
2108,R,8613,1,8859,0
2112,R,8613,1,8859,0
2116,R,8613,1,8859,0
2120,R,8613,1,8859,0
2124,R,8613,1,8859,0
2128,R,8613,1,8859,0
2132,R,8613,1,8859,0
2136,R,8613,1,8859,0
2140,R,8613,1,8859,0
2144,R,8613,1,8859,0
2148,R,8613,1,8859,0
2152,R,8613,1,8859,0
2156,R,8613,1,8859,0
2160,R,8613,1,8859,0
2164,R,8613,1,8859,0
2168,R,8613,1,8859,0
2172,R,8613,1,8859,0
2176,R,8613,1,8859,0
2180,R,8613,1,8859,0
2184,R,8613,1,8859,0
2188,R,8613,1,8859,0
2192,R,8613,1,8859,0
2196,R,8613,1,8859,0
2200,R,8613,1,8859,0
2204,R,8613,1,8859,0
2208,R,8613,1,8859,0
2212,R,8613,1,8859,0
2216,R,8613,1,8859,0
2220,R,8613,1,8859,0
2224,R,8613,1,8859,0
2228,R,8613,1,8859,0
2232,R,8613,1,8859,0
2236,R,8613,1,8859,0
2240,R,8613,1,8859,0
2244,R,8613,1,8859,0
2248,R,8613,1,8859,0
2252,R,8613,1,8859,0
2256,R,8613,1,8859,0
2260,R,8613,1,8859,0
2264,R,8613,1,8859,0
2268,R,8613,1,8859,0
2272,R,8613,1,8859,0
2276,R,8613,1,8859,0
2280,R,8613,1,8859,0
2284,R,8613,1,8859,0
2288,R,8613,1,8859,0
2292,R,8613,1,8859,0
2296,R,8613,1,8859,0
2300,R,8613,1,8859,0
2048,W,8613,1,8862,0
2052,W,8613,1,8862,0
2056,W,8613,1,8862,0
2060,W,8613,1,8862,0
2064,W,8613,1,8862,0
2068,W,8613,1,8862,0
2072,W,8613,1,8862,0
2076,W,8613,1,8862,0
2080,W,8613,1,8862,0
2084,W,8613,1,8862,0
2088,W,8613,1,8862,0
2092,W,8613,1,8862,0
2096,W,8613,1,8862,0
2100,W,8613,1,8862,0
2104,W,8613,1,8862,0
2108,W,8613,1,8862,0
2112,W,8613,1,8862,0
2116,W,8613,1,8862,0
2120,W,8613,1,8862,0
2124,W,8613,1,8862,0
2128,W,8613,1,8862,0
2132,W,8613,1,8862,0
2136,W,8613,1,8862,0
2140,W,8613,1,8862,0
2144,W,8613,1,8862,0
2148,W,8613,1,8862,0
2152,W,8613,1,8862,0
2156,W,8613,1,8862,0
2160,W,8613,1,8862,0
2164,W,8613,1,8862,0
2168,W,8613,1,8862,0
2172,W,8613,1,8862,0
2176,W,8613,1,8862,0
2180,W,8613,1,8862,0
2184,W,8613,1,8862,0
2188,W,8613,1,8862,0
2192,W,8613,1,8862,0
2196,W,8613,1,8862,0
2200,W,8613,1,8862,0
2204,W,8613,1,8862,0
2208,W,8613,1,8862,0
2212,W,8613,1,8862,0
2216,W,8613,1,8862,0
2220,W,8613,1,8862,0
2224,W,8613,1,8862,0
2228,W,8613,1,8862,0
2232,W,8613,1,8862,0
2236,W,8613,1,8862,0
2240,W,8613,1,8862,0
2244,W,8613,1,8862,0
2248,W,8613,1,8862,0
2252,W,8613,1,8862,0
2256,W,8613,1,8862,0
2260,W,8613,1,8862,0
2264,W,8613,1,8862,0
2268,W,8613,1,8862,0
2272,W,8613,1,8862,0
2276,W,8613,1,8862,0
2280,W,8613,1,8862,0
2284,W,8613,1,8862,0
2288,W,8613,1,8862,0
2292,W,8613,1,8862,0
2296,W,8613,1,8862,0
2300,W,8613,1,8862,0
768,R,8614,1,8864,0
772,R,8614,1,8864,0
776,R,8614,1,8864,0
780,R,8614,1,8864,0
784,R,8614,1,8864,0
788,R,8614,1,8864,0
792,R,8614,1,8864,0
796,R,8614,1,8864,0
800,R,8614,1,8864,0
804,R,8614,1,8864,0
808,R,8614,1,8864,0
812,R,8614,1,8864,0
816,R,8614,1,8864,0
820,R,8614,1,8864,0
824,R,8614,1,8864,0
828,R,8614,1,8864,0
832,R,8614,1,8864,0
836,R,8614,1,8864,0
840,R,8614,1,8864,0
844,R,8614,1,8864,0
848,R,8614,1,8864,0
852,R,8614,1,8864,0
856,R,8614,1,8864,0
860,R,8614,1,8864,0
864,R,8614,1,8864,0
868,R,8614,1,8864,0
872,R,8614,1,8864,0
876,R,8614,1,8864,0
880,R,8614,1,8864,0
884,R,8614,1,8864,0
888,R,8614,1,8864,0
892,R,8614,1,8864,0
896,R,8614,1,8864,0
900,R,8614,1,8864,0
904,R,8614,1,8864,0
908,R,8614,1,8864,0
912,R,8614,1,8864,0
916,R,8614,1,8864,0
920,R,8614,1,8864,0
924,R,8614,1,8864,0
928,R,8614,1,8864,0
932,R,8614,1,8864,0
936,R,8614,1,8864,0
940,R,8614,1,8864,0
944,R,8614,1,8864,0
948,R,8614,1,8864,0
952,R,8614,1,8864,0
956,R,8614,1,8864,0
960,R,8614,1,8864,0
964,R,8614,1,8864,0
968,R,8614,1,8864,0
972,R,8614,1,8864,0
976,R,8614,1,8864,0
980,R,8614,1,8864,0
984,R,8614,1,8864,0
988,R,8614,1,8864,0
992,R,8614,1,8864,0
996,R,8614,1,8864,0
1000,R,8614,1,8864,0
1004,R,8614,1,8864,0
1008,R,8614,1,8864,0
1012,R,8614,1,8864,0
1016,R,8614,1,8864,0
1020,R,8614,1,8864,0
2304,R,8614,1,8865,0
2308,R,8614,1,8865,0
2312,R,8614,1,8865,0
2316,R,8614,1,8865,0
2320,R,8614,1,8865,0
2324,R,8614,1,8865,0
2328,R,8614,1,8865,0
2332,R,8614,1,8865,0
2336,R,8614,1,8865,0
2340,R,8614,1,8865,0
2344,R,8614,1,8865,0
2348,R,8614,1,8865,0
2352,R,8614,1,8865,0
2356,R,8614,1,8865,0
2360,R,8614,1,8865,0
2364,R,8614,1,8865,0
2368,R,8614,1,8865,0
2372,R,8614,1,8865,0
2376,R,8614,1,8865,0
2380,R,8614,1,8865,0
2384,R,8614,1,8865,0
2388,R,8614,1,8865,0
2392,R,8614,1,8865,0
2396,R,8614,1,8865,0
2400,R,8614,1,8865,0
2404,R,8614,1,8865,0
2408,R,8614,1,8865,0
2412,R,8614,1,8865,0
2416,R,8614,1,8865,0
2420,R,8614,1,8865,0
2424,R,8614,1,8865,0
2428,R,8614,1,8865,0
2432,R,8614,1,8865,0
2436,R,8614,1,8865,0
2440,R,8614,1,8865,0
2444,R,8614,1,8865,0
2448,R,8614,1,8865,0
2452,R,8614,1,8865,0
2456,R,8614,1,8865,0
2460,R,8614,1,8865,0
2464,R,8614,1,8865,0
2468,R,8614,1,8865,0
2472,R,8614,1,8865,0
2476,R,8614,1,8865,0
2480,R,8614,1,8865,0
2484,R,8614,1,8865,0
2488,R,8614,1,8865,0
2492,R,8614,1,8865,0
2496,R,8614,1,8865,0
2500,R,8614,1,8865,0
2504,R,8614,1,8865,0
2508,R,8614,1,8865,0
2512,R,8614,1,8865,0
2516,R,8614,1,8865,0
2520,R,8614,1,8865,0
2524,R,8614,1,8865,0
2528,R,8614,1,8865,0
2532,R,8614,1,8865,0
2536,R,8614,1,8865,0
2540,R,8614,1,8865,0
2544,R,8614,1,8865,0
2548,R,8614,1,8865,0
2552,R,8614,1,8865,0
2556,R,8614,1,8865,0
2304,W,8614,1,8868,0
2308,W,8614,1,8868,0
2312,W,8614,1,8868,0
2316,W,8614,1,8868,0
2320,W,8614,1,8868,0
2324,W,8614,1,8868,0
2328,W,8614,1,8868,0
2332,W,8614,1,8868,0
2336,W,8614,1,8868,0
2340,W,8614,1,8868,0
2344,W,8614,1,8868,0
2348,W,8614,1,8868,0
2352,W,8614,1,8868,0
2356,W,8614,1,8868,0
2360,W,8614,1,8868,0
2364,W,8614,1,8868,0
2368,W,8614,1,8868,0
2372,W,8614,1,8868,0
2376,W,8614,1,8868,0
2380,W,8614,1,8868,0
2384,W,8614,1,8868,0
2388,W,8614,1,8868,0
2392,W,8614,1,8868,0
2396,W,8614,1,8868,0
2400,W,8614,1,8868,0
2404,W,8614,1,8868,0
2408,W,8614,1,8868,0
2412,W,8614,1,8868,0
2416,W,8614,1,8868,0
2420,W,8614,1,8868,0
2424,W,8614,1,8868,0
2428,W,8614,1,8868,0
2432,W,8614,1,8868,0
2436,W,8614,1,8868,0
2440,W,8614,1,8868,0
2444,W,8614,1,8868,0
2448,W,8614,1,8868,0
2452,W,8614,1,8868,0
2456,W,8614,1,8868,0
2460,W,8614,1,8868,0
2464,W,8614,1,8868,0
2468,W,8614,1,8868,0
2472,W,8614,1,8868,0
2476,W,8614,1,8868,0
2480,W,8614,1,8868,0
2484,W,8614,1,8868,0
2488,W,8614,1,8868,0
2492,W,8614,1,8868,0
2496,W,8614,1,8868,0
2500,W,8614,1,8868,0
2504,W,8614,1,8868,0
2508,W,8614,1,8868,0
2512,W,8614,1,8868,0
2516,W,8614,1,8868,0
2520,W,8614,1,8868,0
2524,W,8614,1,8868,0
2528,W,8614,1,8868,0
2532,W,8614,1,8868,0
2536,W,8614,1,8868,0
2540,W,8614,1,8868,0
2544,W,8614,1,8868,0
2548,W,8614,1,8868,0
2552,W,8614,1,8868,0
2556,W,8614,1,8868,0
512,R,8637,1,8896,0
516,R,8637,1,8896,0
520,R,8637,1,8896,0
524,R,8637,1,8896,0
528,R,8637,1,8896,0
532,R,8637,1,8896,0
536,R,8637,1,8896,0
540,R,8637,1,8896,0
544,R,8637,1,8896,0
548,R,8637,1,8896,0
552,R,8637,1,8896,0
556,R,8637,1,8896,0
560,R,8637,1,8896,0
564,R,8637,1,8896,0
568,R,8637,1,8896,0
572,R,8637,1,8896,0
576,R,8637,1,8896,0
580,R,8637,1,8896,0
584,R,8637,1,8896,0
588,R,8637,1,8896,0
592,R,8637,1,8896,0
596,R,8637,1,8896,0
600,R,8637,1,8896,0
604,R,8637,1,8896,0
608,R,8637,1,8896,0
612,R,8637,1,8896,0
616,R,8637,1,8896,0
620,R,8637,1,8896,0
624,R,8637,1,8896,0
628,R,8637,1,8896,0
632,R,8637,1,8896,0
636,R,8637,1,8896,0
640,R,8637,1,8896,0
644,R,8637,1,8896,0
648,R,8637,1,8896,0
652,R,8637,1,8896,0
656,R,8637,1,8896,0
660,R,8637,1,8896,0
664,R,8637,1,8896,0
668,R,8637,1,8896,0
672,R,8637,1,8896,0
676,R,8637,1,8896,0
680,R,8637,1,8896,0
684,R,8637,1,8896,0
688,R,8637,1,8896,0
692,R,8637,1,8896,0
696,R,8637,1,8896,0
700,R,8637,1,8896,0
704,R,8637,1,8896,0
708,R,8637,1,8896,0
712,R,8637,1,8896,0
716,R,8637,1,8896,0
720,R,8637,1,8896,0
724,R,8637,1,8896,0
728,R,8637,1,8896,0
732,R,8637,1,8896,0
736,R,8637,1,8896,0
740,R,8637,1,8896,0
744,R,8637,1,8896,0
748,R,8637,1,8896,0
752,R,8637,1,8896,0
756,R,8637,1,8896,0
760,R,8637,1,8896,0
764,R,8637,1,8896,0
2048,R,8637,1,8897,0
2052,R,8637,1,8897,0
2056,R,8637,1,8897,0
2060,R,8637,1,8897,0
2064,R,8637,1,8897,0
2068,R,8637,1,8897,0
2072,R,8637,1,8897,0
2076,R,8637,1,8897,0
2080,R,8637,1,8897,0
2084,R,8637,1,8897,0
2088,R,8637,1,8897,0
2092,R,8637,1,8897,0
2096,R,8637,1,8897,0
2100,R,8637,1,8897,0
2104,R,8637,1,8897,0
2108,R,8637,1,8897,0
2112,R,8637,1,8897,0
2116,R,8637,1,8897,0
2120,R,8637,1,8897,0
2124,R,8637,1,8897,0
2128,R,8637,1,8897,0
2132,R,8637,1,8897,0
2136,R,8637,1,8897,0
2140,R,8637,1,8897,0
2144,R,8637,1,8897,0
2148,R,8637,1,8897,0
2152,R,8637,1,8897,0
2156,R,8637,1,8897,0
2160,R,8637,1,8897,0
2164,R,8637,1,8897,0
2168,R,8637,1,8897,0
2172,R,8637,1,8897,0
2176,R,8637,1,8897,0
2180,R,8637,1,8897,0
2184,R,8637,1,8897,0
2188,R,8637,1,8897,0
2192,R,8637,1,8897,0
2196,R,8637,1,8897,0
2200,R,8637,1,8897,0
2204,R,8637,1,8897,0
2208,R,8637,1,8897,0
2212,R,8637,1,8897,0
2216,R,8637,1,8897,0
2220,R,8637,1,8897,0
2224,R,8637,1,8897,0
2228,R,8637,1,8897,0
2232,R,8637,1,8897,0
2236,R,8637,1,8897,0
2240,R,8637,1,8897,0
2244,R,8637,1,8897,0
2248,R,8637,1,8897,0
2252,R,8637,1,8897,0
2256,R,8637,1,8897,0
2260,R,8637,1,8897,0
2264,R,8637,1,8897,0
2268,R,8637,1,8897,0
2272,R,8637,1,8897,0
2276,R,8637,1,8897,0
2280,R,8637,1,8897,0
2284,R,8637,1,8897,0
2288,R,8637,1,8897,0
2292,R,8637,1,8897,0
2296,R,8637,1,8897,0
2300,R,8637,1,8897,0
1536,W,8637,1,8900,0
1540,W,8637,1,8900,0
1544,W,8637,1,8900,0
1548,W,8637,1,8900,0
1552,W,8637,1,8900,0
1556,W,8637,1,8900,0
1560,W,8637,1,8900,0
1564,W,8637,1,8900,0
1568,W,8637,1,8900,0
1572,W,8637,1,8900,0
1576,W,8637,1,8900,0
1580,W,8637,1,8900,0
1584,W,8637,1,8900,0
1588,W,8637,1,8900,0
1592,W,8637,1,8900,0
1596,W,8637,1,8900,0
1600,W,8637,1,8900,0
1604,W,8637,1,8900,0
1608,W,8637,1,8900,0
1612,W,8637,1,8900,0
1616,W,8637,1,8900,0
1620,W,8637,1,8900,0
1624,W,8637,1,8900,0
1628,W,8637,1,8900,0
1632,W,8637,1,8900,0
1636,W,8637,1,8900,0
1640,W,8637,1,8900,0
1644,W,8637,1,8900,0
1648,W,8637,1,8900,0
1652,W,8637,1,8900,0
1656,W,8637,1,8900,0
1660,W,8637,1,8900,0
1664,W,8637,1,8900,0
1668,W,8637,1,8900,0
1672,W,8637,1,8900,0
1676,W,8637,1,8900,0
1680,W,8637,1,8900,0
1684,W,8637,1,8900,0
1688,W,8637,1,8900,0
1692,W,8637,1,8900,0
1696,W,8637,1,8900,0
1700,W,8637,1,8900,0
1704,W,8637,1,8900,0
1708,W,8637,1,8900,0
1712,W,8637,1,8900,0
1716,W,8637,1,8900,0
1720,W,8637,1,8900,0
1724,W,8637,1,8900,0
1728,W,8637,1,8900,0
1732,W,8637,1,8900,0
1736,W,8637,1,8900,0
1740,W,8637,1,8900,0
1744,W,8637,1,8900,0
1748,W,8637,1,8900,0
1752,W,8637,1,8900,0
1756,W,8637,1,8900,0
1760,W,8637,1,8900,0
1764,W,8637,1,8900,0
1768,W,8637,1,8900,0
1772,W,8637,1,8900,0
1776,W,8637,1,8900,0
1780,W,8637,1,8900,0
1784,W,8637,1,8900,0
1788,W,8637,1,8900,0
768,R,8638,1,8902,0
772,R,8638,1,8902,0
776,R,8638,1,8902,0
780,R,8638,1,8902,0
784,R,8638,1,8902,0
788,R,8638,1,8902,0
792,R,8638,1,8902,0
796,R,8638,1,8902,0
800,R,8638,1,8902,0
804,R,8638,1,8902,0
808,R,8638,1,8902,0
812,R,8638,1,8902,0
816,R,8638,1,8902,0
820,R,8638,1,8902,0
824,R,8638,1,8902,0
828,R,8638,1,8902,0
832,R,8638,1,8902,0
836,R,8638,1,8902,0
840,R,8638,1,8902,0
844,R,8638,1,8902,0
848,R,8638,1,8902,0
852,R,8638,1,8902,0
856,R,8638,1,8902,0
860,R,8638,1,8902,0
864,R,8638,1,8902,0
868,R,8638,1,8902,0
872,R,8638,1,8902,0
876,R,8638,1,8902,0
880,R,8638,1,8902,0
884,R,8638,1,8902,0
888,R,8638,1,8902,0
892,R,8638,1,8902,0
896,R,8638,1,8902,0
900,R,8638,1,8902,0
904,R,8638,1,8902,0
908,R,8638,1,8902,0
912,R,8638,1,8902,0
916,R,8638,1,8902,0
920,R,8638,1,8902,0
924,R,8638,1,8902,0
928,R,8638,1,8902,0
932,R,8638,1,8902,0
936,R,8638,1,8902,0
940,R,8638,1,8902,0
944,R,8638,1,8902,0
948,R,8638,1,8902,0
952,R,8638,1,8902,0
956,R,8638,1,8902,0
960,R,8638,1,8902,0
964,R,8638,1,8902,0
968,R,8638,1,8902,0
972,R,8638,1,8902,0
976,R,8638,1,8902,0
980,R,8638,1,8902,0
984,R,8638,1,8902,0
988,R,8638,1,8902,0
992,R,8638,1,8902,0
996,R,8638,1,8902,0
1000,R,8638,1,8902,0
1004,R,8638,1,8902,0
1008,R,8638,1,8902,0
1012,R,8638,1,8902,0
1016,R,8638,1,8902,0
1020,R,8638,1,8902,0
2304,R,8638,1,8903,0
2308,R,8638,1,8903,0
2312,R,8638,1,8903,0
2316,R,8638,1,8903,0
2320,R,8638,1,8903,0
2324,R,8638,1,8903,0
2328,R,8638,1,8903,0
2332,R,8638,1,8903,0
2336,R,8638,1,8903,0
2340,R,8638,1,8903,0
2344,R,8638,1,8903,0
2348,R,8638,1,8903,0
2352,R,8638,1,8903,0
2356,R,8638,1,8903,0
2360,R,8638,1,8903,0
2364,R,8638,1,8903,0
2368,R,8638,1,8903,0
2372,R,8638,1,8903,0
2376,R,8638,1,8903,0
2380,R,8638,1,8903,0
2384,R,8638,1,8903,0
2388,R,8638,1,8903,0
2392,R,8638,1,8903,0
2396,R,8638,1,8903,0
2400,R,8638,1,8903,0
2404,R,8638,1,8903,0
2408,R,8638,1,8903,0
2412,R,8638,1,8903,0
2416,R,8638,1,8903,0
2420,R,8638,1,8903,0
2424,R,8638,1,8903,0
2428,R,8638,1,8903,0
2432,R,8638,1,8903,0
2436,R,8638,1,8903,0
2440,R,8638,1,8903,0
2444,R,8638,1,8903,0
2448,R,8638,1,8903,0
2452,R,8638,1,8903,0
2456,R,8638,1,8903,0
2460,R,8638,1,8903,0
2464,R,8638,1,8903,0
2468,R,8638,1,8903,0
2472,R,8638,1,8903,0
2476,R,8638,1,8903,0
2480,R,8638,1,8903,0
2484,R,8638,1,8903,0
2488,R,8638,1,8903,0
2492,R,8638,1,8903,0
2496,R,8638,1,8903,0
2500,R,8638,1,8903,0
2504,R,8638,1,8903,0
2508,R,8638,1,8903,0
2512,R,8638,1,8903,0
2516,R,8638,1,8903,0
2520,R,8638,1,8903,0
2524,R,8638,1,8903,0
2528,R,8638,1,8903,0
2532,R,8638,1,8903,0
2536,R,8638,1,8903,0
2540,R,8638,1,8903,0
2544,R,8638,1,8903,0
2548,R,8638,1,8903,0
2552,R,8638,1,8903,0
2556,R,8638,1,8903,0
1792,W,8638,1,8906,0
1796,W,8638,1,8906,0
1800,W,8638,1,8906,0
1804,W,8638,1,8906,0
1808,W,8638,1,8906,0
1812,W,8638,1,8906,0
1816,W,8638,1,8906,0
1820,W,8638,1,8906,0
1824,W,8638,1,8906,0
1828,W,8638,1,8906,0
1832,W,8638,1,8906,0
1836,W,8638,1,8906,0
1840,W,8638,1,8906,0
1844,W,8638,1,8906,0
1848,W,8638,1,8906,0
1852,W,8638,1,8906,0
1856,W,8638,1,8906,0
1860,W,8638,1,8906,0
1864,W,8638,1,8906,0
1868,W,8638,1,8906,0
1872,W,8638,1,8906,0
1876,W,8638,1,8906,0
1880,W,8638,1,8906,0
1884,W,8638,1,8906,0
1888,W,8638,1,8906,0
1892,W,8638,1,8906,0
1896,W,8638,1,8906,0
1900,W,8638,1,8906,0
1904,W,8638,1,8906,0
1908,W,8638,1,8906,0
1912,W,8638,1,8906,0
1916,W,8638,1,8906,0
1920,W,8638,1,8906,0
1924,W,8638,1,8906,0
1928,W,8638,1,8906,0
1932,W,8638,1,8906,0
1936,W,8638,1,8906,0
1940,W,8638,1,8906,0
1944,W,8638,1,8906,0
1948,W,8638,1,8906,0
1952,W,8638,1,8906,0
1956,W,8638,1,8906,0
1960,W,8638,1,8906,0
1964,W,8638,1,8906,0
1968,W,8638,1,8906,0
1972,W,8638,1,8906,0
1976,W,8638,1,8906,0
1980,W,8638,1,8906,0
1984,W,8638,1,8906,0
1988,W,8638,1,8906,0
1992,W,8638,1,8906,0
1996,W,8638,1,8906,0
2000,W,8638,1,8906,0
2004,W,8638,1,8906,0
2008,W,8638,1,8906,0
2012,W,8638,1,8906,0
2016,W,8638,1,8906,0
2020,W,8638,1,8906,0
2024,W,8638,1,8906,0
2028,W,8638,1,8906,0
2032,W,8638,1,8906,0
2036,W,8638,1,8906,0
2040,W,8638,1,8906,0
2044,W,8638,1,8906,0
0,R,8692,1,8990,0
4,R,8692,1,8990,0
8,R,8692,1,8990,0
12,R,8692,1,8990,0
16,R,8692,1,8990,0
20,R,8692,1,8990,0
24,R,8692,1,8990,0
28,R,8692,1,8990,0
32,R,8692,1,8990,0
36,R,8692,1,8990,0
40,R,8692,1,8990,0
44,R,8692,1,8990,0
48,R,8692,1,8990,0
52,R,8692,1,8990,0
56,R,8692,1,8990,0
60,R,8692,1,8990,0
64,R,8692,1,8990,0
68,R,8692,1,8990,0
72,R,8692,1,8990,0
76,R,8692,1,8990,0
80,R,8692,1,8990,0
84,R,8692,1,8990,0
88,R,8692,1,8990,0
92,R,8692,1,8990,0
96,R,8692,1,8990,0
100,R,8692,1,8990,0
104,R,8692,1,8990,0
108,R,8692,1,8990,0
112,R,8692,1,8990,0
116,R,8692,1,8990,0
120,R,8692,1,8990,0
124,R,8692,1,8990,0
128,R,8692,1,8990,0
132,R,8692,1,8990,0
136,R,8692,1,8990,0
140,R,8692,1,8990,0
144,R,8692,1,8990,0
148,R,8692,1,8990,0
152,R,8692,1,8990,0
156,R,8692,1,8990,0
160,R,8692,1,8990,0
164,R,8692,1,8990,0
168,R,8692,1,8990,0
172,R,8692,1,8990,0
176,R,8692,1,8990,0
180,R,8692,1,8990,0
184,R,8692,1,8990,0
188,R,8692,1,8990,0
192,R,8692,1,8990,0
196,R,8692,1,8990,0
200,R,8692,1,8990,0
204,R,8692,1,8990,0
208,R,8692,1,8990,0
212,R,8692,1,8990,0
216,R,8692,1,8990,0
220,R,8692,1,8990,0
224,R,8692,1,8990,0
228,R,8692,1,8990,0
232,R,8692,1,8990,0
236,R,8692,1,8990,0
240,R,8692,1,8990,0
244,R,8692,1,8990,0
248,R,8692,1,8990,0
252,R,8692,1,8990,0
2048,W,8692,1,8993,0
2052,W,8692,1,8993,0
2056,W,8692,1,8993,0
2060,W,8692,1,8993,0
2064,W,8692,1,8993,0
2068,W,8692,1,8993,0
2072,W,8692,1,8993,0
2076,W,8692,1,8993,0
2080,W,8692,1,8993,0
2084,W,8692,1,8993,0
2088,W,8692,1,8993,0
2092,W,8692,1,8993,0
2096,W,8692,1,8993,0
2100,W,8692,1,8993,0
2104,W,8692,1,8993,0
2108,W,8692,1,8993,0
2112,W,8692,1,8993,0
2116,W,8692,1,8993,0
2120,W,8692,1,8993,0
2124,W,8692,1,8993,0
2128,W,8692,1,8993,0
2132,W,8692,1,8993,0
2136,W,8692,1,8993,0
2140,W,8692,1,8993,0
2144,W,8692,1,8993,0
2148,W,8692,1,8993,0
2152,W,8692,1,8993,0
2156,W,8692,1,8993,0
2160,W,8692,1,8993,0
2164,W,8692,1,8993,0
2168,W,8692,1,8993,0
2172,W,8692,1,8993,0
2176,W,8692,1,8993,0
2180,W,8692,1,8993,0
2184,W,8692,1,8993,0
2188,W,8692,1,8993,0
2192,W,8692,1,8993,0
2196,W,8692,1,8993,0
2200,W,8692,1,8993,0
2204,W,8692,1,8993,0
2208,W,8692,1,8993,0
2212,W,8692,1,8993,0
2216,W,8692,1,8993,0
2220,W,8692,1,8993,0
2224,W,8692,1,8993,0
2228,W,8692,1,8993,0
2232,W,8692,1,8993,0
2236,W,8692,1,8993,0
2240,W,8692,1,8993,0
2244,W,8692,1,8993,0
2248,W,8692,1,8993,0
2252,W,8692,1,8993,0
2256,W,8692,1,8993,0
2260,W,8692,1,8993,0
2264,W,8692,1,8993,0
2268,W,8692,1,8993,0
2272,W,8692,1,8993,0
2276,W,8692,1,8993,0
2280,W,8692,1,8993,0
2284,W,8692,1,8993,0
2288,W,8692,1,8993,0
2292,W,8692,1,8993,0
2296,W,8692,1,8993,0
2300,W,8692,1,8993,0
256,R,8693,1,8995,0
260,R,8693,1,8995,0
264,R,8693,1,8995,0
268,R,8693,1,8995,0
272,R,8693,1,8995,0
276,R,8693,1,8995,0
280,R,8693,1,8995,0
284,R,8693,1,8995,0
288,R,8693,1,8995,0
292,R,8693,1,8995,0
296,R,8693,1,8995,0
300,R,8693,1,8995,0
304,R,8693,1,8995,0
308,R,8693,1,8995,0
312,R,8693,1,8995,0
316,R,8693,1,8995,0
320,R,8693,1,8995,0
324,R,8693,1,8995,0
328,R,8693,1,8995,0
332,R,8693,1,8995,0
336,R,8693,1,8995,0
340,R,8693,1,8995,0
344,R,8693,1,8995,0
348,R,8693,1,8995,0
352,R,8693,1,8995,0
356,R,8693,1,8995,0
360,R,8693,1,8995,0
364,R,8693,1,8995,0
368,R,8693,1,8995,0
372,R,8693,1,8995,0
376,R,8693,1,8995,0
380,R,8693,1,8995,0
384,R,8693,1,8995,0
388,R,8693,1,8995,0
392,R,8693,1,8995,0
396,R,8693,1,8995,0
400,R,8693,1,8995,0
404,R,8693,1,8995,0
408,R,8693,1,8995,0
412,R,8693,1,8995,0
416,R,8693,1,8995,0
420,R,8693,1,8995,0
424,R,8693,1,8995,0
428,R,8693,1,8995,0
432,R,8693,1,8995,0
436,R,8693,1,8995,0
440,R,8693,1,8995,0
444,R,8693,1,8995,0
448,R,8693,1,8995,0
452,R,8693,1,8995,0
456,R,8693,1,8995,0
460,R,8693,1,8995,0
464,R,8693,1,8995,0
468,R,8693,1,8995,0
472,R,8693,1,8995,0
476,R,8693,1,8995,0
480,R,8693,1,8995,0
484,R,8693,1,8995,0
488,R,8693,1,8995,0
492,R,8693,1,8995,0
496,R,8693,1,8995,0
500,R,8693,1,8995,0
504,R,8693,1,8995,0
508,R,8693,1,8995,0
2304,W,8693,1,8998,0
2308,W,8693,1,8998,0
2312,W,8693,1,8998,0
2316,W,8693,1,8998,0
2320,W,8693,1,8998,0
2324,W,8693,1,8998,0
2328,W,8693,1,8998,0
2332,W,8693,1,8998,0
2336,W,8693,1,8998,0
2340,W,8693,1,8998,0
2344,W,8693,1,8998,0
2348,W,8693,1,8998,0
2352,W,8693,1,8998,0
2356,W,8693,1,8998,0
2360,W,8693,1,8998,0
2364,W,8693,1,8998,0
2368,W,8693,1,8998,0
2372,W,8693,1,8998,0
2376,W,8693,1,8998,0
2380,W,8693,1,8998,0
2384,W,8693,1,8998,0
2388,W,8693,1,8998,0
2392,W,8693,1,8998,0
2396,W,8693,1,8998,0
2400,W,8693,1,8998,0
2404,W,8693,1,8998,0
2408,W,8693,1,8998,0
2412,W,8693,1,8998,0
2416,W,8693,1,8998,0
2420,W,8693,1,8998,0
2424,W,8693,1,8998,0
2428,W,8693,1,8998,0
2432,W,8693,1,8998,0
2436,W,8693,1,8998,0
2440,W,8693,1,8998,0
2444,W,8693,1,8998,0
2448,W,8693,1,8998,0
2452,W,8693,1,8998,0
2456,W,8693,1,8998,0
2460,W,8693,1,8998,0
2464,W,8693,1,8998,0
2468,W,8693,1,8998,0
2472,W,8693,1,8998,0
2476,W,8693,1,8998,0
2480,W,8693,1,8998,0
2484,W,8693,1,8998,0
2488,W,8693,1,8998,0
2492,W,8693,1,8998,0
2496,W,8693,1,8998,0
2500,W,8693,1,8998,0
2504,W,8693,1,8998,0
2508,W,8693,1,8998,0
2512,W,8693,1,8998,0
2516,W,8693,1,8998,0
2520,W,8693,1,8998,0
2524,W,8693,1,8998,0
2528,W,8693,1,8998,0
2532,W,8693,1,8998,0
2536,W,8693,1,8998,0
2540,W,8693,1,8998,0
2544,W,8693,1,8998,0
2548,W,8693,1,8998,0
2552,W,8693,1,8998,0
2556,W,8693,1,8998,0
2048,R,8706,1,9021,0
2052,R,8706,1,9021,0
2056,R,8706,1,9021,0
2060,R,8706,1,9021,0
2064,R,8706,1,9021,0
2068,R,8706,1,9021,0
2072,R,8706,1,9021,0
2076,R,8706,1,9021,0
2080,R,8706,1,9021,0
2084,R,8706,1,9021,0
2088,R,8706,1,9021,0
2092,R,8706,1,9021,0
2096,R,8706,1,9021,0
2100,R,8706,1,9021,0
2104,R,8706,1,9021,0
2108,R,8706,1,9021,0
2112,R,8706,1,9021,0
2116,R,8706,1,9021,0
2120,R,8706,1,9021,0
2124,R,8706,1,9021,0
2128,R,8706,1,9021,0
2132,R,8706,1,9021,0
2136,R,8706,1,9021,0
2140,R,8706,1,9021,0
2144,R,8706,1,9021,0
2148,R,8706,1,9021,0
2152,R,8706,1,9021,0
2156,R,8706,1,9021,0
2160,R,8706,1,9021,0
2164,R,8706,1,9021,0
2168,R,8706,1,9021,0
2172,R,8706,1,9021,0
2176,R,8706,1,9021,0
2180,R,8706,1,9021,0
2184,R,8706,1,9021,0
2188,R,8706,1,9021,0
2192,R,8706,1,9021,0
2196,R,8706,1,9021,0
2200,R,8706,1,9021,0
2204,R,8706,1,9021,0
2208,R,8706,1,9021,0
2212,R,8706,1,9021,0
2216,R,8706,1,9021,0
2220,R,8706,1,9021,0
2224,R,8706,1,9021,0
2228,R,8706,1,9021,0
2232,R,8706,1,9021,0
2236,R,8706,1,9021,0
2240,R,8706,1,9021,0
2244,R,8706,1,9021,0
2248,R,8706,1,9021,0
2252,R,8706,1,9021,0
2256,R,8706,1,9021,0
2260,R,8706,1,9021,0
2264,R,8706,1,9021,0
2268,R,8706,1,9021,0
2272,R,8706,1,9021,0
2276,R,8706,1,9021,0
2280,R,8706,1,9021,0
2284,R,8706,1,9021,0
2288,R,8706,1,9021,0
2292,R,8706,1,9021,0
2296,R,8706,1,9021,0
2300,R,8706,1,9021,0
2048,W,8707,1,9027,0
2052,W,8707,1,9027,0
2056,W,8707,1,9027,0
2060,W,8707,1,9027,0
2064,W,8707,1,9027,0
2068,W,8707,1,9027,0
2072,W,8707,1,9027,0
2076,W,8707,1,9027,0
2080,W,8707,1,9027,0
2084,W,8707,1,9027,0
2088,W,8707,1,9027,0
2092,W,8707,1,9027,0
2096,W,8707,1,9027,0
2100,W,8707,1,9027,0
2104,W,8707,1,9027,0
2108,W,8707,1,9027,0
2112,W,8707,1,9027,0
2116,W,8707,1,9027,0
2120,W,8707,1,9027,0
2124,W,8707,1,9027,0
2128,W,8707,1,9027,0
2132,W,8707,1,9027,0
2136,W,8707,1,9027,0
2140,W,8707,1,9027,0
2144,W,8707,1,9027,0
2148,W,8707,1,9027,0
2152,W,8707,1,9027,0
2156,W,8707,1,9027,0
2160,W,8707,1,9027,0
2164,W,8707,1,9027,0
2168,W,8707,1,9027,0
2172,W,8707,1,9027,0
2176,W,8707,1,9027,0
2180,W,8707,1,9027,0
2184,W,8707,1,9027,0
2188,W,8707,1,9027,0
2192,W,8707,1,9027,0
2196,W,8707,1,9027,0
2200,W,8707,1,9027,0
2204,W,8707,1,9027,0
2208,W,8707,1,9027,0
2212,W,8707,1,9027,0
2216,W,8707,1,9027,0
2220,W,8707,1,9027,0
2224,W,8707,1,9027,0
2228,W,8707,1,9027,0
2232,W,8707,1,9027,0
2236,W,8707,1,9027,0
2240,W,8707,1,9027,0
2244,W,8707,1,9027,0
2248,W,8707,1,9027,0
2252,W,8707,1,9027,0
2256,W,8707,1,9027,0
2260,W,8707,1,9027,0
2264,W,8707,1,9027,0
2268,W,8707,1,9027,0
2272,W,8707,1,9027,0
2276,W,8707,1,9027,0
2280,W,8707,1,9027,0
2284,W,8707,1,9027,0
2288,W,8707,1,9027,0
2292,W,8707,1,9027,0
2296,W,8707,1,9027,0
2300,W,8707,1,9027,0
2304,R,8708,1,9029,0
2308,R,8708,1,9029,0
2312,R,8708,1,9029,0
2316,R,8708,1,9029,0
2320,R,8708,1,9029,0
2324,R,8708,1,9029,0
2328,R,8708,1,9029,0
2332,R,8708,1,9029,0
2336,R,8708,1,9029,0
2340,R,8708,1,9029,0
2344,R,8708,1,9029,0
2348,R,8708,1,9029,0
2352,R,8708,1,9029,0
2356,R,8708,1,9029,0
2360,R,8708,1,9029,0
2364,R,8708,1,9029,0
2368,R,8708,1,9029,0
2372,R,8708,1,9029,0
2376,R,8708,1,9029,0
2380,R,8708,1,9029,0
2384,R,8708,1,9029,0
2388,R,8708,1,9029,0
2392,R,8708,1,9029,0
2396,R,8708,1,9029,0
2400,R,8708,1,9029,0
2404,R,8708,1,9029,0
2408,R,8708,1,9029,0
2412,R,8708,1,9029,0
2416,R,8708,1,9029,0
2420,R,8708,1,9029,0
2424,R,8708,1,9029,0
2428,R,8708,1,9029,0
2432,R,8708,1,9029,0
2436,R,8708,1,9029,0
2440,R,8708,1,9029,0
2444,R,8708,1,9029,0
2448,R,8708,1,9029,0
2452,R,8708,1,9029,0
2456,R,8708,1,9029,0
2460,R,8708,1,9029,0
2464,R,8708,1,9029,0
2468,R,8708,1,9029,0
2472,R,8708,1,9029,0
2476,R,8708,1,9029,0
2480,R,8708,1,9029,0
2484,R,8708,1,9029,0
2488,R,8708,1,9029,0
2492,R,8708,1,9029,0
2496,R,8708,1,9029,0
2500,R,8708,1,9029,0
2504,R,8708,1,9029,0
2508,R,8708,1,9029,0
2512,R,8708,1,9029,0
2516,R,8708,1,9029,0
2520,R,8708,1,9029,0
2524,R,8708,1,9029,0
2528,R,8708,1,9029,0
2532,R,8708,1,9029,0
2536,R,8708,1,9029,0
2540,R,8708,1,9029,0
2544,R,8708,1,9029,0
2548,R,8708,1,9029,0
2552,R,8708,1,9029,0
2556,R,8708,1,9029,0
2304,W,8708,1,9033,0
2308,W,8708,1,9033,0
2312,W,8708,1,9033,0
2316,W,8708,1,9033,0
2320,W,8708,1,9033,0
2324,W,8708,1,9033,0
2328,W,8708,1,9033,0
2332,W,8708,1,9033,0
2336,W,8708,1,9033,0
2340,W,8708,1,9033,0
2344,W,8708,1,9033,0
2348,W,8708,1,9033,0
2352,W,8708,1,9033,0
2356,W,8708,1,9033,0
2360,W,8708,1,9033,0
2364,W,8708,1,9033,0
2368,W,8708,1,9033,0
2372,W,8708,1,9033,0
2376,W,8708,1,9033,0
2380,W,8708,1,9033,0
2384,W,8708,1,9033,0
2388,W,8708,1,9033,0
2392,W,8708,1,9033,0
2396,W,8708,1,9033,0
2400,W,8708,1,9033,0
2404,W,8708,1,9033,0
2408,W,8708,1,9033,0
2412,W,8708,1,9033,0
2416,W,8708,1,9033,0
2420,W,8708,1,9033,0
2424,W,8708,1,9033,0
2428,W,8708,1,9033,0
2432,W,8708,1,9033,0
2436,W,8708,1,9033,0
2440,W,8708,1,9033,0
2444,W,8708,1,9033,0
2448,W,8708,1,9033,0
2452,W,8708,1,9033,0
2456,W,8708,1,9033,0
2460,W,8708,1,9033,0
2464,W,8708,1,9033,0
2468,W,8708,1,9033,0
2472,W,8708,1,9033,0
2476,W,8708,1,9033,0
2480,W,8708,1,9033,0
2484,W,8708,1,9033,0
2488,W,8708,1,9033,0
2492,W,8708,1,9033,0
2496,W,8708,1,9033,0
2500,W,8708,1,9033,0
2504,W,8708,1,9033,0
2508,W,8708,1,9033,0
2512,W,8708,1,9033,0
2516,W,8708,1,9033,0
2520,W,8708,1,9033,0
2524,W,8708,1,9033,0
2528,W,8708,1,9033,0
2532,W,8708,1,9033,0
2536,W,8708,1,9033,0
2540,W,8708,1,9033,0
2544,W,8708,1,9033,0
2548,W,8708,1,9033,0
2552,W,8708,1,9033,0
2556,W,8708,1,9033,0
2048,R,8715,1,9044,0
2052,R,8715,1,9044,0
2056,R,8715,1,9044,0
2060,R,8715,1,9044,0
2064,R,8715,1,9044,0
2068,R,8715,1,9044,0
2072,R,8715,1,9044,0
2076,R,8715,1,9044,0
2080,R,8715,1,9044,0
2084,R,8715,1,9044,0
2088,R,8715,1,9044,0
2092,R,8715,1,9044,0
2096,R,8715,1,9044,0
2100,R,8715,1,9044,0
2104,R,8715,1,9044,0
2108,R,8715,1,9044,0
2112,R,8715,1,9044,0
2116,R,8715,1,9044,0
2120,R,8715,1,9044,0
2124,R,8715,1,9044,0
2128,R,8715,1,9044,0
2132,R,8715,1,9044,0
2136,R,8715,1,9044,0
2140,R,8715,1,9044,0
2144,R,8715,1,9044,0
2148,R,8715,1,9044,0
2152,R,8715,1,9044,0
2156,R,8715,1,9044,0
2160,R,8715,1,9044,0
2164,R,8715,1,9044,0
2168,R,8715,1,9044,0
2172,R,8715,1,9044,0
2176,R,8715,1,9044,0
2180,R,8715,1,9044,0
2184,R,8715,1,9044,0
2188,R,8715,1,9044,0
2192,R,8715,1,9044,0
2196,R,8715,1,9044,0
2200,R,8715,1,9044,0
2204,R,8715,1,9044,0
2208,R,8715,1,9044,0
2212,R,8715,1,9044,0
2216,R,8715,1,9044,0
2220,R,8715,1,9044,0
2224,R,8715,1,9044,0
2228,R,8715,1,9044,0
2232,R,8715,1,9044,0
2236,R,8715,1,9044,0
2240,R,8715,1,9044,0
2244,R,8715,1,9044,0
2248,R,8715,1,9044,0
2252,R,8715,1,9044,0
2256,R,8715,1,9044,0
2260,R,8715,1,9044,0
2264,R,8715,1,9044,0
2268,R,8715,1,9044,0
2272,R,8715,1,9044,0
2276,R,8715,1,9044,0
2280,R,8715,1,9044,0
2284,R,8715,1,9044,0
2288,R,8715,1,9044,0
2292,R,8715,1,9044,0
2296,R,8715,1,9044,0
2300,R,8715,1,9044,0
0,R,8715,1,9045,0
4,R,8715,1,9045,0
8,R,8715,1,9045,0
12,R,8715,1,9045,0
16,R,8715,1,9045,0
20,R,8715,1,9045,0
24,R,8715,1,9045,0
28,R,8715,1,9045,0
32,R,8715,1,9045,0
36,R,8715,1,9045,0
40,R,8715,1,9045,0
44,R,8715,1,9045,0
48,R,8715,1,9045,0
52,R,8715,1,9045,0
56,R,8715,1,9045,0
60,R,8715,1,9045,0
64,R,8715,1,9045,0
68,R,8715,1,9045,0
72,R,8715,1,9045,0
76,R,8715,1,9045,0
80,R,8715,1,9045,0
84,R,8715,1,9045,0
88,R,8715,1,9045,0
92,R,8715,1,9045,0
96,R,8715,1,9045,0
100,R,8715,1,9045,0
104,R,8715,1,9045,0
108,R,8715,1,9045,0
112,R,8715,1,9045,0
116,R,8715,1,9045,0
120,R,8715,1,9045,0
124,R,8715,1,9045,0
128,R,8715,1,9045,0
132,R,8715,1,9045,0
136,R,8715,1,9045,0
140,R,8715,1,9045,0
144,R,8715,1,9045,0
148,R,8715,1,9045,0
152,R,8715,1,9045,0
156,R,8715,1,9045,0
160,R,8715,1,9045,0
164,R,8715,1,9045,0
168,R,8715,1,9045,0
172,R,8715,1,9045,0
176,R,8715,1,9045,0
180,R,8715,1,9045,0
184,R,8715,1,9045,0
188,R,8715,1,9045,0
192,R,8715,1,9045,0
196,R,8715,1,9045,0
200,R,8715,1,9045,0
204,R,8715,1,9045,0
208,R,8715,1,9045,0
212,R,8715,1,9045,0
216,R,8715,1,9045,0
220,R,8715,1,9045,0
224,R,8715,1,9045,0
228,R,8715,1,9045,0
232,R,8715,1,9045,0
236,R,8715,1,9045,0
240,R,8715,1,9045,0
244,R,8715,1,9045,0
248,R,8715,1,9045,0
252,R,8715,1,9045,0
2048,W,8715,1,9048,0
2052,W,8715,1,9048,0
2056,W,8715,1,9048,0
2060,W,8715,1,9048,0
2064,W,8715,1,9048,0
2068,W,8715,1,9048,0
2072,W,8715,1,9048,0
2076,W,8715,1,9048,0
2080,W,8715,1,9048,0
2084,W,8715,1,9048,0
2088,W,8715,1,9048,0
2092,W,8715,1,9048,0
2096,W,8715,1,9048,0
2100,W,8715,1,9048,0
2104,W,8715,1,9048,0
2108,W,8715,1,9048,0
2112,W,8715,1,9048,0
2116,W,8715,1,9048,0
2120,W,8715,1,9048,0
2124,W,8715,1,9048,0
2128,W,8715,1,9048,0
2132,W,8715,1,9048,0
2136,W,8715,1,9048,0
2140,W,8715,1,9048,0
2144,W,8715,1,9048,0
2148,W,8715,1,9048,0
2152,W,8715,1,9048,0
2156,W,8715,1,9048,0
2160,W,8715,1,9048,0
2164,W,8715,1,9048,0
2168,W,8715,1,9048,0
2172,W,8715,1,9048,0
2176,W,8715,1,9048,0
2180,W,8715,1,9048,0
2184,W,8715,1,9048,0
2188,W,8715,1,9048,0
2192,W,8715,1,9048,0
2196,W,8715,1,9048,0
2200,W,8715,1,9048,0
2204,W,8715,1,9048,0
2208,W,8715,1,9048,0
2212,W,8715,1,9048,0
2216,W,8715,1,9048,0
2220,W,8715,1,9048,0
2224,W,8715,1,9048,0
2228,W,8715,1,9048,0
2232,W,8715,1,9048,0
2236,W,8715,1,9048,0
2240,W,8715,1,9048,0
2244,W,8715,1,9048,0
2248,W,8715,1,9048,0
2252,W,8715,1,9048,0
2256,W,8715,1,9048,0
2260,W,8715,1,9048,0
2264,W,8715,1,9048,0
2268,W,8715,1,9048,0
2272,W,8715,1,9048,0
2276,W,8715,1,9048,0
2280,W,8715,1,9048,0
2284,W,8715,1,9048,0
2288,W,8715,1,9048,0
2292,W,8715,1,9048,0
2296,W,8715,1,9048,0
2300,W,8715,1,9048,0
2304,R,8716,1,9050,0
2308,R,8716,1,9050,0
2312,R,8716,1,9050,0
2316,R,8716,1,9050,0
2320,R,8716,1,9050,0
2324,R,8716,1,9050,0
2328,R,8716,1,9050,0
2332,R,8716,1,9050,0
2336,R,8716,1,9050,0
2340,R,8716,1,9050,0
2344,R,8716,1,9050,0
2348,R,8716,1,9050,0
2352,R,8716,1,9050,0
2356,R,8716,1,9050,0
2360,R,8716,1,9050,0
2364,R,8716,1,9050,0
2368,R,8716,1,9050,0
2372,R,8716,1,9050,0
2376,R,8716,1,9050,0
2380,R,8716,1,9050,0
2384,R,8716,1,9050,0
2388,R,8716,1,9050,0
2392,R,8716,1,9050,0
2396,R,8716,1,9050,0
2400,R,8716,1,9050,0
2404,R,8716,1,9050,0
2408,R,8716,1,9050,0
2412,R,8716,1,9050,0
2416,R,8716,1,9050,0
2420,R,8716,1,9050,0
2424,R,8716,1,9050,0
2428,R,8716,1,9050,0
2432,R,8716,1,9050,0
2436,R,8716,1,9050,0
2440,R,8716,1,9050,0
2444,R,8716,1,9050,0
2448,R,8716,1,9050,0
2452,R,8716,1,9050,0
2456,R,8716,1,9050,0
2460,R,8716,1,9050,0
2464,R,8716,1,9050,0
2468,R,8716,1,9050,0
2472,R,8716,1,9050,0
2476,R,8716,1,9050,0
2480,R,8716,1,9050,0
2484,R,8716,1,9050,0
2488,R,8716,1,9050,0
2492,R,8716,1,9050,0
2496,R,8716,1,9050,0
2500,R,8716,1,9050,0
2504,R,8716,1,9050,0
2508,R,8716,1,9050,0
2512,R,8716,1,9050,0
2516,R,8716,1,9050,0
2520,R,8716,1,9050,0
2524,R,8716,1,9050,0
2528,R,8716,1,9050,0
2532,R,8716,1,9050,0
2536,R,8716,1,9050,0
2540,R,8716,1,9050,0
2544,R,8716,1,9050,0
2548,R,8716,1,9050,0
2552,R,8716,1,9050,0
2556,R,8716,1,9050,0
256,R,8716,1,9051,0
260,R,8716,1,9051,0
264,R,8716,1,9051,0
268,R,8716,1,9051,0
272,R,8716,1,9051,0
276,R,8716,1,9051,0
280,R,8716,1,9051,0
284,R,8716,1,9051,0
288,R,8716,1,9051,0
292,R,8716,1,9051,0
296,R,8716,1,9051,0
300,R,8716,1,9051,0
304,R,8716,1,9051,0
308,R,8716,1,9051,0
312,R,8716,1,9051,0
316,R,8716,1,9051,0
320,R,8716,1,9051,0
324,R,8716,1,9051,0
328,R,8716,1,9051,0
332,R,8716,1,9051,0
336,R,8716,1,9051,0
340,R,8716,1,9051,0
344,R,8716,1,9051,0
348,R,8716,1,9051,0
352,R,8716,1,9051,0
356,R,8716,1,9051,0
360,R,8716,1,9051,0
364,R,8716,1,9051,0
368,R,8716,1,9051,0
372,R,8716,1,9051,0
376,R,8716,1,9051,0
380,R,8716,1,9051,0
384,R,8716,1,9051,0
388,R,8716,1,9051,0
392,R,8716,1,9051,0
396,R,8716,1,9051,0
400,R,8716,1,9051,0
404,R,8716,1,9051,0
408,R,8716,1,9051,0
412,R,8716,1,9051,0
416,R,8716,1,9051,0
420,R,8716,1,9051,0
424,R,8716,1,9051,0
428,R,8716,1,9051,0
432,R,8716,1,9051,0
436,R,8716,1,9051,0
440,R,8716,1,9051,0
444,R,8716,1,9051,0
448,R,8716,1,9051,0
452,R,8716,1,9051,0
456,R,8716,1,9051,0
460,R,8716,1,9051,0
464,R,8716,1,9051,0
468,R,8716,1,9051,0
472,R,8716,1,9051,0
476,R,8716,1,9051,0
480,R,8716,1,9051,0
484,R,8716,1,9051,0
488,R,8716,1,9051,0
492,R,8716,1,9051,0
496,R,8716,1,9051,0
500,R,8716,1,9051,0
504,R,8716,1,9051,0
508,R,8716,1,9051,0
2304,W,8716,1,9054,0
2308,W,8716,1,9054,0
2312,W,8716,1,9054,0
2316,W,8716,1,9054,0
2320,W,8716,1,9054,0
2324,W,8716,1,9054,0
2328,W,8716,1,9054,0
2332,W,8716,1,9054,0
2336,W,8716,1,9054,0
2340,W,8716,1,9054,0
2344,W,8716,1,9054,0
2348,W,8716,1,9054,0
2352,W,8716,1,9054,0
2356,W,8716,1,9054,0
2360,W,8716,1,9054,0
2364,W,8716,1,9054,0
2368,W,8716,1,9054,0
2372,W,8716,1,9054,0
2376,W,8716,1,9054,0
2380,W,8716,1,9054,0
2384,W,8716,1,9054,0
2388,W,8716,1,9054,0
2392,W,8716,1,9054,0
2396,W,8716,1,9054,0
2400,W,8716,1,9054,0
2404,W,8716,1,9054,0
2408,W,8716,1,9054,0
2412,W,8716,1,9054,0
2416,W,8716,1,9054,0
2420,W,8716,1,9054,0
2424,W,8716,1,9054,0
2428,W,8716,1,9054,0
2432,W,8716,1,9054,0
2436,W,8716,1,9054,0
2440,W,8716,1,9054,0
2444,W,8716,1,9054,0
2448,W,8716,1,9054,0
2452,W,8716,1,9054,0
2456,W,8716,1,9054,0
2460,W,8716,1,9054,0
2464,W,8716,1,9054,0
2468,W,8716,1,9054,0
2472,W,8716,1,9054,0
2476,W,8716,1,9054,0
2480,W,8716,1,9054,0
2484,W,8716,1,9054,0
2488,W,8716,1,9054,0
2492,W,8716,1,9054,0
2496,W,8716,1,9054,0
2500,W,8716,1,9054,0
2504,W,8716,1,9054,0
2508,W,8716,1,9054,0
2512,W,8716,1,9054,0
2516,W,8716,1,9054,0
2520,W,8716,1,9054,0
2524,W,8716,1,9054,0
2528,W,8716,1,9054,0
2532,W,8716,1,9054,0
2536,W,8716,1,9054,0
2540,W,8716,1,9054,0
2544,W,8716,1,9054,0
2548,W,8716,1,9054,0
2552,W,8716,1,9054,0
2556,W,8716,1,9054,0
2048,R,8723,1,9065,0
2052,R,8723,1,9065,0
2056,R,8723,1,9065,0
2060,R,8723,1,9065,0
2064,R,8723,1,9065,0
2068,R,8723,1,9065,0
2072,R,8723,1,9065,0
2076,R,8723,1,9065,0
2080,R,8723,1,9065,0
2084,R,8723,1,9065,0
2088,R,8723,1,9065,0
2092,R,8723,1,9065,0
2096,R,8723,1,9065,0
2100,R,8723,1,9065,0
2104,R,8723,1,9065,0
2108,R,8723,1,9065,0
2112,R,8723,1,9065,0
2116,R,8723,1,9065,0
2120,R,8723,1,9065,0
2124,R,8723,1,9065,0
2128,R,8723,1,9065,0
2132,R,8723,1,9065,0
2136,R,8723,1,9065,0
2140,R,8723,1,9065,0
2144,R,8723,1,9065,0
2148,R,8723,1,9065,0
2152,R,8723,1,9065,0
2156,R,8723,1,9065,0
2160,R,8723,1,9065,0
2164,R,8723,1,9065,0
2168,R,8723,1,9065,0
2172,R,8723,1,9065,0
2176,R,8723,1,9065,0
2180,R,8723,1,9065,0
2184,R,8723,1,9065,0
2188,R,8723,1,9065,0
2192,R,8723,1,9065,0
2196,R,8723,1,9065,0
2200,R,8723,1,9065,0
2204,R,8723,1,9065,0
2208,R,8723,1,9065,0
2212,R,8723,1,9065,0
2216,R,8723,1,9065,0
2220,R,8723,1,9065,0
2224,R,8723,1,9065,0
2228,R,8723,1,9065,0
2232,R,8723,1,9065,0
2236,R,8723,1,9065,0
2240,R,8723,1,9065,0
2244,R,8723,1,9065,0
2248,R,8723,1,9065,0
2252,R,8723,1,9065,0
2256,R,8723,1,9065,0
2260,R,8723,1,9065,0
2264,R,8723,1,9065,0
2268,R,8723,1,9065,0
2272,R,8723,1,9065,0
2276,R,8723,1,9065,0
2280,R,8723,1,9065,0
2284,R,8723,1,9065,0
2288,R,8723,1,9065,0
2292,R,8723,1,9065,0
2296,R,8723,1,9065,0
2300,R,8723,1,9065,0
2048,W,8723,1,9069,0
2052,W,8723,1,9069,0
2056,W,8723,1,9069,0
2060,W,8723,1,9069,0
2064,W,8723,1,9069,0
2068,W,8723,1,9069,0
2072,W,8723,1,9069,0
2076,W,8723,1,9069,0
2080,W,8723,1,9069,0
2084,W,8723,1,9069,0
2088,W,8723,1,9069,0
2092,W,8723,1,9069,0
2096,W,8723,1,9069,0
2100,W,8723,1,9069,0
2104,W,8723,1,9069,0
2108,W,8723,1,9069,0
2112,W,8723,1,9069,0
2116,W,8723,1,9069,0
2120,W,8723,1,9069,0
2124,W,8723,1,9069,0
2128,W,8723,1,9069,0
2132,W,8723,1,9069,0
2136,W,8723,1,9069,0
2140,W,8723,1,9069,0
2144,W,8723,1,9069,0
2148,W,8723,1,9069,0
2152,W,8723,1,9069,0
2156,W,8723,1,9069,0
2160,W,8723,1,9069,0
2164,W,8723,1,9069,0
2168,W,8723,1,9069,0
2172,W,8723,1,9069,0
2176,W,8723,1,9069,0
2180,W,8723,1,9069,0
2184,W,8723,1,9069,0
2188,W,8723,1,9069,0
2192,W,8723,1,9069,0
2196,W,8723,1,9069,0
2200,W,8723,1,9069,0
2204,W,8723,1,9069,0
2208,W,8723,1,9069,0
2212,W,8723,1,9069,0
2216,W,8723,1,9069,0
2220,W,8723,1,9069,0
2224,W,8723,1,9069,0
2228,W,8723,1,9069,0
2232,W,8723,1,9069,0
2236,W,8723,1,9069,0
2240,W,8723,1,9069,0
2244,W,8723,1,9069,0
2248,W,8723,1,9069,0
2252,W,8723,1,9069,0
2256,W,8723,1,9069,0
2260,W,8723,1,9069,0
2264,W,8723,1,9069,0
2268,W,8723,1,9069,0
2272,W,8723,1,9069,0
2276,W,8723,1,9069,0
2280,W,8723,1,9069,0
2284,W,8723,1,9069,0
2288,W,8723,1,9069,0
2292,W,8723,1,9069,0
2296,W,8723,1,9069,0
2300,W,8723,1,9069,0
2304,R,8724,1,9071,0
2308,R,8724,1,9071,0
2312,R,8724,1,9071,0
2316,R,8724,1,9071,0
2320,R,8724,1,9071,0
2324,R,8724,1,9071,0
2328,R,8724,1,9071,0
2332,R,8724,1,9071,0
2336,R,8724,1,9071,0
2340,R,8724,1,9071,0
2344,R,8724,1,9071,0
2348,R,8724,1,9071,0
2352,R,8724,1,9071,0
2356,R,8724,1,9071,0
2360,R,8724,1,9071,0
2364,R,8724,1,9071,0
2368,R,8724,1,9071,0
2372,R,8724,1,9071,0
2376,R,8724,1,9071,0
2380,R,8724,1,9071,0
2384,R,8724,1,9071,0
2388,R,8724,1,9071,0
2392,R,8724,1,9071,0
2396,R,8724,1,9071,0
2400,R,8724,1,9071,0
2404,R,8724,1,9071,0
2408,R,8724,1,9071,0
2412,R,8724,1,9071,0
2416,R,8724,1,9071,0
2420,R,8724,1,9071,0
2424,R,8724,1,9071,0
2428,R,8724,1,9071,0
2432,R,8724,1,9071,0
2436,R,8724,1,9071,0
2440,R,8724,1,9071,0
2444,R,8724,1,9071,0
2448,R,8724,1,9071,0
2452,R,8724,1,9071,0
2456,R,8724,1,9071,0
2460,R,8724,1,9071,0
2464,R,8724,1,9071,0
2468,R,8724,1,9071,0
2472,R,8724,1,9071,0
2476,R,8724,1,9071,0
2480,R,8724,1,9071,0
2484,R,8724,1,9071,0
2488,R,8724,1,9071,0
2492,R,8724,1,9071,0
2496,R,8724,1,9071,0
2500,R,8724,1,9071,0
2504,R,8724,1,9071,0
2508,R,8724,1,9071,0
2512,R,8724,1,9071,0
2516,R,8724,1,9071,0
2520,R,8724,1,9071,0
2524,R,8724,1,9071,0
2528,R,8724,1,9071,0
2532,R,8724,1,9071,0
2536,R,8724,1,9071,0
2540,R,8724,1,9071,0
2544,R,8724,1,9071,0
2548,R,8724,1,9071,0
2552,R,8724,1,9071,0
2556,R,8724,1,9071,0
2304,W,8724,1,9075,0
2308,W,8724,1,9075,0
2312,W,8724,1,9075,0
2316,W,8724,1,9075,0
2320,W,8724,1,9075,0
2324,W,8724,1,9075,0
2328,W,8724,1,9075,0
2332,W,8724,1,9075,0
2336,W,8724,1,9075,0
2340,W,8724,1,9075,0
2344,W,8724,1,9075,0
2348,W,8724,1,9075,0
2352,W,8724,1,9075,0
2356,W,8724,1,9075,0
2360,W,8724,1,9075,0
2364,W,8724,1,9075,0
2368,W,8724,1,9075,0
2372,W,8724,1,9075,0
2376,W,8724,1,9075,0
2380,W,8724,1,9075,0
2384,W,8724,1,9075,0
2388,W,8724,1,9075,0
2392,W,8724,1,9075,0
2396,W,8724,1,9075,0
2400,W,8724,1,9075,0
2404,W,8724,1,9075,0
2408,W,8724,1,9075,0
2412,W,8724,1,9075,0
2416,W,8724,1,9075,0
2420,W,8724,1,9075,0
2424,W,8724,1,9075,0
2428,W,8724,1,9075,0
2432,W,8724,1,9075,0
2436,W,8724,1,9075,0
2440,W,8724,1,9075,0
2444,W,8724,1,9075,0
2448,W,8724,1,9075,0
2452,W,8724,1,9075,0
2456,W,8724,1,9075,0
2460,W,8724,1,9075,0
2464,W,8724,1,9075,0
2468,W,8724,1,9075,0
2472,W,8724,1,9075,0
2476,W,8724,1,9075,0
2480,W,8724,1,9075,0
2484,W,8724,1,9075,0
2488,W,8724,1,9075,0
2492,W,8724,1,9075,0
2496,W,8724,1,9075,0
2500,W,8724,1,9075,0
2504,W,8724,1,9075,0
2508,W,8724,1,9075,0
2512,W,8724,1,9075,0
2516,W,8724,1,9075,0
2520,W,8724,1,9075,0
2524,W,8724,1,9075,0
2528,W,8724,1,9075,0
2532,W,8724,1,9075,0
2536,W,8724,1,9075,0
2540,W,8724,1,9075,0
2544,W,8724,1,9075,0
2548,W,8724,1,9075,0
2552,W,8724,1,9075,0
2556,W,8724,1,9075,0
0,R,8731,1,9086,0
4,R,8731,1,9086,0
8,R,8731,1,9086,0
12,R,8731,1,9086,0
16,R,8731,1,9086,0
20,R,8731,1,9086,0
24,R,8731,1,9086,0
28,R,8731,1,9086,0
32,R,8731,1,9086,0
36,R,8731,1,9086,0
40,R,8731,1,9086,0
44,R,8731,1,9086,0
48,R,8731,1,9086,0
52,R,8731,1,9086,0
56,R,8731,1,9086,0
60,R,8731,1,9086,0
64,R,8731,1,9086,0
68,R,8731,1,9086,0
72,R,8731,1,9086,0
76,R,8731,1,9086,0
80,R,8731,1,9086,0
84,R,8731,1,9086,0
88,R,8731,1,9086,0
92,R,8731,1,9086,0
96,R,8731,1,9086,0
100,R,8731,1,9086,0
104,R,8731,1,9086,0
108,R,8731,1,9086,0
112,R,8731,1,9086,0
116,R,8731,1,9086,0
120,R,8731,1,9086,0
124,R,8731,1,9086,0
128,R,8731,1,9086,0
132,R,8731,1,9086,0
136,R,8731,1,9086,0
140,R,8731,1,9086,0
144,R,8731,1,9086,0
148,R,8731,1,9086,0
152,R,8731,1,9086,0
156,R,8731,1,9086,0
160,R,8731,1,9086,0
164,R,8731,1,9086,0
168,R,8731,1,9086,0
172,R,8731,1,9086,0
176,R,8731,1,9086,0
180,R,8731,1,9086,0
184,R,8731,1,9086,0
188,R,8731,1,9086,0
192,R,8731,1,9086,0
196,R,8731,1,9086,0
200,R,8731,1,9086,0
204,R,8731,1,9086,0
208,R,8731,1,9086,0
212,R,8731,1,9086,0
216,R,8731,1,9086,0
220,R,8731,1,9086,0
224,R,8731,1,9086,0
228,R,8731,1,9086,0
232,R,8731,1,9086,0
236,R,8731,1,9086,0
240,R,8731,1,9086,0
244,R,8731,1,9086,0
248,R,8731,1,9086,0
252,R,8731,1,9086,0
2048,R,8731,1,9087,0
2052,R,8731,1,9087,0
2056,R,8731,1,9087,0
2060,R,8731,1,9087,0
2064,R,8731,1,9087,0
2068,R,8731,1,9087,0
2072,R,8731,1,9087,0
2076,R,8731,1,9087,0
2080,R,8731,1,9087,0
2084,R,8731,1,9087,0
2088,R,8731,1,9087,0
2092,R,8731,1,9087,0
2096,R,8731,1,9087,0
2100,R,8731,1,9087,0
2104,R,8731,1,9087,0
2108,R,8731,1,9087,0
2112,R,8731,1,9087,0
2116,R,8731,1,9087,0
2120,R,8731,1,9087,0
2124,R,8731,1,9087,0
2128,R,8731,1,9087,0
2132,R,8731,1,9087,0
2136,R,8731,1,9087,0
2140,R,8731,1,9087,0
2144,R,8731,1,9087,0
2148,R,8731,1,9087,0
2152,R,8731,1,9087,0
2156,R,8731,1,9087,0
2160,R,8731,1,9087,0
2164,R,8731,1,9087,0
2168,R,8731,1,9087,0
2172,R,8731,1,9087,0
2176,R,8731,1,9087,0
2180,R,8731,1,9087,0
2184,R,8731,1,9087,0
2188,R,8731,1,9087,0
2192,R,8731,1,9087,0
2196,R,8731,1,9087,0
2200,R,8731,1,9087,0
2204,R,8731,1,9087,0
2208,R,8731,1,9087,0
2212,R,8731,1,9087,0
2216,R,8731,1,9087,0
2220,R,8731,1,9087,0
2224,R,8731,1,9087,0
2228,R,8731,1,9087,0
2232,R,8731,1,9087,0
2236,R,8731,1,9087,0
2240,R,8731,1,9087,0
2244,R,8731,1,9087,0
2248,R,8731,1,9087,0
2252,R,8731,1,9087,0
2256,R,8731,1,9087,0
2260,R,8731,1,9087,0
2264,R,8731,1,9087,0
2268,R,8731,1,9087,0
2272,R,8731,1,9087,0
2276,R,8731,1,9087,0
2280,R,8731,1,9087,0
2284,R,8731,1,9087,0
2288,R,8731,1,9087,0
2292,R,8731,1,9087,0
2296,R,8731,1,9087,0
2300,R,8731,1,9087,0
2048,W,8731,1,9090,0
2052,W,8731,1,9090,0
2056,W,8731,1,9090,0
2060,W,8731,1,9090,0
2064,W,8731,1,9090,0
2068,W,8731,1,9090,0
2072,W,8731,1,9090,0
2076,W,8731,1,9090,0
2080,W,8731,1,9090,0
2084,W,8731,1,9090,0
2088,W,8731,1,9090,0
2092,W,8731,1,9090,0
2096,W,8731,1,9090,0
2100,W,8731,1,9090,0
2104,W,8731,1,9090,0
2108,W,8731,1,9090,0
2112,W,8731,1,9090,0
2116,W,8731,1,9090,0
2120,W,8731,1,9090,0
2124,W,8731,1,9090,0
2128,W,8731,1,9090,0
2132,W,8731,1,9090,0
2136,W,8731,1,9090,0
2140,W,8731,1,9090,0
2144,W,8731,1,9090,0
2148,W,8731,1,9090,0
2152,W,8731,1,9090,0
2156,W,8731,1,9090,0
2160,W,8731,1,9090,0
2164,W,8731,1,9090,0
2168,W,8731,1,9090,0
2172,W,8731,1,9090,0
2176,W,8731,1,9090,0
2180,W,8731,1,9090,0
2184,W,8731,1,9090,0
2188,W,8731,1,9090,0
2192,W,8731,1,9090,0
2196,W,8731,1,9090,0
2200,W,8731,1,9090,0
2204,W,8731,1,9090,0
2208,W,8731,1,9090,0
2212,W,8731,1,9090,0
2216,W,8731,1,9090,0
2220,W,8731,1,9090,0
2224,W,8731,1,9090,0
2228,W,8731,1,9090,0
2232,W,8731,1,9090,0
2236,W,8731,1,9090,0
2240,W,8731,1,9090,0
2244,W,8731,1,9090,0
2248,W,8731,1,9090,0
2252,W,8731,1,9090,0
2256,W,8731,1,9090,0
2260,W,8731,1,9090,0
2264,W,8731,1,9090,0
2268,W,8731,1,9090,0
2272,W,8731,1,9090,0
2276,W,8731,1,9090,0
2280,W,8731,1,9090,0
2284,W,8731,1,9090,0
2288,W,8731,1,9090,0
2292,W,8731,1,9090,0
2296,W,8731,1,9090,0
2300,W,8731,1,9090,0
256,R,8732,1,9092,0
260,R,8732,1,9092,0
264,R,8732,1,9092,0
268,R,8732,1,9092,0
272,R,8732,1,9092,0
276,R,8732,1,9092,0
280,R,8732,1,9092,0
284,R,8732,1,9092,0
288,R,8732,1,9092,0
292,R,8732,1,9092,0
296,R,8732,1,9092,0
300,R,8732,1,9092,0
304,R,8732,1,9092,0
308,R,8732,1,9092,0
312,R,8732,1,9092,0
316,R,8732,1,9092,0
320,R,8732,1,9092,0
324,R,8732,1,9092,0
328,R,8732,1,9092,0
332,R,8732,1,9092,0
336,R,8732,1,9092,0
340,R,8732,1,9092,0
344,R,8732,1,9092,0
348,R,8732,1,9092,0
352,R,8732,1,9092,0
356,R,8732,1,9092,0
360,R,8732,1,9092,0
364,R,8732,1,9092,0
368,R,8732,1,9092,0
372,R,8732,1,9092,0
376,R,8732,1,9092,0
380,R,8732,1,9092,0
384,R,8732,1,9092,0
388,R,8732,1,9092,0
392,R,8732,1,9092,0
396,R,8732,1,9092,0
400,R,8732,1,9092,0
404,R,8732,1,9092,0
408,R,8732,1,9092,0
412,R,8732,1,9092,0
416,R,8732,1,9092,0
420,R,8732,1,9092,0
424,R,8732,1,9092,0
428,R,8732,1,9092,0
432,R,8732,1,9092,0
436,R,8732,1,9092,0
440,R,8732,1,9092,0
444,R,8732,1,9092,0
448,R,8732,1,9092,0
452,R,8732,1,9092,0
456,R,8732,1,9092,0
460,R,8732,1,9092,0
464,R,8732,1,9092,0
468,R,8732,1,9092,0
472,R,8732,1,9092,0
476,R,8732,1,9092,0
480,R,8732,1,9092,0
484,R,8732,1,9092,0
488,R,8732,1,9092,0
492,R,8732,1,9092,0
496,R,8732,1,9092,0
500,R,8732,1,9092,0
504,R,8732,1,9092,0
508,R,8732,1,9092,0
2304,R,8732,1,9093,0
2308,R,8732,1,9093,0
2312,R,8732,1,9093,0
2316,R,8732,1,9093,0
2320,R,8732,1,9093,0
2324,R,8732,1,9093,0
2328,R,8732,1,9093,0
2332,R,8732,1,9093,0
2336,R,8732,1,9093,0
2340,R,8732,1,9093,0
2344,R,8732,1,9093,0
2348,R,8732,1,9093,0
2352,R,8732,1,9093,0
2356,R,8732,1,9093,0
2360,R,8732,1,9093,0
2364,R,8732,1,9093,0
2368,R,8732,1,9093,0
2372,R,8732,1,9093,0
2376,R,8732,1,9093,0
2380,R,8732,1,9093,0
2384,R,8732,1,9093,0
2388,R,8732,1,9093,0
2392,R,8732,1,9093,0
2396,R,8732,1,9093,0
2400,R,8732,1,9093,0
2404,R,8732,1,9093,0
2408,R,8732,1,9093,0
2412,R,8732,1,9093,0
2416,R,8732,1,9093,0
2420,R,8732,1,9093,0
2424,R,8732,1,9093,0
2428,R,8732,1,9093,0
2432,R,8732,1,9093,0
2436,R,8732,1,9093,0
2440,R,8732,1,9093,0
2444,R,8732,1,9093,0
2448,R,8732,1,9093,0
2452,R,8732,1,9093,0
2456,R,8732,1,9093,0
2460,R,8732,1,9093,0
2464,R,8732,1,9093,0
2468,R,8732,1,9093,0
2472,R,8732,1,9093,0
2476,R,8732,1,9093,0
2480,R,8732,1,9093,0
2484,R,8732,1,9093,0
2488,R,8732,1,9093,0
2492,R,8732,1,9093,0
2496,R,8732,1,9093,0
2500,R,8732,1,9093,0
2504,R,8732,1,9093,0
2508,R,8732,1,9093,0
2512,R,8732,1,9093,0
2516,R,8732,1,9093,0
2520,R,8732,1,9093,0
2524,R,8732,1,9093,0
2528,R,8732,1,9093,0
2532,R,8732,1,9093,0
2536,R,8732,1,9093,0
2540,R,8732,1,9093,0
2544,R,8732,1,9093,0
2548,R,8732,1,9093,0
2552,R,8732,1,9093,0
2556,R,8732,1,9093,0
2304,W,8732,1,9096,0
2308,W,8732,1,9096,0
2312,W,8732,1,9096,0
2316,W,8732,1,9096,0
2320,W,8732,1,9096,0
2324,W,8732,1,9096,0
2328,W,8732,1,9096,0
2332,W,8732,1,9096,0
2336,W,8732,1,9096,0
2340,W,8732,1,9096,0
2344,W,8732,1,9096,0
2348,W,8732,1,9096,0
2352,W,8732,1,9096,0
2356,W,8732,1,9096,0
2360,W,8732,1,9096,0
2364,W,8732,1,9096,0
2368,W,8732,1,9096,0
2372,W,8732,1,9096,0
2376,W,8732,1,9096,0
2380,W,8732,1,9096,0
2384,W,8732,1,9096,0
2388,W,8732,1,9096,0
2392,W,8732,1,9096,0
2396,W,8732,1,9096,0
2400,W,8732,1,9096,0
2404,W,8732,1,9096,0
2408,W,8732,1,9096,0
2412,W,8732,1,9096,0
2416,W,8732,1,9096,0
2420,W,8732,1,9096,0
2424,W,8732,1,9096,0
2428,W,8732,1,9096,0
2432,W,8732,1,9096,0
2436,W,8732,1,9096,0
2440,W,8732,1,9096,0
2444,W,8732,1,9096,0
2448,W,8732,1,9096,0
2452,W,8732,1,9096,0
2456,W,8732,1,9096,0
2460,W,8732,1,9096,0
2464,W,8732,1,9096,0
2468,W,8732,1,9096,0
2472,W,8732,1,9096,0
2476,W,8732,1,9096,0
2480,W,8732,1,9096,0
2484,W,8732,1,9096,0
2488,W,8732,1,9096,0
2492,W,8732,1,9096,0
2496,W,8732,1,9096,0
2500,W,8732,1,9096,0
2504,W,8732,1,9096,0
2508,W,8732,1,9096,0
2512,W,8732,1,9096,0
2516,W,8732,1,9096,0
2520,W,8732,1,9096,0
2524,W,8732,1,9096,0
2528,W,8732,1,9096,0
2532,W,8732,1,9096,0
2536,W,8732,1,9096,0
2540,W,8732,1,9096,0
2544,W,8732,1,9096,0
2548,W,8732,1,9096,0
2552,W,8732,1,9096,0
2556,W,8732,1,9096,0
0,R,8755,1,9111,0
4,R,8755,1,9111,0
8,R,8755,1,9111,0
12,R,8755,1,9111,0
16,R,8755,1,9111,0
20,R,8755,1,9111,0
24,R,8755,1,9111,0
28,R,8755,1,9111,0
32,R,8755,1,9111,0
36,R,8755,1,9111,0
40,R,8755,1,9111,0
44,R,8755,1,9111,0
48,R,8755,1,9111,0
52,R,8755,1,9111,0
56,R,8755,1,9111,0
60,R,8755,1,9111,0
64,R,8755,1,9111,0
68,R,8755,1,9111,0
72,R,8755,1,9111,0
76,R,8755,1,9111,0
80,R,8755,1,9111,0
84,R,8755,1,9111,0
88,R,8755,1,9111,0
92,R,8755,1,9111,0
96,R,8755,1,9111,0
100,R,8755,1,9111,0
104,R,8755,1,9111,0
108,R,8755,1,9111,0
112,R,8755,1,9111,0
116,R,8755,1,9111,0
120,R,8755,1,9111,0
124,R,8755,1,9111,0
128,R,8755,1,9111,0
132,R,8755,1,9111,0
136,R,8755,1,9111,0
140,R,8755,1,9111,0
144,R,8755,1,9111,0
148,R,8755,1,9111,0
152,R,8755,1,9111,0
156,R,8755,1,9111,0
160,R,8755,1,9111,0
164,R,8755,1,9111,0
168,R,8755,1,9111,0
172,R,8755,1,9111,0
176,R,8755,1,9111,0
180,R,8755,1,9111,0
184,R,8755,1,9111,0
188,R,8755,1,9111,0
192,R,8755,1,9111,0
196,R,8755,1,9111,0
200,R,8755,1,9111,0
204,R,8755,1,9111,0
208,R,8755,1,9111,0
212,R,8755,1,9111,0
216,R,8755,1,9111,0
220,R,8755,1,9111,0
224,R,8755,1,9111,0
228,R,8755,1,9111,0
232,R,8755,1,9111,0
236,R,8755,1,9111,0
240,R,8755,1,9111,0
244,R,8755,1,9111,0
248,R,8755,1,9111,0
252,R,8755,1,9111,0
2048,R,8755,1,9112,0
2052,R,8755,1,9112,0
2056,R,8755,1,9112,0
2060,R,8755,1,9112,0
2064,R,8755,1,9112,0
2068,R,8755,1,9112,0
2072,R,8755,1,9112,0
2076,R,8755,1,9112,0
2080,R,8755,1,9112,0
2084,R,8755,1,9112,0
2088,R,8755,1,9112,0
2092,R,8755,1,9112,0
2096,R,8755,1,9112,0
2100,R,8755,1,9112,0
2104,R,8755,1,9112,0
2108,R,8755,1,9112,0
2112,R,8755,1,9112,0
2116,R,8755,1,9112,0
2120,R,8755,1,9112,0
2124,R,8755,1,9112,0
2128,R,8755,1,9112,0
2132,R,8755,1,9112,0
2136,R,8755,1,9112,0
2140,R,8755,1,9112,0
2144,R,8755,1,9112,0
2148,R,8755,1,9112,0
2152,R,8755,1,9112,0
2156,R,8755,1,9112,0
2160,R,8755,1,9112,0
2164,R,8755,1,9112,0
2168,R,8755,1,9112,0
2172,R,8755,1,9112,0
2176,R,8755,1,9112,0
2180,R,8755,1,9112,0
2184,R,8755,1,9112,0
2188,R,8755,1,9112,0
2192,R,8755,1,9112,0
2196,R,8755,1,9112,0
2200,R,8755,1,9112,0
2204,R,8755,1,9112,0
2208,R,8755,1,9112,0
2212,R,8755,1,9112,0
2216,R,8755,1,9112,0
2220,R,8755,1,9112,0
2224,R,8755,1,9112,0
2228,R,8755,1,9112,0
2232,R,8755,1,9112,0
2236,R,8755,1,9112,0
2240,R,8755,1,9112,0
2244,R,8755,1,9112,0
2248,R,8755,1,9112,0
2252,R,8755,1,9112,0
2256,R,8755,1,9112,0
2260,R,8755,1,9112,0
2264,R,8755,1,9112,0
2268,R,8755,1,9112,0
2272,R,8755,1,9112,0
2276,R,8755,1,9112,0
2280,R,8755,1,9112,0
2284,R,8755,1,9112,0
2288,R,8755,1,9112,0
2292,R,8755,1,9112,0
2296,R,8755,1,9112,0
2300,R,8755,1,9112,0
1024,W,8755,1,9115,0
1028,W,8755,1,9115,0
1032,W,8755,1,9115,0
1036,W,8755,1,9115,0
1040,W,8755,1,9115,0
1044,W,8755,1,9115,0
1048,W,8755,1,9115,0
1052,W,8755,1,9115,0
1056,W,8755,1,9115,0
1060,W,8755,1,9115,0
1064,W,8755,1,9115,0
1068,W,8755,1,9115,0
1072,W,8755,1,9115,0
1076,W,8755,1,9115,0
1080,W,8755,1,9115,0
1084,W,8755,1,9115,0
1088,W,8755,1,9115,0
1092,W,8755,1,9115,0
1096,W,8755,1,9115,0
1100,W,8755,1,9115,0
1104,W,8755,1,9115,0
1108,W,8755,1,9115,0
1112,W,8755,1,9115,0
1116,W,8755,1,9115,0
1120,W,8755,1,9115,0
1124,W,8755,1,9115,0
1128,W,8755,1,9115,0
1132,W,8755,1,9115,0
1136,W,8755,1,9115,0
1140,W,8755,1,9115,0
1144,W,8755,1,9115,0
1148,W,8755,1,9115,0
1152,W,8755,1,9115,0
1156,W,8755,1,9115,0
1160,W,8755,1,9115,0
1164,W,8755,1,9115,0
1168,W,8755,1,9115,0
1172,W,8755,1,9115,0
1176,W,8755,1,9115,0
1180,W,8755,1,9115,0
1184,W,8755,1,9115,0
1188,W,8755,1,9115,0
1192,W,8755,1,9115,0
1196,W,8755,1,9115,0
1200,W,8755,1,9115,0
1204,W,8755,1,9115,0
1208,W,8755,1,9115,0
1212,W,8755,1,9115,0
1216,W,8755,1,9115,0
1220,W,8755,1,9115,0
1224,W,8755,1,9115,0
1228,W,8755,1,9115,0
1232,W,8755,1,9115,0
1236,W,8755,1,9115,0
1240,W,8755,1,9115,0
1244,W,8755,1,9115,0
1248,W,8755,1,9115,0
1252,W,8755,1,9115,0
1256,W,8755,1,9115,0
1260,W,8755,1,9115,0
1264,W,8755,1,9115,0
1268,W,8755,1,9115,0
1272,W,8755,1,9115,0
1276,W,8755,1,9115,0
256,R,8756,1,9116,0
260,R,8756,1,9116,0
264,R,8756,1,9116,0
268,R,8756,1,9116,0
272,R,8756,1,9116,0
276,R,8756,1,9116,0
280,R,8756,1,9116,0
284,R,8756,1,9116,0
288,R,8756,1,9116,0
292,R,8756,1,9116,0
296,R,8756,1,9116,0
300,R,8756,1,9116,0
304,R,8756,1,9116,0
308,R,8756,1,9116,0
312,R,8756,1,9116,0
316,R,8756,1,9116,0
320,R,8756,1,9116,0
324,R,8756,1,9116,0
328,R,8756,1,9116,0
332,R,8756,1,9116,0
336,R,8756,1,9116,0
340,R,8756,1,9116,0
344,R,8756,1,9116,0
348,R,8756,1,9116,0
352,R,8756,1,9116,0
356,R,8756,1,9116,0
360,R,8756,1,9116,0
364,R,8756,1,9116,0
368,R,8756,1,9116,0
372,R,8756,1,9116,0
376,R,8756,1,9116,0
380,R,8756,1,9116,0
384,R,8756,1,9116,0
388,R,8756,1,9116,0
392,R,8756,1,9116,0
396,R,8756,1,9116,0
400,R,8756,1,9116,0
404,R,8756,1,9116,0
408,R,8756,1,9116,0
412,R,8756,1,9116,0
416,R,8756,1,9116,0
420,R,8756,1,9116,0
424,R,8756,1,9116,0
428,R,8756,1,9116,0
432,R,8756,1,9116,0
436,R,8756,1,9116,0
440,R,8756,1,9116,0
444,R,8756,1,9116,0
448,R,8756,1,9116,0
452,R,8756,1,9116,0
456,R,8756,1,9116,0
460,R,8756,1,9116,0
464,R,8756,1,9116,0
468,R,8756,1,9116,0
472,R,8756,1,9116,0
476,R,8756,1,9116,0
480,R,8756,1,9116,0
484,R,8756,1,9116,0
488,R,8756,1,9116,0
492,R,8756,1,9116,0
496,R,8756,1,9116,0
500,R,8756,1,9116,0
504,R,8756,1,9116,0
508,R,8756,1,9116,0
2304,R,8756,1,9117,0
2308,R,8756,1,9117,0
2312,R,8756,1,9117,0
2316,R,8756,1,9117,0
2320,R,8756,1,9117,0
2324,R,8756,1,9117,0
2328,R,8756,1,9117,0
2332,R,8756,1,9117,0
2336,R,8756,1,9117,0
2340,R,8756,1,9117,0
2344,R,8756,1,9117,0
2348,R,8756,1,9117,0
2352,R,8756,1,9117,0
2356,R,8756,1,9117,0
2360,R,8756,1,9117,0
2364,R,8756,1,9117,0
2368,R,8756,1,9117,0
2372,R,8756,1,9117,0
2376,R,8756,1,9117,0
2380,R,8756,1,9117,0
2384,R,8756,1,9117,0
2388,R,8756,1,9117,0
2392,R,8756,1,9117,0
2396,R,8756,1,9117,0
2400,R,8756,1,9117,0
2404,R,8756,1,9117,0
2408,R,8756,1,9117,0
2412,R,8756,1,9117,0
2416,R,8756,1,9117,0
2420,R,8756,1,9117,0
2424,R,8756,1,9117,0
2428,R,8756,1,9117,0
2432,R,8756,1,9117,0
2436,R,8756,1,9117,0
2440,R,8756,1,9117,0
2444,R,8756,1,9117,0
2448,R,8756,1,9117,0
2452,R,8756,1,9117,0
2456,R,8756,1,9117,0
2460,R,8756,1,9117,0
2464,R,8756,1,9117,0
2468,R,8756,1,9117,0
2472,R,8756,1,9117,0
2476,R,8756,1,9117,0
2480,R,8756,1,9117,0
2484,R,8756,1,9117,0
2488,R,8756,1,9117,0
2492,R,8756,1,9117,0
2496,R,8756,1,9117,0
2500,R,8756,1,9117,0
2504,R,8756,1,9117,0
2508,R,8756,1,9117,0
2512,R,8756,1,9117,0
2516,R,8756,1,9117,0
2520,R,8756,1,9117,0
2524,R,8756,1,9117,0
2528,R,8756,1,9117,0
2532,R,8756,1,9117,0
2536,R,8756,1,9117,0
2540,R,8756,1,9117,0
2544,R,8756,1,9117,0
2548,R,8756,1,9117,0
2552,R,8756,1,9117,0
2556,R,8756,1,9117,0
1280,W,8756,1,9120,0
1284,W,8756,1,9120,0
1288,W,8756,1,9120,0
1292,W,8756,1,9120,0
1296,W,8756,1,9120,0
1300,W,8756,1,9120,0
1304,W,8756,1,9120,0
1308,W,8756,1,9120,0
1312,W,8756,1,9120,0
1316,W,8756,1,9120,0
1320,W,8756,1,9120,0
1324,W,8756,1,9120,0
1328,W,8756,1,9120,0
1332,W,8756,1,9120,0
1336,W,8756,1,9120,0
1340,W,8756,1,9120,0
1344,W,8756,1,9120,0
1348,W,8756,1,9120,0
1352,W,8756,1,9120,0
1356,W,8756,1,9120,0
1360,W,8756,1,9120,0
1364,W,8756,1,9120,0
1368,W,8756,1,9120,0
1372,W,8756,1,9120,0
1376,W,8756,1,9120,0
1380,W,8756,1,9120,0
1384,W,8756,1,9120,0
1388,W,8756,1,9120,0
1392,W,8756,1,9120,0
1396,W,8756,1,9120,0
1400,W,8756,1,9120,0
1404,W,8756,1,9120,0
1408,W,8756,1,9120,0
1412,W,8756,1,9120,0
1416,W,8756,1,9120,0
1420,W,8756,1,9120,0
1424,W,8756,1,9120,0
1428,W,8756,1,9120,0
1432,W,8756,1,9120,0
1436,W,8756,1,9120,0
1440,W,8756,1,9120,0
1444,W,8756,1,9120,0
1448,W,8756,1,9120,0
1452,W,8756,1,9120,0
1456,W,8756,1,9120,0
1460,W,8756,1,9120,0
1464,W,8756,1,9120,0
1468,W,8756,1,9120,0
1472,W,8756,1,9120,0
1476,W,8756,1,9120,0
1480,W,8756,1,9120,0
1484,W,8756,1,9120,0
1488,W,8756,1,9120,0
1492,W,8756,1,9120,0
1496,W,8756,1,9120,0
1500,W,8756,1,9120,0
1504,W,8756,1,9120,0
1508,W,8756,1,9120,0
1512,W,8756,1,9120,0
1516,W,8756,1,9120,0
1520,W,8756,1,9120,0
1524,W,8756,1,9120,0
1528,W,8756,1,9120,0
1532,W,8756,1,9120,0
0,R,8771,1,9135,0
4,R,8771,1,9135,0
8,R,8771,1,9135,0
12,R,8771,1,9135,0
16,R,8771,1,9135,0
20,R,8771,1,9135,0
24,R,8771,1,9135,0
28,R,8771,1,9135,0
32,R,8771,1,9135,0
36,R,8771,1,9135,0
40,R,8771,1,9135,0
44,R,8771,1,9135,0
48,R,8771,1,9135,0
52,R,8771,1,9135,0
56,R,8771,1,9135,0
60,R,8771,1,9135,0
64,R,8771,1,9135,0
68,R,8771,1,9135,0
72,R,8771,1,9135,0
76,R,8771,1,9135,0
80,R,8771,1,9135,0
84,R,8771,1,9135,0
88,R,8771,1,9135,0
92,R,8771,1,9135,0
96,R,8771,1,9135,0
100,R,8771,1,9135,0
104,R,8771,1,9135,0
108,R,8771,1,9135,0
112,R,8771,1,9135,0
116,R,8771,1,9135,0
120,R,8771,1,9135,0
124,R,8771,1,9135,0
128,R,8771,1,9135,0
132,R,8771,1,9135,0
136,R,8771,1,9135,0
140,R,8771,1,9135,0
144,R,8771,1,9135,0
148,R,8771,1,9135,0
152,R,8771,1,9135,0
156,R,8771,1,9135,0
160,R,8771,1,9135,0
164,R,8771,1,9135,0
168,R,8771,1,9135,0
172,R,8771,1,9135,0
176,R,8771,1,9135,0
180,R,8771,1,9135,0
184,R,8771,1,9135,0
188,R,8771,1,9135,0
192,R,8771,1,9135,0
196,R,8771,1,9135,0
200,R,8771,1,9135,0
204,R,8771,1,9135,0
208,R,8771,1,9135,0
212,R,8771,1,9135,0
216,R,8771,1,9135,0
220,R,8771,1,9135,0
224,R,8771,1,9135,0
228,R,8771,1,9135,0
232,R,8771,1,9135,0
236,R,8771,1,9135,0
240,R,8771,1,9135,0
244,R,8771,1,9135,0
248,R,8771,1,9135,0
252,R,8771,1,9135,0
2048,W,8771,1,9138,0
2052,W,8771,1,9138,0
2056,W,8771,1,9138,0
2060,W,8771,1,9138,0
2064,W,8771,1,9138,0
2068,W,8771,1,9138,0
2072,W,8771,1,9138,0
2076,W,8771,1,9138,0
2080,W,8771,1,9138,0
2084,W,8771,1,9138,0
2088,W,8771,1,9138,0
2092,W,8771,1,9138,0
2096,W,8771,1,9138,0
2100,W,8771,1,9138,0
2104,W,8771,1,9138,0
2108,W,8771,1,9138,0
2112,W,8771,1,9138,0
2116,W,8771,1,9138,0
2120,W,8771,1,9138,0
2124,W,8771,1,9138,0
2128,W,8771,1,9138,0
2132,W,8771,1,9138,0
2136,W,8771,1,9138,0
2140,W,8771,1,9138,0
2144,W,8771,1,9138,0
2148,W,8771,1,9138,0
2152,W,8771,1,9138,0
2156,W,8771,1,9138,0
2160,W,8771,1,9138,0
2164,W,8771,1,9138,0
2168,W,8771,1,9138,0
2172,W,8771,1,9138,0
2176,W,8771,1,9138,0
2180,W,8771,1,9138,0
2184,W,8771,1,9138,0
2188,W,8771,1,9138,0
2192,W,8771,1,9138,0
2196,W,8771,1,9138,0
2200,W,8771,1,9138,0
2204,W,8771,1,9138,0
2208,W,8771,1,9138,0
2212,W,8771,1,9138,0
2216,W,8771,1,9138,0
2220,W,8771,1,9138,0
2224,W,8771,1,9138,0
2228,W,8771,1,9138,0
2232,W,8771,1,9138,0
2236,W,8771,1,9138,0
2240,W,8771,1,9138,0
2244,W,8771,1,9138,0
2248,W,8771,1,9138,0
2252,W,8771,1,9138,0
2256,W,8771,1,9138,0
2260,W,8771,1,9138,0
2264,W,8771,1,9138,0
2268,W,8771,1,9138,0
2272,W,8771,1,9138,0
2276,W,8771,1,9138,0
2280,W,8771,1,9138,0
2284,W,8771,1,9138,0
2288,W,8771,1,9138,0
2292,W,8771,1,9138,0
2296,W,8771,1,9138,0
2300,W,8771,1,9138,0
256,R,8772,1,9140,0
260,R,8772,1,9140,0
264,R,8772,1,9140,0
268,R,8772,1,9140,0
272,R,8772,1,9140,0
276,R,8772,1,9140,0
280,R,8772,1,9140,0
284,R,8772,1,9140,0
288,R,8772,1,9140,0
292,R,8772,1,9140,0
296,R,8772,1,9140,0
300,R,8772,1,9140,0
304,R,8772,1,9140,0
308,R,8772,1,9140,0
312,R,8772,1,9140,0
316,R,8772,1,9140,0
320,R,8772,1,9140,0
324,R,8772,1,9140,0
328,R,8772,1,9140,0
332,R,8772,1,9140,0
336,R,8772,1,9140,0
340,R,8772,1,9140,0
344,R,8772,1,9140,0
348,R,8772,1,9140,0
352,R,8772,1,9140,0
356,R,8772,1,9140,0
360,R,8772,1,9140,0
364,R,8772,1,9140,0
368,R,8772,1,9140,0
372,R,8772,1,9140,0
376,R,8772,1,9140,0
380,R,8772,1,9140,0
384,R,8772,1,9140,0
388,R,8772,1,9140,0
392,R,8772,1,9140,0
396,R,8772,1,9140,0
400,R,8772,1,9140,0
404,R,8772,1,9140,0
408,R,8772,1,9140,0
412,R,8772,1,9140,0
416,R,8772,1,9140,0
420,R,8772,1,9140,0
424,R,8772,1,9140,0
428,R,8772,1,9140,0
432,R,8772,1,9140,0
436,R,8772,1,9140,0
440,R,8772,1,9140,0
444,R,8772,1,9140,0
448,R,8772,1,9140,0
452,R,8772,1,9140,0
456,R,8772,1,9140,0
460,R,8772,1,9140,0
464,R,8772,1,9140,0
468,R,8772,1,9140,0
472,R,8772,1,9140,0
476,R,8772,1,9140,0
480,R,8772,1,9140,0
484,R,8772,1,9140,0
488,R,8772,1,9140,0
492,R,8772,1,9140,0
496,R,8772,1,9140,0
500,R,8772,1,9140,0
504,R,8772,1,9140,0
508,R,8772,1,9140,0
2304,W,8772,1,9143,0
2308,W,8772,1,9143,0
2312,W,8772,1,9143,0
2316,W,8772,1,9143,0
2320,W,8772,1,9143,0
2324,W,8772,1,9143,0
2328,W,8772,1,9143,0
2332,W,8772,1,9143,0
2336,W,8772,1,9143,0
2340,W,8772,1,9143,0
2344,W,8772,1,9143,0
2348,W,8772,1,9143,0
2352,W,8772,1,9143,0
2356,W,8772,1,9143,0
2360,W,8772,1,9143,0
2364,W,8772,1,9143,0
2368,W,8772,1,9143,0
2372,W,8772,1,9143,0
2376,W,8772,1,9143,0
2380,W,8772,1,9143,0
2384,W,8772,1,9143,0
2388,W,8772,1,9143,0
2392,W,8772,1,9143,0
2396,W,8772,1,9143,0
2400,W,8772,1,9143,0
2404,W,8772,1,9143,0
2408,W,8772,1,9143,0
2412,W,8772,1,9143,0
2416,W,8772,1,9143,0
2420,W,8772,1,9143,0
2424,W,8772,1,9143,0
2428,W,8772,1,9143,0
2432,W,8772,1,9143,0
2436,W,8772,1,9143,0
2440,W,8772,1,9143,0
2444,W,8772,1,9143,0
2448,W,8772,1,9143,0
2452,W,8772,1,9143,0
2456,W,8772,1,9143,0
2460,W,8772,1,9143,0
2464,W,8772,1,9143,0
2468,W,8772,1,9143,0
2472,W,8772,1,9143,0
2476,W,8772,1,9143,0
2480,W,8772,1,9143,0
2484,W,8772,1,9143,0
2488,W,8772,1,9143,0
2492,W,8772,1,9143,0
2496,W,8772,1,9143,0
2500,W,8772,1,9143,0
2504,W,8772,1,9143,0
2508,W,8772,1,9143,0
2512,W,8772,1,9143,0
2516,W,8772,1,9143,0
2520,W,8772,1,9143,0
2524,W,8772,1,9143,0
2528,W,8772,1,9143,0
2532,W,8772,1,9143,0
2536,W,8772,1,9143,0
2540,W,8772,1,9143,0
2544,W,8772,1,9143,0
2548,W,8772,1,9143,0
2552,W,8772,1,9143,0
2556,W,8772,1,9143,0
2048,R,8779,1,9154,0
2052,R,8779,1,9154,0
2056,R,8779,1,9154,0
2060,R,8779,1,9154,0
2064,R,8779,1,9154,0
2068,R,8779,1,9154,0
2072,R,8779,1,9154,0
2076,R,8779,1,9154,0
2080,R,8779,1,9154,0
2084,R,8779,1,9154,0
2088,R,8779,1,9154,0
2092,R,8779,1,9154,0
2096,R,8779,1,9154,0
2100,R,8779,1,9154,0
2104,R,8779,1,9154,0
2108,R,8779,1,9154,0
2112,R,8779,1,9154,0
2116,R,8779,1,9154,0
2120,R,8779,1,9154,0
2124,R,8779,1,9154,0
2128,R,8779,1,9154,0
2132,R,8779,1,9154,0
2136,R,8779,1,9154,0
2140,R,8779,1,9154,0
2144,R,8779,1,9154,0
2148,R,8779,1,9154,0
2152,R,8779,1,9154,0
2156,R,8779,1,9154,0
2160,R,8779,1,9154,0
2164,R,8779,1,9154,0
2168,R,8779,1,9154,0
2172,R,8779,1,9154,0
2176,R,8779,1,9154,0
2180,R,8779,1,9154,0
2184,R,8779,1,9154,0
2188,R,8779,1,9154,0
2192,R,8779,1,9154,0
2196,R,8779,1,9154,0
2200,R,8779,1,9154,0
2204,R,8779,1,9154,0
2208,R,8779,1,9154,0
2212,R,8779,1,9154,0
2216,R,8779,1,9154,0
2220,R,8779,1,9154,0
2224,R,8779,1,9154,0
2228,R,8779,1,9154,0
2232,R,8779,1,9154,0
2236,R,8779,1,9154,0
2240,R,8779,1,9154,0
2244,R,8779,1,9154,0
2248,R,8779,1,9154,0
2252,R,8779,1,9154,0
2256,R,8779,1,9154,0
2260,R,8779,1,9154,0
2264,R,8779,1,9154,0
2268,R,8779,1,9154,0
2272,R,8779,1,9154,0
2276,R,8779,1,9154,0
2280,R,8779,1,9154,0
2284,R,8779,1,9154,0
2288,R,8779,1,9154,0
2292,R,8779,1,9154,0
2296,R,8779,1,9154,0
2300,R,8779,1,9154,0
2048,W,8779,1,9158,0
2052,W,8779,1,9158,0
2056,W,8779,1,9158,0
2060,W,8779,1,9158,0
2064,W,8779,1,9158,0
2068,W,8779,1,9158,0
2072,W,8779,1,9158,0
2076,W,8779,1,9158,0
2080,W,8779,1,9158,0
2084,W,8779,1,9158,0
2088,W,8779,1,9158,0
2092,W,8779,1,9158,0
2096,W,8779,1,9158,0
2100,W,8779,1,9158,0
2104,W,8779,1,9158,0
2108,W,8779,1,9158,0
2112,W,8779,1,9158,0
2116,W,8779,1,9158,0
2120,W,8779,1,9158,0
2124,W,8779,1,9158,0
2128,W,8779,1,9158,0
2132,W,8779,1,9158,0
2136,W,8779,1,9158,0
2140,W,8779,1,9158,0
2144,W,8779,1,9158,0
2148,W,8779,1,9158,0
2152,W,8779,1,9158,0
2156,W,8779,1,9158,0
2160,W,8779,1,9158,0
2164,W,8779,1,9158,0
2168,W,8779,1,9158,0
2172,W,8779,1,9158,0
2176,W,8779,1,9158,0
2180,W,8779,1,9158,0
2184,W,8779,1,9158,0
2188,W,8779,1,9158,0
2192,W,8779,1,9158,0
2196,W,8779,1,9158,0
2200,W,8779,1,9158,0
2204,W,8779,1,9158,0
2208,W,8779,1,9158,0
2212,W,8779,1,9158,0
2216,W,8779,1,9158,0
2220,W,8779,1,9158,0
2224,W,8779,1,9158,0
2228,W,8779,1,9158,0
2232,W,8779,1,9158,0
2236,W,8779,1,9158,0
2240,W,8779,1,9158,0
2244,W,8779,1,9158,0
2248,W,8779,1,9158,0
2252,W,8779,1,9158,0
2256,W,8779,1,9158,0
2260,W,8779,1,9158,0
2264,W,8779,1,9158,0
2268,W,8779,1,9158,0
2272,W,8779,1,9158,0
2276,W,8779,1,9158,0
2280,W,8779,1,9158,0
2284,W,8779,1,9158,0
2288,W,8779,1,9158,0
2292,W,8779,1,9158,0
2296,W,8779,1,9158,0
2300,W,8779,1,9158,0
2304,R,8780,1,9160,0
2308,R,8780,1,9160,0
2312,R,8780,1,9160,0
2316,R,8780,1,9160,0
2320,R,8780,1,9160,0
2324,R,8780,1,9160,0
2328,R,8780,1,9160,0
2332,R,8780,1,9160,0
2336,R,8780,1,9160,0
2340,R,8780,1,9160,0
2344,R,8780,1,9160,0
2348,R,8780,1,9160,0
2352,R,8780,1,9160,0
2356,R,8780,1,9160,0
2360,R,8780,1,9160,0
2364,R,8780,1,9160,0
2368,R,8780,1,9160,0
2372,R,8780,1,9160,0
2376,R,8780,1,9160,0
2380,R,8780,1,9160,0
2384,R,8780,1,9160,0
2388,R,8780,1,9160,0
2392,R,8780,1,9160,0
2396,R,8780,1,9160,0
2400,R,8780,1,9160,0
2404,R,8780,1,9160,0
2408,R,8780,1,9160,0
2412,R,8780,1,9160,0
2416,R,8780,1,9160,0
2420,R,8780,1,9160,0
2424,R,8780,1,9160,0
2428,R,8780,1,9160,0
2432,R,8780,1,9160,0
2436,R,8780,1,9160,0
2440,R,8780,1,9160,0
2444,R,8780,1,9160,0
2448,R,8780,1,9160,0
2452,R,8780,1,9160,0
2456,R,8780,1,9160,0
2460,R,8780,1,9160,0
2464,R,8780,1,9160,0
2468,R,8780,1,9160,0
2472,R,8780,1,9160,0
2476,R,8780,1,9160,0
2480,R,8780,1,9160,0
2484,R,8780,1,9160,0
2488,R,8780,1,9160,0
2492,R,8780,1,9160,0
2496,R,8780,1,9160,0
2500,R,8780,1,9160,0
2504,R,8780,1,9160,0
2508,R,8780,1,9160,0
2512,R,8780,1,9160,0
2516,R,8780,1,9160,0
2520,R,8780,1,9160,0
2524,R,8780,1,9160,0
2528,R,8780,1,9160,0
2532,R,8780,1,9160,0
2536,R,8780,1,9160,0
2540,R,8780,1,9160,0
2544,R,8780,1,9160,0
2548,R,8780,1,9160,0
2552,R,8780,1,9160,0
2556,R,8780,1,9160,0
2304,W,8780,1,9164,0
2308,W,8780,1,9164,0
2312,W,8780,1,9164,0
2316,W,8780,1,9164,0
2320,W,8780,1,9164,0
2324,W,8780,1,9164,0
2328,W,8780,1,9164,0
2332,W,8780,1,9164,0
2336,W,8780,1,9164,0
2340,W,8780,1,9164,0
2344,W,8780,1,9164,0
2348,W,8780,1,9164,0
2352,W,8780,1,9164,0
2356,W,8780,1,9164,0
2360,W,8780,1,9164,0
2364,W,8780,1,9164,0
2368,W,8780,1,9164,0
2372,W,8780,1,9164,0
2376,W,8780,1,9164,0
2380,W,8780,1,9164,0
2384,W,8780,1,9164,0
2388,W,8780,1,9164,0
2392,W,8780,1,9164,0
2396,W,8780,1,9164,0
2400,W,8780,1,9164,0
2404,W,8780,1,9164,0
2408,W,8780,1,9164,0
2412,W,8780,1,9164,0
2416,W,8780,1,9164,0
2420,W,8780,1,9164,0
2424,W,8780,1,9164,0
2428,W,8780,1,9164,0
2432,W,8780,1,9164,0
2436,W,8780,1,9164,0
2440,W,8780,1,9164,0
2444,W,8780,1,9164,0
2448,W,8780,1,9164,0
2452,W,8780,1,9164,0
2456,W,8780,1,9164,0
2460,W,8780,1,9164,0
2464,W,8780,1,9164,0
2468,W,8780,1,9164,0
2472,W,8780,1,9164,0
2476,W,8780,1,9164,0
2480,W,8780,1,9164,0
2484,W,8780,1,9164,0
2488,W,8780,1,9164,0
2492,W,8780,1,9164,0
2496,W,8780,1,9164,0
2500,W,8780,1,9164,0
2504,W,8780,1,9164,0
2508,W,8780,1,9164,0
2512,W,8780,1,9164,0
2516,W,8780,1,9164,0
2520,W,8780,1,9164,0
2524,W,8780,1,9164,0
2528,W,8780,1,9164,0
2532,W,8780,1,9164,0
2536,W,8780,1,9164,0
2540,W,8780,1,9164,0
2544,W,8780,1,9164,0
2548,W,8780,1,9164,0
2552,W,8780,1,9164,0
2556,W,8780,1,9164,0
2048,R,8787,1,9175,0
2052,R,8787,1,9175,0
2056,R,8787,1,9175,0
2060,R,8787,1,9175,0
2064,R,8787,1,9175,0
2068,R,8787,1,9175,0
2072,R,8787,1,9175,0
2076,R,8787,1,9175,0
2080,R,8787,1,9175,0
2084,R,8787,1,9175,0
2088,R,8787,1,9175,0
2092,R,8787,1,9175,0
2096,R,8787,1,9175,0
2100,R,8787,1,9175,0
2104,R,8787,1,9175,0
2108,R,8787,1,9175,0
2112,R,8787,1,9175,0
2116,R,8787,1,9175,0
2120,R,8787,1,9175,0
2124,R,8787,1,9175,0
2128,R,8787,1,9175,0
2132,R,8787,1,9175,0
2136,R,8787,1,9175,0
2140,R,8787,1,9175,0
2144,R,8787,1,9175,0
2148,R,8787,1,9175,0
2152,R,8787,1,9175,0
2156,R,8787,1,9175,0
2160,R,8787,1,9175,0
2164,R,8787,1,9175,0
2168,R,8787,1,9175,0
2172,R,8787,1,9175,0
2176,R,8787,1,9175,0
2180,R,8787,1,9175,0
2184,R,8787,1,9175,0
2188,R,8787,1,9175,0
2192,R,8787,1,9175,0
2196,R,8787,1,9175,0
2200,R,8787,1,9175,0
2204,R,8787,1,9175,0
2208,R,8787,1,9175,0
2212,R,8787,1,9175,0
2216,R,8787,1,9175,0
2220,R,8787,1,9175,0
2224,R,8787,1,9175,0
2228,R,8787,1,9175,0
2232,R,8787,1,9175,0
2236,R,8787,1,9175,0
2240,R,8787,1,9175,0
2244,R,8787,1,9175,0
2248,R,8787,1,9175,0
2252,R,8787,1,9175,0
2256,R,8787,1,9175,0
2260,R,8787,1,9175,0
2264,R,8787,1,9175,0
2268,R,8787,1,9175,0
2272,R,8787,1,9175,0
2276,R,8787,1,9175,0
2280,R,8787,1,9175,0
2284,R,8787,1,9175,0
2288,R,8787,1,9175,0
2292,R,8787,1,9175,0
2296,R,8787,1,9175,0
2300,R,8787,1,9175,0
0,R,8787,1,9176,0
4,R,8787,1,9176,0
8,R,8787,1,9176,0
12,R,8787,1,9176,0
16,R,8787,1,9176,0
20,R,8787,1,9176,0
24,R,8787,1,9176,0
28,R,8787,1,9176,0
32,R,8787,1,9176,0
36,R,8787,1,9176,0
40,R,8787,1,9176,0
44,R,8787,1,9176,0
48,R,8787,1,9176,0
52,R,8787,1,9176,0
56,R,8787,1,9176,0
60,R,8787,1,9176,0
64,R,8787,1,9176,0
68,R,8787,1,9176,0
72,R,8787,1,9176,0
76,R,8787,1,9176,0
80,R,8787,1,9176,0
84,R,8787,1,9176,0
88,R,8787,1,9176,0
92,R,8787,1,9176,0
96,R,8787,1,9176,0
100,R,8787,1,9176,0
104,R,8787,1,9176,0
108,R,8787,1,9176,0
112,R,8787,1,9176,0
116,R,8787,1,9176,0
120,R,8787,1,9176,0
124,R,8787,1,9176,0
128,R,8787,1,9176,0
132,R,8787,1,9176,0
136,R,8787,1,9176,0
140,R,8787,1,9176,0
144,R,8787,1,9176,0
148,R,8787,1,9176,0
152,R,8787,1,9176,0
156,R,8787,1,9176,0
160,R,8787,1,9176,0
164,R,8787,1,9176,0
168,R,8787,1,9176,0
172,R,8787,1,9176,0
176,R,8787,1,9176,0
180,R,8787,1,9176,0
184,R,8787,1,9176,0
188,R,8787,1,9176,0
192,R,8787,1,9176,0
196,R,8787,1,9176,0
200,R,8787,1,9176,0
204,R,8787,1,9176,0
208,R,8787,1,9176,0
212,R,8787,1,9176,0
216,R,8787,1,9176,0
220,R,8787,1,9176,0
224,R,8787,1,9176,0
228,R,8787,1,9176,0
232,R,8787,1,9176,0
236,R,8787,1,9176,0
240,R,8787,1,9176,0
244,R,8787,1,9176,0
248,R,8787,1,9176,0
252,R,8787,1,9176,0
2048,W,8787,1,9179,0
2052,W,8787,1,9179,0
2056,W,8787,1,9179,0
2060,W,8787,1,9179,0
2064,W,8787,1,9179,0
2068,W,8787,1,9179,0
2072,W,8787,1,9179,0
2076,W,8787,1,9179,0
2080,W,8787,1,9179,0
2084,W,8787,1,9179,0
2088,W,8787,1,9179,0
2092,W,8787,1,9179,0
2096,W,8787,1,9179,0
2100,W,8787,1,9179,0
2104,W,8787,1,9179,0
2108,W,8787,1,9179,0
2112,W,8787,1,9179,0
2116,W,8787,1,9179,0
2120,W,8787,1,9179,0
2124,W,8787,1,9179,0
2128,W,8787,1,9179,0
2132,W,8787,1,9179,0
2136,W,8787,1,9179,0
2140,W,8787,1,9179,0
2144,W,8787,1,9179,0
2148,W,8787,1,9179,0
2152,W,8787,1,9179,0
2156,W,8787,1,9179,0
2160,W,8787,1,9179,0
2164,W,8787,1,9179,0
2168,W,8787,1,9179,0
2172,W,8787,1,9179,0
2176,W,8787,1,9179,0
2180,W,8787,1,9179,0
2184,W,8787,1,9179,0
2188,W,8787,1,9179,0
2192,W,8787,1,9179,0
2196,W,8787,1,9179,0
2200,W,8787,1,9179,0
2204,W,8787,1,9179,0
2208,W,8787,1,9179,0
2212,W,8787,1,9179,0
2216,W,8787,1,9179,0
2220,W,8787,1,9179,0
2224,W,8787,1,9179,0
2228,W,8787,1,9179,0
2232,W,8787,1,9179,0
2236,W,8787,1,9179,0
2240,W,8787,1,9179,0
2244,W,8787,1,9179,0
2248,W,8787,1,9179,0
2252,W,8787,1,9179,0
2256,W,8787,1,9179,0
2260,W,8787,1,9179,0
2264,W,8787,1,9179,0
2268,W,8787,1,9179,0
2272,W,8787,1,9179,0
2276,W,8787,1,9179,0
2280,W,8787,1,9179,0
2284,W,8787,1,9179,0
2288,W,8787,1,9179,0
2292,W,8787,1,9179,0
2296,W,8787,1,9179,0
2300,W,8787,1,9179,0
2304,R,8788,1,9181,0
2308,R,8788,1,9181,0
2312,R,8788,1,9181,0
2316,R,8788,1,9181,0
2320,R,8788,1,9181,0
2324,R,8788,1,9181,0
2328,R,8788,1,9181,0
2332,R,8788,1,9181,0
2336,R,8788,1,9181,0
2340,R,8788,1,9181,0
2344,R,8788,1,9181,0
2348,R,8788,1,9181,0
2352,R,8788,1,9181,0
2356,R,8788,1,9181,0
2360,R,8788,1,9181,0
2364,R,8788,1,9181,0
2368,R,8788,1,9181,0
2372,R,8788,1,9181,0
2376,R,8788,1,9181,0
2380,R,8788,1,9181,0
2384,R,8788,1,9181,0
2388,R,8788,1,9181,0
2392,R,8788,1,9181,0
2396,R,8788,1,9181,0
2400,R,8788,1,9181,0
2404,R,8788,1,9181,0
2408,R,8788,1,9181,0
2412,R,8788,1,9181,0
2416,R,8788,1,9181,0
2420,R,8788,1,9181,0
2424,R,8788,1,9181,0
2428,R,8788,1,9181,0
2432,R,8788,1,9181,0
2436,R,8788,1,9181,0
2440,R,8788,1,9181,0
2444,R,8788,1,9181,0
2448,R,8788,1,9181,0
2452,R,8788,1,9181,0
2456,R,8788,1,9181,0
2460,R,8788,1,9181,0
2464,R,8788,1,9181,0
2468,R,8788,1,9181,0
2472,R,8788,1,9181,0
2476,R,8788,1,9181,0
2480,R,8788,1,9181,0
2484,R,8788,1,9181,0
2488,R,8788,1,9181,0
2492,R,8788,1,9181,0
2496,R,8788,1,9181,0
2500,R,8788,1,9181,0
2504,R,8788,1,9181,0
2508,R,8788,1,9181,0
2512,R,8788,1,9181,0
2516,R,8788,1,9181,0
2520,R,8788,1,9181,0
2524,R,8788,1,9181,0
2528,R,8788,1,9181,0
2532,R,8788,1,9181,0
2536,R,8788,1,9181,0
2540,R,8788,1,9181,0
2544,R,8788,1,9181,0
2548,R,8788,1,9181,0
2552,R,8788,1,9181,0
2556,R,8788,1,9181,0
256,R,8788,1,9182,0
260,R,8788,1,9182,0
264,R,8788,1,9182,0
268,R,8788,1,9182,0
272,R,8788,1,9182,0
276,R,8788,1,9182,0
280,R,8788,1,9182,0
284,R,8788,1,9182,0
288,R,8788,1,9182,0
292,R,8788,1,9182,0
296,R,8788,1,9182,0
300,R,8788,1,9182,0
304,R,8788,1,9182,0
308,R,8788,1,9182,0
312,R,8788,1,9182,0
316,R,8788,1,9182,0
320,R,8788,1,9182,0
324,R,8788,1,9182,0
328,R,8788,1,9182,0
332,R,8788,1,9182,0
336,R,8788,1,9182,0
340,R,8788,1,9182,0
344,R,8788,1,9182,0
348,R,8788,1,9182,0
352,R,8788,1,9182,0
356,R,8788,1,9182,0
360,R,8788,1,9182,0
364,R,8788,1,9182,0
368,R,8788,1,9182,0
372,R,8788,1,9182,0
376,R,8788,1,9182,0
380,R,8788,1,9182,0
384,R,8788,1,9182,0
388,R,8788,1,9182,0
392,R,8788,1,9182,0
396,R,8788,1,9182,0
400,R,8788,1,9182,0
404,R,8788,1,9182,0
408,R,8788,1,9182,0
412,R,8788,1,9182,0
416,R,8788,1,9182,0
420,R,8788,1,9182,0
424,R,8788,1,9182,0
428,R,8788,1,9182,0
432,R,8788,1,9182,0
436,R,8788,1,9182,0
440,R,8788,1,9182,0
444,R,8788,1,9182,0
448,R,8788,1,9182,0
452,R,8788,1,9182,0
456,R,8788,1,9182,0
460,R,8788,1,9182,0
464,R,8788,1,9182,0
468,R,8788,1,9182,0
472,R,8788,1,9182,0
476,R,8788,1,9182,0
480,R,8788,1,9182,0
484,R,8788,1,9182,0
488,R,8788,1,9182,0
492,R,8788,1,9182,0
496,R,8788,1,9182,0
500,R,8788,1,9182,0
504,R,8788,1,9182,0
508,R,8788,1,9182,0
2304,W,8788,1,9185,0
2308,W,8788,1,9185,0
2312,W,8788,1,9185,0
2316,W,8788,1,9185,0
2320,W,8788,1,9185,0
2324,W,8788,1,9185,0
2328,W,8788,1,9185,0
2332,W,8788,1,9185,0
2336,W,8788,1,9185,0
2340,W,8788,1,9185,0
2344,W,8788,1,9185,0
2348,W,8788,1,9185,0
2352,W,8788,1,9185,0
2356,W,8788,1,9185,0
2360,W,8788,1,9185,0
2364,W,8788,1,9185,0
2368,W,8788,1,9185,0
2372,W,8788,1,9185,0
2376,W,8788,1,9185,0
2380,W,8788,1,9185,0
2384,W,8788,1,9185,0
2388,W,8788,1,9185,0
2392,W,8788,1,9185,0
2396,W,8788,1,9185,0
2400,W,8788,1,9185,0
2404,W,8788,1,9185,0
2408,W,8788,1,9185,0
2412,W,8788,1,9185,0
2416,W,8788,1,9185,0
2420,W,8788,1,9185,0
2424,W,8788,1,9185,0
2428,W,8788,1,9185,0
2432,W,8788,1,9185,0
2436,W,8788,1,9185,0
2440,W,8788,1,9185,0
2444,W,8788,1,9185,0
2448,W,8788,1,9185,0
2452,W,8788,1,9185,0
2456,W,8788,1,9185,0
2460,W,8788,1,9185,0
2464,W,8788,1,9185,0
2468,W,8788,1,9185,0
2472,W,8788,1,9185,0
2476,W,8788,1,9185,0
2480,W,8788,1,9185,0
2484,W,8788,1,9185,0
2488,W,8788,1,9185,0
2492,W,8788,1,9185,0
2496,W,8788,1,9185,0
2500,W,8788,1,9185,0
2504,W,8788,1,9185,0
2508,W,8788,1,9185,0
2512,W,8788,1,9185,0
2516,W,8788,1,9185,0
2520,W,8788,1,9185,0
2524,W,8788,1,9185,0
2528,W,8788,1,9185,0
2532,W,8788,1,9185,0
2536,W,8788,1,9185,0
2540,W,8788,1,9185,0
2544,W,8788,1,9185,0
2548,W,8788,1,9185,0
2552,W,8788,1,9185,0
2556,W,8788,1,9185,0
2048,R,8795,1,9196,0
2052,R,8795,1,9196,0
2056,R,8795,1,9196,0
2060,R,8795,1,9196,0
2064,R,8795,1,9196,0
2068,R,8795,1,9196,0
2072,R,8795,1,9196,0
2076,R,8795,1,9196,0
2080,R,8795,1,9196,0
2084,R,8795,1,9196,0
2088,R,8795,1,9196,0
2092,R,8795,1,9196,0
2096,R,8795,1,9196,0
2100,R,8795,1,9196,0
2104,R,8795,1,9196,0
2108,R,8795,1,9196,0
2112,R,8795,1,9196,0
2116,R,8795,1,9196,0
2120,R,8795,1,9196,0
2124,R,8795,1,9196,0
2128,R,8795,1,9196,0
2132,R,8795,1,9196,0
2136,R,8795,1,9196,0
2140,R,8795,1,9196,0
2144,R,8795,1,9196,0
2148,R,8795,1,9196,0
2152,R,8795,1,9196,0
2156,R,8795,1,9196,0
2160,R,8795,1,9196,0
2164,R,8795,1,9196,0
2168,R,8795,1,9196,0
2172,R,8795,1,9196,0
2176,R,8795,1,9196,0
2180,R,8795,1,9196,0
2184,R,8795,1,9196,0
2188,R,8795,1,9196,0
2192,R,8795,1,9196,0
2196,R,8795,1,9196,0
2200,R,8795,1,9196,0
2204,R,8795,1,9196,0
2208,R,8795,1,9196,0
2212,R,8795,1,9196,0
2216,R,8795,1,9196,0
2220,R,8795,1,9196,0
2224,R,8795,1,9196,0
2228,R,8795,1,9196,0
2232,R,8795,1,9196,0
2236,R,8795,1,9196,0
2240,R,8795,1,9196,0
2244,R,8795,1,9196,0
2248,R,8795,1,9196,0
2252,R,8795,1,9196,0
2256,R,8795,1,9196,0
2260,R,8795,1,9196,0
2264,R,8795,1,9196,0
2268,R,8795,1,9196,0
2272,R,8795,1,9196,0
2276,R,8795,1,9196,0
2280,R,8795,1,9196,0
2284,R,8795,1,9196,0
2288,R,8795,1,9196,0
2292,R,8795,1,9196,0
2296,R,8795,1,9196,0
2300,R,8795,1,9196,0
2048,W,8795,1,9200,0
2052,W,8795,1,9200,0
2056,W,8795,1,9200,0
2060,W,8795,1,9200,0
2064,W,8795,1,9200,0
2068,W,8795,1,9200,0
2072,W,8795,1,9200,0
2076,W,8795,1,9200,0
2080,W,8795,1,9200,0
2084,W,8795,1,9200,0
2088,W,8795,1,9200,0
2092,W,8795,1,9200,0
2096,W,8795,1,9200,0
2100,W,8795,1,9200,0
2104,W,8795,1,9200,0
2108,W,8795,1,9200,0
2112,W,8795,1,9200,0
2116,W,8795,1,9200,0
2120,W,8795,1,9200,0
2124,W,8795,1,9200,0
2128,W,8795,1,9200,0
2132,W,8795,1,9200,0
2136,W,8795,1,9200,0
2140,W,8795,1,9200,0
2144,W,8795,1,9200,0
2148,W,8795,1,9200,0
2152,W,8795,1,9200,0
2156,W,8795,1,9200,0
2160,W,8795,1,9200,0
2164,W,8795,1,9200,0
2168,W,8795,1,9200,0
2172,W,8795,1,9200,0
2176,W,8795,1,9200,0
2180,W,8795,1,9200,0
2184,W,8795,1,9200,0
2188,W,8795,1,9200,0
2192,W,8795,1,9200,0
2196,W,8795,1,9200,0
2200,W,8795,1,9200,0
2204,W,8795,1,9200,0
2208,W,8795,1,9200,0
2212,W,8795,1,9200,0
2216,W,8795,1,9200,0
2220,W,8795,1,9200,0
2224,W,8795,1,9200,0
2228,W,8795,1,9200,0
2232,W,8795,1,9200,0
2236,W,8795,1,9200,0
2240,W,8795,1,9200,0
2244,W,8795,1,9200,0
2248,W,8795,1,9200,0
2252,W,8795,1,9200,0
2256,W,8795,1,9200,0
2260,W,8795,1,9200,0
2264,W,8795,1,9200,0
2268,W,8795,1,9200,0
2272,W,8795,1,9200,0
2276,W,8795,1,9200,0
2280,W,8795,1,9200,0
2284,W,8795,1,9200,0
2288,W,8795,1,9200,0
2292,W,8795,1,9200,0
2296,W,8795,1,9200,0
2300,W,8795,1,9200,0
2304,R,8796,1,9202,0
2308,R,8796,1,9202,0
2312,R,8796,1,9202,0
2316,R,8796,1,9202,0
2320,R,8796,1,9202,0
2324,R,8796,1,9202,0
2328,R,8796,1,9202,0
2332,R,8796,1,9202,0
2336,R,8796,1,9202,0
2340,R,8796,1,9202,0
2344,R,8796,1,9202,0
2348,R,8796,1,9202,0
2352,R,8796,1,9202,0
2356,R,8796,1,9202,0
2360,R,8796,1,9202,0
2364,R,8796,1,9202,0
2368,R,8796,1,9202,0
2372,R,8796,1,9202,0
2376,R,8796,1,9202,0
2380,R,8796,1,9202,0
2384,R,8796,1,9202,0
2388,R,8796,1,9202,0
2392,R,8796,1,9202,0
2396,R,8796,1,9202,0
2400,R,8796,1,9202,0
2404,R,8796,1,9202,0
2408,R,8796,1,9202,0
2412,R,8796,1,9202,0
2416,R,8796,1,9202,0
2420,R,8796,1,9202,0
2424,R,8796,1,9202,0
2428,R,8796,1,9202,0
2432,R,8796,1,9202,0
2436,R,8796,1,9202,0
2440,R,8796,1,9202,0
2444,R,8796,1,9202,0
2448,R,8796,1,9202,0
2452,R,8796,1,9202,0
2456,R,8796,1,9202,0
2460,R,8796,1,9202,0
2464,R,8796,1,9202,0
2468,R,8796,1,9202,0
2472,R,8796,1,9202,0
2476,R,8796,1,9202,0
2480,R,8796,1,9202,0
2484,R,8796,1,9202,0
2488,R,8796,1,9202,0
2492,R,8796,1,9202,0
2496,R,8796,1,9202,0
2500,R,8796,1,9202,0
2504,R,8796,1,9202,0
2508,R,8796,1,9202,0
2512,R,8796,1,9202,0
2516,R,8796,1,9202,0
2520,R,8796,1,9202,0
2524,R,8796,1,9202,0
2528,R,8796,1,9202,0
2532,R,8796,1,9202,0
2536,R,8796,1,9202,0
2540,R,8796,1,9202,0
2544,R,8796,1,9202,0
2548,R,8796,1,9202,0
2552,R,8796,1,9202,0
2556,R,8796,1,9202,0
2304,W,8796,1,9206,0
2308,W,8796,1,9206,0
2312,W,8796,1,9206,0
2316,W,8796,1,9206,0
2320,W,8796,1,9206,0
2324,W,8796,1,9206,0
2328,W,8796,1,9206,0
2332,W,8796,1,9206,0
2336,W,8796,1,9206,0
2340,W,8796,1,9206,0
2344,W,8796,1,9206,0
2348,W,8796,1,9206,0
2352,W,8796,1,9206,0
2356,W,8796,1,9206,0
2360,W,8796,1,9206,0
2364,W,8796,1,9206,0
2368,W,8796,1,9206,0
2372,W,8796,1,9206,0
2376,W,8796,1,9206,0
2380,W,8796,1,9206,0
2384,W,8796,1,9206,0
2388,W,8796,1,9206,0
2392,W,8796,1,9206,0
2396,W,8796,1,9206,0
2400,W,8796,1,9206,0
2404,W,8796,1,9206,0
2408,W,8796,1,9206,0
2412,W,8796,1,9206,0
2416,W,8796,1,9206,0
2420,W,8796,1,9206,0
2424,W,8796,1,9206,0
2428,W,8796,1,9206,0
2432,W,8796,1,9206,0
2436,W,8796,1,9206,0
2440,W,8796,1,9206,0
2444,W,8796,1,9206,0
2448,W,8796,1,9206,0
2452,W,8796,1,9206,0
2456,W,8796,1,9206,0
2460,W,8796,1,9206,0
2464,W,8796,1,9206,0
2468,W,8796,1,9206,0
2472,W,8796,1,9206,0
2476,W,8796,1,9206,0
2480,W,8796,1,9206,0
2484,W,8796,1,9206,0
2488,W,8796,1,9206,0
2492,W,8796,1,9206,0
2496,W,8796,1,9206,0
2500,W,8796,1,9206,0
2504,W,8796,1,9206,0
2508,W,8796,1,9206,0
2512,W,8796,1,9206,0
2516,W,8796,1,9206,0
2520,W,8796,1,9206,0
2524,W,8796,1,9206,0
2528,W,8796,1,9206,0
2532,W,8796,1,9206,0
2536,W,8796,1,9206,0
2540,W,8796,1,9206,0
2544,W,8796,1,9206,0
2548,W,8796,1,9206,0
2552,W,8796,1,9206,0
2556,W,8796,1,9206,0
0,R,8803,1,9217,0
4,R,8803,1,9217,0
8,R,8803,1,9217,0
12,R,8803,1,9217,0
16,R,8803,1,9217,0
20,R,8803,1,9217,0
24,R,8803,1,9217,0
28,R,8803,1,9217,0
32,R,8803,1,9217,0
36,R,8803,1,9217,0
40,R,8803,1,9217,0
44,R,8803,1,9217,0
48,R,8803,1,9217,0
52,R,8803,1,9217,0
56,R,8803,1,9217,0
60,R,8803,1,9217,0
64,R,8803,1,9217,0
68,R,8803,1,9217,0
72,R,8803,1,9217,0
76,R,8803,1,9217,0
80,R,8803,1,9217,0
84,R,8803,1,9217,0
88,R,8803,1,9217,0
92,R,8803,1,9217,0
96,R,8803,1,9217,0
100,R,8803,1,9217,0
104,R,8803,1,9217,0
108,R,8803,1,9217,0
112,R,8803,1,9217,0
116,R,8803,1,9217,0
120,R,8803,1,9217,0
124,R,8803,1,9217,0
128,R,8803,1,9217,0
132,R,8803,1,9217,0
136,R,8803,1,9217,0
140,R,8803,1,9217,0
144,R,8803,1,9217,0
148,R,8803,1,9217,0
152,R,8803,1,9217,0
156,R,8803,1,9217,0
160,R,8803,1,9217,0
164,R,8803,1,9217,0
168,R,8803,1,9217,0
172,R,8803,1,9217,0
176,R,8803,1,9217,0
180,R,8803,1,9217,0
184,R,8803,1,9217,0
188,R,8803,1,9217,0
192,R,8803,1,9217,0
196,R,8803,1,9217,0
200,R,8803,1,9217,0
204,R,8803,1,9217,0
208,R,8803,1,9217,0
212,R,8803,1,9217,0
216,R,8803,1,9217,0
220,R,8803,1,9217,0
224,R,8803,1,9217,0
228,R,8803,1,9217,0
232,R,8803,1,9217,0
236,R,8803,1,9217,0
240,R,8803,1,9217,0
244,R,8803,1,9217,0
248,R,8803,1,9217,0
252,R,8803,1,9217,0
2048,R,8803,1,9218,0
2052,R,8803,1,9218,0
2056,R,8803,1,9218,0
2060,R,8803,1,9218,0
2064,R,8803,1,9218,0
2068,R,8803,1,9218,0
2072,R,8803,1,9218,0
2076,R,8803,1,9218,0
2080,R,8803,1,9218,0
2084,R,8803,1,9218,0
2088,R,8803,1,9218,0
2092,R,8803,1,9218,0
2096,R,8803,1,9218,0
2100,R,8803,1,9218,0
2104,R,8803,1,9218,0
2108,R,8803,1,9218,0
2112,R,8803,1,9218,0
2116,R,8803,1,9218,0
2120,R,8803,1,9218,0
2124,R,8803,1,9218,0
2128,R,8803,1,9218,0
2132,R,8803,1,9218,0
2136,R,8803,1,9218,0
2140,R,8803,1,9218,0
2144,R,8803,1,9218,0
2148,R,8803,1,9218,0
2152,R,8803,1,9218,0
2156,R,8803,1,9218,0
2160,R,8803,1,9218,0
2164,R,8803,1,9218,0
2168,R,8803,1,9218,0
2172,R,8803,1,9218,0
2176,R,8803,1,9218,0
2180,R,8803,1,9218,0
2184,R,8803,1,9218,0
2188,R,8803,1,9218,0
2192,R,8803,1,9218,0
2196,R,8803,1,9218,0
2200,R,8803,1,9218,0
2204,R,8803,1,9218,0
2208,R,8803,1,9218,0
2212,R,8803,1,9218,0
2216,R,8803,1,9218,0
2220,R,8803,1,9218,0
2224,R,8803,1,9218,0
2228,R,8803,1,9218,0
2232,R,8803,1,9218,0
2236,R,8803,1,9218,0
2240,R,8803,1,9218,0
2244,R,8803,1,9218,0
2248,R,8803,1,9218,0
2252,R,8803,1,9218,0
2256,R,8803,1,9218,0
2260,R,8803,1,9218,0
2264,R,8803,1,9218,0
2268,R,8803,1,9218,0
2272,R,8803,1,9218,0
2276,R,8803,1,9218,0
2280,R,8803,1,9218,0
2284,R,8803,1,9218,0
2288,R,8803,1,9218,0
2292,R,8803,1,9218,0
2296,R,8803,1,9218,0
2300,R,8803,1,9218,0
2048,W,8803,1,9221,0
2052,W,8803,1,9221,0
2056,W,8803,1,9221,0
2060,W,8803,1,9221,0
2064,W,8803,1,9221,0
2068,W,8803,1,9221,0
2072,W,8803,1,9221,0
2076,W,8803,1,9221,0
2080,W,8803,1,9221,0
2084,W,8803,1,9221,0
2088,W,8803,1,9221,0
2092,W,8803,1,9221,0
2096,W,8803,1,9221,0
2100,W,8803,1,9221,0
2104,W,8803,1,9221,0
2108,W,8803,1,9221,0
2112,W,8803,1,9221,0
2116,W,8803,1,9221,0
2120,W,8803,1,9221,0
2124,W,8803,1,9221,0
2128,W,8803,1,9221,0
2132,W,8803,1,9221,0
2136,W,8803,1,9221,0
2140,W,8803,1,9221,0
2144,W,8803,1,9221,0
2148,W,8803,1,9221,0
2152,W,8803,1,9221,0
2156,W,8803,1,9221,0
2160,W,8803,1,9221,0
2164,W,8803,1,9221,0
2168,W,8803,1,9221,0
2172,W,8803,1,9221,0
2176,W,8803,1,9221,0
2180,W,8803,1,9221,0
2184,W,8803,1,9221,0
2188,W,8803,1,9221,0
2192,W,8803,1,9221,0
2196,W,8803,1,9221,0
2200,W,8803,1,9221,0
2204,W,8803,1,9221,0
2208,W,8803,1,9221,0
2212,W,8803,1,9221,0
2216,W,8803,1,9221,0
2220,W,8803,1,9221,0
2224,W,8803,1,9221,0
2228,W,8803,1,9221,0
2232,W,8803,1,9221,0
2236,W,8803,1,9221,0
2240,W,8803,1,9221,0
2244,W,8803,1,9221,0
2248,W,8803,1,9221,0
2252,W,8803,1,9221,0
2256,W,8803,1,9221,0
2260,W,8803,1,9221,0
2264,W,8803,1,9221,0
2268,W,8803,1,9221,0
2272,W,8803,1,9221,0
2276,W,8803,1,9221,0
2280,W,8803,1,9221,0
2284,W,8803,1,9221,0
2288,W,8803,1,9221,0
2292,W,8803,1,9221,0
2296,W,8803,1,9221,0
2300,W,8803,1,9221,0
256,R,8804,1,9223,0
260,R,8804,1,9223,0
264,R,8804,1,9223,0
268,R,8804,1,9223,0
272,R,8804,1,9223,0
276,R,8804,1,9223,0
280,R,8804,1,9223,0
284,R,8804,1,9223,0
288,R,8804,1,9223,0
292,R,8804,1,9223,0
296,R,8804,1,9223,0
300,R,8804,1,9223,0
304,R,8804,1,9223,0
308,R,8804,1,9223,0
312,R,8804,1,9223,0
316,R,8804,1,9223,0
320,R,8804,1,9223,0
324,R,8804,1,9223,0
328,R,8804,1,9223,0
332,R,8804,1,9223,0
336,R,8804,1,9223,0
340,R,8804,1,9223,0
344,R,8804,1,9223,0
348,R,8804,1,9223,0
352,R,8804,1,9223,0
356,R,8804,1,9223,0
360,R,8804,1,9223,0
364,R,8804,1,9223,0
368,R,8804,1,9223,0
372,R,8804,1,9223,0
376,R,8804,1,9223,0
380,R,8804,1,9223,0
384,R,8804,1,9223,0
388,R,8804,1,9223,0
392,R,8804,1,9223,0
396,R,8804,1,9223,0
400,R,8804,1,9223,0
404,R,8804,1,9223,0
408,R,8804,1,9223,0
412,R,8804,1,9223,0
416,R,8804,1,9223,0
420,R,8804,1,9223,0
424,R,8804,1,9223,0
428,R,8804,1,9223,0
432,R,8804,1,9223,0
436,R,8804,1,9223,0
440,R,8804,1,9223,0
444,R,8804,1,9223,0
448,R,8804,1,9223,0
452,R,8804,1,9223,0
456,R,8804,1,9223,0
460,R,8804,1,9223,0
464,R,8804,1,9223,0
468,R,8804,1,9223,0
472,R,8804,1,9223,0
476,R,8804,1,9223,0
480,R,8804,1,9223,0
484,R,8804,1,9223,0
488,R,8804,1,9223,0
492,R,8804,1,9223,0
496,R,8804,1,9223,0
500,R,8804,1,9223,0
504,R,8804,1,9223,0
508,R,8804,1,9223,0
2304,R,8804,1,9224,0
2308,R,8804,1,9224,0
2312,R,8804,1,9224,0
2316,R,8804,1,9224,0
2320,R,8804,1,9224,0
2324,R,8804,1,9224,0
2328,R,8804,1,9224,0
2332,R,8804,1,9224,0
2336,R,8804,1,9224,0
2340,R,8804,1,9224,0
2344,R,8804,1,9224,0
2348,R,8804,1,9224,0
2352,R,8804,1,9224,0
2356,R,8804,1,9224,0
2360,R,8804,1,9224,0
2364,R,8804,1,9224,0
2368,R,8804,1,9224,0
2372,R,8804,1,9224,0
2376,R,8804,1,9224,0
2380,R,8804,1,9224,0
2384,R,8804,1,9224,0
2388,R,8804,1,9224,0
2392,R,8804,1,9224,0
2396,R,8804,1,9224,0
2400,R,8804,1,9224,0
2404,R,8804,1,9224,0
2408,R,8804,1,9224,0
2412,R,8804,1,9224,0
2416,R,8804,1,9224,0
2420,R,8804,1,9224,0
2424,R,8804,1,9224,0
2428,R,8804,1,9224,0
2432,R,8804,1,9224,0
2436,R,8804,1,9224,0
2440,R,8804,1,9224,0
2444,R,8804,1,9224,0
2448,R,8804,1,9224,0
2452,R,8804,1,9224,0
2456,R,8804,1,9224,0
2460,R,8804,1,9224,0
2464,R,8804,1,9224,0
2468,R,8804,1,9224,0
2472,R,8804,1,9224,0
2476,R,8804,1,9224,0
2480,R,8804,1,9224,0
2484,R,8804,1,9224,0
2488,R,8804,1,9224,0
2492,R,8804,1,9224,0
2496,R,8804,1,9224,0
2500,R,8804,1,9224,0
2504,R,8804,1,9224,0
2508,R,8804,1,9224,0
2512,R,8804,1,9224,0
2516,R,8804,1,9224,0
2520,R,8804,1,9224,0
2524,R,8804,1,9224,0
2528,R,8804,1,9224,0
2532,R,8804,1,9224,0
2536,R,8804,1,9224,0
2540,R,8804,1,9224,0
2544,R,8804,1,9224,0
2548,R,8804,1,9224,0
2552,R,8804,1,9224,0
2556,R,8804,1,9224,0
2304,W,8804,1,9227,0
2308,W,8804,1,9227,0
2312,W,8804,1,9227,0
2316,W,8804,1,9227,0
2320,W,8804,1,9227,0
2324,W,8804,1,9227,0
2328,W,8804,1,9227,0
2332,W,8804,1,9227,0
2336,W,8804,1,9227,0
2340,W,8804,1,9227,0
2344,W,8804,1,9227,0
2348,W,8804,1,9227,0
2352,W,8804,1,9227,0
2356,W,8804,1,9227,0
2360,W,8804,1,9227,0
2364,W,8804,1,9227,0
2368,W,8804,1,9227,0
2372,W,8804,1,9227,0
2376,W,8804,1,9227,0
2380,W,8804,1,9227,0
2384,W,8804,1,9227,0
2388,W,8804,1,9227,0
2392,W,8804,1,9227,0
2396,W,8804,1,9227,0
2400,W,8804,1,9227,0
2404,W,8804,1,9227,0
2408,W,8804,1,9227,0
2412,W,8804,1,9227,0
2416,W,8804,1,9227,0
2420,W,8804,1,9227,0
2424,W,8804,1,9227,0
2428,W,8804,1,9227,0
2432,W,8804,1,9227,0
2436,W,8804,1,9227,0
2440,W,8804,1,9227,0
2444,W,8804,1,9227,0
2448,W,8804,1,9227,0
2452,W,8804,1,9227,0
2456,W,8804,1,9227,0
2460,W,8804,1,9227,0
2464,W,8804,1,9227,0
2468,W,8804,1,9227,0
2472,W,8804,1,9227,0
2476,W,8804,1,9227,0
2480,W,8804,1,9227,0
2484,W,8804,1,9227,0
2488,W,8804,1,9227,0
2492,W,8804,1,9227,0
2496,W,8804,1,9227,0
2500,W,8804,1,9227,0
2504,W,8804,1,9227,0
2508,W,8804,1,9227,0
2512,W,8804,1,9227,0
2516,W,8804,1,9227,0
2520,W,8804,1,9227,0
2524,W,8804,1,9227,0
2528,W,8804,1,9227,0
2532,W,8804,1,9227,0
2536,W,8804,1,9227,0
2540,W,8804,1,9227,0
2544,W,8804,1,9227,0
2548,W,8804,1,9227,0
2552,W,8804,1,9227,0
2556,W,8804,1,9227,0
0,R,8827,1,9255,0
4,R,8827,1,9255,0
8,R,8827,1,9255,0
12,R,8827,1,9255,0
16,R,8827,1,9255,0
20,R,8827,1,9255,0
24,R,8827,1,9255,0
28,R,8827,1,9255,0
32,R,8827,1,9255,0
36,R,8827,1,9255,0
40,R,8827,1,9255,0
44,R,8827,1,9255,0
48,R,8827,1,9255,0
52,R,8827,1,9255,0
56,R,8827,1,9255,0
60,R,8827,1,9255,0
64,R,8827,1,9255,0
68,R,8827,1,9255,0
72,R,8827,1,9255,0
76,R,8827,1,9255,0
80,R,8827,1,9255,0
84,R,8827,1,9255,0
88,R,8827,1,9255,0
92,R,8827,1,9255,0
96,R,8827,1,9255,0
100,R,8827,1,9255,0
104,R,8827,1,9255,0
108,R,8827,1,9255,0
112,R,8827,1,9255,0
116,R,8827,1,9255,0
120,R,8827,1,9255,0
124,R,8827,1,9255,0
128,R,8827,1,9255,0
132,R,8827,1,9255,0
136,R,8827,1,9255,0
140,R,8827,1,9255,0
144,R,8827,1,9255,0
148,R,8827,1,9255,0
152,R,8827,1,9255,0
156,R,8827,1,9255,0
160,R,8827,1,9255,0
164,R,8827,1,9255,0
168,R,8827,1,9255,0
172,R,8827,1,9255,0
176,R,8827,1,9255,0
180,R,8827,1,9255,0
184,R,8827,1,9255,0
188,R,8827,1,9255,0
192,R,8827,1,9255,0
196,R,8827,1,9255,0
200,R,8827,1,9255,0
204,R,8827,1,9255,0
208,R,8827,1,9255,0
212,R,8827,1,9255,0
216,R,8827,1,9255,0
220,R,8827,1,9255,0
224,R,8827,1,9255,0
228,R,8827,1,9255,0
232,R,8827,1,9255,0
236,R,8827,1,9255,0
240,R,8827,1,9255,0
244,R,8827,1,9255,0
248,R,8827,1,9255,0
252,R,8827,1,9255,0
2048,R,8827,1,9256,0
2052,R,8827,1,9256,0
2056,R,8827,1,9256,0
2060,R,8827,1,9256,0
2064,R,8827,1,9256,0
2068,R,8827,1,9256,0
2072,R,8827,1,9256,0
2076,R,8827,1,9256,0
2080,R,8827,1,9256,0
2084,R,8827,1,9256,0
2088,R,8827,1,9256,0
2092,R,8827,1,9256,0
2096,R,8827,1,9256,0
2100,R,8827,1,9256,0
2104,R,8827,1,9256,0
2108,R,8827,1,9256,0
2112,R,8827,1,9256,0
2116,R,8827,1,9256,0
2120,R,8827,1,9256,0
2124,R,8827,1,9256,0
2128,R,8827,1,9256,0
2132,R,8827,1,9256,0
2136,R,8827,1,9256,0
2140,R,8827,1,9256,0
2144,R,8827,1,9256,0
2148,R,8827,1,9256,0
2152,R,8827,1,9256,0
2156,R,8827,1,9256,0
2160,R,8827,1,9256,0
2164,R,8827,1,9256,0
2168,R,8827,1,9256,0
2172,R,8827,1,9256,0
2176,R,8827,1,9256,0
2180,R,8827,1,9256,0
2184,R,8827,1,9256,0
2188,R,8827,1,9256,0
2192,R,8827,1,9256,0
2196,R,8827,1,9256,0
2200,R,8827,1,9256,0
2204,R,8827,1,9256,0
2208,R,8827,1,9256,0
2212,R,8827,1,9256,0
2216,R,8827,1,9256,0
2220,R,8827,1,9256,0
2224,R,8827,1,9256,0
2228,R,8827,1,9256,0
2232,R,8827,1,9256,0
2236,R,8827,1,9256,0
2240,R,8827,1,9256,0
2244,R,8827,1,9256,0
2248,R,8827,1,9256,0
2252,R,8827,1,9256,0
2256,R,8827,1,9256,0
2260,R,8827,1,9256,0
2264,R,8827,1,9256,0
2268,R,8827,1,9256,0
2272,R,8827,1,9256,0
2276,R,8827,1,9256,0
2280,R,8827,1,9256,0
2284,R,8827,1,9256,0
2288,R,8827,1,9256,0
2292,R,8827,1,9256,0
2296,R,8827,1,9256,0
2300,R,8827,1,9256,0
1024,W,8827,1,9259,0
1028,W,8827,1,9259,0
1032,W,8827,1,9259,0
1036,W,8827,1,9259,0
1040,W,8827,1,9259,0
1044,W,8827,1,9259,0
1048,W,8827,1,9259,0
1052,W,8827,1,9259,0
1056,W,8827,1,9259,0
1060,W,8827,1,9259,0
1064,W,8827,1,9259,0
1068,W,8827,1,9259,0
1072,W,8827,1,9259,0
1076,W,8827,1,9259,0
1080,W,8827,1,9259,0
1084,W,8827,1,9259,0
1088,W,8827,1,9259,0
1092,W,8827,1,9259,0
1096,W,8827,1,9259,0
1100,W,8827,1,9259,0
1104,W,8827,1,9259,0
1108,W,8827,1,9259,0
1112,W,8827,1,9259,0
1116,W,8827,1,9259,0
1120,W,8827,1,9259,0
1124,W,8827,1,9259,0
1128,W,8827,1,9259,0
1132,W,8827,1,9259,0
1136,W,8827,1,9259,0
1140,W,8827,1,9259,0
1144,W,8827,1,9259,0
1148,W,8827,1,9259,0
1152,W,8827,1,9259,0
1156,W,8827,1,9259,0
1160,W,8827,1,9259,0
1164,W,8827,1,9259,0
1168,W,8827,1,9259,0
1172,W,8827,1,9259,0
1176,W,8827,1,9259,0
1180,W,8827,1,9259,0
1184,W,8827,1,9259,0
1188,W,8827,1,9259,0
1192,W,8827,1,9259,0
1196,W,8827,1,9259,0
1200,W,8827,1,9259,0
1204,W,8827,1,9259,0
1208,W,8827,1,9259,0
1212,W,8827,1,9259,0
1216,W,8827,1,9259,0
1220,W,8827,1,9259,0
1224,W,8827,1,9259,0
1228,W,8827,1,9259,0
1232,W,8827,1,9259,0
1236,W,8827,1,9259,0
1240,W,8827,1,9259,0
1244,W,8827,1,9259,0
1248,W,8827,1,9259,0
1252,W,8827,1,9259,0
1256,W,8827,1,9259,0
1260,W,8827,1,9259,0
1264,W,8827,1,9259,0
1268,W,8827,1,9259,0
1272,W,8827,1,9259,0
1276,W,8827,1,9259,0
256,R,8828,1,9261,0
260,R,8828,1,9261,0
264,R,8828,1,9261,0
268,R,8828,1,9261,0
272,R,8828,1,9261,0
276,R,8828,1,9261,0
280,R,8828,1,9261,0
284,R,8828,1,9261,0
288,R,8828,1,9261,0
292,R,8828,1,9261,0
296,R,8828,1,9261,0
300,R,8828,1,9261,0
304,R,8828,1,9261,0
308,R,8828,1,9261,0
312,R,8828,1,9261,0
316,R,8828,1,9261,0
320,R,8828,1,9261,0
324,R,8828,1,9261,0
328,R,8828,1,9261,0
332,R,8828,1,9261,0
336,R,8828,1,9261,0
340,R,8828,1,9261,0
344,R,8828,1,9261,0
348,R,8828,1,9261,0
352,R,8828,1,9261,0
356,R,8828,1,9261,0
360,R,8828,1,9261,0
364,R,8828,1,9261,0
368,R,8828,1,9261,0
372,R,8828,1,9261,0
376,R,8828,1,9261,0
380,R,8828,1,9261,0
384,R,8828,1,9261,0
388,R,8828,1,9261,0
392,R,8828,1,9261,0
396,R,8828,1,9261,0
400,R,8828,1,9261,0
404,R,8828,1,9261,0
408,R,8828,1,9261,0
412,R,8828,1,9261,0
416,R,8828,1,9261,0
420,R,8828,1,9261,0
424,R,8828,1,9261,0
428,R,8828,1,9261,0
432,R,8828,1,9261,0
436,R,8828,1,9261,0
440,R,8828,1,9261,0
444,R,8828,1,9261,0
448,R,8828,1,9261,0
452,R,8828,1,9261,0
456,R,8828,1,9261,0
460,R,8828,1,9261,0
464,R,8828,1,9261,0
468,R,8828,1,9261,0
472,R,8828,1,9261,0
476,R,8828,1,9261,0
480,R,8828,1,9261,0
484,R,8828,1,9261,0
488,R,8828,1,9261,0
492,R,8828,1,9261,0
496,R,8828,1,9261,0
500,R,8828,1,9261,0
504,R,8828,1,9261,0
508,R,8828,1,9261,0
2304,R,8828,1,9262,0
2308,R,8828,1,9262,0
2312,R,8828,1,9262,0
2316,R,8828,1,9262,0
2320,R,8828,1,9262,0
2324,R,8828,1,9262,0
2328,R,8828,1,9262,0
2332,R,8828,1,9262,0
2336,R,8828,1,9262,0
2340,R,8828,1,9262,0
2344,R,8828,1,9262,0
2348,R,8828,1,9262,0
2352,R,8828,1,9262,0
2356,R,8828,1,9262,0
2360,R,8828,1,9262,0
2364,R,8828,1,9262,0
2368,R,8828,1,9262,0
2372,R,8828,1,9262,0
2376,R,8828,1,9262,0
2380,R,8828,1,9262,0
2384,R,8828,1,9262,0
2388,R,8828,1,9262,0
2392,R,8828,1,9262,0
2396,R,8828,1,9262,0
2400,R,8828,1,9262,0
2404,R,8828,1,9262,0
2408,R,8828,1,9262,0
2412,R,8828,1,9262,0
2416,R,8828,1,9262,0
2420,R,8828,1,9262,0
2424,R,8828,1,9262,0
2428,R,8828,1,9262,0
2432,R,8828,1,9262,0
2436,R,8828,1,9262,0
2440,R,8828,1,9262,0
2444,R,8828,1,9262,0
2448,R,8828,1,9262,0
2452,R,8828,1,9262,0
2456,R,8828,1,9262,0
2460,R,8828,1,9262,0
2464,R,8828,1,9262,0
2468,R,8828,1,9262,0
2472,R,8828,1,9262,0
2476,R,8828,1,9262,0
2480,R,8828,1,9262,0
2484,R,8828,1,9262,0
2488,R,8828,1,9262,0
2492,R,8828,1,9262,0
2496,R,8828,1,9262,0
2500,R,8828,1,9262,0
2504,R,8828,1,9262,0
2508,R,8828,1,9262,0
2512,R,8828,1,9262,0
2516,R,8828,1,9262,0
2520,R,8828,1,9262,0
2524,R,8828,1,9262,0
2528,R,8828,1,9262,0
2532,R,8828,1,9262,0
2536,R,8828,1,9262,0
2540,R,8828,1,9262,0
2544,R,8828,1,9262,0
2548,R,8828,1,9262,0
2552,R,8828,1,9262,0
2556,R,8828,1,9262,0
1280,W,8828,1,9265,0
1284,W,8828,1,9265,0
1288,W,8828,1,9265,0
1292,W,8828,1,9265,0
1296,W,8828,1,9265,0
1300,W,8828,1,9265,0
1304,W,8828,1,9265,0
1308,W,8828,1,9265,0
1312,W,8828,1,9265,0
1316,W,8828,1,9265,0
1320,W,8828,1,9265,0
1324,W,8828,1,9265,0
1328,W,8828,1,9265,0
1332,W,8828,1,9265,0
1336,W,8828,1,9265,0
1340,W,8828,1,9265,0
1344,W,8828,1,9265,0
1348,W,8828,1,9265,0
1352,W,8828,1,9265,0
1356,W,8828,1,9265,0
1360,W,8828,1,9265,0
1364,W,8828,1,9265,0
1368,W,8828,1,9265,0
1372,W,8828,1,9265,0
1376,W,8828,1,9265,0
1380,W,8828,1,9265,0
1384,W,8828,1,9265,0
1388,W,8828,1,9265,0
1392,W,8828,1,9265,0
1396,W,8828,1,9265,0
1400,W,8828,1,9265,0
1404,W,8828,1,9265,0
1408,W,8828,1,9265,0
1412,W,8828,1,9265,0
1416,W,8828,1,9265,0
1420,W,8828,1,9265,0
1424,W,8828,1,9265,0
1428,W,8828,1,9265,0
1432,W,8828,1,9265,0
1436,W,8828,1,9265,0
1440,W,8828,1,9265,0
1444,W,8828,1,9265,0
1448,W,8828,1,9265,0
1452,W,8828,1,9265,0
1456,W,8828,1,9265,0
1460,W,8828,1,9265,0
1464,W,8828,1,9265,0
1468,W,8828,1,9265,0
1472,W,8828,1,9265,0
1476,W,8828,1,9265,0
1480,W,8828,1,9265,0
1484,W,8828,1,9265,0
1488,W,8828,1,9265,0
1492,W,8828,1,9265,0
1496,W,8828,1,9265,0
1500,W,8828,1,9265,0
1504,W,8828,1,9265,0
1508,W,8828,1,9265,0
1512,W,8828,1,9265,0
1516,W,8828,1,9265,0
1520,W,8828,1,9265,0
1524,W,8828,1,9265,0
1528,W,8828,1,9265,0
1532,W,8828,1,9265,0
1536,R,9040,1,5747,0
1540,R,9040,1,5747,0
1544,R,9040,1,5747,0
1548,R,9040,1,5747,0
1552,R,9040,1,5747,0
1556,R,9040,1,5747,0
1560,R,9040,1,5747,0
1564,R,9040,1,5747,0
1568,R,9040,1,5747,0
1572,R,9040,1,5747,0
1576,R,9040,1,5747,0
1580,R,9040,1,5747,0
1584,R,9040,1,5747,0
1588,R,9040,1,5747,0
1592,R,9040,1,5747,0
1596,R,9040,1,5747,0
1600,R,9040,1,5747,0
1604,R,9040,1,5747,0
1608,R,9040,1,5747,0
1612,R,9040,1,5747,0
1616,R,9040,1,5747,0
1620,R,9040,1,5747,0
1624,R,9040,1,5747,0
1628,R,9040,1,5747,0
1632,R,9040,1,5747,0
1636,R,9040,1,5747,0
1640,R,9040,1,5747,0
1644,R,9040,1,5747,0
1648,R,9040,1,5747,0
1652,R,9040,1,5747,0
1656,R,9040,1,5747,0
1660,R,9040,1,5747,0
1664,R,9040,1,5747,0
1668,R,9040,1,5747,0
1672,R,9040,1,5747,0
1676,R,9040,1,5747,0
1680,R,9040,1,5747,0
1684,R,9040,1,5747,0
1688,R,9040,1,5747,0
1692,R,9040,1,5747,0
1696,R,9040,1,5747,0
1700,R,9040,1,5747,0
1704,R,9040,1,5747,0
1708,R,9040,1,5747,0
1712,R,9040,1,5747,0
1716,R,9040,1,5747,0
1720,R,9040,1,5747,0
1724,R,9040,1,5747,0
1728,R,9040,1,5747,0
1732,R,9040,1,5747,0
1736,R,9040,1,5747,0
1740,R,9040,1,5747,0
1744,R,9040,1,5747,0
1748,R,9040,1,5747,0
1752,R,9040,1,5747,0
1756,R,9040,1,5747,0
1760,R,9040,1,5747,0
1764,R,9040,1,5747,0
1768,R,9040,1,5747,0
1772,R,9040,1,5747,0
1776,R,9040,1,5747,0
1780,R,9040,1,5747,0
1784,R,9040,1,5747,0
1788,R,9040,1,5747,0
1792,R,9040,1,5747,0
1796,R,9040,1,5747,0
1800,R,9040,1,5747,0
1804,R,9040,1,5747,0
1808,R,9040,1,5747,0
1812,R,9040,1,5747,0
1816,R,9040,1,5747,0
1820,R,9040,1,5747,0
1824,R,9040,1,5747,0
1828,R,9040,1,5747,0
1832,R,9040,1,5747,0
1836,R,9040,1,5747,0
1840,R,9040,1,5747,0
1844,R,9040,1,5747,0
1848,R,9040,1,5747,0
1852,R,9040,1,5747,0
1856,R,9040,1,5747,0
1860,R,9040,1,5747,0
1864,R,9040,1,5747,0
1868,R,9040,1,5747,0
1872,R,9040,1,5747,0
1876,R,9040,1,5747,0
1880,R,9040,1,5747,0
1884,R,9040,1,5747,0
1888,R,9040,1,5747,0
1892,R,9040,1,5747,0
1896,R,9040,1,5747,0
1900,R,9040,1,5747,0
1904,R,9040,1,5747,0
1908,R,9040,1,5747,0
1912,R,9040,1,5747,0
1916,R,9040,1,5747,0
1920,R,9040,1,5747,0
1924,R,9040,1,5747,0
1928,R,9040,1,5747,0
1932,R,9040,1,5747,0
1936,R,9040,1,5747,0
1940,R,9040,1,5747,0
1944,R,9040,1,5747,0
1948,R,9040,1,5747,0
1952,R,9040,1,5747,0
1956,R,9040,1,5747,0
1960,R,9040,1,5747,0
1964,R,9040,1,5747,0
1968,R,9040,1,5747,0
1972,R,9040,1,5747,0
1976,R,9040,1,5747,0
1980,R,9040,1,5747,0
1984,R,9040,1,5747,0
1988,R,9040,1,5747,0
1992,R,9040,1,5747,0
1996,R,9040,1,5747,0
2000,R,9040,1,5747,0
2004,R,9040,1,5747,0
2008,R,9040,1,5747,0
2012,R,9040,1,5747,0
2016,R,9040,1,5747,0
2020,R,9040,1,5747,0
2024,R,9040,1,5747,0
2028,R,9040,1,5747,0
2032,R,9040,1,5747,0
2036,R,9040,1,5747,0
2040,R,9040,1,5747,0
2044,R,9040,1,5747,0
1536,R,9040,1,5747,0
1024,R,9067,1,6241,0
1028,R,9067,1,6241,0
1032,R,9067,1,6241,0
1036,R,9067,1,6241,0
1040,R,9067,1,6241,0
1044,R,9067,1,6241,0
1048,R,9067,1,6241,0
1052,R,9067,1,6241,0
1056,R,9067,1,6241,0
1060,R,9067,1,6241,0
1064,R,9067,1,6241,0
1068,R,9067,1,6241,0
1072,R,9067,1,6241,0
1076,R,9067,1,6241,0
1080,R,9067,1,6241,0
1084,R,9067,1,6241,0
1088,R,9067,1,6241,0
1092,R,9067,1,6241,0
1096,R,9067,1,6241,0
1100,R,9067,1,6241,0
1104,R,9067,1,6241,0
1108,R,9067,1,6241,0
1112,R,9067,1,6241,0
1116,R,9067,1,6241,0
1120,R,9067,1,6241,0
1124,R,9067,1,6241,0
1128,R,9067,1,6241,0
1132,R,9067,1,6241,0
1136,R,9067,1,6241,0
1140,R,9067,1,6241,0
1144,R,9067,1,6241,0
1148,R,9067,1,6241,0
1152,R,9067,1,6241,0
1156,R,9067,1,6241,0
1160,R,9067,1,6241,0
1164,R,9067,1,6241,0
1168,R,9067,1,6241,0
1172,R,9067,1,6241,0
1176,R,9067,1,6241,0
1180,R,9067,1,6241,0
1184,R,9067,1,6241,0
1188,R,9067,1,6241,0
1192,R,9067,1,6241,0
1196,R,9067,1,6241,0
1200,R,9067,1,6241,0
1204,R,9067,1,6241,0
1208,R,9067,1,6241,0
1212,R,9067,1,6241,0
1216,R,9067,1,6241,0
1220,R,9067,1,6241,0
1224,R,9067,1,6241,0
1228,R,9067,1,6241,0
1232,R,9067,1,6241,0
1236,R,9067,1,6241,0
1240,R,9067,1,6241,0
1244,R,9067,1,6241,0
1248,R,9067,1,6241,0
1252,R,9067,1,6241,0
1256,R,9067,1,6241,0
1260,R,9067,1,6241,0
1264,R,9067,1,6241,0
1268,R,9067,1,6241,0
1272,R,9067,1,6241,0
1276,R,9067,1,6241,0
1280,R,9067,1,6241,0
1284,R,9067,1,6241,0
1288,R,9067,1,6241,0
1292,R,9067,1,6241,0
1296,R,9067,1,6241,0
1300,R,9067,1,6241,0
1304,R,9067,1,6241,0
1308,R,9067,1,6241,0
1312,R,9067,1,6241,0
1316,R,9067,1,6241,0
1320,R,9067,1,6241,0
1324,R,9067,1,6241,0
1328,R,9067,1,6241,0
1332,R,9067,1,6241,0
1336,R,9067,1,6241,0
1340,R,9067,1,6241,0
1344,R,9067,1,6241,0
1348,R,9067,1,6241,0
1352,R,9067,1,6241,0
1356,R,9067,1,6241,0
1360,R,9067,1,6241,0
1364,R,9067,1,6241,0
1368,R,9067,1,6241,0
1372,R,9067,1,6241,0
1376,R,9067,1,6241,0
1380,R,9067,1,6241,0
1384,R,9067,1,6241,0
1388,R,9067,1,6241,0
1392,R,9067,1,6241,0
1396,R,9067,1,6241,0
1400,R,9067,1,6241,0
1404,R,9067,1,6241,0
1408,R,9067,1,6241,0
1412,R,9067,1,6241,0
1416,R,9067,1,6241,0
1420,R,9067,1,6241,0
1424,R,9067,1,6241,0
1428,R,9067,1,6241,0
1432,R,9067,1,6241,0
1436,R,9067,1,6241,0
1440,R,9067,1,6241,0
1444,R,9067,1,6241,0
1448,R,9067,1,6241,0
1452,R,9067,1,6241,0
1456,R,9067,1,6241,0
1460,R,9067,1,6241,0
1464,R,9067,1,6241,0
1468,R,9067,1,6241,0
1472,R,9067,1,6241,0
1476,R,9067,1,6241,0
1480,R,9067,1,6241,0
1484,R,9067,1,6241,0
1488,R,9067,1,6241,0
1492,R,9067,1,6241,0
1496,R,9067,1,6241,0
1500,R,9067,1,6241,0
1504,R,9067,1,6241,0
1508,R,9067,1,6241,0
1512,R,9067,1,6241,0
1516,R,9067,1,6241,0
1520,R,9067,1,6241,0
1524,R,9067,1,6241,0
1528,R,9067,1,6241,0
1532,R,9067,1,6241,0
1024,R,9067,1,6241,0
1536,R,9246,1,6007,0
1540,R,9246,1,6007,0
1544,R,9246,1,6007,0
1548,R,9246,1,6007,0
1552,R,9246,1,6007,0
1556,R,9246,1,6007,0
1560,R,9246,1,6007,0
1564,R,9246,1,6007,0
1568,R,9246,1,6007,0
1572,R,9246,1,6007,0
1576,R,9246,1,6007,0
1580,R,9246,1,6007,0
1584,R,9246,1,6007,0
1588,R,9246,1,6007,0
1592,R,9246,1,6007,0
1596,R,9246,1,6007,0
1600,R,9246,1,6007,0
1604,R,9246,1,6007,0
1608,R,9246,1,6007,0
1612,R,9246,1,6007,0
1616,R,9246,1,6007,0
1620,R,9246,1,6007,0
1624,R,9246,1,6007,0
1628,R,9246,1,6007,0
1632,R,9246,1,6007,0
1636,R,9246,1,6007,0
1640,R,9246,1,6007,0
1644,R,9246,1,6007,0
1648,R,9246,1,6007,0
1652,R,9246,1,6007,0
1656,R,9246,1,6007,0
1660,R,9246,1,6007,0
1664,R,9246,1,6007,0
1668,R,9246,1,6007,0
1672,R,9246,1,6007,0
1676,R,9246,1,6007,0
1680,R,9246,1,6007,0
1684,R,9246,1,6007,0
1688,R,9246,1,6007,0
1692,R,9246,1,6007,0
1696,R,9246,1,6007,0
1700,R,9246,1,6007,0
1704,R,9246,1,6007,0
1708,R,9246,1,6007,0
1712,R,9246,1,6007,0
1716,R,9246,1,6007,0
1720,R,9246,1,6007,0
1724,R,9246,1,6007,0
1728,R,9246,1,6007,0
1732,R,9246,1,6007,0
1736,R,9246,1,6007,0
1740,R,9246,1,6007,0
1744,R,9246,1,6007,0
1748,R,9246,1,6007,0
1752,R,9246,1,6007,0
1756,R,9246,1,6007,0
1760,R,9246,1,6007,0
1764,R,9246,1,6007,0
1768,R,9246,1,6007,0
1772,R,9246,1,6007,0
1776,R,9246,1,6007,0
1780,R,9246,1,6007,0
1784,R,9246,1,6007,0
1788,R,9246,1,6007,0
1792,R,9246,1,6007,0
1796,R,9246,1,6007,0
1800,R,9246,1,6007,0
1804,R,9246,1,6007,0
1808,R,9246,1,6007,0
1812,R,9246,1,6007,0
1816,R,9246,1,6007,0
1820,R,9246,1,6007,0
1824,R,9246,1,6007,0
1828,R,9246,1,6007,0
1832,R,9246,1,6007,0
1836,R,9246,1,6007,0
1840,R,9246,1,6007,0
1844,R,9246,1,6007,0
1848,R,9246,1,6007,0
1852,R,9246,1,6007,0
1856,R,9246,1,6007,0
1860,R,9246,1,6007,0
1864,R,9246,1,6007,0
1868,R,9246,1,6007,0
1872,R,9246,1,6007,0
1876,R,9246,1,6007,0
1880,R,9246,1,6007,0
1884,R,9246,1,6007,0
1888,R,9246,1,6007,0
1892,R,9246,1,6007,0
1896,R,9246,1,6007,0
1900,R,9246,1,6007,0
1904,R,9246,1,6007,0
1908,R,9246,1,6007,0
1912,R,9246,1,6007,0
1916,R,9246,1,6007,0
1920,R,9246,1,6007,0
1924,R,9246,1,6007,0
1928,R,9246,1,6007,0
1932,R,9246,1,6007,0
1936,R,9246,1,6007,0
1940,R,9246,1,6007,0
1944,R,9246,1,6007,0
1948,R,9246,1,6007,0
1952,R,9246,1,6007,0
1956,R,9246,1,6007,0
1960,R,9246,1,6007,0
1964,R,9246,1,6007,0
1968,R,9246,1,6007,0
1972,R,9246,1,6007,0
1976,R,9246,1,6007,0
1980,R,9246,1,6007,0
1984,R,9246,1,6007,0
1988,R,9246,1,6007,0
1992,R,9246,1,6007,0
1996,R,9246,1,6007,0
2000,R,9246,1,6007,0
2004,R,9246,1,6007,0
2008,R,9246,1,6007,0
2012,R,9246,1,6007,0
2016,R,9246,1,6007,0
2020,R,9246,1,6007,0
2024,R,9246,1,6007,0
2028,R,9246,1,6007,0
2032,R,9246,1,6007,0
2036,R,9246,1,6007,0
2040,R,9246,1,6007,0
2044,R,9246,1,6007,0
1536,R,9246,1,6007,0
1024,R,9273,1,6469,0
1028,R,9273,1,6469,0
1032,R,9273,1,6469,0
1036,R,9273,1,6469,0
1040,R,9273,1,6469,0
1044,R,9273,1,6469,0
1048,R,9273,1,6469,0
1052,R,9273,1,6469,0
1056,R,9273,1,6469,0
1060,R,9273,1,6469,0
1064,R,9273,1,6469,0
1068,R,9273,1,6469,0
1072,R,9273,1,6469,0
1076,R,9273,1,6469,0
1080,R,9273,1,6469,0
1084,R,9273,1,6469,0
1088,R,9273,1,6469,0
1092,R,9273,1,6469,0
1096,R,9273,1,6469,0
1100,R,9273,1,6469,0
1104,R,9273,1,6469,0
1108,R,9273,1,6469,0
1112,R,9273,1,6469,0
1116,R,9273,1,6469,0
1120,R,9273,1,6469,0
1124,R,9273,1,6469,0
1128,R,9273,1,6469,0
1132,R,9273,1,6469,0
1136,R,9273,1,6469,0
1140,R,9273,1,6469,0
1144,R,9273,1,6469,0
1148,R,9273,1,6469,0
1152,R,9273,1,6469,0
1156,R,9273,1,6469,0
1160,R,9273,1,6469,0
1164,R,9273,1,6469,0
1168,R,9273,1,6469,0
1172,R,9273,1,6469,0
1176,R,9273,1,6469,0
1180,R,9273,1,6469,0
1184,R,9273,1,6469,0
1188,R,9273,1,6469,0
1192,R,9273,1,6469,0
1196,R,9273,1,6469,0
1200,R,9273,1,6469,0
1204,R,9273,1,6469,0
1208,R,9273,1,6469,0
1212,R,9273,1,6469,0
1216,R,9273,1,6469,0
1220,R,9273,1,6469,0
1224,R,9273,1,6469,0
1228,R,9273,1,6469,0
1232,R,9273,1,6469,0
1236,R,9273,1,6469,0
1240,R,9273,1,6469,0
1244,R,9273,1,6469,0
1248,R,9273,1,6469,0
1252,R,9273,1,6469,0
1256,R,9273,1,6469,0
1260,R,9273,1,6469,0
1264,R,9273,1,6469,0
1268,R,9273,1,6469,0
1272,R,9273,1,6469,0
1276,R,9273,1,6469,0
1280,R,9273,1,6469,0
1284,R,9273,1,6469,0
1288,R,9273,1,6469,0
1292,R,9273,1,6469,0
1296,R,9273,1,6469,0
1300,R,9273,1,6469,0
1304,R,9273,1,6469,0
1308,R,9273,1,6469,0
1312,R,9273,1,6469,0
1316,R,9273,1,6469,0
1320,R,9273,1,6469,0
1324,R,9273,1,6469,0
1328,R,9273,1,6469,0
1332,R,9273,1,6469,0
1336,R,9273,1,6469,0
1340,R,9273,1,6469,0
1344,R,9273,1,6469,0
1348,R,9273,1,6469,0
1352,R,9273,1,6469,0
1356,R,9273,1,6469,0
1360,R,9273,1,6469,0
1364,R,9273,1,6469,0
1368,R,9273,1,6469,0
1372,R,9273,1,6469,0
1376,R,9273,1,6469,0
1380,R,9273,1,6469,0
1384,R,9273,1,6469,0
1388,R,9273,1,6469,0
1392,R,9273,1,6469,0
1396,R,9273,1,6469,0
1400,R,9273,1,6469,0
1404,R,9273,1,6469,0
1408,R,9273,1,6469,0
1412,R,9273,1,6469,0
1416,R,9273,1,6469,0
1420,R,9273,1,6469,0
1424,R,9273,1,6469,0
1428,R,9273,1,6469,0
1432,R,9273,1,6469,0
1436,R,9273,1,6469,0
1440,R,9273,1,6469,0
1444,R,9273,1,6469,0
1448,R,9273,1,6469,0
1452,R,9273,1,6469,0
1456,R,9273,1,6469,0
1460,R,9273,1,6469,0
1464,R,9273,1,6469,0
1468,R,9273,1,6469,0
1472,R,9273,1,6469,0
1476,R,9273,1,6469,0
1480,R,9273,1,6469,0
1484,R,9273,1,6469,0
1488,R,9273,1,6469,0
1492,R,9273,1,6469,0
1496,R,9273,1,6469,0
1500,R,9273,1,6469,0
1504,R,9273,1,6469,0
1508,R,9273,1,6469,0
1512,R,9273,1,6469,0
1516,R,9273,1,6469,0
1520,R,9273,1,6469,0
1524,R,9273,1,6469,0
1528,R,9273,1,6469,0
1532,R,9273,1,6469,0
1024,R,9273,1,6469,0
512,W,9301,1,6430,0
516,W,9301,1,6430,0
520,W,9301,1,6430,0
524,W,9301,1,6430,0
528,W,9301,1,6430,0
532,W,9301,1,6430,0
536,W,9301,1,6430,0
540,W,9301,1,6430,0
544,W,9301,1,6430,0
548,W,9301,1,6430,0
552,W,9301,1,6430,0
556,W,9301,1,6430,0
560,W,9301,1,6430,0
564,W,9301,1,6430,0
568,W,9301,1,6430,0
572,W,9301,1,6430,0
576,W,9301,1,6430,0
580,W,9301,1,6430,0
584,W,9301,1,6430,0
588,W,9301,1,6430,0
592,W,9301,1,6430,0
596,W,9301,1,6430,0
600,W,9301,1,6430,0
604,W,9301,1,6430,0
608,W,9301,1,6430,0
612,W,9301,1,6430,0
616,W,9301,1,6430,0
620,W,9301,1,6430,0
624,W,9301,1,6430,0
628,W,9301,1,6430,0
632,W,9301,1,6430,0
636,W,9301,1,6430,0
640,W,9301,1,6430,0
644,W,9301,1,6430,0
648,W,9301,1,6430,0
652,W,9301,1,6430,0
656,W,9301,1,6430,0
660,W,9301,1,6430,0
664,W,9301,1,6430,0
668,W,9301,1,6430,0
672,W,9301,1,6430,0
676,W,9301,1,6430,0
680,W,9301,1,6430,0
684,W,9301,1,6430,0
688,W,9301,1,6430,0
692,W,9301,1,6430,0
696,W,9301,1,6430,0
700,W,9301,1,6430,0
704,W,9301,1,6430,0
708,W,9301,1,6430,0
712,W,9301,1,6430,0
716,W,9301,1,6430,0
720,W,9301,1,6430,0
724,W,9301,1,6430,0
728,W,9301,1,6430,0
732,W,9301,1,6430,0
736,W,9301,1,6430,0
740,W,9301,1,6430,0
744,W,9301,1,6430,0
748,W,9301,1,6430,0
752,W,9301,1,6430,0
756,W,9301,1,6430,0
760,W,9301,1,6430,0
764,W,9301,1,6430,0
768,W,9301,1,6430,0
772,W,9301,1,6430,0
776,W,9301,1,6430,0
780,W,9301,1,6430,0
784,W,9301,1,6430,0
788,W,9301,1,6430,0
792,W,9301,1,6430,0
796,W,9301,1,6430,0
800,W,9301,1,6430,0
804,W,9301,1,6430,0
808,W,9301,1,6430,0
812,W,9301,1,6430,0
816,W,9301,1,6430,0
820,W,9301,1,6430,0
824,W,9301,1,6430,0
828,W,9301,1,6430,0
832,W,9301,1,6430,0
836,W,9301,1,6430,0
840,W,9301,1,6430,0
844,W,9301,1,6430,0
848,W,9301,1,6430,0
852,W,9301,1,6430,0
856,W,9301,1,6430,0
860,W,9301,1,6430,0
864,W,9301,1,6430,0
868,W,9301,1,6430,0
872,W,9301,1,6430,0
876,W,9301,1,6430,0
880,W,9301,1,6430,0
884,W,9301,1,6430,0
888,W,9301,1,6430,0
892,W,9301,1,6430,0
896,W,9301,1,6430,0
900,W,9301,1,6430,0
904,W,9301,1,6430,0
908,W,9301,1,6430,0
912,W,9301,1,6430,0
916,W,9301,1,6430,0
920,W,9301,1,6430,0
924,W,9301,1,6430,0
928,W,9301,1,6430,0
932,W,9301,1,6430,0
936,W,9301,1,6430,0
940,W,9301,1,6430,0
944,W,9301,1,6430,0
948,W,9301,1,6430,0
952,W,9301,1,6430,0
956,W,9301,1,6430,0
960,W,9301,1,6430,0
964,W,9301,1,6430,0
968,W,9301,1,6430,0
972,W,9301,1,6430,0
976,W,9301,1,6430,0
980,W,9301,1,6430,0
984,W,9301,1,6430,0
988,W,9301,1,6430,0
992,W,9301,1,6430,0
996,W,9301,1,6430,0
1000,W,9301,1,6430,0
1004,W,9301,1,6430,0
1008,W,9301,1,6430,0
1012,W,9301,1,6430,0
1016,W,9301,1,6430,0
1020,W,9301,1,6430,0
0,W,9303,1,7151,0
4,W,9303,1,7151,0
8,W,9303,1,7151,0
12,W,9303,1,7151,0
16,W,9303,1,7151,0
20,W,9303,1,7151,0
24,W,9303,1,7151,0
28,W,9303,1,7151,0
32,W,9303,1,7151,0
36,W,9303,1,7151,0
40,W,9303,1,7151,0
44,W,9303,1,7151,0
48,W,9303,1,7151,0
52,W,9303,1,7151,0
56,W,9303,1,7151,0
60,W,9303,1,7151,0
64,W,9303,1,7151,0
68,W,9303,1,7151,0
72,W,9303,1,7151,0
76,W,9303,1,7151,0
80,W,9303,1,7151,0
84,W,9303,1,7151,0
88,W,9303,1,7151,0
92,W,9303,1,7151,0
96,W,9303,1,7151,0
100,W,9303,1,7151,0
104,W,9303,1,7151,0
108,W,9303,1,7151,0
112,W,9303,1,7151,0
116,W,9303,1,7151,0
120,W,9303,1,7151,0
124,W,9303,1,7151,0
128,W,9303,1,7151,0
132,W,9303,1,7151,0
136,W,9303,1,7151,0
140,W,9303,1,7151,0
144,W,9303,1,7151,0
148,W,9303,1,7151,0
152,W,9303,1,7151,0
156,W,9303,1,7151,0
160,W,9303,1,7151,0
164,W,9303,1,7151,0
168,W,9303,1,7151,0
172,W,9303,1,7151,0
176,W,9303,1,7151,0
180,W,9303,1,7151,0
184,W,9303,1,7151,0
188,W,9303,1,7151,0
192,W,9303,1,7151,0
196,W,9303,1,7151,0
200,W,9303,1,7151,0
204,W,9303,1,7151,0
208,W,9303,1,7151,0
212,W,9303,1,7151,0
216,W,9303,1,7151,0
220,W,9303,1,7151,0
224,W,9303,1,7151,0
228,W,9303,1,7151,0
232,W,9303,1,7151,0
236,W,9303,1,7151,0
240,W,9303,1,7151,0
244,W,9303,1,7151,0
248,W,9303,1,7151,0
252,W,9303,1,7151,0
256,W,9303,1,7151,0
260,W,9303,1,7151,0
264,W,9303,1,7151,0
268,W,9303,1,7151,0
272,W,9303,1,7151,0
276,W,9303,1,7151,0
280,W,9303,1,7151,0
284,W,9303,1,7151,0
288,W,9303,1,7151,0
292,W,9303,1,7151,0
296,W,9303,1,7151,0
300,W,9303,1,7151,0
304,W,9303,1,7151,0
308,W,9303,1,7151,0
312,W,9303,1,7151,0
316,W,9303,1,7151,0
320,W,9303,1,7151,0
324,W,9303,1,7151,0
328,W,9303,1,7151,0
332,W,9303,1,7151,0
336,W,9303,1,7151,0
340,W,9303,1,7151,0
344,W,9303,1,7151,0
348,W,9303,1,7151,0
352,W,9303,1,7151,0
356,W,9303,1,7151,0
360,W,9303,1,7151,0
364,W,9303,1,7151,0
368,W,9303,1,7151,0
372,W,9303,1,7151,0
376,W,9303,1,7151,0
380,W,9303,1,7151,0
384,W,9303,1,7151,0
388,W,9303,1,7151,0
392,W,9303,1,7151,0
396,W,9303,1,7151,0
400,W,9303,1,7151,0
404,W,9303,1,7151,0
408,W,9303,1,7151,0
412,W,9303,1,7151,0
416,W,9303,1,7151,0
420,W,9303,1,7151,0
424,W,9303,1,7151,0
428,W,9303,1,7151,0
432,W,9303,1,7151,0
436,W,9303,1,7151,0
440,W,9303,1,7151,0
444,W,9303,1,7151,0
448,W,9303,1,7151,0
452,W,9303,1,7151,0
456,W,9303,1,7151,0
460,W,9303,1,7151,0
464,W,9303,1,7151,0
468,W,9303,1,7151,0
472,W,9303,1,7151,0
476,W,9303,1,7151,0
480,W,9303,1,7151,0
484,W,9303,1,7151,0
488,W,9303,1,7151,0
492,W,9303,1,7151,0
496,W,9303,1,7151,0
500,W,9303,1,7151,0
504,W,9303,1,7151,0
508,W,9303,1,7151,0
512,R,9324,1,9411,0
516,R,9324,1,9411,0
520,R,9324,1,9411,0
524,R,9324,1,9411,0
528,R,9324,1,9411,0
532,R,9324,1,9411,0
536,R,9324,1,9411,0
540,R,9324,1,9411,0
544,R,9324,1,9411,0
548,R,9324,1,9411,0
552,R,9324,1,9411,0
556,R,9324,1,9411,0
560,R,9324,1,9411,0
564,R,9324,1,9411,0
568,R,9324,1,9411,0
572,R,9324,1,9411,0
576,R,9324,1,9411,0
580,R,9324,1,9411,0
584,R,9324,1,9411,0
588,R,9324,1,9411,0
592,R,9324,1,9411,0
596,R,9324,1,9411,0
600,R,9324,1,9411,0
604,R,9324,1,9411,0
608,R,9324,1,9411,0
612,R,9324,1,9411,0
616,R,9324,1,9411,0
620,R,9324,1,9411,0
624,R,9324,1,9411,0
628,R,9324,1,9411,0
632,R,9324,1,9411,0
636,R,9324,1,9411,0
640,R,9324,1,9411,0
644,R,9324,1,9411,0
648,R,9324,1,9411,0
652,R,9324,1,9411,0
656,R,9324,1,9411,0
660,R,9324,1,9411,0
664,R,9324,1,9411,0
668,R,9324,1,9411,0
672,R,9324,1,9411,0
676,R,9324,1,9411,0
680,R,9324,1,9411,0
684,R,9324,1,9411,0
688,R,9324,1,9411,0
692,R,9324,1,9411,0
696,R,9324,1,9411,0
700,R,9324,1,9411,0
704,R,9324,1,9411,0
708,R,9324,1,9411,0
712,R,9324,1,9411,0
716,R,9324,1,9411,0
720,R,9324,1,9411,0
724,R,9324,1,9411,0
728,R,9324,1,9411,0
732,R,9324,1,9411,0
736,R,9324,1,9411,0
740,R,9324,1,9411,0
744,R,9324,1,9411,0
748,R,9324,1,9411,0
752,R,9324,1,9411,0
756,R,9324,1,9411,0
760,R,9324,1,9411,0
764,R,9324,1,9411,0
2048,W,9324,1,9414,0
2052,W,9324,1,9414,0
2056,W,9324,1,9414,0
2060,W,9324,1,9414,0
2064,W,9324,1,9414,0
2068,W,9324,1,9414,0
2072,W,9324,1,9414,0
2076,W,9324,1,9414,0
2080,W,9324,1,9414,0
2084,W,9324,1,9414,0
2088,W,9324,1,9414,0
2092,W,9324,1,9414,0
2096,W,9324,1,9414,0
2100,W,9324,1,9414,0
2104,W,9324,1,9414,0
2108,W,9324,1,9414,0
2112,W,9324,1,9414,0
2116,W,9324,1,9414,0
2120,W,9324,1,9414,0
2124,W,9324,1,9414,0
2128,W,9324,1,9414,0
2132,W,9324,1,9414,0
2136,W,9324,1,9414,0
2140,W,9324,1,9414,0
2144,W,9324,1,9414,0
2148,W,9324,1,9414,0
2152,W,9324,1,9414,0
2156,W,9324,1,9414,0
2160,W,9324,1,9414,0
2164,W,9324,1,9414,0
2168,W,9324,1,9414,0
2172,W,9324,1,9414,0
2176,W,9324,1,9414,0
2180,W,9324,1,9414,0
2184,W,9324,1,9414,0
2188,W,9324,1,9414,0
2192,W,9324,1,9414,0
2196,W,9324,1,9414,0
2200,W,9324,1,9414,0
2204,W,9324,1,9414,0
2208,W,9324,1,9414,0
2212,W,9324,1,9414,0
2216,W,9324,1,9414,0
2220,W,9324,1,9414,0
2224,W,9324,1,9414,0
2228,W,9324,1,9414,0
2232,W,9324,1,9414,0
2236,W,9324,1,9414,0
2240,W,9324,1,9414,0
2244,W,9324,1,9414,0
2248,W,9324,1,9414,0
2252,W,9324,1,9414,0
2256,W,9324,1,9414,0
2260,W,9324,1,9414,0
2264,W,9324,1,9414,0
2268,W,9324,1,9414,0
2272,W,9324,1,9414,0
2276,W,9324,1,9414,0
2280,W,9324,1,9414,0
2284,W,9324,1,9414,0
2288,W,9324,1,9414,0
2292,W,9324,1,9414,0
2296,W,9324,1,9414,0
2300,W,9324,1,9414,0
768,R,9325,1,9415,0
772,R,9325,1,9415,0
776,R,9325,1,9415,0
780,R,9325,1,9415,0
784,R,9325,1,9415,0
788,R,9325,1,9415,0
792,R,9325,1,9415,0
796,R,9325,1,9415,0
800,R,9325,1,9415,0
804,R,9325,1,9415,0
808,R,9325,1,9415,0
812,R,9325,1,9415,0
816,R,9325,1,9415,0
820,R,9325,1,9415,0
824,R,9325,1,9415,0
828,R,9325,1,9415,0
832,R,9325,1,9415,0
836,R,9325,1,9415,0
840,R,9325,1,9415,0
844,R,9325,1,9415,0
848,R,9325,1,9415,0
852,R,9325,1,9415,0
856,R,9325,1,9415,0
860,R,9325,1,9415,0
864,R,9325,1,9415,0
868,R,9325,1,9415,0
872,R,9325,1,9415,0
876,R,9325,1,9415,0
880,R,9325,1,9415,0
884,R,9325,1,9415,0
888,R,9325,1,9415,0
892,R,9325,1,9415,0
896,R,9325,1,9415,0
900,R,9325,1,9415,0
904,R,9325,1,9415,0
908,R,9325,1,9415,0
912,R,9325,1,9415,0
916,R,9325,1,9415,0
920,R,9325,1,9415,0
924,R,9325,1,9415,0
928,R,9325,1,9415,0
932,R,9325,1,9415,0
936,R,9325,1,9415,0
940,R,9325,1,9415,0
944,R,9325,1,9415,0
948,R,9325,1,9415,0
952,R,9325,1,9415,0
956,R,9325,1,9415,0
960,R,9325,1,9415,0
964,R,9325,1,9415,0
968,R,9325,1,9415,0
972,R,9325,1,9415,0
976,R,9325,1,9415,0
980,R,9325,1,9415,0
984,R,9325,1,9415,0
988,R,9325,1,9415,0
992,R,9325,1,9415,0
996,R,9325,1,9415,0
1000,R,9325,1,9415,0
1004,R,9325,1,9415,0
1008,R,9325,1,9415,0
1012,R,9325,1,9415,0
1016,R,9325,1,9415,0
1020,R,9325,1,9415,0
2304,W,9325,1,9418,0
2308,W,9325,1,9418,0
2312,W,9325,1,9418,0
2316,W,9325,1,9418,0
2320,W,9325,1,9418,0
2324,W,9325,1,9418,0
2328,W,9325,1,9418,0
2332,W,9325,1,9418,0
2336,W,9325,1,9418,0
2340,W,9325,1,9418,0
2344,W,9325,1,9418,0
2348,W,9325,1,9418,0
2352,W,9325,1,9418,0
2356,W,9325,1,9418,0
2360,W,9325,1,9418,0
2364,W,9325,1,9418,0
2368,W,9325,1,9418,0
2372,W,9325,1,9418,0
2376,W,9325,1,9418,0
2380,W,9325,1,9418,0
2384,W,9325,1,9418,0
2388,W,9325,1,9418,0
2392,W,9325,1,9418,0
2396,W,9325,1,9418,0
2400,W,9325,1,9418,0
2404,W,9325,1,9418,0
2408,W,9325,1,9418,0
2412,W,9325,1,9418,0
2416,W,9325,1,9418,0
2420,W,9325,1,9418,0
2424,W,9325,1,9418,0
2428,W,9325,1,9418,0
2432,W,9325,1,9418,0
2436,W,9325,1,9418,0
2440,W,9325,1,9418,0
2444,W,9325,1,9418,0
2448,W,9325,1,9418,0
2452,W,9325,1,9418,0
2456,W,9325,1,9418,0
2460,W,9325,1,9418,0
2464,W,9325,1,9418,0
2468,W,9325,1,9418,0
2472,W,9325,1,9418,0
2476,W,9325,1,9418,0
2480,W,9325,1,9418,0
2484,W,9325,1,9418,0
2488,W,9325,1,9418,0
2492,W,9325,1,9418,0
2496,W,9325,1,9418,0
2500,W,9325,1,9418,0
2504,W,9325,1,9418,0
2508,W,9325,1,9418,0
2512,W,9325,1,9418,0
2516,W,9325,1,9418,0
2520,W,9325,1,9418,0
2524,W,9325,1,9418,0
2528,W,9325,1,9418,0
2532,W,9325,1,9418,0
2536,W,9325,1,9418,0
2540,W,9325,1,9418,0
2544,W,9325,1,9418,0
2548,W,9325,1,9418,0
2552,W,9325,1,9418,0
2556,W,9325,1,9418,0
2048,R,9332,1,9422,0
2052,R,9332,1,9422,0
2056,R,9332,1,9422,0
2060,R,9332,1,9422,0
2064,R,9332,1,9422,0
2068,R,9332,1,9422,0
2072,R,9332,1,9422,0
2076,R,9332,1,9422,0
2080,R,9332,1,9422,0
2084,R,9332,1,9422,0
2088,R,9332,1,9422,0
2092,R,9332,1,9422,0
2096,R,9332,1,9422,0
2100,R,9332,1,9422,0
2104,R,9332,1,9422,0
2108,R,9332,1,9422,0
2112,R,9332,1,9422,0
2116,R,9332,1,9422,0
2120,R,9332,1,9422,0
2124,R,9332,1,9422,0
2128,R,9332,1,9422,0
2132,R,9332,1,9422,0
2136,R,9332,1,9422,0
2140,R,9332,1,9422,0
2144,R,9332,1,9422,0
2148,R,9332,1,9422,0
2152,R,9332,1,9422,0
2156,R,9332,1,9422,0
2160,R,9332,1,9422,0
2164,R,9332,1,9422,0
2168,R,9332,1,9422,0
2172,R,9332,1,9422,0
2176,R,9332,1,9422,0
2180,R,9332,1,9422,0
2184,R,9332,1,9422,0
2188,R,9332,1,9422,0
2192,R,9332,1,9422,0
2196,R,9332,1,9422,0
2200,R,9332,1,9422,0
2204,R,9332,1,9422,0
2208,R,9332,1,9422,0
2212,R,9332,1,9422,0
2216,R,9332,1,9422,0
2220,R,9332,1,9422,0
2224,R,9332,1,9422,0
2228,R,9332,1,9422,0
2232,R,9332,1,9422,0
2236,R,9332,1,9422,0
2240,R,9332,1,9422,0
2244,R,9332,1,9422,0
2248,R,9332,1,9422,0
2252,R,9332,1,9422,0
2256,R,9332,1,9422,0
2260,R,9332,1,9422,0
2264,R,9332,1,9422,0
2268,R,9332,1,9422,0
2272,R,9332,1,9422,0
2276,R,9332,1,9422,0
2280,R,9332,1,9422,0
2284,R,9332,1,9422,0
2288,R,9332,1,9422,0
2292,R,9332,1,9422,0
2296,R,9332,1,9422,0
2300,R,9332,1,9422,0
2048,W,9332,1,9426,0
2052,W,9332,1,9426,0
2056,W,9332,1,9426,0
2060,W,9332,1,9426,0
2064,W,9332,1,9426,0
2068,W,9332,1,9426,0
2072,W,9332,1,9426,0
2076,W,9332,1,9426,0
2080,W,9332,1,9426,0
2084,W,9332,1,9426,0
2088,W,9332,1,9426,0
2092,W,9332,1,9426,0
2096,W,9332,1,9426,0
2100,W,9332,1,9426,0
2104,W,9332,1,9426,0
2108,W,9332,1,9426,0
2112,W,9332,1,9426,0
2116,W,9332,1,9426,0
2120,W,9332,1,9426,0
2124,W,9332,1,9426,0
2128,W,9332,1,9426,0
2132,W,9332,1,9426,0
2136,W,9332,1,9426,0
2140,W,9332,1,9426,0
2144,W,9332,1,9426,0
2148,W,9332,1,9426,0
2152,W,9332,1,9426,0
2156,W,9332,1,9426,0
2160,W,9332,1,9426,0
2164,W,9332,1,9426,0
2168,W,9332,1,9426,0
2172,W,9332,1,9426,0
2176,W,9332,1,9426,0
2180,W,9332,1,9426,0
2184,W,9332,1,9426,0
2188,W,9332,1,9426,0
2192,W,9332,1,9426,0
2196,W,9332,1,9426,0
2200,W,9332,1,9426,0
2204,W,9332,1,9426,0
2208,W,9332,1,9426,0
2212,W,9332,1,9426,0
2216,W,9332,1,9426,0
2220,W,9332,1,9426,0
2224,W,9332,1,9426,0
2228,W,9332,1,9426,0
2232,W,9332,1,9426,0
2236,W,9332,1,9426,0
2240,W,9332,1,9426,0
2244,W,9332,1,9426,0
2248,W,9332,1,9426,0
2252,W,9332,1,9426,0
2256,W,9332,1,9426,0
2260,W,9332,1,9426,0
2264,W,9332,1,9426,0
2268,W,9332,1,9426,0
2272,W,9332,1,9426,0
2276,W,9332,1,9426,0
2280,W,9332,1,9426,0
2284,W,9332,1,9426,0
2288,W,9332,1,9426,0
2292,W,9332,1,9426,0
2296,W,9332,1,9426,0
2300,W,9332,1,9426,0
2304,R,9333,1,9427,0
2308,R,9333,1,9427,0
2312,R,9333,1,9427,0
2316,R,9333,1,9427,0
2320,R,9333,1,9427,0
2324,R,9333,1,9427,0
2328,R,9333,1,9427,0
2332,R,9333,1,9427,0
2336,R,9333,1,9427,0
2340,R,9333,1,9427,0
2344,R,9333,1,9427,0
2348,R,9333,1,9427,0
2352,R,9333,1,9427,0
2356,R,9333,1,9427,0
2360,R,9333,1,9427,0
2364,R,9333,1,9427,0
2368,R,9333,1,9427,0
2372,R,9333,1,9427,0
2376,R,9333,1,9427,0
2380,R,9333,1,9427,0
2384,R,9333,1,9427,0
2388,R,9333,1,9427,0
2392,R,9333,1,9427,0
2396,R,9333,1,9427,0
2400,R,9333,1,9427,0
2404,R,9333,1,9427,0
2408,R,9333,1,9427,0
2412,R,9333,1,9427,0
2416,R,9333,1,9427,0
2420,R,9333,1,9427,0
2424,R,9333,1,9427,0
2428,R,9333,1,9427,0
2432,R,9333,1,9427,0
2436,R,9333,1,9427,0
2440,R,9333,1,9427,0
2444,R,9333,1,9427,0
2448,R,9333,1,9427,0
2452,R,9333,1,9427,0
2456,R,9333,1,9427,0
2460,R,9333,1,9427,0
2464,R,9333,1,9427,0
2468,R,9333,1,9427,0
2472,R,9333,1,9427,0
2476,R,9333,1,9427,0
2480,R,9333,1,9427,0
2484,R,9333,1,9427,0
2488,R,9333,1,9427,0
2492,R,9333,1,9427,0
2496,R,9333,1,9427,0
2500,R,9333,1,9427,0
2504,R,9333,1,9427,0
2508,R,9333,1,9427,0
2512,R,9333,1,9427,0
2516,R,9333,1,9427,0
2520,R,9333,1,9427,0
2524,R,9333,1,9427,0
2528,R,9333,1,9427,0
2532,R,9333,1,9427,0
2536,R,9333,1,9427,0
2540,R,9333,1,9427,0
2544,R,9333,1,9427,0
2548,R,9333,1,9427,0
2552,R,9333,1,9427,0
2556,R,9333,1,9427,0
2304,W,9333,1,9431,0
2308,W,9333,1,9431,0
2312,W,9333,1,9431,0
2316,W,9333,1,9431,0
2320,W,9333,1,9431,0
2324,W,9333,1,9431,0
2328,W,9333,1,9431,0
2332,W,9333,1,9431,0
2336,W,9333,1,9431,0
2340,W,9333,1,9431,0
2344,W,9333,1,9431,0
2348,W,9333,1,9431,0
2352,W,9333,1,9431,0
2356,W,9333,1,9431,0
2360,W,9333,1,9431,0
2364,W,9333,1,9431,0
2368,W,9333,1,9431,0
2372,W,9333,1,9431,0
2376,W,9333,1,9431,0
2380,W,9333,1,9431,0
2384,W,9333,1,9431,0
2388,W,9333,1,9431,0
2392,W,9333,1,9431,0
2396,W,9333,1,9431,0
2400,W,9333,1,9431,0
2404,W,9333,1,9431,0
2408,W,9333,1,9431,0
2412,W,9333,1,9431,0
2416,W,9333,1,9431,0
2420,W,9333,1,9431,0
2424,W,9333,1,9431,0
2428,W,9333,1,9431,0
2432,W,9333,1,9431,0
2436,W,9333,1,9431,0
2440,W,9333,1,9431,0
2444,W,9333,1,9431,0
2448,W,9333,1,9431,0
2452,W,9333,1,9431,0
2456,W,9333,1,9431,0
2460,W,9333,1,9431,0
2464,W,9333,1,9431,0
2468,W,9333,1,9431,0
2472,W,9333,1,9431,0
2476,W,9333,1,9431,0
2480,W,9333,1,9431,0
2484,W,9333,1,9431,0
2488,W,9333,1,9431,0
2492,W,9333,1,9431,0
2496,W,9333,1,9431,0
2500,W,9333,1,9431,0
2504,W,9333,1,9431,0
2508,W,9333,1,9431,0
2512,W,9333,1,9431,0
2516,W,9333,1,9431,0
2520,W,9333,1,9431,0
2524,W,9333,1,9431,0
2528,W,9333,1,9431,0
2532,W,9333,1,9431,0
2536,W,9333,1,9431,0
2540,W,9333,1,9431,0
2544,W,9333,1,9431,0
2548,W,9333,1,9431,0
2552,W,9333,1,9431,0
2556,W,9333,1,9431,0
2048,R,9340,1,9435,0
2052,R,9340,1,9435,0
2056,R,9340,1,9435,0
2060,R,9340,1,9435,0
2064,R,9340,1,9435,0
2068,R,9340,1,9435,0
2072,R,9340,1,9435,0
2076,R,9340,1,9435,0
2080,R,9340,1,9435,0
2084,R,9340,1,9435,0
2088,R,9340,1,9435,0
2092,R,9340,1,9435,0
2096,R,9340,1,9435,0
2100,R,9340,1,9435,0
2104,R,9340,1,9435,0
2108,R,9340,1,9435,0
2112,R,9340,1,9435,0
2116,R,9340,1,9435,0
2120,R,9340,1,9435,0
2124,R,9340,1,9435,0
2128,R,9340,1,9435,0
2132,R,9340,1,9435,0
2136,R,9340,1,9435,0
2140,R,9340,1,9435,0
2144,R,9340,1,9435,0
2148,R,9340,1,9435,0
2152,R,9340,1,9435,0
2156,R,9340,1,9435,0
2160,R,9340,1,9435,0
2164,R,9340,1,9435,0
2168,R,9340,1,9435,0
2172,R,9340,1,9435,0
2176,R,9340,1,9435,0
2180,R,9340,1,9435,0
2184,R,9340,1,9435,0
2188,R,9340,1,9435,0
2192,R,9340,1,9435,0
2196,R,9340,1,9435,0
2200,R,9340,1,9435,0
2204,R,9340,1,9435,0
2208,R,9340,1,9435,0
2212,R,9340,1,9435,0
2216,R,9340,1,9435,0
2220,R,9340,1,9435,0
2224,R,9340,1,9435,0
2228,R,9340,1,9435,0
2232,R,9340,1,9435,0
2236,R,9340,1,9435,0
2240,R,9340,1,9435,0
2244,R,9340,1,9435,0
2248,R,9340,1,9435,0
2252,R,9340,1,9435,0
2256,R,9340,1,9435,0
2260,R,9340,1,9435,0
2264,R,9340,1,9435,0
2268,R,9340,1,9435,0
2272,R,9340,1,9435,0
2276,R,9340,1,9435,0
2280,R,9340,1,9435,0
2284,R,9340,1,9435,0
2288,R,9340,1,9435,0
2292,R,9340,1,9435,0
2296,R,9340,1,9435,0
2300,R,9340,1,9435,0
512,R,9340,1,9436,0
516,R,9340,1,9436,0
520,R,9340,1,9436,0
524,R,9340,1,9436,0
528,R,9340,1,9436,0
532,R,9340,1,9436,0
536,R,9340,1,9436,0
540,R,9340,1,9436,0
544,R,9340,1,9436,0
548,R,9340,1,9436,0
552,R,9340,1,9436,0
556,R,9340,1,9436,0
560,R,9340,1,9436,0
564,R,9340,1,9436,0
568,R,9340,1,9436,0
572,R,9340,1,9436,0
576,R,9340,1,9436,0
580,R,9340,1,9436,0
584,R,9340,1,9436,0
588,R,9340,1,9436,0
592,R,9340,1,9436,0
596,R,9340,1,9436,0
600,R,9340,1,9436,0
604,R,9340,1,9436,0
608,R,9340,1,9436,0
612,R,9340,1,9436,0
616,R,9340,1,9436,0
620,R,9340,1,9436,0
624,R,9340,1,9436,0
628,R,9340,1,9436,0
632,R,9340,1,9436,0
636,R,9340,1,9436,0
640,R,9340,1,9436,0
644,R,9340,1,9436,0
648,R,9340,1,9436,0
652,R,9340,1,9436,0
656,R,9340,1,9436,0
660,R,9340,1,9436,0
664,R,9340,1,9436,0
668,R,9340,1,9436,0
672,R,9340,1,9436,0
676,R,9340,1,9436,0
680,R,9340,1,9436,0
684,R,9340,1,9436,0
688,R,9340,1,9436,0
692,R,9340,1,9436,0
696,R,9340,1,9436,0
700,R,9340,1,9436,0
704,R,9340,1,9436,0
708,R,9340,1,9436,0
712,R,9340,1,9436,0
716,R,9340,1,9436,0
720,R,9340,1,9436,0
724,R,9340,1,9436,0
728,R,9340,1,9436,0
732,R,9340,1,9436,0
736,R,9340,1,9436,0
740,R,9340,1,9436,0
744,R,9340,1,9436,0
748,R,9340,1,9436,0
752,R,9340,1,9436,0
756,R,9340,1,9436,0
760,R,9340,1,9436,0
764,R,9340,1,9436,0
2048,W,9340,1,9439,0
2052,W,9340,1,9439,0
2056,W,9340,1,9439,0
2060,W,9340,1,9439,0
2064,W,9340,1,9439,0
2068,W,9340,1,9439,0
2072,W,9340,1,9439,0
2076,W,9340,1,9439,0
2080,W,9340,1,9439,0
2084,W,9340,1,9439,0
2088,W,9340,1,9439,0
2092,W,9340,1,9439,0
2096,W,9340,1,9439,0
2100,W,9340,1,9439,0
2104,W,9340,1,9439,0
2108,W,9340,1,9439,0
2112,W,9340,1,9439,0
2116,W,9340,1,9439,0
2120,W,9340,1,9439,0
2124,W,9340,1,9439,0
2128,W,9340,1,9439,0
2132,W,9340,1,9439,0
2136,W,9340,1,9439,0
2140,W,9340,1,9439,0
2144,W,9340,1,9439,0
2148,W,9340,1,9439,0
2152,W,9340,1,9439,0
2156,W,9340,1,9439,0
2160,W,9340,1,9439,0
2164,W,9340,1,9439,0
2168,W,9340,1,9439,0
2172,W,9340,1,9439,0
2176,W,9340,1,9439,0
2180,W,9340,1,9439,0
2184,W,9340,1,9439,0
2188,W,9340,1,9439,0
2192,W,9340,1,9439,0
2196,W,9340,1,9439,0
2200,W,9340,1,9439,0
2204,W,9340,1,9439,0
2208,W,9340,1,9439,0
2212,W,9340,1,9439,0
2216,W,9340,1,9439,0
2220,W,9340,1,9439,0
2224,W,9340,1,9439,0
2228,W,9340,1,9439,0
2232,W,9340,1,9439,0
2236,W,9340,1,9439,0
2240,W,9340,1,9439,0
2244,W,9340,1,9439,0
2248,W,9340,1,9439,0
2252,W,9340,1,9439,0
2256,W,9340,1,9439,0
2260,W,9340,1,9439,0
2264,W,9340,1,9439,0
2268,W,9340,1,9439,0
2272,W,9340,1,9439,0
2276,W,9340,1,9439,0
2280,W,9340,1,9439,0
2284,W,9340,1,9439,0
2288,W,9340,1,9439,0
2292,W,9340,1,9439,0
2296,W,9340,1,9439,0
2300,W,9340,1,9439,0
2304,R,9341,1,9440,0
2308,R,9341,1,9440,0
2312,R,9341,1,9440,0
2316,R,9341,1,9440,0
2320,R,9341,1,9440,0
2324,R,9341,1,9440,0
2328,R,9341,1,9440,0
2332,R,9341,1,9440,0
2336,R,9341,1,9440,0
2340,R,9341,1,9440,0
2344,R,9341,1,9440,0
2348,R,9341,1,9440,0
2352,R,9341,1,9440,0
2356,R,9341,1,9440,0
2360,R,9341,1,9440,0
2364,R,9341,1,9440,0
2368,R,9341,1,9440,0
2372,R,9341,1,9440,0
2376,R,9341,1,9440,0
2380,R,9341,1,9440,0
2384,R,9341,1,9440,0
2388,R,9341,1,9440,0
2392,R,9341,1,9440,0
2396,R,9341,1,9440,0
2400,R,9341,1,9440,0
2404,R,9341,1,9440,0
2408,R,9341,1,9440,0
2412,R,9341,1,9440,0
2416,R,9341,1,9440,0
2420,R,9341,1,9440,0
2424,R,9341,1,9440,0
2428,R,9341,1,9440,0
2432,R,9341,1,9440,0
2436,R,9341,1,9440,0
2440,R,9341,1,9440,0
2444,R,9341,1,9440,0
2448,R,9341,1,9440,0
2452,R,9341,1,9440,0
2456,R,9341,1,9440,0
2460,R,9341,1,9440,0
2464,R,9341,1,9440,0
2468,R,9341,1,9440,0
2472,R,9341,1,9440,0
2476,R,9341,1,9440,0
2480,R,9341,1,9440,0
2484,R,9341,1,9440,0
2488,R,9341,1,9440,0
2492,R,9341,1,9440,0
2496,R,9341,1,9440,0
2500,R,9341,1,9440,0
2504,R,9341,1,9440,0
2508,R,9341,1,9440,0
2512,R,9341,1,9440,0
2516,R,9341,1,9440,0
2520,R,9341,1,9440,0
2524,R,9341,1,9440,0
2528,R,9341,1,9440,0
2532,R,9341,1,9440,0
2536,R,9341,1,9440,0
2540,R,9341,1,9440,0
2544,R,9341,1,9440,0
2548,R,9341,1,9440,0
2552,R,9341,1,9440,0
2556,R,9341,1,9440,0
768,R,9341,1,9441,0
772,R,9341,1,9441,0
776,R,9341,1,9441,0
780,R,9341,1,9441,0
784,R,9341,1,9441,0
788,R,9341,1,9441,0
792,R,9341,1,9441,0
796,R,9341,1,9441,0
800,R,9341,1,9441,0
804,R,9341,1,9441,0
808,R,9341,1,9441,0
812,R,9341,1,9441,0
816,R,9341,1,9441,0
820,R,9341,1,9441,0
824,R,9341,1,9441,0
828,R,9341,1,9441,0
832,R,9341,1,9441,0
836,R,9341,1,9441,0
840,R,9341,1,9441,0
844,R,9341,1,9441,0
848,R,9341,1,9441,0
852,R,9341,1,9441,0
856,R,9341,1,9441,0
860,R,9341,1,9441,0
864,R,9341,1,9441,0
868,R,9341,1,9441,0
872,R,9341,1,9441,0
876,R,9341,1,9441,0
880,R,9341,1,9441,0
884,R,9341,1,9441,0
888,R,9341,1,9441,0
892,R,9341,1,9441,0
896,R,9341,1,9441,0
900,R,9341,1,9441,0
904,R,9341,1,9441,0
908,R,9341,1,9441,0
912,R,9341,1,9441,0
916,R,9341,1,9441,0
920,R,9341,1,9441,0
924,R,9341,1,9441,0
928,R,9341,1,9441,0
932,R,9341,1,9441,0
936,R,9341,1,9441,0
940,R,9341,1,9441,0
944,R,9341,1,9441,0
948,R,9341,1,9441,0
952,R,9341,1,9441,0
956,R,9341,1,9441,0
960,R,9341,1,9441,0
964,R,9341,1,9441,0
968,R,9341,1,9441,0
972,R,9341,1,9441,0
976,R,9341,1,9441,0
980,R,9341,1,9441,0
984,R,9341,1,9441,0
988,R,9341,1,9441,0
992,R,9341,1,9441,0
996,R,9341,1,9441,0
1000,R,9341,1,9441,0
1004,R,9341,1,9441,0
1008,R,9341,1,9441,0
1012,R,9341,1,9441,0
1016,R,9341,1,9441,0
1020,R,9341,1,9441,0
2304,W,9341,1,9444,0
2308,W,9341,1,9444,0
2312,W,9341,1,9444,0
2316,W,9341,1,9444,0
2320,W,9341,1,9444,0
2324,W,9341,1,9444,0
2328,W,9341,1,9444,0
2332,W,9341,1,9444,0
2336,W,9341,1,9444,0
2340,W,9341,1,9444,0
2344,W,9341,1,9444,0
2348,W,9341,1,9444,0
2352,W,9341,1,9444,0
2356,W,9341,1,9444,0
2360,W,9341,1,9444,0
2364,W,9341,1,9444,0
2368,W,9341,1,9444,0
2372,W,9341,1,9444,0
2376,W,9341,1,9444,0
2380,W,9341,1,9444,0
2384,W,9341,1,9444,0
2388,W,9341,1,9444,0
2392,W,9341,1,9444,0
2396,W,9341,1,9444,0
2400,W,9341,1,9444,0
2404,W,9341,1,9444,0
2408,W,9341,1,9444,0
2412,W,9341,1,9444,0
2416,W,9341,1,9444,0
2420,W,9341,1,9444,0
2424,W,9341,1,9444,0
2428,W,9341,1,9444,0
2432,W,9341,1,9444,0
2436,W,9341,1,9444,0
2440,W,9341,1,9444,0
2444,W,9341,1,9444,0
2448,W,9341,1,9444,0
2452,W,9341,1,9444,0
2456,W,9341,1,9444,0
2460,W,9341,1,9444,0
2464,W,9341,1,9444,0
2468,W,9341,1,9444,0
2472,W,9341,1,9444,0
2476,W,9341,1,9444,0
2480,W,9341,1,9444,0
2484,W,9341,1,9444,0
2488,W,9341,1,9444,0
2492,W,9341,1,9444,0
2496,W,9341,1,9444,0
2500,W,9341,1,9444,0
2504,W,9341,1,9444,0
2508,W,9341,1,9444,0
2512,W,9341,1,9444,0
2516,W,9341,1,9444,0
2520,W,9341,1,9444,0
2524,W,9341,1,9444,0
2528,W,9341,1,9444,0
2532,W,9341,1,9444,0
2536,W,9341,1,9444,0
2540,W,9341,1,9444,0
2544,W,9341,1,9444,0
2548,W,9341,1,9444,0
2552,W,9341,1,9444,0
2556,W,9341,1,9444,0
2048,R,9348,1,9448,0
2052,R,9348,1,9448,0
2056,R,9348,1,9448,0
2060,R,9348,1,9448,0
2064,R,9348,1,9448,0
2068,R,9348,1,9448,0
2072,R,9348,1,9448,0
2076,R,9348,1,9448,0
2080,R,9348,1,9448,0
2084,R,9348,1,9448,0
2088,R,9348,1,9448,0
2092,R,9348,1,9448,0
2096,R,9348,1,9448,0
2100,R,9348,1,9448,0
2104,R,9348,1,9448,0
2108,R,9348,1,9448,0
2112,R,9348,1,9448,0
2116,R,9348,1,9448,0
2120,R,9348,1,9448,0
2124,R,9348,1,9448,0
2128,R,9348,1,9448,0
2132,R,9348,1,9448,0
2136,R,9348,1,9448,0
2140,R,9348,1,9448,0
2144,R,9348,1,9448,0
2148,R,9348,1,9448,0
2152,R,9348,1,9448,0
2156,R,9348,1,9448,0
2160,R,9348,1,9448,0
2164,R,9348,1,9448,0
2168,R,9348,1,9448,0
2172,R,9348,1,9448,0
2176,R,9348,1,9448,0
2180,R,9348,1,9448,0
2184,R,9348,1,9448,0
2188,R,9348,1,9448,0
2192,R,9348,1,9448,0
2196,R,9348,1,9448,0
2200,R,9348,1,9448,0
2204,R,9348,1,9448,0
2208,R,9348,1,9448,0
2212,R,9348,1,9448,0
2216,R,9348,1,9448,0
2220,R,9348,1,9448,0
2224,R,9348,1,9448,0
2228,R,9348,1,9448,0
2232,R,9348,1,9448,0
2236,R,9348,1,9448,0
2240,R,9348,1,9448,0
2244,R,9348,1,9448,0
2248,R,9348,1,9448,0
2252,R,9348,1,9448,0
2256,R,9348,1,9448,0
2260,R,9348,1,9448,0
2264,R,9348,1,9448,0
2268,R,9348,1,9448,0
2272,R,9348,1,9448,0
2276,R,9348,1,9448,0
2280,R,9348,1,9448,0
2284,R,9348,1,9448,0
2288,R,9348,1,9448,0
2292,R,9348,1,9448,0
2296,R,9348,1,9448,0
2300,R,9348,1,9448,0
2048,W,9348,1,9452,0
2052,W,9348,1,9452,0
2056,W,9348,1,9452,0
2060,W,9348,1,9452,0
2064,W,9348,1,9452,0
2068,W,9348,1,9452,0
2072,W,9348,1,9452,0
2076,W,9348,1,9452,0
2080,W,9348,1,9452,0
2084,W,9348,1,9452,0
2088,W,9348,1,9452,0
2092,W,9348,1,9452,0
2096,W,9348,1,9452,0
2100,W,9348,1,9452,0
2104,W,9348,1,9452,0
2108,W,9348,1,9452,0
2112,W,9348,1,9452,0
2116,W,9348,1,9452,0
2120,W,9348,1,9452,0
2124,W,9348,1,9452,0
2128,W,9348,1,9452,0
2132,W,9348,1,9452,0
2136,W,9348,1,9452,0
2140,W,9348,1,9452,0
2144,W,9348,1,9452,0
2148,W,9348,1,9452,0
2152,W,9348,1,9452,0
2156,W,9348,1,9452,0
2160,W,9348,1,9452,0
2164,W,9348,1,9452,0
2168,W,9348,1,9452,0
2172,W,9348,1,9452,0
2176,W,9348,1,9452,0
2180,W,9348,1,9452,0
2184,W,9348,1,9452,0
2188,W,9348,1,9452,0
2192,W,9348,1,9452,0
2196,W,9348,1,9452,0
2200,W,9348,1,9452,0
2204,W,9348,1,9452,0
2208,W,9348,1,9452,0
2212,W,9348,1,9452,0
2216,W,9348,1,9452,0
2220,W,9348,1,9452,0
2224,W,9348,1,9452,0
2228,W,9348,1,9452,0
2232,W,9348,1,9452,0
2236,W,9348,1,9452,0
2240,W,9348,1,9452,0
2244,W,9348,1,9452,0
2248,W,9348,1,9452,0
2252,W,9348,1,9452,0
2256,W,9348,1,9452,0
2260,W,9348,1,9452,0
2264,W,9348,1,9452,0
2268,W,9348,1,9452,0
2272,W,9348,1,9452,0
2276,W,9348,1,9452,0
2280,W,9348,1,9452,0
2284,W,9348,1,9452,0
2288,W,9348,1,9452,0
2292,W,9348,1,9452,0
2296,W,9348,1,9452,0
2300,W,9348,1,9452,0
2304,R,9349,1,9453,0
2308,R,9349,1,9453,0
2312,R,9349,1,9453,0
2316,R,9349,1,9453,0
2320,R,9349,1,9453,0
2324,R,9349,1,9453,0
2328,R,9349,1,9453,0
2332,R,9349,1,9453,0
2336,R,9349,1,9453,0
2340,R,9349,1,9453,0
2344,R,9349,1,9453,0
2348,R,9349,1,9453,0
2352,R,9349,1,9453,0
2356,R,9349,1,9453,0
2360,R,9349,1,9453,0
2364,R,9349,1,9453,0
2368,R,9349,1,9453,0
2372,R,9349,1,9453,0
2376,R,9349,1,9453,0
2380,R,9349,1,9453,0
2384,R,9349,1,9453,0
2388,R,9349,1,9453,0
2392,R,9349,1,9453,0
2396,R,9349,1,9453,0
2400,R,9349,1,9453,0
2404,R,9349,1,9453,0
2408,R,9349,1,9453,0
2412,R,9349,1,9453,0
2416,R,9349,1,9453,0
2420,R,9349,1,9453,0
2424,R,9349,1,9453,0
2428,R,9349,1,9453,0
2432,R,9349,1,9453,0
2436,R,9349,1,9453,0
2440,R,9349,1,9453,0
2444,R,9349,1,9453,0
2448,R,9349,1,9453,0
2452,R,9349,1,9453,0
2456,R,9349,1,9453,0
2460,R,9349,1,9453,0
2464,R,9349,1,9453,0
2468,R,9349,1,9453,0
2472,R,9349,1,9453,0
2476,R,9349,1,9453,0
2480,R,9349,1,9453,0
2484,R,9349,1,9453,0
2488,R,9349,1,9453,0
2492,R,9349,1,9453,0
2496,R,9349,1,9453,0
2500,R,9349,1,9453,0
2504,R,9349,1,9453,0
2508,R,9349,1,9453,0
2512,R,9349,1,9453,0
2516,R,9349,1,9453,0
2520,R,9349,1,9453,0
2524,R,9349,1,9453,0
2528,R,9349,1,9453,0
2532,R,9349,1,9453,0
2536,R,9349,1,9453,0
2540,R,9349,1,9453,0
2544,R,9349,1,9453,0
2548,R,9349,1,9453,0
2552,R,9349,1,9453,0
2556,R,9349,1,9453,0
2304,W,9349,1,9457,0
2308,W,9349,1,9457,0
2312,W,9349,1,9457,0
2316,W,9349,1,9457,0
2320,W,9349,1,9457,0
2324,W,9349,1,9457,0
2328,W,9349,1,9457,0
2332,W,9349,1,9457,0
2336,W,9349,1,9457,0
2340,W,9349,1,9457,0
2344,W,9349,1,9457,0
2348,W,9349,1,9457,0
2352,W,9349,1,9457,0
2356,W,9349,1,9457,0
2360,W,9349,1,9457,0
2364,W,9349,1,9457,0
2368,W,9349,1,9457,0
2372,W,9349,1,9457,0
2376,W,9349,1,9457,0
2380,W,9349,1,9457,0
2384,W,9349,1,9457,0
2388,W,9349,1,9457,0
2392,W,9349,1,9457,0
2396,W,9349,1,9457,0
2400,W,9349,1,9457,0
2404,W,9349,1,9457,0
2408,W,9349,1,9457,0
2412,W,9349,1,9457,0
2416,W,9349,1,9457,0
2420,W,9349,1,9457,0
2424,W,9349,1,9457,0
2428,W,9349,1,9457,0
2432,W,9349,1,9457,0
2436,W,9349,1,9457,0
2440,W,9349,1,9457,0
2444,W,9349,1,9457,0
2448,W,9349,1,9457,0
2452,W,9349,1,9457,0
2456,W,9349,1,9457,0
2460,W,9349,1,9457,0
2464,W,9349,1,9457,0
2468,W,9349,1,9457,0
2472,W,9349,1,9457,0
2476,W,9349,1,9457,0
2480,W,9349,1,9457,0
2484,W,9349,1,9457,0
2488,W,9349,1,9457,0
2492,W,9349,1,9457,0
2496,W,9349,1,9457,0
2500,W,9349,1,9457,0
2504,W,9349,1,9457,0
2508,W,9349,1,9457,0
2512,W,9349,1,9457,0
2516,W,9349,1,9457,0
2520,W,9349,1,9457,0
2524,W,9349,1,9457,0
2528,W,9349,1,9457,0
2532,W,9349,1,9457,0
2536,W,9349,1,9457,0
2540,W,9349,1,9457,0
2544,W,9349,1,9457,0
2548,W,9349,1,9457,0
2552,W,9349,1,9457,0
2556,W,9349,1,9457,0
512,R,9356,1,9461,0
516,R,9356,1,9461,0
520,R,9356,1,9461,0
524,R,9356,1,9461,0
528,R,9356,1,9461,0
532,R,9356,1,9461,0
536,R,9356,1,9461,0
540,R,9356,1,9461,0
544,R,9356,1,9461,0
548,R,9356,1,9461,0
552,R,9356,1,9461,0
556,R,9356,1,9461,0
560,R,9356,1,9461,0
564,R,9356,1,9461,0
568,R,9356,1,9461,0
572,R,9356,1,9461,0
576,R,9356,1,9461,0
580,R,9356,1,9461,0
584,R,9356,1,9461,0
588,R,9356,1,9461,0
592,R,9356,1,9461,0
596,R,9356,1,9461,0
600,R,9356,1,9461,0
604,R,9356,1,9461,0
608,R,9356,1,9461,0
612,R,9356,1,9461,0
616,R,9356,1,9461,0
620,R,9356,1,9461,0
624,R,9356,1,9461,0
628,R,9356,1,9461,0
632,R,9356,1,9461,0
636,R,9356,1,9461,0
640,R,9356,1,9461,0
644,R,9356,1,9461,0
648,R,9356,1,9461,0
652,R,9356,1,9461,0
656,R,9356,1,9461,0
660,R,9356,1,9461,0
664,R,9356,1,9461,0
668,R,9356,1,9461,0
672,R,9356,1,9461,0
676,R,9356,1,9461,0
680,R,9356,1,9461,0
684,R,9356,1,9461,0
688,R,9356,1,9461,0
692,R,9356,1,9461,0
696,R,9356,1,9461,0
700,R,9356,1,9461,0
704,R,9356,1,9461,0
708,R,9356,1,9461,0
712,R,9356,1,9461,0
716,R,9356,1,9461,0
720,R,9356,1,9461,0
724,R,9356,1,9461,0
728,R,9356,1,9461,0
732,R,9356,1,9461,0
736,R,9356,1,9461,0
740,R,9356,1,9461,0
744,R,9356,1,9461,0
748,R,9356,1,9461,0
752,R,9356,1,9461,0
756,R,9356,1,9461,0
760,R,9356,1,9461,0
764,R,9356,1,9461,0
2048,R,9356,1,9462,0
2052,R,9356,1,9462,0
2056,R,9356,1,9462,0
2060,R,9356,1,9462,0
2064,R,9356,1,9462,0
2068,R,9356,1,9462,0
2072,R,9356,1,9462,0
2076,R,9356,1,9462,0
2080,R,9356,1,9462,0
2084,R,9356,1,9462,0
2088,R,9356,1,9462,0
2092,R,9356,1,9462,0
2096,R,9356,1,9462,0
2100,R,9356,1,9462,0
2104,R,9356,1,9462,0
2108,R,9356,1,9462,0
2112,R,9356,1,9462,0
2116,R,9356,1,9462,0
2120,R,9356,1,9462,0
2124,R,9356,1,9462,0
2128,R,9356,1,9462,0
2132,R,9356,1,9462,0
2136,R,9356,1,9462,0
2140,R,9356,1,9462,0
2144,R,9356,1,9462,0
2148,R,9356,1,9462,0
2152,R,9356,1,9462,0
2156,R,9356,1,9462,0
2160,R,9356,1,9462,0
2164,R,9356,1,9462,0
2168,R,9356,1,9462,0
2172,R,9356,1,9462,0
2176,R,9356,1,9462,0
2180,R,9356,1,9462,0
2184,R,9356,1,9462,0
2188,R,9356,1,9462,0
2192,R,9356,1,9462,0
2196,R,9356,1,9462,0
2200,R,9356,1,9462,0
2204,R,9356,1,9462,0
2208,R,9356,1,9462,0
2212,R,9356,1,9462,0
2216,R,9356,1,9462,0
2220,R,9356,1,9462,0
2224,R,9356,1,9462,0
2228,R,9356,1,9462,0
2232,R,9356,1,9462,0
2236,R,9356,1,9462,0
2240,R,9356,1,9462,0
2244,R,9356,1,9462,0
2248,R,9356,1,9462,0
2252,R,9356,1,9462,0
2256,R,9356,1,9462,0
2260,R,9356,1,9462,0
2264,R,9356,1,9462,0
2268,R,9356,1,9462,0
2272,R,9356,1,9462,0
2276,R,9356,1,9462,0
2280,R,9356,1,9462,0
2284,R,9356,1,9462,0
2288,R,9356,1,9462,0
2292,R,9356,1,9462,0
2296,R,9356,1,9462,0
2300,R,9356,1,9462,0
2048,W,9356,1,9465,0
2052,W,9356,1,9465,0
2056,W,9356,1,9465,0
2060,W,9356,1,9465,0
2064,W,9356,1,9465,0
2068,W,9356,1,9465,0
2072,W,9356,1,9465,0
2076,W,9356,1,9465,0
2080,W,9356,1,9465,0
2084,W,9356,1,9465,0
2088,W,9356,1,9465,0
2092,W,9356,1,9465,0
2096,W,9356,1,9465,0
2100,W,9356,1,9465,0
2104,W,9356,1,9465,0
2108,W,9356,1,9465,0
2112,W,9356,1,9465,0
2116,W,9356,1,9465,0
2120,W,9356,1,9465,0
2124,W,9356,1,9465,0
2128,W,9356,1,9465,0
2132,W,9356,1,9465,0
2136,W,9356,1,9465,0
2140,W,9356,1,9465,0
2144,W,9356,1,9465,0
2148,W,9356,1,9465,0
2152,W,9356,1,9465,0
2156,W,9356,1,9465,0
2160,W,9356,1,9465,0
2164,W,9356,1,9465,0
2168,W,9356,1,9465,0
2172,W,9356,1,9465,0
2176,W,9356,1,9465,0
2180,W,9356,1,9465,0
2184,W,9356,1,9465,0
2188,W,9356,1,9465,0
2192,W,9356,1,9465,0
2196,W,9356,1,9465,0
2200,W,9356,1,9465,0
2204,W,9356,1,9465,0
2208,W,9356,1,9465,0
2212,W,9356,1,9465,0
2216,W,9356,1,9465,0
2220,W,9356,1,9465,0
2224,W,9356,1,9465,0
2228,W,9356,1,9465,0
2232,W,9356,1,9465,0
2236,W,9356,1,9465,0
2240,W,9356,1,9465,0
2244,W,9356,1,9465,0
2248,W,9356,1,9465,0
2252,W,9356,1,9465,0
2256,W,9356,1,9465,0
2260,W,9356,1,9465,0
2264,W,9356,1,9465,0
2268,W,9356,1,9465,0
2272,W,9356,1,9465,0
2276,W,9356,1,9465,0
2280,W,9356,1,9465,0
2284,W,9356,1,9465,0
2288,W,9356,1,9465,0
2292,W,9356,1,9465,0
2296,W,9356,1,9465,0
2300,W,9356,1,9465,0
768,R,9357,1,9466,0
772,R,9357,1,9466,0
776,R,9357,1,9466,0
780,R,9357,1,9466,0
784,R,9357,1,9466,0
788,R,9357,1,9466,0
792,R,9357,1,9466,0
796,R,9357,1,9466,0
800,R,9357,1,9466,0
804,R,9357,1,9466,0
808,R,9357,1,9466,0
812,R,9357,1,9466,0
816,R,9357,1,9466,0
820,R,9357,1,9466,0
824,R,9357,1,9466,0
828,R,9357,1,9466,0
832,R,9357,1,9466,0
836,R,9357,1,9466,0
840,R,9357,1,9466,0
844,R,9357,1,9466,0
848,R,9357,1,9466,0
852,R,9357,1,9466,0
856,R,9357,1,9466,0
860,R,9357,1,9466,0
864,R,9357,1,9466,0
868,R,9357,1,9466,0
872,R,9357,1,9466,0
876,R,9357,1,9466,0
880,R,9357,1,9466,0
884,R,9357,1,9466,0
888,R,9357,1,9466,0
892,R,9357,1,9466,0
896,R,9357,1,9466,0
900,R,9357,1,9466,0
904,R,9357,1,9466,0
908,R,9357,1,9466,0
912,R,9357,1,9466,0
916,R,9357,1,9466,0
920,R,9357,1,9466,0
924,R,9357,1,9466,0
928,R,9357,1,9466,0
932,R,9357,1,9466,0
936,R,9357,1,9466,0
940,R,9357,1,9466,0
944,R,9357,1,9466,0
948,R,9357,1,9466,0
952,R,9357,1,9466,0
956,R,9357,1,9466,0
960,R,9357,1,9466,0
964,R,9357,1,9466,0
968,R,9357,1,9466,0
972,R,9357,1,9466,0
976,R,9357,1,9466,0
980,R,9357,1,9466,0
984,R,9357,1,9466,0
988,R,9357,1,9466,0
992,R,9357,1,9466,0
996,R,9357,1,9466,0
1000,R,9357,1,9466,0
1004,R,9357,1,9466,0
1008,R,9357,1,9466,0
1012,R,9357,1,9466,0
1016,R,9357,1,9466,0
1020,R,9357,1,9466,0
2304,R,9357,1,9467,0
2308,R,9357,1,9467,0
2312,R,9357,1,9467,0
2316,R,9357,1,9467,0
2320,R,9357,1,9467,0
2324,R,9357,1,9467,0
2328,R,9357,1,9467,0
2332,R,9357,1,9467,0
2336,R,9357,1,9467,0
2340,R,9357,1,9467,0
2344,R,9357,1,9467,0
2348,R,9357,1,9467,0
2352,R,9357,1,9467,0
2356,R,9357,1,9467,0
2360,R,9357,1,9467,0
2364,R,9357,1,9467,0
2368,R,9357,1,9467,0
2372,R,9357,1,9467,0
2376,R,9357,1,9467,0
2380,R,9357,1,9467,0
2384,R,9357,1,9467,0
2388,R,9357,1,9467,0
2392,R,9357,1,9467,0
2396,R,9357,1,9467,0
2400,R,9357,1,9467,0
2404,R,9357,1,9467,0
2408,R,9357,1,9467,0
2412,R,9357,1,9467,0
2416,R,9357,1,9467,0
2420,R,9357,1,9467,0
2424,R,9357,1,9467,0
2428,R,9357,1,9467,0
2432,R,9357,1,9467,0
2436,R,9357,1,9467,0
2440,R,9357,1,9467,0
2444,R,9357,1,9467,0
2448,R,9357,1,9467,0
2452,R,9357,1,9467,0
2456,R,9357,1,9467,0
2460,R,9357,1,9467,0
2464,R,9357,1,9467,0
2468,R,9357,1,9467,0
2472,R,9357,1,9467,0
2476,R,9357,1,9467,0
2480,R,9357,1,9467,0
2484,R,9357,1,9467,0
2488,R,9357,1,9467,0
2492,R,9357,1,9467,0
2496,R,9357,1,9467,0
2500,R,9357,1,9467,0
2504,R,9357,1,9467,0
2508,R,9357,1,9467,0
2512,R,9357,1,9467,0
2516,R,9357,1,9467,0
2520,R,9357,1,9467,0
2524,R,9357,1,9467,0
2528,R,9357,1,9467,0
2532,R,9357,1,9467,0
2536,R,9357,1,9467,0
2540,R,9357,1,9467,0
2544,R,9357,1,9467,0
2548,R,9357,1,9467,0
2552,R,9357,1,9467,0
2556,R,9357,1,9467,0
2304,W,9357,1,9470,0
2308,W,9357,1,9470,0
2312,W,9357,1,9470,0
2316,W,9357,1,9470,0
2320,W,9357,1,9470,0
2324,W,9357,1,9470,0
2328,W,9357,1,9470,0
2332,W,9357,1,9470,0
2336,W,9357,1,9470,0
2340,W,9357,1,9470,0
2344,W,9357,1,9470,0
2348,W,9357,1,9470,0
2352,W,9357,1,9470,0
2356,W,9357,1,9470,0
2360,W,9357,1,9470,0
2364,W,9357,1,9470,0
2368,W,9357,1,9470,0
2372,W,9357,1,9470,0
2376,W,9357,1,9470,0
2380,W,9357,1,9470,0
2384,W,9357,1,9470,0
2388,W,9357,1,9470,0
2392,W,9357,1,9470,0
2396,W,9357,1,9470,0
2400,W,9357,1,9470,0
2404,W,9357,1,9470,0
2408,W,9357,1,9470,0
2412,W,9357,1,9470,0
2416,W,9357,1,9470,0
2420,W,9357,1,9470,0
2424,W,9357,1,9470,0
2428,W,9357,1,9470,0
2432,W,9357,1,9470,0
2436,W,9357,1,9470,0
2440,W,9357,1,9470,0
2444,W,9357,1,9470,0
2448,W,9357,1,9470,0
2452,W,9357,1,9470,0
2456,W,9357,1,9470,0
2460,W,9357,1,9470,0
2464,W,9357,1,9470,0
2468,W,9357,1,9470,0
2472,W,9357,1,9470,0
2476,W,9357,1,9470,0
2480,W,9357,1,9470,0
2484,W,9357,1,9470,0
2488,W,9357,1,9470,0
2492,W,9357,1,9470,0
2496,W,9357,1,9470,0
2500,W,9357,1,9470,0
2504,W,9357,1,9470,0
2508,W,9357,1,9470,0
2512,W,9357,1,9470,0
2516,W,9357,1,9470,0
2520,W,9357,1,9470,0
2524,W,9357,1,9470,0
2528,W,9357,1,9470,0
2532,W,9357,1,9470,0
2536,W,9357,1,9470,0
2540,W,9357,1,9470,0
2544,W,9357,1,9470,0
2548,W,9357,1,9470,0
2552,W,9357,1,9470,0
2556,W,9357,1,9470,0
512,R,9380,1,9475,0
516,R,9380,1,9475,0
520,R,9380,1,9475,0
524,R,9380,1,9475,0
528,R,9380,1,9475,0
532,R,9380,1,9475,0
536,R,9380,1,9475,0
540,R,9380,1,9475,0
544,R,9380,1,9475,0
548,R,9380,1,9475,0
552,R,9380,1,9475,0
556,R,9380,1,9475,0
560,R,9380,1,9475,0
564,R,9380,1,9475,0
568,R,9380,1,9475,0
572,R,9380,1,9475,0
576,R,9380,1,9475,0
580,R,9380,1,9475,0
584,R,9380,1,9475,0
588,R,9380,1,9475,0
592,R,9380,1,9475,0
596,R,9380,1,9475,0
600,R,9380,1,9475,0
604,R,9380,1,9475,0
608,R,9380,1,9475,0
612,R,9380,1,9475,0
616,R,9380,1,9475,0
620,R,9380,1,9475,0
624,R,9380,1,9475,0
628,R,9380,1,9475,0
632,R,9380,1,9475,0
636,R,9380,1,9475,0
640,R,9380,1,9475,0
644,R,9380,1,9475,0
648,R,9380,1,9475,0
652,R,9380,1,9475,0
656,R,9380,1,9475,0
660,R,9380,1,9475,0
664,R,9380,1,9475,0
668,R,9380,1,9475,0
672,R,9380,1,9475,0
676,R,9380,1,9475,0
680,R,9380,1,9475,0
684,R,9380,1,9475,0
688,R,9380,1,9475,0
692,R,9380,1,9475,0
696,R,9380,1,9475,0
700,R,9380,1,9475,0
704,R,9380,1,9475,0
708,R,9380,1,9475,0
712,R,9380,1,9475,0
716,R,9380,1,9475,0
720,R,9380,1,9475,0
724,R,9380,1,9475,0
728,R,9380,1,9475,0
732,R,9380,1,9475,0
736,R,9380,1,9475,0
740,R,9380,1,9475,0
744,R,9380,1,9475,0
748,R,9380,1,9475,0
752,R,9380,1,9475,0
756,R,9380,1,9475,0
760,R,9380,1,9475,0
764,R,9380,1,9475,0
2048,R,9380,1,9476,0
2052,R,9380,1,9476,0
2056,R,9380,1,9476,0
2060,R,9380,1,9476,0
2064,R,9380,1,9476,0
2068,R,9380,1,9476,0
2072,R,9380,1,9476,0
2076,R,9380,1,9476,0
2080,R,9380,1,9476,0
2084,R,9380,1,9476,0
2088,R,9380,1,9476,0
2092,R,9380,1,9476,0
2096,R,9380,1,9476,0
2100,R,9380,1,9476,0
2104,R,9380,1,9476,0
2108,R,9380,1,9476,0
2112,R,9380,1,9476,0
2116,R,9380,1,9476,0
2120,R,9380,1,9476,0
2124,R,9380,1,9476,0
2128,R,9380,1,9476,0
2132,R,9380,1,9476,0
2136,R,9380,1,9476,0
2140,R,9380,1,9476,0
2144,R,9380,1,9476,0
2148,R,9380,1,9476,0
2152,R,9380,1,9476,0
2156,R,9380,1,9476,0
2160,R,9380,1,9476,0
2164,R,9380,1,9476,0
2168,R,9380,1,9476,0
2172,R,9380,1,9476,0
2176,R,9380,1,9476,0
2180,R,9380,1,9476,0
2184,R,9380,1,9476,0
2188,R,9380,1,9476,0
2192,R,9380,1,9476,0
2196,R,9380,1,9476,0
2200,R,9380,1,9476,0
2204,R,9380,1,9476,0
2208,R,9380,1,9476,0
2212,R,9380,1,9476,0
2216,R,9380,1,9476,0
2220,R,9380,1,9476,0
2224,R,9380,1,9476,0
2228,R,9380,1,9476,0
2232,R,9380,1,9476,0
2236,R,9380,1,9476,0
2240,R,9380,1,9476,0
2244,R,9380,1,9476,0
2248,R,9380,1,9476,0
2252,R,9380,1,9476,0
2256,R,9380,1,9476,0
2260,R,9380,1,9476,0
2264,R,9380,1,9476,0
2268,R,9380,1,9476,0
2272,R,9380,1,9476,0
2276,R,9380,1,9476,0
2280,R,9380,1,9476,0
2284,R,9380,1,9476,0
2288,R,9380,1,9476,0
2292,R,9380,1,9476,0
2296,R,9380,1,9476,0
2300,R,9380,1,9476,0
1536,W,9380,1,9479,0
1540,W,9380,1,9479,0
1544,W,9380,1,9479,0
1548,W,9380,1,9479,0
1552,W,9380,1,9479,0
1556,W,9380,1,9479,0
1560,W,9380,1,9479,0
1564,W,9380,1,9479,0
1568,W,9380,1,9479,0
1572,W,9380,1,9479,0
1576,W,9380,1,9479,0
1580,W,9380,1,9479,0
1584,W,9380,1,9479,0
1588,W,9380,1,9479,0
1592,W,9380,1,9479,0
1596,W,9380,1,9479,0
1600,W,9380,1,9479,0
1604,W,9380,1,9479,0
1608,W,9380,1,9479,0
1612,W,9380,1,9479,0
1616,W,9380,1,9479,0
1620,W,9380,1,9479,0
1624,W,9380,1,9479,0
1628,W,9380,1,9479,0
1632,W,9380,1,9479,0
1636,W,9380,1,9479,0
1640,W,9380,1,9479,0
1644,W,9380,1,9479,0
1648,W,9380,1,9479,0
1652,W,9380,1,9479,0
1656,W,9380,1,9479,0
1660,W,9380,1,9479,0
1664,W,9380,1,9479,0
1668,W,9380,1,9479,0
1672,W,9380,1,9479,0
1676,W,9380,1,9479,0
1680,W,9380,1,9479,0
1684,W,9380,1,9479,0
1688,W,9380,1,9479,0
1692,W,9380,1,9479,0
1696,W,9380,1,9479,0
1700,W,9380,1,9479,0
1704,W,9380,1,9479,0
1708,W,9380,1,9479,0
1712,W,9380,1,9479,0
1716,W,9380,1,9479,0
1720,W,9380,1,9479,0
1724,W,9380,1,9479,0
1728,W,9380,1,9479,0
1732,W,9380,1,9479,0
1736,W,9380,1,9479,0
1740,W,9380,1,9479,0
1744,W,9380,1,9479,0
1748,W,9380,1,9479,0
1752,W,9380,1,9479,0
1756,W,9380,1,9479,0
1760,W,9380,1,9479,0
1764,W,9380,1,9479,0
1768,W,9380,1,9479,0
1772,W,9380,1,9479,0
1776,W,9380,1,9479,0
1780,W,9380,1,9479,0
1784,W,9380,1,9479,0
1788,W,9380,1,9479,0
768,R,9381,1,9480,0
772,R,9381,1,9480,0
776,R,9381,1,9480,0
780,R,9381,1,9480,0
784,R,9381,1,9480,0
788,R,9381,1,9480,0
792,R,9381,1,9480,0
796,R,9381,1,9480,0
800,R,9381,1,9480,0
804,R,9381,1,9480,0
808,R,9381,1,9480,0
812,R,9381,1,9480,0
816,R,9381,1,9480,0
820,R,9381,1,9480,0
824,R,9381,1,9480,0
828,R,9381,1,9480,0
832,R,9381,1,9480,0
836,R,9381,1,9480,0
840,R,9381,1,9480,0
844,R,9381,1,9480,0
848,R,9381,1,9480,0
852,R,9381,1,9480,0
856,R,9381,1,9480,0
860,R,9381,1,9480,0
864,R,9381,1,9480,0
868,R,9381,1,9480,0
872,R,9381,1,9480,0
876,R,9381,1,9480,0
880,R,9381,1,9480,0
884,R,9381,1,9480,0
888,R,9381,1,9480,0
892,R,9381,1,9480,0
896,R,9381,1,9480,0
900,R,9381,1,9480,0
904,R,9381,1,9480,0
908,R,9381,1,9480,0
912,R,9381,1,9480,0
916,R,9381,1,9480,0
920,R,9381,1,9480,0
924,R,9381,1,9480,0
928,R,9381,1,9480,0
932,R,9381,1,9480,0
936,R,9381,1,9480,0
940,R,9381,1,9480,0
944,R,9381,1,9480,0
948,R,9381,1,9480,0
952,R,9381,1,9480,0
956,R,9381,1,9480,0
960,R,9381,1,9480,0
964,R,9381,1,9480,0
968,R,9381,1,9480,0
972,R,9381,1,9480,0
976,R,9381,1,9480,0
980,R,9381,1,9480,0
984,R,9381,1,9480,0
988,R,9381,1,9480,0
992,R,9381,1,9480,0
996,R,9381,1,9480,0
1000,R,9381,1,9480,0
1004,R,9381,1,9480,0
1008,R,9381,1,9480,0
1012,R,9381,1,9480,0
1016,R,9381,1,9480,0
1020,R,9381,1,9480,0
2304,R,9381,1,9481,0
2308,R,9381,1,9481,0
2312,R,9381,1,9481,0
2316,R,9381,1,9481,0
2320,R,9381,1,9481,0
2324,R,9381,1,9481,0
2328,R,9381,1,9481,0
2332,R,9381,1,9481,0
2336,R,9381,1,9481,0
2340,R,9381,1,9481,0
2344,R,9381,1,9481,0
2348,R,9381,1,9481,0
2352,R,9381,1,9481,0
2356,R,9381,1,9481,0
2360,R,9381,1,9481,0
2364,R,9381,1,9481,0
2368,R,9381,1,9481,0
2372,R,9381,1,9481,0
2376,R,9381,1,9481,0
2380,R,9381,1,9481,0
2384,R,9381,1,9481,0
2388,R,9381,1,9481,0
2392,R,9381,1,9481,0
2396,R,9381,1,9481,0
2400,R,9381,1,9481,0
2404,R,9381,1,9481,0
2408,R,9381,1,9481,0
2412,R,9381,1,9481,0
2416,R,9381,1,9481,0
2420,R,9381,1,9481,0
2424,R,9381,1,9481,0
2428,R,9381,1,9481,0
2432,R,9381,1,9481,0
2436,R,9381,1,9481,0
2440,R,9381,1,9481,0
2444,R,9381,1,9481,0
2448,R,9381,1,9481,0
2452,R,9381,1,9481,0
2456,R,9381,1,9481,0
2460,R,9381,1,9481,0
2464,R,9381,1,9481,0
2468,R,9381,1,9481,0
2472,R,9381,1,9481,0
2476,R,9381,1,9481,0
2480,R,9381,1,9481,0
2484,R,9381,1,9481,0
2488,R,9381,1,9481,0
2492,R,9381,1,9481,0
2496,R,9381,1,9481,0
2500,R,9381,1,9481,0
2504,R,9381,1,9481,0
2508,R,9381,1,9481,0
2512,R,9381,1,9481,0
2516,R,9381,1,9481,0
2520,R,9381,1,9481,0
2524,R,9381,1,9481,0
2528,R,9381,1,9481,0
2532,R,9381,1,9481,0
2536,R,9381,1,9481,0
2540,R,9381,1,9481,0
2544,R,9381,1,9481,0
2548,R,9381,1,9481,0
2552,R,9381,1,9481,0
2556,R,9381,1,9481,0
1792,W,9381,1,9484,0
1796,W,9381,1,9484,0
1800,W,9381,1,9484,0
1804,W,9381,1,9484,0
1808,W,9381,1,9484,0
1812,W,9381,1,9484,0
1816,W,9381,1,9484,0
1820,W,9381,1,9484,0
1824,W,9381,1,9484,0
1828,W,9381,1,9484,0
1832,W,9381,1,9484,0
1836,W,9381,1,9484,0
1840,W,9381,1,9484,0
1844,W,9381,1,9484,0
1848,W,9381,1,9484,0
1852,W,9381,1,9484,0
1856,W,9381,1,9484,0
1860,W,9381,1,9484,0
1864,W,9381,1,9484,0
1868,W,9381,1,9484,0
1872,W,9381,1,9484,0
1876,W,9381,1,9484,0
1880,W,9381,1,9484,0
1884,W,9381,1,9484,0
1888,W,9381,1,9484,0
1892,W,9381,1,9484,0
1896,W,9381,1,9484,0
1900,W,9381,1,9484,0
1904,W,9381,1,9484,0
1908,W,9381,1,9484,0
1912,W,9381,1,9484,0
1916,W,9381,1,9484,0
1920,W,9381,1,9484,0
1924,W,9381,1,9484,0
1928,W,9381,1,9484,0
1932,W,9381,1,9484,0
1936,W,9381,1,9484,0
1940,W,9381,1,9484,0
1944,W,9381,1,9484,0
1948,W,9381,1,9484,0
1952,W,9381,1,9484,0
1956,W,9381,1,9484,0
1960,W,9381,1,9484,0
1964,W,9381,1,9484,0
1968,W,9381,1,9484,0
1972,W,9381,1,9484,0
1976,W,9381,1,9484,0
1980,W,9381,1,9484,0
1984,W,9381,1,9484,0
1988,W,9381,1,9484,0
1992,W,9381,1,9484,0
1996,W,9381,1,9484,0
2000,W,9381,1,9484,0
2004,W,9381,1,9484,0
2008,W,9381,1,9484,0
2012,W,9381,1,9484,0
2016,W,9381,1,9484,0
2020,W,9381,1,9484,0
2024,W,9381,1,9484,0
2028,W,9381,1,9484,0
2032,W,9381,1,9484,0
2036,W,9381,1,9484,0
2040,W,9381,1,9484,0
2044,W,9381,1,9484,0
512,W,9381,1,6791,0
516,W,9381,1,6791,0
520,W,9381,1,6791,0
524,W,9381,1,6791,0
528,W,9381,1,6791,0
532,W,9381,1,6791,0
536,W,9381,1,6791,0
540,W,9381,1,6791,0
544,W,9381,1,6791,0
548,W,9381,1,6791,0
552,W,9381,1,6791,0
556,W,9381,1,6791,0
560,W,9381,1,6791,0
564,W,9381,1,6791,0
568,W,9381,1,6791,0
572,W,9381,1,6791,0
576,W,9381,1,6791,0
580,W,9381,1,6791,0
584,W,9381,1,6791,0
588,W,9381,1,6791,0
592,W,9381,1,6791,0
596,W,9381,1,6791,0
600,W,9381,1,6791,0
604,W,9381,1,6791,0
608,W,9381,1,6791,0
612,W,9381,1,6791,0
616,W,9381,1,6791,0
620,W,9381,1,6791,0
624,W,9381,1,6791,0
628,W,9381,1,6791,0
632,W,9381,1,6791,0
636,W,9381,1,6791,0
640,W,9381,1,6791,0
644,W,9381,1,6791,0
648,W,9381,1,6791,0
652,W,9381,1,6791,0
656,W,9381,1,6791,0
660,W,9381,1,6791,0
664,W,9381,1,6791,0
668,W,9381,1,6791,0
672,W,9381,1,6791,0
676,W,9381,1,6791,0
680,W,9381,1,6791,0
684,W,9381,1,6791,0
688,W,9381,1,6791,0
692,W,9381,1,6791,0
696,W,9381,1,6791,0
700,W,9381,1,6791,0
704,W,9381,1,6791,0
708,W,9381,1,6791,0
712,W,9381,1,6791,0
716,W,9381,1,6791,0
720,W,9381,1,6791,0
724,W,9381,1,6791,0
728,W,9381,1,6791,0
732,W,9381,1,6791,0
736,W,9381,1,6791,0
740,W,9381,1,6791,0
744,W,9381,1,6791,0
748,W,9381,1,6791,0
752,W,9381,1,6791,0
756,W,9381,1,6791,0
760,W,9381,1,6791,0
764,W,9381,1,6791,0
768,W,9381,1,6791,0
772,W,9381,1,6791,0
776,W,9381,1,6791,0
780,W,9381,1,6791,0
784,W,9381,1,6791,0
788,W,9381,1,6791,0
792,W,9381,1,6791,0
796,W,9381,1,6791,0
800,W,9381,1,6791,0
804,W,9381,1,6791,0
808,W,9381,1,6791,0
812,W,9381,1,6791,0
816,W,9381,1,6791,0
820,W,9381,1,6791,0
824,W,9381,1,6791,0
828,W,9381,1,6791,0
832,W,9381,1,6791,0
836,W,9381,1,6791,0
840,W,9381,1,6791,0
844,W,9381,1,6791,0
848,W,9381,1,6791,0
852,W,9381,1,6791,0
856,W,9381,1,6791,0
860,W,9381,1,6791,0
864,W,9381,1,6791,0
868,W,9381,1,6791,0
872,W,9381,1,6791,0
876,W,9381,1,6791,0
880,W,9381,1,6791,0
884,W,9381,1,6791,0
888,W,9381,1,6791,0
892,W,9381,1,6791,0
896,W,9381,1,6791,0
900,W,9381,1,6791,0
904,W,9381,1,6791,0
908,W,9381,1,6791,0
912,W,9381,1,6791,0
916,W,9381,1,6791,0
920,W,9381,1,6791,0
924,W,9381,1,6791,0
928,W,9381,1,6791,0
932,W,9381,1,6791,0
936,W,9381,1,6791,0
940,W,9381,1,6791,0
944,W,9381,1,6791,0
948,W,9381,1,6791,0
952,W,9381,1,6791,0
956,W,9381,1,6791,0
960,W,9381,1,6791,0
964,W,9381,1,6791,0
968,W,9381,1,6791,0
972,W,9381,1,6791,0
976,W,9381,1,6791,0
980,W,9381,1,6791,0
984,W,9381,1,6791,0
988,W,9381,1,6791,0
992,W,9381,1,6791,0
996,W,9381,1,6791,0
1000,W,9381,1,6791,0
1004,W,9381,1,6791,0
1008,W,9381,1,6791,0
1012,W,9381,1,6791,0
1016,W,9381,1,6791,0
1020,W,9381,1,6791,0
0,W,9383,1,7481,0
4,W,9383,1,7481,0
8,W,9383,1,7481,0
12,W,9383,1,7481,0
16,W,9383,1,7481,0
20,W,9383,1,7481,0
24,W,9383,1,7481,0
28,W,9383,1,7481,0
32,W,9383,1,7481,0
36,W,9383,1,7481,0
40,W,9383,1,7481,0
44,W,9383,1,7481,0
48,W,9383,1,7481,0
52,W,9383,1,7481,0
56,W,9383,1,7481,0
60,W,9383,1,7481,0
64,W,9383,1,7481,0
68,W,9383,1,7481,0
72,W,9383,1,7481,0
76,W,9383,1,7481,0
80,W,9383,1,7481,0
84,W,9383,1,7481,0
88,W,9383,1,7481,0
92,W,9383,1,7481,0
96,W,9383,1,7481,0
100,W,9383,1,7481,0
104,W,9383,1,7481,0
108,W,9383,1,7481,0
112,W,9383,1,7481,0
116,W,9383,1,7481,0
120,W,9383,1,7481,0
124,W,9383,1,7481,0
128,W,9383,1,7481,0
132,W,9383,1,7481,0
136,W,9383,1,7481,0
140,W,9383,1,7481,0
144,W,9383,1,7481,0
148,W,9383,1,7481,0
152,W,9383,1,7481,0
156,W,9383,1,7481,0
160,W,9383,1,7481,0
164,W,9383,1,7481,0
168,W,9383,1,7481,0
172,W,9383,1,7481,0
176,W,9383,1,7481,0
180,W,9383,1,7481,0
184,W,9383,1,7481,0
188,W,9383,1,7481,0
192,W,9383,1,7481,0
196,W,9383,1,7481,0
200,W,9383,1,7481,0
204,W,9383,1,7481,0
208,W,9383,1,7481,0
212,W,9383,1,7481,0
216,W,9383,1,7481,0
220,W,9383,1,7481,0
224,W,9383,1,7481,0
228,W,9383,1,7481,0
232,W,9383,1,7481,0
236,W,9383,1,7481,0
240,W,9383,1,7481,0
244,W,9383,1,7481,0
248,W,9383,1,7481,0
252,W,9383,1,7481,0
256,W,9383,1,7481,0
260,W,9383,1,7481,0
264,W,9383,1,7481,0
268,W,9383,1,7481,0
272,W,9383,1,7481,0
276,W,9383,1,7481,0
280,W,9383,1,7481,0
284,W,9383,1,7481,0
288,W,9383,1,7481,0
292,W,9383,1,7481,0
296,W,9383,1,7481,0
300,W,9383,1,7481,0
304,W,9383,1,7481,0
308,W,9383,1,7481,0
312,W,9383,1,7481,0
316,W,9383,1,7481,0
320,W,9383,1,7481,0
324,W,9383,1,7481,0
328,W,9383,1,7481,0
332,W,9383,1,7481,0
336,W,9383,1,7481,0
340,W,9383,1,7481,0
344,W,9383,1,7481,0
348,W,9383,1,7481,0
352,W,9383,1,7481,0
356,W,9383,1,7481,0
360,W,9383,1,7481,0
364,W,9383,1,7481,0
368,W,9383,1,7481,0
372,W,9383,1,7481,0
376,W,9383,1,7481,0
380,W,9383,1,7481,0
384,W,9383,1,7481,0
388,W,9383,1,7481,0
392,W,9383,1,7481,0
396,W,9383,1,7481,0
400,W,9383,1,7481,0
404,W,9383,1,7481,0
408,W,9383,1,7481,0
412,W,9383,1,7481,0
416,W,9383,1,7481,0
420,W,9383,1,7481,0
424,W,9383,1,7481,0
428,W,9383,1,7481,0
432,W,9383,1,7481,0
436,W,9383,1,7481,0
440,W,9383,1,7481,0
444,W,9383,1,7481,0
448,W,9383,1,7481,0
452,W,9383,1,7481,0
456,W,9383,1,7481,0
460,W,9383,1,7481,0
464,W,9383,1,7481,0
468,W,9383,1,7481,0
472,W,9383,1,7481,0
476,W,9383,1,7481,0
480,W,9383,1,7481,0
484,W,9383,1,7481,0
488,W,9383,1,7481,0
492,W,9383,1,7481,0
496,W,9383,1,7481,0
500,W,9383,1,7481,0
504,W,9383,1,7481,0
508,W,9383,1,7481,0
512,R,9404,1,9507,0
516,R,9404,1,9507,0
520,R,9404,1,9507,0
524,R,9404,1,9507,0
528,R,9404,1,9507,0
532,R,9404,1,9507,0
536,R,9404,1,9507,0
540,R,9404,1,9507,0
544,R,9404,1,9507,0
548,R,9404,1,9507,0
552,R,9404,1,9507,0
556,R,9404,1,9507,0
560,R,9404,1,9507,0
564,R,9404,1,9507,0
568,R,9404,1,9507,0
572,R,9404,1,9507,0
576,R,9404,1,9507,0
580,R,9404,1,9507,0
584,R,9404,1,9507,0
588,R,9404,1,9507,0
592,R,9404,1,9507,0
596,R,9404,1,9507,0
600,R,9404,1,9507,0
604,R,9404,1,9507,0
608,R,9404,1,9507,0
612,R,9404,1,9507,0
616,R,9404,1,9507,0
620,R,9404,1,9507,0
624,R,9404,1,9507,0
628,R,9404,1,9507,0
632,R,9404,1,9507,0
636,R,9404,1,9507,0
640,R,9404,1,9507,0
644,R,9404,1,9507,0
648,R,9404,1,9507,0
652,R,9404,1,9507,0
656,R,9404,1,9507,0
660,R,9404,1,9507,0
664,R,9404,1,9507,0
668,R,9404,1,9507,0
672,R,9404,1,9507,0
676,R,9404,1,9507,0
680,R,9404,1,9507,0
684,R,9404,1,9507,0
688,R,9404,1,9507,0
692,R,9404,1,9507,0
696,R,9404,1,9507,0
700,R,9404,1,9507,0
704,R,9404,1,9507,0
708,R,9404,1,9507,0
712,R,9404,1,9507,0
716,R,9404,1,9507,0
720,R,9404,1,9507,0
724,R,9404,1,9507,0
728,R,9404,1,9507,0
732,R,9404,1,9507,0
736,R,9404,1,9507,0
740,R,9404,1,9507,0
744,R,9404,1,9507,0
748,R,9404,1,9507,0
752,R,9404,1,9507,0
756,R,9404,1,9507,0
760,R,9404,1,9507,0
764,R,9404,1,9507,0
2048,W,9404,1,9510,0
2052,W,9404,1,9510,0
2056,W,9404,1,9510,0
2060,W,9404,1,9510,0
2064,W,9404,1,9510,0
2068,W,9404,1,9510,0
2072,W,9404,1,9510,0
2076,W,9404,1,9510,0
2080,W,9404,1,9510,0
2084,W,9404,1,9510,0
2088,W,9404,1,9510,0
2092,W,9404,1,9510,0
2096,W,9404,1,9510,0
2100,W,9404,1,9510,0
2104,W,9404,1,9510,0
2108,W,9404,1,9510,0
2112,W,9404,1,9510,0
2116,W,9404,1,9510,0
2120,W,9404,1,9510,0
2124,W,9404,1,9510,0
2128,W,9404,1,9510,0
2132,W,9404,1,9510,0
2136,W,9404,1,9510,0
2140,W,9404,1,9510,0
2144,W,9404,1,9510,0
2148,W,9404,1,9510,0
2152,W,9404,1,9510,0
2156,W,9404,1,9510,0
2160,W,9404,1,9510,0
2164,W,9404,1,9510,0
2168,W,9404,1,9510,0
2172,W,9404,1,9510,0
2176,W,9404,1,9510,0
2180,W,9404,1,9510,0
2184,W,9404,1,9510,0
2188,W,9404,1,9510,0
2192,W,9404,1,9510,0
2196,W,9404,1,9510,0
2200,W,9404,1,9510,0
2204,W,9404,1,9510,0
2208,W,9404,1,9510,0
2212,W,9404,1,9510,0
2216,W,9404,1,9510,0
2220,W,9404,1,9510,0
2224,W,9404,1,9510,0
2228,W,9404,1,9510,0
2232,W,9404,1,9510,0
2236,W,9404,1,9510,0
2240,W,9404,1,9510,0
2244,W,9404,1,9510,0
2248,W,9404,1,9510,0
2252,W,9404,1,9510,0
2256,W,9404,1,9510,0
2260,W,9404,1,9510,0
2264,W,9404,1,9510,0
2268,W,9404,1,9510,0
2272,W,9404,1,9510,0
2276,W,9404,1,9510,0
2280,W,9404,1,9510,0
2284,W,9404,1,9510,0
2288,W,9404,1,9510,0
2292,W,9404,1,9510,0
2296,W,9404,1,9510,0
2300,W,9404,1,9510,0
768,R,9405,1,9512,0
772,R,9405,1,9512,0
776,R,9405,1,9512,0
780,R,9405,1,9512,0
784,R,9405,1,9512,0
788,R,9405,1,9512,0
792,R,9405,1,9512,0
796,R,9405,1,9512,0
800,R,9405,1,9512,0
804,R,9405,1,9512,0
808,R,9405,1,9512,0
812,R,9405,1,9512,0
816,R,9405,1,9512,0
820,R,9405,1,9512,0
824,R,9405,1,9512,0
828,R,9405,1,9512,0
832,R,9405,1,9512,0
836,R,9405,1,9512,0
840,R,9405,1,9512,0
844,R,9405,1,9512,0
848,R,9405,1,9512,0
852,R,9405,1,9512,0
856,R,9405,1,9512,0
860,R,9405,1,9512,0
864,R,9405,1,9512,0
868,R,9405,1,9512,0
872,R,9405,1,9512,0
876,R,9405,1,9512,0
880,R,9405,1,9512,0
884,R,9405,1,9512,0
888,R,9405,1,9512,0
892,R,9405,1,9512,0
896,R,9405,1,9512,0
900,R,9405,1,9512,0
904,R,9405,1,9512,0
908,R,9405,1,9512,0
912,R,9405,1,9512,0
916,R,9405,1,9512,0
920,R,9405,1,9512,0
924,R,9405,1,9512,0
928,R,9405,1,9512,0
932,R,9405,1,9512,0
936,R,9405,1,9512,0
940,R,9405,1,9512,0
944,R,9405,1,9512,0
948,R,9405,1,9512,0
952,R,9405,1,9512,0
956,R,9405,1,9512,0
960,R,9405,1,9512,0
964,R,9405,1,9512,0
968,R,9405,1,9512,0
972,R,9405,1,9512,0
976,R,9405,1,9512,0
980,R,9405,1,9512,0
984,R,9405,1,9512,0
988,R,9405,1,9512,0
992,R,9405,1,9512,0
996,R,9405,1,9512,0
1000,R,9405,1,9512,0
1004,R,9405,1,9512,0
1008,R,9405,1,9512,0
1012,R,9405,1,9512,0
1016,R,9405,1,9512,0
1020,R,9405,1,9512,0
2304,W,9405,1,9515,0
2308,W,9405,1,9515,0
2312,W,9405,1,9515,0
2316,W,9405,1,9515,0
2320,W,9405,1,9515,0
2324,W,9405,1,9515,0
2328,W,9405,1,9515,0
2332,W,9405,1,9515,0
2336,W,9405,1,9515,0
2340,W,9405,1,9515,0
2344,W,9405,1,9515,0
2348,W,9405,1,9515,0
2352,W,9405,1,9515,0
2356,W,9405,1,9515,0
2360,W,9405,1,9515,0
2364,W,9405,1,9515,0
2368,W,9405,1,9515,0
2372,W,9405,1,9515,0
2376,W,9405,1,9515,0
2380,W,9405,1,9515,0
2384,W,9405,1,9515,0
2388,W,9405,1,9515,0
2392,W,9405,1,9515,0
2396,W,9405,1,9515,0
2400,W,9405,1,9515,0
2404,W,9405,1,9515,0
2408,W,9405,1,9515,0
2412,W,9405,1,9515,0
2416,W,9405,1,9515,0
2420,W,9405,1,9515,0
2424,W,9405,1,9515,0
2428,W,9405,1,9515,0
2432,W,9405,1,9515,0
2436,W,9405,1,9515,0
2440,W,9405,1,9515,0
2444,W,9405,1,9515,0
2448,W,9405,1,9515,0
2452,W,9405,1,9515,0
2456,W,9405,1,9515,0
2460,W,9405,1,9515,0
2464,W,9405,1,9515,0
2468,W,9405,1,9515,0
2472,W,9405,1,9515,0
2476,W,9405,1,9515,0
2480,W,9405,1,9515,0
2484,W,9405,1,9515,0
2488,W,9405,1,9515,0
2492,W,9405,1,9515,0
2496,W,9405,1,9515,0
2500,W,9405,1,9515,0
2504,W,9405,1,9515,0
2508,W,9405,1,9515,0
2512,W,9405,1,9515,0
2516,W,9405,1,9515,0
2520,W,9405,1,9515,0
2524,W,9405,1,9515,0
2528,W,9405,1,9515,0
2532,W,9405,1,9515,0
2536,W,9405,1,9515,0
2540,W,9405,1,9515,0
2544,W,9405,1,9515,0
2548,W,9405,1,9515,0
2552,W,9405,1,9515,0
2556,W,9405,1,9515,0
2048,R,9412,1,9526,0
2052,R,9412,1,9526,0
2056,R,9412,1,9526,0
2060,R,9412,1,9526,0
2064,R,9412,1,9526,0
2068,R,9412,1,9526,0
2072,R,9412,1,9526,0
2076,R,9412,1,9526,0
2080,R,9412,1,9526,0
2084,R,9412,1,9526,0
2088,R,9412,1,9526,0
2092,R,9412,1,9526,0
2096,R,9412,1,9526,0
2100,R,9412,1,9526,0
2104,R,9412,1,9526,0
2108,R,9412,1,9526,0
2112,R,9412,1,9526,0
2116,R,9412,1,9526,0
2120,R,9412,1,9526,0
2124,R,9412,1,9526,0
2128,R,9412,1,9526,0
2132,R,9412,1,9526,0
2136,R,9412,1,9526,0
2140,R,9412,1,9526,0
2144,R,9412,1,9526,0
2148,R,9412,1,9526,0
2152,R,9412,1,9526,0
2156,R,9412,1,9526,0
2160,R,9412,1,9526,0
2164,R,9412,1,9526,0
2168,R,9412,1,9526,0
2172,R,9412,1,9526,0
2176,R,9412,1,9526,0
2180,R,9412,1,9526,0
2184,R,9412,1,9526,0
2188,R,9412,1,9526,0
2192,R,9412,1,9526,0
2196,R,9412,1,9526,0
2200,R,9412,1,9526,0
2204,R,9412,1,9526,0
2208,R,9412,1,9526,0
2212,R,9412,1,9526,0
2216,R,9412,1,9526,0
2220,R,9412,1,9526,0
2224,R,9412,1,9526,0
2228,R,9412,1,9526,0
2232,R,9412,1,9526,0
2236,R,9412,1,9526,0
2240,R,9412,1,9526,0
2244,R,9412,1,9526,0
2248,R,9412,1,9526,0
2252,R,9412,1,9526,0
2256,R,9412,1,9526,0
2260,R,9412,1,9526,0
2264,R,9412,1,9526,0
2268,R,9412,1,9526,0
2272,R,9412,1,9526,0
2276,R,9412,1,9526,0
2280,R,9412,1,9526,0
2284,R,9412,1,9526,0
2288,R,9412,1,9526,0
2292,R,9412,1,9526,0
2296,R,9412,1,9526,0
2300,R,9412,1,9526,0
2048,W,9412,1,9530,0
2052,W,9412,1,9530,0
2056,W,9412,1,9530,0
2060,W,9412,1,9530,0
2064,W,9412,1,9530,0
2068,W,9412,1,9530,0
2072,W,9412,1,9530,0
2076,W,9412,1,9530,0
2080,W,9412,1,9530,0
2084,W,9412,1,9530,0
2088,W,9412,1,9530,0
2092,W,9412,1,9530,0
2096,W,9412,1,9530,0
2100,W,9412,1,9530,0
2104,W,9412,1,9530,0
2108,W,9412,1,9530,0
2112,W,9412,1,9530,0
2116,W,9412,1,9530,0
2120,W,9412,1,9530,0
2124,W,9412,1,9530,0
2128,W,9412,1,9530,0
2132,W,9412,1,9530,0
2136,W,9412,1,9530,0
2140,W,9412,1,9530,0
2144,W,9412,1,9530,0
2148,W,9412,1,9530,0
2152,W,9412,1,9530,0
2156,W,9412,1,9530,0
2160,W,9412,1,9530,0
2164,W,9412,1,9530,0
2168,W,9412,1,9530,0
2172,W,9412,1,9530,0
2176,W,9412,1,9530,0
2180,W,9412,1,9530,0
2184,W,9412,1,9530,0
2188,W,9412,1,9530,0
2192,W,9412,1,9530,0
2196,W,9412,1,9530,0
2200,W,9412,1,9530,0
2204,W,9412,1,9530,0
2208,W,9412,1,9530,0
2212,W,9412,1,9530,0
2216,W,9412,1,9530,0
2220,W,9412,1,9530,0
2224,W,9412,1,9530,0
2228,W,9412,1,9530,0
2232,W,9412,1,9530,0
2236,W,9412,1,9530,0
2240,W,9412,1,9530,0
2244,W,9412,1,9530,0
2248,W,9412,1,9530,0
2252,W,9412,1,9530,0
2256,W,9412,1,9530,0
2260,W,9412,1,9530,0
2264,W,9412,1,9530,0
2268,W,9412,1,9530,0
2272,W,9412,1,9530,0
2276,W,9412,1,9530,0
2280,W,9412,1,9530,0
2284,W,9412,1,9530,0
2288,W,9412,1,9530,0
2292,W,9412,1,9530,0
2296,W,9412,1,9530,0
2300,W,9412,1,9530,0
2304,R,9413,1,9532,0
2308,R,9413,1,9532,0
2312,R,9413,1,9532,0
2316,R,9413,1,9532,0
2320,R,9413,1,9532,0
2324,R,9413,1,9532,0
2328,R,9413,1,9532,0
2332,R,9413,1,9532,0
2336,R,9413,1,9532,0
2340,R,9413,1,9532,0
2344,R,9413,1,9532,0
2348,R,9413,1,9532,0
2352,R,9413,1,9532,0
2356,R,9413,1,9532,0
2360,R,9413,1,9532,0
2364,R,9413,1,9532,0
2368,R,9413,1,9532,0
2372,R,9413,1,9532,0
2376,R,9413,1,9532,0
2380,R,9413,1,9532,0
2384,R,9413,1,9532,0
2388,R,9413,1,9532,0
2392,R,9413,1,9532,0
2396,R,9413,1,9532,0
2400,R,9413,1,9532,0
2404,R,9413,1,9532,0
2408,R,9413,1,9532,0
2412,R,9413,1,9532,0
2416,R,9413,1,9532,0
2420,R,9413,1,9532,0
2424,R,9413,1,9532,0
2428,R,9413,1,9532,0
2432,R,9413,1,9532,0
2436,R,9413,1,9532,0
2440,R,9413,1,9532,0
2444,R,9413,1,9532,0
2448,R,9413,1,9532,0
2452,R,9413,1,9532,0
2456,R,9413,1,9532,0
2460,R,9413,1,9532,0
2464,R,9413,1,9532,0
2468,R,9413,1,9532,0
2472,R,9413,1,9532,0
2476,R,9413,1,9532,0
2480,R,9413,1,9532,0
2484,R,9413,1,9532,0
2488,R,9413,1,9532,0
2492,R,9413,1,9532,0
2496,R,9413,1,9532,0
2500,R,9413,1,9532,0
2504,R,9413,1,9532,0
2508,R,9413,1,9532,0
2512,R,9413,1,9532,0
2516,R,9413,1,9532,0
2520,R,9413,1,9532,0
2524,R,9413,1,9532,0
2528,R,9413,1,9532,0
2532,R,9413,1,9532,0
2536,R,9413,1,9532,0
2540,R,9413,1,9532,0
2544,R,9413,1,9532,0
2548,R,9413,1,9532,0
2552,R,9413,1,9532,0
2556,R,9413,1,9532,0
2304,W,9413,1,9536,0
2308,W,9413,1,9536,0
2312,W,9413,1,9536,0
2316,W,9413,1,9536,0
2320,W,9413,1,9536,0
2324,W,9413,1,9536,0
2328,W,9413,1,9536,0
2332,W,9413,1,9536,0
2336,W,9413,1,9536,0
2340,W,9413,1,9536,0
2344,W,9413,1,9536,0
2348,W,9413,1,9536,0
2352,W,9413,1,9536,0
2356,W,9413,1,9536,0
2360,W,9413,1,9536,0
2364,W,9413,1,9536,0
2368,W,9413,1,9536,0
2372,W,9413,1,9536,0
2376,W,9413,1,9536,0
2380,W,9413,1,9536,0
2384,W,9413,1,9536,0
2388,W,9413,1,9536,0
2392,W,9413,1,9536,0
2396,W,9413,1,9536,0
2400,W,9413,1,9536,0
2404,W,9413,1,9536,0
2408,W,9413,1,9536,0
2412,W,9413,1,9536,0
2416,W,9413,1,9536,0
2420,W,9413,1,9536,0
2424,W,9413,1,9536,0
2428,W,9413,1,9536,0
2432,W,9413,1,9536,0
2436,W,9413,1,9536,0
2440,W,9413,1,9536,0
2444,W,9413,1,9536,0
2448,W,9413,1,9536,0
2452,W,9413,1,9536,0
2456,W,9413,1,9536,0
2460,W,9413,1,9536,0
2464,W,9413,1,9536,0
2468,W,9413,1,9536,0
2472,W,9413,1,9536,0
2476,W,9413,1,9536,0
2480,W,9413,1,9536,0
2484,W,9413,1,9536,0
2488,W,9413,1,9536,0
2492,W,9413,1,9536,0
2496,W,9413,1,9536,0
2500,W,9413,1,9536,0
2504,W,9413,1,9536,0
2508,W,9413,1,9536,0
2512,W,9413,1,9536,0
2516,W,9413,1,9536,0
2520,W,9413,1,9536,0
2524,W,9413,1,9536,0
2528,W,9413,1,9536,0
2532,W,9413,1,9536,0
2536,W,9413,1,9536,0
2540,W,9413,1,9536,0
2544,W,9413,1,9536,0
2548,W,9413,1,9536,0
2552,W,9413,1,9536,0
2556,W,9413,1,9536,0
2048,R,9420,1,9547,0
2052,R,9420,1,9547,0
2056,R,9420,1,9547,0
2060,R,9420,1,9547,0
2064,R,9420,1,9547,0
2068,R,9420,1,9547,0
2072,R,9420,1,9547,0
2076,R,9420,1,9547,0
2080,R,9420,1,9547,0
2084,R,9420,1,9547,0
2088,R,9420,1,9547,0
2092,R,9420,1,9547,0
2096,R,9420,1,9547,0
2100,R,9420,1,9547,0
2104,R,9420,1,9547,0
2108,R,9420,1,9547,0
2112,R,9420,1,9547,0
2116,R,9420,1,9547,0
2120,R,9420,1,9547,0
2124,R,9420,1,9547,0
2128,R,9420,1,9547,0
2132,R,9420,1,9547,0
2136,R,9420,1,9547,0
2140,R,9420,1,9547,0
2144,R,9420,1,9547,0
2148,R,9420,1,9547,0
2152,R,9420,1,9547,0
2156,R,9420,1,9547,0
2160,R,9420,1,9547,0
2164,R,9420,1,9547,0
2168,R,9420,1,9547,0
2172,R,9420,1,9547,0
2176,R,9420,1,9547,0
2180,R,9420,1,9547,0
2184,R,9420,1,9547,0
2188,R,9420,1,9547,0
2192,R,9420,1,9547,0
2196,R,9420,1,9547,0
2200,R,9420,1,9547,0
2204,R,9420,1,9547,0
2208,R,9420,1,9547,0
2212,R,9420,1,9547,0
2216,R,9420,1,9547,0
2220,R,9420,1,9547,0
2224,R,9420,1,9547,0
2228,R,9420,1,9547,0
2232,R,9420,1,9547,0
2236,R,9420,1,9547,0
2240,R,9420,1,9547,0
2244,R,9420,1,9547,0
2248,R,9420,1,9547,0
2252,R,9420,1,9547,0
2256,R,9420,1,9547,0
2260,R,9420,1,9547,0
2264,R,9420,1,9547,0
2268,R,9420,1,9547,0
2272,R,9420,1,9547,0
2276,R,9420,1,9547,0
2280,R,9420,1,9547,0
2284,R,9420,1,9547,0
2288,R,9420,1,9547,0
2292,R,9420,1,9547,0
2296,R,9420,1,9547,0
2300,R,9420,1,9547,0
512,R,9420,1,9548,0
516,R,9420,1,9548,0
520,R,9420,1,9548,0
524,R,9420,1,9548,0
528,R,9420,1,9548,0
532,R,9420,1,9548,0
536,R,9420,1,9548,0
540,R,9420,1,9548,0
544,R,9420,1,9548,0
548,R,9420,1,9548,0
552,R,9420,1,9548,0
556,R,9420,1,9548,0
560,R,9420,1,9548,0
564,R,9420,1,9548,0
568,R,9420,1,9548,0
572,R,9420,1,9548,0
576,R,9420,1,9548,0
580,R,9420,1,9548,0
584,R,9420,1,9548,0
588,R,9420,1,9548,0
592,R,9420,1,9548,0
596,R,9420,1,9548,0
600,R,9420,1,9548,0
604,R,9420,1,9548,0
608,R,9420,1,9548,0
612,R,9420,1,9548,0
616,R,9420,1,9548,0
620,R,9420,1,9548,0
624,R,9420,1,9548,0
628,R,9420,1,9548,0
632,R,9420,1,9548,0
636,R,9420,1,9548,0
640,R,9420,1,9548,0
644,R,9420,1,9548,0
648,R,9420,1,9548,0
652,R,9420,1,9548,0
656,R,9420,1,9548,0
660,R,9420,1,9548,0
664,R,9420,1,9548,0
668,R,9420,1,9548,0
672,R,9420,1,9548,0
676,R,9420,1,9548,0
680,R,9420,1,9548,0
684,R,9420,1,9548,0
688,R,9420,1,9548,0
692,R,9420,1,9548,0
696,R,9420,1,9548,0
700,R,9420,1,9548,0
704,R,9420,1,9548,0
708,R,9420,1,9548,0
712,R,9420,1,9548,0
716,R,9420,1,9548,0
720,R,9420,1,9548,0
724,R,9420,1,9548,0
728,R,9420,1,9548,0
732,R,9420,1,9548,0
736,R,9420,1,9548,0
740,R,9420,1,9548,0
744,R,9420,1,9548,0
748,R,9420,1,9548,0
752,R,9420,1,9548,0
756,R,9420,1,9548,0
760,R,9420,1,9548,0
764,R,9420,1,9548,0
2048,W,9420,1,9551,0
2052,W,9420,1,9551,0
2056,W,9420,1,9551,0
2060,W,9420,1,9551,0
2064,W,9420,1,9551,0
2068,W,9420,1,9551,0
2072,W,9420,1,9551,0
2076,W,9420,1,9551,0
2080,W,9420,1,9551,0
2084,W,9420,1,9551,0
2088,W,9420,1,9551,0
2092,W,9420,1,9551,0
2096,W,9420,1,9551,0
2100,W,9420,1,9551,0
2104,W,9420,1,9551,0
2108,W,9420,1,9551,0
2112,W,9420,1,9551,0
2116,W,9420,1,9551,0
2120,W,9420,1,9551,0
2124,W,9420,1,9551,0
2128,W,9420,1,9551,0
2132,W,9420,1,9551,0
2136,W,9420,1,9551,0
2140,W,9420,1,9551,0
2144,W,9420,1,9551,0
2148,W,9420,1,9551,0
2152,W,9420,1,9551,0
2156,W,9420,1,9551,0
2160,W,9420,1,9551,0
2164,W,9420,1,9551,0
2168,W,9420,1,9551,0
2172,W,9420,1,9551,0
2176,W,9420,1,9551,0
2180,W,9420,1,9551,0
2184,W,9420,1,9551,0
2188,W,9420,1,9551,0
2192,W,9420,1,9551,0
2196,W,9420,1,9551,0
2200,W,9420,1,9551,0
2204,W,9420,1,9551,0
2208,W,9420,1,9551,0
2212,W,9420,1,9551,0
2216,W,9420,1,9551,0
2220,W,9420,1,9551,0
2224,W,9420,1,9551,0
2228,W,9420,1,9551,0
2232,W,9420,1,9551,0
2236,W,9420,1,9551,0
2240,W,9420,1,9551,0
2244,W,9420,1,9551,0
2248,W,9420,1,9551,0
2252,W,9420,1,9551,0
2256,W,9420,1,9551,0
2260,W,9420,1,9551,0
2264,W,9420,1,9551,0
2268,W,9420,1,9551,0
2272,W,9420,1,9551,0
2276,W,9420,1,9551,0
2280,W,9420,1,9551,0
2284,W,9420,1,9551,0
2288,W,9420,1,9551,0
2292,W,9420,1,9551,0
2296,W,9420,1,9551,0
2300,W,9420,1,9551,0
2304,R,9421,1,9553,0
2308,R,9421,1,9553,0
2312,R,9421,1,9553,0
2316,R,9421,1,9553,0
2320,R,9421,1,9553,0
2324,R,9421,1,9553,0
2328,R,9421,1,9553,0
2332,R,9421,1,9553,0
2336,R,9421,1,9553,0
2340,R,9421,1,9553,0
2344,R,9421,1,9553,0
2348,R,9421,1,9553,0
2352,R,9421,1,9553,0
2356,R,9421,1,9553,0
2360,R,9421,1,9553,0
2364,R,9421,1,9553,0
2368,R,9421,1,9553,0
2372,R,9421,1,9553,0
2376,R,9421,1,9553,0
2380,R,9421,1,9553,0
2384,R,9421,1,9553,0
2388,R,9421,1,9553,0
2392,R,9421,1,9553,0
2396,R,9421,1,9553,0
2400,R,9421,1,9553,0
2404,R,9421,1,9553,0
2408,R,9421,1,9553,0
2412,R,9421,1,9553,0
2416,R,9421,1,9553,0
2420,R,9421,1,9553,0
2424,R,9421,1,9553,0
2428,R,9421,1,9553,0
2432,R,9421,1,9553,0
2436,R,9421,1,9553,0
2440,R,9421,1,9553,0
2444,R,9421,1,9553,0
2448,R,9421,1,9553,0
2452,R,9421,1,9553,0
2456,R,9421,1,9553,0
2460,R,9421,1,9553,0
2464,R,9421,1,9553,0
2468,R,9421,1,9553,0
2472,R,9421,1,9553,0
2476,R,9421,1,9553,0
2480,R,9421,1,9553,0
2484,R,9421,1,9553,0
2488,R,9421,1,9553,0
2492,R,9421,1,9553,0
2496,R,9421,1,9553,0
2500,R,9421,1,9553,0
2504,R,9421,1,9553,0
2508,R,9421,1,9553,0
2512,R,9421,1,9553,0
2516,R,9421,1,9553,0
2520,R,9421,1,9553,0
2524,R,9421,1,9553,0
2528,R,9421,1,9553,0
2532,R,9421,1,9553,0
2536,R,9421,1,9553,0
2540,R,9421,1,9553,0
2544,R,9421,1,9553,0
2548,R,9421,1,9553,0
2552,R,9421,1,9553,0
2556,R,9421,1,9553,0
768,R,9421,1,9554,0
772,R,9421,1,9554,0
776,R,9421,1,9554,0
780,R,9421,1,9554,0
784,R,9421,1,9554,0
788,R,9421,1,9554,0
792,R,9421,1,9554,0
796,R,9421,1,9554,0
800,R,9421,1,9554,0
804,R,9421,1,9554,0
808,R,9421,1,9554,0
812,R,9421,1,9554,0
816,R,9421,1,9554,0
820,R,9421,1,9554,0
824,R,9421,1,9554,0
828,R,9421,1,9554,0
832,R,9421,1,9554,0
836,R,9421,1,9554,0
840,R,9421,1,9554,0
844,R,9421,1,9554,0
848,R,9421,1,9554,0
852,R,9421,1,9554,0
856,R,9421,1,9554,0
860,R,9421,1,9554,0
864,R,9421,1,9554,0
868,R,9421,1,9554,0
872,R,9421,1,9554,0
876,R,9421,1,9554,0
880,R,9421,1,9554,0
884,R,9421,1,9554,0
888,R,9421,1,9554,0
892,R,9421,1,9554,0
896,R,9421,1,9554,0
900,R,9421,1,9554,0
904,R,9421,1,9554,0
908,R,9421,1,9554,0
912,R,9421,1,9554,0
916,R,9421,1,9554,0
920,R,9421,1,9554,0
924,R,9421,1,9554,0
928,R,9421,1,9554,0
932,R,9421,1,9554,0
936,R,9421,1,9554,0
940,R,9421,1,9554,0
944,R,9421,1,9554,0
948,R,9421,1,9554,0
952,R,9421,1,9554,0
956,R,9421,1,9554,0
960,R,9421,1,9554,0
964,R,9421,1,9554,0
968,R,9421,1,9554,0
972,R,9421,1,9554,0
976,R,9421,1,9554,0
980,R,9421,1,9554,0
984,R,9421,1,9554,0
988,R,9421,1,9554,0
992,R,9421,1,9554,0
996,R,9421,1,9554,0
1000,R,9421,1,9554,0
1004,R,9421,1,9554,0
1008,R,9421,1,9554,0
1012,R,9421,1,9554,0
1016,R,9421,1,9554,0
1020,R,9421,1,9554,0
2304,W,9421,1,9557,0
2308,W,9421,1,9557,0
2312,W,9421,1,9557,0
2316,W,9421,1,9557,0
2320,W,9421,1,9557,0
2324,W,9421,1,9557,0
2328,W,9421,1,9557,0
2332,W,9421,1,9557,0
2336,W,9421,1,9557,0
2340,W,9421,1,9557,0
2344,W,9421,1,9557,0
2348,W,9421,1,9557,0
2352,W,9421,1,9557,0
2356,W,9421,1,9557,0
2360,W,9421,1,9557,0
2364,W,9421,1,9557,0
2368,W,9421,1,9557,0
2372,W,9421,1,9557,0
2376,W,9421,1,9557,0
2380,W,9421,1,9557,0
2384,W,9421,1,9557,0
2388,W,9421,1,9557,0
2392,W,9421,1,9557,0
2396,W,9421,1,9557,0
2400,W,9421,1,9557,0
2404,W,9421,1,9557,0
2408,W,9421,1,9557,0
2412,W,9421,1,9557,0
2416,W,9421,1,9557,0
2420,W,9421,1,9557,0
2424,W,9421,1,9557,0
2428,W,9421,1,9557,0
2432,W,9421,1,9557,0
2436,W,9421,1,9557,0
2440,W,9421,1,9557,0
2444,W,9421,1,9557,0
2448,W,9421,1,9557,0
2452,W,9421,1,9557,0
2456,W,9421,1,9557,0
2460,W,9421,1,9557,0
2464,W,9421,1,9557,0
2468,W,9421,1,9557,0
2472,W,9421,1,9557,0
2476,W,9421,1,9557,0
2480,W,9421,1,9557,0
2484,W,9421,1,9557,0
2488,W,9421,1,9557,0
2492,W,9421,1,9557,0
2496,W,9421,1,9557,0
2500,W,9421,1,9557,0
2504,W,9421,1,9557,0
2508,W,9421,1,9557,0
2512,W,9421,1,9557,0
2516,W,9421,1,9557,0
2520,W,9421,1,9557,0
2524,W,9421,1,9557,0
2528,W,9421,1,9557,0
2532,W,9421,1,9557,0
2536,W,9421,1,9557,0
2540,W,9421,1,9557,0
2544,W,9421,1,9557,0
2548,W,9421,1,9557,0
2552,W,9421,1,9557,0
2556,W,9421,1,9557,0
2048,R,9428,1,9568,0
2052,R,9428,1,9568,0
2056,R,9428,1,9568,0
2060,R,9428,1,9568,0
2064,R,9428,1,9568,0
2068,R,9428,1,9568,0
2072,R,9428,1,9568,0
2076,R,9428,1,9568,0
2080,R,9428,1,9568,0
2084,R,9428,1,9568,0
2088,R,9428,1,9568,0
2092,R,9428,1,9568,0
2096,R,9428,1,9568,0
2100,R,9428,1,9568,0
2104,R,9428,1,9568,0
2108,R,9428,1,9568,0
2112,R,9428,1,9568,0
2116,R,9428,1,9568,0
2120,R,9428,1,9568,0
2124,R,9428,1,9568,0
2128,R,9428,1,9568,0
2132,R,9428,1,9568,0
2136,R,9428,1,9568,0
2140,R,9428,1,9568,0
2144,R,9428,1,9568,0
2148,R,9428,1,9568,0
2152,R,9428,1,9568,0
2156,R,9428,1,9568,0
2160,R,9428,1,9568,0
2164,R,9428,1,9568,0
2168,R,9428,1,9568,0
2172,R,9428,1,9568,0
2176,R,9428,1,9568,0
2180,R,9428,1,9568,0
2184,R,9428,1,9568,0
2188,R,9428,1,9568,0
2192,R,9428,1,9568,0
2196,R,9428,1,9568,0
2200,R,9428,1,9568,0
2204,R,9428,1,9568,0
2208,R,9428,1,9568,0
2212,R,9428,1,9568,0
2216,R,9428,1,9568,0
2220,R,9428,1,9568,0
2224,R,9428,1,9568,0
2228,R,9428,1,9568,0
2232,R,9428,1,9568,0
2236,R,9428,1,9568,0
2240,R,9428,1,9568,0
2244,R,9428,1,9568,0
2248,R,9428,1,9568,0
2252,R,9428,1,9568,0
2256,R,9428,1,9568,0
2260,R,9428,1,9568,0
2264,R,9428,1,9568,0
2268,R,9428,1,9568,0
2272,R,9428,1,9568,0
2276,R,9428,1,9568,0
2280,R,9428,1,9568,0
2284,R,9428,1,9568,0
2288,R,9428,1,9568,0
2292,R,9428,1,9568,0
2296,R,9428,1,9568,0
2300,R,9428,1,9568,0
2048,W,9428,1,9572,0
2052,W,9428,1,9572,0
2056,W,9428,1,9572,0
2060,W,9428,1,9572,0
2064,W,9428,1,9572,0
2068,W,9428,1,9572,0
2072,W,9428,1,9572,0
2076,W,9428,1,9572,0
2080,W,9428,1,9572,0
2084,W,9428,1,9572,0
2088,W,9428,1,9572,0
2092,W,9428,1,9572,0
2096,W,9428,1,9572,0
2100,W,9428,1,9572,0
2104,W,9428,1,9572,0
2108,W,9428,1,9572,0
2112,W,9428,1,9572,0
2116,W,9428,1,9572,0
2120,W,9428,1,9572,0
2124,W,9428,1,9572,0
2128,W,9428,1,9572,0
2132,W,9428,1,9572,0
2136,W,9428,1,9572,0
2140,W,9428,1,9572,0
2144,W,9428,1,9572,0
2148,W,9428,1,9572,0
2152,W,9428,1,9572,0
2156,W,9428,1,9572,0
2160,W,9428,1,9572,0
2164,W,9428,1,9572,0
2168,W,9428,1,9572,0
2172,W,9428,1,9572,0
2176,W,9428,1,9572,0
2180,W,9428,1,9572,0
2184,W,9428,1,9572,0
2188,W,9428,1,9572,0
2192,W,9428,1,9572,0
2196,W,9428,1,9572,0
2200,W,9428,1,9572,0
2204,W,9428,1,9572,0
2208,W,9428,1,9572,0
2212,W,9428,1,9572,0
2216,W,9428,1,9572,0
2220,W,9428,1,9572,0
2224,W,9428,1,9572,0
2228,W,9428,1,9572,0
2232,W,9428,1,9572,0
2236,W,9428,1,9572,0
2240,W,9428,1,9572,0
2244,W,9428,1,9572,0
2248,W,9428,1,9572,0
2252,W,9428,1,9572,0
2256,W,9428,1,9572,0
2260,W,9428,1,9572,0
2264,W,9428,1,9572,0
2268,W,9428,1,9572,0
2272,W,9428,1,9572,0
2276,W,9428,1,9572,0
2280,W,9428,1,9572,0
2284,W,9428,1,9572,0
2288,W,9428,1,9572,0
2292,W,9428,1,9572,0
2296,W,9428,1,9572,0
2300,W,9428,1,9572,0
2304,R,9429,1,9574,0
2308,R,9429,1,9574,0
2312,R,9429,1,9574,0
2316,R,9429,1,9574,0
2320,R,9429,1,9574,0
2324,R,9429,1,9574,0
2328,R,9429,1,9574,0
2332,R,9429,1,9574,0
2336,R,9429,1,9574,0
2340,R,9429,1,9574,0
2344,R,9429,1,9574,0
2348,R,9429,1,9574,0
2352,R,9429,1,9574,0
2356,R,9429,1,9574,0
2360,R,9429,1,9574,0
2364,R,9429,1,9574,0
2368,R,9429,1,9574,0
2372,R,9429,1,9574,0
2376,R,9429,1,9574,0
2380,R,9429,1,9574,0
2384,R,9429,1,9574,0
2388,R,9429,1,9574,0
2392,R,9429,1,9574,0
2396,R,9429,1,9574,0
2400,R,9429,1,9574,0
2404,R,9429,1,9574,0
2408,R,9429,1,9574,0
2412,R,9429,1,9574,0
2416,R,9429,1,9574,0
2420,R,9429,1,9574,0
2424,R,9429,1,9574,0
2428,R,9429,1,9574,0
2432,R,9429,1,9574,0
2436,R,9429,1,9574,0
2440,R,9429,1,9574,0
2444,R,9429,1,9574,0
2448,R,9429,1,9574,0
2452,R,9429,1,9574,0
2456,R,9429,1,9574,0
2460,R,9429,1,9574,0
2464,R,9429,1,9574,0
2468,R,9429,1,9574,0
2472,R,9429,1,9574,0
2476,R,9429,1,9574,0
2480,R,9429,1,9574,0
2484,R,9429,1,9574,0
2488,R,9429,1,9574,0
2492,R,9429,1,9574,0
2496,R,9429,1,9574,0
2500,R,9429,1,9574,0
2504,R,9429,1,9574,0
2508,R,9429,1,9574,0
2512,R,9429,1,9574,0
2516,R,9429,1,9574,0
2520,R,9429,1,9574,0
2524,R,9429,1,9574,0
2528,R,9429,1,9574,0
2532,R,9429,1,9574,0
2536,R,9429,1,9574,0
2540,R,9429,1,9574,0
2544,R,9429,1,9574,0
2548,R,9429,1,9574,0
2552,R,9429,1,9574,0
2556,R,9429,1,9574,0
2304,W,9429,1,9578,0
2308,W,9429,1,9578,0
2312,W,9429,1,9578,0
2316,W,9429,1,9578,0
2320,W,9429,1,9578,0
2324,W,9429,1,9578,0
2328,W,9429,1,9578,0
2332,W,9429,1,9578,0
2336,W,9429,1,9578,0
2340,W,9429,1,9578,0
2344,W,9429,1,9578,0
2348,W,9429,1,9578,0
2352,W,9429,1,9578,0
2356,W,9429,1,9578,0
2360,W,9429,1,9578,0
2364,W,9429,1,9578,0
2368,W,9429,1,9578,0
2372,W,9429,1,9578,0
2376,W,9429,1,9578,0
2380,W,9429,1,9578,0
2384,W,9429,1,9578,0
2388,W,9429,1,9578,0
2392,W,9429,1,9578,0
2396,W,9429,1,9578,0
2400,W,9429,1,9578,0
2404,W,9429,1,9578,0
2408,W,9429,1,9578,0
2412,W,9429,1,9578,0
2416,W,9429,1,9578,0
2420,W,9429,1,9578,0
2424,W,9429,1,9578,0
2428,W,9429,1,9578,0
2432,W,9429,1,9578,0
2436,W,9429,1,9578,0
2440,W,9429,1,9578,0
2444,W,9429,1,9578,0
2448,W,9429,1,9578,0
2452,W,9429,1,9578,0
2456,W,9429,1,9578,0
2460,W,9429,1,9578,0
2464,W,9429,1,9578,0
2468,W,9429,1,9578,0
2472,W,9429,1,9578,0
2476,W,9429,1,9578,0
2480,W,9429,1,9578,0
2484,W,9429,1,9578,0
2488,W,9429,1,9578,0
2492,W,9429,1,9578,0
2496,W,9429,1,9578,0
2500,W,9429,1,9578,0
2504,W,9429,1,9578,0
2508,W,9429,1,9578,0
2512,W,9429,1,9578,0
2516,W,9429,1,9578,0
2520,W,9429,1,9578,0
2524,W,9429,1,9578,0
2528,W,9429,1,9578,0
2532,W,9429,1,9578,0
2536,W,9429,1,9578,0
2540,W,9429,1,9578,0
2544,W,9429,1,9578,0
2548,W,9429,1,9578,0
2552,W,9429,1,9578,0
2556,W,9429,1,9578,0
512,R,9436,1,9589,0
516,R,9436,1,9589,0
520,R,9436,1,9589,0
524,R,9436,1,9589,0
528,R,9436,1,9589,0
532,R,9436,1,9589,0
536,R,9436,1,9589,0
540,R,9436,1,9589,0
544,R,9436,1,9589,0
548,R,9436,1,9589,0
552,R,9436,1,9589,0
556,R,9436,1,9589,0
560,R,9436,1,9589,0
564,R,9436,1,9589,0
568,R,9436,1,9589,0
572,R,9436,1,9589,0
576,R,9436,1,9589,0
580,R,9436,1,9589,0
584,R,9436,1,9589,0
588,R,9436,1,9589,0
592,R,9436,1,9589,0
596,R,9436,1,9589,0
600,R,9436,1,9589,0
604,R,9436,1,9589,0
608,R,9436,1,9589,0
612,R,9436,1,9589,0
616,R,9436,1,9589,0
620,R,9436,1,9589,0
624,R,9436,1,9589,0
628,R,9436,1,9589,0
632,R,9436,1,9589,0
636,R,9436,1,9589,0
640,R,9436,1,9589,0
644,R,9436,1,9589,0
648,R,9436,1,9589,0
652,R,9436,1,9589,0
656,R,9436,1,9589,0
660,R,9436,1,9589,0
664,R,9436,1,9589,0
668,R,9436,1,9589,0
672,R,9436,1,9589,0
676,R,9436,1,9589,0
680,R,9436,1,9589,0
684,R,9436,1,9589,0
688,R,9436,1,9589,0
692,R,9436,1,9589,0
696,R,9436,1,9589,0
700,R,9436,1,9589,0
704,R,9436,1,9589,0
708,R,9436,1,9589,0
712,R,9436,1,9589,0
716,R,9436,1,9589,0
720,R,9436,1,9589,0
724,R,9436,1,9589,0
728,R,9436,1,9589,0
732,R,9436,1,9589,0
736,R,9436,1,9589,0
740,R,9436,1,9589,0
744,R,9436,1,9589,0
748,R,9436,1,9589,0
752,R,9436,1,9589,0
756,R,9436,1,9589,0
760,R,9436,1,9589,0
764,R,9436,1,9589,0
2048,R,9436,1,9590,0
2052,R,9436,1,9590,0
2056,R,9436,1,9590,0
2060,R,9436,1,9590,0
2064,R,9436,1,9590,0
2068,R,9436,1,9590,0
2072,R,9436,1,9590,0
2076,R,9436,1,9590,0
2080,R,9436,1,9590,0
2084,R,9436,1,9590,0
2088,R,9436,1,9590,0
2092,R,9436,1,9590,0
2096,R,9436,1,9590,0
2100,R,9436,1,9590,0
2104,R,9436,1,9590,0
2108,R,9436,1,9590,0
2112,R,9436,1,9590,0
2116,R,9436,1,9590,0
2120,R,9436,1,9590,0
2124,R,9436,1,9590,0
2128,R,9436,1,9590,0
2132,R,9436,1,9590,0
2136,R,9436,1,9590,0
2140,R,9436,1,9590,0
2144,R,9436,1,9590,0
2148,R,9436,1,9590,0
2152,R,9436,1,9590,0
2156,R,9436,1,9590,0
2160,R,9436,1,9590,0
2164,R,9436,1,9590,0
2168,R,9436,1,9590,0
2172,R,9436,1,9590,0
2176,R,9436,1,9590,0
2180,R,9436,1,9590,0
2184,R,9436,1,9590,0
2188,R,9436,1,9590,0
2192,R,9436,1,9590,0
2196,R,9436,1,9590,0
2200,R,9436,1,9590,0
2204,R,9436,1,9590,0
2208,R,9436,1,9590,0
2212,R,9436,1,9590,0
2216,R,9436,1,9590,0
2220,R,9436,1,9590,0
2224,R,9436,1,9590,0
2228,R,9436,1,9590,0
2232,R,9436,1,9590,0
2236,R,9436,1,9590,0
2240,R,9436,1,9590,0
2244,R,9436,1,9590,0
2248,R,9436,1,9590,0
2252,R,9436,1,9590,0
2256,R,9436,1,9590,0
2260,R,9436,1,9590,0
2264,R,9436,1,9590,0
2268,R,9436,1,9590,0
2272,R,9436,1,9590,0
2276,R,9436,1,9590,0
2280,R,9436,1,9590,0
2284,R,9436,1,9590,0
2288,R,9436,1,9590,0
2292,R,9436,1,9590,0
2296,R,9436,1,9590,0
2300,R,9436,1,9590,0
2048,W,9436,1,9593,0
2052,W,9436,1,9593,0
2056,W,9436,1,9593,0
2060,W,9436,1,9593,0
2064,W,9436,1,9593,0
2068,W,9436,1,9593,0
2072,W,9436,1,9593,0
2076,W,9436,1,9593,0
2080,W,9436,1,9593,0
2084,W,9436,1,9593,0
2088,W,9436,1,9593,0
2092,W,9436,1,9593,0
2096,W,9436,1,9593,0
2100,W,9436,1,9593,0
2104,W,9436,1,9593,0
2108,W,9436,1,9593,0
2112,W,9436,1,9593,0
2116,W,9436,1,9593,0
2120,W,9436,1,9593,0
2124,W,9436,1,9593,0
2128,W,9436,1,9593,0
2132,W,9436,1,9593,0
2136,W,9436,1,9593,0
2140,W,9436,1,9593,0
2144,W,9436,1,9593,0
2148,W,9436,1,9593,0
2152,W,9436,1,9593,0
2156,W,9436,1,9593,0
2160,W,9436,1,9593,0
2164,W,9436,1,9593,0
2168,W,9436,1,9593,0
2172,W,9436,1,9593,0
2176,W,9436,1,9593,0
2180,W,9436,1,9593,0
2184,W,9436,1,9593,0
2188,W,9436,1,9593,0
2192,W,9436,1,9593,0
2196,W,9436,1,9593,0
2200,W,9436,1,9593,0
2204,W,9436,1,9593,0
2208,W,9436,1,9593,0
2212,W,9436,1,9593,0
2216,W,9436,1,9593,0
2220,W,9436,1,9593,0
2224,W,9436,1,9593,0
2228,W,9436,1,9593,0
2232,W,9436,1,9593,0
2236,W,9436,1,9593,0
2240,W,9436,1,9593,0
2244,W,9436,1,9593,0
2248,W,9436,1,9593,0
2252,W,9436,1,9593,0
2256,W,9436,1,9593,0
2260,W,9436,1,9593,0
2264,W,9436,1,9593,0
2268,W,9436,1,9593,0
2272,W,9436,1,9593,0
2276,W,9436,1,9593,0
2280,W,9436,1,9593,0
2284,W,9436,1,9593,0
2288,W,9436,1,9593,0
2292,W,9436,1,9593,0
2296,W,9436,1,9593,0
2300,W,9436,1,9593,0
768,R,9437,1,9595,0
772,R,9437,1,9595,0
776,R,9437,1,9595,0
780,R,9437,1,9595,0
784,R,9437,1,9595,0
788,R,9437,1,9595,0
792,R,9437,1,9595,0
796,R,9437,1,9595,0
800,R,9437,1,9595,0
804,R,9437,1,9595,0
808,R,9437,1,9595,0
812,R,9437,1,9595,0
816,R,9437,1,9595,0
820,R,9437,1,9595,0
824,R,9437,1,9595,0
828,R,9437,1,9595,0
832,R,9437,1,9595,0
836,R,9437,1,9595,0
840,R,9437,1,9595,0
844,R,9437,1,9595,0
848,R,9437,1,9595,0
852,R,9437,1,9595,0
856,R,9437,1,9595,0
860,R,9437,1,9595,0
864,R,9437,1,9595,0
868,R,9437,1,9595,0
872,R,9437,1,9595,0
876,R,9437,1,9595,0
880,R,9437,1,9595,0
884,R,9437,1,9595,0
888,R,9437,1,9595,0
892,R,9437,1,9595,0
896,R,9437,1,9595,0
900,R,9437,1,9595,0
904,R,9437,1,9595,0
908,R,9437,1,9595,0
912,R,9437,1,9595,0
916,R,9437,1,9595,0
920,R,9437,1,9595,0
924,R,9437,1,9595,0
928,R,9437,1,9595,0
932,R,9437,1,9595,0
936,R,9437,1,9595,0
940,R,9437,1,9595,0
944,R,9437,1,9595,0
948,R,9437,1,9595,0
952,R,9437,1,9595,0
956,R,9437,1,9595,0
960,R,9437,1,9595,0
964,R,9437,1,9595,0
968,R,9437,1,9595,0
972,R,9437,1,9595,0
976,R,9437,1,9595,0
980,R,9437,1,9595,0
984,R,9437,1,9595,0
988,R,9437,1,9595,0
992,R,9437,1,9595,0
996,R,9437,1,9595,0
1000,R,9437,1,9595,0
1004,R,9437,1,9595,0
1008,R,9437,1,9595,0
1012,R,9437,1,9595,0
1016,R,9437,1,9595,0
1020,R,9437,1,9595,0
2304,R,9437,1,9596,0
2308,R,9437,1,9596,0
2312,R,9437,1,9596,0
2316,R,9437,1,9596,0
2320,R,9437,1,9596,0
2324,R,9437,1,9596,0
2328,R,9437,1,9596,0
2332,R,9437,1,9596,0
2336,R,9437,1,9596,0
2340,R,9437,1,9596,0
2344,R,9437,1,9596,0
2348,R,9437,1,9596,0
2352,R,9437,1,9596,0
2356,R,9437,1,9596,0
2360,R,9437,1,9596,0
2364,R,9437,1,9596,0
2368,R,9437,1,9596,0
2372,R,9437,1,9596,0
2376,R,9437,1,9596,0
2380,R,9437,1,9596,0
2384,R,9437,1,9596,0
2388,R,9437,1,9596,0
2392,R,9437,1,9596,0
2396,R,9437,1,9596,0
2400,R,9437,1,9596,0
2404,R,9437,1,9596,0
2408,R,9437,1,9596,0
2412,R,9437,1,9596,0
2416,R,9437,1,9596,0
2420,R,9437,1,9596,0
2424,R,9437,1,9596,0
2428,R,9437,1,9596,0
2432,R,9437,1,9596,0
2436,R,9437,1,9596,0
2440,R,9437,1,9596,0
2444,R,9437,1,9596,0
2448,R,9437,1,9596,0
2452,R,9437,1,9596,0
2456,R,9437,1,9596,0
2460,R,9437,1,9596,0
2464,R,9437,1,9596,0
2468,R,9437,1,9596,0
2472,R,9437,1,9596,0
2476,R,9437,1,9596,0
2480,R,9437,1,9596,0
2484,R,9437,1,9596,0
2488,R,9437,1,9596,0
2492,R,9437,1,9596,0
2496,R,9437,1,9596,0
2500,R,9437,1,9596,0
2504,R,9437,1,9596,0
2508,R,9437,1,9596,0
2512,R,9437,1,9596,0
2516,R,9437,1,9596,0
2520,R,9437,1,9596,0
2524,R,9437,1,9596,0
2528,R,9437,1,9596,0
2532,R,9437,1,9596,0
2536,R,9437,1,9596,0
2540,R,9437,1,9596,0
2544,R,9437,1,9596,0
2548,R,9437,1,9596,0
2552,R,9437,1,9596,0
2556,R,9437,1,9596,0
2304,W,9437,1,9599,0
2308,W,9437,1,9599,0
2312,W,9437,1,9599,0
2316,W,9437,1,9599,0
2320,W,9437,1,9599,0
2324,W,9437,1,9599,0
2328,W,9437,1,9599,0
2332,W,9437,1,9599,0
2336,W,9437,1,9599,0
2340,W,9437,1,9599,0
2344,W,9437,1,9599,0
2348,W,9437,1,9599,0
2352,W,9437,1,9599,0
2356,W,9437,1,9599,0
2360,W,9437,1,9599,0
2364,W,9437,1,9599,0
2368,W,9437,1,9599,0
2372,W,9437,1,9599,0
2376,W,9437,1,9599,0
2380,W,9437,1,9599,0
2384,W,9437,1,9599,0
2388,W,9437,1,9599,0
2392,W,9437,1,9599,0
2396,W,9437,1,9599,0
2400,W,9437,1,9599,0
2404,W,9437,1,9599,0
2408,W,9437,1,9599,0
2412,W,9437,1,9599,0
2416,W,9437,1,9599,0
2420,W,9437,1,9599,0
2424,W,9437,1,9599,0
2428,W,9437,1,9599,0
2432,W,9437,1,9599,0
2436,W,9437,1,9599,0
2440,W,9437,1,9599,0
2444,W,9437,1,9599,0
2448,W,9437,1,9599,0
2452,W,9437,1,9599,0
2456,W,9437,1,9599,0
2460,W,9437,1,9599,0
2464,W,9437,1,9599,0
2468,W,9437,1,9599,0
2472,W,9437,1,9599,0
2476,W,9437,1,9599,0
2480,W,9437,1,9599,0
2484,W,9437,1,9599,0
2488,W,9437,1,9599,0
2492,W,9437,1,9599,0
2496,W,9437,1,9599,0
2500,W,9437,1,9599,0
2504,W,9437,1,9599,0
2508,W,9437,1,9599,0
2512,W,9437,1,9599,0
2516,W,9437,1,9599,0
2520,W,9437,1,9599,0
2524,W,9437,1,9599,0
2528,W,9437,1,9599,0
2532,W,9437,1,9599,0
2536,W,9437,1,9599,0
2540,W,9437,1,9599,0
2544,W,9437,1,9599,0
2548,W,9437,1,9599,0
2552,W,9437,1,9599,0
2556,W,9437,1,9599,0
512,R,9460,1,9627,0
516,R,9460,1,9627,0
520,R,9460,1,9627,0
524,R,9460,1,9627,0
528,R,9460,1,9627,0
532,R,9460,1,9627,0
536,R,9460,1,9627,0
540,R,9460,1,9627,0
544,R,9460,1,9627,0
548,R,9460,1,9627,0
552,R,9460,1,9627,0
556,R,9460,1,9627,0
560,R,9460,1,9627,0
564,R,9460,1,9627,0
568,R,9460,1,9627,0
572,R,9460,1,9627,0
576,R,9460,1,9627,0
580,R,9460,1,9627,0
584,R,9460,1,9627,0
588,R,9460,1,9627,0
592,R,9460,1,9627,0
596,R,9460,1,9627,0
600,R,9460,1,9627,0
604,R,9460,1,9627,0
608,R,9460,1,9627,0
612,R,9460,1,9627,0
616,R,9460,1,9627,0
620,R,9460,1,9627,0
624,R,9460,1,9627,0
628,R,9460,1,9627,0
632,R,9460,1,9627,0
636,R,9460,1,9627,0
640,R,9460,1,9627,0
644,R,9460,1,9627,0
648,R,9460,1,9627,0
652,R,9460,1,9627,0
656,R,9460,1,9627,0
660,R,9460,1,9627,0
664,R,9460,1,9627,0
668,R,9460,1,9627,0
672,R,9460,1,9627,0
676,R,9460,1,9627,0
680,R,9460,1,9627,0
684,R,9460,1,9627,0
688,R,9460,1,9627,0
692,R,9460,1,9627,0
696,R,9460,1,9627,0
700,R,9460,1,9627,0
704,R,9460,1,9627,0
708,R,9460,1,9627,0
712,R,9460,1,9627,0
716,R,9460,1,9627,0
720,R,9460,1,9627,0
724,R,9460,1,9627,0
728,R,9460,1,9627,0
732,R,9460,1,9627,0
736,R,9460,1,9627,0
740,R,9460,1,9627,0
744,R,9460,1,9627,0
748,R,9460,1,9627,0
752,R,9460,1,9627,0
756,R,9460,1,9627,0
760,R,9460,1,9627,0
764,R,9460,1,9627,0
2048,R,9460,1,9628,0
2052,R,9460,1,9628,0
2056,R,9460,1,9628,0
2060,R,9460,1,9628,0
2064,R,9460,1,9628,0
2068,R,9460,1,9628,0
2072,R,9460,1,9628,0
2076,R,9460,1,9628,0
2080,R,9460,1,9628,0
2084,R,9460,1,9628,0
2088,R,9460,1,9628,0
2092,R,9460,1,9628,0
2096,R,9460,1,9628,0
2100,R,9460,1,9628,0
2104,R,9460,1,9628,0
2108,R,9460,1,9628,0
2112,R,9460,1,9628,0
2116,R,9460,1,9628,0
2120,R,9460,1,9628,0
2124,R,9460,1,9628,0
2128,R,9460,1,9628,0
2132,R,9460,1,9628,0
2136,R,9460,1,9628,0
2140,R,9460,1,9628,0
2144,R,9460,1,9628,0
2148,R,9460,1,9628,0
2152,R,9460,1,9628,0
2156,R,9460,1,9628,0
2160,R,9460,1,9628,0
2164,R,9460,1,9628,0
2168,R,9460,1,9628,0
2172,R,9460,1,9628,0
2176,R,9460,1,9628,0
2180,R,9460,1,9628,0
2184,R,9460,1,9628,0
2188,R,9460,1,9628,0
2192,R,9460,1,9628,0
2196,R,9460,1,9628,0
2200,R,9460,1,9628,0
2204,R,9460,1,9628,0
2208,R,9460,1,9628,0
2212,R,9460,1,9628,0
2216,R,9460,1,9628,0
2220,R,9460,1,9628,0
2224,R,9460,1,9628,0
2228,R,9460,1,9628,0
2232,R,9460,1,9628,0
2236,R,9460,1,9628,0
2240,R,9460,1,9628,0
2244,R,9460,1,9628,0
2248,R,9460,1,9628,0
2252,R,9460,1,9628,0
2256,R,9460,1,9628,0
2260,R,9460,1,9628,0
2264,R,9460,1,9628,0
2268,R,9460,1,9628,0
2272,R,9460,1,9628,0
2276,R,9460,1,9628,0
2280,R,9460,1,9628,0
2284,R,9460,1,9628,0
2288,R,9460,1,9628,0
2292,R,9460,1,9628,0
2296,R,9460,1,9628,0
2300,R,9460,1,9628,0
1536,W,9460,1,9631,0
1540,W,9460,1,9631,0
1544,W,9460,1,9631,0
1548,W,9460,1,9631,0
1552,W,9460,1,9631,0
1556,W,9460,1,9631,0
1560,W,9460,1,9631,0
1564,W,9460,1,9631,0
1568,W,9460,1,9631,0
1572,W,9460,1,9631,0
1576,W,9460,1,9631,0
1580,W,9460,1,9631,0
1584,W,9460,1,9631,0
1588,W,9460,1,9631,0
1592,W,9460,1,9631,0
1596,W,9460,1,9631,0
1600,W,9460,1,9631,0
1604,W,9460,1,9631,0
1608,W,9460,1,9631,0
1612,W,9460,1,9631,0
1616,W,9460,1,9631,0
1620,W,9460,1,9631,0
1624,W,9460,1,9631,0
1628,W,9460,1,9631,0
1632,W,9460,1,9631,0
1636,W,9460,1,9631,0
1640,W,9460,1,9631,0
1644,W,9460,1,9631,0
1648,W,9460,1,9631,0
1652,W,9460,1,9631,0
1656,W,9460,1,9631,0
1660,W,9460,1,9631,0
1664,W,9460,1,9631,0
1668,W,9460,1,9631,0
1672,W,9460,1,9631,0
1676,W,9460,1,9631,0
1680,W,9460,1,9631,0
1684,W,9460,1,9631,0
1688,W,9460,1,9631,0
1692,W,9460,1,9631,0
1696,W,9460,1,9631,0
1700,W,9460,1,9631,0
1704,W,9460,1,9631,0
1708,W,9460,1,9631,0
1712,W,9460,1,9631,0
1716,W,9460,1,9631,0
1720,W,9460,1,9631,0
1724,W,9460,1,9631,0
1728,W,9460,1,9631,0
1732,W,9460,1,9631,0
1736,W,9460,1,9631,0
1740,W,9460,1,9631,0
1744,W,9460,1,9631,0
1748,W,9460,1,9631,0
1752,W,9460,1,9631,0
1756,W,9460,1,9631,0
1760,W,9460,1,9631,0
1764,W,9460,1,9631,0
1768,W,9460,1,9631,0
1772,W,9460,1,9631,0
1776,W,9460,1,9631,0
1780,W,9460,1,9631,0
1784,W,9460,1,9631,0
1788,W,9460,1,9631,0
768,R,9461,1,9633,0
772,R,9461,1,9633,0
776,R,9461,1,9633,0
780,R,9461,1,9633,0
784,R,9461,1,9633,0
788,R,9461,1,9633,0
792,R,9461,1,9633,0
796,R,9461,1,9633,0
800,R,9461,1,9633,0
804,R,9461,1,9633,0
808,R,9461,1,9633,0
812,R,9461,1,9633,0
816,R,9461,1,9633,0
820,R,9461,1,9633,0
824,R,9461,1,9633,0
828,R,9461,1,9633,0
832,R,9461,1,9633,0
836,R,9461,1,9633,0
840,R,9461,1,9633,0
844,R,9461,1,9633,0
848,R,9461,1,9633,0
852,R,9461,1,9633,0
856,R,9461,1,9633,0
860,R,9461,1,9633,0
864,R,9461,1,9633,0
868,R,9461,1,9633,0
872,R,9461,1,9633,0
876,R,9461,1,9633,0
880,R,9461,1,9633,0
884,R,9461,1,9633,0
888,R,9461,1,9633,0
892,R,9461,1,9633,0
896,R,9461,1,9633,0
900,R,9461,1,9633,0
904,R,9461,1,9633,0
908,R,9461,1,9633,0
912,R,9461,1,9633,0
916,R,9461,1,9633,0
920,R,9461,1,9633,0
924,R,9461,1,9633,0
928,R,9461,1,9633,0
932,R,9461,1,9633,0
936,R,9461,1,9633,0
940,R,9461,1,9633,0
944,R,9461,1,9633,0
948,R,9461,1,9633,0
952,R,9461,1,9633,0
956,R,9461,1,9633,0
960,R,9461,1,9633,0
964,R,9461,1,9633,0
968,R,9461,1,9633,0
972,R,9461,1,9633,0
976,R,9461,1,9633,0
980,R,9461,1,9633,0
984,R,9461,1,9633,0
988,R,9461,1,9633,0
992,R,9461,1,9633,0
996,R,9461,1,9633,0
1000,R,9461,1,9633,0
1004,R,9461,1,9633,0
1008,R,9461,1,9633,0
1012,R,9461,1,9633,0
1016,R,9461,1,9633,0
1020,R,9461,1,9633,0
2304,R,9461,1,9634,0
2308,R,9461,1,9634,0
2312,R,9461,1,9634,0
2316,R,9461,1,9634,0
2320,R,9461,1,9634,0
2324,R,9461,1,9634,0
2328,R,9461,1,9634,0
2332,R,9461,1,9634,0
2336,R,9461,1,9634,0
2340,R,9461,1,9634,0
2344,R,9461,1,9634,0
2348,R,9461,1,9634,0
2352,R,9461,1,9634,0
2356,R,9461,1,9634,0
2360,R,9461,1,9634,0
2364,R,9461,1,9634,0
2368,R,9461,1,9634,0
2372,R,9461,1,9634,0
2376,R,9461,1,9634,0
2380,R,9461,1,9634,0
2384,R,9461,1,9634,0
2388,R,9461,1,9634,0
2392,R,9461,1,9634,0
2396,R,9461,1,9634,0
2400,R,9461,1,9634,0
2404,R,9461,1,9634,0
2408,R,9461,1,9634,0
2412,R,9461,1,9634,0
2416,R,9461,1,9634,0
2420,R,9461,1,9634,0
2424,R,9461,1,9634,0
2428,R,9461,1,9634,0
2432,R,9461,1,9634,0
2436,R,9461,1,9634,0
2440,R,9461,1,9634,0
2444,R,9461,1,9634,0
2448,R,9461,1,9634,0
2452,R,9461,1,9634,0
2456,R,9461,1,9634,0
2460,R,9461,1,9634,0
2464,R,9461,1,9634,0
2468,R,9461,1,9634,0
2472,R,9461,1,9634,0
2476,R,9461,1,9634,0
2480,R,9461,1,9634,0
2484,R,9461,1,9634,0
2488,R,9461,1,9634,0
2492,R,9461,1,9634,0
2496,R,9461,1,9634,0
2500,R,9461,1,9634,0
2504,R,9461,1,9634,0
2508,R,9461,1,9634,0
2512,R,9461,1,9634,0
2516,R,9461,1,9634,0
2520,R,9461,1,9634,0
2524,R,9461,1,9634,0
2528,R,9461,1,9634,0
2532,R,9461,1,9634,0
2536,R,9461,1,9634,0
2540,R,9461,1,9634,0
2544,R,9461,1,9634,0
2548,R,9461,1,9634,0
2552,R,9461,1,9634,0
2556,R,9461,1,9634,0
1792,W,9461,1,9637,0
1796,W,9461,1,9637,0
1800,W,9461,1,9637,0
1804,W,9461,1,9637,0
1808,W,9461,1,9637,0
1812,W,9461,1,9637,0
1816,W,9461,1,9637,0
1820,W,9461,1,9637,0
1824,W,9461,1,9637,0
1828,W,9461,1,9637,0
1832,W,9461,1,9637,0
1836,W,9461,1,9637,0
1840,W,9461,1,9637,0
1844,W,9461,1,9637,0
1848,W,9461,1,9637,0
1852,W,9461,1,9637,0
1856,W,9461,1,9637,0
1860,W,9461,1,9637,0
1864,W,9461,1,9637,0
1868,W,9461,1,9637,0
1872,W,9461,1,9637,0
1876,W,9461,1,9637,0
1880,W,9461,1,9637,0
1884,W,9461,1,9637,0
1888,W,9461,1,9637,0
1892,W,9461,1,9637,0
1896,W,9461,1,9637,0
1900,W,9461,1,9637,0
1904,W,9461,1,9637,0
1908,W,9461,1,9637,0
1912,W,9461,1,9637,0
1916,W,9461,1,9637,0
1920,W,9461,1,9637,0
1924,W,9461,1,9637,0
1928,W,9461,1,9637,0
1932,W,9461,1,9637,0
1936,W,9461,1,9637,0
1940,W,9461,1,9637,0
1944,W,9461,1,9637,0
1948,W,9461,1,9637,0
1952,W,9461,1,9637,0
1956,W,9461,1,9637,0
1960,W,9461,1,9637,0
1964,W,9461,1,9637,0
1968,W,9461,1,9637,0
1972,W,9461,1,9637,0
1976,W,9461,1,9637,0
1980,W,9461,1,9637,0
1984,W,9461,1,9637,0
1988,W,9461,1,9637,0
1992,W,9461,1,9637,0
1996,W,9461,1,9637,0
2000,W,9461,1,9637,0
2004,W,9461,1,9637,0
2008,W,9461,1,9637,0
2012,W,9461,1,9637,0
2016,W,9461,1,9637,0
2020,W,9461,1,9637,0
2024,W,9461,1,9637,0
2028,W,9461,1,9637,0
2032,W,9461,1,9637,0
2036,W,9461,1,9637,0
2040,W,9461,1,9637,0
2044,W,9461,1,9637,0
0,R,9507,1,9705,0
4,R,9507,1,9705,0
8,R,9507,1,9705,0
12,R,9507,1,9705,0
16,R,9507,1,9705,0
20,R,9507,1,9705,0
24,R,9507,1,9705,0
28,R,9507,1,9705,0
32,R,9507,1,9705,0
36,R,9507,1,9705,0
40,R,9507,1,9705,0
44,R,9507,1,9705,0
48,R,9507,1,9705,0
52,R,9507,1,9705,0
56,R,9507,1,9705,0
60,R,9507,1,9705,0
64,R,9507,1,9705,0
68,R,9507,1,9705,0
72,R,9507,1,9705,0
76,R,9507,1,9705,0
80,R,9507,1,9705,0
84,R,9507,1,9705,0
88,R,9507,1,9705,0
92,R,9507,1,9705,0
96,R,9507,1,9705,0
100,R,9507,1,9705,0
104,R,9507,1,9705,0
108,R,9507,1,9705,0
112,R,9507,1,9705,0
116,R,9507,1,9705,0
120,R,9507,1,9705,0
124,R,9507,1,9705,0
128,R,9507,1,9705,0
132,R,9507,1,9705,0
136,R,9507,1,9705,0
140,R,9507,1,9705,0
144,R,9507,1,9705,0
148,R,9507,1,9705,0
152,R,9507,1,9705,0
156,R,9507,1,9705,0
160,R,9507,1,9705,0
164,R,9507,1,9705,0
168,R,9507,1,9705,0
172,R,9507,1,9705,0
176,R,9507,1,9705,0
180,R,9507,1,9705,0
184,R,9507,1,9705,0
188,R,9507,1,9705,0
192,R,9507,1,9705,0
196,R,9507,1,9705,0
200,R,9507,1,9705,0
204,R,9507,1,9705,0
208,R,9507,1,9705,0
212,R,9507,1,9705,0
216,R,9507,1,9705,0
220,R,9507,1,9705,0
224,R,9507,1,9705,0
228,R,9507,1,9705,0
232,R,9507,1,9705,0
236,R,9507,1,9705,0
240,R,9507,1,9705,0
244,R,9507,1,9705,0
248,R,9507,1,9705,0
252,R,9507,1,9705,0
2048,W,9507,1,9708,0
2052,W,9507,1,9708,0
2056,W,9507,1,9708,0
2060,W,9507,1,9708,0
2064,W,9507,1,9708,0
2068,W,9507,1,9708,0
2072,W,9507,1,9708,0
2076,W,9507,1,9708,0
2080,W,9507,1,9708,0
2084,W,9507,1,9708,0
2088,W,9507,1,9708,0
2092,W,9507,1,9708,0
2096,W,9507,1,9708,0
2100,W,9507,1,9708,0
2104,W,9507,1,9708,0
2108,W,9507,1,9708,0
2112,W,9507,1,9708,0
2116,W,9507,1,9708,0
2120,W,9507,1,9708,0
2124,W,9507,1,9708,0
2128,W,9507,1,9708,0
2132,W,9507,1,9708,0
2136,W,9507,1,9708,0
2140,W,9507,1,9708,0
2144,W,9507,1,9708,0
2148,W,9507,1,9708,0
2152,W,9507,1,9708,0
2156,W,9507,1,9708,0
2160,W,9507,1,9708,0
2164,W,9507,1,9708,0
2168,W,9507,1,9708,0
2172,W,9507,1,9708,0
2176,W,9507,1,9708,0
2180,W,9507,1,9708,0
2184,W,9507,1,9708,0
2188,W,9507,1,9708,0
2192,W,9507,1,9708,0
2196,W,9507,1,9708,0
2200,W,9507,1,9708,0
2204,W,9507,1,9708,0
2208,W,9507,1,9708,0
2212,W,9507,1,9708,0
2216,W,9507,1,9708,0
2220,W,9507,1,9708,0
2224,W,9507,1,9708,0
2228,W,9507,1,9708,0
2232,W,9507,1,9708,0
2236,W,9507,1,9708,0
2240,W,9507,1,9708,0
2244,W,9507,1,9708,0
2248,W,9507,1,9708,0
2252,W,9507,1,9708,0
2256,W,9507,1,9708,0
2260,W,9507,1,9708,0
2264,W,9507,1,9708,0
2268,W,9507,1,9708,0
2272,W,9507,1,9708,0
2276,W,9507,1,9708,0
2280,W,9507,1,9708,0
2284,W,9507,1,9708,0
2288,W,9507,1,9708,0
2292,W,9507,1,9708,0
2296,W,9507,1,9708,0
2300,W,9507,1,9708,0
256,R,9508,1,9710,0
260,R,9508,1,9710,0
264,R,9508,1,9710,0
268,R,9508,1,9710,0
272,R,9508,1,9710,0
276,R,9508,1,9710,0
280,R,9508,1,9710,0
284,R,9508,1,9710,0
288,R,9508,1,9710,0
292,R,9508,1,9710,0
296,R,9508,1,9710,0
300,R,9508,1,9710,0
304,R,9508,1,9710,0
308,R,9508,1,9710,0
312,R,9508,1,9710,0
316,R,9508,1,9710,0
320,R,9508,1,9710,0
324,R,9508,1,9710,0
328,R,9508,1,9710,0
332,R,9508,1,9710,0
336,R,9508,1,9710,0
340,R,9508,1,9710,0
344,R,9508,1,9710,0
348,R,9508,1,9710,0
352,R,9508,1,9710,0
356,R,9508,1,9710,0
360,R,9508,1,9710,0
364,R,9508,1,9710,0
368,R,9508,1,9710,0
372,R,9508,1,9710,0
376,R,9508,1,9710,0
380,R,9508,1,9710,0
384,R,9508,1,9710,0
388,R,9508,1,9710,0
392,R,9508,1,9710,0
396,R,9508,1,9710,0
400,R,9508,1,9710,0
404,R,9508,1,9710,0
408,R,9508,1,9710,0
412,R,9508,1,9710,0
416,R,9508,1,9710,0
420,R,9508,1,9710,0
424,R,9508,1,9710,0
428,R,9508,1,9710,0
432,R,9508,1,9710,0
436,R,9508,1,9710,0
440,R,9508,1,9710,0
444,R,9508,1,9710,0
448,R,9508,1,9710,0
452,R,9508,1,9710,0
456,R,9508,1,9710,0
460,R,9508,1,9710,0
464,R,9508,1,9710,0
468,R,9508,1,9710,0
472,R,9508,1,9710,0
476,R,9508,1,9710,0
480,R,9508,1,9710,0
484,R,9508,1,9710,0
488,R,9508,1,9710,0
492,R,9508,1,9710,0
496,R,9508,1,9710,0
500,R,9508,1,9710,0
504,R,9508,1,9710,0
508,R,9508,1,9710,0
2304,W,9508,1,9713,0
2308,W,9508,1,9713,0
2312,W,9508,1,9713,0
2316,W,9508,1,9713,0
2320,W,9508,1,9713,0
2324,W,9508,1,9713,0
2328,W,9508,1,9713,0
2332,W,9508,1,9713,0
2336,W,9508,1,9713,0
2340,W,9508,1,9713,0
2344,W,9508,1,9713,0
2348,W,9508,1,9713,0
2352,W,9508,1,9713,0
2356,W,9508,1,9713,0
2360,W,9508,1,9713,0
2364,W,9508,1,9713,0
2368,W,9508,1,9713,0
2372,W,9508,1,9713,0
2376,W,9508,1,9713,0
2380,W,9508,1,9713,0
2384,W,9508,1,9713,0
2388,W,9508,1,9713,0
2392,W,9508,1,9713,0
2396,W,9508,1,9713,0
2400,W,9508,1,9713,0
2404,W,9508,1,9713,0
2408,W,9508,1,9713,0
2412,W,9508,1,9713,0
2416,W,9508,1,9713,0
2420,W,9508,1,9713,0
2424,W,9508,1,9713,0
2428,W,9508,1,9713,0
2432,W,9508,1,9713,0
2436,W,9508,1,9713,0
2440,W,9508,1,9713,0
2444,W,9508,1,9713,0
2448,W,9508,1,9713,0
2452,W,9508,1,9713,0
2456,W,9508,1,9713,0
2460,W,9508,1,9713,0
2464,W,9508,1,9713,0
2468,W,9508,1,9713,0
2472,W,9508,1,9713,0
2476,W,9508,1,9713,0
2480,W,9508,1,9713,0
2484,W,9508,1,9713,0
2488,W,9508,1,9713,0
2492,W,9508,1,9713,0
2496,W,9508,1,9713,0
2500,W,9508,1,9713,0
2504,W,9508,1,9713,0
2508,W,9508,1,9713,0
2512,W,9508,1,9713,0
2516,W,9508,1,9713,0
2520,W,9508,1,9713,0
2524,W,9508,1,9713,0
2528,W,9508,1,9713,0
2532,W,9508,1,9713,0
2536,W,9508,1,9713,0
2540,W,9508,1,9713,0
2544,W,9508,1,9713,0
2548,W,9508,1,9713,0
2552,W,9508,1,9713,0
2556,W,9508,1,9713,0
2048,R,9521,1,9736,0
2052,R,9521,1,9736,0
2056,R,9521,1,9736,0
2060,R,9521,1,9736,0
2064,R,9521,1,9736,0
2068,R,9521,1,9736,0
2072,R,9521,1,9736,0
2076,R,9521,1,9736,0
2080,R,9521,1,9736,0
2084,R,9521,1,9736,0
2088,R,9521,1,9736,0
2092,R,9521,1,9736,0
2096,R,9521,1,9736,0
2100,R,9521,1,9736,0
2104,R,9521,1,9736,0
2108,R,9521,1,9736,0
2112,R,9521,1,9736,0
2116,R,9521,1,9736,0
2120,R,9521,1,9736,0
2124,R,9521,1,9736,0
2128,R,9521,1,9736,0
2132,R,9521,1,9736,0
2136,R,9521,1,9736,0
2140,R,9521,1,9736,0
2144,R,9521,1,9736,0
2148,R,9521,1,9736,0
2152,R,9521,1,9736,0
2156,R,9521,1,9736,0
2160,R,9521,1,9736,0
2164,R,9521,1,9736,0
2168,R,9521,1,9736,0
2172,R,9521,1,9736,0
2176,R,9521,1,9736,0
2180,R,9521,1,9736,0
2184,R,9521,1,9736,0
2188,R,9521,1,9736,0
2192,R,9521,1,9736,0
2196,R,9521,1,9736,0
2200,R,9521,1,9736,0
2204,R,9521,1,9736,0
2208,R,9521,1,9736,0
2212,R,9521,1,9736,0
2216,R,9521,1,9736,0
2220,R,9521,1,9736,0
2224,R,9521,1,9736,0
2228,R,9521,1,9736,0
2232,R,9521,1,9736,0
2236,R,9521,1,9736,0
2240,R,9521,1,9736,0
2244,R,9521,1,9736,0
2248,R,9521,1,9736,0
2252,R,9521,1,9736,0
2256,R,9521,1,9736,0
2260,R,9521,1,9736,0
2264,R,9521,1,9736,0
2268,R,9521,1,9736,0
2272,R,9521,1,9736,0
2276,R,9521,1,9736,0
2280,R,9521,1,9736,0
2284,R,9521,1,9736,0
2288,R,9521,1,9736,0
2292,R,9521,1,9736,0
2296,R,9521,1,9736,0
2300,R,9521,1,9736,0
2048,W,9522,1,9742,0
2052,W,9522,1,9742,0
2056,W,9522,1,9742,0
2060,W,9522,1,9742,0
2064,W,9522,1,9742,0
2068,W,9522,1,9742,0
2072,W,9522,1,9742,0
2076,W,9522,1,9742,0
2080,W,9522,1,9742,0
2084,W,9522,1,9742,0
2088,W,9522,1,9742,0
2092,W,9522,1,9742,0
2096,W,9522,1,9742,0
2100,W,9522,1,9742,0
2104,W,9522,1,9742,0
2108,W,9522,1,9742,0
2112,W,9522,1,9742,0
2116,W,9522,1,9742,0
2120,W,9522,1,9742,0
2124,W,9522,1,9742,0
2128,W,9522,1,9742,0
2132,W,9522,1,9742,0
2136,W,9522,1,9742,0
2140,W,9522,1,9742,0
2144,W,9522,1,9742,0
2148,W,9522,1,9742,0
2152,W,9522,1,9742,0
2156,W,9522,1,9742,0
2160,W,9522,1,9742,0
2164,W,9522,1,9742,0
2168,W,9522,1,9742,0
2172,W,9522,1,9742,0
2176,W,9522,1,9742,0
2180,W,9522,1,9742,0
2184,W,9522,1,9742,0
2188,W,9522,1,9742,0
2192,W,9522,1,9742,0
2196,W,9522,1,9742,0
2200,W,9522,1,9742,0
2204,W,9522,1,9742,0
2208,W,9522,1,9742,0
2212,W,9522,1,9742,0
2216,W,9522,1,9742,0
2220,W,9522,1,9742,0
2224,W,9522,1,9742,0
2228,W,9522,1,9742,0
2232,W,9522,1,9742,0
2236,W,9522,1,9742,0
2240,W,9522,1,9742,0
2244,W,9522,1,9742,0
2248,W,9522,1,9742,0
2252,W,9522,1,9742,0
2256,W,9522,1,9742,0
2260,W,9522,1,9742,0
2264,W,9522,1,9742,0
2268,W,9522,1,9742,0
2272,W,9522,1,9742,0
2276,W,9522,1,9742,0
2280,W,9522,1,9742,0
2284,W,9522,1,9742,0
2288,W,9522,1,9742,0
2292,W,9522,1,9742,0
2296,W,9522,1,9742,0
2300,W,9522,1,9742,0
2304,R,9523,1,9744,0
2308,R,9523,1,9744,0
2312,R,9523,1,9744,0
2316,R,9523,1,9744,0
2320,R,9523,1,9744,0
2324,R,9523,1,9744,0
2328,R,9523,1,9744,0
2332,R,9523,1,9744,0
2336,R,9523,1,9744,0
2340,R,9523,1,9744,0
2344,R,9523,1,9744,0
2348,R,9523,1,9744,0
2352,R,9523,1,9744,0
2356,R,9523,1,9744,0
2360,R,9523,1,9744,0
2364,R,9523,1,9744,0
2368,R,9523,1,9744,0
2372,R,9523,1,9744,0
2376,R,9523,1,9744,0
2380,R,9523,1,9744,0
2384,R,9523,1,9744,0
2388,R,9523,1,9744,0
2392,R,9523,1,9744,0
2396,R,9523,1,9744,0
2400,R,9523,1,9744,0
2404,R,9523,1,9744,0
2408,R,9523,1,9744,0
2412,R,9523,1,9744,0
2416,R,9523,1,9744,0
2420,R,9523,1,9744,0
2424,R,9523,1,9744,0
2428,R,9523,1,9744,0
2432,R,9523,1,9744,0
2436,R,9523,1,9744,0
2440,R,9523,1,9744,0
2444,R,9523,1,9744,0
2448,R,9523,1,9744,0
2452,R,9523,1,9744,0
2456,R,9523,1,9744,0
2460,R,9523,1,9744,0
2464,R,9523,1,9744,0
2468,R,9523,1,9744,0
2472,R,9523,1,9744,0
2476,R,9523,1,9744,0
2480,R,9523,1,9744,0
2484,R,9523,1,9744,0
2488,R,9523,1,9744,0
2492,R,9523,1,9744,0
2496,R,9523,1,9744,0
2500,R,9523,1,9744,0
2504,R,9523,1,9744,0
2508,R,9523,1,9744,0
2512,R,9523,1,9744,0
2516,R,9523,1,9744,0
2520,R,9523,1,9744,0
2524,R,9523,1,9744,0
2528,R,9523,1,9744,0
2532,R,9523,1,9744,0
2536,R,9523,1,9744,0
2540,R,9523,1,9744,0
2544,R,9523,1,9744,0
2548,R,9523,1,9744,0
2552,R,9523,1,9744,0
2556,R,9523,1,9744,0
2304,W,9523,1,9748,0
2308,W,9523,1,9748,0
2312,W,9523,1,9748,0
2316,W,9523,1,9748,0
2320,W,9523,1,9748,0
2324,W,9523,1,9748,0
2328,W,9523,1,9748,0
2332,W,9523,1,9748,0
2336,W,9523,1,9748,0
2340,W,9523,1,9748,0
2344,W,9523,1,9748,0
2348,W,9523,1,9748,0
2352,W,9523,1,9748,0
2356,W,9523,1,9748,0
2360,W,9523,1,9748,0
2364,W,9523,1,9748,0
2368,W,9523,1,9748,0
2372,W,9523,1,9748,0
2376,W,9523,1,9748,0
2380,W,9523,1,9748,0
2384,W,9523,1,9748,0
2388,W,9523,1,9748,0
2392,W,9523,1,9748,0
2396,W,9523,1,9748,0
2400,W,9523,1,9748,0
2404,W,9523,1,9748,0
2408,W,9523,1,9748,0
2412,W,9523,1,9748,0
2416,W,9523,1,9748,0
2420,W,9523,1,9748,0
2424,W,9523,1,9748,0
2428,W,9523,1,9748,0
2432,W,9523,1,9748,0
2436,W,9523,1,9748,0
2440,W,9523,1,9748,0
2444,W,9523,1,9748,0
2448,W,9523,1,9748,0
2452,W,9523,1,9748,0
2456,W,9523,1,9748,0
2460,W,9523,1,9748,0
2464,W,9523,1,9748,0
2468,W,9523,1,9748,0
2472,W,9523,1,9748,0
2476,W,9523,1,9748,0
2480,W,9523,1,9748,0
2484,W,9523,1,9748,0
2488,W,9523,1,9748,0
2492,W,9523,1,9748,0
2496,W,9523,1,9748,0
2500,W,9523,1,9748,0
2504,W,9523,1,9748,0
2508,W,9523,1,9748,0
2512,W,9523,1,9748,0
2516,W,9523,1,9748,0
2520,W,9523,1,9748,0
2524,W,9523,1,9748,0
2528,W,9523,1,9748,0
2532,W,9523,1,9748,0
2536,W,9523,1,9748,0
2540,W,9523,1,9748,0
2544,W,9523,1,9748,0
2548,W,9523,1,9748,0
2552,W,9523,1,9748,0
2556,W,9523,1,9748,0
2048,R,9530,1,9759,0
2052,R,9530,1,9759,0
2056,R,9530,1,9759,0
2060,R,9530,1,9759,0
2064,R,9530,1,9759,0
2068,R,9530,1,9759,0
2072,R,9530,1,9759,0
2076,R,9530,1,9759,0
2080,R,9530,1,9759,0
2084,R,9530,1,9759,0
2088,R,9530,1,9759,0
2092,R,9530,1,9759,0
2096,R,9530,1,9759,0
2100,R,9530,1,9759,0
2104,R,9530,1,9759,0
2108,R,9530,1,9759,0
2112,R,9530,1,9759,0
2116,R,9530,1,9759,0
2120,R,9530,1,9759,0
2124,R,9530,1,9759,0
2128,R,9530,1,9759,0
2132,R,9530,1,9759,0
2136,R,9530,1,9759,0
2140,R,9530,1,9759,0
2144,R,9530,1,9759,0
2148,R,9530,1,9759,0
2152,R,9530,1,9759,0
2156,R,9530,1,9759,0
2160,R,9530,1,9759,0
2164,R,9530,1,9759,0
2168,R,9530,1,9759,0
2172,R,9530,1,9759,0
2176,R,9530,1,9759,0
2180,R,9530,1,9759,0
2184,R,9530,1,9759,0
2188,R,9530,1,9759,0
2192,R,9530,1,9759,0
2196,R,9530,1,9759,0
2200,R,9530,1,9759,0
2204,R,9530,1,9759,0
2208,R,9530,1,9759,0
2212,R,9530,1,9759,0
2216,R,9530,1,9759,0
2220,R,9530,1,9759,0
2224,R,9530,1,9759,0
2228,R,9530,1,9759,0
2232,R,9530,1,9759,0
2236,R,9530,1,9759,0
2240,R,9530,1,9759,0
2244,R,9530,1,9759,0
2248,R,9530,1,9759,0
2252,R,9530,1,9759,0
2256,R,9530,1,9759,0
2260,R,9530,1,9759,0
2264,R,9530,1,9759,0
2268,R,9530,1,9759,0
2272,R,9530,1,9759,0
2276,R,9530,1,9759,0
2280,R,9530,1,9759,0
2284,R,9530,1,9759,0
2288,R,9530,1,9759,0
2292,R,9530,1,9759,0
2296,R,9530,1,9759,0
2300,R,9530,1,9759,0
0,R,9530,1,9760,0
4,R,9530,1,9760,0
8,R,9530,1,9760,0
12,R,9530,1,9760,0
16,R,9530,1,9760,0
20,R,9530,1,9760,0
24,R,9530,1,9760,0
28,R,9530,1,9760,0
32,R,9530,1,9760,0
36,R,9530,1,9760,0
40,R,9530,1,9760,0
44,R,9530,1,9760,0
48,R,9530,1,9760,0
52,R,9530,1,9760,0
56,R,9530,1,9760,0
60,R,9530,1,9760,0
64,R,9530,1,9760,0
68,R,9530,1,9760,0
72,R,9530,1,9760,0
76,R,9530,1,9760,0
80,R,9530,1,9760,0
84,R,9530,1,9760,0
88,R,9530,1,9760,0
92,R,9530,1,9760,0
96,R,9530,1,9760,0
100,R,9530,1,9760,0
104,R,9530,1,9760,0
108,R,9530,1,9760,0
112,R,9530,1,9760,0
116,R,9530,1,9760,0
120,R,9530,1,9760,0
124,R,9530,1,9760,0
128,R,9530,1,9760,0
132,R,9530,1,9760,0
136,R,9530,1,9760,0
140,R,9530,1,9760,0
144,R,9530,1,9760,0
148,R,9530,1,9760,0
152,R,9530,1,9760,0
156,R,9530,1,9760,0
160,R,9530,1,9760,0
164,R,9530,1,9760,0
168,R,9530,1,9760,0
172,R,9530,1,9760,0
176,R,9530,1,9760,0
180,R,9530,1,9760,0
184,R,9530,1,9760,0
188,R,9530,1,9760,0
192,R,9530,1,9760,0
196,R,9530,1,9760,0
200,R,9530,1,9760,0
204,R,9530,1,9760,0
208,R,9530,1,9760,0
212,R,9530,1,9760,0
216,R,9530,1,9760,0
220,R,9530,1,9760,0
224,R,9530,1,9760,0
228,R,9530,1,9760,0
232,R,9530,1,9760,0
236,R,9530,1,9760,0
240,R,9530,1,9760,0
244,R,9530,1,9760,0
248,R,9530,1,9760,0
252,R,9530,1,9760,0
2048,W,9530,1,9763,0
2052,W,9530,1,9763,0
2056,W,9530,1,9763,0
2060,W,9530,1,9763,0
2064,W,9530,1,9763,0
2068,W,9530,1,9763,0
2072,W,9530,1,9763,0
2076,W,9530,1,9763,0
2080,W,9530,1,9763,0
2084,W,9530,1,9763,0
2088,W,9530,1,9763,0
2092,W,9530,1,9763,0
2096,W,9530,1,9763,0
2100,W,9530,1,9763,0
2104,W,9530,1,9763,0
2108,W,9530,1,9763,0
2112,W,9530,1,9763,0
2116,W,9530,1,9763,0
2120,W,9530,1,9763,0
2124,W,9530,1,9763,0
2128,W,9530,1,9763,0
2132,W,9530,1,9763,0
2136,W,9530,1,9763,0
2140,W,9530,1,9763,0
2144,W,9530,1,9763,0
2148,W,9530,1,9763,0
2152,W,9530,1,9763,0
2156,W,9530,1,9763,0
2160,W,9530,1,9763,0
2164,W,9530,1,9763,0
2168,W,9530,1,9763,0
2172,W,9530,1,9763,0
2176,W,9530,1,9763,0
2180,W,9530,1,9763,0
2184,W,9530,1,9763,0
2188,W,9530,1,9763,0
2192,W,9530,1,9763,0
2196,W,9530,1,9763,0
2200,W,9530,1,9763,0
2204,W,9530,1,9763,0
2208,W,9530,1,9763,0
2212,W,9530,1,9763,0
2216,W,9530,1,9763,0
2220,W,9530,1,9763,0
2224,W,9530,1,9763,0
2228,W,9530,1,9763,0
2232,W,9530,1,9763,0
2236,W,9530,1,9763,0
2240,W,9530,1,9763,0
2244,W,9530,1,9763,0
2248,W,9530,1,9763,0
2252,W,9530,1,9763,0
2256,W,9530,1,9763,0
2260,W,9530,1,9763,0
2264,W,9530,1,9763,0
2268,W,9530,1,9763,0
2272,W,9530,1,9763,0
2276,W,9530,1,9763,0
2280,W,9530,1,9763,0
2284,W,9530,1,9763,0
2288,W,9530,1,9763,0
2292,W,9530,1,9763,0
2296,W,9530,1,9763,0
2300,W,9530,1,9763,0
2304,R,9531,1,9765,0
2308,R,9531,1,9765,0
2312,R,9531,1,9765,0
2316,R,9531,1,9765,0
2320,R,9531,1,9765,0
2324,R,9531,1,9765,0
2328,R,9531,1,9765,0
2332,R,9531,1,9765,0
2336,R,9531,1,9765,0
2340,R,9531,1,9765,0
2344,R,9531,1,9765,0
2348,R,9531,1,9765,0
2352,R,9531,1,9765,0
2356,R,9531,1,9765,0
2360,R,9531,1,9765,0
2364,R,9531,1,9765,0
2368,R,9531,1,9765,0
2372,R,9531,1,9765,0
2376,R,9531,1,9765,0
2380,R,9531,1,9765,0
2384,R,9531,1,9765,0
2388,R,9531,1,9765,0
2392,R,9531,1,9765,0
2396,R,9531,1,9765,0
2400,R,9531,1,9765,0
2404,R,9531,1,9765,0
2408,R,9531,1,9765,0
2412,R,9531,1,9765,0
2416,R,9531,1,9765,0
2420,R,9531,1,9765,0
2424,R,9531,1,9765,0
2428,R,9531,1,9765,0
2432,R,9531,1,9765,0
2436,R,9531,1,9765,0
2440,R,9531,1,9765,0
2444,R,9531,1,9765,0
2448,R,9531,1,9765,0
2452,R,9531,1,9765,0
2456,R,9531,1,9765,0
2460,R,9531,1,9765,0
2464,R,9531,1,9765,0
2468,R,9531,1,9765,0
2472,R,9531,1,9765,0
2476,R,9531,1,9765,0
2480,R,9531,1,9765,0
2484,R,9531,1,9765,0
2488,R,9531,1,9765,0
2492,R,9531,1,9765,0
2496,R,9531,1,9765,0
2500,R,9531,1,9765,0
2504,R,9531,1,9765,0
2508,R,9531,1,9765,0
2512,R,9531,1,9765,0
2516,R,9531,1,9765,0
2520,R,9531,1,9765,0
2524,R,9531,1,9765,0
2528,R,9531,1,9765,0
2532,R,9531,1,9765,0
2536,R,9531,1,9765,0
2540,R,9531,1,9765,0
2544,R,9531,1,9765,0
2548,R,9531,1,9765,0
2552,R,9531,1,9765,0
2556,R,9531,1,9765,0
256,R,9531,1,9766,0
260,R,9531,1,9766,0
264,R,9531,1,9766,0
268,R,9531,1,9766,0
272,R,9531,1,9766,0
276,R,9531,1,9766,0
280,R,9531,1,9766,0
284,R,9531,1,9766,0
288,R,9531,1,9766,0
292,R,9531,1,9766,0
296,R,9531,1,9766,0
300,R,9531,1,9766,0
304,R,9531,1,9766,0
308,R,9531,1,9766,0
312,R,9531,1,9766,0
316,R,9531,1,9766,0
320,R,9531,1,9766,0
324,R,9531,1,9766,0
328,R,9531,1,9766,0
332,R,9531,1,9766,0
336,R,9531,1,9766,0
340,R,9531,1,9766,0
344,R,9531,1,9766,0
348,R,9531,1,9766,0
352,R,9531,1,9766,0
356,R,9531,1,9766,0
360,R,9531,1,9766,0
364,R,9531,1,9766,0
368,R,9531,1,9766,0
372,R,9531,1,9766,0
376,R,9531,1,9766,0
380,R,9531,1,9766,0
384,R,9531,1,9766,0
388,R,9531,1,9766,0
392,R,9531,1,9766,0
396,R,9531,1,9766,0
400,R,9531,1,9766,0
404,R,9531,1,9766,0
408,R,9531,1,9766,0
412,R,9531,1,9766,0
416,R,9531,1,9766,0
420,R,9531,1,9766,0
424,R,9531,1,9766,0
428,R,9531,1,9766,0
432,R,9531,1,9766,0
436,R,9531,1,9766,0
440,R,9531,1,9766,0
444,R,9531,1,9766,0
448,R,9531,1,9766,0
452,R,9531,1,9766,0
456,R,9531,1,9766,0
460,R,9531,1,9766,0
464,R,9531,1,9766,0
468,R,9531,1,9766,0
472,R,9531,1,9766,0
476,R,9531,1,9766,0
480,R,9531,1,9766,0
484,R,9531,1,9766,0
488,R,9531,1,9766,0
492,R,9531,1,9766,0
496,R,9531,1,9766,0
500,R,9531,1,9766,0
504,R,9531,1,9766,0
508,R,9531,1,9766,0
2304,W,9531,1,9769,0
2308,W,9531,1,9769,0
2312,W,9531,1,9769,0
2316,W,9531,1,9769,0
2320,W,9531,1,9769,0
2324,W,9531,1,9769,0
2328,W,9531,1,9769,0
2332,W,9531,1,9769,0
2336,W,9531,1,9769,0
2340,W,9531,1,9769,0
2344,W,9531,1,9769,0
2348,W,9531,1,9769,0
2352,W,9531,1,9769,0
2356,W,9531,1,9769,0
2360,W,9531,1,9769,0
2364,W,9531,1,9769,0
2368,W,9531,1,9769,0
2372,W,9531,1,9769,0
2376,W,9531,1,9769,0
2380,W,9531,1,9769,0
2384,W,9531,1,9769,0
2388,W,9531,1,9769,0
2392,W,9531,1,9769,0
2396,W,9531,1,9769,0
2400,W,9531,1,9769,0
2404,W,9531,1,9769,0
2408,W,9531,1,9769,0
2412,W,9531,1,9769,0
2416,W,9531,1,9769,0
2420,W,9531,1,9769,0
2424,W,9531,1,9769,0
2428,W,9531,1,9769,0
2432,W,9531,1,9769,0
2436,W,9531,1,9769,0
2440,W,9531,1,9769,0
2444,W,9531,1,9769,0
2448,W,9531,1,9769,0
2452,W,9531,1,9769,0
2456,W,9531,1,9769,0
2460,W,9531,1,9769,0
2464,W,9531,1,9769,0
2468,W,9531,1,9769,0
2472,W,9531,1,9769,0
2476,W,9531,1,9769,0
2480,W,9531,1,9769,0
2484,W,9531,1,9769,0
2488,W,9531,1,9769,0
2492,W,9531,1,9769,0
2496,W,9531,1,9769,0
2500,W,9531,1,9769,0
2504,W,9531,1,9769,0
2508,W,9531,1,9769,0
2512,W,9531,1,9769,0
2516,W,9531,1,9769,0
2520,W,9531,1,9769,0
2524,W,9531,1,9769,0
2528,W,9531,1,9769,0
2532,W,9531,1,9769,0
2536,W,9531,1,9769,0
2540,W,9531,1,9769,0
2544,W,9531,1,9769,0
2548,W,9531,1,9769,0
2552,W,9531,1,9769,0
2556,W,9531,1,9769,0
2048,R,9538,1,9780,0
2052,R,9538,1,9780,0
2056,R,9538,1,9780,0
2060,R,9538,1,9780,0
2064,R,9538,1,9780,0
2068,R,9538,1,9780,0
2072,R,9538,1,9780,0
2076,R,9538,1,9780,0
2080,R,9538,1,9780,0
2084,R,9538,1,9780,0
2088,R,9538,1,9780,0
2092,R,9538,1,9780,0
2096,R,9538,1,9780,0
2100,R,9538,1,9780,0
2104,R,9538,1,9780,0
2108,R,9538,1,9780,0
2112,R,9538,1,9780,0
2116,R,9538,1,9780,0
2120,R,9538,1,9780,0
2124,R,9538,1,9780,0
2128,R,9538,1,9780,0
2132,R,9538,1,9780,0
2136,R,9538,1,9780,0
2140,R,9538,1,9780,0
2144,R,9538,1,9780,0
2148,R,9538,1,9780,0
2152,R,9538,1,9780,0
2156,R,9538,1,9780,0
2160,R,9538,1,9780,0
2164,R,9538,1,9780,0
2168,R,9538,1,9780,0
2172,R,9538,1,9780,0
2176,R,9538,1,9780,0
2180,R,9538,1,9780,0
2184,R,9538,1,9780,0
2188,R,9538,1,9780,0
2192,R,9538,1,9780,0
2196,R,9538,1,9780,0
2200,R,9538,1,9780,0
2204,R,9538,1,9780,0
2208,R,9538,1,9780,0
2212,R,9538,1,9780,0
2216,R,9538,1,9780,0
2220,R,9538,1,9780,0
2224,R,9538,1,9780,0
2228,R,9538,1,9780,0
2232,R,9538,1,9780,0
2236,R,9538,1,9780,0
2240,R,9538,1,9780,0
2244,R,9538,1,9780,0
2248,R,9538,1,9780,0
2252,R,9538,1,9780,0
2256,R,9538,1,9780,0
2260,R,9538,1,9780,0
2264,R,9538,1,9780,0
2268,R,9538,1,9780,0
2272,R,9538,1,9780,0
2276,R,9538,1,9780,0
2280,R,9538,1,9780,0
2284,R,9538,1,9780,0
2288,R,9538,1,9780,0
2292,R,9538,1,9780,0
2296,R,9538,1,9780,0
2300,R,9538,1,9780,0
2048,W,9538,1,9784,0
2052,W,9538,1,9784,0
2056,W,9538,1,9784,0
2060,W,9538,1,9784,0
2064,W,9538,1,9784,0
2068,W,9538,1,9784,0
2072,W,9538,1,9784,0
2076,W,9538,1,9784,0
2080,W,9538,1,9784,0
2084,W,9538,1,9784,0
2088,W,9538,1,9784,0
2092,W,9538,1,9784,0
2096,W,9538,1,9784,0
2100,W,9538,1,9784,0
2104,W,9538,1,9784,0
2108,W,9538,1,9784,0
2112,W,9538,1,9784,0
2116,W,9538,1,9784,0
2120,W,9538,1,9784,0
2124,W,9538,1,9784,0
2128,W,9538,1,9784,0
2132,W,9538,1,9784,0
2136,W,9538,1,9784,0
2140,W,9538,1,9784,0
2144,W,9538,1,9784,0
2148,W,9538,1,9784,0
2152,W,9538,1,9784,0
2156,W,9538,1,9784,0
2160,W,9538,1,9784,0
2164,W,9538,1,9784,0
2168,W,9538,1,9784,0
2172,W,9538,1,9784,0
2176,W,9538,1,9784,0
2180,W,9538,1,9784,0
2184,W,9538,1,9784,0
2188,W,9538,1,9784,0
2192,W,9538,1,9784,0
2196,W,9538,1,9784,0
2200,W,9538,1,9784,0
2204,W,9538,1,9784,0
2208,W,9538,1,9784,0
2212,W,9538,1,9784,0
2216,W,9538,1,9784,0
2220,W,9538,1,9784,0
2224,W,9538,1,9784,0
2228,W,9538,1,9784,0
2232,W,9538,1,9784,0
2236,W,9538,1,9784,0
2240,W,9538,1,9784,0
2244,W,9538,1,9784,0
2248,W,9538,1,9784,0
2252,W,9538,1,9784,0
2256,W,9538,1,9784,0
2260,W,9538,1,9784,0
2264,W,9538,1,9784,0
2268,W,9538,1,9784,0
2272,W,9538,1,9784,0
2276,W,9538,1,9784,0
2280,W,9538,1,9784,0
2284,W,9538,1,9784,0
2288,W,9538,1,9784,0
2292,W,9538,1,9784,0
2296,W,9538,1,9784,0
2300,W,9538,1,9784,0
2304,R,9539,1,9786,0
2308,R,9539,1,9786,0
2312,R,9539,1,9786,0
2316,R,9539,1,9786,0
2320,R,9539,1,9786,0
2324,R,9539,1,9786,0
2328,R,9539,1,9786,0
2332,R,9539,1,9786,0
2336,R,9539,1,9786,0
2340,R,9539,1,9786,0
2344,R,9539,1,9786,0
2348,R,9539,1,9786,0
2352,R,9539,1,9786,0
2356,R,9539,1,9786,0
2360,R,9539,1,9786,0
2364,R,9539,1,9786,0
2368,R,9539,1,9786,0
2372,R,9539,1,9786,0
2376,R,9539,1,9786,0
2380,R,9539,1,9786,0
2384,R,9539,1,9786,0
2388,R,9539,1,9786,0
2392,R,9539,1,9786,0
2396,R,9539,1,9786,0
2400,R,9539,1,9786,0
2404,R,9539,1,9786,0
2408,R,9539,1,9786,0
2412,R,9539,1,9786,0
2416,R,9539,1,9786,0
2420,R,9539,1,9786,0
2424,R,9539,1,9786,0
2428,R,9539,1,9786,0
2432,R,9539,1,9786,0
2436,R,9539,1,9786,0
2440,R,9539,1,9786,0
2444,R,9539,1,9786,0
2448,R,9539,1,9786,0
2452,R,9539,1,9786,0
2456,R,9539,1,9786,0
2460,R,9539,1,9786,0
2464,R,9539,1,9786,0
2468,R,9539,1,9786,0
2472,R,9539,1,9786,0
2476,R,9539,1,9786,0
2480,R,9539,1,9786,0
2484,R,9539,1,9786,0
2488,R,9539,1,9786,0
2492,R,9539,1,9786,0
2496,R,9539,1,9786,0
2500,R,9539,1,9786,0
2504,R,9539,1,9786,0
2508,R,9539,1,9786,0
2512,R,9539,1,9786,0
2516,R,9539,1,9786,0
2520,R,9539,1,9786,0
2524,R,9539,1,9786,0
2528,R,9539,1,9786,0
2532,R,9539,1,9786,0
2536,R,9539,1,9786,0
2540,R,9539,1,9786,0
2544,R,9539,1,9786,0
2548,R,9539,1,9786,0
2552,R,9539,1,9786,0
2556,R,9539,1,9786,0
2304,W,9539,1,9790,0
2308,W,9539,1,9790,0
2312,W,9539,1,9790,0
2316,W,9539,1,9790,0
2320,W,9539,1,9790,0
2324,W,9539,1,9790,0
2328,W,9539,1,9790,0
2332,W,9539,1,9790,0
2336,W,9539,1,9790,0
2340,W,9539,1,9790,0
2344,W,9539,1,9790,0
2348,W,9539,1,9790,0
2352,W,9539,1,9790,0
2356,W,9539,1,9790,0
2360,W,9539,1,9790,0
2364,W,9539,1,9790,0
2368,W,9539,1,9790,0
2372,W,9539,1,9790,0
2376,W,9539,1,9790,0
2380,W,9539,1,9790,0
2384,W,9539,1,9790,0
2388,W,9539,1,9790,0
2392,W,9539,1,9790,0
2396,W,9539,1,9790,0
2400,W,9539,1,9790,0
2404,W,9539,1,9790,0
2408,W,9539,1,9790,0
2412,W,9539,1,9790,0
2416,W,9539,1,9790,0
2420,W,9539,1,9790,0
2424,W,9539,1,9790,0
2428,W,9539,1,9790,0
2432,W,9539,1,9790,0
2436,W,9539,1,9790,0
2440,W,9539,1,9790,0
2444,W,9539,1,9790,0
2448,W,9539,1,9790,0
2452,W,9539,1,9790,0
2456,W,9539,1,9790,0
2460,W,9539,1,9790,0
2464,W,9539,1,9790,0
2468,W,9539,1,9790,0
2472,W,9539,1,9790,0
2476,W,9539,1,9790,0
2480,W,9539,1,9790,0
2484,W,9539,1,9790,0
2488,W,9539,1,9790,0
2492,W,9539,1,9790,0
2496,W,9539,1,9790,0
2500,W,9539,1,9790,0
2504,W,9539,1,9790,0
2508,W,9539,1,9790,0
2512,W,9539,1,9790,0
2516,W,9539,1,9790,0
2520,W,9539,1,9790,0
2524,W,9539,1,9790,0
2528,W,9539,1,9790,0
2532,W,9539,1,9790,0
2536,W,9539,1,9790,0
2540,W,9539,1,9790,0
2544,W,9539,1,9790,0
2548,W,9539,1,9790,0
2552,W,9539,1,9790,0
2556,W,9539,1,9790,0
0,R,9546,1,9801,0
4,R,9546,1,9801,0
8,R,9546,1,9801,0
12,R,9546,1,9801,0
16,R,9546,1,9801,0
20,R,9546,1,9801,0
24,R,9546,1,9801,0
28,R,9546,1,9801,0
32,R,9546,1,9801,0
36,R,9546,1,9801,0
40,R,9546,1,9801,0
44,R,9546,1,9801,0
48,R,9546,1,9801,0
52,R,9546,1,9801,0
56,R,9546,1,9801,0
60,R,9546,1,9801,0
64,R,9546,1,9801,0
68,R,9546,1,9801,0
72,R,9546,1,9801,0
76,R,9546,1,9801,0
80,R,9546,1,9801,0
84,R,9546,1,9801,0
88,R,9546,1,9801,0
92,R,9546,1,9801,0
96,R,9546,1,9801,0
100,R,9546,1,9801,0
104,R,9546,1,9801,0
108,R,9546,1,9801,0
112,R,9546,1,9801,0
116,R,9546,1,9801,0
120,R,9546,1,9801,0
124,R,9546,1,9801,0
128,R,9546,1,9801,0
132,R,9546,1,9801,0
136,R,9546,1,9801,0
140,R,9546,1,9801,0
144,R,9546,1,9801,0
148,R,9546,1,9801,0
152,R,9546,1,9801,0
156,R,9546,1,9801,0
160,R,9546,1,9801,0
164,R,9546,1,9801,0
168,R,9546,1,9801,0
172,R,9546,1,9801,0
176,R,9546,1,9801,0
180,R,9546,1,9801,0
184,R,9546,1,9801,0
188,R,9546,1,9801,0
192,R,9546,1,9801,0
196,R,9546,1,9801,0
200,R,9546,1,9801,0
204,R,9546,1,9801,0
208,R,9546,1,9801,0
212,R,9546,1,9801,0
216,R,9546,1,9801,0
220,R,9546,1,9801,0
224,R,9546,1,9801,0
228,R,9546,1,9801,0
232,R,9546,1,9801,0
236,R,9546,1,9801,0
240,R,9546,1,9801,0
244,R,9546,1,9801,0
248,R,9546,1,9801,0
252,R,9546,1,9801,0
2048,R,9546,1,9802,0
2052,R,9546,1,9802,0
2056,R,9546,1,9802,0
2060,R,9546,1,9802,0
2064,R,9546,1,9802,0
2068,R,9546,1,9802,0
2072,R,9546,1,9802,0
2076,R,9546,1,9802,0
2080,R,9546,1,9802,0
2084,R,9546,1,9802,0
2088,R,9546,1,9802,0
2092,R,9546,1,9802,0
2096,R,9546,1,9802,0
2100,R,9546,1,9802,0
2104,R,9546,1,9802,0
2108,R,9546,1,9802,0
2112,R,9546,1,9802,0
2116,R,9546,1,9802,0
2120,R,9546,1,9802,0
2124,R,9546,1,9802,0
2128,R,9546,1,9802,0
2132,R,9546,1,9802,0
2136,R,9546,1,9802,0
2140,R,9546,1,9802,0
2144,R,9546,1,9802,0
2148,R,9546,1,9802,0
2152,R,9546,1,9802,0
2156,R,9546,1,9802,0
2160,R,9546,1,9802,0
2164,R,9546,1,9802,0
2168,R,9546,1,9802,0
2172,R,9546,1,9802,0
2176,R,9546,1,9802,0
2180,R,9546,1,9802,0
2184,R,9546,1,9802,0
2188,R,9546,1,9802,0
2192,R,9546,1,9802,0
2196,R,9546,1,9802,0
2200,R,9546,1,9802,0
2204,R,9546,1,9802,0
2208,R,9546,1,9802,0
2212,R,9546,1,9802,0
2216,R,9546,1,9802,0
2220,R,9546,1,9802,0
2224,R,9546,1,9802,0
2228,R,9546,1,9802,0
2232,R,9546,1,9802,0
2236,R,9546,1,9802,0
2240,R,9546,1,9802,0
2244,R,9546,1,9802,0
2248,R,9546,1,9802,0
2252,R,9546,1,9802,0
2256,R,9546,1,9802,0
2260,R,9546,1,9802,0
2264,R,9546,1,9802,0
2268,R,9546,1,9802,0
2272,R,9546,1,9802,0
2276,R,9546,1,9802,0
2280,R,9546,1,9802,0
2284,R,9546,1,9802,0
2288,R,9546,1,9802,0
2292,R,9546,1,9802,0
2296,R,9546,1,9802,0
2300,R,9546,1,9802,0
2048,W,9546,1,9805,0
2052,W,9546,1,9805,0
2056,W,9546,1,9805,0
2060,W,9546,1,9805,0
2064,W,9546,1,9805,0
2068,W,9546,1,9805,0
2072,W,9546,1,9805,0
2076,W,9546,1,9805,0
2080,W,9546,1,9805,0
2084,W,9546,1,9805,0
2088,W,9546,1,9805,0
2092,W,9546,1,9805,0
2096,W,9546,1,9805,0
2100,W,9546,1,9805,0
2104,W,9546,1,9805,0
2108,W,9546,1,9805,0
2112,W,9546,1,9805,0
2116,W,9546,1,9805,0
2120,W,9546,1,9805,0
2124,W,9546,1,9805,0
2128,W,9546,1,9805,0
2132,W,9546,1,9805,0
2136,W,9546,1,9805,0
2140,W,9546,1,9805,0
2144,W,9546,1,9805,0
2148,W,9546,1,9805,0
2152,W,9546,1,9805,0
2156,W,9546,1,9805,0
2160,W,9546,1,9805,0
2164,W,9546,1,9805,0
2168,W,9546,1,9805,0
2172,W,9546,1,9805,0
2176,W,9546,1,9805,0
2180,W,9546,1,9805,0
2184,W,9546,1,9805,0
2188,W,9546,1,9805,0
2192,W,9546,1,9805,0
2196,W,9546,1,9805,0
2200,W,9546,1,9805,0
2204,W,9546,1,9805,0
2208,W,9546,1,9805,0
2212,W,9546,1,9805,0
2216,W,9546,1,9805,0
2220,W,9546,1,9805,0
2224,W,9546,1,9805,0
2228,W,9546,1,9805,0
2232,W,9546,1,9805,0
2236,W,9546,1,9805,0
2240,W,9546,1,9805,0
2244,W,9546,1,9805,0
2248,W,9546,1,9805,0
2252,W,9546,1,9805,0
2256,W,9546,1,9805,0
2260,W,9546,1,9805,0
2264,W,9546,1,9805,0
2268,W,9546,1,9805,0
2272,W,9546,1,9805,0
2276,W,9546,1,9805,0
2280,W,9546,1,9805,0
2284,W,9546,1,9805,0
2288,W,9546,1,9805,0
2292,W,9546,1,9805,0
2296,W,9546,1,9805,0
2300,W,9546,1,9805,0
256,R,9547,1,9807,0
260,R,9547,1,9807,0
264,R,9547,1,9807,0
268,R,9547,1,9807,0
272,R,9547,1,9807,0
276,R,9547,1,9807,0
280,R,9547,1,9807,0
284,R,9547,1,9807,0
288,R,9547,1,9807,0
292,R,9547,1,9807,0
296,R,9547,1,9807,0
300,R,9547,1,9807,0
304,R,9547,1,9807,0
308,R,9547,1,9807,0
312,R,9547,1,9807,0
316,R,9547,1,9807,0
320,R,9547,1,9807,0
324,R,9547,1,9807,0
328,R,9547,1,9807,0
332,R,9547,1,9807,0
336,R,9547,1,9807,0
340,R,9547,1,9807,0
344,R,9547,1,9807,0
348,R,9547,1,9807,0
352,R,9547,1,9807,0
356,R,9547,1,9807,0
360,R,9547,1,9807,0
364,R,9547,1,9807,0
368,R,9547,1,9807,0
372,R,9547,1,9807,0
376,R,9547,1,9807,0
380,R,9547,1,9807,0
384,R,9547,1,9807,0
388,R,9547,1,9807,0
392,R,9547,1,9807,0
396,R,9547,1,9807,0
400,R,9547,1,9807,0
404,R,9547,1,9807,0
408,R,9547,1,9807,0
412,R,9547,1,9807,0
416,R,9547,1,9807,0
420,R,9547,1,9807,0
424,R,9547,1,9807,0
428,R,9547,1,9807,0
432,R,9547,1,9807,0
436,R,9547,1,9807,0
440,R,9547,1,9807,0
444,R,9547,1,9807,0
448,R,9547,1,9807,0
452,R,9547,1,9807,0
456,R,9547,1,9807,0
460,R,9547,1,9807,0
464,R,9547,1,9807,0
468,R,9547,1,9807,0
472,R,9547,1,9807,0
476,R,9547,1,9807,0
480,R,9547,1,9807,0
484,R,9547,1,9807,0
488,R,9547,1,9807,0
492,R,9547,1,9807,0
496,R,9547,1,9807,0
500,R,9547,1,9807,0
504,R,9547,1,9807,0
508,R,9547,1,9807,0
2304,R,9547,1,9808,0
2308,R,9547,1,9808,0
2312,R,9547,1,9808,0
2316,R,9547,1,9808,0
2320,R,9547,1,9808,0
2324,R,9547,1,9808,0
2328,R,9547,1,9808,0
2332,R,9547,1,9808,0
2336,R,9547,1,9808,0
2340,R,9547,1,9808,0
2344,R,9547,1,9808,0
2348,R,9547,1,9808,0
2352,R,9547,1,9808,0
2356,R,9547,1,9808,0
2360,R,9547,1,9808,0
2364,R,9547,1,9808,0
2368,R,9547,1,9808,0
2372,R,9547,1,9808,0
2376,R,9547,1,9808,0
2380,R,9547,1,9808,0
2384,R,9547,1,9808,0
2388,R,9547,1,9808,0
2392,R,9547,1,9808,0
2396,R,9547,1,9808,0
2400,R,9547,1,9808,0
2404,R,9547,1,9808,0
2408,R,9547,1,9808,0
2412,R,9547,1,9808,0
2416,R,9547,1,9808,0
2420,R,9547,1,9808,0
2424,R,9547,1,9808,0
2428,R,9547,1,9808,0
2432,R,9547,1,9808,0
2436,R,9547,1,9808,0
2440,R,9547,1,9808,0
2444,R,9547,1,9808,0
2448,R,9547,1,9808,0
2452,R,9547,1,9808,0
2456,R,9547,1,9808,0
2460,R,9547,1,9808,0
2464,R,9547,1,9808,0
2468,R,9547,1,9808,0
2472,R,9547,1,9808,0
2476,R,9547,1,9808,0
2480,R,9547,1,9808,0
2484,R,9547,1,9808,0
2488,R,9547,1,9808,0
2492,R,9547,1,9808,0
2496,R,9547,1,9808,0
2500,R,9547,1,9808,0
2504,R,9547,1,9808,0
2508,R,9547,1,9808,0
2512,R,9547,1,9808,0
2516,R,9547,1,9808,0
2520,R,9547,1,9808,0
2524,R,9547,1,9808,0
2528,R,9547,1,9808,0
2532,R,9547,1,9808,0
2536,R,9547,1,9808,0
2540,R,9547,1,9808,0
2544,R,9547,1,9808,0
2548,R,9547,1,9808,0
2552,R,9547,1,9808,0
2556,R,9547,1,9808,0
2304,W,9547,1,9811,0
2308,W,9547,1,9811,0
2312,W,9547,1,9811,0
2316,W,9547,1,9811,0
2320,W,9547,1,9811,0
2324,W,9547,1,9811,0
2328,W,9547,1,9811,0
2332,W,9547,1,9811,0
2336,W,9547,1,9811,0
2340,W,9547,1,9811,0
2344,W,9547,1,9811,0
2348,W,9547,1,9811,0
2352,W,9547,1,9811,0
2356,W,9547,1,9811,0
2360,W,9547,1,9811,0
2364,W,9547,1,9811,0
2368,W,9547,1,9811,0
2372,W,9547,1,9811,0
2376,W,9547,1,9811,0
2380,W,9547,1,9811,0
2384,W,9547,1,9811,0
2388,W,9547,1,9811,0
2392,W,9547,1,9811,0
2396,W,9547,1,9811,0
2400,W,9547,1,9811,0
2404,W,9547,1,9811,0
2408,W,9547,1,9811,0
2412,W,9547,1,9811,0
2416,W,9547,1,9811,0
2420,W,9547,1,9811,0
2424,W,9547,1,9811,0
2428,W,9547,1,9811,0
2432,W,9547,1,9811,0
2436,W,9547,1,9811,0
2440,W,9547,1,9811,0
2444,W,9547,1,9811,0
2448,W,9547,1,9811,0
2452,W,9547,1,9811,0
2456,W,9547,1,9811,0
2460,W,9547,1,9811,0
2464,W,9547,1,9811,0
2468,W,9547,1,9811,0
2472,W,9547,1,9811,0
2476,W,9547,1,9811,0
2480,W,9547,1,9811,0
2484,W,9547,1,9811,0
2488,W,9547,1,9811,0
2492,W,9547,1,9811,0
2496,W,9547,1,9811,0
2500,W,9547,1,9811,0
2504,W,9547,1,9811,0
2508,W,9547,1,9811,0
2512,W,9547,1,9811,0
2516,W,9547,1,9811,0
2520,W,9547,1,9811,0
2524,W,9547,1,9811,0
2528,W,9547,1,9811,0
2532,W,9547,1,9811,0
2536,W,9547,1,9811,0
2540,W,9547,1,9811,0
2544,W,9547,1,9811,0
2548,W,9547,1,9811,0
2552,W,9547,1,9811,0
2556,W,9547,1,9811,0
0,R,9570,1,9834,0
4,R,9570,1,9834,0
8,R,9570,1,9834,0
12,R,9570,1,9834,0
16,R,9570,1,9834,0
20,R,9570,1,9834,0
24,R,9570,1,9834,0
28,R,9570,1,9834,0
32,R,9570,1,9834,0
36,R,9570,1,9834,0
40,R,9570,1,9834,0
44,R,9570,1,9834,0
48,R,9570,1,9834,0
52,R,9570,1,9834,0
56,R,9570,1,9834,0
60,R,9570,1,9834,0
64,R,9570,1,9834,0
68,R,9570,1,9834,0
72,R,9570,1,9834,0
76,R,9570,1,9834,0
80,R,9570,1,9834,0
84,R,9570,1,9834,0
88,R,9570,1,9834,0
92,R,9570,1,9834,0
96,R,9570,1,9834,0
100,R,9570,1,9834,0
104,R,9570,1,9834,0
108,R,9570,1,9834,0
112,R,9570,1,9834,0
116,R,9570,1,9834,0
120,R,9570,1,9834,0
124,R,9570,1,9834,0
128,R,9570,1,9834,0
132,R,9570,1,9834,0
136,R,9570,1,9834,0
140,R,9570,1,9834,0
144,R,9570,1,9834,0
148,R,9570,1,9834,0
152,R,9570,1,9834,0
156,R,9570,1,9834,0
160,R,9570,1,9834,0
164,R,9570,1,9834,0
168,R,9570,1,9834,0
172,R,9570,1,9834,0
176,R,9570,1,9834,0
180,R,9570,1,9834,0
184,R,9570,1,9834,0
188,R,9570,1,9834,0
192,R,9570,1,9834,0
196,R,9570,1,9834,0
200,R,9570,1,9834,0
204,R,9570,1,9834,0
208,R,9570,1,9834,0
212,R,9570,1,9834,0
216,R,9570,1,9834,0
220,R,9570,1,9834,0
224,R,9570,1,9834,0
228,R,9570,1,9834,0
232,R,9570,1,9834,0
236,R,9570,1,9834,0
240,R,9570,1,9834,0
244,R,9570,1,9834,0
248,R,9570,1,9834,0
252,R,9570,1,9834,0
2048,R,9570,1,9835,0
2052,R,9570,1,9835,0
2056,R,9570,1,9835,0
2060,R,9570,1,9835,0
2064,R,9570,1,9835,0
2068,R,9570,1,9835,0
2072,R,9570,1,9835,0
2076,R,9570,1,9835,0
2080,R,9570,1,9835,0
2084,R,9570,1,9835,0
2088,R,9570,1,9835,0
2092,R,9570,1,9835,0
2096,R,9570,1,9835,0
2100,R,9570,1,9835,0
2104,R,9570,1,9835,0
2108,R,9570,1,9835,0
2112,R,9570,1,9835,0
2116,R,9570,1,9835,0
2120,R,9570,1,9835,0
2124,R,9570,1,9835,0
2128,R,9570,1,9835,0
2132,R,9570,1,9835,0
2136,R,9570,1,9835,0
2140,R,9570,1,9835,0
2144,R,9570,1,9835,0
2148,R,9570,1,9835,0
2152,R,9570,1,9835,0
2156,R,9570,1,9835,0
2160,R,9570,1,9835,0
2164,R,9570,1,9835,0
2168,R,9570,1,9835,0
2172,R,9570,1,9835,0
2176,R,9570,1,9835,0
2180,R,9570,1,9835,0
2184,R,9570,1,9835,0
2188,R,9570,1,9835,0
2192,R,9570,1,9835,0
2196,R,9570,1,9835,0
2200,R,9570,1,9835,0
2204,R,9570,1,9835,0
2208,R,9570,1,9835,0
2212,R,9570,1,9835,0
2216,R,9570,1,9835,0
2220,R,9570,1,9835,0
2224,R,9570,1,9835,0
2228,R,9570,1,9835,0
2232,R,9570,1,9835,0
2236,R,9570,1,9835,0
2240,R,9570,1,9835,0
2244,R,9570,1,9835,0
2248,R,9570,1,9835,0
2252,R,9570,1,9835,0
2256,R,9570,1,9835,0
2260,R,9570,1,9835,0
2264,R,9570,1,9835,0
2268,R,9570,1,9835,0
2272,R,9570,1,9835,0
2276,R,9570,1,9835,0
2280,R,9570,1,9835,0
2284,R,9570,1,9835,0
2288,R,9570,1,9835,0
2292,R,9570,1,9835,0
2296,R,9570,1,9835,0
2300,R,9570,1,9835,0
1024,W,9570,1,9838,0
1028,W,9570,1,9838,0
1032,W,9570,1,9838,0
1036,W,9570,1,9838,0
1040,W,9570,1,9838,0
1044,W,9570,1,9838,0
1048,W,9570,1,9838,0
1052,W,9570,1,9838,0
1056,W,9570,1,9838,0
1060,W,9570,1,9838,0
1064,W,9570,1,9838,0
1068,W,9570,1,9838,0
1072,W,9570,1,9838,0
1076,W,9570,1,9838,0
1080,W,9570,1,9838,0
1084,W,9570,1,9838,0
1088,W,9570,1,9838,0
1092,W,9570,1,9838,0
1096,W,9570,1,9838,0
1100,W,9570,1,9838,0
1104,W,9570,1,9838,0
1108,W,9570,1,9838,0
1112,W,9570,1,9838,0
1116,W,9570,1,9838,0
1120,W,9570,1,9838,0
1124,W,9570,1,9838,0
1128,W,9570,1,9838,0
1132,W,9570,1,9838,0
1136,W,9570,1,9838,0
1140,W,9570,1,9838,0
1144,W,9570,1,9838,0
1148,W,9570,1,9838,0
1152,W,9570,1,9838,0
1156,W,9570,1,9838,0
1160,W,9570,1,9838,0
1164,W,9570,1,9838,0
1168,W,9570,1,9838,0
1172,W,9570,1,9838,0
1176,W,9570,1,9838,0
1180,W,9570,1,9838,0
1184,W,9570,1,9838,0
1188,W,9570,1,9838,0
1192,W,9570,1,9838,0
1196,W,9570,1,9838,0
1200,W,9570,1,9838,0
1204,W,9570,1,9838,0
1208,W,9570,1,9838,0
1212,W,9570,1,9838,0
1216,W,9570,1,9838,0
1220,W,9570,1,9838,0
1224,W,9570,1,9838,0
1228,W,9570,1,9838,0
1232,W,9570,1,9838,0
1236,W,9570,1,9838,0
1240,W,9570,1,9838,0
1244,W,9570,1,9838,0
1248,W,9570,1,9838,0
1252,W,9570,1,9838,0
1256,W,9570,1,9838,0
1260,W,9570,1,9838,0
1264,W,9570,1,9838,0
1268,W,9570,1,9838,0
1272,W,9570,1,9838,0
1276,W,9570,1,9838,0
256,R,9571,1,9839,0
260,R,9571,1,9839,0
264,R,9571,1,9839,0
268,R,9571,1,9839,0
272,R,9571,1,9839,0
276,R,9571,1,9839,0
280,R,9571,1,9839,0
284,R,9571,1,9839,0
288,R,9571,1,9839,0
292,R,9571,1,9839,0
296,R,9571,1,9839,0
300,R,9571,1,9839,0
304,R,9571,1,9839,0
308,R,9571,1,9839,0
312,R,9571,1,9839,0
316,R,9571,1,9839,0
320,R,9571,1,9839,0
324,R,9571,1,9839,0
328,R,9571,1,9839,0
332,R,9571,1,9839,0
336,R,9571,1,9839,0
340,R,9571,1,9839,0
344,R,9571,1,9839,0
348,R,9571,1,9839,0
352,R,9571,1,9839,0
356,R,9571,1,9839,0
360,R,9571,1,9839,0
364,R,9571,1,9839,0
368,R,9571,1,9839,0
372,R,9571,1,9839,0
376,R,9571,1,9839,0
380,R,9571,1,9839,0
384,R,9571,1,9839,0
388,R,9571,1,9839,0
392,R,9571,1,9839,0
396,R,9571,1,9839,0
400,R,9571,1,9839,0
404,R,9571,1,9839,0
408,R,9571,1,9839,0
412,R,9571,1,9839,0
416,R,9571,1,9839,0
420,R,9571,1,9839,0
424,R,9571,1,9839,0
428,R,9571,1,9839,0
432,R,9571,1,9839,0
436,R,9571,1,9839,0
440,R,9571,1,9839,0
444,R,9571,1,9839,0
448,R,9571,1,9839,0
452,R,9571,1,9839,0
456,R,9571,1,9839,0
460,R,9571,1,9839,0
464,R,9571,1,9839,0
468,R,9571,1,9839,0
472,R,9571,1,9839,0
476,R,9571,1,9839,0
480,R,9571,1,9839,0
484,R,9571,1,9839,0
488,R,9571,1,9839,0
492,R,9571,1,9839,0
496,R,9571,1,9839,0
500,R,9571,1,9839,0
504,R,9571,1,9839,0
508,R,9571,1,9839,0
2304,R,9571,1,9840,0
2308,R,9571,1,9840,0
2312,R,9571,1,9840,0
2316,R,9571,1,9840,0
2320,R,9571,1,9840,0
2324,R,9571,1,9840,0
2328,R,9571,1,9840,0
2332,R,9571,1,9840,0
2336,R,9571,1,9840,0
2340,R,9571,1,9840,0
2344,R,9571,1,9840,0
2348,R,9571,1,9840,0
2352,R,9571,1,9840,0
2356,R,9571,1,9840,0
2360,R,9571,1,9840,0
2364,R,9571,1,9840,0
2368,R,9571,1,9840,0
2372,R,9571,1,9840,0
2376,R,9571,1,9840,0
2380,R,9571,1,9840,0
2384,R,9571,1,9840,0
2388,R,9571,1,9840,0
2392,R,9571,1,9840,0
2396,R,9571,1,9840,0
2400,R,9571,1,9840,0
2404,R,9571,1,9840,0
2408,R,9571,1,9840,0
2412,R,9571,1,9840,0
2416,R,9571,1,9840,0
2420,R,9571,1,9840,0
2424,R,9571,1,9840,0
2428,R,9571,1,9840,0
2432,R,9571,1,9840,0
2436,R,9571,1,9840,0
2440,R,9571,1,9840,0
2444,R,9571,1,9840,0
2448,R,9571,1,9840,0
2452,R,9571,1,9840,0
2456,R,9571,1,9840,0
2460,R,9571,1,9840,0
2464,R,9571,1,9840,0
2468,R,9571,1,9840,0
2472,R,9571,1,9840,0
2476,R,9571,1,9840,0
2480,R,9571,1,9840,0
2484,R,9571,1,9840,0
2488,R,9571,1,9840,0
2492,R,9571,1,9840,0
2496,R,9571,1,9840,0
2500,R,9571,1,9840,0
2504,R,9571,1,9840,0
2508,R,9571,1,9840,0
2512,R,9571,1,9840,0
2516,R,9571,1,9840,0
2520,R,9571,1,9840,0
2524,R,9571,1,9840,0
2528,R,9571,1,9840,0
2532,R,9571,1,9840,0
2536,R,9571,1,9840,0
2540,R,9571,1,9840,0
2544,R,9571,1,9840,0
2548,R,9571,1,9840,0
2552,R,9571,1,9840,0
2556,R,9571,1,9840,0
1280,W,9571,1,9843,0
1284,W,9571,1,9843,0
1288,W,9571,1,9843,0
1292,W,9571,1,9843,0
1296,W,9571,1,9843,0
1300,W,9571,1,9843,0
1304,W,9571,1,9843,0
1308,W,9571,1,9843,0
1312,W,9571,1,9843,0
1316,W,9571,1,9843,0
1320,W,9571,1,9843,0
1324,W,9571,1,9843,0
1328,W,9571,1,9843,0
1332,W,9571,1,9843,0
1336,W,9571,1,9843,0
1340,W,9571,1,9843,0
1344,W,9571,1,9843,0
1348,W,9571,1,9843,0
1352,W,9571,1,9843,0
1356,W,9571,1,9843,0
1360,W,9571,1,9843,0
1364,W,9571,1,9843,0
1368,W,9571,1,9843,0
1372,W,9571,1,9843,0
1376,W,9571,1,9843,0
1380,W,9571,1,9843,0
1384,W,9571,1,9843,0
1388,W,9571,1,9843,0
1392,W,9571,1,9843,0
1396,W,9571,1,9843,0
1400,W,9571,1,9843,0
1404,W,9571,1,9843,0
1408,W,9571,1,9843,0
1412,W,9571,1,9843,0
1416,W,9571,1,9843,0
1420,W,9571,1,9843,0
1424,W,9571,1,9843,0
1428,W,9571,1,9843,0
1432,W,9571,1,9843,0
1436,W,9571,1,9843,0
1440,W,9571,1,9843,0
1444,W,9571,1,9843,0
1448,W,9571,1,9843,0
1452,W,9571,1,9843,0
1456,W,9571,1,9843,0
1460,W,9571,1,9843,0
1464,W,9571,1,9843,0
1468,W,9571,1,9843,0
1472,W,9571,1,9843,0
1476,W,9571,1,9843,0
1480,W,9571,1,9843,0
1484,W,9571,1,9843,0
1488,W,9571,1,9843,0
1492,W,9571,1,9843,0
1496,W,9571,1,9843,0
1500,W,9571,1,9843,0
1504,W,9571,1,9843,0
1508,W,9571,1,9843,0
1512,W,9571,1,9843,0
1516,W,9571,1,9843,0
1520,W,9571,1,9843,0
1524,W,9571,1,9843,0
1528,W,9571,1,9843,0
1532,W,9571,1,9843,0
0,R,9587,1,9859,0
4,R,9587,1,9859,0
8,R,9587,1,9859,0
12,R,9587,1,9859,0
16,R,9587,1,9859,0
20,R,9587,1,9859,0
24,R,9587,1,9859,0
28,R,9587,1,9859,0
32,R,9587,1,9859,0
36,R,9587,1,9859,0
40,R,9587,1,9859,0
44,R,9587,1,9859,0
48,R,9587,1,9859,0
52,R,9587,1,9859,0
56,R,9587,1,9859,0
60,R,9587,1,9859,0
64,R,9587,1,9859,0
68,R,9587,1,9859,0
72,R,9587,1,9859,0
76,R,9587,1,9859,0
80,R,9587,1,9859,0
84,R,9587,1,9859,0
88,R,9587,1,9859,0
92,R,9587,1,9859,0
96,R,9587,1,9859,0
100,R,9587,1,9859,0
104,R,9587,1,9859,0
108,R,9587,1,9859,0
112,R,9587,1,9859,0
116,R,9587,1,9859,0
120,R,9587,1,9859,0
124,R,9587,1,9859,0
128,R,9587,1,9859,0
132,R,9587,1,9859,0
136,R,9587,1,9859,0
140,R,9587,1,9859,0
144,R,9587,1,9859,0
148,R,9587,1,9859,0
152,R,9587,1,9859,0
156,R,9587,1,9859,0
160,R,9587,1,9859,0
164,R,9587,1,9859,0
168,R,9587,1,9859,0
172,R,9587,1,9859,0
176,R,9587,1,9859,0
180,R,9587,1,9859,0
184,R,9587,1,9859,0
188,R,9587,1,9859,0
192,R,9587,1,9859,0
196,R,9587,1,9859,0
200,R,9587,1,9859,0
204,R,9587,1,9859,0
208,R,9587,1,9859,0
212,R,9587,1,9859,0
216,R,9587,1,9859,0
220,R,9587,1,9859,0
224,R,9587,1,9859,0
228,R,9587,1,9859,0
232,R,9587,1,9859,0
236,R,9587,1,9859,0
240,R,9587,1,9859,0
244,R,9587,1,9859,0
248,R,9587,1,9859,0
252,R,9587,1,9859,0
2048,W,9587,1,9862,0
2052,W,9587,1,9862,0
2056,W,9587,1,9862,0
2060,W,9587,1,9862,0
2064,W,9587,1,9862,0
2068,W,9587,1,9862,0
2072,W,9587,1,9862,0
2076,W,9587,1,9862,0
2080,W,9587,1,9862,0
2084,W,9587,1,9862,0
2088,W,9587,1,9862,0
2092,W,9587,1,9862,0
2096,W,9587,1,9862,0
2100,W,9587,1,9862,0
2104,W,9587,1,9862,0
2108,W,9587,1,9862,0
2112,W,9587,1,9862,0
2116,W,9587,1,9862,0
2120,W,9587,1,9862,0
2124,W,9587,1,9862,0
2128,W,9587,1,9862,0
2132,W,9587,1,9862,0
2136,W,9587,1,9862,0
2140,W,9587,1,9862,0
2144,W,9587,1,9862,0
2148,W,9587,1,9862,0
2152,W,9587,1,9862,0
2156,W,9587,1,9862,0
2160,W,9587,1,9862,0
2164,W,9587,1,9862,0
2168,W,9587,1,9862,0
2172,W,9587,1,9862,0
2176,W,9587,1,9862,0
2180,W,9587,1,9862,0
2184,W,9587,1,9862,0
2188,W,9587,1,9862,0
2192,W,9587,1,9862,0
2196,W,9587,1,9862,0
2200,W,9587,1,9862,0
2204,W,9587,1,9862,0
2208,W,9587,1,9862,0
2212,W,9587,1,9862,0
2216,W,9587,1,9862,0
2220,W,9587,1,9862,0
2224,W,9587,1,9862,0
2228,W,9587,1,9862,0
2232,W,9587,1,9862,0
2236,W,9587,1,9862,0
2240,W,9587,1,9862,0
2244,W,9587,1,9862,0
2248,W,9587,1,9862,0
2252,W,9587,1,9862,0
2256,W,9587,1,9862,0
2260,W,9587,1,9862,0
2264,W,9587,1,9862,0
2268,W,9587,1,9862,0
2272,W,9587,1,9862,0
2276,W,9587,1,9862,0
2280,W,9587,1,9862,0
2284,W,9587,1,9862,0
2288,W,9587,1,9862,0
2292,W,9587,1,9862,0
2296,W,9587,1,9862,0
2300,W,9587,1,9862,0
256,R,9588,1,9864,0
260,R,9588,1,9864,0
264,R,9588,1,9864,0
268,R,9588,1,9864,0
272,R,9588,1,9864,0
276,R,9588,1,9864,0
280,R,9588,1,9864,0
284,R,9588,1,9864,0
288,R,9588,1,9864,0
292,R,9588,1,9864,0
296,R,9588,1,9864,0
300,R,9588,1,9864,0
304,R,9588,1,9864,0
308,R,9588,1,9864,0
312,R,9588,1,9864,0
316,R,9588,1,9864,0
320,R,9588,1,9864,0
324,R,9588,1,9864,0
328,R,9588,1,9864,0
332,R,9588,1,9864,0
336,R,9588,1,9864,0
340,R,9588,1,9864,0
344,R,9588,1,9864,0
348,R,9588,1,9864,0
352,R,9588,1,9864,0
356,R,9588,1,9864,0
360,R,9588,1,9864,0
364,R,9588,1,9864,0
368,R,9588,1,9864,0
372,R,9588,1,9864,0
376,R,9588,1,9864,0
380,R,9588,1,9864,0
384,R,9588,1,9864,0
388,R,9588,1,9864,0
392,R,9588,1,9864,0
396,R,9588,1,9864,0
400,R,9588,1,9864,0
404,R,9588,1,9864,0
408,R,9588,1,9864,0
412,R,9588,1,9864,0
416,R,9588,1,9864,0
420,R,9588,1,9864,0
424,R,9588,1,9864,0
428,R,9588,1,9864,0
432,R,9588,1,9864,0
436,R,9588,1,9864,0
440,R,9588,1,9864,0
444,R,9588,1,9864,0
448,R,9588,1,9864,0
452,R,9588,1,9864,0
456,R,9588,1,9864,0
460,R,9588,1,9864,0
464,R,9588,1,9864,0
468,R,9588,1,9864,0
472,R,9588,1,9864,0
476,R,9588,1,9864,0
480,R,9588,1,9864,0
484,R,9588,1,9864,0
488,R,9588,1,9864,0
492,R,9588,1,9864,0
496,R,9588,1,9864,0
500,R,9588,1,9864,0
504,R,9588,1,9864,0
508,R,9588,1,9864,0
2304,W,9588,1,9867,0
2308,W,9588,1,9867,0
2312,W,9588,1,9867,0
2316,W,9588,1,9867,0
2320,W,9588,1,9867,0
2324,W,9588,1,9867,0
2328,W,9588,1,9867,0
2332,W,9588,1,9867,0
2336,W,9588,1,9867,0
2340,W,9588,1,9867,0
2344,W,9588,1,9867,0
2348,W,9588,1,9867,0
2352,W,9588,1,9867,0
2356,W,9588,1,9867,0
2360,W,9588,1,9867,0
2364,W,9588,1,9867,0
2368,W,9588,1,9867,0
2372,W,9588,1,9867,0
2376,W,9588,1,9867,0
2380,W,9588,1,9867,0
2384,W,9588,1,9867,0
2388,W,9588,1,9867,0
2392,W,9588,1,9867,0
2396,W,9588,1,9867,0
2400,W,9588,1,9867,0
2404,W,9588,1,9867,0
2408,W,9588,1,9867,0
2412,W,9588,1,9867,0
2416,W,9588,1,9867,0
2420,W,9588,1,9867,0
2424,W,9588,1,9867,0
2428,W,9588,1,9867,0
2432,W,9588,1,9867,0
2436,W,9588,1,9867,0
2440,W,9588,1,9867,0
2444,W,9588,1,9867,0
2448,W,9588,1,9867,0
2452,W,9588,1,9867,0
2456,W,9588,1,9867,0
2460,W,9588,1,9867,0
2464,W,9588,1,9867,0
2468,W,9588,1,9867,0
2472,W,9588,1,9867,0
2476,W,9588,1,9867,0
2480,W,9588,1,9867,0
2484,W,9588,1,9867,0
2488,W,9588,1,9867,0
2492,W,9588,1,9867,0
2496,W,9588,1,9867,0
2500,W,9588,1,9867,0
2504,W,9588,1,9867,0
2508,W,9588,1,9867,0
2512,W,9588,1,9867,0
2516,W,9588,1,9867,0
2520,W,9588,1,9867,0
2524,W,9588,1,9867,0
2528,W,9588,1,9867,0
2532,W,9588,1,9867,0
2536,W,9588,1,9867,0
2540,W,9588,1,9867,0
2544,W,9588,1,9867,0
2548,W,9588,1,9867,0
2552,W,9588,1,9867,0
2556,W,9588,1,9867,0
2048,R,9601,1,9890,0
2052,R,9601,1,9890,0
2056,R,9601,1,9890,0
2060,R,9601,1,9890,0
2064,R,9601,1,9890,0
2068,R,9601,1,9890,0
2072,R,9601,1,9890,0
2076,R,9601,1,9890,0
2080,R,9601,1,9890,0
2084,R,9601,1,9890,0
2088,R,9601,1,9890,0
2092,R,9601,1,9890,0
2096,R,9601,1,9890,0
2100,R,9601,1,9890,0
2104,R,9601,1,9890,0
2108,R,9601,1,9890,0
2112,R,9601,1,9890,0
2116,R,9601,1,9890,0
2120,R,9601,1,9890,0
2124,R,9601,1,9890,0
2128,R,9601,1,9890,0
2132,R,9601,1,9890,0
2136,R,9601,1,9890,0
2140,R,9601,1,9890,0
2144,R,9601,1,9890,0
2148,R,9601,1,9890,0
2152,R,9601,1,9890,0
2156,R,9601,1,9890,0
2160,R,9601,1,9890,0
2164,R,9601,1,9890,0
2168,R,9601,1,9890,0
2172,R,9601,1,9890,0
2176,R,9601,1,9890,0
2180,R,9601,1,9890,0
2184,R,9601,1,9890,0
2188,R,9601,1,9890,0
2192,R,9601,1,9890,0
2196,R,9601,1,9890,0
2200,R,9601,1,9890,0
2204,R,9601,1,9890,0
2208,R,9601,1,9890,0
2212,R,9601,1,9890,0
2216,R,9601,1,9890,0
2220,R,9601,1,9890,0
2224,R,9601,1,9890,0
2228,R,9601,1,9890,0
2232,R,9601,1,9890,0
2236,R,9601,1,9890,0
2240,R,9601,1,9890,0
2244,R,9601,1,9890,0
2248,R,9601,1,9890,0
2252,R,9601,1,9890,0
2256,R,9601,1,9890,0
2260,R,9601,1,9890,0
2264,R,9601,1,9890,0
2268,R,9601,1,9890,0
2272,R,9601,1,9890,0
2276,R,9601,1,9890,0
2280,R,9601,1,9890,0
2284,R,9601,1,9890,0
2288,R,9601,1,9890,0
2292,R,9601,1,9890,0
2296,R,9601,1,9890,0
2300,R,9601,1,9890,0
2048,W,9602,1,9896,0
2052,W,9602,1,9896,0
2056,W,9602,1,9896,0
2060,W,9602,1,9896,0
2064,W,9602,1,9896,0
2068,W,9602,1,9896,0
2072,W,9602,1,9896,0
2076,W,9602,1,9896,0
2080,W,9602,1,9896,0
2084,W,9602,1,9896,0
2088,W,9602,1,9896,0
2092,W,9602,1,9896,0
2096,W,9602,1,9896,0
2100,W,9602,1,9896,0
2104,W,9602,1,9896,0
2108,W,9602,1,9896,0
2112,W,9602,1,9896,0
2116,W,9602,1,9896,0
2120,W,9602,1,9896,0
2124,W,9602,1,9896,0
2128,W,9602,1,9896,0
2132,W,9602,1,9896,0
2136,W,9602,1,9896,0
2140,W,9602,1,9896,0
2144,W,9602,1,9896,0
2148,W,9602,1,9896,0
2152,W,9602,1,9896,0
2156,W,9602,1,9896,0
2160,W,9602,1,9896,0
2164,W,9602,1,9896,0
2168,W,9602,1,9896,0
2172,W,9602,1,9896,0
2176,W,9602,1,9896,0
2180,W,9602,1,9896,0
2184,W,9602,1,9896,0
2188,W,9602,1,9896,0
2192,W,9602,1,9896,0
2196,W,9602,1,9896,0
2200,W,9602,1,9896,0
2204,W,9602,1,9896,0
2208,W,9602,1,9896,0
2212,W,9602,1,9896,0
2216,W,9602,1,9896,0
2220,W,9602,1,9896,0
2224,W,9602,1,9896,0
2228,W,9602,1,9896,0
2232,W,9602,1,9896,0
2236,W,9602,1,9896,0
2240,W,9602,1,9896,0
2244,W,9602,1,9896,0
2248,W,9602,1,9896,0
2252,W,9602,1,9896,0
2256,W,9602,1,9896,0
2260,W,9602,1,9896,0
2264,W,9602,1,9896,0
2268,W,9602,1,9896,0
2272,W,9602,1,9896,0
2276,W,9602,1,9896,0
2280,W,9602,1,9896,0
2284,W,9602,1,9896,0
2288,W,9602,1,9896,0
2292,W,9602,1,9896,0
2296,W,9602,1,9896,0
2300,W,9602,1,9896,0
2304,R,9603,1,9898,0
2308,R,9603,1,9898,0
2312,R,9603,1,9898,0
2316,R,9603,1,9898,0
2320,R,9603,1,9898,0
2324,R,9603,1,9898,0
2328,R,9603,1,9898,0
2332,R,9603,1,9898,0
2336,R,9603,1,9898,0
2340,R,9603,1,9898,0
2344,R,9603,1,9898,0
2348,R,9603,1,9898,0
2352,R,9603,1,9898,0
2356,R,9603,1,9898,0
2360,R,9603,1,9898,0
2364,R,9603,1,9898,0
2368,R,9603,1,9898,0
2372,R,9603,1,9898,0
2376,R,9603,1,9898,0
2380,R,9603,1,9898,0
2384,R,9603,1,9898,0
2388,R,9603,1,9898,0
2392,R,9603,1,9898,0
2396,R,9603,1,9898,0
2400,R,9603,1,9898,0
2404,R,9603,1,9898,0
2408,R,9603,1,9898,0
2412,R,9603,1,9898,0
2416,R,9603,1,9898,0
2420,R,9603,1,9898,0
2424,R,9603,1,9898,0
2428,R,9603,1,9898,0
2432,R,9603,1,9898,0
2436,R,9603,1,9898,0
2440,R,9603,1,9898,0
2444,R,9603,1,9898,0
2448,R,9603,1,9898,0
2452,R,9603,1,9898,0
2456,R,9603,1,9898,0
2460,R,9603,1,9898,0
2464,R,9603,1,9898,0
2468,R,9603,1,9898,0
2472,R,9603,1,9898,0
2476,R,9603,1,9898,0
2480,R,9603,1,9898,0
2484,R,9603,1,9898,0
2488,R,9603,1,9898,0
2492,R,9603,1,9898,0
2496,R,9603,1,9898,0
2500,R,9603,1,9898,0
2504,R,9603,1,9898,0
2508,R,9603,1,9898,0
2512,R,9603,1,9898,0
2516,R,9603,1,9898,0
2520,R,9603,1,9898,0
2524,R,9603,1,9898,0
2528,R,9603,1,9898,0
2532,R,9603,1,9898,0
2536,R,9603,1,9898,0
2540,R,9603,1,9898,0
2544,R,9603,1,9898,0
2548,R,9603,1,9898,0
2552,R,9603,1,9898,0
2556,R,9603,1,9898,0
2304,W,9603,1,9902,0
2308,W,9603,1,9902,0
2312,W,9603,1,9902,0
2316,W,9603,1,9902,0
2320,W,9603,1,9902,0
2324,W,9603,1,9902,0
2328,W,9603,1,9902,0
2332,W,9603,1,9902,0
2336,W,9603,1,9902,0
2340,W,9603,1,9902,0
2344,W,9603,1,9902,0
2348,W,9603,1,9902,0
2352,W,9603,1,9902,0
2356,W,9603,1,9902,0
2360,W,9603,1,9902,0
2364,W,9603,1,9902,0
2368,W,9603,1,9902,0
2372,W,9603,1,9902,0
2376,W,9603,1,9902,0
2380,W,9603,1,9902,0
2384,W,9603,1,9902,0
2388,W,9603,1,9902,0
2392,W,9603,1,9902,0
2396,W,9603,1,9902,0
2400,W,9603,1,9902,0
2404,W,9603,1,9902,0
2408,W,9603,1,9902,0
2412,W,9603,1,9902,0
2416,W,9603,1,9902,0
2420,W,9603,1,9902,0
2424,W,9603,1,9902,0
2428,W,9603,1,9902,0
2432,W,9603,1,9902,0
2436,W,9603,1,9902,0
2440,W,9603,1,9902,0
2444,W,9603,1,9902,0
2448,W,9603,1,9902,0
2452,W,9603,1,9902,0
2456,W,9603,1,9902,0
2460,W,9603,1,9902,0
2464,W,9603,1,9902,0
2468,W,9603,1,9902,0
2472,W,9603,1,9902,0
2476,W,9603,1,9902,0
2480,W,9603,1,9902,0
2484,W,9603,1,9902,0
2488,W,9603,1,9902,0
2492,W,9603,1,9902,0
2496,W,9603,1,9902,0
2500,W,9603,1,9902,0
2504,W,9603,1,9902,0
2508,W,9603,1,9902,0
2512,W,9603,1,9902,0
2516,W,9603,1,9902,0
2520,W,9603,1,9902,0
2524,W,9603,1,9902,0
2528,W,9603,1,9902,0
2532,W,9603,1,9902,0
2536,W,9603,1,9902,0
2540,W,9603,1,9902,0
2544,W,9603,1,9902,0
2548,W,9603,1,9902,0
2552,W,9603,1,9902,0
2556,W,9603,1,9902,0
2048,R,9610,1,9913,0
2052,R,9610,1,9913,0
2056,R,9610,1,9913,0
2060,R,9610,1,9913,0
2064,R,9610,1,9913,0
2068,R,9610,1,9913,0
2072,R,9610,1,9913,0
2076,R,9610,1,9913,0
2080,R,9610,1,9913,0
2084,R,9610,1,9913,0
2088,R,9610,1,9913,0
2092,R,9610,1,9913,0
2096,R,9610,1,9913,0
2100,R,9610,1,9913,0
2104,R,9610,1,9913,0
2108,R,9610,1,9913,0
2112,R,9610,1,9913,0
2116,R,9610,1,9913,0
2120,R,9610,1,9913,0
2124,R,9610,1,9913,0
2128,R,9610,1,9913,0
2132,R,9610,1,9913,0
2136,R,9610,1,9913,0
2140,R,9610,1,9913,0
2144,R,9610,1,9913,0
2148,R,9610,1,9913,0
2152,R,9610,1,9913,0
2156,R,9610,1,9913,0
2160,R,9610,1,9913,0
2164,R,9610,1,9913,0
2168,R,9610,1,9913,0
2172,R,9610,1,9913,0
2176,R,9610,1,9913,0
2180,R,9610,1,9913,0
2184,R,9610,1,9913,0
2188,R,9610,1,9913,0
2192,R,9610,1,9913,0
2196,R,9610,1,9913,0
2200,R,9610,1,9913,0
2204,R,9610,1,9913,0
2208,R,9610,1,9913,0
2212,R,9610,1,9913,0
2216,R,9610,1,9913,0
2220,R,9610,1,9913,0
2224,R,9610,1,9913,0
2228,R,9610,1,9913,0
2232,R,9610,1,9913,0
2236,R,9610,1,9913,0
2240,R,9610,1,9913,0
2244,R,9610,1,9913,0
2248,R,9610,1,9913,0
2252,R,9610,1,9913,0
2256,R,9610,1,9913,0
2260,R,9610,1,9913,0
2264,R,9610,1,9913,0
2268,R,9610,1,9913,0
2272,R,9610,1,9913,0
2276,R,9610,1,9913,0
2280,R,9610,1,9913,0
2284,R,9610,1,9913,0
2288,R,9610,1,9913,0
2292,R,9610,1,9913,0
2296,R,9610,1,9913,0
2300,R,9610,1,9913,0
0,R,9610,1,9914,0
4,R,9610,1,9914,0
8,R,9610,1,9914,0
12,R,9610,1,9914,0
16,R,9610,1,9914,0
20,R,9610,1,9914,0
24,R,9610,1,9914,0
28,R,9610,1,9914,0
32,R,9610,1,9914,0
36,R,9610,1,9914,0
40,R,9610,1,9914,0
44,R,9610,1,9914,0
48,R,9610,1,9914,0
52,R,9610,1,9914,0
56,R,9610,1,9914,0
60,R,9610,1,9914,0
64,R,9610,1,9914,0
68,R,9610,1,9914,0
72,R,9610,1,9914,0
76,R,9610,1,9914,0
80,R,9610,1,9914,0
84,R,9610,1,9914,0
88,R,9610,1,9914,0
92,R,9610,1,9914,0
96,R,9610,1,9914,0
100,R,9610,1,9914,0
104,R,9610,1,9914,0
108,R,9610,1,9914,0
112,R,9610,1,9914,0
116,R,9610,1,9914,0
120,R,9610,1,9914,0
124,R,9610,1,9914,0
128,R,9610,1,9914,0
132,R,9610,1,9914,0
136,R,9610,1,9914,0
140,R,9610,1,9914,0
144,R,9610,1,9914,0
148,R,9610,1,9914,0
152,R,9610,1,9914,0
156,R,9610,1,9914,0
160,R,9610,1,9914,0
164,R,9610,1,9914,0
168,R,9610,1,9914,0
172,R,9610,1,9914,0
176,R,9610,1,9914,0
180,R,9610,1,9914,0
184,R,9610,1,9914,0
188,R,9610,1,9914,0
192,R,9610,1,9914,0
196,R,9610,1,9914,0
200,R,9610,1,9914,0
204,R,9610,1,9914,0
208,R,9610,1,9914,0
212,R,9610,1,9914,0
216,R,9610,1,9914,0
220,R,9610,1,9914,0
224,R,9610,1,9914,0
228,R,9610,1,9914,0
232,R,9610,1,9914,0
236,R,9610,1,9914,0
240,R,9610,1,9914,0
244,R,9610,1,9914,0
248,R,9610,1,9914,0
252,R,9610,1,9914,0
2048,W,9610,1,9917,0
2052,W,9610,1,9917,0
2056,W,9610,1,9917,0
2060,W,9610,1,9917,0
2064,W,9610,1,9917,0
2068,W,9610,1,9917,0
2072,W,9610,1,9917,0
2076,W,9610,1,9917,0
2080,W,9610,1,9917,0
2084,W,9610,1,9917,0
2088,W,9610,1,9917,0
2092,W,9610,1,9917,0
2096,W,9610,1,9917,0
2100,W,9610,1,9917,0
2104,W,9610,1,9917,0
2108,W,9610,1,9917,0
2112,W,9610,1,9917,0
2116,W,9610,1,9917,0
2120,W,9610,1,9917,0
2124,W,9610,1,9917,0
2128,W,9610,1,9917,0
2132,W,9610,1,9917,0
2136,W,9610,1,9917,0
2140,W,9610,1,9917,0
2144,W,9610,1,9917,0
2148,W,9610,1,9917,0
2152,W,9610,1,9917,0
2156,W,9610,1,9917,0
2160,W,9610,1,9917,0
2164,W,9610,1,9917,0
2168,W,9610,1,9917,0
2172,W,9610,1,9917,0
2176,W,9610,1,9917,0
2180,W,9610,1,9917,0
2184,W,9610,1,9917,0
2188,W,9610,1,9917,0
2192,W,9610,1,9917,0
2196,W,9610,1,9917,0
2200,W,9610,1,9917,0
2204,W,9610,1,9917,0
2208,W,9610,1,9917,0
2212,W,9610,1,9917,0
2216,W,9610,1,9917,0
2220,W,9610,1,9917,0
2224,W,9610,1,9917,0
2228,W,9610,1,9917,0
2232,W,9610,1,9917,0
2236,W,9610,1,9917,0
2240,W,9610,1,9917,0
2244,W,9610,1,9917,0
2248,W,9610,1,9917,0
2252,W,9610,1,9917,0
2256,W,9610,1,9917,0
2260,W,9610,1,9917,0
2264,W,9610,1,9917,0
2268,W,9610,1,9917,0
2272,W,9610,1,9917,0
2276,W,9610,1,9917,0
2280,W,9610,1,9917,0
2284,W,9610,1,9917,0
2288,W,9610,1,9917,0
2292,W,9610,1,9917,0
2296,W,9610,1,9917,0
2300,W,9610,1,9917,0
2304,R,9611,1,9919,0
2308,R,9611,1,9919,0
2312,R,9611,1,9919,0
2316,R,9611,1,9919,0
2320,R,9611,1,9919,0
2324,R,9611,1,9919,0
2328,R,9611,1,9919,0
2332,R,9611,1,9919,0
2336,R,9611,1,9919,0
2340,R,9611,1,9919,0
2344,R,9611,1,9919,0
2348,R,9611,1,9919,0
2352,R,9611,1,9919,0
2356,R,9611,1,9919,0
2360,R,9611,1,9919,0
2364,R,9611,1,9919,0
2368,R,9611,1,9919,0
2372,R,9611,1,9919,0
2376,R,9611,1,9919,0
2380,R,9611,1,9919,0
2384,R,9611,1,9919,0
2388,R,9611,1,9919,0
2392,R,9611,1,9919,0
2396,R,9611,1,9919,0
2400,R,9611,1,9919,0
2404,R,9611,1,9919,0
2408,R,9611,1,9919,0
2412,R,9611,1,9919,0
2416,R,9611,1,9919,0
2420,R,9611,1,9919,0
2424,R,9611,1,9919,0
2428,R,9611,1,9919,0
2432,R,9611,1,9919,0
2436,R,9611,1,9919,0
2440,R,9611,1,9919,0
2444,R,9611,1,9919,0
2448,R,9611,1,9919,0
2452,R,9611,1,9919,0
2456,R,9611,1,9919,0
2460,R,9611,1,9919,0
2464,R,9611,1,9919,0
2468,R,9611,1,9919,0
2472,R,9611,1,9919,0
2476,R,9611,1,9919,0
2480,R,9611,1,9919,0
2484,R,9611,1,9919,0
2488,R,9611,1,9919,0
2492,R,9611,1,9919,0
2496,R,9611,1,9919,0
2500,R,9611,1,9919,0
2504,R,9611,1,9919,0
2508,R,9611,1,9919,0
2512,R,9611,1,9919,0
2516,R,9611,1,9919,0
2520,R,9611,1,9919,0
2524,R,9611,1,9919,0
2528,R,9611,1,9919,0
2532,R,9611,1,9919,0
2536,R,9611,1,9919,0
2540,R,9611,1,9919,0
2544,R,9611,1,9919,0
2548,R,9611,1,9919,0
2552,R,9611,1,9919,0
2556,R,9611,1,9919,0
256,R,9611,1,9920,0
260,R,9611,1,9920,0
264,R,9611,1,9920,0
268,R,9611,1,9920,0
272,R,9611,1,9920,0
276,R,9611,1,9920,0
280,R,9611,1,9920,0
284,R,9611,1,9920,0
288,R,9611,1,9920,0
292,R,9611,1,9920,0
296,R,9611,1,9920,0
300,R,9611,1,9920,0
304,R,9611,1,9920,0
308,R,9611,1,9920,0
312,R,9611,1,9920,0
316,R,9611,1,9920,0
320,R,9611,1,9920,0
324,R,9611,1,9920,0
328,R,9611,1,9920,0
332,R,9611,1,9920,0
336,R,9611,1,9920,0
340,R,9611,1,9920,0
344,R,9611,1,9920,0
348,R,9611,1,9920,0
352,R,9611,1,9920,0
356,R,9611,1,9920,0
360,R,9611,1,9920,0
364,R,9611,1,9920,0
368,R,9611,1,9920,0
372,R,9611,1,9920,0
376,R,9611,1,9920,0
380,R,9611,1,9920,0
384,R,9611,1,9920,0
388,R,9611,1,9920,0
392,R,9611,1,9920,0
396,R,9611,1,9920,0
400,R,9611,1,9920,0
404,R,9611,1,9920,0
408,R,9611,1,9920,0
412,R,9611,1,9920,0
416,R,9611,1,9920,0
420,R,9611,1,9920,0
424,R,9611,1,9920,0
428,R,9611,1,9920,0
432,R,9611,1,9920,0
436,R,9611,1,9920,0
440,R,9611,1,9920,0
444,R,9611,1,9920,0
448,R,9611,1,9920,0
452,R,9611,1,9920,0
456,R,9611,1,9920,0
460,R,9611,1,9920,0
464,R,9611,1,9920,0
468,R,9611,1,9920,0
472,R,9611,1,9920,0
476,R,9611,1,9920,0
480,R,9611,1,9920,0
484,R,9611,1,9920,0
488,R,9611,1,9920,0
492,R,9611,1,9920,0
496,R,9611,1,9920,0
500,R,9611,1,9920,0
504,R,9611,1,9920,0
508,R,9611,1,9920,0
2304,W,9611,1,9923,0
2308,W,9611,1,9923,0
2312,W,9611,1,9923,0
2316,W,9611,1,9923,0
2320,W,9611,1,9923,0
2324,W,9611,1,9923,0
2328,W,9611,1,9923,0
2332,W,9611,1,9923,0
2336,W,9611,1,9923,0
2340,W,9611,1,9923,0
2344,W,9611,1,9923,0
2348,W,9611,1,9923,0
2352,W,9611,1,9923,0
2356,W,9611,1,9923,0
2360,W,9611,1,9923,0
2364,W,9611,1,9923,0
2368,W,9611,1,9923,0
2372,W,9611,1,9923,0
2376,W,9611,1,9923,0
2380,W,9611,1,9923,0
2384,W,9611,1,9923,0
2388,W,9611,1,9923,0
2392,W,9611,1,9923,0
2396,W,9611,1,9923,0
2400,W,9611,1,9923,0
2404,W,9611,1,9923,0
2408,W,9611,1,9923,0
2412,W,9611,1,9923,0
2416,W,9611,1,9923,0
2420,W,9611,1,9923,0
2424,W,9611,1,9923,0
2428,W,9611,1,9923,0
2432,W,9611,1,9923,0
2436,W,9611,1,9923,0
2440,W,9611,1,9923,0
2444,W,9611,1,9923,0
2448,W,9611,1,9923,0
2452,W,9611,1,9923,0
2456,W,9611,1,9923,0
2460,W,9611,1,9923,0
2464,W,9611,1,9923,0
2468,W,9611,1,9923,0
2472,W,9611,1,9923,0
2476,W,9611,1,9923,0
2480,W,9611,1,9923,0
2484,W,9611,1,9923,0
2488,W,9611,1,9923,0
2492,W,9611,1,9923,0
2496,W,9611,1,9923,0
2500,W,9611,1,9923,0
2504,W,9611,1,9923,0
2508,W,9611,1,9923,0
2512,W,9611,1,9923,0
2516,W,9611,1,9923,0
2520,W,9611,1,9923,0
2524,W,9611,1,9923,0
2528,W,9611,1,9923,0
2532,W,9611,1,9923,0
2536,W,9611,1,9923,0
2540,W,9611,1,9923,0
2544,W,9611,1,9923,0
2548,W,9611,1,9923,0
2552,W,9611,1,9923,0
2556,W,9611,1,9923,0
2048,R,9618,1,9934,0
2052,R,9618,1,9934,0
2056,R,9618,1,9934,0
2060,R,9618,1,9934,0
2064,R,9618,1,9934,0
2068,R,9618,1,9934,0
2072,R,9618,1,9934,0
2076,R,9618,1,9934,0
2080,R,9618,1,9934,0
2084,R,9618,1,9934,0
2088,R,9618,1,9934,0
2092,R,9618,1,9934,0
2096,R,9618,1,9934,0
2100,R,9618,1,9934,0
2104,R,9618,1,9934,0
2108,R,9618,1,9934,0
2112,R,9618,1,9934,0
2116,R,9618,1,9934,0
2120,R,9618,1,9934,0
2124,R,9618,1,9934,0
2128,R,9618,1,9934,0
2132,R,9618,1,9934,0
2136,R,9618,1,9934,0
2140,R,9618,1,9934,0
2144,R,9618,1,9934,0
2148,R,9618,1,9934,0
2152,R,9618,1,9934,0
2156,R,9618,1,9934,0
2160,R,9618,1,9934,0
2164,R,9618,1,9934,0
2168,R,9618,1,9934,0
2172,R,9618,1,9934,0
2176,R,9618,1,9934,0
2180,R,9618,1,9934,0
2184,R,9618,1,9934,0
2188,R,9618,1,9934,0
2192,R,9618,1,9934,0
2196,R,9618,1,9934,0
2200,R,9618,1,9934,0
2204,R,9618,1,9934,0
2208,R,9618,1,9934,0
2212,R,9618,1,9934,0
2216,R,9618,1,9934,0
2220,R,9618,1,9934,0
2224,R,9618,1,9934,0
2228,R,9618,1,9934,0
2232,R,9618,1,9934,0
2236,R,9618,1,9934,0
2240,R,9618,1,9934,0
2244,R,9618,1,9934,0
2248,R,9618,1,9934,0
2252,R,9618,1,9934,0
2256,R,9618,1,9934,0
2260,R,9618,1,9934,0
2264,R,9618,1,9934,0
2268,R,9618,1,9934,0
2272,R,9618,1,9934,0
2276,R,9618,1,9934,0
2280,R,9618,1,9934,0
2284,R,9618,1,9934,0
2288,R,9618,1,9934,0
2292,R,9618,1,9934,0
2296,R,9618,1,9934,0
2300,R,9618,1,9934,0
2048,W,9618,1,9938,0
2052,W,9618,1,9938,0
2056,W,9618,1,9938,0
2060,W,9618,1,9938,0
2064,W,9618,1,9938,0
2068,W,9618,1,9938,0
2072,W,9618,1,9938,0
2076,W,9618,1,9938,0
2080,W,9618,1,9938,0
2084,W,9618,1,9938,0
2088,W,9618,1,9938,0
2092,W,9618,1,9938,0
2096,W,9618,1,9938,0
2100,W,9618,1,9938,0
2104,W,9618,1,9938,0
2108,W,9618,1,9938,0
2112,W,9618,1,9938,0
2116,W,9618,1,9938,0
2120,W,9618,1,9938,0
2124,W,9618,1,9938,0
2128,W,9618,1,9938,0
2132,W,9618,1,9938,0
2136,W,9618,1,9938,0
2140,W,9618,1,9938,0
2144,W,9618,1,9938,0
2148,W,9618,1,9938,0
2152,W,9618,1,9938,0
2156,W,9618,1,9938,0
2160,W,9618,1,9938,0
2164,W,9618,1,9938,0
2168,W,9618,1,9938,0
2172,W,9618,1,9938,0
2176,W,9618,1,9938,0
2180,W,9618,1,9938,0
2184,W,9618,1,9938,0
2188,W,9618,1,9938,0
2192,W,9618,1,9938,0
2196,W,9618,1,9938,0
2200,W,9618,1,9938,0
2204,W,9618,1,9938,0
2208,W,9618,1,9938,0
2212,W,9618,1,9938,0
2216,W,9618,1,9938,0
2220,W,9618,1,9938,0
2224,W,9618,1,9938,0
2228,W,9618,1,9938,0
2232,W,9618,1,9938,0
2236,W,9618,1,9938,0
2240,W,9618,1,9938,0
2244,W,9618,1,9938,0
2248,W,9618,1,9938,0
2252,W,9618,1,9938,0
2256,W,9618,1,9938,0
2260,W,9618,1,9938,0
2264,W,9618,1,9938,0
2268,W,9618,1,9938,0
2272,W,9618,1,9938,0
2276,W,9618,1,9938,0
2280,W,9618,1,9938,0
2284,W,9618,1,9938,0
2288,W,9618,1,9938,0
2292,W,9618,1,9938,0
2296,W,9618,1,9938,0
2300,W,9618,1,9938,0
2304,R,9619,1,9940,0
2308,R,9619,1,9940,0
2312,R,9619,1,9940,0
2316,R,9619,1,9940,0
2320,R,9619,1,9940,0
2324,R,9619,1,9940,0
2328,R,9619,1,9940,0
2332,R,9619,1,9940,0
2336,R,9619,1,9940,0
2340,R,9619,1,9940,0
2344,R,9619,1,9940,0
2348,R,9619,1,9940,0
2352,R,9619,1,9940,0
2356,R,9619,1,9940,0
2360,R,9619,1,9940,0
2364,R,9619,1,9940,0
2368,R,9619,1,9940,0
2372,R,9619,1,9940,0
2376,R,9619,1,9940,0
2380,R,9619,1,9940,0
2384,R,9619,1,9940,0
2388,R,9619,1,9940,0
2392,R,9619,1,9940,0
2396,R,9619,1,9940,0
2400,R,9619,1,9940,0
2404,R,9619,1,9940,0
2408,R,9619,1,9940,0
2412,R,9619,1,9940,0
2416,R,9619,1,9940,0
2420,R,9619,1,9940,0
2424,R,9619,1,9940,0
2428,R,9619,1,9940,0
2432,R,9619,1,9940,0
2436,R,9619,1,9940,0
2440,R,9619,1,9940,0
2444,R,9619,1,9940,0
2448,R,9619,1,9940,0
2452,R,9619,1,9940,0
2456,R,9619,1,9940,0
2460,R,9619,1,9940,0
2464,R,9619,1,9940,0
2468,R,9619,1,9940,0
2472,R,9619,1,9940,0
2476,R,9619,1,9940,0
2480,R,9619,1,9940,0
2484,R,9619,1,9940,0
2488,R,9619,1,9940,0
2492,R,9619,1,9940,0
2496,R,9619,1,9940,0
2500,R,9619,1,9940,0
2504,R,9619,1,9940,0
2508,R,9619,1,9940,0
2512,R,9619,1,9940,0
2516,R,9619,1,9940,0
2520,R,9619,1,9940,0
2524,R,9619,1,9940,0
2528,R,9619,1,9940,0
2532,R,9619,1,9940,0
2536,R,9619,1,9940,0
2540,R,9619,1,9940,0
2544,R,9619,1,9940,0
2548,R,9619,1,9940,0
2552,R,9619,1,9940,0
2556,R,9619,1,9940,0
2304,W,9619,1,9944,0
2308,W,9619,1,9944,0
2312,W,9619,1,9944,0
2316,W,9619,1,9944,0
2320,W,9619,1,9944,0
2324,W,9619,1,9944,0
2328,W,9619,1,9944,0
2332,W,9619,1,9944,0
2336,W,9619,1,9944,0
2340,W,9619,1,9944,0
2344,W,9619,1,9944,0
2348,W,9619,1,9944,0
2352,W,9619,1,9944,0
2356,W,9619,1,9944,0
2360,W,9619,1,9944,0
2364,W,9619,1,9944,0
2368,W,9619,1,9944,0
2372,W,9619,1,9944,0
2376,W,9619,1,9944,0
2380,W,9619,1,9944,0
2384,W,9619,1,9944,0
2388,W,9619,1,9944,0
2392,W,9619,1,9944,0
2396,W,9619,1,9944,0
2400,W,9619,1,9944,0
2404,W,9619,1,9944,0
2408,W,9619,1,9944,0
2412,W,9619,1,9944,0
2416,W,9619,1,9944,0
2420,W,9619,1,9944,0
2424,W,9619,1,9944,0
2428,W,9619,1,9944,0
2432,W,9619,1,9944,0
2436,W,9619,1,9944,0
2440,W,9619,1,9944,0
2444,W,9619,1,9944,0
2448,W,9619,1,9944,0
2452,W,9619,1,9944,0
2456,W,9619,1,9944,0
2460,W,9619,1,9944,0
2464,W,9619,1,9944,0
2468,W,9619,1,9944,0
2472,W,9619,1,9944,0
2476,W,9619,1,9944,0
2480,W,9619,1,9944,0
2484,W,9619,1,9944,0
2488,W,9619,1,9944,0
2492,W,9619,1,9944,0
2496,W,9619,1,9944,0
2500,W,9619,1,9944,0
2504,W,9619,1,9944,0
2508,W,9619,1,9944,0
2512,W,9619,1,9944,0
2516,W,9619,1,9944,0
2520,W,9619,1,9944,0
2524,W,9619,1,9944,0
2528,W,9619,1,9944,0
2532,W,9619,1,9944,0
2536,W,9619,1,9944,0
2540,W,9619,1,9944,0
2544,W,9619,1,9944,0
2548,W,9619,1,9944,0
2552,W,9619,1,9944,0
2556,W,9619,1,9944,0
0,R,9626,1,9955,0
4,R,9626,1,9955,0
8,R,9626,1,9955,0
12,R,9626,1,9955,0
16,R,9626,1,9955,0
20,R,9626,1,9955,0
24,R,9626,1,9955,0
28,R,9626,1,9955,0
32,R,9626,1,9955,0
36,R,9626,1,9955,0
40,R,9626,1,9955,0
44,R,9626,1,9955,0
48,R,9626,1,9955,0
52,R,9626,1,9955,0
56,R,9626,1,9955,0
60,R,9626,1,9955,0
64,R,9626,1,9955,0
68,R,9626,1,9955,0
72,R,9626,1,9955,0
76,R,9626,1,9955,0
80,R,9626,1,9955,0
84,R,9626,1,9955,0
88,R,9626,1,9955,0
92,R,9626,1,9955,0
96,R,9626,1,9955,0
100,R,9626,1,9955,0
104,R,9626,1,9955,0
108,R,9626,1,9955,0
112,R,9626,1,9955,0
116,R,9626,1,9955,0
120,R,9626,1,9955,0
124,R,9626,1,9955,0
128,R,9626,1,9955,0
132,R,9626,1,9955,0
136,R,9626,1,9955,0
140,R,9626,1,9955,0
144,R,9626,1,9955,0
148,R,9626,1,9955,0
152,R,9626,1,9955,0
156,R,9626,1,9955,0
160,R,9626,1,9955,0
164,R,9626,1,9955,0
168,R,9626,1,9955,0
172,R,9626,1,9955,0
176,R,9626,1,9955,0
180,R,9626,1,9955,0
184,R,9626,1,9955,0
188,R,9626,1,9955,0
192,R,9626,1,9955,0
196,R,9626,1,9955,0
200,R,9626,1,9955,0
204,R,9626,1,9955,0
208,R,9626,1,9955,0
212,R,9626,1,9955,0
216,R,9626,1,9955,0
220,R,9626,1,9955,0
224,R,9626,1,9955,0
228,R,9626,1,9955,0
232,R,9626,1,9955,0
236,R,9626,1,9955,0
240,R,9626,1,9955,0
244,R,9626,1,9955,0
248,R,9626,1,9955,0
252,R,9626,1,9955,0
2048,R,9626,1,9956,0
2052,R,9626,1,9956,0
2056,R,9626,1,9956,0
2060,R,9626,1,9956,0
2064,R,9626,1,9956,0
2068,R,9626,1,9956,0
2072,R,9626,1,9956,0
2076,R,9626,1,9956,0
2080,R,9626,1,9956,0
2084,R,9626,1,9956,0
2088,R,9626,1,9956,0
2092,R,9626,1,9956,0
2096,R,9626,1,9956,0
2100,R,9626,1,9956,0
2104,R,9626,1,9956,0
2108,R,9626,1,9956,0
2112,R,9626,1,9956,0
2116,R,9626,1,9956,0
2120,R,9626,1,9956,0
2124,R,9626,1,9956,0
2128,R,9626,1,9956,0
2132,R,9626,1,9956,0
2136,R,9626,1,9956,0
2140,R,9626,1,9956,0
2144,R,9626,1,9956,0
2148,R,9626,1,9956,0
2152,R,9626,1,9956,0
2156,R,9626,1,9956,0
2160,R,9626,1,9956,0
2164,R,9626,1,9956,0
2168,R,9626,1,9956,0
2172,R,9626,1,9956,0
2176,R,9626,1,9956,0
2180,R,9626,1,9956,0
2184,R,9626,1,9956,0
2188,R,9626,1,9956,0
2192,R,9626,1,9956,0
2196,R,9626,1,9956,0
2200,R,9626,1,9956,0
2204,R,9626,1,9956,0
2208,R,9626,1,9956,0
2212,R,9626,1,9956,0
2216,R,9626,1,9956,0
2220,R,9626,1,9956,0
2224,R,9626,1,9956,0
2228,R,9626,1,9956,0
2232,R,9626,1,9956,0
2236,R,9626,1,9956,0
2240,R,9626,1,9956,0
2244,R,9626,1,9956,0
2248,R,9626,1,9956,0
2252,R,9626,1,9956,0
2256,R,9626,1,9956,0
2260,R,9626,1,9956,0
2264,R,9626,1,9956,0
2268,R,9626,1,9956,0
2272,R,9626,1,9956,0
2276,R,9626,1,9956,0
2280,R,9626,1,9956,0
2284,R,9626,1,9956,0
2288,R,9626,1,9956,0
2292,R,9626,1,9956,0
2296,R,9626,1,9956,0
2300,R,9626,1,9956,0
2048,W,9626,1,9959,0
2052,W,9626,1,9959,0
2056,W,9626,1,9959,0
2060,W,9626,1,9959,0
2064,W,9626,1,9959,0
2068,W,9626,1,9959,0
2072,W,9626,1,9959,0
2076,W,9626,1,9959,0
2080,W,9626,1,9959,0
2084,W,9626,1,9959,0
2088,W,9626,1,9959,0
2092,W,9626,1,9959,0
2096,W,9626,1,9959,0
2100,W,9626,1,9959,0
2104,W,9626,1,9959,0
2108,W,9626,1,9959,0
2112,W,9626,1,9959,0
2116,W,9626,1,9959,0
2120,W,9626,1,9959,0
2124,W,9626,1,9959,0
2128,W,9626,1,9959,0
2132,W,9626,1,9959,0
2136,W,9626,1,9959,0
2140,W,9626,1,9959,0
2144,W,9626,1,9959,0
2148,W,9626,1,9959,0
2152,W,9626,1,9959,0
2156,W,9626,1,9959,0
2160,W,9626,1,9959,0
2164,W,9626,1,9959,0
2168,W,9626,1,9959,0
2172,W,9626,1,9959,0
2176,W,9626,1,9959,0
2180,W,9626,1,9959,0
2184,W,9626,1,9959,0
2188,W,9626,1,9959,0
2192,W,9626,1,9959,0
2196,W,9626,1,9959,0
2200,W,9626,1,9959,0
2204,W,9626,1,9959,0
2208,W,9626,1,9959,0
2212,W,9626,1,9959,0
2216,W,9626,1,9959,0
2220,W,9626,1,9959,0
2224,W,9626,1,9959,0
2228,W,9626,1,9959,0
2232,W,9626,1,9959,0
2236,W,9626,1,9959,0
2240,W,9626,1,9959,0
2244,W,9626,1,9959,0
2248,W,9626,1,9959,0
2252,W,9626,1,9959,0
2256,W,9626,1,9959,0
2260,W,9626,1,9959,0
2264,W,9626,1,9959,0
2268,W,9626,1,9959,0
2272,W,9626,1,9959,0
2276,W,9626,1,9959,0
2280,W,9626,1,9959,0
2284,W,9626,1,9959,0
2288,W,9626,1,9959,0
2292,W,9626,1,9959,0
2296,W,9626,1,9959,0
2300,W,9626,1,9959,0
256,R,9627,1,9961,0
260,R,9627,1,9961,0
264,R,9627,1,9961,0
268,R,9627,1,9961,0
272,R,9627,1,9961,0
276,R,9627,1,9961,0
280,R,9627,1,9961,0
284,R,9627,1,9961,0
288,R,9627,1,9961,0
292,R,9627,1,9961,0
296,R,9627,1,9961,0
300,R,9627,1,9961,0
304,R,9627,1,9961,0
308,R,9627,1,9961,0
312,R,9627,1,9961,0
316,R,9627,1,9961,0
320,R,9627,1,9961,0
324,R,9627,1,9961,0
328,R,9627,1,9961,0
332,R,9627,1,9961,0
336,R,9627,1,9961,0
340,R,9627,1,9961,0
344,R,9627,1,9961,0
348,R,9627,1,9961,0
352,R,9627,1,9961,0
356,R,9627,1,9961,0
360,R,9627,1,9961,0
364,R,9627,1,9961,0
368,R,9627,1,9961,0
372,R,9627,1,9961,0
376,R,9627,1,9961,0
380,R,9627,1,9961,0
384,R,9627,1,9961,0
388,R,9627,1,9961,0
392,R,9627,1,9961,0
396,R,9627,1,9961,0
400,R,9627,1,9961,0
404,R,9627,1,9961,0
408,R,9627,1,9961,0
412,R,9627,1,9961,0
416,R,9627,1,9961,0
420,R,9627,1,9961,0
424,R,9627,1,9961,0
428,R,9627,1,9961,0
432,R,9627,1,9961,0
436,R,9627,1,9961,0
440,R,9627,1,9961,0
444,R,9627,1,9961,0
448,R,9627,1,9961,0
452,R,9627,1,9961,0
456,R,9627,1,9961,0
460,R,9627,1,9961,0
464,R,9627,1,9961,0
468,R,9627,1,9961,0
472,R,9627,1,9961,0
476,R,9627,1,9961,0
480,R,9627,1,9961,0
484,R,9627,1,9961,0
488,R,9627,1,9961,0
492,R,9627,1,9961,0
496,R,9627,1,9961,0
500,R,9627,1,9961,0
504,R,9627,1,9961,0
508,R,9627,1,9961,0
2304,R,9627,1,9962,0
2308,R,9627,1,9962,0
2312,R,9627,1,9962,0
2316,R,9627,1,9962,0
2320,R,9627,1,9962,0
2324,R,9627,1,9962,0
2328,R,9627,1,9962,0
2332,R,9627,1,9962,0
2336,R,9627,1,9962,0
2340,R,9627,1,9962,0
2344,R,9627,1,9962,0
2348,R,9627,1,9962,0
2352,R,9627,1,9962,0
2356,R,9627,1,9962,0
2360,R,9627,1,9962,0
2364,R,9627,1,9962,0
2368,R,9627,1,9962,0
2372,R,9627,1,9962,0
2376,R,9627,1,9962,0
2380,R,9627,1,9962,0
2384,R,9627,1,9962,0
2388,R,9627,1,9962,0
2392,R,9627,1,9962,0
2396,R,9627,1,9962,0
2400,R,9627,1,9962,0
2404,R,9627,1,9962,0
2408,R,9627,1,9962,0
2412,R,9627,1,9962,0
2416,R,9627,1,9962,0
2420,R,9627,1,9962,0
2424,R,9627,1,9962,0
2428,R,9627,1,9962,0
2432,R,9627,1,9962,0
2436,R,9627,1,9962,0
2440,R,9627,1,9962,0
2444,R,9627,1,9962,0
2448,R,9627,1,9962,0
2452,R,9627,1,9962,0
2456,R,9627,1,9962,0
2460,R,9627,1,9962,0
2464,R,9627,1,9962,0
2468,R,9627,1,9962,0
2472,R,9627,1,9962,0
2476,R,9627,1,9962,0
2480,R,9627,1,9962,0
2484,R,9627,1,9962,0
2488,R,9627,1,9962,0
2492,R,9627,1,9962,0
2496,R,9627,1,9962,0
2500,R,9627,1,9962,0
2504,R,9627,1,9962,0
2508,R,9627,1,9962,0
2512,R,9627,1,9962,0
2516,R,9627,1,9962,0
2520,R,9627,1,9962,0
2524,R,9627,1,9962,0
2528,R,9627,1,9962,0
2532,R,9627,1,9962,0
2536,R,9627,1,9962,0
2540,R,9627,1,9962,0
2544,R,9627,1,9962,0
2548,R,9627,1,9962,0
2552,R,9627,1,9962,0
2556,R,9627,1,9962,0
2304,W,9627,1,9965,0
2308,W,9627,1,9965,0
2312,W,9627,1,9965,0
2316,W,9627,1,9965,0
2320,W,9627,1,9965,0
2324,W,9627,1,9965,0
2328,W,9627,1,9965,0
2332,W,9627,1,9965,0
2336,W,9627,1,9965,0
2340,W,9627,1,9965,0
2344,W,9627,1,9965,0
2348,W,9627,1,9965,0
2352,W,9627,1,9965,0
2356,W,9627,1,9965,0
2360,W,9627,1,9965,0
2364,W,9627,1,9965,0
2368,W,9627,1,9965,0
2372,W,9627,1,9965,0
2376,W,9627,1,9965,0
2380,W,9627,1,9965,0
2384,W,9627,1,9965,0
2388,W,9627,1,9965,0
2392,W,9627,1,9965,0
2396,W,9627,1,9965,0
2400,W,9627,1,9965,0
2404,W,9627,1,9965,0
2408,W,9627,1,9965,0
2412,W,9627,1,9965,0
2416,W,9627,1,9965,0
2420,W,9627,1,9965,0
2424,W,9627,1,9965,0
2428,W,9627,1,9965,0
2432,W,9627,1,9965,0
2436,W,9627,1,9965,0
2440,W,9627,1,9965,0
2444,W,9627,1,9965,0
2448,W,9627,1,9965,0
2452,W,9627,1,9965,0
2456,W,9627,1,9965,0
2460,W,9627,1,9965,0
2464,W,9627,1,9965,0
2468,W,9627,1,9965,0
2472,W,9627,1,9965,0
2476,W,9627,1,9965,0
2480,W,9627,1,9965,0
2484,W,9627,1,9965,0
2488,W,9627,1,9965,0
2492,W,9627,1,9965,0
2496,W,9627,1,9965,0
2500,W,9627,1,9965,0
2504,W,9627,1,9965,0
2508,W,9627,1,9965,0
2512,W,9627,1,9965,0
2516,W,9627,1,9965,0
2520,W,9627,1,9965,0
2524,W,9627,1,9965,0
2528,W,9627,1,9965,0
2532,W,9627,1,9965,0
2536,W,9627,1,9965,0
2540,W,9627,1,9965,0
2544,W,9627,1,9965,0
2548,W,9627,1,9965,0
2552,W,9627,1,9965,0
2556,W,9627,1,9965,0
0,R,9650,1,9993,0
4,R,9650,1,9993,0
8,R,9650,1,9993,0
12,R,9650,1,9993,0
16,R,9650,1,9993,0
20,R,9650,1,9993,0
24,R,9650,1,9993,0
28,R,9650,1,9993,0
32,R,9650,1,9993,0
36,R,9650,1,9993,0
40,R,9650,1,9993,0
44,R,9650,1,9993,0
48,R,9650,1,9993,0
52,R,9650,1,9993,0
56,R,9650,1,9993,0
60,R,9650,1,9993,0
64,R,9650,1,9993,0
68,R,9650,1,9993,0
72,R,9650,1,9993,0
76,R,9650,1,9993,0
80,R,9650,1,9993,0
84,R,9650,1,9993,0
88,R,9650,1,9993,0
92,R,9650,1,9993,0
96,R,9650,1,9993,0
100,R,9650,1,9993,0
104,R,9650,1,9993,0
108,R,9650,1,9993,0
112,R,9650,1,9993,0
116,R,9650,1,9993,0
120,R,9650,1,9993,0
124,R,9650,1,9993,0
128,R,9650,1,9993,0
132,R,9650,1,9993,0
136,R,9650,1,9993,0
140,R,9650,1,9993,0
144,R,9650,1,9993,0
148,R,9650,1,9993,0
152,R,9650,1,9993,0
156,R,9650,1,9993,0
160,R,9650,1,9993,0
164,R,9650,1,9993,0
168,R,9650,1,9993,0
172,R,9650,1,9993,0
176,R,9650,1,9993,0
180,R,9650,1,9993,0
184,R,9650,1,9993,0
188,R,9650,1,9993,0
192,R,9650,1,9993,0
196,R,9650,1,9993,0
200,R,9650,1,9993,0
204,R,9650,1,9993,0
208,R,9650,1,9993,0
212,R,9650,1,9993,0
216,R,9650,1,9993,0
220,R,9650,1,9993,0
224,R,9650,1,9993,0
228,R,9650,1,9993,0
232,R,9650,1,9993,0
236,R,9650,1,9993,0
240,R,9650,1,9993,0
244,R,9650,1,9993,0
248,R,9650,1,9993,0
252,R,9650,1,9993,0
2048,R,9650,1,9994,0
2052,R,9650,1,9994,0
2056,R,9650,1,9994,0
2060,R,9650,1,9994,0
2064,R,9650,1,9994,0
2068,R,9650,1,9994,0
2072,R,9650,1,9994,0
2076,R,9650,1,9994,0
2080,R,9650,1,9994,0
2084,R,9650,1,9994,0
2088,R,9650,1,9994,0
2092,R,9650,1,9994,0
2096,R,9650,1,9994,0
2100,R,9650,1,9994,0
2104,R,9650,1,9994,0
2108,R,9650,1,9994,0
2112,R,9650,1,9994,0
2116,R,9650,1,9994,0
2120,R,9650,1,9994,0
2124,R,9650,1,9994,0
2128,R,9650,1,9994,0
2132,R,9650,1,9994,0
2136,R,9650,1,9994,0
2140,R,9650,1,9994,0
2144,R,9650,1,9994,0
2148,R,9650,1,9994,0
2152,R,9650,1,9994,0
2156,R,9650,1,9994,0
2160,R,9650,1,9994,0
2164,R,9650,1,9994,0
2168,R,9650,1,9994,0
2172,R,9650,1,9994,0
2176,R,9650,1,9994,0
2180,R,9650,1,9994,0
2184,R,9650,1,9994,0
2188,R,9650,1,9994,0
2192,R,9650,1,9994,0
2196,R,9650,1,9994,0
2200,R,9650,1,9994,0
2204,R,9650,1,9994,0
2208,R,9650,1,9994,0
2212,R,9650,1,9994,0
2216,R,9650,1,9994,0
2220,R,9650,1,9994,0
2224,R,9650,1,9994,0
2228,R,9650,1,9994,0
2232,R,9650,1,9994,0
2236,R,9650,1,9994,0
2240,R,9650,1,9994,0
2244,R,9650,1,9994,0
2248,R,9650,1,9994,0
2252,R,9650,1,9994,0
2256,R,9650,1,9994,0
2260,R,9650,1,9994,0
2264,R,9650,1,9994,0
2268,R,9650,1,9994,0
2272,R,9650,1,9994,0
2276,R,9650,1,9994,0
2280,R,9650,1,9994,0
2284,R,9650,1,9994,0
2288,R,9650,1,9994,0
2292,R,9650,1,9994,0
2296,R,9650,1,9994,0
2300,R,9650,1,9994,0
1024,W,9650,1,9997,0
1028,W,9650,1,9997,0
1032,W,9650,1,9997,0
1036,W,9650,1,9997,0
1040,W,9650,1,9997,0
1044,W,9650,1,9997,0
1048,W,9650,1,9997,0
1052,W,9650,1,9997,0
1056,W,9650,1,9997,0
1060,W,9650,1,9997,0
1064,W,9650,1,9997,0
1068,W,9650,1,9997,0
1072,W,9650,1,9997,0
1076,W,9650,1,9997,0
1080,W,9650,1,9997,0
1084,W,9650,1,9997,0
1088,W,9650,1,9997,0
1092,W,9650,1,9997,0
1096,W,9650,1,9997,0
1100,W,9650,1,9997,0
1104,W,9650,1,9997,0
1108,W,9650,1,9997,0
1112,W,9650,1,9997,0
1116,W,9650,1,9997,0
1120,W,9650,1,9997,0
1124,W,9650,1,9997,0
1128,W,9650,1,9997,0
1132,W,9650,1,9997,0
1136,W,9650,1,9997,0
1140,W,9650,1,9997,0
1144,W,9650,1,9997,0
1148,W,9650,1,9997,0
1152,W,9650,1,9997,0
1156,W,9650,1,9997,0
1160,W,9650,1,9997,0
1164,W,9650,1,9997,0
1168,W,9650,1,9997,0
1172,W,9650,1,9997,0
1176,W,9650,1,9997,0
1180,W,9650,1,9997,0
1184,W,9650,1,9997,0
1188,W,9650,1,9997,0
1192,W,9650,1,9997,0
1196,W,9650,1,9997,0
1200,W,9650,1,9997,0
1204,W,9650,1,9997,0
1208,W,9650,1,9997,0
1212,W,9650,1,9997,0
1216,W,9650,1,9997,0
1220,W,9650,1,9997,0
1224,W,9650,1,9997,0
1228,W,9650,1,9997,0
1232,W,9650,1,9997,0
1236,W,9650,1,9997,0
1240,W,9650,1,9997,0
1244,W,9650,1,9997,0
1248,W,9650,1,9997,0
1252,W,9650,1,9997,0
1256,W,9650,1,9997,0
1260,W,9650,1,9997,0
1264,W,9650,1,9997,0
1268,W,9650,1,9997,0
1272,W,9650,1,9997,0
1276,W,9650,1,9997,0
256,R,9651,1,9999,0
260,R,9651,1,9999,0
264,R,9651,1,9999,0
268,R,9651,1,9999,0
272,R,9651,1,9999,0
276,R,9651,1,9999,0
280,R,9651,1,9999,0
284,R,9651,1,9999,0
288,R,9651,1,9999,0
292,R,9651,1,9999,0
296,R,9651,1,9999,0
300,R,9651,1,9999,0
304,R,9651,1,9999,0
308,R,9651,1,9999,0
312,R,9651,1,9999,0
316,R,9651,1,9999,0
320,R,9651,1,9999,0
324,R,9651,1,9999,0
328,R,9651,1,9999,0
332,R,9651,1,9999,0
336,R,9651,1,9999,0
340,R,9651,1,9999,0
344,R,9651,1,9999,0
348,R,9651,1,9999,0
352,R,9651,1,9999,0
356,R,9651,1,9999,0
360,R,9651,1,9999,0
364,R,9651,1,9999,0
368,R,9651,1,9999,0
372,R,9651,1,9999,0
376,R,9651,1,9999,0
380,R,9651,1,9999,0
384,R,9651,1,9999,0
388,R,9651,1,9999,0
392,R,9651,1,9999,0
396,R,9651,1,9999,0
400,R,9651,1,9999,0
404,R,9651,1,9999,0
408,R,9651,1,9999,0
412,R,9651,1,9999,0
416,R,9651,1,9999,0
420,R,9651,1,9999,0
424,R,9651,1,9999,0
428,R,9651,1,9999,0
432,R,9651,1,9999,0
436,R,9651,1,9999,0
440,R,9651,1,9999,0
444,R,9651,1,9999,0
448,R,9651,1,9999,0
452,R,9651,1,9999,0
456,R,9651,1,9999,0
460,R,9651,1,9999,0
464,R,9651,1,9999,0
468,R,9651,1,9999,0
472,R,9651,1,9999,0
476,R,9651,1,9999,0
480,R,9651,1,9999,0
484,R,9651,1,9999,0
488,R,9651,1,9999,0
492,R,9651,1,9999,0
496,R,9651,1,9999,0
500,R,9651,1,9999,0
504,R,9651,1,9999,0
508,R,9651,1,9999,0
2304,R,9651,1,10000,0
2308,R,9651,1,10000,0
2312,R,9651,1,10000,0
2316,R,9651,1,10000,0
2320,R,9651,1,10000,0
2324,R,9651,1,10000,0
2328,R,9651,1,10000,0
2332,R,9651,1,10000,0
2336,R,9651,1,10000,0
2340,R,9651,1,10000,0
2344,R,9651,1,10000,0
2348,R,9651,1,10000,0
2352,R,9651,1,10000,0
2356,R,9651,1,10000,0
2360,R,9651,1,10000,0
2364,R,9651,1,10000,0
2368,R,9651,1,10000,0
2372,R,9651,1,10000,0
2376,R,9651,1,10000,0
2380,R,9651,1,10000,0
2384,R,9651,1,10000,0
2388,R,9651,1,10000,0
2392,R,9651,1,10000,0
2396,R,9651,1,10000,0
2400,R,9651,1,10000,0
2404,R,9651,1,10000,0
2408,R,9651,1,10000,0
2412,R,9651,1,10000,0
2416,R,9651,1,10000,0
2420,R,9651,1,10000,0
2424,R,9651,1,10000,0
2428,R,9651,1,10000,0
2432,R,9651,1,10000,0
2436,R,9651,1,10000,0
2440,R,9651,1,10000,0
2444,R,9651,1,10000,0
2448,R,9651,1,10000,0
2452,R,9651,1,10000,0
2456,R,9651,1,10000,0
2460,R,9651,1,10000,0
2464,R,9651,1,10000,0
2468,R,9651,1,10000,0
2472,R,9651,1,10000,0
2476,R,9651,1,10000,0
2480,R,9651,1,10000,0
2484,R,9651,1,10000,0
2488,R,9651,1,10000,0
2492,R,9651,1,10000,0
2496,R,9651,1,10000,0
2500,R,9651,1,10000,0
2504,R,9651,1,10000,0
2508,R,9651,1,10000,0
2512,R,9651,1,10000,0
2516,R,9651,1,10000,0
2520,R,9651,1,10000,0
2524,R,9651,1,10000,0
2528,R,9651,1,10000,0
2532,R,9651,1,10000,0
2536,R,9651,1,10000,0
2540,R,9651,1,10000,0
2544,R,9651,1,10000,0
2548,R,9651,1,10000,0
2552,R,9651,1,10000,0
2556,R,9651,1,10000,0
1280,W,9651,1,10003,0
1284,W,9651,1,10003,0
1288,W,9651,1,10003,0
1292,W,9651,1,10003,0
1296,W,9651,1,10003,0
1300,W,9651,1,10003,0
1304,W,9651,1,10003,0
1308,W,9651,1,10003,0
1312,W,9651,1,10003,0
1316,W,9651,1,10003,0
1320,W,9651,1,10003,0
1324,W,9651,1,10003,0
1328,W,9651,1,10003,0
1332,W,9651,1,10003,0
1336,W,9651,1,10003,0
1340,W,9651,1,10003,0
1344,W,9651,1,10003,0
1348,W,9651,1,10003,0
1352,W,9651,1,10003,0
1356,W,9651,1,10003,0
1360,W,9651,1,10003,0
1364,W,9651,1,10003,0
1368,W,9651,1,10003,0
1372,W,9651,1,10003,0
1376,W,9651,1,10003,0
1380,W,9651,1,10003,0
1384,W,9651,1,10003,0
1388,W,9651,1,10003,0
1392,W,9651,1,10003,0
1396,W,9651,1,10003,0
1400,W,9651,1,10003,0
1404,W,9651,1,10003,0
1408,W,9651,1,10003,0
1412,W,9651,1,10003,0
1416,W,9651,1,10003,0
1420,W,9651,1,10003,0
1424,W,9651,1,10003,0
1428,W,9651,1,10003,0
1432,W,9651,1,10003,0
1436,W,9651,1,10003,0
1440,W,9651,1,10003,0
1444,W,9651,1,10003,0
1448,W,9651,1,10003,0
1452,W,9651,1,10003,0
1456,W,9651,1,10003,0
1460,W,9651,1,10003,0
1464,W,9651,1,10003,0
1468,W,9651,1,10003,0
1472,W,9651,1,10003,0
1476,W,9651,1,10003,0
1480,W,9651,1,10003,0
1484,W,9651,1,10003,0
1488,W,9651,1,10003,0
1492,W,9651,1,10003,0
1496,W,9651,1,10003,0
1500,W,9651,1,10003,0
1504,W,9651,1,10003,0
1508,W,9651,1,10003,0
1512,W,9651,1,10003,0
1516,W,9651,1,10003,0
1520,W,9651,1,10003,0
1524,W,9651,1,10003,0
1528,W,9651,1,10003,0
1532,W,9651,1,10003,0
1536,R,9826,1,6839,0
1540,R,9826,1,6839,0
1544,R,9826,1,6839,0
1548,R,9826,1,6839,0
1552,R,9826,1,6839,0
1556,R,9826,1,6839,0
1560,R,9826,1,6839,0
1564,R,9826,1,6839,0
1568,R,9826,1,6839,0
1572,R,9826,1,6839,0
1576,R,9826,1,6839,0
1580,R,9826,1,6839,0
1584,R,9826,1,6839,0
1588,R,9826,1,6839,0
1592,R,9826,1,6839,0
1596,R,9826,1,6839,0
1600,R,9826,1,6839,0
1604,R,9826,1,6839,0
1608,R,9826,1,6839,0
1612,R,9826,1,6839,0
1616,R,9826,1,6839,0
1620,R,9826,1,6839,0
1624,R,9826,1,6839,0
1628,R,9826,1,6839,0
1632,R,9826,1,6839,0
1636,R,9826,1,6839,0
1640,R,9826,1,6839,0
1644,R,9826,1,6839,0
1648,R,9826,1,6839,0
1652,R,9826,1,6839,0
1656,R,9826,1,6839,0
1660,R,9826,1,6839,0
1664,R,9826,1,6839,0
1668,R,9826,1,6839,0
1672,R,9826,1,6839,0
1676,R,9826,1,6839,0
1680,R,9826,1,6839,0
1684,R,9826,1,6839,0
1688,R,9826,1,6839,0
1692,R,9826,1,6839,0
1696,R,9826,1,6839,0
1700,R,9826,1,6839,0
1704,R,9826,1,6839,0
1708,R,9826,1,6839,0
1712,R,9826,1,6839,0
1716,R,9826,1,6839,0
1720,R,9826,1,6839,0
1724,R,9826,1,6839,0
1728,R,9826,1,6839,0
1732,R,9826,1,6839,0
1736,R,9826,1,6839,0
1740,R,9826,1,6839,0
1744,R,9826,1,6839,0
1748,R,9826,1,6839,0
1752,R,9826,1,6839,0
1756,R,9826,1,6839,0
1760,R,9826,1,6839,0
1764,R,9826,1,6839,0
1768,R,9826,1,6839,0
1772,R,9826,1,6839,0
1776,R,9826,1,6839,0
1780,R,9826,1,6839,0
1784,R,9826,1,6839,0
1788,R,9826,1,6839,0
1792,R,9826,1,6839,0
1796,R,9826,1,6839,0
1800,R,9826,1,6839,0
1804,R,9826,1,6839,0
1808,R,9826,1,6839,0
1812,R,9826,1,6839,0
1816,R,9826,1,6839,0
1820,R,9826,1,6839,0
1824,R,9826,1,6839,0
1828,R,9826,1,6839,0
1832,R,9826,1,6839,0
1836,R,9826,1,6839,0
1840,R,9826,1,6839,0
1844,R,9826,1,6839,0
1848,R,9826,1,6839,0
1852,R,9826,1,6839,0
1856,R,9826,1,6839,0
1860,R,9826,1,6839,0
1864,R,9826,1,6839,0
1868,R,9826,1,6839,0
1872,R,9826,1,6839,0
1876,R,9826,1,6839,0
1880,R,9826,1,6839,0
1884,R,9826,1,6839,0
1888,R,9826,1,6839,0
1892,R,9826,1,6839,0
1896,R,9826,1,6839,0
1900,R,9826,1,6839,0
1904,R,9826,1,6839,0
1908,R,9826,1,6839,0
1912,R,9826,1,6839,0
1916,R,9826,1,6839,0
1920,R,9826,1,6839,0
1924,R,9826,1,6839,0
1928,R,9826,1,6839,0
1932,R,9826,1,6839,0
1936,R,9826,1,6839,0
1940,R,9826,1,6839,0
1944,R,9826,1,6839,0
1948,R,9826,1,6839,0
1952,R,9826,1,6839,0
1956,R,9826,1,6839,0
1960,R,9826,1,6839,0
1964,R,9826,1,6839,0
1968,R,9826,1,6839,0
1972,R,9826,1,6839,0
1976,R,9826,1,6839,0
1980,R,9826,1,6839,0
1984,R,9826,1,6839,0
1988,R,9826,1,6839,0
1992,R,9826,1,6839,0
1996,R,9826,1,6839,0
2000,R,9826,1,6839,0
2004,R,9826,1,6839,0
2008,R,9826,1,6839,0
2012,R,9826,1,6839,0
2016,R,9826,1,6839,0
2020,R,9826,1,6839,0
2024,R,9826,1,6839,0
2028,R,9826,1,6839,0
2032,R,9826,1,6839,0
2036,R,9826,1,6839,0
2040,R,9826,1,6839,0
2044,R,9826,1,6839,0
1536,R,9826,1,6839,0
1024,R,9828,1,7553,0
1028,R,9828,1,7553,0
1032,R,9828,1,7553,0
1036,R,9828,1,7553,0
1040,R,9828,1,7553,0
1044,R,9828,1,7553,0
1048,R,9828,1,7553,0
1052,R,9828,1,7553,0
1056,R,9828,1,7553,0
1060,R,9828,1,7553,0
1064,R,9828,1,7553,0
1068,R,9828,1,7553,0
1072,R,9828,1,7553,0
1076,R,9828,1,7553,0
1080,R,9828,1,7553,0
1084,R,9828,1,7553,0
1088,R,9828,1,7553,0
1092,R,9828,1,7553,0
1096,R,9828,1,7553,0
1100,R,9828,1,7553,0
1104,R,9828,1,7553,0
1108,R,9828,1,7553,0
1112,R,9828,1,7553,0
1116,R,9828,1,7553,0
1120,R,9828,1,7553,0
1124,R,9828,1,7553,0
1128,R,9828,1,7553,0
1132,R,9828,1,7553,0
1136,R,9828,1,7553,0
1140,R,9828,1,7553,0
1144,R,9828,1,7553,0
1148,R,9828,1,7553,0
1152,R,9828,1,7553,0
1156,R,9828,1,7553,0
1160,R,9828,1,7553,0
1164,R,9828,1,7553,0
1168,R,9828,1,7553,0
1172,R,9828,1,7553,0
1176,R,9828,1,7553,0
1180,R,9828,1,7553,0
1184,R,9828,1,7553,0
1188,R,9828,1,7553,0
1192,R,9828,1,7553,0
1196,R,9828,1,7553,0
1200,R,9828,1,7553,0
1204,R,9828,1,7553,0
1208,R,9828,1,7553,0
1212,R,9828,1,7553,0
1216,R,9828,1,7553,0
1220,R,9828,1,7553,0
1224,R,9828,1,7553,0
1228,R,9828,1,7553,0
1232,R,9828,1,7553,0
1236,R,9828,1,7553,0
1240,R,9828,1,7553,0
1244,R,9828,1,7553,0
1248,R,9828,1,7553,0
1252,R,9828,1,7553,0
1256,R,9828,1,7553,0
1260,R,9828,1,7553,0
1264,R,9828,1,7553,0
1268,R,9828,1,7553,0
1272,R,9828,1,7553,0
1276,R,9828,1,7553,0
1280,R,9828,1,7553,0
1284,R,9828,1,7553,0
1288,R,9828,1,7553,0
1292,R,9828,1,7553,0
1296,R,9828,1,7553,0
1300,R,9828,1,7553,0
1304,R,9828,1,7553,0
1308,R,9828,1,7553,0
1312,R,9828,1,7553,0
1316,R,9828,1,7553,0
1320,R,9828,1,7553,0
1324,R,9828,1,7553,0
1328,R,9828,1,7553,0
1332,R,9828,1,7553,0
1336,R,9828,1,7553,0
1340,R,9828,1,7553,0
1344,R,9828,1,7553,0
1348,R,9828,1,7553,0
1352,R,9828,1,7553,0
1356,R,9828,1,7553,0
1360,R,9828,1,7553,0
1364,R,9828,1,7553,0
1368,R,9828,1,7553,0
1372,R,9828,1,7553,0
1376,R,9828,1,7553,0
1380,R,9828,1,7553,0
1384,R,9828,1,7553,0
1388,R,9828,1,7553,0
1392,R,9828,1,7553,0
1396,R,9828,1,7553,0
1400,R,9828,1,7553,0
1404,R,9828,1,7553,0
1408,R,9828,1,7553,0
1412,R,9828,1,7553,0
1416,R,9828,1,7553,0
1420,R,9828,1,7553,0
1424,R,9828,1,7553,0
1428,R,9828,1,7553,0
1432,R,9828,1,7553,0
1436,R,9828,1,7553,0
1440,R,9828,1,7553,0
1444,R,9828,1,7553,0
1448,R,9828,1,7553,0
1452,R,9828,1,7553,0
1456,R,9828,1,7553,0
1460,R,9828,1,7553,0
1464,R,9828,1,7553,0
1468,R,9828,1,7553,0
1472,R,9828,1,7553,0
1476,R,9828,1,7553,0
1480,R,9828,1,7553,0
1484,R,9828,1,7553,0
1488,R,9828,1,7553,0
1492,R,9828,1,7553,0
1496,R,9828,1,7553,0
1500,R,9828,1,7553,0
1504,R,9828,1,7553,0
1508,R,9828,1,7553,0
1512,R,9828,1,7553,0
1516,R,9828,1,7553,0
1520,R,9828,1,7553,0
1524,R,9828,1,7553,0
1528,R,9828,1,7553,0
1532,R,9828,1,7553,0
1024,R,9828,1,7553,0
1536,R,9987,1,7189,0
1540,R,9987,1,7189,0
1544,R,9987,1,7189,0
1548,R,9987,1,7189,0
1552,R,9987,1,7189,0
1556,R,9987,1,7189,0
1560,R,9987,1,7189,0
1564,R,9987,1,7189,0
1568,R,9987,1,7189,0
1572,R,9987,1,7189,0
1576,R,9987,1,7189,0
1580,R,9987,1,7189,0
1584,R,9987,1,7189,0
1588,R,9987,1,7189,0
1592,R,9987,1,7189,0
1596,R,9987,1,7189,0
1600,R,9987,1,7189,0
1604,R,9987,1,7189,0
1608,R,9987,1,7189,0
1612,R,9987,1,7189,0
1616,R,9987,1,7189,0
1620,R,9987,1,7189,0
1624,R,9987,1,7189,0
1628,R,9987,1,7189,0
1632,R,9987,1,7189,0
1636,R,9987,1,7189,0
1640,R,9987,1,7189,0
1644,R,9987,1,7189,0
1648,R,9987,1,7189,0
1652,R,9987,1,7189,0
1656,R,9987,1,7189,0
1660,R,9987,1,7189,0
1664,R,9987,1,7189,0
1668,R,9987,1,7189,0
1672,R,9987,1,7189,0
1676,R,9987,1,7189,0
1680,R,9987,1,7189,0
1684,R,9987,1,7189,0
1688,R,9987,1,7189,0
1692,R,9987,1,7189,0
1696,R,9987,1,7189,0
1700,R,9987,1,7189,0
1704,R,9987,1,7189,0
1708,R,9987,1,7189,0
1712,R,9987,1,7189,0
1716,R,9987,1,7189,0
1720,R,9987,1,7189,0
1724,R,9987,1,7189,0
1728,R,9987,1,7189,0
1732,R,9987,1,7189,0
1736,R,9987,1,7189,0
1740,R,9987,1,7189,0
1744,R,9987,1,7189,0
1748,R,9987,1,7189,0
1752,R,9987,1,7189,0
1756,R,9987,1,7189,0
1760,R,9987,1,7189,0
1764,R,9987,1,7189,0
1768,R,9987,1,7189,0
1772,R,9987,1,7189,0
1776,R,9987,1,7189,0
1780,R,9987,1,7189,0
1784,R,9987,1,7189,0
1788,R,9987,1,7189,0
1792,R,9987,1,7189,0
1796,R,9987,1,7189,0
1800,R,9987,1,7189,0
1804,R,9987,1,7189,0
1808,R,9987,1,7189,0
1812,R,9987,1,7189,0
1816,R,9987,1,7189,0
1820,R,9987,1,7189,0
1824,R,9987,1,7189,0
1828,R,9987,1,7189,0
1832,R,9987,1,7189,0
1836,R,9987,1,7189,0
1840,R,9987,1,7189,0
1844,R,9987,1,7189,0
1848,R,9987,1,7189,0
1852,R,9987,1,7189,0
1856,R,9987,1,7189,0
1860,R,9987,1,7189,0
1864,R,9987,1,7189,0
1868,R,9987,1,7189,0
1872,R,9987,1,7189,0
1876,R,9987,1,7189,0
1880,R,9987,1,7189,0
1884,R,9987,1,7189,0
1888,R,9987,1,7189,0
1892,R,9987,1,7189,0
1896,R,9987,1,7189,0
1900,R,9987,1,7189,0
1904,R,9987,1,7189,0
1908,R,9987,1,7189,0
1912,R,9987,1,7189,0
1916,R,9987,1,7189,0
1920,R,9987,1,7189,0
1924,R,9987,1,7189,0
1928,R,9987,1,7189,0
1932,R,9987,1,7189,0
1936,R,9987,1,7189,0
1940,R,9987,1,7189,0
1944,R,9987,1,7189,0
1948,R,9987,1,7189,0
1952,R,9987,1,7189,0
1956,R,9987,1,7189,0
1960,R,9987,1,7189,0
1964,R,9987,1,7189,0
1968,R,9987,1,7189,0
1972,R,9987,1,7189,0
1976,R,9987,1,7189,0
1980,R,9987,1,7189,0
1984,R,9987,1,7189,0
1988,R,9987,1,7189,0
1992,R,9987,1,7189,0
1996,R,9987,1,7189,0
2000,R,9987,1,7189,0
2004,R,9987,1,7189,0
2008,R,9987,1,7189,0
2012,R,9987,1,7189,0
2016,R,9987,1,7189,0
2020,R,9987,1,7189,0
2024,R,9987,1,7189,0
2028,R,9987,1,7189,0
2032,R,9987,1,7189,0
2036,R,9987,1,7189,0
2040,R,9987,1,7189,0
2044,R,9987,1,7189,0
1536,R,9987,1,7189,0
1024,R,9989,1,7904,0
1028,R,9989,1,7904,0
1032,R,9989,1,7904,0
1036,R,9989,1,7904,0
1040,R,9989,1,7904,0
1044,R,9989,1,7904,0
1048,R,9989,1,7904,0
1052,R,9989,1,7904,0
1056,R,9989,1,7904,0
1060,R,9989,1,7904,0
1064,R,9989,1,7904,0
1068,R,9989,1,7904,0
1072,R,9989,1,7904,0
1076,R,9989,1,7904,0
1080,R,9989,1,7904,0
1084,R,9989,1,7904,0
1088,R,9989,1,7904,0
1092,R,9989,1,7904,0
1096,R,9989,1,7904,0
1100,R,9989,1,7904,0
1104,R,9989,1,7904,0
1108,R,9989,1,7904,0
1112,R,9989,1,7904,0
1116,R,9989,1,7904,0
1120,R,9989,1,7904,0
1124,R,9989,1,7904,0
1128,R,9989,1,7904,0
1132,R,9989,1,7904,0
1136,R,9989,1,7904,0
1140,R,9989,1,7904,0
1144,R,9989,1,7904,0
1148,R,9989,1,7904,0
1152,R,9989,1,7904,0
1156,R,9989,1,7904,0
1160,R,9989,1,7904,0
1164,R,9989,1,7904,0
1168,R,9989,1,7904,0
1172,R,9989,1,7904,0
1176,R,9989,1,7904,0
1180,R,9989,1,7904,0
1184,R,9989,1,7904,0
1188,R,9989,1,7904,0
1192,R,9989,1,7904,0
1196,R,9989,1,7904,0
1200,R,9989,1,7904,0
1204,R,9989,1,7904,0
1208,R,9989,1,7904,0
1212,R,9989,1,7904,0
1216,R,9989,1,7904,0
1220,R,9989,1,7904,0
1224,R,9989,1,7904,0
1228,R,9989,1,7904,0
1232,R,9989,1,7904,0
1236,R,9989,1,7904,0
1240,R,9989,1,7904,0
1244,R,9989,1,7904,0
1248,R,9989,1,7904,0
1252,R,9989,1,7904,0
1256,R,9989,1,7904,0
1260,R,9989,1,7904,0
1264,R,9989,1,7904,0
1268,R,9989,1,7904,0
1272,R,9989,1,7904,0
1276,R,9989,1,7904,0
1280,R,9989,1,7904,0
1284,R,9989,1,7904,0
1288,R,9989,1,7904,0
1292,R,9989,1,7904,0
1296,R,9989,1,7904,0
1300,R,9989,1,7904,0
1304,R,9989,1,7904,0
1308,R,9989,1,7904,0
1312,R,9989,1,7904,0
1316,R,9989,1,7904,0
1320,R,9989,1,7904,0
1324,R,9989,1,7904,0
1328,R,9989,1,7904,0
1332,R,9989,1,7904,0
1336,R,9989,1,7904,0
1340,R,9989,1,7904,0
1344,R,9989,1,7904,0
1348,R,9989,1,7904,0
1352,R,9989,1,7904,0
1356,R,9989,1,7904,0
1360,R,9989,1,7904,0
1364,R,9989,1,7904,0
1368,R,9989,1,7904,0
1372,R,9989,1,7904,0
1376,R,9989,1,7904,0
1380,R,9989,1,7904,0
1384,R,9989,1,7904,0
1388,R,9989,1,7904,0
1392,R,9989,1,7904,0
1396,R,9989,1,7904,0
1400,R,9989,1,7904,0
1404,R,9989,1,7904,0
1408,R,9989,1,7904,0
1412,R,9989,1,7904,0
1416,R,9989,1,7904,0
1420,R,9989,1,7904,0
1424,R,9989,1,7904,0
1428,R,9989,1,7904,0
1432,R,9989,1,7904,0
1436,R,9989,1,7904,0
1440,R,9989,1,7904,0
1444,R,9989,1,7904,0
1448,R,9989,1,7904,0
1452,R,9989,1,7904,0
1456,R,9989,1,7904,0
1460,R,9989,1,7904,0
1464,R,9989,1,7904,0
1468,R,9989,1,7904,0
1472,R,9989,1,7904,0
1476,R,9989,1,7904,0
1480,R,9989,1,7904,0
1484,R,9989,1,7904,0
1488,R,9989,1,7904,0
1492,R,9989,1,7904,0
1496,R,9989,1,7904,0
1500,R,9989,1,7904,0
1504,R,9989,1,7904,0
1508,R,9989,1,7904,0
1512,R,9989,1,7904,0
1516,R,9989,1,7904,0
1520,R,9989,1,7904,0
1524,R,9989,1,7904,0
1528,R,9989,1,7904,0
1532,R,9989,1,7904,0
1024,R,9989,1,7904,0
512,W,10140,1,7855,0
516,W,10140,1,7855,0
520,W,10140,1,7855,0
524,W,10140,1,7855,0
528,W,10140,1,7855,0
532,W,10140,1,7855,0
536,W,10140,1,7855,0
540,W,10140,1,7855,0
544,W,10140,1,7855,0
548,W,10140,1,7855,0
552,W,10140,1,7855,0
556,W,10140,1,7855,0
560,W,10140,1,7855,0
564,W,10140,1,7855,0
568,W,10140,1,7855,0
572,W,10140,1,7855,0
576,W,10140,1,7855,0
580,W,10140,1,7855,0
584,W,10140,1,7855,0
588,W,10140,1,7855,0
592,W,10140,1,7855,0
596,W,10140,1,7855,0
600,W,10140,1,7855,0
604,W,10140,1,7855,0
608,W,10140,1,7855,0
612,W,10140,1,7855,0
616,W,10140,1,7855,0
620,W,10140,1,7855,0
624,W,10140,1,7855,0
628,W,10140,1,7855,0
632,W,10140,1,7855,0
636,W,10140,1,7855,0
640,W,10140,1,7855,0
644,W,10140,1,7855,0
648,W,10140,1,7855,0
652,W,10140,1,7855,0
656,W,10140,1,7855,0
660,W,10140,1,7855,0
664,W,10140,1,7855,0
668,W,10140,1,7855,0
672,W,10140,1,7855,0
676,W,10140,1,7855,0
680,W,10140,1,7855,0
684,W,10140,1,7855,0
688,W,10140,1,7855,0
692,W,10140,1,7855,0
696,W,10140,1,7855,0
700,W,10140,1,7855,0
704,W,10140,1,7855,0
708,W,10140,1,7855,0
712,W,10140,1,7855,0
716,W,10140,1,7855,0
720,W,10140,1,7855,0
724,W,10140,1,7855,0
728,W,10140,1,7855,0
732,W,10140,1,7855,0
736,W,10140,1,7855,0
740,W,10140,1,7855,0
744,W,10140,1,7855,0
748,W,10140,1,7855,0
752,W,10140,1,7855,0
756,W,10140,1,7855,0
760,W,10140,1,7855,0
764,W,10140,1,7855,0
768,W,10140,1,7855,0
772,W,10140,1,7855,0
776,W,10140,1,7855,0
780,W,10140,1,7855,0
784,W,10140,1,7855,0
788,W,10140,1,7855,0
792,W,10140,1,7855,0
796,W,10140,1,7855,0
800,W,10140,1,7855,0
804,W,10140,1,7855,0
808,W,10140,1,7855,0
812,W,10140,1,7855,0
816,W,10140,1,7855,0
820,W,10140,1,7855,0
824,W,10140,1,7855,0
828,W,10140,1,7855,0
832,W,10140,1,7855,0
836,W,10140,1,7855,0
840,W,10140,1,7855,0
844,W,10140,1,7855,0
848,W,10140,1,7855,0
852,W,10140,1,7855,0
856,W,10140,1,7855,0
860,W,10140,1,7855,0
864,W,10140,1,7855,0
868,W,10140,1,7855,0
872,W,10140,1,7855,0
876,W,10140,1,7855,0
880,W,10140,1,7855,0
884,W,10140,1,7855,0
888,W,10140,1,7855,0
892,W,10140,1,7855,0
896,W,10140,1,7855,0
900,W,10140,1,7855,0
904,W,10140,1,7855,0
908,W,10140,1,7855,0
912,W,10140,1,7855,0
916,W,10140,1,7855,0
920,W,10140,1,7855,0
924,W,10140,1,7855,0
928,W,10140,1,7855,0
932,W,10140,1,7855,0
936,W,10140,1,7855,0
940,W,10140,1,7855,0
944,W,10140,1,7855,0
948,W,10140,1,7855,0
952,W,10140,1,7855,0
956,W,10140,1,7855,0
960,W,10140,1,7855,0
964,W,10140,1,7855,0
968,W,10140,1,7855,0
972,W,10140,1,7855,0
976,W,10140,1,7855,0
980,W,10140,1,7855,0
984,W,10140,1,7855,0
988,W,10140,1,7855,0
992,W,10140,1,7855,0
996,W,10140,1,7855,0
1000,W,10140,1,7855,0
1004,W,10140,1,7855,0
1008,W,10140,1,7855,0
1012,W,10140,1,7855,0
1016,W,10140,1,7855,0
1020,W,10140,1,7855,0
512,R,10163,1,10141,0
516,R,10163,1,10141,0
520,R,10163,1,10141,0
524,R,10163,1,10141,0
528,R,10163,1,10141,0
532,R,10163,1,10141,0
536,R,10163,1,10141,0
540,R,10163,1,10141,0
544,R,10163,1,10141,0
548,R,10163,1,10141,0
552,R,10163,1,10141,0
556,R,10163,1,10141,0
560,R,10163,1,10141,0
564,R,10163,1,10141,0
568,R,10163,1,10141,0
572,R,10163,1,10141,0
576,R,10163,1,10141,0
580,R,10163,1,10141,0
584,R,10163,1,10141,0
588,R,10163,1,10141,0
592,R,10163,1,10141,0
596,R,10163,1,10141,0
600,R,10163,1,10141,0
604,R,10163,1,10141,0
608,R,10163,1,10141,0
612,R,10163,1,10141,0
616,R,10163,1,10141,0
620,R,10163,1,10141,0
624,R,10163,1,10141,0
628,R,10163,1,10141,0
632,R,10163,1,10141,0
636,R,10163,1,10141,0
640,R,10163,1,10141,0
644,R,10163,1,10141,0
648,R,10163,1,10141,0
652,R,10163,1,10141,0
656,R,10163,1,10141,0
660,R,10163,1,10141,0
664,R,10163,1,10141,0
668,R,10163,1,10141,0
672,R,10163,1,10141,0
676,R,10163,1,10141,0
680,R,10163,1,10141,0
684,R,10163,1,10141,0
688,R,10163,1,10141,0
692,R,10163,1,10141,0
696,R,10163,1,10141,0
700,R,10163,1,10141,0
704,R,10163,1,10141,0
708,R,10163,1,10141,0
712,R,10163,1,10141,0
716,R,10163,1,10141,0
720,R,10163,1,10141,0
724,R,10163,1,10141,0
728,R,10163,1,10141,0
732,R,10163,1,10141,0
736,R,10163,1,10141,0
740,R,10163,1,10141,0
744,R,10163,1,10141,0
748,R,10163,1,10141,0
752,R,10163,1,10141,0
756,R,10163,1,10141,0
760,R,10163,1,10141,0
764,R,10163,1,10141,0
2048,W,10163,1,10144,0
2052,W,10163,1,10144,0
2056,W,10163,1,10144,0
2060,W,10163,1,10144,0
2064,W,10163,1,10144,0
2068,W,10163,1,10144,0
2072,W,10163,1,10144,0
2076,W,10163,1,10144,0
2080,W,10163,1,10144,0
2084,W,10163,1,10144,0
2088,W,10163,1,10144,0
2092,W,10163,1,10144,0
2096,W,10163,1,10144,0
2100,W,10163,1,10144,0
2104,W,10163,1,10144,0
2108,W,10163,1,10144,0
2112,W,10163,1,10144,0
2116,W,10163,1,10144,0
2120,W,10163,1,10144,0
2124,W,10163,1,10144,0
2128,W,10163,1,10144,0
2132,W,10163,1,10144,0
2136,W,10163,1,10144,0
2140,W,10163,1,10144,0
2144,W,10163,1,10144,0
2148,W,10163,1,10144,0
2152,W,10163,1,10144,0
2156,W,10163,1,10144,0
2160,W,10163,1,10144,0
2164,W,10163,1,10144,0
2168,W,10163,1,10144,0
2172,W,10163,1,10144,0
2176,W,10163,1,10144,0
2180,W,10163,1,10144,0
2184,W,10163,1,10144,0
2188,W,10163,1,10144,0
2192,W,10163,1,10144,0
2196,W,10163,1,10144,0
2200,W,10163,1,10144,0
2204,W,10163,1,10144,0
2208,W,10163,1,10144,0
2212,W,10163,1,10144,0
2216,W,10163,1,10144,0
2220,W,10163,1,10144,0
2224,W,10163,1,10144,0
2228,W,10163,1,10144,0
2232,W,10163,1,10144,0
2236,W,10163,1,10144,0
2240,W,10163,1,10144,0
2244,W,10163,1,10144,0
2248,W,10163,1,10144,0
2252,W,10163,1,10144,0
2256,W,10163,1,10144,0
2260,W,10163,1,10144,0
2264,W,10163,1,10144,0
2268,W,10163,1,10144,0
2272,W,10163,1,10144,0
2276,W,10163,1,10144,0
2280,W,10163,1,10144,0
2284,W,10163,1,10144,0
2288,W,10163,1,10144,0
2292,W,10163,1,10144,0
2296,W,10163,1,10144,0
2300,W,10163,1,10144,0
768,R,10164,1,10145,0
772,R,10164,1,10145,0
776,R,10164,1,10145,0
780,R,10164,1,10145,0
784,R,10164,1,10145,0
788,R,10164,1,10145,0
792,R,10164,1,10145,0
796,R,10164,1,10145,0
800,R,10164,1,10145,0
804,R,10164,1,10145,0
808,R,10164,1,10145,0
812,R,10164,1,10145,0
816,R,10164,1,10145,0
820,R,10164,1,10145,0
824,R,10164,1,10145,0
828,R,10164,1,10145,0
832,R,10164,1,10145,0
836,R,10164,1,10145,0
840,R,10164,1,10145,0
844,R,10164,1,10145,0
848,R,10164,1,10145,0
852,R,10164,1,10145,0
856,R,10164,1,10145,0
860,R,10164,1,10145,0
864,R,10164,1,10145,0
868,R,10164,1,10145,0
872,R,10164,1,10145,0
876,R,10164,1,10145,0
880,R,10164,1,10145,0
884,R,10164,1,10145,0
888,R,10164,1,10145,0
892,R,10164,1,10145,0
896,R,10164,1,10145,0
900,R,10164,1,10145,0
904,R,10164,1,10145,0
908,R,10164,1,10145,0
912,R,10164,1,10145,0
916,R,10164,1,10145,0
920,R,10164,1,10145,0
924,R,10164,1,10145,0
928,R,10164,1,10145,0
932,R,10164,1,10145,0
936,R,10164,1,10145,0
940,R,10164,1,10145,0
944,R,10164,1,10145,0
948,R,10164,1,10145,0
952,R,10164,1,10145,0
956,R,10164,1,10145,0
960,R,10164,1,10145,0
964,R,10164,1,10145,0
968,R,10164,1,10145,0
972,R,10164,1,10145,0
976,R,10164,1,10145,0
980,R,10164,1,10145,0
984,R,10164,1,10145,0
988,R,10164,1,10145,0
992,R,10164,1,10145,0
996,R,10164,1,10145,0
1000,R,10164,1,10145,0
1004,R,10164,1,10145,0
1008,R,10164,1,10145,0
1012,R,10164,1,10145,0
1016,R,10164,1,10145,0
1020,R,10164,1,10145,0
2304,W,10164,1,10148,0
2308,W,10164,1,10148,0
2312,W,10164,1,10148,0
2316,W,10164,1,10148,0
2320,W,10164,1,10148,0
2324,W,10164,1,10148,0
2328,W,10164,1,10148,0
2332,W,10164,1,10148,0
2336,W,10164,1,10148,0
2340,W,10164,1,10148,0
2344,W,10164,1,10148,0
2348,W,10164,1,10148,0
2352,W,10164,1,10148,0
2356,W,10164,1,10148,0
2360,W,10164,1,10148,0
2364,W,10164,1,10148,0
2368,W,10164,1,10148,0
2372,W,10164,1,10148,0
2376,W,10164,1,10148,0
2380,W,10164,1,10148,0
2384,W,10164,1,10148,0
2388,W,10164,1,10148,0
2392,W,10164,1,10148,0
2396,W,10164,1,10148,0
2400,W,10164,1,10148,0
2404,W,10164,1,10148,0
2408,W,10164,1,10148,0
2412,W,10164,1,10148,0
2416,W,10164,1,10148,0
2420,W,10164,1,10148,0
2424,W,10164,1,10148,0
2428,W,10164,1,10148,0
2432,W,10164,1,10148,0
2436,W,10164,1,10148,0
2440,W,10164,1,10148,0
2444,W,10164,1,10148,0
2448,W,10164,1,10148,0
2452,W,10164,1,10148,0
2456,W,10164,1,10148,0
2460,W,10164,1,10148,0
2464,W,10164,1,10148,0
2468,W,10164,1,10148,0
2472,W,10164,1,10148,0
2476,W,10164,1,10148,0
2480,W,10164,1,10148,0
2484,W,10164,1,10148,0
2488,W,10164,1,10148,0
2492,W,10164,1,10148,0
2496,W,10164,1,10148,0
2500,W,10164,1,10148,0
2504,W,10164,1,10148,0
2508,W,10164,1,10148,0
2512,W,10164,1,10148,0
2516,W,10164,1,10148,0
2520,W,10164,1,10148,0
2524,W,10164,1,10148,0
2528,W,10164,1,10148,0
2532,W,10164,1,10148,0
2536,W,10164,1,10148,0
2540,W,10164,1,10148,0
2544,W,10164,1,10148,0
2548,W,10164,1,10148,0
2552,W,10164,1,10148,0
2556,W,10164,1,10148,0
2048,R,10171,1,10152,0
2052,R,10171,1,10152,0
2056,R,10171,1,10152,0
2060,R,10171,1,10152,0
2064,R,10171,1,10152,0
2068,R,10171,1,10152,0
2072,R,10171,1,10152,0
2076,R,10171,1,10152,0
2080,R,10171,1,10152,0
2084,R,10171,1,10152,0
2088,R,10171,1,10152,0
2092,R,10171,1,10152,0
2096,R,10171,1,10152,0
2100,R,10171,1,10152,0
2104,R,10171,1,10152,0
2108,R,10171,1,10152,0
2112,R,10171,1,10152,0
2116,R,10171,1,10152,0
2120,R,10171,1,10152,0
2124,R,10171,1,10152,0
2128,R,10171,1,10152,0
2132,R,10171,1,10152,0
2136,R,10171,1,10152,0
2140,R,10171,1,10152,0
2144,R,10171,1,10152,0
2148,R,10171,1,10152,0
2152,R,10171,1,10152,0
2156,R,10171,1,10152,0
2160,R,10171,1,10152,0
2164,R,10171,1,10152,0
2168,R,10171,1,10152,0
2172,R,10171,1,10152,0
2176,R,10171,1,10152,0
2180,R,10171,1,10152,0
2184,R,10171,1,10152,0
2188,R,10171,1,10152,0
2192,R,10171,1,10152,0
2196,R,10171,1,10152,0
2200,R,10171,1,10152,0
2204,R,10171,1,10152,0
2208,R,10171,1,10152,0
2212,R,10171,1,10152,0
2216,R,10171,1,10152,0
2220,R,10171,1,10152,0
2224,R,10171,1,10152,0
2228,R,10171,1,10152,0
2232,R,10171,1,10152,0
2236,R,10171,1,10152,0
2240,R,10171,1,10152,0
2244,R,10171,1,10152,0
2248,R,10171,1,10152,0
2252,R,10171,1,10152,0
2256,R,10171,1,10152,0
2260,R,10171,1,10152,0
2264,R,10171,1,10152,0
2268,R,10171,1,10152,0
2272,R,10171,1,10152,0
2276,R,10171,1,10152,0
2280,R,10171,1,10152,0
2284,R,10171,1,10152,0
2288,R,10171,1,10152,0
2292,R,10171,1,10152,0
2296,R,10171,1,10152,0
2300,R,10171,1,10152,0
2048,W,10171,1,10156,0
2052,W,10171,1,10156,0
2056,W,10171,1,10156,0
2060,W,10171,1,10156,0
2064,W,10171,1,10156,0
2068,W,10171,1,10156,0
2072,W,10171,1,10156,0
2076,W,10171,1,10156,0
2080,W,10171,1,10156,0
2084,W,10171,1,10156,0
2088,W,10171,1,10156,0
2092,W,10171,1,10156,0
2096,W,10171,1,10156,0
2100,W,10171,1,10156,0
2104,W,10171,1,10156,0
2108,W,10171,1,10156,0
2112,W,10171,1,10156,0
2116,W,10171,1,10156,0
2120,W,10171,1,10156,0
2124,W,10171,1,10156,0
2128,W,10171,1,10156,0
2132,W,10171,1,10156,0
2136,W,10171,1,10156,0
2140,W,10171,1,10156,0
2144,W,10171,1,10156,0
2148,W,10171,1,10156,0
2152,W,10171,1,10156,0
2156,W,10171,1,10156,0
2160,W,10171,1,10156,0
2164,W,10171,1,10156,0
2168,W,10171,1,10156,0
2172,W,10171,1,10156,0
2176,W,10171,1,10156,0
2180,W,10171,1,10156,0
2184,W,10171,1,10156,0
2188,W,10171,1,10156,0
2192,W,10171,1,10156,0
2196,W,10171,1,10156,0
2200,W,10171,1,10156,0
2204,W,10171,1,10156,0
2208,W,10171,1,10156,0
2212,W,10171,1,10156,0
2216,W,10171,1,10156,0
2220,W,10171,1,10156,0
2224,W,10171,1,10156,0
2228,W,10171,1,10156,0
2232,W,10171,1,10156,0
2236,W,10171,1,10156,0
2240,W,10171,1,10156,0
2244,W,10171,1,10156,0
2248,W,10171,1,10156,0
2252,W,10171,1,10156,0
2256,W,10171,1,10156,0
2260,W,10171,1,10156,0
2264,W,10171,1,10156,0
2268,W,10171,1,10156,0
2272,W,10171,1,10156,0
2276,W,10171,1,10156,0
2280,W,10171,1,10156,0
2284,W,10171,1,10156,0
2288,W,10171,1,10156,0
2292,W,10171,1,10156,0
2296,W,10171,1,10156,0
2300,W,10171,1,10156,0
2304,R,10172,1,10157,0
2308,R,10172,1,10157,0
2312,R,10172,1,10157,0
2316,R,10172,1,10157,0
2320,R,10172,1,10157,0
2324,R,10172,1,10157,0
2328,R,10172,1,10157,0
2332,R,10172,1,10157,0
2336,R,10172,1,10157,0
2340,R,10172,1,10157,0
2344,R,10172,1,10157,0
2348,R,10172,1,10157,0
2352,R,10172,1,10157,0
2356,R,10172,1,10157,0
2360,R,10172,1,10157,0
2364,R,10172,1,10157,0
2368,R,10172,1,10157,0
2372,R,10172,1,10157,0
2376,R,10172,1,10157,0
2380,R,10172,1,10157,0
2384,R,10172,1,10157,0
2388,R,10172,1,10157,0
2392,R,10172,1,10157,0
2396,R,10172,1,10157,0
2400,R,10172,1,10157,0
2404,R,10172,1,10157,0
2408,R,10172,1,10157,0
2412,R,10172,1,10157,0
2416,R,10172,1,10157,0
2420,R,10172,1,10157,0
2424,R,10172,1,10157,0
2428,R,10172,1,10157,0
2432,R,10172,1,10157,0
2436,R,10172,1,10157,0
2440,R,10172,1,10157,0
2444,R,10172,1,10157,0
2448,R,10172,1,10157,0
2452,R,10172,1,10157,0
2456,R,10172,1,10157,0
2460,R,10172,1,10157,0
2464,R,10172,1,10157,0
2468,R,10172,1,10157,0
2472,R,10172,1,10157,0
2476,R,10172,1,10157,0
2480,R,10172,1,10157,0
2484,R,10172,1,10157,0
2488,R,10172,1,10157,0
2492,R,10172,1,10157,0
2496,R,10172,1,10157,0
2500,R,10172,1,10157,0
2504,R,10172,1,10157,0
2508,R,10172,1,10157,0
2512,R,10172,1,10157,0
2516,R,10172,1,10157,0
2520,R,10172,1,10157,0
2524,R,10172,1,10157,0
2528,R,10172,1,10157,0
2532,R,10172,1,10157,0
2536,R,10172,1,10157,0
2540,R,10172,1,10157,0
2544,R,10172,1,10157,0
2548,R,10172,1,10157,0
2552,R,10172,1,10157,0
2556,R,10172,1,10157,0
2304,W,10172,1,10161,0
2308,W,10172,1,10161,0
2312,W,10172,1,10161,0
2316,W,10172,1,10161,0
2320,W,10172,1,10161,0
2324,W,10172,1,10161,0
2328,W,10172,1,10161,0
2332,W,10172,1,10161,0
2336,W,10172,1,10161,0
2340,W,10172,1,10161,0
2344,W,10172,1,10161,0
2348,W,10172,1,10161,0
2352,W,10172,1,10161,0
2356,W,10172,1,10161,0
2360,W,10172,1,10161,0
2364,W,10172,1,10161,0
2368,W,10172,1,10161,0
2372,W,10172,1,10161,0
2376,W,10172,1,10161,0
2380,W,10172,1,10161,0
2384,W,10172,1,10161,0
2388,W,10172,1,10161,0
2392,W,10172,1,10161,0
2396,W,10172,1,10161,0
2400,W,10172,1,10161,0
2404,W,10172,1,10161,0
2408,W,10172,1,10161,0
2412,W,10172,1,10161,0
2416,W,10172,1,10161,0
2420,W,10172,1,10161,0
2424,W,10172,1,10161,0
2428,W,10172,1,10161,0
2432,W,10172,1,10161,0
2436,W,10172,1,10161,0
2440,W,10172,1,10161,0
2444,W,10172,1,10161,0
2448,W,10172,1,10161,0
2452,W,10172,1,10161,0
2456,W,10172,1,10161,0
2460,W,10172,1,10161,0
2464,W,10172,1,10161,0
2468,W,10172,1,10161,0
2472,W,10172,1,10161,0
2476,W,10172,1,10161,0
2480,W,10172,1,10161,0
2484,W,10172,1,10161,0
2488,W,10172,1,10161,0
2492,W,10172,1,10161,0
2496,W,10172,1,10161,0
2500,W,10172,1,10161,0
2504,W,10172,1,10161,0
2508,W,10172,1,10161,0
2512,W,10172,1,10161,0
2516,W,10172,1,10161,0
2520,W,10172,1,10161,0
2524,W,10172,1,10161,0
2528,W,10172,1,10161,0
2532,W,10172,1,10161,0
2536,W,10172,1,10161,0
2540,W,10172,1,10161,0
2544,W,10172,1,10161,0
2548,W,10172,1,10161,0
2552,W,10172,1,10161,0
2556,W,10172,1,10161,0
2048,R,10179,1,10165,0
2052,R,10179,1,10165,0
2056,R,10179,1,10165,0
2060,R,10179,1,10165,0
2064,R,10179,1,10165,0
2068,R,10179,1,10165,0
2072,R,10179,1,10165,0
2076,R,10179,1,10165,0
2080,R,10179,1,10165,0
2084,R,10179,1,10165,0
2088,R,10179,1,10165,0
2092,R,10179,1,10165,0
2096,R,10179,1,10165,0
2100,R,10179,1,10165,0
2104,R,10179,1,10165,0
2108,R,10179,1,10165,0
2112,R,10179,1,10165,0
2116,R,10179,1,10165,0
2120,R,10179,1,10165,0
2124,R,10179,1,10165,0
2128,R,10179,1,10165,0
2132,R,10179,1,10165,0
2136,R,10179,1,10165,0
2140,R,10179,1,10165,0
2144,R,10179,1,10165,0
2148,R,10179,1,10165,0
2152,R,10179,1,10165,0
2156,R,10179,1,10165,0
2160,R,10179,1,10165,0
2164,R,10179,1,10165,0
2168,R,10179,1,10165,0
2172,R,10179,1,10165,0
2176,R,10179,1,10165,0
2180,R,10179,1,10165,0
2184,R,10179,1,10165,0
2188,R,10179,1,10165,0
2192,R,10179,1,10165,0
2196,R,10179,1,10165,0
2200,R,10179,1,10165,0
2204,R,10179,1,10165,0
2208,R,10179,1,10165,0
2212,R,10179,1,10165,0
2216,R,10179,1,10165,0
2220,R,10179,1,10165,0
2224,R,10179,1,10165,0
2228,R,10179,1,10165,0
2232,R,10179,1,10165,0
2236,R,10179,1,10165,0
2240,R,10179,1,10165,0
2244,R,10179,1,10165,0
2248,R,10179,1,10165,0
2252,R,10179,1,10165,0
2256,R,10179,1,10165,0
2260,R,10179,1,10165,0
2264,R,10179,1,10165,0
2268,R,10179,1,10165,0
2272,R,10179,1,10165,0
2276,R,10179,1,10165,0
2280,R,10179,1,10165,0
2284,R,10179,1,10165,0
2288,R,10179,1,10165,0
2292,R,10179,1,10165,0
2296,R,10179,1,10165,0
2300,R,10179,1,10165,0
512,R,10179,1,10166,0
516,R,10179,1,10166,0
520,R,10179,1,10166,0
524,R,10179,1,10166,0
528,R,10179,1,10166,0
532,R,10179,1,10166,0
536,R,10179,1,10166,0
540,R,10179,1,10166,0
544,R,10179,1,10166,0
548,R,10179,1,10166,0
552,R,10179,1,10166,0
556,R,10179,1,10166,0
560,R,10179,1,10166,0
564,R,10179,1,10166,0
568,R,10179,1,10166,0
572,R,10179,1,10166,0
576,R,10179,1,10166,0
580,R,10179,1,10166,0
584,R,10179,1,10166,0
588,R,10179,1,10166,0
592,R,10179,1,10166,0
596,R,10179,1,10166,0
600,R,10179,1,10166,0
604,R,10179,1,10166,0
608,R,10179,1,10166,0
612,R,10179,1,10166,0
616,R,10179,1,10166,0
620,R,10179,1,10166,0
624,R,10179,1,10166,0
628,R,10179,1,10166,0
632,R,10179,1,10166,0
636,R,10179,1,10166,0
640,R,10179,1,10166,0
644,R,10179,1,10166,0
648,R,10179,1,10166,0
652,R,10179,1,10166,0
656,R,10179,1,10166,0
660,R,10179,1,10166,0
664,R,10179,1,10166,0
668,R,10179,1,10166,0
672,R,10179,1,10166,0
676,R,10179,1,10166,0
680,R,10179,1,10166,0
684,R,10179,1,10166,0
688,R,10179,1,10166,0
692,R,10179,1,10166,0
696,R,10179,1,10166,0
700,R,10179,1,10166,0
704,R,10179,1,10166,0
708,R,10179,1,10166,0
712,R,10179,1,10166,0
716,R,10179,1,10166,0
720,R,10179,1,10166,0
724,R,10179,1,10166,0
728,R,10179,1,10166,0
732,R,10179,1,10166,0
736,R,10179,1,10166,0
740,R,10179,1,10166,0
744,R,10179,1,10166,0
748,R,10179,1,10166,0
752,R,10179,1,10166,0
756,R,10179,1,10166,0
760,R,10179,1,10166,0
764,R,10179,1,10166,0
2048,W,10179,1,10169,0
2052,W,10179,1,10169,0
2056,W,10179,1,10169,0
2060,W,10179,1,10169,0
2064,W,10179,1,10169,0
2068,W,10179,1,10169,0
2072,W,10179,1,10169,0
2076,W,10179,1,10169,0
2080,W,10179,1,10169,0
2084,W,10179,1,10169,0
2088,W,10179,1,10169,0
2092,W,10179,1,10169,0
2096,W,10179,1,10169,0
2100,W,10179,1,10169,0
2104,W,10179,1,10169,0
2108,W,10179,1,10169,0
2112,W,10179,1,10169,0
2116,W,10179,1,10169,0
2120,W,10179,1,10169,0
2124,W,10179,1,10169,0
2128,W,10179,1,10169,0
2132,W,10179,1,10169,0
2136,W,10179,1,10169,0
2140,W,10179,1,10169,0
2144,W,10179,1,10169,0
2148,W,10179,1,10169,0
2152,W,10179,1,10169,0
2156,W,10179,1,10169,0
2160,W,10179,1,10169,0
2164,W,10179,1,10169,0
2168,W,10179,1,10169,0
2172,W,10179,1,10169,0
2176,W,10179,1,10169,0
2180,W,10179,1,10169,0
2184,W,10179,1,10169,0
2188,W,10179,1,10169,0
2192,W,10179,1,10169,0
2196,W,10179,1,10169,0
2200,W,10179,1,10169,0
2204,W,10179,1,10169,0
2208,W,10179,1,10169,0
2212,W,10179,1,10169,0
2216,W,10179,1,10169,0
2220,W,10179,1,10169,0
2224,W,10179,1,10169,0
2228,W,10179,1,10169,0
2232,W,10179,1,10169,0
2236,W,10179,1,10169,0
2240,W,10179,1,10169,0
2244,W,10179,1,10169,0
2248,W,10179,1,10169,0
2252,W,10179,1,10169,0
2256,W,10179,1,10169,0
2260,W,10179,1,10169,0
2264,W,10179,1,10169,0
2268,W,10179,1,10169,0
2272,W,10179,1,10169,0
2276,W,10179,1,10169,0
2280,W,10179,1,10169,0
2284,W,10179,1,10169,0
2288,W,10179,1,10169,0
2292,W,10179,1,10169,0
2296,W,10179,1,10169,0
2300,W,10179,1,10169,0
2304,R,10180,1,10170,0
2308,R,10180,1,10170,0
2312,R,10180,1,10170,0
2316,R,10180,1,10170,0
2320,R,10180,1,10170,0
2324,R,10180,1,10170,0
2328,R,10180,1,10170,0
2332,R,10180,1,10170,0
2336,R,10180,1,10170,0
2340,R,10180,1,10170,0
2344,R,10180,1,10170,0
2348,R,10180,1,10170,0
2352,R,10180,1,10170,0
2356,R,10180,1,10170,0
2360,R,10180,1,10170,0
2364,R,10180,1,10170,0
2368,R,10180,1,10170,0
2372,R,10180,1,10170,0
2376,R,10180,1,10170,0
2380,R,10180,1,10170,0
2384,R,10180,1,10170,0
2388,R,10180,1,10170,0
2392,R,10180,1,10170,0
2396,R,10180,1,10170,0
2400,R,10180,1,10170,0
2404,R,10180,1,10170,0
2408,R,10180,1,10170,0
2412,R,10180,1,10170,0
2416,R,10180,1,10170,0
2420,R,10180,1,10170,0
2424,R,10180,1,10170,0
2428,R,10180,1,10170,0
2432,R,10180,1,10170,0
2436,R,10180,1,10170,0
2440,R,10180,1,10170,0
2444,R,10180,1,10170,0
2448,R,10180,1,10170,0
2452,R,10180,1,10170,0
2456,R,10180,1,10170,0
2460,R,10180,1,10170,0
2464,R,10180,1,10170,0
2468,R,10180,1,10170,0
2472,R,10180,1,10170,0
2476,R,10180,1,10170,0
2480,R,10180,1,10170,0
2484,R,10180,1,10170,0
2488,R,10180,1,10170,0
2492,R,10180,1,10170,0
2496,R,10180,1,10170,0
2500,R,10180,1,10170,0
2504,R,10180,1,10170,0
2508,R,10180,1,10170,0
2512,R,10180,1,10170,0
2516,R,10180,1,10170,0
2520,R,10180,1,10170,0
2524,R,10180,1,10170,0
2528,R,10180,1,10170,0
2532,R,10180,1,10170,0
2536,R,10180,1,10170,0
2540,R,10180,1,10170,0
2544,R,10180,1,10170,0
2548,R,10180,1,10170,0
2552,R,10180,1,10170,0
2556,R,10180,1,10170,0
768,R,10180,1,10171,0
772,R,10180,1,10171,0
776,R,10180,1,10171,0
780,R,10180,1,10171,0
784,R,10180,1,10171,0
788,R,10180,1,10171,0
792,R,10180,1,10171,0
796,R,10180,1,10171,0
800,R,10180,1,10171,0
804,R,10180,1,10171,0
808,R,10180,1,10171,0
812,R,10180,1,10171,0
816,R,10180,1,10171,0
820,R,10180,1,10171,0
824,R,10180,1,10171,0
828,R,10180,1,10171,0
832,R,10180,1,10171,0
836,R,10180,1,10171,0
840,R,10180,1,10171,0
844,R,10180,1,10171,0
848,R,10180,1,10171,0
852,R,10180,1,10171,0
856,R,10180,1,10171,0
860,R,10180,1,10171,0
864,R,10180,1,10171,0
868,R,10180,1,10171,0
872,R,10180,1,10171,0
876,R,10180,1,10171,0
880,R,10180,1,10171,0
884,R,10180,1,10171,0
888,R,10180,1,10171,0
892,R,10180,1,10171,0
896,R,10180,1,10171,0
900,R,10180,1,10171,0
904,R,10180,1,10171,0
908,R,10180,1,10171,0
912,R,10180,1,10171,0
916,R,10180,1,10171,0
920,R,10180,1,10171,0
924,R,10180,1,10171,0
928,R,10180,1,10171,0
932,R,10180,1,10171,0
936,R,10180,1,10171,0
940,R,10180,1,10171,0
944,R,10180,1,10171,0
948,R,10180,1,10171,0
952,R,10180,1,10171,0
956,R,10180,1,10171,0
960,R,10180,1,10171,0
964,R,10180,1,10171,0
968,R,10180,1,10171,0
972,R,10180,1,10171,0
976,R,10180,1,10171,0
980,R,10180,1,10171,0
984,R,10180,1,10171,0
988,R,10180,1,10171,0
992,R,10180,1,10171,0
996,R,10180,1,10171,0
1000,R,10180,1,10171,0
1004,R,10180,1,10171,0
1008,R,10180,1,10171,0
1012,R,10180,1,10171,0
1016,R,10180,1,10171,0
1020,R,10180,1,10171,0
2304,W,10180,1,10174,0
2308,W,10180,1,10174,0
2312,W,10180,1,10174,0
2316,W,10180,1,10174,0
2320,W,10180,1,10174,0
2324,W,10180,1,10174,0
2328,W,10180,1,10174,0
2332,W,10180,1,10174,0
2336,W,10180,1,10174,0
2340,W,10180,1,10174,0
2344,W,10180,1,10174,0
2348,W,10180,1,10174,0
2352,W,10180,1,10174,0
2356,W,10180,1,10174,0
2360,W,10180,1,10174,0
2364,W,10180,1,10174,0
2368,W,10180,1,10174,0
2372,W,10180,1,10174,0
2376,W,10180,1,10174,0
2380,W,10180,1,10174,0
2384,W,10180,1,10174,0
2388,W,10180,1,10174,0
2392,W,10180,1,10174,0
2396,W,10180,1,10174,0
2400,W,10180,1,10174,0
2404,W,10180,1,10174,0
2408,W,10180,1,10174,0
2412,W,10180,1,10174,0
2416,W,10180,1,10174,0
2420,W,10180,1,10174,0
2424,W,10180,1,10174,0
2428,W,10180,1,10174,0
2432,W,10180,1,10174,0
2436,W,10180,1,10174,0
2440,W,10180,1,10174,0
2444,W,10180,1,10174,0
2448,W,10180,1,10174,0
2452,W,10180,1,10174,0
2456,W,10180,1,10174,0
2460,W,10180,1,10174,0
2464,W,10180,1,10174,0
2468,W,10180,1,10174,0
2472,W,10180,1,10174,0
2476,W,10180,1,10174,0
2480,W,10180,1,10174,0
2484,W,10180,1,10174,0
2488,W,10180,1,10174,0
2492,W,10180,1,10174,0
2496,W,10180,1,10174,0
2500,W,10180,1,10174,0
2504,W,10180,1,10174,0
2508,W,10180,1,10174,0
2512,W,10180,1,10174,0
2516,W,10180,1,10174,0
2520,W,10180,1,10174,0
2524,W,10180,1,10174,0
2528,W,10180,1,10174,0
2532,W,10180,1,10174,0
2536,W,10180,1,10174,0
2540,W,10180,1,10174,0
2544,W,10180,1,10174,0
2548,W,10180,1,10174,0
2552,W,10180,1,10174,0
2556,W,10180,1,10174,0
2048,R,10187,1,10178,0
2052,R,10187,1,10178,0
2056,R,10187,1,10178,0
2060,R,10187,1,10178,0
2064,R,10187,1,10178,0
2068,R,10187,1,10178,0
2072,R,10187,1,10178,0
2076,R,10187,1,10178,0
2080,R,10187,1,10178,0
2084,R,10187,1,10178,0
2088,R,10187,1,10178,0
2092,R,10187,1,10178,0
2096,R,10187,1,10178,0
2100,R,10187,1,10178,0
2104,R,10187,1,10178,0
2108,R,10187,1,10178,0
2112,R,10187,1,10178,0
2116,R,10187,1,10178,0
2120,R,10187,1,10178,0
2124,R,10187,1,10178,0
2128,R,10187,1,10178,0
2132,R,10187,1,10178,0
2136,R,10187,1,10178,0
2140,R,10187,1,10178,0
2144,R,10187,1,10178,0
2148,R,10187,1,10178,0
2152,R,10187,1,10178,0
2156,R,10187,1,10178,0
2160,R,10187,1,10178,0
2164,R,10187,1,10178,0
2168,R,10187,1,10178,0
2172,R,10187,1,10178,0
2176,R,10187,1,10178,0
2180,R,10187,1,10178,0
2184,R,10187,1,10178,0
2188,R,10187,1,10178,0
2192,R,10187,1,10178,0
2196,R,10187,1,10178,0
2200,R,10187,1,10178,0
2204,R,10187,1,10178,0
2208,R,10187,1,10178,0
2212,R,10187,1,10178,0
2216,R,10187,1,10178,0
2220,R,10187,1,10178,0
2224,R,10187,1,10178,0
2228,R,10187,1,10178,0
2232,R,10187,1,10178,0
2236,R,10187,1,10178,0
2240,R,10187,1,10178,0
2244,R,10187,1,10178,0
2248,R,10187,1,10178,0
2252,R,10187,1,10178,0
2256,R,10187,1,10178,0
2260,R,10187,1,10178,0
2264,R,10187,1,10178,0
2268,R,10187,1,10178,0
2272,R,10187,1,10178,0
2276,R,10187,1,10178,0
2280,R,10187,1,10178,0
2284,R,10187,1,10178,0
2288,R,10187,1,10178,0
2292,R,10187,1,10178,0
2296,R,10187,1,10178,0
2300,R,10187,1,10178,0
2048,W,10187,1,10182,0
2052,W,10187,1,10182,0
2056,W,10187,1,10182,0
2060,W,10187,1,10182,0
2064,W,10187,1,10182,0
2068,W,10187,1,10182,0
2072,W,10187,1,10182,0
2076,W,10187,1,10182,0
2080,W,10187,1,10182,0
2084,W,10187,1,10182,0
2088,W,10187,1,10182,0
2092,W,10187,1,10182,0
2096,W,10187,1,10182,0
2100,W,10187,1,10182,0
2104,W,10187,1,10182,0
2108,W,10187,1,10182,0
2112,W,10187,1,10182,0
2116,W,10187,1,10182,0
2120,W,10187,1,10182,0
2124,W,10187,1,10182,0
2128,W,10187,1,10182,0
2132,W,10187,1,10182,0
2136,W,10187,1,10182,0
2140,W,10187,1,10182,0
2144,W,10187,1,10182,0
2148,W,10187,1,10182,0
2152,W,10187,1,10182,0
2156,W,10187,1,10182,0
2160,W,10187,1,10182,0
2164,W,10187,1,10182,0
2168,W,10187,1,10182,0
2172,W,10187,1,10182,0
2176,W,10187,1,10182,0
2180,W,10187,1,10182,0
2184,W,10187,1,10182,0
2188,W,10187,1,10182,0
2192,W,10187,1,10182,0
2196,W,10187,1,10182,0
2200,W,10187,1,10182,0
2204,W,10187,1,10182,0
2208,W,10187,1,10182,0
2212,W,10187,1,10182,0
2216,W,10187,1,10182,0
2220,W,10187,1,10182,0
2224,W,10187,1,10182,0
2228,W,10187,1,10182,0
2232,W,10187,1,10182,0
2236,W,10187,1,10182,0
2240,W,10187,1,10182,0
2244,W,10187,1,10182,0
2248,W,10187,1,10182,0
2252,W,10187,1,10182,0
2256,W,10187,1,10182,0
2260,W,10187,1,10182,0
2264,W,10187,1,10182,0
2268,W,10187,1,10182,0
2272,W,10187,1,10182,0
2276,W,10187,1,10182,0
2280,W,10187,1,10182,0
2284,W,10187,1,10182,0
2288,W,10187,1,10182,0
2292,W,10187,1,10182,0
2296,W,10187,1,10182,0
2300,W,10187,1,10182,0
2304,R,10188,1,10183,0
2308,R,10188,1,10183,0
2312,R,10188,1,10183,0
2316,R,10188,1,10183,0
2320,R,10188,1,10183,0
2324,R,10188,1,10183,0
2328,R,10188,1,10183,0
2332,R,10188,1,10183,0
2336,R,10188,1,10183,0
2340,R,10188,1,10183,0
2344,R,10188,1,10183,0
2348,R,10188,1,10183,0
2352,R,10188,1,10183,0
2356,R,10188,1,10183,0
2360,R,10188,1,10183,0
2364,R,10188,1,10183,0
2368,R,10188,1,10183,0
2372,R,10188,1,10183,0
2376,R,10188,1,10183,0
2380,R,10188,1,10183,0
2384,R,10188,1,10183,0
2388,R,10188,1,10183,0
2392,R,10188,1,10183,0
2396,R,10188,1,10183,0
2400,R,10188,1,10183,0
2404,R,10188,1,10183,0
2408,R,10188,1,10183,0
2412,R,10188,1,10183,0
2416,R,10188,1,10183,0
2420,R,10188,1,10183,0
2424,R,10188,1,10183,0
2428,R,10188,1,10183,0
2432,R,10188,1,10183,0
2436,R,10188,1,10183,0
2440,R,10188,1,10183,0
2444,R,10188,1,10183,0
2448,R,10188,1,10183,0
2452,R,10188,1,10183,0
2456,R,10188,1,10183,0
2460,R,10188,1,10183,0
2464,R,10188,1,10183,0
2468,R,10188,1,10183,0
2472,R,10188,1,10183,0
2476,R,10188,1,10183,0
2480,R,10188,1,10183,0
2484,R,10188,1,10183,0
2488,R,10188,1,10183,0
2492,R,10188,1,10183,0
2496,R,10188,1,10183,0
2500,R,10188,1,10183,0
2504,R,10188,1,10183,0
2508,R,10188,1,10183,0
2512,R,10188,1,10183,0
2516,R,10188,1,10183,0
2520,R,10188,1,10183,0
2524,R,10188,1,10183,0
2528,R,10188,1,10183,0
2532,R,10188,1,10183,0
2536,R,10188,1,10183,0
2540,R,10188,1,10183,0
2544,R,10188,1,10183,0
2548,R,10188,1,10183,0
2552,R,10188,1,10183,0
2556,R,10188,1,10183,0
2304,W,10188,1,10187,0
2308,W,10188,1,10187,0
2312,W,10188,1,10187,0
2316,W,10188,1,10187,0
2320,W,10188,1,10187,0
2324,W,10188,1,10187,0
2328,W,10188,1,10187,0
2332,W,10188,1,10187,0
2336,W,10188,1,10187,0
2340,W,10188,1,10187,0
2344,W,10188,1,10187,0
2348,W,10188,1,10187,0
2352,W,10188,1,10187,0
2356,W,10188,1,10187,0
2360,W,10188,1,10187,0
2364,W,10188,1,10187,0
2368,W,10188,1,10187,0
2372,W,10188,1,10187,0
2376,W,10188,1,10187,0
2380,W,10188,1,10187,0
2384,W,10188,1,10187,0
2388,W,10188,1,10187,0
2392,W,10188,1,10187,0
2396,W,10188,1,10187,0
2400,W,10188,1,10187,0
2404,W,10188,1,10187,0
2408,W,10188,1,10187,0
2412,W,10188,1,10187,0
2416,W,10188,1,10187,0
2420,W,10188,1,10187,0
2424,W,10188,1,10187,0
2428,W,10188,1,10187,0
2432,W,10188,1,10187,0
2436,W,10188,1,10187,0
2440,W,10188,1,10187,0
2444,W,10188,1,10187,0
2448,W,10188,1,10187,0
2452,W,10188,1,10187,0
2456,W,10188,1,10187,0
2460,W,10188,1,10187,0
2464,W,10188,1,10187,0
2468,W,10188,1,10187,0
2472,W,10188,1,10187,0
2476,W,10188,1,10187,0
2480,W,10188,1,10187,0
2484,W,10188,1,10187,0
2488,W,10188,1,10187,0
2492,W,10188,1,10187,0
2496,W,10188,1,10187,0
2500,W,10188,1,10187,0
2504,W,10188,1,10187,0
2508,W,10188,1,10187,0
2512,W,10188,1,10187,0
2516,W,10188,1,10187,0
2520,W,10188,1,10187,0
2524,W,10188,1,10187,0
2528,W,10188,1,10187,0
2532,W,10188,1,10187,0
2536,W,10188,1,10187,0
2540,W,10188,1,10187,0
2544,W,10188,1,10187,0
2548,W,10188,1,10187,0
2552,W,10188,1,10187,0
2556,W,10188,1,10187,0
512,R,10195,1,10191,0
516,R,10195,1,10191,0
520,R,10195,1,10191,0
524,R,10195,1,10191,0
528,R,10195,1,10191,0
532,R,10195,1,10191,0
536,R,10195,1,10191,0
540,R,10195,1,10191,0
544,R,10195,1,10191,0
548,R,10195,1,10191,0
552,R,10195,1,10191,0
556,R,10195,1,10191,0
560,R,10195,1,10191,0
564,R,10195,1,10191,0
568,R,10195,1,10191,0
572,R,10195,1,10191,0
576,R,10195,1,10191,0
580,R,10195,1,10191,0
584,R,10195,1,10191,0
588,R,10195,1,10191,0
592,R,10195,1,10191,0
596,R,10195,1,10191,0
600,R,10195,1,10191,0
604,R,10195,1,10191,0
608,R,10195,1,10191,0
612,R,10195,1,10191,0
616,R,10195,1,10191,0
620,R,10195,1,10191,0
624,R,10195,1,10191,0
628,R,10195,1,10191,0
632,R,10195,1,10191,0
636,R,10195,1,10191,0
640,R,10195,1,10191,0
644,R,10195,1,10191,0
648,R,10195,1,10191,0
652,R,10195,1,10191,0
656,R,10195,1,10191,0
660,R,10195,1,10191,0
664,R,10195,1,10191,0
668,R,10195,1,10191,0
672,R,10195,1,10191,0
676,R,10195,1,10191,0
680,R,10195,1,10191,0
684,R,10195,1,10191,0
688,R,10195,1,10191,0
692,R,10195,1,10191,0
696,R,10195,1,10191,0
700,R,10195,1,10191,0
704,R,10195,1,10191,0
708,R,10195,1,10191,0
712,R,10195,1,10191,0
716,R,10195,1,10191,0
720,R,10195,1,10191,0
724,R,10195,1,10191,0
728,R,10195,1,10191,0
732,R,10195,1,10191,0
736,R,10195,1,10191,0
740,R,10195,1,10191,0
744,R,10195,1,10191,0
748,R,10195,1,10191,0
752,R,10195,1,10191,0
756,R,10195,1,10191,0
760,R,10195,1,10191,0
764,R,10195,1,10191,0
2048,R,10195,1,10192,0
2052,R,10195,1,10192,0
2056,R,10195,1,10192,0
2060,R,10195,1,10192,0
2064,R,10195,1,10192,0
2068,R,10195,1,10192,0
2072,R,10195,1,10192,0
2076,R,10195,1,10192,0
2080,R,10195,1,10192,0
2084,R,10195,1,10192,0
2088,R,10195,1,10192,0
2092,R,10195,1,10192,0
2096,R,10195,1,10192,0
2100,R,10195,1,10192,0
2104,R,10195,1,10192,0
2108,R,10195,1,10192,0
2112,R,10195,1,10192,0
2116,R,10195,1,10192,0
2120,R,10195,1,10192,0
2124,R,10195,1,10192,0
2128,R,10195,1,10192,0
2132,R,10195,1,10192,0
2136,R,10195,1,10192,0
2140,R,10195,1,10192,0
2144,R,10195,1,10192,0
2148,R,10195,1,10192,0
2152,R,10195,1,10192,0
2156,R,10195,1,10192,0
2160,R,10195,1,10192,0
2164,R,10195,1,10192,0
2168,R,10195,1,10192,0
2172,R,10195,1,10192,0
2176,R,10195,1,10192,0
2180,R,10195,1,10192,0
2184,R,10195,1,10192,0
2188,R,10195,1,10192,0
2192,R,10195,1,10192,0
2196,R,10195,1,10192,0
2200,R,10195,1,10192,0
2204,R,10195,1,10192,0
2208,R,10195,1,10192,0
2212,R,10195,1,10192,0
2216,R,10195,1,10192,0
2220,R,10195,1,10192,0
2224,R,10195,1,10192,0
2228,R,10195,1,10192,0
2232,R,10195,1,10192,0
2236,R,10195,1,10192,0
2240,R,10195,1,10192,0
2244,R,10195,1,10192,0
2248,R,10195,1,10192,0
2252,R,10195,1,10192,0
2256,R,10195,1,10192,0
2260,R,10195,1,10192,0
2264,R,10195,1,10192,0
2268,R,10195,1,10192,0
2272,R,10195,1,10192,0
2276,R,10195,1,10192,0
2280,R,10195,1,10192,0
2284,R,10195,1,10192,0
2288,R,10195,1,10192,0
2292,R,10195,1,10192,0
2296,R,10195,1,10192,0
2300,R,10195,1,10192,0
2048,W,10195,1,10195,0
2052,W,10195,1,10195,0
2056,W,10195,1,10195,0
2060,W,10195,1,10195,0
2064,W,10195,1,10195,0
2068,W,10195,1,10195,0
2072,W,10195,1,10195,0
2076,W,10195,1,10195,0
2080,W,10195,1,10195,0
2084,W,10195,1,10195,0
2088,W,10195,1,10195,0
2092,W,10195,1,10195,0
2096,W,10195,1,10195,0
2100,W,10195,1,10195,0
2104,W,10195,1,10195,0
2108,W,10195,1,10195,0
2112,W,10195,1,10195,0
2116,W,10195,1,10195,0
2120,W,10195,1,10195,0
2124,W,10195,1,10195,0
2128,W,10195,1,10195,0
2132,W,10195,1,10195,0
2136,W,10195,1,10195,0
2140,W,10195,1,10195,0
2144,W,10195,1,10195,0
2148,W,10195,1,10195,0
2152,W,10195,1,10195,0
2156,W,10195,1,10195,0
2160,W,10195,1,10195,0
2164,W,10195,1,10195,0
2168,W,10195,1,10195,0
2172,W,10195,1,10195,0
2176,W,10195,1,10195,0
2180,W,10195,1,10195,0
2184,W,10195,1,10195,0
2188,W,10195,1,10195,0
2192,W,10195,1,10195,0
2196,W,10195,1,10195,0
2200,W,10195,1,10195,0
2204,W,10195,1,10195,0
2208,W,10195,1,10195,0
2212,W,10195,1,10195,0
2216,W,10195,1,10195,0
2220,W,10195,1,10195,0
2224,W,10195,1,10195,0
2228,W,10195,1,10195,0
2232,W,10195,1,10195,0
2236,W,10195,1,10195,0
2240,W,10195,1,10195,0
2244,W,10195,1,10195,0
2248,W,10195,1,10195,0
2252,W,10195,1,10195,0
2256,W,10195,1,10195,0
2260,W,10195,1,10195,0
2264,W,10195,1,10195,0
2268,W,10195,1,10195,0
2272,W,10195,1,10195,0
2276,W,10195,1,10195,0
2280,W,10195,1,10195,0
2284,W,10195,1,10195,0
2288,W,10195,1,10195,0
2292,W,10195,1,10195,0
2296,W,10195,1,10195,0
2300,W,10195,1,10195,0
768,R,10196,1,10196,0
772,R,10196,1,10196,0
776,R,10196,1,10196,0
780,R,10196,1,10196,0
784,R,10196,1,10196,0
788,R,10196,1,10196,0
792,R,10196,1,10196,0
796,R,10196,1,10196,0
800,R,10196,1,10196,0
804,R,10196,1,10196,0
808,R,10196,1,10196,0
812,R,10196,1,10196,0
816,R,10196,1,10196,0
820,R,10196,1,10196,0
824,R,10196,1,10196,0
828,R,10196,1,10196,0
832,R,10196,1,10196,0
836,R,10196,1,10196,0
840,R,10196,1,10196,0
844,R,10196,1,10196,0
848,R,10196,1,10196,0
852,R,10196,1,10196,0
856,R,10196,1,10196,0
860,R,10196,1,10196,0
864,R,10196,1,10196,0
868,R,10196,1,10196,0
872,R,10196,1,10196,0
876,R,10196,1,10196,0
880,R,10196,1,10196,0
884,R,10196,1,10196,0
888,R,10196,1,10196,0
892,R,10196,1,10196,0
896,R,10196,1,10196,0
900,R,10196,1,10196,0
904,R,10196,1,10196,0
908,R,10196,1,10196,0
912,R,10196,1,10196,0
916,R,10196,1,10196,0
920,R,10196,1,10196,0
924,R,10196,1,10196,0
928,R,10196,1,10196,0
932,R,10196,1,10196,0
936,R,10196,1,10196,0
940,R,10196,1,10196,0
944,R,10196,1,10196,0
948,R,10196,1,10196,0
952,R,10196,1,10196,0
956,R,10196,1,10196,0
960,R,10196,1,10196,0
964,R,10196,1,10196,0
968,R,10196,1,10196,0
972,R,10196,1,10196,0
976,R,10196,1,10196,0
980,R,10196,1,10196,0
984,R,10196,1,10196,0
988,R,10196,1,10196,0
992,R,10196,1,10196,0
996,R,10196,1,10196,0
1000,R,10196,1,10196,0
1004,R,10196,1,10196,0
1008,R,10196,1,10196,0
1012,R,10196,1,10196,0
1016,R,10196,1,10196,0
1020,R,10196,1,10196,0
2304,R,10196,1,10197,0
2308,R,10196,1,10197,0
2312,R,10196,1,10197,0
2316,R,10196,1,10197,0
2320,R,10196,1,10197,0
2324,R,10196,1,10197,0
2328,R,10196,1,10197,0
2332,R,10196,1,10197,0
2336,R,10196,1,10197,0
2340,R,10196,1,10197,0
2344,R,10196,1,10197,0
2348,R,10196,1,10197,0
2352,R,10196,1,10197,0
2356,R,10196,1,10197,0
2360,R,10196,1,10197,0
2364,R,10196,1,10197,0
2368,R,10196,1,10197,0
2372,R,10196,1,10197,0
2376,R,10196,1,10197,0
2380,R,10196,1,10197,0
2384,R,10196,1,10197,0
2388,R,10196,1,10197,0
2392,R,10196,1,10197,0
2396,R,10196,1,10197,0
2400,R,10196,1,10197,0
2404,R,10196,1,10197,0
2408,R,10196,1,10197,0
2412,R,10196,1,10197,0
2416,R,10196,1,10197,0
2420,R,10196,1,10197,0
2424,R,10196,1,10197,0
2428,R,10196,1,10197,0
2432,R,10196,1,10197,0
2436,R,10196,1,10197,0
2440,R,10196,1,10197,0
2444,R,10196,1,10197,0
2448,R,10196,1,10197,0
2452,R,10196,1,10197,0
2456,R,10196,1,10197,0
2460,R,10196,1,10197,0
2464,R,10196,1,10197,0
2468,R,10196,1,10197,0
2472,R,10196,1,10197,0
2476,R,10196,1,10197,0
2480,R,10196,1,10197,0
2484,R,10196,1,10197,0
2488,R,10196,1,10197,0
2492,R,10196,1,10197,0
2496,R,10196,1,10197,0
2500,R,10196,1,10197,0
2504,R,10196,1,10197,0
2508,R,10196,1,10197,0
2512,R,10196,1,10197,0
2516,R,10196,1,10197,0
2520,R,10196,1,10197,0
2524,R,10196,1,10197,0
2528,R,10196,1,10197,0
2532,R,10196,1,10197,0
2536,R,10196,1,10197,0
2540,R,10196,1,10197,0
2544,R,10196,1,10197,0
2548,R,10196,1,10197,0
2552,R,10196,1,10197,0
2556,R,10196,1,10197,0
2304,W,10196,1,10200,0
2308,W,10196,1,10200,0
2312,W,10196,1,10200,0
2316,W,10196,1,10200,0
2320,W,10196,1,10200,0
2324,W,10196,1,10200,0
2328,W,10196,1,10200,0
2332,W,10196,1,10200,0
2336,W,10196,1,10200,0
2340,W,10196,1,10200,0
2344,W,10196,1,10200,0
2348,W,10196,1,10200,0
2352,W,10196,1,10200,0
2356,W,10196,1,10200,0
2360,W,10196,1,10200,0
2364,W,10196,1,10200,0
2368,W,10196,1,10200,0
2372,W,10196,1,10200,0
2376,W,10196,1,10200,0
2380,W,10196,1,10200,0
2384,W,10196,1,10200,0
2388,W,10196,1,10200,0
2392,W,10196,1,10200,0
2396,W,10196,1,10200,0
2400,W,10196,1,10200,0
2404,W,10196,1,10200,0
2408,W,10196,1,10200,0
2412,W,10196,1,10200,0
2416,W,10196,1,10200,0
2420,W,10196,1,10200,0
2424,W,10196,1,10200,0
2428,W,10196,1,10200,0
2432,W,10196,1,10200,0
2436,W,10196,1,10200,0
2440,W,10196,1,10200,0
2444,W,10196,1,10200,0
2448,W,10196,1,10200,0
2452,W,10196,1,10200,0
2456,W,10196,1,10200,0
2460,W,10196,1,10200,0
2464,W,10196,1,10200,0
2468,W,10196,1,10200,0
2472,W,10196,1,10200,0
2476,W,10196,1,10200,0
2480,W,10196,1,10200,0
2484,W,10196,1,10200,0
2488,W,10196,1,10200,0
2492,W,10196,1,10200,0
2496,W,10196,1,10200,0
2500,W,10196,1,10200,0
2504,W,10196,1,10200,0
2508,W,10196,1,10200,0
2512,W,10196,1,10200,0
2516,W,10196,1,10200,0
2520,W,10196,1,10200,0
2524,W,10196,1,10200,0
2528,W,10196,1,10200,0
2532,W,10196,1,10200,0
2536,W,10196,1,10200,0
2540,W,10196,1,10200,0
2544,W,10196,1,10200,0
2548,W,10196,1,10200,0
2552,W,10196,1,10200,0
2556,W,10196,1,10200,0
512,W,10208,1,8226,0
516,W,10208,1,8226,0
520,W,10208,1,8226,0
524,W,10208,1,8226,0
528,W,10208,1,8226,0
532,W,10208,1,8226,0
536,W,10208,1,8226,0
540,W,10208,1,8226,0
544,W,10208,1,8226,0
548,W,10208,1,8226,0
552,W,10208,1,8226,0
556,W,10208,1,8226,0
560,W,10208,1,8226,0
564,W,10208,1,8226,0
568,W,10208,1,8226,0
572,W,10208,1,8226,0
576,W,10208,1,8226,0
580,W,10208,1,8226,0
584,W,10208,1,8226,0
588,W,10208,1,8226,0
592,W,10208,1,8226,0
596,W,10208,1,8226,0
600,W,10208,1,8226,0
604,W,10208,1,8226,0
608,W,10208,1,8226,0
612,W,10208,1,8226,0
616,W,10208,1,8226,0
620,W,10208,1,8226,0
624,W,10208,1,8226,0
628,W,10208,1,8226,0
632,W,10208,1,8226,0
636,W,10208,1,8226,0
640,W,10208,1,8226,0
644,W,10208,1,8226,0
648,W,10208,1,8226,0
652,W,10208,1,8226,0
656,W,10208,1,8226,0
660,W,10208,1,8226,0
664,W,10208,1,8226,0
668,W,10208,1,8226,0
672,W,10208,1,8226,0
676,W,10208,1,8226,0
680,W,10208,1,8226,0
684,W,10208,1,8226,0
688,W,10208,1,8226,0
692,W,10208,1,8226,0
696,W,10208,1,8226,0
700,W,10208,1,8226,0
704,W,10208,1,8226,0
708,W,10208,1,8226,0
712,W,10208,1,8226,0
716,W,10208,1,8226,0
720,W,10208,1,8226,0
724,W,10208,1,8226,0
728,W,10208,1,8226,0
732,W,10208,1,8226,0
736,W,10208,1,8226,0
740,W,10208,1,8226,0
744,W,10208,1,8226,0
748,W,10208,1,8226,0
752,W,10208,1,8226,0
756,W,10208,1,8226,0
760,W,10208,1,8226,0
764,W,10208,1,8226,0
768,W,10208,1,8226,0
772,W,10208,1,8226,0
776,W,10208,1,8226,0
780,W,10208,1,8226,0
784,W,10208,1,8226,0
788,W,10208,1,8226,0
792,W,10208,1,8226,0
796,W,10208,1,8226,0
800,W,10208,1,8226,0
804,W,10208,1,8226,0
808,W,10208,1,8226,0
812,W,10208,1,8226,0
816,W,10208,1,8226,0
820,W,10208,1,8226,0
824,W,10208,1,8226,0
828,W,10208,1,8226,0
832,W,10208,1,8226,0
836,W,10208,1,8226,0
840,W,10208,1,8226,0
844,W,10208,1,8226,0
848,W,10208,1,8226,0
852,W,10208,1,8226,0
856,W,10208,1,8226,0
860,W,10208,1,8226,0
864,W,10208,1,8226,0
868,W,10208,1,8226,0
872,W,10208,1,8226,0
876,W,10208,1,8226,0
880,W,10208,1,8226,0
884,W,10208,1,8226,0
888,W,10208,1,8226,0
892,W,10208,1,8226,0
896,W,10208,1,8226,0
900,W,10208,1,8226,0
904,W,10208,1,8226,0
908,W,10208,1,8226,0
912,W,10208,1,8226,0
916,W,10208,1,8226,0
920,W,10208,1,8226,0
924,W,10208,1,8226,0
928,W,10208,1,8226,0
932,W,10208,1,8226,0
936,W,10208,1,8226,0
940,W,10208,1,8226,0
944,W,10208,1,8226,0
948,W,10208,1,8226,0
952,W,10208,1,8226,0
956,W,10208,1,8226,0
960,W,10208,1,8226,0
964,W,10208,1,8226,0
968,W,10208,1,8226,0
972,W,10208,1,8226,0
976,W,10208,1,8226,0
980,W,10208,1,8226,0
984,W,10208,1,8226,0
988,W,10208,1,8226,0
992,W,10208,1,8226,0
996,W,10208,1,8226,0
1000,W,10208,1,8226,0
1004,W,10208,1,8226,0
1008,W,10208,1,8226,0
1012,W,10208,1,8226,0
1016,W,10208,1,8226,0
1020,W,10208,1,8226,0
512,R,10219,1,10205,0
516,R,10219,1,10205,0
520,R,10219,1,10205,0
524,R,10219,1,10205,0
528,R,10219,1,10205,0
532,R,10219,1,10205,0
536,R,10219,1,10205,0
540,R,10219,1,10205,0
544,R,10219,1,10205,0
548,R,10219,1,10205,0
552,R,10219,1,10205,0
556,R,10219,1,10205,0
560,R,10219,1,10205,0
564,R,10219,1,10205,0
568,R,10219,1,10205,0
572,R,10219,1,10205,0
576,R,10219,1,10205,0
580,R,10219,1,10205,0
584,R,10219,1,10205,0
588,R,10219,1,10205,0
592,R,10219,1,10205,0
596,R,10219,1,10205,0
600,R,10219,1,10205,0
604,R,10219,1,10205,0
608,R,10219,1,10205,0
612,R,10219,1,10205,0
616,R,10219,1,10205,0
620,R,10219,1,10205,0
624,R,10219,1,10205,0
628,R,10219,1,10205,0
632,R,10219,1,10205,0
636,R,10219,1,10205,0
640,R,10219,1,10205,0
644,R,10219,1,10205,0
648,R,10219,1,10205,0
652,R,10219,1,10205,0
656,R,10219,1,10205,0
660,R,10219,1,10205,0
664,R,10219,1,10205,0
668,R,10219,1,10205,0
672,R,10219,1,10205,0
676,R,10219,1,10205,0
680,R,10219,1,10205,0
684,R,10219,1,10205,0
688,R,10219,1,10205,0
692,R,10219,1,10205,0
696,R,10219,1,10205,0
700,R,10219,1,10205,0
704,R,10219,1,10205,0
708,R,10219,1,10205,0
712,R,10219,1,10205,0
716,R,10219,1,10205,0
720,R,10219,1,10205,0
724,R,10219,1,10205,0
728,R,10219,1,10205,0
732,R,10219,1,10205,0
736,R,10219,1,10205,0
740,R,10219,1,10205,0
744,R,10219,1,10205,0
748,R,10219,1,10205,0
752,R,10219,1,10205,0
756,R,10219,1,10205,0
760,R,10219,1,10205,0
764,R,10219,1,10205,0
2048,R,10219,1,10206,0
2052,R,10219,1,10206,0
2056,R,10219,1,10206,0
2060,R,10219,1,10206,0
2064,R,10219,1,10206,0
2068,R,10219,1,10206,0
2072,R,10219,1,10206,0
2076,R,10219,1,10206,0
2080,R,10219,1,10206,0
2084,R,10219,1,10206,0
2088,R,10219,1,10206,0
2092,R,10219,1,10206,0
2096,R,10219,1,10206,0
2100,R,10219,1,10206,0
2104,R,10219,1,10206,0
2108,R,10219,1,10206,0
2112,R,10219,1,10206,0
2116,R,10219,1,10206,0
2120,R,10219,1,10206,0
2124,R,10219,1,10206,0
2128,R,10219,1,10206,0
2132,R,10219,1,10206,0
2136,R,10219,1,10206,0
2140,R,10219,1,10206,0
2144,R,10219,1,10206,0
2148,R,10219,1,10206,0
2152,R,10219,1,10206,0
2156,R,10219,1,10206,0
2160,R,10219,1,10206,0
2164,R,10219,1,10206,0
2168,R,10219,1,10206,0
2172,R,10219,1,10206,0
2176,R,10219,1,10206,0
2180,R,10219,1,10206,0
2184,R,10219,1,10206,0
2188,R,10219,1,10206,0
2192,R,10219,1,10206,0
2196,R,10219,1,10206,0
2200,R,10219,1,10206,0
2204,R,10219,1,10206,0
2208,R,10219,1,10206,0
2212,R,10219,1,10206,0
2216,R,10219,1,10206,0
2220,R,10219,1,10206,0
2224,R,10219,1,10206,0
2228,R,10219,1,10206,0
2232,R,10219,1,10206,0
2236,R,10219,1,10206,0
2240,R,10219,1,10206,0
2244,R,10219,1,10206,0
2248,R,10219,1,10206,0
2252,R,10219,1,10206,0
2256,R,10219,1,10206,0
2260,R,10219,1,10206,0
2264,R,10219,1,10206,0
2268,R,10219,1,10206,0
2272,R,10219,1,10206,0
2276,R,10219,1,10206,0
2280,R,10219,1,10206,0
2284,R,10219,1,10206,0
2288,R,10219,1,10206,0
2292,R,10219,1,10206,0
2296,R,10219,1,10206,0
2300,R,10219,1,10206,0
1536,W,10219,1,10209,0
1540,W,10219,1,10209,0
1544,W,10219,1,10209,0
1548,W,10219,1,10209,0
1552,W,10219,1,10209,0
1556,W,10219,1,10209,0
1560,W,10219,1,10209,0
1564,W,10219,1,10209,0
1568,W,10219,1,10209,0
1572,W,10219,1,10209,0
1576,W,10219,1,10209,0
1580,W,10219,1,10209,0
1584,W,10219,1,10209,0
1588,W,10219,1,10209,0
1592,W,10219,1,10209,0
1596,W,10219,1,10209,0
1600,W,10219,1,10209,0
1604,W,10219,1,10209,0
1608,W,10219,1,10209,0
1612,W,10219,1,10209,0
1616,W,10219,1,10209,0
1620,W,10219,1,10209,0
1624,W,10219,1,10209,0
1628,W,10219,1,10209,0
1632,W,10219,1,10209,0
1636,W,10219,1,10209,0
1640,W,10219,1,10209,0
1644,W,10219,1,10209,0
1648,W,10219,1,10209,0
1652,W,10219,1,10209,0
1656,W,10219,1,10209,0
1660,W,10219,1,10209,0
1664,W,10219,1,10209,0
1668,W,10219,1,10209,0
1672,W,10219,1,10209,0
1676,W,10219,1,10209,0
1680,W,10219,1,10209,0
1684,W,10219,1,10209,0
1688,W,10219,1,10209,0
1692,W,10219,1,10209,0
1696,W,10219,1,10209,0
1700,W,10219,1,10209,0
1704,W,10219,1,10209,0
1708,W,10219,1,10209,0
1712,W,10219,1,10209,0
1716,W,10219,1,10209,0
1720,W,10219,1,10209,0
1724,W,10219,1,10209,0
1728,W,10219,1,10209,0
1732,W,10219,1,10209,0
1736,W,10219,1,10209,0
1740,W,10219,1,10209,0
1744,W,10219,1,10209,0
1748,W,10219,1,10209,0
1752,W,10219,1,10209,0
1756,W,10219,1,10209,0
1760,W,10219,1,10209,0
1764,W,10219,1,10209,0
1768,W,10219,1,10209,0
1772,W,10219,1,10209,0
1776,W,10219,1,10209,0
1780,W,10219,1,10209,0
1784,W,10219,1,10209,0
1788,W,10219,1,10209,0
768,R,10220,1,10210,0
772,R,10220,1,10210,0
776,R,10220,1,10210,0
780,R,10220,1,10210,0
784,R,10220,1,10210,0
788,R,10220,1,10210,0
792,R,10220,1,10210,0
796,R,10220,1,10210,0
800,R,10220,1,10210,0
804,R,10220,1,10210,0
808,R,10220,1,10210,0
812,R,10220,1,10210,0
816,R,10220,1,10210,0
820,R,10220,1,10210,0
824,R,10220,1,10210,0
828,R,10220,1,10210,0
832,R,10220,1,10210,0
836,R,10220,1,10210,0
840,R,10220,1,10210,0
844,R,10220,1,10210,0
848,R,10220,1,10210,0
852,R,10220,1,10210,0
856,R,10220,1,10210,0
860,R,10220,1,10210,0
864,R,10220,1,10210,0
868,R,10220,1,10210,0
872,R,10220,1,10210,0
876,R,10220,1,10210,0
880,R,10220,1,10210,0
884,R,10220,1,10210,0
888,R,10220,1,10210,0
892,R,10220,1,10210,0
896,R,10220,1,10210,0
900,R,10220,1,10210,0
904,R,10220,1,10210,0
908,R,10220,1,10210,0
912,R,10220,1,10210,0
916,R,10220,1,10210,0
920,R,10220,1,10210,0
924,R,10220,1,10210,0
928,R,10220,1,10210,0
932,R,10220,1,10210,0
936,R,10220,1,10210,0
940,R,10220,1,10210,0
944,R,10220,1,10210,0
948,R,10220,1,10210,0
952,R,10220,1,10210,0
956,R,10220,1,10210,0
960,R,10220,1,10210,0
964,R,10220,1,10210,0
968,R,10220,1,10210,0
972,R,10220,1,10210,0
976,R,10220,1,10210,0
980,R,10220,1,10210,0
984,R,10220,1,10210,0
988,R,10220,1,10210,0
992,R,10220,1,10210,0
996,R,10220,1,10210,0
1000,R,10220,1,10210,0
1004,R,10220,1,10210,0
1008,R,10220,1,10210,0
1012,R,10220,1,10210,0
1016,R,10220,1,10210,0
1020,R,10220,1,10210,0
2304,R,10220,1,10211,0
2308,R,10220,1,10211,0
2312,R,10220,1,10211,0
2316,R,10220,1,10211,0
2320,R,10220,1,10211,0
2324,R,10220,1,10211,0
2328,R,10220,1,10211,0
2332,R,10220,1,10211,0
2336,R,10220,1,10211,0
2340,R,10220,1,10211,0
2344,R,10220,1,10211,0
2348,R,10220,1,10211,0
2352,R,10220,1,10211,0
2356,R,10220,1,10211,0
2360,R,10220,1,10211,0
2364,R,10220,1,10211,0
2368,R,10220,1,10211,0
2372,R,10220,1,10211,0
2376,R,10220,1,10211,0
2380,R,10220,1,10211,0
2384,R,10220,1,10211,0
2388,R,10220,1,10211,0
2392,R,10220,1,10211,0
2396,R,10220,1,10211,0
2400,R,10220,1,10211,0
2404,R,10220,1,10211,0
2408,R,10220,1,10211,0
2412,R,10220,1,10211,0
2416,R,10220,1,10211,0
2420,R,10220,1,10211,0
2424,R,10220,1,10211,0
2428,R,10220,1,10211,0
2432,R,10220,1,10211,0
2436,R,10220,1,10211,0
2440,R,10220,1,10211,0
2444,R,10220,1,10211,0
2448,R,10220,1,10211,0
2452,R,10220,1,10211,0
2456,R,10220,1,10211,0
2460,R,10220,1,10211,0
2464,R,10220,1,10211,0
2468,R,10220,1,10211,0
2472,R,10220,1,10211,0
2476,R,10220,1,10211,0
2480,R,10220,1,10211,0
2484,R,10220,1,10211,0
2488,R,10220,1,10211,0
2492,R,10220,1,10211,0
2496,R,10220,1,10211,0
2500,R,10220,1,10211,0
2504,R,10220,1,10211,0
2508,R,10220,1,10211,0
2512,R,10220,1,10211,0
2516,R,10220,1,10211,0
2520,R,10220,1,10211,0
2524,R,10220,1,10211,0
2528,R,10220,1,10211,0
2532,R,10220,1,10211,0
2536,R,10220,1,10211,0
2540,R,10220,1,10211,0
2544,R,10220,1,10211,0
2548,R,10220,1,10211,0
2552,R,10220,1,10211,0
2556,R,10220,1,10211,0
1792,W,10220,1,10214,0
1796,W,10220,1,10214,0
1800,W,10220,1,10214,0
1804,W,10220,1,10214,0
1808,W,10220,1,10214,0
1812,W,10220,1,10214,0
1816,W,10220,1,10214,0
1820,W,10220,1,10214,0
1824,W,10220,1,10214,0
1828,W,10220,1,10214,0
1832,W,10220,1,10214,0
1836,W,10220,1,10214,0
1840,W,10220,1,10214,0
1844,W,10220,1,10214,0
1848,W,10220,1,10214,0
1852,W,10220,1,10214,0
1856,W,10220,1,10214,0
1860,W,10220,1,10214,0
1864,W,10220,1,10214,0
1868,W,10220,1,10214,0
1872,W,10220,1,10214,0
1876,W,10220,1,10214,0
1880,W,10220,1,10214,0
1884,W,10220,1,10214,0
1888,W,10220,1,10214,0
1892,W,10220,1,10214,0
1896,W,10220,1,10214,0
1900,W,10220,1,10214,0
1904,W,10220,1,10214,0
1908,W,10220,1,10214,0
1912,W,10220,1,10214,0
1916,W,10220,1,10214,0
1920,W,10220,1,10214,0
1924,W,10220,1,10214,0
1928,W,10220,1,10214,0
1932,W,10220,1,10214,0
1936,W,10220,1,10214,0
1940,W,10220,1,10214,0
1944,W,10220,1,10214,0
1948,W,10220,1,10214,0
1952,W,10220,1,10214,0
1956,W,10220,1,10214,0
1960,W,10220,1,10214,0
1964,W,10220,1,10214,0
1968,W,10220,1,10214,0
1972,W,10220,1,10214,0
1976,W,10220,1,10214,0
1980,W,10220,1,10214,0
1984,W,10220,1,10214,0
1988,W,10220,1,10214,0
1992,W,10220,1,10214,0
1996,W,10220,1,10214,0
2000,W,10220,1,10214,0
2004,W,10220,1,10214,0
2008,W,10220,1,10214,0
2012,W,10220,1,10214,0
2016,W,10220,1,10214,0
2020,W,10220,1,10214,0
2024,W,10220,1,10214,0
2028,W,10220,1,10214,0
2032,W,10220,1,10214,0
2036,W,10220,1,10214,0
2040,W,10220,1,10214,0
2044,W,10220,1,10214,0
512,R,10235,1,10229,0
516,R,10235,1,10229,0
520,R,10235,1,10229,0
524,R,10235,1,10229,0
528,R,10235,1,10229,0
532,R,10235,1,10229,0
536,R,10235,1,10229,0
540,R,10235,1,10229,0
544,R,10235,1,10229,0
548,R,10235,1,10229,0
552,R,10235,1,10229,0
556,R,10235,1,10229,0
560,R,10235,1,10229,0
564,R,10235,1,10229,0
568,R,10235,1,10229,0
572,R,10235,1,10229,0
576,R,10235,1,10229,0
580,R,10235,1,10229,0
584,R,10235,1,10229,0
588,R,10235,1,10229,0
592,R,10235,1,10229,0
596,R,10235,1,10229,0
600,R,10235,1,10229,0
604,R,10235,1,10229,0
608,R,10235,1,10229,0
612,R,10235,1,10229,0
616,R,10235,1,10229,0
620,R,10235,1,10229,0
624,R,10235,1,10229,0
628,R,10235,1,10229,0
632,R,10235,1,10229,0
636,R,10235,1,10229,0
640,R,10235,1,10229,0
644,R,10235,1,10229,0
648,R,10235,1,10229,0
652,R,10235,1,10229,0
656,R,10235,1,10229,0
660,R,10235,1,10229,0
664,R,10235,1,10229,0
668,R,10235,1,10229,0
672,R,10235,1,10229,0
676,R,10235,1,10229,0
680,R,10235,1,10229,0
684,R,10235,1,10229,0
688,R,10235,1,10229,0
692,R,10235,1,10229,0
696,R,10235,1,10229,0
700,R,10235,1,10229,0
704,R,10235,1,10229,0
708,R,10235,1,10229,0
712,R,10235,1,10229,0
716,R,10235,1,10229,0
720,R,10235,1,10229,0
724,R,10235,1,10229,0
728,R,10235,1,10229,0
732,R,10235,1,10229,0
736,R,10235,1,10229,0
740,R,10235,1,10229,0
744,R,10235,1,10229,0
748,R,10235,1,10229,0
752,R,10235,1,10229,0
756,R,10235,1,10229,0
760,R,10235,1,10229,0
764,R,10235,1,10229,0
2048,W,10235,1,10232,0
2052,W,10235,1,10232,0
2056,W,10235,1,10232,0
2060,W,10235,1,10232,0
2064,W,10235,1,10232,0
2068,W,10235,1,10232,0
2072,W,10235,1,10232,0
2076,W,10235,1,10232,0
2080,W,10235,1,10232,0
2084,W,10235,1,10232,0
2088,W,10235,1,10232,0
2092,W,10235,1,10232,0
2096,W,10235,1,10232,0
2100,W,10235,1,10232,0
2104,W,10235,1,10232,0
2108,W,10235,1,10232,0
2112,W,10235,1,10232,0
2116,W,10235,1,10232,0
2120,W,10235,1,10232,0
2124,W,10235,1,10232,0
2128,W,10235,1,10232,0
2132,W,10235,1,10232,0
2136,W,10235,1,10232,0
2140,W,10235,1,10232,0
2144,W,10235,1,10232,0
2148,W,10235,1,10232,0
2152,W,10235,1,10232,0
2156,W,10235,1,10232,0
2160,W,10235,1,10232,0
2164,W,10235,1,10232,0
2168,W,10235,1,10232,0
2172,W,10235,1,10232,0
2176,W,10235,1,10232,0
2180,W,10235,1,10232,0
2184,W,10235,1,10232,0
2188,W,10235,1,10232,0
2192,W,10235,1,10232,0
2196,W,10235,1,10232,0
2200,W,10235,1,10232,0
2204,W,10235,1,10232,0
2208,W,10235,1,10232,0
2212,W,10235,1,10232,0
2216,W,10235,1,10232,0
2220,W,10235,1,10232,0
2224,W,10235,1,10232,0
2228,W,10235,1,10232,0
2232,W,10235,1,10232,0
2236,W,10235,1,10232,0
2240,W,10235,1,10232,0
2244,W,10235,1,10232,0
2248,W,10235,1,10232,0
2252,W,10235,1,10232,0
2256,W,10235,1,10232,0
2260,W,10235,1,10232,0
2264,W,10235,1,10232,0
2268,W,10235,1,10232,0
2272,W,10235,1,10232,0
2276,W,10235,1,10232,0
2280,W,10235,1,10232,0
2284,W,10235,1,10232,0
2288,W,10235,1,10232,0
2292,W,10235,1,10232,0
2296,W,10235,1,10232,0
2300,W,10235,1,10232,0
768,R,10236,1,10234,0
772,R,10236,1,10234,0
776,R,10236,1,10234,0
780,R,10236,1,10234,0
784,R,10236,1,10234,0
788,R,10236,1,10234,0
792,R,10236,1,10234,0
796,R,10236,1,10234,0
800,R,10236,1,10234,0
804,R,10236,1,10234,0
808,R,10236,1,10234,0
812,R,10236,1,10234,0
816,R,10236,1,10234,0
820,R,10236,1,10234,0
824,R,10236,1,10234,0
828,R,10236,1,10234,0
832,R,10236,1,10234,0
836,R,10236,1,10234,0
840,R,10236,1,10234,0
844,R,10236,1,10234,0
848,R,10236,1,10234,0
852,R,10236,1,10234,0
856,R,10236,1,10234,0
860,R,10236,1,10234,0
864,R,10236,1,10234,0
868,R,10236,1,10234,0
872,R,10236,1,10234,0
876,R,10236,1,10234,0
880,R,10236,1,10234,0
884,R,10236,1,10234,0
888,R,10236,1,10234,0
892,R,10236,1,10234,0
896,R,10236,1,10234,0
900,R,10236,1,10234,0
904,R,10236,1,10234,0
908,R,10236,1,10234,0
912,R,10236,1,10234,0
916,R,10236,1,10234,0
920,R,10236,1,10234,0
924,R,10236,1,10234,0
928,R,10236,1,10234,0
932,R,10236,1,10234,0
936,R,10236,1,10234,0
940,R,10236,1,10234,0
944,R,10236,1,10234,0
948,R,10236,1,10234,0
952,R,10236,1,10234,0
956,R,10236,1,10234,0
960,R,10236,1,10234,0
964,R,10236,1,10234,0
968,R,10236,1,10234,0
972,R,10236,1,10234,0
976,R,10236,1,10234,0
980,R,10236,1,10234,0
984,R,10236,1,10234,0
988,R,10236,1,10234,0
992,R,10236,1,10234,0
996,R,10236,1,10234,0
1000,R,10236,1,10234,0
1004,R,10236,1,10234,0
1008,R,10236,1,10234,0
1012,R,10236,1,10234,0
1016,R,10236,1,10234,0
1020,R,10236,1,10234,0
2304,W,10236,1,10237,0
2308,W,10236,1,10237,0
2312,W,10236,1,10237,0
2316,W,10236,1,10237,0
2320,W,10236,1,10237,0
2324,W,10236,1,10237,0
2328,W,10236,1,10237,0
2332,W,10236,1,10237,0
2336,W,10236,1,10237,0
2340,W,10236,1,10237,0
2344,W,10236,1,10237,0
2348,W,10236,1,10237,0
2352,W,10236,1,10237,0
2356,W,10236,1,10237,0
2360,W,10236,1,10237,0
2364,W,10236,1,10237,0
2368,W,10236,1,10237,0
2372,W,10236,1,10237,0
2376,W,10236,1,10237,0
2380,W,10236,1,10237,0
2384,W,10236,1,10237,0
2388,W,10236,1,10237,0
2392,W,10236,1,10237,0
2396,W,10236,1,10237,0
2400,W,10236,1,10237,0
2404,W,10236,1,10237,0
2408,W,10236,1,10237,0
2412,W,10236,1,10237,0
2416,W,10236,1,10237,0
2420,W,10236,1,10237,0
2424,W,10236,1,10237,0
2428,W,10236,1,10237,0
2432,W,10236,1,10237,0
2436,W,10236,1,10237,0
2440,W,10236,1,10237,0
2444,W,10236,1,10237,0
2448,W,10236,1,10237,0
2452,W,10236,1,10237,0
2456,W,10236,1,10237,0
2460,W,10236,1,10237,0
2464,W,10236,1,10237,0
2468,W,10236,1,10237,0
2472,W,10236,1,10237,0
2476,W,10236,1,10237,0
2480,W,10236,1,10237,0
2484,W,10236,1,10237,0
2488,W,10236,1,10237,0
2492,W,10236,1,10237,0
2496,W,10236,1,10237,0
2500,W,10236,1,10237,0
2504,W,10236,1,10237,0
2508,W,10236,1,10237,0
2512,W,10236,1,10237,0
2516,W,10236,1,10237,0
2520,W,10236,1,10237,0
2524,W,10236,1,10237,0
2528,W,10236,1,10237,0
2532,W,10236,1,10237,0
2536,W,10236,1,10237,0
2540,W,10236,1,10237,0
2544,W,10236,1,10237,0
2548,W,10236,1,10237,0
2552,W,10236,1,10237,0
2556,W,10236,1,10237,0
2048,R,10243,1,10248,0
2052,R,10243,1,10248,0
2056,R,10243,1,10248,0
2060,R,10243,1,10248,0
2064,R,10243,1,10248,0
2068,R,10243,1,10248,0
2072,R,10243,1,10248,0
2076,R,10243,1,10248,0
2080,R,10243,1,10248,0
2084,R,10243,1,10248,0
2088,R,10243,1,10248,0
2092,R,10243,1,10248,0
2096,R,10243,1,10248,0
2100,R,10243,1,10248,0
2104,R,10243,1,10248,0
2108,R,10243,1,10248,0
2112,R,10243,1,10248,0
2116,R,10243,1,10248,0
2120,R,10243,1,10248,0
2124,R,10243,1,10248,0
2128,R,10243,1,10248,0
2132,R,10243,1,10248,0
2136,R,10243,1,10248,0
2140,R,10243,1,10248,0
2144,R,10243,1,10248,0
2148,R,10243,1,10248,0
2152,R,10243,1,10248,0
2156,R,10243,1,10248,0
2160,R,10243,1,10248,0
2164,R,10243,1,10248,0
2168,R,10243,1,10248,0
2172,R,10243,1,10248,0
2176,R,10243,1,10248,0
2180,R,10243,1,10248,0
2184,R,10243,1,10248,0
2188,R,10243,1,10248,0
2192,R,10243,1,10248,0
2196,R,10243,1,10248,0
2200,R,10243,1,10248,0
2204,R,10243,1,10248,0
2208,R,10243,1,10248,0
2212,R,10243,1,10248,0
2216,R,10243,1,10248,0
2220,R,10243,1,10248,0
2224,R,10243,1,10248,0
2228,R,10243,1,10248,0
2232,R,10243,1,10248,0
2236,R,10243,1,10248,0
2240,R,10243,1,10248,0
2244,R,10243,1,10248,0
2248,R,10243,1,10248,0
2252,R,10243,1,10248,0
2256,R,10243,1,10248,0
2260,R,10243,1,10248,0
2264,R,10243,1,10248,0
2268,R,10243,1,10248,0
2272,R,10243,1,10248,0
2276,R,10243,1,10248,0
2280,R,10243,1,10248,0
2284,R,10243,1,10248,0
2288,R,10243,1,10248,0
2292,R,10243,1,10248,0
2296,R,10243,1,10248,0
2300,R,10243,1,10248,0
2048,W,10243,1,10252,0
2052,W,10243,1,10252,0
2056,W,10243,1,10252,0
2060,W,10243,1,10252,0
2064,W,10243,1,10252,0
2068,W,10243,1,10252,0
2072,W,10243,1,10252,0
2076,W,10243,1,10252,0
2080,W,10243,1,10252,0
2084,W,10243,1,10252,0
2088,W,10243,1,10252,0
2092,W,10243,1,10252,0
2096,W,10243,1,10252,0
2100,W,10243,1,10252,0
2104,W,10243,1,10252,0
2108,W,10243,1,10252,0
2112,W,10243,1,10252,0
2116,W,10243,1,10252,0
2120,W,10243,1,10252,0
2124,W,10243,1,10252,0
2128,W,10243,1,10252,0
2132,W,10243,1,10252,0
2136,W,10243,1,10252,0
2140,W,10243,1,10252,0
2144,W,10243,1,10252,0
2148,W,10243,1,10252,0
2152,W,10243,1,10252,0
2156,W,10243,1,10252,0
2160,W,10243,1,10252,0
2164,W,10243,1,10252,0
2168,W,10243,1,10252,0
2172,W,10243,1,10252,0
2176,W,10243,1,10252,0
2180,W,10243,1,10252,0
2184,W,10243,1,10252,0
2188,W,10243,1,10252,0
2192,W,10243,1,10252,0
2196,W,10243,1,10252,0
2200,W,10243,1,10252,0
2204,W,10243,1,10252,0
2208,W,10243,1,10252,0
2212,W,10243,1,10252,0
2216,W,10243,1,10252,0
2220,W,10243,1,10252,0
2224,W,10243,1,10252,0
2228,W,10243,1,10252,0
2232,W,10243,1,10252,0
2236,W,10243,1,10252,0
2240,W,10243,1,10252,0
2244,W,10243,1,10252,0
2248,W,10243,1,10252,0
2252,W,10243,1,10252,0
2256,W,10243,1,10252,0
2260,W,10243,1,10252,0
2264,W,10243,1,10252,0
2268,W,10243,1,10252,0
2272,W,10243,1,10252,0
2276,W,10243,1,10252,0
2280,W,10243,1,10252,0
2284,W,10243,1,10252,0
2288,W,10243,1,10252,0
2292,W,10243,1,10252,0
2296,W,10243,1,10252,0
2300,W,10243,1,10252,0
2304,R,10244,1,10254,0
2308,R,10244,1,10254,0
2312,R,10244,1,10254,0
2316,R,10244,1,10254,0
2320,R,10244,1,10254,0
2324,R,10244,1,10254,0
2328,R,10244,1,10254,0
2332,R,10244,1,10254,0
2336,R,10244,1,10254,0
2340,R,10244,1,10254,0
2344,R,10244,1,10254,0
2348,R,10244,1,10254,0
2352,R,10244,1,10254,0
2356,R,10244,1,10254,0
2360,R,10244,1,10254,0
2364,R,10244,1,10254,0
2368,R,10244,1,10254,0
2372,R,10244,1,10254,0
2376,R,10244,1,10254,0
2380,R,10244,1,10254,0
2384,R,10244,1,10254,0
2388,R,10244,1,10254,0
2392,R,10244,1,10254,0
2396,R,10244,1,10254,0
2400,R,10244,1,10254,0
2404,R,10244,1,10254,0
2408,R,10244,1,10254,0
2412,R,10244,1,10254,0
2416,R,10244,1,10254,0
2420,R,10244,1,10254,0
2424,R,10244,1,10254,0
2428,R,10244,1,10254,0
2432,R,10244,1,10254,0
2436,R,10244,1,10254,0
2440,R,10244,1,10254,0
2444,R,10244,1,10254,0
2448,R,10244,1,10254,0
2452,R,10244,1,10254,0
2456,R,10244,1,10254,0
2460,R,10244,1,10254,0
2464,R,10244,1,10254,0
2468,R,10244,1,10254,0
2472,R,10244,1,10254,0
2476,R,10244,1,10254,0
2480,R,10244,1,10254,0
2484,R,10244,1,10254,0
2488,R,10244,1,10254,0
2492,R,10244,1,10254,0
2496,R,10244,1,10254,0
2500,R,10244,1,10254,0
2504,R,10244,1,10254,0
2508,R,10244,1,10254,0
2512,R,10244,1,10254,0
2516,R,10244,1,10254,0
2520,R,10244,1,10254,0
2524,R,10244,1,10254,0
2528,R,10244,1,10254,0
2532,R,10244,1,10254,0
2536,R,10244,1,10254,0
2540,R,10244,1,10254,0
2544,R,10244,1,10254,0
2548,R,10244,1,10254,0
2552,R,10244,1,10254,0
2556,R,10244,1,10254,0
2304,W,10244,1,10258,0
2308,W,10244,1,10258,0
2312,W,10244,1,10258,0
2316,W,10244,1,10258,0
2320,W,10244,1,10258,0
2324,W,10244,1,10258,0
2328,W,10244,1,10258,0
2332,W,10244,1,10258,0
2336,W,10244,1,10258,0
2340,W,10244,1,10258,0
2344,W,10244,1,10258,0
2348,W,10244,1,10258,0
2352,W,10244,1,10258,0
2356,W,10244,1,10258,0
2360,W,10244,1,10258,0
2364,W,10244,1,10258,0
2368,W,10244,1,10258,0
2372,W,10244,1,10258,0
2376,W,10244,1,10258,0
2380,W,10244,1,10258,0
2384,W,10244,1,10258,0
2388,W,10244,1,10258,0
2392,W,10244,1,10258,0
2396,W,10244,1,10258,0
2400,W,10244,1,10258,0
2404,W,10244,1,10258,0
2408,W,10244,1,10258,0
2412,W,10244,1,10258,0
2416,W,10244,1,10258,0
2420,W,10244,1,10258,0
2424,W,10244,1,10258,0
2428,W,10244,1,10258,0
2432,W,10244,1,10258,0
2436,W,10244,1,10258,0
2440,W,10244,1,10258,0
2444,W,10244,1,10258,0
2448,W,10244,1,10258,0
2452,W,10244,1,10258,0
2456,W,10244,1,10258,0
2460,W,10244,1,10258,0
2464,W,10244,1,10258,0
2468,W,10244,1,10258,0
2472,W,10244,1,10258,0
2476,W,10244,1,10258,0
2480,W,10244,1,10258,0
2484,W,10244,1,10258,0
2488,W,10244,1,10258,0
2492,W,10244,1,10258,0
2496,W,10244,1,10258,0
2500,W,10244,1,10258,0
2504,W,10244,1,10258,0
2508,W,10244,1,10258,0
2512,W,10244,1,10258,0
2516,W,10244,1,10258,0
2520,W,10244,1,10258,0
2524,W,10244,1,10258,0
2528,W,10244,1,10258,0
2532,W,10244,1,10258,0
2536,W,10244,1,10258,0
2540,W,10244,1,10258,0
2544,W,10244,1,10258,0
2548,W,10244,1,10258,0
2552,W,10244,1,10258,0
2556,W,10244,1,10258,0
2048,R,10251,1,10269,0
2052,R,10251,1,10269,0
2056,R,10251,1,10269,0
2060,R,10251,1,10269,0
2064,R,10251,1,10269,0
2068,R,10251,1,10269,0
2072,R,10251,1,10269,0
2076,R,10251,1,10269,0
2080,R,10251,1,10269,0
2084,R,10251,1,10269,0
2088,R,10251,1,10269,0
2092,R,10251,1,10269,0
2096,R,10251,1,10269,0
2100,R,10251,1,10269,0
2104,R,10251,1,10269,0
2108,R,10251,1,10269,0
2112,R,10251,1,10269,0
2116,R,10251,1,10269,0
2120,R,10251,1,10269,0
2124,R,10251,1,10269,0
2128,R,10251,1,10269,0
2132,R,10251,1,10269,0
2136,R,10251,1,10269,0
2140,R,10251,1,10269,0
2144,R,10251,1,10269,0
2148,R,10251,1,10269,0
2152,R,10251,1,10269,0
2156,R,10251,1,10269,0
2160,R,10251,1,10269,0
2164,R,10251,1,10269,0
2168,R,10251,1,10269,0
2172,R,10251,1,10269,0
2176,R,10251,1,10269,0
2180,R,10251,1,10269,0
2184,R,10251,1,10269,0
2188,R,10251,1,10269,0
2192,R,10251,1,10269,0
2196,R,10251,1,10269,0
2200,R,10251,1,10269,0
2204,R,10251,1,10269,0
2208,R,10251,1,10269,0
2212,R,10251,1,10269,0
2216,R,10251,1,10269,0
2220,R,10251,1,10269,0
2224,R,10251,1,10269,0
2228,R,10251,1,10269,0
2232,R,10251,1,10269,0
2236,R,10251,1,10269,0
2240,R,10251,1,10269,0
2244,R,10251,1,10269,0
2248,R,10251,1,10269,0
2252,R,10251,1,10269,0
2256,R,10251,1,10269,0
2260,R,10251,1,10269,0
2264,R,10251,1,10269,0
2268,R,10251,1,10269,0
2272,R,10251,1,10269,0
2276,R,10251,1,10269,0
2280,R,10251,1,10269,0
2284,R,10251,1,10269,0
2288,R,10251,1,10269,0
2292,R,10251,1,10269,0
2296,R,10251,1,10269,0
2300,R,10251,1,10269,0
512,R,10251,1,10270,0
516,R,10251,1,10270,0
520,R,10251,1,10270,0
524,R,10251,1,10270,0
528,R,10251,1,10270,0
532,R,10251,1,10270,0
536,R,10251,1,10270,0
540,R,10251,1,10270,0
544,R,10251,1,10270,0
548,R,10251,1,10270,0
552,R,10251,1,10270,0
556,R,10251,1,10270,0
560,R,10251,1,10270,0
564,R,10251,1,10270,0
568,R,10251,1,10270,0
572,R,10251,1,10270,0
576,R,10251,1,10270,0
580,R,10251,1,10270,0
584,R,10251,1,10270,0
588,R,10251,1,10270,0
592,R,10251,1,10270,0
596,R,10251,1,10270,0
600,R,10251,1,10270,0
604,R,10251,1,10270,0
608,R,10251,1,10270,0
612,R,10251,1,10270,0
616,R,10251,1,10270,0
620,R,10251,1,10270,0
624,R,10251,1,10270,0
628,R,10251,1,10270,0
632,R,10251,1,10270,0
636,R,10251,1,10270,0
640,R,10251,1,10270,0
644,R,10251,1,10270,0
648,R,10251,1,10270,0
652,R,10251,1,10270,0
656,R,10251,1,10270,0
660,R,10251,1,10270,0
664,R,10251,1,10270,0
668,R,10251,1,10270,0
672,R,10251,1,10270,0
676,R,10251,1,10270,0
680,R,10251,1,10270,0
684,R,10251,1,10270,0
688,R,10251,1,10270,0
692,R,10251,1,10270,0
696,R,10251,1,10270,0
700,R,10251,1,10270,0
704,R,10251,1,10270,0
708,R,10251,1,10270,0
712,R,10251,1,10270,0
716,R,10251,1,10270,0
720,R,10251,1,10270,0
724,R,10251,1,10270,0
728,R,10251,1,10270,0
732,R,10251,1,10270,0
736,R,10251,1,10270,0
740,R,10251,1,10270,0
744,R,10251,1,10270,0
748,R,10251,1,10270,0
752,R,10251,1,10270,0
756,R,10251,1,10270,0
760,R,10251,1,10270,0
764,R,10251,1,10270,0
2048,W,10251,1,10273,0
2052,W,10251,1,10273,0
2056,W,10251,1,10273,0
2060,W,10251,1,10273,0
2064,W,10251,1,10273,0
2068,W,10251,1,10273,0
2072,W,10251,1,10273,0
2076,W,10251,1,10273,0
2080,W,10251,1,10273,0
2084,W,10251,1,10273,0
2088,W,10251,1,10273,0
2092,W,10251,1,10273,0
2096,W,10251,1,10273,0
2100,W,10251,1,10273,0
2104,W,10251,1,10273,0
2108,W,10251,1,10273,0
2112,W,10251,1,10273,0
2116,W,10251,1,10273,0
2120,W,10251,1,10273,0
2124,W,10251,1,10273,0
2128,W,10251,1,10273,0
2132,W,10251,1,10273,0
2136,W,10251,1,10273,0
2140,W,10251,1,10273,0
2144,W,10251,1,10273,0
2148,W,10251,1,10273,0
2152,W,10251,1,10273,0
2156,W,10251,1,10273,0
2160,W,10251,1,10273,0
2164,W,10251,1,10273,0
2168,W,10251,1,10273,0
2172,W,10251,1,10273,0
2176,W,10251,1,10273,0
2180,W,10251,1,10273,0
2184,W,10251,1,10273,0
2188,W,10251,1,10273,0
2192,W,10251,1,10273,0
2196,W,10251,1,10273,0
2200,W,10251,1,10273,0
2204,W,10251,1,10273,0
2208,W,10251,1,10273,0
2212,W,10251,1,10273,0
2216,W,10251,1,10273,0
2220,W,10251,1,10273,0
2224,W,10251,1,10273,0
2228,W,10251,1,10273,0
2232,W,10251,1,10273,0
2236,W,10251,1,10273,0
2240,W,10251,1,10273,0
2244,W,10251,1,10273,0
2248,W,10251,1,10273,0
2252,W,10251,1,10273,0
2256,W,10251,1,10273,0
2260,W,10251,1,10273,0
2264,W,10251,1,10273,0
2268,W,10251,1,10273,0
2272,W,10251,1,10273,0
2276,W,10251,1,10273,0
2280,W,10251,1,10273,0
2284,W,10251,1,10273,0
2288,W,10251,1,10273,0
2292,W,10251,1,10273,0
2296,W,10251,1,10273,0
2300,W,10251,1,10273,0
2304,R,10252,1,10275,0
2308,R,10252,1,10275,0
2312,R,10252,1,10275,0
2316,R,10252,1,10275,0
2320,R,10252,1,10275,0
2324,R,10252,1,10275,0
2328,R,10252,1,10275,0
2332,R,10252,1,10275,0
2336,R,10252,1,10275,0
2340,R,10252,1,10275,0
2344,R,10252,1,10275,0
2348,R,10252,1,10275,0
2352,R,10252,1,10275,0
2356,R,10252,1,10275,0
2360,R,10252,1,10275,0
2364,R,10252,1,10275,0
2368,R,10252,1,10275,0
2372,R,10252,1,10275,0
2376,R,10252,1,10275,0
2380,R,10252,1,10275,0
2384,R,10252,1,10275,0
2388,R,10252,1,10275,0
2392,R,10252,1,10275,0
2396,R,10252,1,10275,0
2400,R,10252,1,10275,0
2404,R,10252,1,10275,0
2408,R,10252,1,10275,0
2412,R,10252,1,10275,0
2416,R,10252,1,10275,0
2420,R,10252,1,10275,0
2424,R,10252,1,10275,0
2428,R,10252,1,10275,0
2432,R,10252,1,10275,0
2436,R,10252,1,10275,0
2440,R,10252,1,10275,0
2444,R,10252,1,10275,0
2448,R,10252,1,10275,0
2452,R,10252,1,10275,0
2456,R,10252,1,10275,0
2460,R,10252,1,10275,0
2464,R,10252,1,10275,0
2468,R,10252,1,10275,0
2472,R,10252,1,10275,0
2476,R,10252,1,10275,0
2480,R,10252,1,10275,0
2484,R,10252,1,10275,0
2488,R,10252,1,10275,0
2492,R,10252,1,10275,0
2496,R,10252,1,10275,0
2500,R,10252,1,10275,0
2504,R,10252,1,10275,0
2508,R,10252,1,10275,0
2512,R,10252,1,10275,0
2516,R,10252,1,10275,0
2520,R,10252,1,10275,0
2524,R,10252,1,10275,0
2528,R,10252,1,10275,0
2532,R,10252,1,10275,0
2536,R,10252,1,10275,0
2540,R,10252,1,10275,0
2544,R,10252,1,10275,0
2548,R,10252,1,10275,0
2552,R,10252,1,10275,0
2556,R,10252,1,10275,0
768,R,10252,1,10276,0
772,R,10252,1,10276,0
776,R,10252,1,10276,0
780,R,10252,1,10276,0
784,R,10252,1,10276,0
788,R,10252,1,10276,0
792,R,10252,1,10276,0
796,R,10252,1,10276,0
800,R,10252,1,10276,0
804,R,10252,1,10276,0
808,R,10252,1,10276,0
812,R,10252,1,10276,0
816,R,10252,1,10276,0
820,R,10252,1,10276,0
824,R,10252,1,10276,0
828,R,10252,1,10276,0
832,R,10252,1,10276,0
836,R,10252,1,10276,0
840,R,10252,1,10276,0
844,R,10252,1,10276,0
848,R,10252,1,10276,0
852,R,10252,1,10276,0
856,R,10252,1,10276,0
860,R,10252,1,10276,0
864,R,10252,1,10276,0
868,R,10252,1,10276,0
872,R,10252,1,10276,0
876,R,10252,1,10276,0
880,R,10252,1,10276,0
884,R,10252,1,10276,0
888,R,10252,1,10276,0
892,R,10252,1,10276,0
896,R,10252,1,10276,0
900,R,10252,1,10276,0
904,R,10252,1,10276,0
908,R,10252,1,10276,0
912,R,10252,1,10276,0
916,R,10252,1,10276,0
920,R,10252,1,10276,0
924,R,10252,1,10276,0
928,R,10252,1,10276,0
932,R,10252,1,10276,0
936,R,10252,1,10276,0
940,R,10252,1,10276,0
944,R,10252,1,10276,0
948,R,10252,1,10276,0
952,R,10252,1,10276,0
956,R,10252,1,10276,0
960,R,10252,1,10276,0
964,R,10252,1,10276,0
968,R,10252,1,10276,0
972,R,10252,1,10276,0
976,R,10252,1,10276,0
980,R,10252,1,10276,0
984,R,10252,1,10276,0
988,R,10252,1,10276,0
992,R,10252,1,10276,0
996,R,10252,1,10276,0
1000,R,10252,1,10276,0
1004,R,10252,1,10276,0
1008,R,10252,1,10276,0
1012,R,10252,1,10276,0
1016,R,10252,1,10276,0
1020,R,10252,1,10276,0
2304,W,10252,1,10279,0
2308,W,10252,1,10279,0
2312,W,10252,1,10279,0
2316,W,10252,1,10279,0
2320,W,10252,1,10279,0
2324,W,10252,1,10279,0
2328,W,10252,1,10279,0
2332,W,10252,1,10279,0
2336,W,10252,1,10279,0
2340,W,10252,1,10279,0
2344,W,10252,1,10279,0
2348,W,10252,1,10279,0
2352,W,10252,1,10279,0
2356,W,10252,1,10279,0
2360,W,10252,1,10279,0
2364,W,10252,1,10279,0
2368,W,10252,1,10279,0
2372,W,10252,1,10279,0
2376,W,10252,1,10279,0
2380,W,10252,1,10279,0
2384,W,10252,1,10279,0
2388,W,10252,1,10279,0
2392,W,10252,1,10279,0
2396,W,10252,1,10279,0
2400,W,10252,1,10279,0
2404,W,10252,1,10279,0
2408,W,10252,1,10279,0
2412,W,10252,1,10279,0
2416,W,10252,1,10279,0
2420,W,10252,1,10279,0
2424,W,10252,1,10279,0
2428,W,10252,1,10279,0
2432,W,10252,1,10279,0
2436,W,10252,1,10279,0
2440,W,10252,1,10279,0
2444,W,10252,1,10279,0
2448,W,10252,1,10279,0
2452,W,10252,1,10279,0
2456,W,10252,1,10279,0
2460,W,10252,1,10279,0
2464,W,10252,1,10279,0
2468,W,10252,1,10279,0
2472,W,10252,1,10279,0
2476,W,10252,1,10279,0
2480,W,10252,1,10279,0
2484,W,10252,1,10279,0
2488,W,10252,1,10279,0
2492,W,10252,1,10279,0
2496,W,10252,1,10279,0
2500,W,10252,1,10279,0
2504,W,10252,1,10279,0
2508,W,10252,1,10279,0
2512,W,10252,1,10279,0
2516,W,10252,1,10279,0
2520,W,10252,1,10279,0
2524,W,10252,1,10279,0
2528,W,10252,1,10279,0
2532,W,10252,1,10279,0
2536,W,10252,1,10279,0
2540,W,10252,1,10279,0
2544,W,10252,1,10279,0
2548,W,10252,1,10279,0
2552,W,10252,1,10279,0
2556,W,10252,1,10279,0
2048,R,10259,1,10290,0
2052,R,10259,1,10290,0
2056,R,10259,1,10290,0
2060,R,10259,1,10290,0
2064,R,10259,1,10290,0
2068,R,10259,1,10290,0
2072,R,10259,1,10290,0
2076,R,10259,1,10290,0
2080,R,10259,1,10290,0
2084,R,10259,1,10290,0
2088,R,10259,1,10290,0
2092,R,10259,1,10290,0
2096,R,10259,1,10290,0
2100,R,10259,1,10290,0
2104,R,10259,1,10290,0
2108,R,10259,1,10290,0
2112,R,10259,1,10290,0
2116,R,10259,1,10290,0
2120,R,10259,1,10290,0
2124,R,10259,1,10290,0
2128,R,10259,1,10290,0
2132,R,10259,1,10290,0
2136,R,10259,1,10290,0
2140,R,10259,1,10290,0
2144,R,10259,1,10290,0
2148,R,10259,1,10290,0
2152,R,10259,1,10290,0
2156,R,10259,1,10290,0
2160,R,10259,1,10290,0
2164,R,10259,1,10290,0
2168,R,10259,1,10290,0
2172,R,10259,1,10290,0
2176,R,10259,1,10290,0
2180,R,10259,1,10290,0
2184,R,10259,1,10290,0
2188,R,10259,1,10290,0
2192,R,10259,1,10290,0
2196,R,10259,1,10290,0
2200,R,10259,1,10290,0
2204,R,10259,1,10290,0
2208,R,10259,1,10290,0
2212,R,10259,1,10290,0
2216,R,10259,1,10290,0
2220,R,10259,1,10290,0
2224,R,10259,1,10290,0
2228,R,10259,1,10290,0
2232,R,10259,1,10290,0
2236,R,10259,1,10290,0
2240,R,10259,1,10290,0
2244,R,10259,1,10290,0
2248,R,10259,1,10290,0
2252,R,10259,1,10290,0
2256,R,10259,1,10290,0
2260,R,10259,1,10290,0
2264,R,10259,1,10290,0
2268,R,10259,1,10290,0
2272,R,10259,1,10290,0
2276,R,10259,1,10290,0
2280,R,10259,1,10290,0
2284,R,10259,1,10290,0
2288,R,10259,1,10290,0
2292,R,10259,1,10290,0
2296,R,10259,1,10290,0
2300,R,10259,1,10290,0
2048,W,10259,1,10294,0
2052,W,10259,1,10294,0
2056,W,10259,1,10294,0
2060,W,10259,1,10294,0
2064,W,10259,1,10294,0
2068,W,10259,1,10294,0
2072,W,10259,1,10294,0
2076,W,10259,1,10294,0
2080,W,10259,1,10294,0
2084,W,10259,1,10294,0
2088,W,10259,1,10294,0
2092,W,10259,1,10294,0
2096,W,10259,1,10294,0
2100,W,10259,1,10294,0
2104,W,10259,1,10294,0
2108,W,10259,1,10294,0
2112,W,10259,1,10294,0
2116,W,10259,1,10294,0
2120,W,10259,1,10294,0
2124,W,10259,1,10294,0
2128,W,10259,1,10294,0
2132,W,10259,1,10294,0
2136,W,10259,1,10294,0
2140,W,10259,1,10294,0
2144,W,10259,1,10294,0
2148,W,10259,1,10294,0
2152,W,10259,1,10294,0
2156,W,10259,1,10294,0
2160,W,10259,1,10294,0
2164,W,10259,1,10294,0
2168,W,10259,1,10294,0
2172,W,10259,1,10294,0
2176,W,10259,1,10294,0
2180,W,10259,1,10294,0
2184,W,10259,1,10294,0
2188,W,10259,1,10294,0
2192,W,10259,1,10294,0
2196,W,10259,1,10294,0
2200,W,10259,1,10294,0
2204,W,10259,1,10294,0
2208,W,10259,1,10294,0
2212,W,10259,1,10294,0
2216,W,10259,1,10294,0
2220,W,10259,1,10294,0
2224,W,10259,1,10294,0
2228,W,10259,1,10294,0
2232,W,10259,1,10294,0
2236,W,10259,1,10294,0
2240,W,10259,1,10294,0
2244,W,10259,1,10294,0
2248,W,10259,1,10294,0
2252,W,10259,1,10294,0
2256,W,10259,1,10294,0
2260,W,10259,1,10294,0
2264,W,10259,1,10294,0
2268,W,10259,1,10294,0
2272,W,10259,1,10294,0
2276,W,10259,1,10294,0
2280,W,10259,1,10294,0
2284,W,10259,1,10294,0
2288,W,10259,1,10294,0
2292,W,10259,1,10294,0
2296,W,10259,1,10294,0
2300,W,10259,1,10294,0
2304,R,10260,1,10296,0
2308,R,10260,1,10296,0
2312,R,10260,1,10296,0
2316,R,10260,1,10296,0
2320,R,10260,1,10296,0
2324,R,10260,1,10296,0
2328,R,10260,1,10296,0
2332,R,10260,1,10296,0
2336,R,10260,1,10296,0
2340,R,10260,1,10296,0
2344,R,10260,1,10296,0
2348,R,10260,1,10296,0
2352,R,10260,1,10296,0
2356,R,10260,1,10296,0
2360,R,10260,1,10296,0
2364,R,10260,1,10296,0
2368,R,10260,1,10296,0
2372,R,10260,1,10296,0
2376,R,10260,1,10296,0
2380,R,10260,1,10296,0
2384,R,10260,1,10296,0
2388,R,10260,1,10296,0
2392,R,10260,1,10296,0
2396,R,10260,1,10296,0
2400,R,10260,1,10296,0
2404,R,10260,1,10296,0
2408,R,10260,1,10296,0
2412,R,10260,1,10296,0
2416,R,10260,1,10296,0
2420,R,10260,1,10296,0
2424,R,10260,1,10296,0
2428,R,10260,1,10296,0
2432,R,10260,1,10296,0
2436,R,10260,1,10296,0
2440,R,10260,1,10296,0
2444,R,10260,1,10296,0
2448,R,10260,1,10296,0
2452,R,10260,1,10296,0
2456,R,10260,1,10296,0
2460,R,10260,1,10296,0
2464,R,10260,1,10296,0
2468,R,10260,1,10296,0
2472,R,10260,1,10296,0
2476,R,10260,1,10296,0
2480,R,10260,1,10296,0
2484,R,10260,1,10296,0
2488,R,10260,1,10296,0
2492,R,10260,1,10296,0
2496,R,10260,1,10296,0
2500,R,10260,1,10296,0
2504,R,10260,1,10296,0
2508,R,10260,1,10296,0
2512,R,10260,1,10296,0
2516,R,10260,1,10296,0
2520,R,10260,1,10296,0
2524,R,10260,1,10296,0
2528,R,10260,1,10296,0
2532,R,10260,1,10296,0
2536,R,10260,1,10296,0
2540,R,10260,1,10296,0
2544,R,10260,1,10296,0
2548,R,10260,1,10296,0
2552,R,10260,1,10296,0
2556,R,10260,1,10296,0
2304,W,10260,1,10300,0
2308,W,10260,1,10300,0
2312,W,10260,1,10300,0
2316,W,10260,1,10300,0
2320,W,10260,1,10300,0
2324,W,10260,1,10300,0
2328,W,10260,1,10300,0
2332,W,10260,1,10300,0
2336,W,10260,1,10300,0
2340,W,10260,1,10300,0
2344,W,10260,1,10300,0
2348,W,10260,1,10300,0
2352,W,10260,1,10300,0
2356,W,10260,1,10300,0
2360,W,10260,1,10300,0
2364,W,10260,1,10300,0
2368,W,10260,1,10300,0
2372,W,10260,1,10300,0
2376,W,10260,1,10300,0
2380,W,10260,1,10300,0
2384,W,10260,1,10300,0
2388,W,10260,1,10300,0
2392,W,10260,1,10300,0
2396,W,10260,1,10300,0
2400,W,10260,1,10300,0
2404,W,10260,1,10300,0
2408,W,10260,1,10300,0
2412,W,10260,1,10300,0
2416,W,10260,1,10300,0
2420,W,10260,1,10300,0
2424,W,10260,1,10300,0
2428,W,10260,1,10300,0
2432,W,10260,1,10300,0
2436,W,10260,1,10300,0
2440,W,10260,1,10300,0
2444,W,10260,1,10300,0
2448,W,10260,1,10300,0
2452,W,10260,1,10300,0
2456,W,10260,1,10300,0
2460,W,10260,1,10300,0
2464,W,10260,1,10300,0
2468,W,10260,1,10300,0
2472,W,10260,1,10300,0
2476,W,10260,1,10300,0
2480,W,10260,1,10300,0
2484,W,10260,1,10300,0
2488,W,10260,1,10300,0
2492,W,10260,1,10300,0
2496,W,10260,1,10300,0
2500,W,10260,1,10300,0
2504,W,10260,1,10300,0
2508,W,10260,1,10300,0
2512,W,10260,1,10300,0
2516,W,10260,1,10300,0
2520,W,10260,1,10300,0
2524,W,10260,1,10300,0
2528,W,10260,1,10300,0
2532,W,10260,1,10300,0
2536,W,10260,1,10300,0
2540,W,10260,1,10300,0
2544,W,10260,1,10300,0
2548,W,10260,1,10300,0
2552,W,10260,1,10300,0
2556,W,10260,1,10300,0
512,R,10267,1,10311,0
516,R,10267,1,10311,0
520,R,10267,1,10311,0
524,R,10267,1,10311,0
528,R,10267,1,10311,0
532,R,10267,1,10311,0
536,R,10267,1,10311,0
540,R,10267,1,10311,0
544,R,10267,1,10311,0
548,R,10267,1,10311,0
552,R,10267,1,10311,0
556,R,10267,1,10311,0
560,R,10267,1,10311,0
564,R,10267,1,10311,0
568,R,10267,1,10311,0
572,R,10267,1,10311,0
576,R,10267,1,10311,0
580,R,10267,1,10311,0
584,R,10267,1,10311,0
588,R,10267,1,10311,0
592,R,10267,1,10311,0
596,R,10267,1,10311,0
600,R,10267,1,10311,0
604,R,10267,1,10311,0
608,R,10267,1,10311,0
612,R,10267,1,10311,0
616,R,10267,1,10311,0
620,R,10267,1,10311,0
624,R,10267,1,10311,0
628,R,10267,1,10311,0
632,R,10267,1,10311,0
636,R,10267,1,10311,0
640,R,10267,1,10311,0
644,R,10267,1,10311,0
648,R,10267,1,10311,0
652,R,10267,1,10311,0
656,R,10267,1,10311,0
660,R,10267,1,10311,0
664,R,10267,1,10311,0
668,R,10267,1,10311,0
672,R,10267,1,10311,0
676,R,10267,1,10311,0
680,R,10267,1,10311,0
684,R,10267,1,10311,0
688,R,10267,1,10311,0
692,R,10267,1,10311,0
696,R,10267,1,10311,0
700,R,10267,1,10311,0
704,R,10267,1,10311,0
708,R,10267,1,10311,0
712,R,10267,1,10311,0
716,R,10267,1,10311,0
720,R,10267,1,10311,0
724,R,10267,1,10311,0
728,R,10267,1,10311,0
732,R,10267,1,10311,0
736,R,10267,1,10311,0
740,R,10267,1,10311,0
744,R,10267,1,10311,0
748,R,10267,1,10311,0
752,R,10267,1,10311,0
756,R,10267,1,10311,0
760,R,10267,1,10311,0
764,R,10267,1,10311,0
2048,R,10267,1,10312,0
2052,R,10267,1,10312,0
2056,R,10267,1,10312,0
2060,R,10267,1,10312,0
2064,R,10267,1,10312,0
2068,R,10267,1,10312,0
2072,R,10267,1,10312,0
2076,R,10267,1,10312,0
2080,R,10267,1,10312,0
2084,R,10267,1,10312,0
2088,R,10267,1,10312,0
2092,R,10267,1,10312,0
2096,R,10267,1,10312,0
2100,R,10267,1,10312,0
2104,R,10267,1,10312,0
2108,R,10267,1,10312,0
2112,R,10267,1,10312,0
2116,R,10267,1,10312,0
2120,R,10267,1,10312,0
2124,R,10267,1,10312,0
2128,R,10267,1,10312,0
2132,R,10267,1,10312,0
2136,R,10267,1,10312,0
2140,R,10267,1,10312,0
2144,R,10267,1,10312,0
2148,R,10267,1,10312,0
2152,R,10267,1,10312,0
2156,R,10267,1,10312,0
2160,R,10267,1,10312,0
2164,R,10267,1,10312,0
2168,R,10267,1,10312,0
2172,R,10267,1,10312,0
2176,R,10267,1,10312,0
2180,R,10267,1,10312,0
2184,R,10267,1,10312,0
2188,R,10267,1,10312,0
2192,R,10267,1,10312,0
2196,R,10267,1,10312,0
2200,R,10267,1,10312,0
2204,R,10267,1,10312,0
2208,R,10267,1,10312,0
2212,R,10267,1,10312,0
2216,R,10267,1,10312,0
2220,R,10267,1,10312,0
2224,R,10267,1,10312,0
2228,R,10267,1,10312,0
2232,R,10267,1,10312,0
2236,R,10267,1,10312,0
2240,R,10267,1,10312,0
2244,R,10267,1,10312,0
2248,R,10267,1,10312,0
2252,R,10267,1,10312,0
2256,R,10267,1,10312,0
2260,R,10267,1,10312,0
2264,R,10267,1,10312,0
2268,R,10267,1,10312,0
2272,R,10267,1,10312,0
2276,R,10267,1,10312,0
2280,R,10267,1,10312,0
2284,R,10267,1,10312,0
2288,R,10267,1,10312,0
2292,R,10267,1,10312,0
2296,R,10267,1,10312,0
2300,R,10267,1,10312,0
2048,W,10267,1,10315,0
2052,W,10267,1,10315,0
2056,W,10267,1,10315,0
2060,W,10267,1,10315,0
2064,W,10267,1,10315,0
2068,W,10267,1,10315,0
2072,W,10267,1,10315,0
2076,W,10267,1,10315,0
2080,W,10267,1,10315,0
2084,W,10267,1,10315,0
2088,W,10267,1,10315,0
2092,W,10267,1,10315,0
2096,W,10267,1,10315,0
2100,W,10267,1,10315,0
2104,W,10267,1,10315,0
2108,W,10267,1,10315,0
2112,W,10267,1,10315,0
2116,W,10267,1,10315,0
2120,W,10267,1,10315,0
2124,W,10267,1,10315,0
2128,W,10267,1,10315,0
2132,W,10267,1,10315,0
2136,W,10267,1,10315,0
2140,W,10267,1,10315,0
2144,W,10267,1,10315,0
2148,W,10267,1,10315,0
2152,W,10267,1,10315,0
2156,W,10267,1,10315,0
2160,W,10267,1,10315,0
2164,W,10267,1,10315,0
2168,W,10267,1,10315,0
2172,W,10267,1,10315,0
2176,W,10267,1,10315,0
2180,W,10267,1,10315,0
2184,W,10267,1,10315,0
2188,W,10267,1,10315,0
2192,W,10267,1,10315,0
2196,W,10267,1,10315,0
2200,W,10267,1,10315,0
2204,W,10267,1,10315,0
2208,W,10267,1,10315,0
2212,W,10267,1,10315,0
2216,W,10267,1,10315,0
2220,W,10267,1,10315,0
2224,W,10267,1,10315,0
2228,W,10267,1,10315,0
2232,W,10267,1,10315,0
2236,W,10267,1,10315,0
2240,W,10267,1,10315,0
2244,W,10267,1,10315,0
2248,W,10267,1,10315,0
2252,W,10267,1,10315,0
2256,W,10267,1,10315,0
2260,W,10267,1,10315,0
2264,W,10267,1,10315,0
2268,W,10267,1,10315,0
2272,W,10267,1,10315,0
2276,W,10267,1,10315,0
2280,W,10267,1,10315,0
2284,W,10267,1,10315,0
2288,W,10267,1,10315,0
2292,W,10267,1,10315,0
2296,W,10267,1,10315,0
2300,W,10267,1,10315,0
768,R,10268,1,10317,0
772,R,10268,1,10317,0
776,R,10268,1,10317,0
780,R,10268,1,10317,0
784,R,10268,1,10317,0
788,R,10268,1,10317,0
792,R,10268,1,10317,0
796,R,10268,1,10317,0
800,R,10268,1,10317,0
804,R,10268,1,10317,0
808,R,10268,1,10317,0
812,R,10268,1,10317,0
816,R,10268,1,10317,0
820,R,10268,1,10317,0
824,R,10268,1,10317,0
828,R,10268,1,10317,0
832,R,10268,1,10317,0
836,R,10268,1,10317,0
840,R,10268,1,10317,0
844,R,10268,1,10317,0
848,R,10268,1,10317,0
852,R,10268,1,10317,0
856,R,10268,1,10317,0
860,R,10268,1,10317,0
864,R,10268,1,10317,0
868,R,10268,1,10317,0
872,R,10268,1,10317,0
876,R,10268,1,10317,0
880,R,10268,1,10317,0
884,R,10268,1,10317,0
888,R,10268,1,10317,0
892,R,10268,1,10317,0
896,R,10268,1,10317,0
900,R,10268,1,10317,0
904,R,10268,1,10317,0
908,R,10268,1,10317,0
912,R,10268,1,10317,0
916,R,10268,1,10317,0
920,R,10268,1,10317,0
924,R,10268,1,10317,0
928,R,10268,1,10317,0
932,R,10268,1,10317,0
936,R,10268,1,10317,0
940,R,10268,1,10317,0
944,R,10268,1,10317,0
948,R,10268,1,10317,0
952,R,10268,1,10317,0
956,R,10268,1,10317,0
960,R,10268,1,10317,0
964,R,10268,1,10317,0
968,R,10268,1,10317,0
972,R,10268,1,10317,0
976,R,10268,1,10317,0
980,R,10268,1,10317,0
984,R,10268,1,10317,0
988,R,10268,1,10317,0
992,R,10268,1,10317,0
996,R,10268,1,10317,0
1000,R,10268,1,10317,0
1004,R,10268,1,10317,0
1008,R,10268,1,10317,0
1012,R,10268,1,10317,0
1016,R,10268,1,10317,0
1020,R,10268,1,10317,0
2304,R,10268,1,10318,0
2308,R,10268,1,10318,0
2312,R,10268,1,10318,0
2316,R,10268,1,10318,0
2320,R,10268,1,10318,0
2324,R,10268,1,10318,0
2328,R,10268,1,10318,0
2332,R,10268,1,10318,0
2336,R,10268,1,10318,0
2340,R,10268,1,10318,0
2344,R,10268,1,10318,0
2348,R,10268,1,10318,0
2352,R,10268,1,10318,0
2356,R,10268,1,10318,0
2360,R,10268,1,10318,0
2364,R,10268,1,10318,0
2368,R,10268,1,10318,0
2372,R,10268,1,10318,0
2376,R,10268,1,10318,0
2380,R,10268,1,10318,0
2384,R,10268,1,10318,0
2388,R,10268,1,10318,0
2392,R,10268,1,10318,0
2396,R,10268,1,10318,0
2400,R,10268,1,10318,0
2404,R,10268,1,10318,0
2408,R,10268,1,10318,0
2412,R,10268,1,10318,0
2416,R,10268,1,10318,0
2420,R,10268,1,10318,0
2424,R,10268,1,10318,0
2428,R,10268,1,10318,0
2432,R,10268,1,10318,0
2436,R,10268,1,10318,0
2440,R,10268,1,10318,0
2444,R,10268,1,10318,0
2448,R,10268,1,10318,0
2452,R,10268,1,10318,0
2456,R,10268,1,10318,0
2460,R,10268,1,10318,0
2464,R,10268,1,10318,0
2468,R,10268,1,10318,0
2472,R,10268,1,10318,0
2476,R,10268,1,10318,0
2480,R,10268,1,10318,0
2484,R,10268,1,10318,0
2488,R,10268,1,10318,0
2492,R,10268,1,10318,0
2496,R,10268,1,10318,0
2500,R,10268,1,10318,0
2504,R,10268,1,10318,0
2508,R,10268,1,10318,0
2512,R,10268,1,10318,0
2516,R,10268,1,10318,0
2520,R,10268,1,10318,0
2524,R,10268,1,10318,0
2528,R,10268,1,10318,0
2532,R,10268,1,10318,0
2536,R,10268,1,10318,0
2540,R,10268,1,10318,0
2544,R,10268,1,10318,0
2548,R,10268,1,10318,0
2552,R,10268,1,10318,0
2556,R,10268,1,10318,0
2304,W,10268,1,10321,0
2308,W,10268,1,10321,0
2312,W,10268,1,10321,0
2316,W,10268,1,10321,0
2320,W,10268,1,10321,0
2324,W,10268,1,10321,0
2328,W,10268,1,10321,0
2332,W,10268,1,10321,0
2336,W,10268,1,10321,0
2340,W,10268,1,10321,0
2344,W,10268,1,10321,0
2348,W,10268,1,10321,0
2352,W,10268,1,10321,0
2356,W,10268,1,10321,0
2360,W,10268,1,10321,0
2364,W,10268,1,10321,0
2368,W,10268,1,10321,0
2372,W,10268,1,10321,0
2376,W,10268,1,10321,0
2380,W,10268,1,10321,0
2384,W,10268,1,10321,0
2388,W,10268,1,10321,0
2392,W,10268,1,10321,0
2396,W,10268,1,10321,0
2400,W,10268,1,10321,0
2404,W,10268,1,10321,0
2408,W,10268,1,10321,0
2412,W,10268,1,10321,0
2416,W,10268,1,10321,0
2420,W,10268,1,10321,0
2424,W,10268,1,10321,0
2428,W,10268,1,10321,0
2432,W,10268,1,10321,0
2436,W,10268,1,10321,0
2440,W,10268,1,10321,0
2444,W,10268,1,10321,0
2448,W,10268,1,10321,0
2452,W,10268,1,10321,0
2456,W,10268,1,10321,0
2460,W,10268,1,10321,0
2464,W,10268,1,10321,0
2468,W,10268,1,10321,0
2472,W,10268,1,10321,0
2476,W,10268,1,10321,0
2480,W,10268,1,10321,0
2484,W,10268,1,10321,0
2488,W,10268,1,10321,0
2492,W,10268,1,10321,0
2496,W,10268,1,10321,0
2500,W,10268,1,10321,0
2504,W,10268,1,10321,0
2508,W,10268,1,10321,0
2512,W,10268,1,10321,0
2516,W,10268,1,10321,0
2520,W,10268,1,10321,0
2524,W,10268,1,10321,0
2528,W,10268,1,10321,0
2532,W,10268,1,10321,0
2536,W,10268,1,10321,0
2540,W,10268,1,10321,0
2544,W,10268,1,10321,0
2548,W,10268,1,10321,0
2552,W,10268,1,10321,0
2556,W,10268,1,10321,0
512,R,10291,1,10349,0
516,R,10291,1,10349,0
520,R,10291,1,10349,0
524,R,10291,1,10349,0
528,R,10291,1,10349,0
532,R,10291,1,10349,0
536,R,10291,1,10349,0
540,R,10291,1,10349,0
544,R,10291,1,10349,0
548,R,10291,1,10349,0
552,R,10291,1,10349,0
556,R,10291,1,10349,0
560,R,10291,1,10349,0
564,R,10291,1,10349,0
568,R,10291,1,10349,0
572,R,10291,1,10349,0
576,R,10291,1,10349,0
580,R,10291,1,10349,0
584,R,10291,1,10349,0
588,R,10291,1,10349,0
592,R,10291,1,10349,0
596,R,10291,1,10349,0
600,R,10291,1,10349,0
604,R,10291,1,10349,0
608,R,10291,1,10349,0
612,R,10291,1,10349,0
616,R,10291,1,10349,0
620,R,10291,1,10349,0
624,R,10291,1,10349,0
628,R,10291,1,10349,0
632,R,10291,1,10349,0
636,R,10291,1,10349,0
640,R,10291,1,10349,0
644,R,10291,1,10349,0
648,R,10291,1,10349,0
652,R,10291,1,10349,0
656,R,10291,1,10349,0
660,R,10291,1,10349,0
664,R,10291,1,10349,0
668,R,10291,1,10349,0
672,R,10291,1,10349,0
676,R,10291,1,10349,0
680,R,10291,1,10349,0
684,R,10291,1,10349,0
688,R,10291,1,10349,0
692,R,10291,1,10349,0
696,R,10291,1,10349,0
700,R,10291,1,10349,0
704,R,10291,1,10349,0
708,R,10291,1,10349,0
712,R,10291,1,10349,0
716,R,10291,1,10349,0
720,R,10291,1,10349,0
724,R,10291,1,10349,0
728,R,10291,1,10349,0
732,R,10291,1,10349,0
736,R,10291,1,10349,0
740,R,10291,1,10349,0
744,R,10291,1,10349,0
748,R,10291,1,10349,0
752,R,10291,1,10349,0
756,R,10291,1,10349,0
760,R,10291,1,10349,0
764,R,10291,1,10349,0
2048,R,10291,1,10350,0
2052,R,10291,1,10350,0
2056,R,10291,1,10350,0
2060,R,10291,1,10350,0
2064,R,10291,1,10350,0
2068,R,10291,1,10350,0
2072,R,10291,1,10350,0
2076,R,10291,1,10350,0
2080,R,10291,1,10350,0
2084,R,10291,1,10350,0
2088,R,10291,1,10350,0
2092,R,10291,1,10350,0
2096,R,10291,1,10350,0
2100,R,10291,1,10350,0
2104,R,10291,1,10350,0
2108,R,10291,1,10350,0
2112,R,10291,1,10350,0
2116,R,10291,1,10350,0
2120,R,10291,1,10350,0
2124,R,10291,1,10350,0
2128,R,10291,1,10350,0
2132,R,10291,1,10350,0
2136,R,10291,1,10350,0
2140,R,10291,1,10350,0
2144,R,10291,1,10350,0
2148,R,10291,1,10350,0
2152,R,10291,1,10350,0
2156,R,10291,1,10350,0
2160,R,10291,1,10350,0
2164,R,10291,1,10350,0
2168,R,10291,1,10350,0
2172,R,10291,1,10350,0
2176,R,10291,1,10350,0
2180,R,10291,1,10350,0
2184,R,10291,1,10350,0
2188,R,10291,1,10350,0
2192,R,10291,1,10350,0
2196,R,10291,1,10350,0
2200,R,10291,1,10350,0
2204,R,10291,1,10350,0
2208,R,10291,1,10350,0
2212,R,10291,1,10350,0
2216,R,10291,1,10350,0
2220,R,10291,1,10350,0
2224,R,10291,1,10350,0
2228,R,10291,1,10350,0
2232,R,10291,1,10350,0
2236,R,10291,1,10350,0
2240,R,10291,1,10350,0
2244,R,10291,1,10350,0
2248,R,10291,1,10350,0
2252,R,10291,1,10350,0
2256,R,10291,1,10350,0
2260,R,10291,1,10350,0
2264,R,10291,1,10350,0
2268,R,10291,1,10350,0
2272,R,10291,1,10350,0
2276,R,10291,1,10350,0
2280,R,10291,1,10350,0
2284,R,10291,1,10350,0
2288,R,10291,1,10350,0
2292,R,10291,1,10350,0
2296,R,10291,1,10350,0
2300,R,10291,1,10350,0
1536,W,10291,1,10353,0
1540,W,10291,1,10353,0
1544,W,10291,1,10353,0
1548,W,10291,1,10353,0
1552,W,10291,1,10353,0
1556,W,10291,1,10353,0
1560,W,10291,1,10353,0
1564,W,10291,1,10353,0
1568,W,10291,1,10353,0
1572,W,10291,1,10353,0
1576,W,10291,1,10353,0
1580,W,10291,1,10353,0
1584,W,10291,1,10353,0
1588,W,10291,1,10353,0
1592,W,10291,1,10353,0
1596,W,10291,1,10353,0
1600,W,10291,1,10353,0
1604,W,10291,1,10353,0
1608,W,10291,1,10353,0
1612,W,10291,1,10353,0
1616,W,10291,1,10353,0
1620,W,10291,1,10353,0
1624,W,10291,1,10353,0
1628,W,10291,1,10353,0
1632,W,10291,1,10353,0
1636,W,10291,1,10353,0
1640,W,10291,1,10353,0
1644,W,10291,1,10353,0
1648,W,10291,1,10353,0
1652,W,10291,1,10353,0
1656,W,10291,1,10353,0
1660,W,10291,1,10353,0
1664,W,10291,1,10353,0
1668,W,10291,1,10353,0
1672,W,10291,1,10353,0
1676,W,10291,1,10353,0
1680,W,10291,1,10353,0
1684,W,10291,1,10353,0
1688,W,10291,1,10353,0
1692,W,10291,1,10353,0
1696,W,10291,1,10353,0
1700,W,10291,1,10353,0
1704,W,10291,1,10353,0
1708,W,10291,1,10353,0
1712,W,10291,1,10353,0
1716,W,10291,1,10353,0
1720,W,10291,1,10353,0
1724,W,10291,1,10353,0
1728,W,10291,1,10353,0
1732,W,10291,1,10353,0
1736,W,10291,1,10353,0
1740,W,10291,1,10353,0
1744,W,10291,1,10353,0
1748,W,10291,1,10353,0
1752,W,10291,1,10353,0
1756,W,10291,1,10353,0
1760,W,10291,1,10353,0
1764,W,10291,1,10353,0
1768,W,10291,1,10353,0
1772,W,10291,1,10353,0
1776,W,10291,1,10353,0
1780,W,10291,1,10353,0
1784,W,10291,1,10353,0
1788,W,10291,1,10353,0
768,R,10292,1,10355,0
772,R,10292,1,10355,0
776,R,10292,1,10355,0
780,R,10292,1,10355,0
784,R,10292,1,10355,0
788,R,10292,1,10355,0
792,R,10292,1,10355,0
796,R,10292,1,10355,0
800,R,10292,1,10355,0
804,R,10292,1,10355,0
808,R,10292,1,10355,0
812,R,10292,1,10355,0
816,R,10292,1,10355,0
820,R,10292,1,10355,0
824,R,10292,1,10355,0
828,R,10292,1,10355,0
832,R,10292,1,10355,0
836,R,10292,1,10355,0
840,R,10292,1,10355,0
844,R,10292,1,10355,0
848,R,10292,1,10355,0
852,R,10292,1,10355,0
856,R,10292,1,10355,0
860,R,10292,1,10355,0
864,R,10292,1,10355,0
868,R,10292,1,10355,0
872,R,10292,1,10355,0
876,R,10292,1,10355,0
880,R,10292,1,10355,0
884,R,10292,1,10355,0
888,R,10292,1,10355,0
892,R,10292,1,10355,0
896,R,10292,1,10355,0
900,R,10292,1,10355,0
904,R,10292,1,10355,0
908,R,10292,1,10355,0
912,R,10292,1,10355,0
916,R,10292,1,10355,0
920,R,10292,1,10355,0
924,R,10292,1,10355,0
928,R,10292,1,10355,0
932,R,10292,1,10355,0
936,R,10292,1,10355,0
940,R,10292,1,10355,0
944,R,10292,1,10355,0
948,R,10292,1,10355,0
952,R,10292,1,10355,0
956,R,10292,1,10355,0
960,R,10292,1,10355,0
964,R,10292,1,10355,0
968,R,10292,1,10355,0
972,R,10292,1,10355,0
976,R,10292,1,10355,0
980,R,10292,1,10355,0
984,R,10292,1,10355,0
988,R,10292,1,10355,0
992,R,10292,1,10355,0
996,R,10292,1,10355,0
1000,R,10292,1,10355,0
1004,R,10292,1,10355,0
1008,R,10292,1,10355,0
1012,R,10292,1,10355,0
1016,R,10292,1,10355,0
1020,R,10292,1,10355,0
2304,R,10292,1,10356,0
2308,R,10292,1,10356,0
2312,R,10292,1,10356,0
2316,R,10292,1,10356,0
2320,R,10292,1,10356,0
2324,R,10292,1,10356,0
2328,R,10292,1,10356,0
2332,R,10292,1,10356,0
2336,R,10292,1,10356,0
2340,R,10292,1,10356,0
2344,R,10292,1,10356,0
2348,R,10292,1,10356,0
2352,R,10292,1,10356,0
2356,R,10292,1,10356,0
2360,R,10292,1,10356,0
2364,R,10292,1,10356,0
2368,R,10292,1,10356,0
2372,R,10292,1,10356,0
2376,R,10292,1,10356,0
2380,R,10292,1,10356,0
2384,R,10292,1,10356,0
2388,R,10292,1,10356,0
2392,R,10292,1,10356,0
2396,R,10292,1,10356,0
2400,R,10292,1,10356,0
2404,R,10292,1,10356,0
2408,R,10292,1,10356,0
2412,R,10292,1,10356,0
2416,R,10292,1,10356,0
2420,R,10292,1,10356,0
2424,R,10292,1,10356,0
2428,R,10292,1,10356,0
2432,R,10292,1,10356,0
2436,R,10292,1,10356,0
2440,R,10292,1,10356,0
2444,R,10292,1,10356,0
2448,R,10292,1,10356,0
2452,R,10292,1,10356,0
2456,R,10292,1,10356,0
2460,R,10292,1,10356,0
2464,R,10292,1,10356,0
2468,R,10292,1,10356,0
2472,R,10292,1,10356,0
2476,R,10292,1,10356,0
2480,R,10292,1,10356,0
2484,R,10292,1,10356,0
2488,R,10292,1,10356,0
2492,R,10292,1,10356,0
2496,R,10292,1,10356,0
2500,R,10292,1,10356,0
2504,R,10292,1,10356,0
2508,R,10292,1,10356,0
2512,R,10292,1,10356,0
2516,R,10292,1,10356,0
2520,R,10292,1,10356,0
2524,R,10292,1,10356,0
2528,R,10292,1,10356,0
2532,R,10292,1,10356,0
2536,R,10292,1,10356,0
2540,R,10292,1,10356,0
2544,R,10292,1,10356,0
2548,R,10292,1,10356,0
2552,R,10292,1,10356,0
2556,R,10292,1,10356,0
1792,W,10292,1,10359,0
1796,W,10292,1,10359,0
1800,W,10292,1,10359,0
1804,W,10292,1,10359,0
1808,W,10292,1,10359,0
1812,W,10292,1,10359,0
1816,W,10292,1,10359,0
1820,W,10292,1,10359,0
1824,W,10292,1,10359,0
1828,W,10292,1,10359,0
1832,W,10292,1,10359,0
1836,W,10292,1,10359,0
1840,W,10292,1,10359,0
1844,W,10292,1,10359,0
1848,W,10292,1,10359,0
1852,W,10292,1,10359,0
1856,W,10292,1,10359,0
1860,W,10292,1,10359,0
1864,W,10292,1,10359,0
1868,W,10292,1,10359,0
1872,W,10292,1,10359,0
1876,W,10292,1,10359,0
1880,W,10292,1,10359,0
1884,W,10292,1,10359,0
1888,W,10292,1,10359,0
1892,W,10292,1,10359,0
1896,W,10292,1,10359,0
1900,W,10292,1,10359,0
1904,W,10292,1,10359,0
1908,W,10292,1,10359,0
1912,W,10292,1,10359,0
1916,W,10292,1,10359,0
1920,W,10292,1,10359,0
1924,W,10292,1,10359,0
1928,W,10292,1,10359,0
1932,W,10292,1,10359,0
1936,W,10292,1,10359,0
1940,W,10292,1,10359,0
1944,W,10292,1,10359,0
1948,W,10292,1,10359,0
1952,W,10292,1,10359,0
1956,W,10292,1,10359,0
1960,W,10292,1,10359,0
1964,W,10292,1,10359,0
1968,W,10292,1,10359,0
1972,W,10292,1,10359,0
1976,W,10292,1,10359,0
1980,W,10292,1,10359,0
1984,W,10292,1,10359,0
1988,W,10292,1,10359,0
1992,W,10292,1,10359,0
1996,W,10292,1,10359,0
2000,W,10292,1,10359,0
2004,W,10292,1,10359,0
2008,W,10292,1,10359,0
2012,W,10292,1,10359,0
2016,W,10292,1,10359,0
2020,W,10292,1,10359,0
2024,W,10292,1,10359,0
2028,W,10292,1,10359,0
2032,W,10292,1,10359,0
2036,W,10292,1,10359,0
2040,W,10292,1,10359,0
2044,W,10292,1,10359,0
1536,R,10700,1,8296,0
1540,R,10700,1,8296,0
1544,R,10700,1,8296,0
1548,R,10700,1,8296,0
1552,R,10700,1,8296,0
1556,R,10700,1,8296,0
1560,R,10700,1,8296,0
1564,R,10700,1,8296,0
1568,R,10700,1,8296,0
1572,R,10700,1,8296,0
1576,R,10700,1,8296,0
1580,R,10700,1,8296,0
1584,R,10700,1,8296,0
1588,R,10700,1,8296,0
1592,R,10700,1,8296,0
1596,R,10700,1,8296,0
1600,R,10700,1,8296,0
1604,R,10700,1,8296,0
1608,R,10700,1,8296,0
1612,R,10700,1,8296,0
1616,R,10700,1,8296,0
1620,R,10700,1,8296,0
1624,R,10700,1,8296,0
1628,R,10700,1,8296,0
1632,R,10700,1,8296,0
1636,R,10700,1,8296,0
1640,R,10700,1,8296,0
1644,R,10700,1,8296,0
1648,R,10700,1,8296,0
1652,R,10700,1,8296,0
1656,R,10700,1,8296,0
1660,R,10700,1,8296,0
1664,R,10700,1,8296,0
1668,R,10700,1,8296,0
1672,R,10700,1,8296,0
1676,R,10700,1,8296,0
1680,R,10700,1,8296,0
1684,R,10700,1,8296,0
1688,R,10700,1,8296,0
1692,R,10700,1,8296,0
1696,R,10700,1,8296,0
1700,R,10700,1,8296,0
1704,R,10700,1,8296,0
1708,R,10700,1,8296,0
1712,R,10700,1,8296,0
1716,R,10700,1,8296,0
1720,R,10700,1,8296,0
1724,R,10700,1,8296,0
1728,R,10700,1,8296,0
1732,R,10700,1,8296,0
1736,R,10700,1,8296,0
1740,R,10700,1,8296,0
1744,R,10700,1,8296,0
1748,R,10700,1,8296,0
1752,R,10700,1,8296,0
1756,R,10700,1,8296,0
1760,R,10700,1,8296,0
1764,R,10700,1,8296,0
1768,R,10700,1,8296,0
1772,R,10700,1,8296,0
1776,R,10700,1,8296,0
1780,R,10700,1,8296,0
1784,R,10700,1,8296,0
1788,R,10700,1,8296,0
1792,R,10700,1,8296,0
1796,R,10700,1,8296,0
1800,R,10700,1,8296,0
1804,R,10700,1,8296,0
1808,R,10700,1,8296,0
1812,R,10700,1,8296,0
1816,R,10700,1,8296,0
1820,R,10700,1,8296,0
1824,R,10700,1,8296,0
1828,R,10700,1,8296,0
1832,R,10700,1,8296,0
1836,R,10700,1,8296,0
1840,R,10700,1,8296,0
1844,R,10700,1,8296,0
1848,R,10700,1,8296,0
1852,R,10700,1,8296,0
1856,R,10700,1,8296,0
1860,R,10700,1,8296,0
1864,R,10700,1,8296,0
1868,R,10700,1,8296,0
1872,R,10700,1,8296,0
1876,R,10700,1,8296,0
1880,R,10700,1,8296,0
1884,R,10700,1,8296,0
1888,R,10700,1,8296,0
1892,R,10700,1,8296,0
1896,R,10700,1,8296,0
1900,R,10700,1,8296,0
1904,R,10700,1,8296,0
1908,R,10700,1,8296,0
1912,R,10700,1,8296,0
1916,R,10700,1,8296,0
1920,R,10700,1,8296,0
1924,R,10700,1,8296,0
1928,R,10700,1,8296,0
1932,R,10700,1,8296,0
1936,R,10700,1,8296,0
1940,R,10700,1,8296,0
1944,R,10700,1,8296,0
1948,R,10700,1,8296,0
1952,R,10700,1,8296,0
1956,R,10700,1,8296,0
1960,R,10700,1,8296,0
1964,R,10700,1,8296,0
1968,R,10700,1,8296,0
1972,R,10700,1,8296,0
1976,R,10700,1,8296,0
1980,R,10700,1,8296,0
1984,R,10700,1,8296,0
1988,R,10700,1,8296,0
1992,R,10700,1,8296,0
1996,R,10700,1,8296,0
2000,R,10700,1,8296,0
2004,R,10700,1,8296,0
2008,R,10700,1,8296,0
2012,R,10700,1,8296,0
2016,R,10700,1,8296,0
2020,R,10700,1,8296,0
2024,R,10700,1,8296,0
2028,R,10700,1,8296,0
2032,R,10700,1,8296,0
2036,R,10700,1,8296,0
2040,R,10700,1,8296,0
2044,R,10700,1,8296,0
1536,R,10700,1,8296,0
1536,R,10904,1,8573,0
1540,R,10904,1,8573,0
1544,R,10904,1,8573,0
1548,R,10904,1,8573,0
1552,R,10904,1,8573,0
1556,R,10904,1,8573,0
1560,R,10904,1,8573,0
1564,R,10904,1,8573,0
1568,R,10904,1,8573,0
1572,R,10904,1,8573,0
1576,R,10904,1,8573,0
1580,R,10904,1,8573,0
1584,R,10904,1,8573,0
1588,R,10904,1,8573,0
1592,R,10904,1,8573,0
1596,R,10904,1,8573,0
1600,R,10904,1,8573,0
1604,R,10904,1,8573,0
1608,R,10904,1,8573,0
1612,R,10904,1,8573,0
1616,R,10904,1,8573,0
1620,R,10904,1,8573,0
1624,R,10904,1,8573,0
1628,R,10904,1,8573,0
1632,R,10904,1,8573,0
1636,R,10904,1,8573,0
1640,R,10904,1,8573,0
1644,R,10904,1,8573,0
1648,R,10904,1,8573,0
1652,R,10904,1,8573,0
1656,R,10904,1,8573,0
1660,R,10904,1,8573,0
1664,R,10904,1,8573,0
1668,R,10904,1,8573,0
1672,R,10904,1,8573,0
1676,R,10904,1,8573,0
1680,R,10904,1,8573,0
1684,R,10904,1,8573,0
1688,R,10904,1,8573,0
1692,R,10904,1,8573,0
1696,R,10904,1,8573,0
1700,R,10904,1,8573,0
1704,R,10904,1,8573,0
1708,R,10904,1,8573,0
1712,R,10904,1,8573,0
1716,R,10904,1,8573,0
1720,R,10904,1,8573,0
1724,R,10904,1,8573,0
1728,R,10904,1,8573,0
1732,R,10904,1,8573,0
1736,R,10904,1,8573,0
1740,R,10904,1,8573,0
1744,R,10904,1,8573,0
1748,R,10904,1,8573,0
1752,R,10904,1,8573,0
1756,R,10904,1,8573,0
1760,R,10904,1,8573,0
1764,R,10904,1,8573,0
1768,R,10904,1,8573,0
1772,R,10904,1,8573,0
1776,R,10904,1,8573,0
1780,R,10904,1,8573,0
1784,R,10904,1,8573,0
1788,R,10904,1,8573,0
1792,R,10904,1,8573,0
1796,R,10904,1,8573,0
1800,R,10904,1,8573,0
1804,R,10904,1,8573,0
1808,R,10904,1,8573,0
1812,R,10904,1,8573,0
1816,R,10904,1,8573,0
1820,R,10904,1,8573,0
1824,R,10904,1,8573,0
1828,R,10904,1,8573,0
1832,R,10904,1,8573,0
1836,R,10904,1,8573,0
1840,R,10904,1,8573,0
1844,R,10904,1,8573,0
1848,R,10904,1,8573,0
1852,R,10904,1,8573,0
1856,R,10904,1,8573,0
1860,R,10904,1,8573,0
1864,R,10904,1,8573,0
1868,R,10904,1,8573,0
1872,R,10904,1,8573,0
1876,R,10904,1,8573,0
1880,R,10904,1,8573,0
1884,R,10904,1,8573,0
1888,R,10904,1,8573,0
1892,R,10904,1,8573,0
1896,R,10904,1,8573,0
1900,R,10904,1,8573,0
1904,R,10904,1,8573,0
1908,R,10904,1,8573,0
1912,R,10904,1,8573,0
1916,R,10904,1,8573,0
1920,R,10904,1,8573,0
1924,R,10904,1,8573,0
1928,R,10904,1,8573,0
1932,R,10904,1,8573,0
1936,R,10904,1,8573,0
1940,R,10904,1,8573,0
1944,R,10904,1,8573,0
1948,R,10904,1,8573,0
1952,R,10904,1,8573,0
1956,R,10904,1,8573,0
1960,R,10904,1,8573,0
1964,R,10904,1,8573,0
1968,R,10904,1,8573,0
1972,R,10904,1,8573,0
1976,R,10904,1,8573,0
1980,R,10904,1,8573,0
1984,R,10904,1,8573,0
1988,R,10904,1,8573,0
1992,R,10904,1,8573,0
1996,R,10904,1,8573,0
2000,R,10904,1,8573,0
2004,R,10904,1,8573,0
2008,R,10904,1,8573,0
2012,R,10904,1,8573,0
2016,R,10904,1,8573,0
2020,R,10904,1,8573,0
2024,R,10904,1,8573,0
2028,R,10904,1,8573,0
2032,R,10904,1,8573,0
2036,R,10904,1,8573,0
2040,R,10904,1,8573,0
2044,R,10904,1,8573,0
1536,R,10904,1,8573,0
