CoreId,CoreTypeId,ExecInstrId,Tick,IPC
0,1,1374389534840,3673,0.6397286410854356
0,1,1374389534841,3673,0.6397286410854356
0,1,1374389534842,3673,0.6397286410854356
0,1,1374389534843,3673,0.6397286410854356
0,1,1374389534844,3673,0.6397286410854356
0,1,1374389534845,3673,0.6397286410854356
0,1,1374389534846,3673,0.6397286410854356
0,1,1374389534847,3673,0.6397286410854356
0,1,1374389534848,3673,0.6397286410854356
0,1,1374389534849,3673,0.6397286410854356
0,1,1374389534850,3673,0.6397286410854356
0,1,1374389534851,3673,0.6397286410854356
0,1,1374389534852,3673,0.6397286410854356
0,1,1374389534853,3673,0.6397286410854356
0,1,1374389534854,3673,0.6397286410854356
0,1,1374389534855,3673,0.6397286410854356
0,1,1374389534856,3673,0.6397286410854356
0,1,1374389534857,3673,0.6397286410854356
0,1,1374389534858,3673,0.6397286410854356
0,1,1374389534859,3673,0.6397286410854356
0,1,1374389534860,3673,0.6397286410854356
0,1,1374389534861,3673,0.6397286410854356
0,1,1374389534862,3673,0.6397286410854356
0,1,1374389534863,3673,0.6397286410854356
0,1,1374389534864,3673,0.6397286410854356
0,1,1374389534865,3673,0.6397286410854356
0,1,1374389534866,3673,0.6397286410854356
0,1,1374389534867,3673,0.6397286410854356
0,1,1374389534868,3673,0.6397286410854356
0,1,1374389534869,3673,0.6397286410854356
0,1,1374389534870,3673,0.6397286410854356
0,1,1374389534871,3673,0.6397286410854356
0,1,1374389534876,3673,0.6397286410854356
0,1,1374389534877,3673,0.6397286410854356
0,1,1374389534878,3677,0.676076662908681
0,1,1374389534879,3677,0.676076662908681
0,1,1374389534884,3678,0.676076662908681
0,1,1374389534885,3678,0.676076662908681
0,1,1374389534886,3679,0.6398502478143413
0,1,1374389534887,3679,0.6398502478143413
0,1,1374389534888,3680,0.6071428571428571
0,1,1374389534889,3680,0.6071428571428571
0,1,1374389534890,3681,0.5759158582951356
0,1,1374389534891,3682,0.07013700735958187
0,1,1374389534892,3681,0.5759158582951356
0,1,1374389534893,3682,0.07013700735958187
0,1,1374389534894,3683,1.0491803278688525
0,1,1374389534895,3684,0.06517311608961303
0,1,1374389534896,3687,0.5572432251589161
0,1,1374389534897,3687,0.5572432251589161
0,1,1374389534898,3688,1.0
0,1,1374389534899,3692,0.5327868852459017
0,1,1374389534900,3692,0.5327868852459017
0,1,1374389534901,3693,0.5103988255444091
0,1,1374389534902,3693,0.5103988255444091
0,1,1374389534903,3694,0.4931788931788932
0,1,1374389534904,3695,0.4743922004195977
0,1,1374389534905,3694,0.4931788931788932
0,1,1374389534907,3695,0.4743922004195977
0,1,1374389534908,3696,0.07207207207207207
0,1,1374389534909,3697,0.46167760758570386
0,1,1374389534910,3697,0.46167760758570386
0,1,1374389534911,3698,0.44526735117544747
0,1,1374389534912,3698,0.44526735117544747
0,1,1374389534913,3699,0.0690245399914417
0,1,1374389534914,3699,0.0690245399914417
0,1,1374389534915,3701,0.06906314024958093
0,1,1374389534916,3700,0.07025246981339188
0,1,1374389534917,3701,0.06906314024958093
0,1,1374389534918,3702,0.06898602438299137
0,1,1374389534919,3703,0.06898602438299137
0,1,1374389534920,3702,0.06898602438299137
0,1,1374389534921,3704,0.07021395420494156
0,1,1374389534922,3703,0.06898602438299137
0,1,1374389534923,3705,0.07021395420494156
0,1,1374389534924,3704,0.07021395420494156
0,1,1374389534925,3705,0.07021395420494156
0,1,1374389534926,3708,0.07036835551687037
0,1,1374389534927,3708,0.07036835551687037
0,1,1374389534928,3713,0.0706401766004415
0,1,1374389534929,3709,0.0704070407040704
0,1,1374389534930,3714,0.0706401766004415
0,1,1374389534931,3713,0.0706401766004415
0,1,1374389534932,3715,0.07052360865225596
0,1,1374389534933,3714,0.0706401766004415
0,1,1374389534934,3716,0.06920989654757187
0,1,1374389534935,3715,0.07052360865225596
0,1,1374389534936,3717,0.07044581110093388
0,1,1374389534937,3716,0.06920989654757187
0,1,1374389534938,3718,0.0704070407040704
0,1,1374389534939,3717,0.07044581110093388
0,1,1374389534941,3719,0.07044581110093388
0,1,1374389534942,3719,0.07044581110093388
0,1,1374389534943,3721,0.07044581110093388
0,1,1374389534944,3720,0.0704070407040704
0,1,1374389534945,3721,0.07044581110093388
0,1,1374389534946,3722,0.06788993506092182
0,1,1374389534947,3722,0.06788993506092182
0,1,1374389534948,3723,0.0704070407040704
0,1,1374389534949,3723,0.0704070407040704
0,1,1374389534950,3724,0.0678075556990636
0,1,1374389534951,3728,0.0704070407040704
0,1,1374389534952,3724,0.0678075556990636
0,1,1374389534953,3728,0.0704070407040704
0,1,1374389534954,3732,0.06033963482094006
0,1,1374389534955,3732,0.06033963482094006
0,1,1374389534956,3736,0.060515800692224106
0,1,1374389534957,3736,0.060515800692224106
0,1,1374389534958,3737,0.07087486157253599
0,1,1374389534959,3740,0.06871617731721358
0,1,1374389534960,3740,0.06871617731721358
0,1,1374389534961,3744,0.0535603730296831
0,1,1374389534962,3744,0.0535603730296831
0,1,1374389534963,3748,0.06099074700970435
0,1,1374389534964,3748,0.06099074700970435
0,1,1374389534965,3752,0.06117076691324004
0,1,1374389534966,3756,0.07191011235955057
0,1,1374389534967,3752,0.06117076691324004
0,1,1374389534968,3756,0.07191011235955057
0,1,1374389534969,3760,0.07215332581736189
0,1,1374389534970,3760,0.07215332581736189
0,1,1374389534972,3764,0.07239819004524888
0,1,1374389534973,3764,0.07239819004524888
0,1,1374389534974,3768,0.07029263696195454
0,1,1374389534976,3768,0.07029263696195454
0,1,1374389534977,3772,0.06132982850179079
0,1,1374389534978,3772,0.06132982850179079
0,1,1374389534979,4606,1.3777777777777778
0,1,1374389534981,4606,1.3777777777777778
0,1,1374389534982,4607,0.6124542124542125
0,1,1374389534983,4607,0.6124542124542125
0,1,1374389534984,4609,0.14222222222222222
0,1,1374389534985,4608,1.28
0,1,1374389534986,4610,1.3061224489795917
0,1,1374389534987,4610,1.3061224489795917
0,1,1374389534988,4611,0.7064633260711692
0,1,1374389534989,4611,0.7064633260711692
0,1,1374389534990,4612,1.2549019607843137
0,1,1374389534991,4612,1.2549019607843137
0,1,1374389534992,4613,1.2549019607843137
0,1,1374389535121,4613,1.2549019607843137
0,1,1374389535122,4614,0.6991998593159237
0,1,1374389535123,4614,0.6991998593159237
0,1,1374389535124,4615,1.231224565297817
0,1,1374389535129,4616,0.9336704921221552
0,1,1374389535130,4615,1.231224565297817
0,1,1374389535131,4617,1.2307692307692308
0,1,1374389535132,4616,0.9336704921221552
0,1,1374389535137,4620,0.7144186046511628
0,1,1374389535138,4620,0.7144186046511628
0,1,1374389535139,4621,1.28
0,1,1374389535140,4621,1.28
0,1,1374389535145,4622,1.28
0,1,1374389535146,4623,0.6274900398406374
0,1,1374389535147,4623,0.6274900398406374
0,1,1374389535148,4624,0.14988290398126464
0,1,1374389535153,4625,0.9855484482350154
0,1,1374389535154,4625,0.9855484482350154
0,1,1374389535155,4626,0.5527293111905263
0,1,1374389535156,4627,0.9696969696969697
0,1,1374389535169,4626,0.5527293111905263
0,1,1374389535170,4628,0.5390622335890878
0,1,1374389535171,4632,0.5606778687347408
0,1,1374389535172,4628,0.5390622335890878
0,1,1374389535177,4632,0.5606778687347408
0,1,1374389535178,4633,0.7985739750445633
0,1,1374389535179,4634,0.9696969696969697
0,1,1374389535180,4633,0.7985739750445633
0,1,1374389535185,4634,0.9696969696969697
0,1,1374389535186,4635,0.9696969696969697
0,1,1374389535187,4635,0.9696969696969697
0,1,1374389535188,4636,0.9696969696969697
0,1,1374389535193,4636,0.9696969696969697
0,1,1374389535194,4637,0.9696969696969697
0,1,1374389535195,4638,0.9846153846153847
0,1,1374389535196,4640,0.8147453920649796
0,1,1374389535201,4639,0.9846153846153847
0,1,1374389535202,4640,0.8147453920649796
0,1,1374389535203,4641,0.9624604251469924
0,1,1374389535204,4641,0.9624604251469924
0,1,1374389535221,4642,0.9343563512361466
0,1,1374389535222,4642,0.9343563512361466
0,1,1374389535223,4643,0.9343563512361466
0,1,1374389535224,4643,0.9343563512361466
0,1,1374389535229,4644,0.9343563512361466
0,1,1374389535230,4645,0.14835164835164835
0,1,1374389535231,4644,0.9343563512361466
0,1,1374389535232,4645,0.14835164835164835
0,1,1374389535237,4646,0.15202672203665252
0,1,1374389535238,4646,0.15202672203665252
0,1,1374389535239,4647,0.14035087719298245
0,1,1374389535240,4650,0.15041315010383988
0,1,1374389535257,4651,0.14988290398126464
0,1,1374389535258,4650,0.15041315010383988
0,1,1374389535259,4654,0.15058823529411763
0,1,1374389535260,4654,0.15058823529411763
0,1,1374389535265,4655,0.14783439048721547
0,1,1374389535266,4655,0.14783439048721547
0,1,1374389535267,4658,0.14817673162261238
0,1,1374389535268,4658,0.14817673162261238
0,1,1374389535273,4659,0.15023474178403756
0,1,1374389535274,4659,0.15023474178403756
0,1,1374389535275,4660,0.1500588228826511
0,1,1374389535276,4660,0.1500588228826511
0,1,1374389535281,4661,0.14953271028037382
0,1,1374389535282,4661,0.14953271028037382
0,1,1374389535283,4662,0.14953271028037382
0,1,1374389535284,4664,0.1486645443263368
0,1,1374389535290,4664,0.1486645443263368
0,1,1374389535291,4665,0.14284718973634183
0,1,1374389535292,4665,0.14284718973634183
0,1,1374389535293,4666,0.14662104003526966
0,1,1374389535294,4666,0.14662104003526966
0,1,1374389535295,4667,0.14114446711357231
0,1,1374389535296,4667,0.14114446711357231
0,1,1374389535297,4668,0.13617021276595745
0,1,1374389535298,4672,0.14645308924485126
0,1,1374389535299,4683,0.14883720930232558
0,1,1374389535300,4683,0.14883720930232558
0,1,1374389535301,4684,0.14883720930232558
0,1,1374389535446,4688,0.1500588228826511
0,1,1374389535447,4688,0.1500588228826511
0,1,1374389535451,4689,0.14749362786745962
0,1,1374389535452,4689,0.14749362786745962
0,1,1374389535461,4693,0.14852066226948446
0,1,1374389535462,4693,0.14852066226948446
0,1,1374389535463,4694,0.1493600566417951
0,1,1374389535464,4694,0.1493600566417951
0,1,1374389535465,4695,0.14695771380364864
0,1,1374389535466,4696,0.1451277014762671
0,1,1374389535467,4695,0.14695771380364864
0,1,1374389535468,4696,0.1451277014762671
0,1,1374389535469,4697,0.13431284463470922
0,1,1374389535470,4698,0.14398218443162264
0,1,1374389535471,4697,0.13431284463470922
0,1,1374389535472,4698,0.14398218443162264
0,1,1374389535473,4699,0.14349847924993087
0,1,1374389535474,4699,0.14349847924993087
0,1,1374389535475,4700,0.14333724581414714
0,1,1374389535476,4700,0.14333724581414714
0,1,1374389535477,4701,0.14349775784753363
0,1,1374389535478,4702,0.14349775784753363
0,1,1374389535479,4703,0.13389121338912133
0,1,1374389535480,4706,0.13417190775681342
0,1,1374389535481,4707,0.14430683505175604
0,1,1374389535482,4708,0.1438209509958389
0,1,1374389535483,4707,0.14430683505175604
0,1,1374389535484,4708,0.1438209509958389
0,1,1374389535485,4709,0.14349775784753363
0,1,1374389535486,4709,0.14349775784753363
0,1,1374389535487,4713,0.14446952595936793
0,1,1374389535488,5060,0.6666666666666666
0,1,1374389535489,5066,0.6275104206138689
0,1,1374389535490,5066,0.6275104206138689
0,1,1374389535491,5070,0.7032967032967034
0,1,1374389535492,5073,0.7032967032967034
0,1,1374389535493,5074,0.6666666666666666
0,1,1374389535494,5075,0.6368316831683168
0,1,1374389535495,5075,0.6368316831683168
0,1,1374389535623,5079,0.64
0,1,1374389535624,5078,0.6464646464646465
0,1,1374389535625,5080,0.64
0,1,1374389535626,5080,0.64
0,1,1374389535627,5081,0.5490196078431373
0,1,1374389535628,5081,0.5490196078431373
0,1,1374389535629,5082,0.5459737292975442
0,1,1374389535630,5082,0.5459737292975442
0,1,1374389535631,5085,0.6336633663366337
0,1,1374389535632,5085,0.6336633663366337
0,1,1374389535633,5086,0.6336633663366337
0,1,1374389535634,5090,0.6465306122448979
0,1,1374389535635,5090,0.6465306122448979
0,1,1374389535636,5095,0.6666666666666666
0,1,1374389535637,5091,0.6464646464646465
0,1,1374389535638,5098,0.6597938144329897
0,1,1374389535639,5099,0.6666666666666666
0,1,1374389535640,5100,0.5378151260504201
0,1,1374389535641,5101,0.6433622954132148
0,1,1374389535642,5101,0.6433622954132148
0,1,1374389535643,5105,0.6530612244897959
0,1,1374389535644,5109,0.49615384615384617
0,1,1374389535645,5109,0.49615384615384617
0,1,1374389535646,5110,0.6632302405498282
0,1,1374389535647,5110,0.6632302405498282
0,1,1374389535648,5111,0.6464646464646465
0,1,1374389535649,5112,0.6530612244897959
0,1,1374389535650,5113,0.6530612244897959
0,1,1374389535696,5114,0.6597938144329897
0,1,1374389535697,5115,0.6095238095238096
0,1,1374389535698,5117,0.6666666666666666
0,1,1374389535699,5120,0.6666666666666666
0,1,1374389535701,5126,0.6373626373626373
0,1,1374389535702,5126,0.6373626373626373
0,1,1374389535703,5131,0.5871559633027523
0,1,1374389535704,5135,0.5981308411214953
0,1,1374389535705,5136,0.7529411764705882
0,1,1374389535706,5138,0.7529411764705882
0,1,1374389535707,5137,0.7529411764705882
0,1,1374389535708,5139,0.7441860465116279
0,1,1374389535709,5140,0.5378151260504201
0,1,1374389535710,5142,0.7529411764705882
0,1,1374389535711,5142,0.7529411764705882
0,1,1374389535712,5143,0.6348228043143298
0,1,1374389535713,5143,0.6348228043143298
0,1,1374389535714,5144,0.6888888888888889
0,1,1374389535715,5144,0.6888888888888889
0,1,1374389535716,5145,0.6666666666666666
0,1,1374389535717,5146,0.6464646464646465
0,1,1374389535718,5147,0.6274509803921569
0,1,1374389535719,5148,0.4740740740740741
0,1,1374389535720,5150,0.4740740740740741
0,1,1374389535721,5151,0.6305571733643953
0,1,1374389535722,5151,0.6305571733643953
0,1,1374389535723,5152,0.6245239908606246
0,1,1374389535724,5152,0.6245239908606246
0,1,1374389535725,5153,0.6183719193427931
0,1,1374389535726,5153,0.6183719193427931
0,1,1374389535727,5157,0.64
0,1,1374389535728,5160,0.48854961832061067
0,1,1374389535729,5166,0.6845115534202699
0,1,1374389535730,5166,0.6845115534202699
0,1,1374389535731,5170,0.6956521739130435
0,1,1374389535732,5173,0.7032967032967034
0,1,1374389535733,5175,0.5871559633027523
0,1,1374389535734,5176,0.574002574002574
0,1,1374389535735,5176,0.574002574002574
0,1,1374389535736,5179,0.7191011235955056
0,1,1374389535737,5180,0.6956521739130435
0,1,1374389535738,5181,0.6323743097936647
0,1,1374389535739,5181,0.6323743097936647
0,1,1374389535740,5182,0.6845115534202699
0,1,1374389535741,5182,0.6845115534202699
0,1,1374389535742,5183,0.6701754385964912
0,1,1374389535743,5183,0.6701754385964912
0,1,1374389535744,5186,0.6845115534202699
0,1,1374389535745,5186,0.6845115534202699
0,1,1374389535774,5191,0.669281045751634
0,1,1374389535775,5187,0.6881720430107527
0,1,1374389535776,5191,0.669281045751634
0,1,1374389535777,5192,0.6808510638297872
0,1,1374389535778,5195,0.6881720430107527
0,1,1374389535779,5198,0.6666666666666666
0,1,1374389535781,5199,0.5
0,1,1374389535782,5200,0.6530612244897959
0,1,1374389535783,5201,0.64
0,1,1374389535784,5202,0.64
0,1,1374389535785,5203,0.64
0,1,1374389535786,5206,0.6498969072164948
0,1,1374389535787,5206,0.6498969072164948
0,1,1374389535788,5207,0.5574331869277154
0,1,1374389535789,5208,0.47761194029850745
0,1,1374389535790,5207,0.5574331869277154
0,1,1374389535791,5209,0.64
0,1,1374389535792,5212,0.6597938144329897
0,1,1374389535793,5213,0.6597938144329897
0,1,1374389535794,5214,0.6597938144329897
0,1,1374389535795,5215,0.6530612244897959
0,1,1374389535796,5216,0.6597938144329897
0,1,1374389535797,5217,0.6597938144329897
0,1,1374389535798,5218,0.64
0,1,1374389535800,5219,0.6464646464646465
0,1,1374389535801,5221,0.5245901639344263
0,1,1374389535802,5222,0.64
0,1,1374389535803,5223,0.6244051018465638
0,1,1374389535804,5223,0.6244051018465638
0,1,1374389535805,5224,0.47058823529411764
0,1,1374389535806,5227,0.6336633663366337
0,1,1374389535807,5230,0.48854961832061067
0,1,1374389535808,5236,0.6533333333333333
0,1,1374389535809,5236,0.6533333333333333
0,1,1374389535810,5241,0.6736842105263158
0,1,1374389535811,5245,0.6956521739130435
0,1,1374389535857,5246,0.7032967032967034
0,1,1374389535858,5247,0.7032967032967034
0,1,1374389535859,5248,0.5161290322580645
0,1,1374389535860,5249,0.6956521739130435
0,1,1374389535862,5249,0.6956521739130435
0,1,1374389535863,5252,0.6085488314227318
0,1,1374389535864,5252,0.6085488314227318
0,1,1374389535865,5253,0.6536737884314747
0,1,1374389535866,5253,0.6536737884314747
0,1,1374389535867,5255,0.609745032211233
0,1,1374389535868,5254,0.64
0,1,1374389535869,5255,0.609745032211233
0,1,1374389535870,5258,0.463768115942029
0,1,1374389535871,5261,0.6153846153846154
0,1,1374389535872,5260,0.46715328467153283
0,1,1374389535873,5262,0.6153846153846154
0,1,1374389535874,5263,0.6153846153846154
0,1,1374389535875,5264,0.6095238095238096
0,1,1374389535876,5268,0.6336633663366337
0,1,1374389535877,5269,0.6336633663366337
0,1,1374389535878,5270,0.64
0,1,1374389535879,5271,0.64
0,1,1374389535880,5272,0.48484848484848486
0,1,1374389535881,5274,0.48484848484848486
0,1,1374389535882,5275,0.6432323232323233
0,1,1374389535883,5276,0.6368316831683168
0,1,1374389535884,5275,0.6432323232323233
0,1,1374389535885,5276,0.6368316831683168
0,1,1374389535886,5277,0.6336633663366337
0,1,1374389535887,5277,0.6336633663366337
0,1,1374389535888,5281,0.6530612244897959
0,1,1374389535889,5284,0.6736842105263158
0,1,1374389535890,5290,0.633816425120773
0,1,1374389535891,5290,0.633816425120773
0,1,1374389535892,5294,0.7111111111111111
0,1,1374389535893,5297,0.7111111111111111
0,1,1374389535894,5298,0.6736842105263158
0,1,1374389535895,5299,0.6432323232323233
0,1,1374389535896,5299,0.6432323232323233
0,1,1374389535943,5302,0.6530612244897959
0,1,1374389535944,5303,0.6464646464646465
0,1,1374389535945,5304,0.6464646464646465
0,1,1374389535946,5304,0.6464646464646465
0,1,1374389535947,5305,0.5538687202053538
0,1,1374389535948,5305,0.5538687202053538
0,1,1374389535949,5306,0.5507625272331155
0,1,1374389535950,5306,0.5507625272331155
0,1,1374389535951,5309,0.64
0,1,1374389535952,5309,0.64
0,1,1374389535953,5310,0.64
0,1,1374389535954,5314,0.6531292304488181
0,1,1374389535955,5314,0.6531292304488181
0,1,1374389535956,5318,0.6666666666666666
0,1,1374389535957,5315,0.6530612244897959
0,1,1374389535958,5321,0.6597938144329897
0,1,1374389535959,5322,0.6666666666666666
0,1,1374389535960,5323,0.5378151260504201
0,1,1374389535961,5324,0.6433622954132148
0,1,1374389535962,5324,0.6433622954132148
0,1,1374389535963,5328,0.6530612244897959
0,1,1374389535964,5332,0.49615384615384617
0,1,1374389535965,5332,0.49615384615384617
0,1,1374389535966,5333,0.6632302405498282
0,1,1374389535967,5333,0.6632302405498282
0,1,1374389535968,5334,0.6464646464646465
0,1,1374389535969,5335,0.6530612244897959
0,1,1374389535970,5336,0.6530612244897959
0,1,1374389536016,5337,0.6597938144329897
0,1,1374389536017,5338,0.6095238095238096
0,1,1374389536018,5341,0.6736842105263158
0,1,1374389536019,5344,0.6736842105263158
0,1,1374389536021,5350,0.6438438438438439
0,1,1374389536022,5350,0.6438438438438439
0,1,1374389536023,5354,0.5871559633027523
0,1,1374389536024,5358,0.5981308411214953
0,1,1374389536025,5359,0.7529411764705882
0,1,1374389536026,5361,0.7529411764705882
0,1,1374389536027,5360,0.7529411764705882
0,1,1374389536028,5362,0.7441860465116279
0,1,1374389536029,5363,0.5378151260504201
0,1,1374389536030,5365,0.7529411764705882
0,1,1374389536031,5365,0.7529411764705882
0,1,1374389536032,5366,0.6348228043143298
0,1,1374389536033,5366,0.6348228043143298
0,1,1374389536034,5367,0.6888888888888889
0,1,1374389536035,5367,0.6888888888888889
0,1,1374389536036,5368,0.6666666666666666
0,1,1374389536037,5369,0.6464646464646465
0,1,1374389536038,5370,0.6274509803921569
0,1,1374389536039,5371,0.4740740740740741
0,1,1374389536040,5373,0.4740740740740741
0,1,1374389536041,5374,0.6305571733643953
0,1,1374389536042,5374,0.6305571733643953
0,1,1374389536043,5375,0.6245239908606246
0,1,1374389536044,5375,0.6245239908606246
0,1,1374389536045,5376,0.6183719193427931
0,1,1374389536046,5376,0.6183719193427931
0,1,1374389536047,5380,0.64
0,1,1374389536048,5383,0.48854961832061067
0,1,1374389536049,5389,0.6845115534202699
0,1,1374389536050,5389,0.6845115534202699
0,1,1374389536051,5393,0.6956521739130435
0,1,1374389536052,5396,0.7032967032967034
0,1,1374389536053,5398,0.5871559633027523
0,1,1374389536054,5399,0.574002574002574
0,1,1374389536055,5399,0.574002574002574
0,1,1374389536056,5402,0.7191011235955056
0,1,1374389536057,5403,0.6956521739130435
0,1,1374389536058,5404,0.6323743097936647
0,1,1374389536059,5404,0.6323743097936647
0,1,1374389536060,5405,0.6845115534202699
0,1,1374389536061,5405,0.6845115534202699
0,1,1374389536062,5406,0.6701754385964912
0,1,1374389536063,5406,0.6701754385964912
0,1,1374389536064,5409,0.6845115534202699
0,1,1374389536065,5409,0.6845115534202699
0,1,1374389536110,5414,0.669281045751634
0,1,1374389536111,5410,0.6881720430107527
0,1,1374389536112,5414,0.669281045751634
0,1,1374389536113,5415,0.6808510638297872
0,1,1374389536114,5418,0.6881720430107527
0,1,1374389536115,5421,0.6666666666666666
0,1,1374389536117,5422,0.5
0,1,1374389536118,5423,0.6530612244897959
0,1,1374389536119,5424,0.64
0,1,1374389536120,5425,0.6095238095238096
0,1,1374389536121,5426,0.6153846153846154
0,1,1374389536122,5429,0.6274509803921569
0,1,1374389536123,5429,0.6274509803921569
0,1,1374389536124,5430,0.6244051018465638
0,1,1374389536125,5431,0.6153846153846154
0,1,1374389536126,5430,0.6244051018465638
0,1,1374389536127,5432,0.6213592233009708
0,1,1374389536128,5435,0.6336633663366337
0,1,1374389536129,5436,0.6153846153846154
0,1,1374389536130,5437,0.6213592233009708
0,1,1374389536131,5438,0.6037735849056604
0,1,1374389536132,5439,0.5871559633027523
0,1,1374389536133,5440,0.4507042253521127
0,1,1374389536134,5441,0.44755244755244755
0,1,1374389536136,5442,0.5871559633027523
0,1,1374389536137,5444,0.5925925925925926
0,1,1374389536138,5445,0.5981308411214953
0,1,1374389536139,5446,0.5173542054275999
0,1,1374389536140,5446,0.5173542054275999
0,1,1374389536141,5447,0.5818181818181818
0,1,1374389536142,5450,0.45390070921985815
0,1,1374389536143,5453,0.6095238095238096
0,1,1374389536144,5459,0.6432323232323233
0,1,1374389536145,5459,0.6432323232323233
0,1,1374389536146,5464,0.6666666666666666
0,1,1374389536147,5468,0.6808510638297872
0,1,1374389536195,5469,0.6881720430107527
0,1,1374389536196,5470,0.6881720430107527
0,1,1374389536197,5471,0.6666666666666666
0,1,1374389536198,5472,0.6035087719298246
0,1,1374389536226,5472,0.6035087719298246
0,1,1374389536227,5475,0.6565656565656566
0,1,1374389536228,5475,0.6565656565656566
0,1,1374389536229,5476,0.6222977437930709
0,1,1374389536230,5477,0.64
0,1,1374389536231,5476,0.6222977437930709
0,1,1374389536232,5478,0.609745032211233
0,1,1374389536233,5478,0.609745032211233
0,1,1374389536234,5481,0.6153846153846154
0,1,1374389536235,5483,0.6274509803921569
0,1,1374389536236,5484,0.6274509803921569
0,1,1374389536237,5485,0.6336633663366337
0,1,1374389536238,5486,0.6336633663366337
0,1,1374389536239,5487,0.47761194029850745
0,1,1374389536240,5491,0.6464646464646465
0,1,1374389536241,5492,0.6530612244897959
0,1,1374389536242,5493,0.49612403100775193
0,1,1374389536243,5494,0.64
0,1,1374389536244,5495,0.6274509803921569
0,1,1374389536245,5497,0.6037735849056604
0,1,1374389536246,5498,0.598339886413281
0,1,1374389536247,5498,0.598339886413281
0,1,1374389536248,5499,0.5048923679060665
0,1,1374389536249,5499,0.5048923679060665
0,1,1374389536250,5500,0.4998798365777457
0,1,1374389536251,5500,0.4998798365777457
0,1,1374389536252,5504,0.5765765765765766
0,1,1374389536253,5507,0.5871559633027523
0,1,1374389536254,5513,0.6095238095238096
0,1,1374389536255,5513,0.6095238095238096
0,1,1374389536256,5517,0.6274509803921569
0,1,1374389536257,5520,0.6464646464646465
0,1,1374389536258,5526,0.5923940358519015
0,1,1374389536259,5526,0.5923940358519015
0,1,1374389536260,5527,0.5833333333333333
0,1,1374389536261,5527,0.5833333333333333
0,1,1374389536262,5528,0.6632302405498282
0,1,1374389536263,5528,0.6632302405498282
0,1,1374389536264,5531,0.6701754385964912
0,1,1374389536265,5531,0.6701754385964912
0,1,1374389536266,5532,0.6736842105263158
0,1,1374389536267,5536,0.6956521739130435
0,1,1374389536268,5536,0.6956521739130435
0,1,1374389536269,5540,0.7191011235955056
0,1,1374389536270,5544,0.5818181818181818
0,1,1374389536271,5545,0.7272727272727273
0,1,1374389536272,5546,0.7111111111111111
0,1,1374389536273,5547,0.6736842105263158
0,1,1374389536274,5548,0.6432323232323233
0,1,1374389536275,5548,0.6432323232323233
0,1,1374389536322,5551,0.6530612244897959
0,1,1374389536323,5552,0.6530612244897959
0,1,1374389536324,5553,0.6564275194613928
0,1,1374389536325,5553,0.6564275194613928
0,1,1374389536326,5554,0.6564275194613928
0,1,1374389536327,5554,0.6564275194613928
0,1,1374389536328,5555,0.6465306122448979
0,1,1374389536329,5555,0.6465306122448979
0,1,1374389536330,5558,0.6564275194613928
0,1,1374389536331,5558,0.6564275194613928
0,1,1374389536332,5559,0.6336633663366337
0,1,1374389536333,5563,0.6467285903848117
0,1,1374389536334,5563,0.6467285903848117
0,1,1374389536335,5567,0.4740740740740741
0,1,1374389536336,5564,0.6153846153846154
0,1,1374389536337,5570,0.47761194029850745
0,1,1374389536338,5571,0.64
0,1,1374389536339,5572,0.64
0,1,1374389536340,5573,0.6369578134284017
0,1,1374389536341,5573,0.6369578134284017
0,1,1374389536342,5577,0.48484848484848486
0,1,1374389536343,5581,0.5813953488372092
0,1,1374389536344,5581,0.5813953488372092
0,1,1374389536345,5582,0.6666666666666666
0,1,1374389536346,5582,0.6666666666666666
0,1,1374389536347,5583,0.6666666666666666
0,1,1374389536348,5584,0.6666666666666666
0,1,1374389536349,5585,0.6597938144329897
0,1,1374389536395,5586,0.6666666666666666
0,1,1374389536396,5587,0.6666666666666666
0,1,1374389536397,5590,0.6597938144329897
0,1,1374389536398,5593,0.6808510638297872
0,1,1374389536400,5599,0.6335403726708074
0,1,1374389536401,5599,0.6335403726708074
0,1,1374389536402,5603,0.7032967032967034
0,1,1374389536403,5607,0.7272727272727273
0,1,1374389536404,5609,0.6666666666666666
0,1,1374389536405,5608,0.6736842105263158
0,1,1374389536406,5610,0.7272727272727273
0,1,1374389536407,5611,0.7272727272727273
0,1,1374389536408,5612,0.7111111111111111
0,1,1374389536409,5614,0.7231869254341164
0,1,1374389536410,5614,0.7231869254341164
0,1,1374389536411,5615,0.6935332708528585
0,1,1374389536412,5615,0.6935332708528585
0,1,1374389536413,5616,0.7033816425120774
0,1,1374389536414,5616,0.7033816425120774
0,1,1374389536415,5617,0.6881720430107527
0,1,1374389536416,5618,0.5079365079365079
0,1,1374389536417,5619,0.49612403100775193
0,1,1374389536418,5620,0.49612403100775193
0,1,1374389536419,5622,0.6956521739130435
0,1,1374389536420,5623,0.6919121084618981
0,1,1374389536421,5623,0.6919121084618981
0,1,1374389536422,5624,0.5904255319148937
0,1,1374389536423,5624,0.5904255319148937
0,1,1374389536424,5625,0.6736842105263158
0,1,1374389536425,5625,0.6736842105263158
0,1,1374389536426,5629,0.512
0,1,1374389536427,5632,0.6956521739130435
0,1,1374389536428,5638,0.6963926670609106
0,1,1374389536429,5638,0.6963926670609106
0,1,1374389536430,5642,0.7032967032967034
0,1,1374389536431,5645,0.6956521739130435
0,1,1374389536432,5646,0.6568421052631579
0,1,1374389536433,5646,0.6568421052631579
0,1,1374389536434,5647,0.6372102238953834
0,1,1374389536435,5647,0.6372102238953834
0,1,1374389536436,5648,0.6531292304488181
0,1,1374389536437,5648,0.6531292304488181
0,1,1374389536438,5651,0.6530612244897959
0,1,1374389536439,5651,0.6530612244897959
0,1,1374389536440,5652,0.6530612244897959
0,1,1374389536441,5656,0.5904255319148937
0,1,1374389536442,5656,0.5904255319148937
0,1,1374389536443,5660,0.6956521739130435
0,1,1374389536444,5664,0.7191011235955056
0,1,1374389536445,5665,0.7111111111111111
0,1,1374389536446,5666,0.7032967032967034
0,1,1374389536447,5667,0.5161290322580645
0,1,1374389536448,5668,0.509968253968254
0,1,1374389536449,5668,0.509968253968254
0,1,1374389536450,5671,0.7111111111111111
0,1,1374389536451,5672,0.6881720430107527
0,1,1374389536452,5673,0.6261398176291793
0,1,1374389536453,5673,0.6261398176291793
0,1,1374389536454,5674,0.6772676371780515
0,1,1374389536455,5674,0.6772676371780515
0,1,1374389536456,5675,0.6632302405498282
0,1,1374389536457,5675,0.6632302405498282
0,1,1374389536458,5678,0.6772676371780515
0,1,1374389536459,5678,0.6772676371780515
0,1,1374389536504,5679,0.6808510638297872
0,1,1374389536505,5683,0.662327963298837
0,1,1374389536506,5683,0.662327963298837
0,1,1374389536507,5684,0.6808510638297872
0,1,1374389536508,5687,0.6808510638297872
0,1,1374389536509,5690,0.6597938144329897
0,1,1374389536511,5691,0.6153846153846154
0,1,1374389536512,5693,0.6336633663366337
0,1,1374389536513,5692,0.64
0,1,1374389536514,5694,0.6037735849056604
0,1,1374389536515,5695,0.6095238095238096
0,1,1374389536516,5698,0.6213592233009708
0,1,1374389536517,5698,0.6213592233009708
0,1,1374389536518,5699,0.6183719193427931
0,1,1374389536519,5700,0.6095238095238096
0,1,1374389536520,5699,0.6183719193427931
0,1,1374389536521,5701,0.6153846153846154
0,1,1374389536522,5704,0.6274509803921569
0,1,1374389536523,5706,0.6153846153846154
0,1,1374389536524,5707,0.6213592233009708
0,1,1374389536525,5708,0.6037735849056604
0,1,1374389536526,5709,0.5871559633027523
0,1,1374389536527,5710,0.4507042253521127
0,1,1374389536528,5711,0.44755244755244755
0,1,1374389536530,5712,0.5871559633027523
0,1,1374389536531,5714,0.5925925925925926
0,1,1374389536532,5715,0.5981308411214953
0,1,1374389536533,5716,0.5173542054275999
0,1,1374389536534,5716,0.5173542054275999
0,1,1374389536535,5717,0.5818181818181818
0,1,1374389536536,5720,0.45390070921985815
0,1,1374389536537,5723,0.6095238095238096
0,1,1374389536538,5729,0.6432323232323233
0,1,1374389536539,5729,0.6432323232323233
0,1,1374389536540,5733,0.6597938144329897
0,1,1374389536541,5737,0.6736842105263158
0,1,1374389536587,5738,0.6808510638297872
0,1,1374389536588,5739,0.6808510638297872
0,1,1374389536589,5740,0.6597938144329897
0,1,1374389536590,5741,0.5977961432506886
0,1,1374389536618,5741,0.5977961432506886
0,1,1374389536619,5745,0.6565656565656566
0,1,1374389536620,5745,0.6565656565656566
0,1,1374389536621,5746,0.6222977437930709
0,1,1374389536622,5747,0.64
0,1,1374389536623,5746,0.6222977437930709
0,1,1374389536624,5748,0.609745032211233
0,1,1374389536625,5748,0.609745032211233
0,1,1374389536626,5751,0.6153846153846154
0,1,1374389536627,5753,0.6274509803921569
0,1,1374389536628,5754,0.6274509803921569
0,1,1374389536629,5755,0.6336633663366337
0,1,1374389536630,5756,0.6336633663366337
0,1,1374389536631,5757,0.47761194029850745
0,1,1374389536632,5761,0.6464646464646465
0,1,1374389536633,5762,0.6530612244897959
0,1,1374389536634,5763,0.49612403100775193
0,1,1374389536635,5764,0.64
0,1,1374389536636,5765,0.6274509803921569
0,1,1374389536637,5767,0.6037735849056604
0,1,1374389536638,5768,0.598339886413281
0,1,1374389536639,5768,0.598339886413281
0,1,1374389536640,5769,0.5048923679060665
0,1,1374389536641,5769,0.5048923679060665
0,1,1374389536642,5770,0.4998798365777457
0,1,1374389536643,5770,0.4998798365777457
0,1,1374389536644,5774,0.5765765765765766
0,1,1374389536645,5777,0.5871559633027523
0,1,1374389536646,5783,0.6095238095238096
0,1,1374389536647,5783,0.6095238095238096
0,1,1374389536648,5787,0.6274509803921569
0,1,1374389536649,5790,0.6464646464646465
0,1,1374389536650,5796,0.5923940358519015
0,1,1374389536651,5796,0.5923940358519015
0,1,1374389536652,5797,0.5833333333333333
0,1,1374389536653,5797,0.5833333333333333
0,1,1374389536654,5798,0.6632302405498282
0,1,1374389536655,5798,0.6632302405498282
0,1,1374389536656,5801,0.6701754385964912
0,1,1374389536657,5801,0.6701754385964912
0,1,1374389536658,5802,0.6736842105263158
0,1,1374389536659,5806,0.6956521739130435
0,1,1374389536660,5806,0.6956521739130435
0,1,1374389536661,5810,0.7191011235955056
0,1,1374389536662,5814,0.5818181818181818
0,1,1374389536663,5815,0.7272727272727273
0,1,1374389536664,5816,0.7111111111111111
0,1,1374389536665,5817,0.6736842105263158
0,1,1374389536666,5818,0.6432323232323233
0,1,1374389536667,5818,0.6432323232323233
0,1,1374389536714,5821,0.6530612244897959
0,1,1374389536715,5822,0.6213592233009708
0,1,1374389536716,5823,0.6244051018465638
0,1,1374389536717,5823,0.6244051018465638
0,1,1374389536718,5824,0.6244051018465638
0,1,1374389536719,5824,0.6244051018465638
0,1,1374389536720,5825,0.6154415164123902
0,1,1374389536721,5825,0.6154415164123902
0,1,1374389536722,5828,0.6244051018465638
0,1,1374389536723,5828,0.6244051018465638
0,1,1374389536724,5829,0.6037735849056604
0,1,1374389536725,5833,0.6156122826489085
0,1,1374389536726,5833,0.6156122826489085
0,1,1374389536727,5837,0.45714285714285713
0,1,1374389536728,5834,0.5871559633027523
0,1,1374389536729,5840,0.460431654676259
0,1,1374389536730,5841,0.6095238095238096
0,1,1374389536731,5842,0.6095238095238096
0,1,1374389536732,5843,0.6067577282530554
0,1,1374389536733,5843,0.6067577282530554
0,1,1374389536734,5847,0.46715328467153283
0,1,1374389536735,5851,0.5556376533175705
0,1,1374389536736,5851,0.5556376533175705
0,1,1374389536737,5852,0.6336633663366337
0,1,1374389536738,5852,0.6336633663366337
0,1,1374389536739,5853,0.6336633663366337
0,1,1374389536740,5854,0.6336633663366337
0,1,1374389536741,5855,0.6274509803921569
0,1,1374389536787,5856,0.6336633663366337
0,1,1374389536788,5857,0.6336633663366337
0,1,1374389536789,5860,0.6274509803921569
0,1,1374389536790,5863,0.6464646464646465
0,1,1374389536817,5869,0.6034011807207684
0,1,1374389536818,5869,0.6034011807207684
0,1,1374389536819,5873,0.6666666666666666
0,1,1374389536820,5877,0.6881720430107527
0,1,1374389536821,5879,0.6336633663366337
0,1,1374389536822,5878,0.64
0,1,1374389536823,5880,0.6881720430107527
0,1,1374389536824,5881,0.6881720430107527
0,1,1374389536825,5882,0.6736842105263158
0,1,1374389536826,5884,0.6845115534202699
0,1,1374389536827,5884,0.6845115534202699
0,1,1374389536828,5885,0.6578115117014548
0,1,1374389536829,5885,0.6578115117014548
0,1,1374389536830,5886,0.6667390124796527
0,1,1374389536831,5886,0.6667390124796527
0,1,1374389536832,5887,0.6530612244897959
0,1,1374389536833,5888,0.48854961832061067
0,1,1374389536834,5889,0.47761194029850745
0,1,1374389536835,5890,0.47761194029850745
0,1,1374389536836,5892,0.6597938144329897
0,1,1374389536837,5893,0.6564275194613928
0,1,1374389536838,5893,0.6564275194613928
0,1,1374389536839,5894,0.5638338269917218
0,1,1374389536840,5894,0.5638338269917218
0,1,1374389536841,5895,0.64
0,1,1374389536842,5895,0.64
0,1,1374389536843,5899,0.49230769230769234
0,1,1374389536844,5902,0.6597938144329897
0,1,1374389536845,5908,0.6604255319148936
0,1,1374389536846,5908,0.6604255319148936
0,1,1374389536847,5912,0.6666666666666666
0,1,1374389536848,5915,0.6597938144329897
0,1,1374389536849,5921,0.6568421052631579
0,1,1374389536850,5921,0.6568421052631579
0,1,1374389536851,5922,0.6372102238953834
0,1,1374389536852,5922,0.6372102238953834
0,1,1374389536853,5923,0.6531292304488181
0,1,1374389536854,5923,0.6531292304488181
0,1,1374389536855,5926,0.6530612244897959
0,1,1374389536856,5926,0.6530612244897959
0,1,1374389536857,5927,0.6530612244897959
0,1,1374389536858,5931,0.5904255319148937
0,1,1374389536859,5931,0.5904255319148937
0,1,1374389536860,5935,0.6956521739130435
0,1,1374389536861,5939,0.7191011235955056
0,1,1374389536862,5940,0.7111111111111111
0,1,1374389536863,5941,0.7032967032967034
0,1,1374389536864,5942,0.5161290322580645
0,1,1374389536865,5943,0.509968253968254
0,1,1374389536866,5943,0.509968253968254
0,1,1374389536867,5946,0.7111111111111111
0,1,1374389536868,5947,0.6881720430107527
0,1,1374389536869,5948,0.6261398176291793
0,1,1374389536870,5948,0.6261398176291793
0,1,1374389536871,5949,0.6772676371780515
0,1,1374389536872,5949,0.6772676371780515
0,1,1374389536873,5950,0.6632302405498282
0,1,1374389536874,5950,0.6632302405498282
0,1,1374389536875,5953,0.6772676371780515
0,1,1374389536876,5953,0.6772676371780515
0,1,1374389537011,5954,0.6808510638297872
0,1,1374389537012,5958,0.662327963298837
0,1,1374389537013,5958,0.662327963298837
0,1,1374389537022,5959,0.6808510638297872
0,1,1374389537023,5962,0.6808510638297872
0,1,1374389537024,5965,0.6597938144329897
0,1,1374389537050,5966,0.6153846153846154
0,1,1374389537051,5968,0.6336633663366337
0,1,1374389537052,5967,0.64
0,1,1374389537057,5969,0.6037735849056604
0,1,1374389537058,5970,0.6095238095238096
0,1,1374389537059,5973,0.6213592233009708
0,1,1374389537060,5973,0.6213592233009708
0,1,1374389537061,5974,0.6183719193427931
0,1,1374389537062,5975,0.6095238095238096
0,1,1374389537063,5974,0.6183719193427931
0,1,1374389537064,5976,0.6153846153846154
0,1,1374389537065,5979,0.6274509803921569
0,1,1374389537066,5981,0.6153846153846154
0,1,1374389537067,5982,0.6213592233009708
0,1,1374389537068,5983,0.6037735849056604
0,1,1374389537069,5984,0.5871559633027523
0,1,1374389537070,5985,0.4507042253521127
0,1,1374389537071,5986,0.44755244755244755
0,1,1374389537073,5987,0.5871559633027523
0,1,1374389537074,5989,0.5925925925925926
0,1,1374389537075,5990,0.5981308411214953
0,1,1374389537080,5991,0.5173542054275999
0,1,1374389537081,5991,0.5173542054275999
0,1,1374389537082,5992,0.5818181818181818
0,1,1374389537083,5995,0.45390070921985815
0,1,1374389537092,5998,0.6095238095238096
0,1,1374389537093,6004,0.6432323232323233
0,1,1374389537094,6004,0.6432323232323233
0,1,1374389537095,6008,0.6597938144329897
0,1,1374389537104,6012,0.6736842105263158
0,1,1374389537222,6013,0.6808510638297872
0,1,1374389537223,6014,0.6808510638297872
0,1,1374389537224,6015,0.6597938144329897
0,1,1374389537225,6016,0.5977961432506886
0,1,1374389537253,6016,0.5977961432506886
0,1,1374389537254,6020,0.6565656565656566
0,1,1374389537255,6020,0.6565656565656566
0,1,1374389537256,6021,0.6222977437930709
0,1,1374389537257,6022,0.64
0,1,1374389537258,6021,0.6222977437930709
0,1,1374389537259,6023,0.609745032211233
0,1,1374389537260,6023,0.609745032211233
0,1,1374389537261,6026,0.6153846153846154
0,1,1374389537262,6028,0.6274509803921569
0,1,1374389537263,6029,0.6274509803921569
0,1,1374389537264,6030,0.6336633663366337
0,1,1374389537265,6031,0.6336633663366337
0,1,1374389537266,6032,0.47761194029850745
0,1,1374389537267,6036,0.6464646464646465
0,1,1374389537268,6037,0.6530612244897959
0,1,1374389537269,6038,0.49612403100775193
0,1,1374389537270,6039,0.64
0,1,1374389537271,6040,0.6274509803921569
0,1,1374389537272,6042,0.6037735849056604
0,1,1374389537273,6043,0.598339886413281
0,1,1374389537274,6043,0.598339886413281
0,1,1374389537275,6044,0.5048923679060665
0,1,1374389537276,6044,0.5048923679060665
0,1,1374389537277,6045,0.4998798365777457
0,1,1374389537278,6045,0.4998798365777457
0,1,1374389537279,6049,0.5765765765765766
0,1,1374389537280,6052,0.5871559633027523
0,1,1374389537281,6058,0.6095238095238096
0,1,1374389537282,6058,0.6095238095238096
0,1,1374389537283,6062,0.6274509803921569
0,1,1374389537284,6065,0.6464646464646465
0,1,1374389537285,6071,0.5923940358519015
0,1,1374389537286,6071,0.5923940358519015
0,1,1374389537287,6072,0.5833333333333333
0,1,1374389537288,6072,0.5833333333333333
0,1,1374389537289,6073,0.6632302405498282
0,1,1374389537290,6073,0.6632302405498282
0,1,1374389537291,6076,0.6701754385964912
0,1,1374389537292,6076,0.6701754385964912
0,1,1374389537293,6077,0.6736842105263158
0,1,1374389537294,6081,0.6956521739130435
0,1,1374389537295,6081,0.6956521739130435
0,1,1374389537296,6085,0.7191011235955056
0,1,1374389537297,6089,0.5818181818181818
0,1,1374389537298,6090,0.7272727272727273
0,1,1374389537299,6091,0.7111111111111111
0,1,1374389537300,6092,0.6736842105263158
0,1,1374389537301,6093,0.6432323232323233
0,1,1374389537302,6093,0.6432323232323233
0,1,1374389537349,6096,0.6530612244897959
0,1,1374389537350,6097,0.6213592233009708
0,1,1374389537351,6098,0.6244051018465638
0,1,1374389537352,6098,0.6244051018465638
0,1,1374389537353,6099,0.6244051018465638
0,1,1374389537354,6099,0.6244051018465638
0,1,1374389537355,6100,0.6154415164123902
0,1,1374389537356,6100,0.6154415164123902
0,1,1374389537357,6103,0.6244051018465638
0,1,1374389537358,6103,0.6244051018465638
0,1,1374389537359,6104,0.6037735849056604
0,1,1374389537360,6108,0.6156122826489085
0,1,1374389537361,6108,0.6156122826489085
0,1,1374389537362,6112,0.45714285714285713
0,1,1374389537363,6109,0.5871559633027523
0,1,1374389537364,6115,0.460431654676259
0,1,1374389537365,6116,0.6095238095238096
0,1,1374389537366,6117,0.6095238095238096
0,1,1374389537367,6118,0.6067577282530554
0,1,1374389537368,6118,0.6067577282530554
0,1,1374389537369,6122,0.46715328467153283
0,1,1374389537370,6126,0.5556376533175705
0,1,1374389537371,6126,0.5556376533175705
0,1,1374389537372,6127,0.6336633663366337
0,1,1374389537373,6127,0.6336633663366337
0,1,1374389537374,6128,0.6336633663366337
0,1,1374389537375,6129,0.6336633663366337
0,1,1374389537376,6130,0.6274509803921569
0,1,1374389537419,6131,0.6336633663366337
0,1,1374389537420,6132,0.6336633663366337
0,1,1374389537421,6135,0.6274509803921569
0,1,1374389537422,6138,0.6464646464646465
0,1,1374389537449,6144,0.6034011807207684
0,1,1374389537450,6144,0.6034011807207684
0,1,1374389537451,6148,0.6666666666666666
0,1,1374389537452,6152,0.6881720430107527
0,1,1374389537453,6154,0.6336633663366337
0,1,1374389537454,6153,0.64
0,1,1374389537455,6155,0.6881720430107527
0,1,1374389537456,6156,0.6881720430107527
0,1,1374389537457,6157,0.6736842105263158
0,1,1374389537458,6159,0.6845115534202699
0,1,1374389537459,6159,0.6845115534202699
0,1,1374389537460,6160,0.6578115117014548
0,1,1374389537461,6160,0.6578115117014548
0,1,1374389537462,6161,0.6667390124796527
0,1,1374389537463,6161,0.6667390124796527
0,1,1374389537464,6162,0.6530612244897959
0,1,1374389537465,6163,0.48854961832061067
0,1,1374389537466,6164,0.47761194029850745
0,1,1374389537467,6165,0.47761194029850745
0,1,1374389537468,6167,0.6597938144329897
0,1,1374389537469,6168,0.6564275194613928
0,1,1374389537470,6168,0.6564275194613928
0,1,1374389537471,6169,0.5638338269917218
0,1,1374389537472,6169,0.5638338269917218
0,1,1374389537473,6170,0.64
0,1,1374389537474,6170,0.64
0,1,1374389537475,6174,0.49230769230769234
0,1,1374389537476,6177,0.6597938144329897
0,1,1374389537477,6183,0.6604255319148936
0,1,1374389537478,6183,0.6604255319148936
0,1,1374389537479,6187,0.6666666666666666
0,1,1374389537480,6190,0.6597938144329897
0,1,1374389537481,6196,0.6568421052631579
0,1,1374389537482,6196,0.6568421052631579
0,1,1374389537483,6197,0.6372102238953834
0,1,1374389537484,6197,0.6372102238953834
0,1,1374389537485,6198,0.6531292304488181
0,1,1374389537486,6198,0.6531292304488181
0,1,1374389537487,6201,0.6530612244897959
0,1,1374389537488,6201,0.6530612244897959
0,1,1374389537489,6202,0.6530612244897959
0,1,1374389537490,6206,0.5904255319148937
0,1,1374389537491,6206,0.5904255319148937
0,1,1374389537492,6210,0.6956521739130435
0,1,1374389537493,6214,0.7191011235955056
0,1,1374389537494,6215,0.7111111111111111
0,1,1374389537495,6216,0.7032967032967034
0,1,1374389537496,6217,0.5161290322580645
0,1,1374389537497,6218,0.509968253968254
0,1,1374389537498,6218,0.509968253968254
0,1,1374389537499,6221,0.7111111111111111
0,1,1374389537500,6222,0.6881720430107527
0,1,1374389537501,6223,0.6261398176291793
0,1,1374389537502,6223,0.6261398176291793
0,1,1374389537503,6224,0.6772676371780515
0,1,1374389537504,6224,0.6772676371780515
0,1,1374389537505,6225,0.6632302405498282
0,1,1374389537506,6225,0.6632302405498282
0,1,1374389537507,6228,0.6772676371780515
0,1,1374389537508,6228,0.6772676371780515
0,1,1374389537553,6229,0.6808510638297872
0,1,1374389537554,6233,0.662327963298837
0,1,1374389537555,6233,0.662327963298837
0,1,1374389537556,6234,0.6808510638297872
0,1,1374389537557,6237,0.6808510638297872
0,1,1374389537558,6240,0.6597938144329897
0,1,1374389537560,6241,0.6153846153846154
0,1,1374389537561,6243,0.6336633663366337
0,1,1374389537562,6242,0.64
0,1,1374389537563,6244,0.6037735849056604
0,1,1374389537564,6245,0.6095238095238096
0,1,1374389537565,6248,0.6213592233009708
0,1,1374389537566,6248,0.6213592233009708
0,1,1374389537567,6249,0.6183719193427931
0,1,1374389537568,6250,0.6095238095238096
0,1,1374389537569,6249,0.6183719193427931
0,1,1374389537570,6251,0.6153846153846154
0,1,1374389537571,6254,0.6274509803921569
0,1,1374389537572,6256,0.6153846153846154
0,1,1374389537573,6257,0.6213592233009708
0,1,1374389537574,6258,0.6037735849056604
0,1,1374389537575,6259,0.5871559633027523
0,1,1374389537576,6260,0.4507042253521127
0,1,1374389537577,6261,0.44755244755244755
0,1,1374389537579,6262,0.5871559633027523
0,1,1374389537580,6264,0.5925925925925926
0,1,1374389537581,6265,0.5981308411214953
0,1,1374389537582,6266,0.5173542054275999
0,1,1374389537583,6266,0.5173542054275999
0,1,1374389537584,6267,0.5818181818181818
0,1,1374389537585,6270,0.45390070921985815
0,1,1374389537586,6273,0.6095238095238096
0,1,1374389537587,6279,0.6432323232323233
0,1,1374389537588,6279,0.6432323232323233
0,1,1374389537589,6283,0.6597938144329897
0,1,1374389537590,6287,0.6736842105263158
0,1,1374389537638,6288,0.6808510638297872
0,1,1374389537639,6289,0.6808510638297872
0,1,1374389537640,6290,0.6597938144329897
0,1,1374389537641,6291,0.5977961432506886
0,1,1374389537669,6291,0.5977961432506886
0,1,1374389537670,6295,0.6565656565656566
0,1,1374389537671,6295,0.6565656565656566
0,1,1374389537672,6296,0.6222977437930709
0,1,1374389537673,6297,0.64
0,1,1374389537674,6296,0.6222977437930709
0,1,1374389537675,6298,0.609745032211233
0,1,1374389537676,6298,0.609745032211233
0,1,1374389537677,6301,0.6153846153846154
0,1,1374389537678,6303,0.6274509803921569
0,1,1374389537679,6304,0.6274509803921569
0,1,1374389537680,6305,0.6336633663366337
0,1,1374389537681,6306,0.6336633663366337
0,1,1374389537682,6307,0.47761194029850745
0,1,1374389537683,6311,0.6464646464646465
0,1,1374389537684,6312,0.6530612244897959
0,1,1374389537685,6313,0.49612403100775193
0,1,1374389537686,6314,0.64
0,1,1374389537687,6315,0.6274509803921569
0,1,1374389537688,6317,0.6037735849056604
0,1,1374389537689,6318,0.598339886413281
0,1,1374389537690,6318,0.598339886413281
0,1,1374389537691,6319,0.5048923679060665
0,1,1374389537692,6319,0.5048923679060665
0,1,1374389537693,6320,0.4998798365777457
0,1,1374389537694,6320,0.4998798365777457
0,1,1374389537695,6324,0.5765765765765766
0,1,1374389537696,6327,0.5871559633027523
0,1,1374389537697,6333,0.6095238095238096
0,1,1374389537698,6333,0.6095238095238096
0,1,1374389537699,6337,0.6274509803921569
0,1,1374389537700,6340,0.6464646464646465
0,1,1374389537701,6346,0.5923940358519015
0,1,1374389537702,6346,0.5923940358519015
0,1,1374389537703,6347,0.5833333333333333
0,1,1374389537704,6347,0.5833333333333333
0,1,1374389537705,6348,0.6632302405498282
0,1,1374389537706,6348,0.6632302405498282
0,1,1374389537707,6351,0.6701754385964912
0,1,1374389537708,6351,0.6701754385964912
0,1,1374389537709,6352,0.6736842105263158
0,1,1374389537710,6356,0.6956521739130435
0,1,1374389537711,6356,0.6956521739130435
0,1,1374389537712,6360,0.7191011235955056
0,1,1374389537713,6364,0.5818181818181818
0,1,1374389537714,6365,0.7272727272727273
0,1,1374389537715,6366,0.7111111111111111
0,1,1374389537716,6367,0.6736842105263158
0,1,1374389537717,6368,0.6432323232323233
0,1,1374389537718,6368,0.6432323232323233
0,1,1374389537803,6371,0.6530612244897959
0,1,1374389537804,6372,0.6213592233009708
0,1,1374389537805,6373,0.6244051018465638
0,1,1374389537806,6373,0.6244051018465638
0,1,1374389537807,6374,0.6244051018465638
0,1,1374389537808,6374,0.6244051018465638
0,1,1374389537809,6375,0.6154415164123902
0,1,1374389537810,6375,0.6154415164123902
0,1,1374389537811,6378,0.6244051018465638
0,1,1374389537812,6378,0.6244051018465638
0,1,1374389537813,6379,0.6037735849056604
0,1,1374389537814,6383,0.6156122826489085
0,1,1374389537815,6383,0.6156122826489085
0,1,1374389537816,6387,0.45714285714285713
0,1,1374389537817,6384,0.5871559633027523
0,1,1374389537818,6390,0.460431654676259
0,1,1374389537819,6391,0.6095238095238096
0,1,1374389537820,6392,0.6095238095238096
0,1,1374389537821,6393,0.6067577282530554
0,1,1374389537822,6393,0.6067577282530554
0,1,1374389537823,6397,0.46715328467153283
0,1,1374389537824,6401,0.5556376533175705
0,1,1374389537825,6401,0.5556376533175705
0,1,1374389537826,6402,0.6336633663366337
0,1,1374389537827,6402,0.6336633663366337
0,1,1374389537828,6403,0.6336633663366337
0,1,1374389537829,6404,0.6336633663366337
0,1,1374389537830,6405,0.6274509803921569
0,1,1374389537873,6406,0.6336633663366337
0,1,1374389537874,6407,0.6336633663366337
0,1,1374389537875,6410,0.6274509803921569
0,1,1374389537876,6413,0.6464646464646465
0,1,1374389537903,6419,0.6034011807207684
0,1,1374389537904,6419,0.6034011807207684
0,1,1374389537905,6423,0.6666666666666666
0,1,1374389537906,6427,0.6881720430107527
0,1,1374389537907,6429,0.6336633663366337
0,1,1374389537908,6428,0.64
0,1,1374389537909,6430,0.6881720430107527
0,1,1374389537910,6431,0.6881720430107527
0,1,1374389537911,6432,0.6736842105263158
0,1,1374389537912,6434,0.6845115534202699
0,1,1374389537913,6434,0.6845115534202699
0,1,1374389537914,6435,0.6578115117014548
0,1,1374389537915,6435,0.6578115117014548
0,1,1374389537916,6436,0.6667390124796527
0,1,1374389537917,6436,0.6667390124796527
0,1,1374389537918,6437,0.6530612244897959
0,1,1374389537919,6438,0.48854961832061067
0,1,1374389537920,6439,0.47761194029850745
0,1,1374389537921,6440,0.47761194029850745
0,1,1374389537922,6442,0.6597938144329897
0,1,1374389537923,6443,0.6564275194613928
0,1,1374389537924,6443,0.6564275194613928
0,1,1374389537925,6444,0.5638338269917218
0,1,1374389537926,6444,0.5638338269917218
0,1,1374389537927,6445,0.64
0,1,1374389537928,6445,0.64
0,1,1374389537929,6449,0.49230769230769234
0,1,1374389537930,6452,0.6597938144329897
0,1,1374389537931,6458,0.6604255319148936
0,1,1374389537932,6458,0.6604255319148936
0,1,1374389537933,6462,0.6666666666666666
0,1,1374389537934,6465,0.6597938144329897
0,1,1374389537935,6471,0.6568421052631579
0,1,1374389537936,6471,0.6568421052631579
0,1,1374389537937,6472,0.6372102238953834
0,1,1374389537938,6472,0.6372102238953834
0,1,1374389537939,6473,0.6531292304488181
0,1,1374389537940,6473,0.6531292304488181
0,1,1374389537941,6476,0.6530612244897959
0,1,1374389537942,6476,0.6530612244897959
0,1,1374389537943,6477,0.6530612244897959
0,1,1374389537944,6481,0.5904255319148937
0,1,1374389537945,6481,0.5904255319148937
0,1,1374389537946,6485,0.6956521739130435
0,1,1374389537947,6489,0.7191011235955056
0,1,1374389537948,6490,0.7111111111111111
0,1,1374389537949,6491,0.7032967032967034
0,1,1374389537950,6492,0.5161290322580645
0,1,1374389537951,6493,0.509968253968254
0,1,1374389537952,6493,0.509968253968254
0,1,1374389537953,6496,0.7111111111111111
0,1,1374389537954,6497,0.6881720430107527
0,1,1374389537955,6498,0.6261398176291793
0,1,1374389537956,6498,0.6261398176291793
0,1,1374389537957,6499,0.6772676371780515
0,1,1374389537958,6499,0.6772676371780515
0,1,1374389537959,6500,0.6632302405498282
0,1,1374389537960,6500,0.6632302405498282
0,1,1374389537961,6503,0.6772676371780515
0,1,1374389537962,6503,0.6772676371780515
0,1,1374389538007,6504,0.6808510638297872
0,1,1374389538008,6508,0.662327963298837
0,1,1374389538009,6508,0.662327963298837
0,1,1374389538010,6509,0.6808510638297872
0,1,1374389538011,6512,0.6808510638297872
0,1,1374389538012,6515,0.6597938144329897
0,1,1374389538014,6516,0.6153846153846154
0,1,1374389538015,6518,0.6336633663366337
0,1,1374389538016,6517,0.64
0,1,1374389538017,6519,0.6037735849056604
0,1,1374389538018,6520,0.6095238095238096
0,1,1374389538019,6523,0.6213592233009708
0,1,1374389538020,6523,0.6213592233009708
0,1,1374389538021,6524,0.6183719193427931
0,1,1374389538022,6525,0.6095238095238096
0,1,1374389538023,6524,0.6183719193427931
0,1,1374389538024,6526,0.6153846153846154
0,1,1374389538025,6529,0.6274509803921569
0,1,1374389538026,6531,0.6153846153846154
0,1,1374389538027,6532,0.6213592233009708
0,1,1374389538028,6533,0.6037735849056604
0,1,1374389538029,6534,0.5871559633027523
0,1,1374389538030,6535,0.4507042253521127
0,1,1374389538031,6536,0.44755244755244755
0,1,1374389538033,6537,0.5871559633027523
0,1,1374389538034,6539,0.5925925925925926
0,1,1374389538035,6540,0.5981308411214953
0,1,1374389538036,6541,0.5173542054275999
0,1,1374389538037,6541,0.5173542054275999
0,1,1374389538038,6542,0.5818181818181818
0,1,1374389538039,6545,0.45390070921985815
0,1,1374389538040,6548,0.6095238095238096
0,1,1374389538041,6554,0.6432323232323233
0,1,1374389538042,6554,0.6432323232323233
0,1,1374389538043,6558,0.6597938144329897
0,1,1374389538044,6562,0.6736842105263158
0,1,1374389538092,6563,0.6808510638297872
0,1,1374389538093,6564,0.6808510638297872
0,1,1374389538094,6565,0.6597938144329897
0,1,1374389538095,6566,0.5977961432506886
0,1,1374389538123,6566,0.5977961432506886
0,1,1374389538124,6570,0.6565656565656566
0,1,1374389538125,6570,0.6565656565656566
0,1,1374389538126,6571,0.6222977437930709
0,1,1374389538127,6572,0.64
0,1,1374389538128,6571,0.6222977437930709
0,1,1374389538129,6573,0.609745032211233
0,1,1374389538130,6573,0.609745032211233
0,1,1374389538131,6576,0.6153846153846154
0,1,1374389538132,6578,0.6274509803921569
0,1,1374389538133,6579,0.6274509803921569
0,1,1374389538134,6580,0.6336633663366337
0,1,1374389538135,6581,0.6336633663366337
0,1,1374389538136,6582,0.47761194029850745
0,1,1374389538137,6586,0.6464646464646465
0,1,1374389538138,6587,0.6530612244897959
0,1,1374389538139,6588,0.49612403100775193
0,1,1374389538140,6589,0.64
0,1,1374389538141,6590,0.6274509803921569
0,1,1374389538142,6592,0.6037735849056604
0,1,1374389538143,6593,0.598339886413281
0,1,1374389538144,6593,0.598339886413281
0,1,1374389538145,6594,0.5048923679060665
0,1,1374389538146,6594,0.5048923679060665
0,1,1374389538147,6595,0.4998798365777457
0,1,1374389538148,6595,0.4998798365777457
0,1,1374389538149,6599,0.5765765765765766
0,1,1374389538150,6602,0.5871559633027523
0,1,1374389538151,6608,0.6095238095238096
0,1,1374389538152,6608,0.6095238095238096
0,1,1374389538153,6612,0.6274509803921569
0,1,1374389538154,6615,0.6464646464646465
0,1,1374389538155,6621,0.5923940358519015
0,1,1374389538156,6621,0.5923940358519015
0,1,1374389538157,6622,0.5833333333333333
0,1,1374389538158,6622,0.5833333333333333
0,1,1374389538159,6623,0.6632302405498282
0,1,1374389538160,6623,0.6632302405498282
0,1,1374389538161,6626,0.6701754385964912
0,1,1374389538162,6626,0.6701754385964912
0,1,1374389538163,6627,0.6736842105263158
0,1,1374389538164,6631,0.6956521739130435
0,1,1374389538165,6631,0.6956521739130435
0,1,1374389538166,6635,0.7191011235955056
0,1,1374389538167,6639,0.5818181818181818
0,1,1374389538168,6640,0.7272727272727273
0,1,1374389538169,6641,0.7111111111111111
0,1,1374389538170,6642,0.6736842105263158
0,1,1374389538171,6643,0.6432323232323233
0,1,1374389538172,6643,0.6432323232323233
0,1,1374389538302,6646,0.6530612244897959
0,1,1374389538303,6647,0.6213592233009708
0,1,1374389538309,6648,0.6244051018465638
0,1,1374389538310,6648,0.6244051018465638
0,1,1374389538311,6649,0.6244051018465638
0,1,1374389538312,6649,0.6244051018465638
0,1,1374389538314,6650,0.6154415164123902
0,1,1374389538315,6650,0.6154415164123902
0,1,1374389538316,6653,0.6244051018465638
0,1,1374389538317,6653,0.6244051018465638
0,1,1374389538318,6654,0.6037735849056604
0,1,1374389538319,6658,0.6156122826489085
0,1,1374389538320,6658,0.6156122826489085
0,1,1374389538321,6662,0.45714285714285713
0,1,1374389538322,6659,0.5871559633027523
0,1,1374389538323,6665,0.460431654676259
0,1,1374389538324,6666,0.6095238095238096
0,1,1374389538325,6667,0.6095238095238096
0,1,1374389538326,6668,0.6067577282530554
0,1,1374389538327,6668,0.6067577282530554
0,1,1374389538328,6672,0.46715328467153283
0,1,1374389538329,6676,0.5556376533175705
0,1,1374389538332,6676,0.5556376533175705
0,1,1374389538333,6677,0.6336633663366337
0,1,1374389538334,6677,0.6336633663366337
0,1,1374389538335,6678,0.6336633663366337
0,1,1374389538336,6679,0.6336633663366337
0,1,1374389538337,6680,0.6274509803921569
0,1,1374389538417,6681,0.6336633663366337
0,1,1374389538418,6682,0.6336633663366337
0,1,1374389538419,6685,0.6274509803921569
0,1,1374389538420,6688,0.6464646464646465
0,1,1374389538447,6694,0.6034011807207684
0,1,1374389538448,6694,0.6034011807207684
0,1,1374389538449,6698,0.6666666666666666
0,1,1374389538450,6702,0.6881720430107527
0,1,1374389538451,6704,0.6336633663366337
0,1,1374389538452,6703,0.64
0,1,1374389538453,6705,0.6881720430107527
0,1,1374389538454,6706,0.6881720430107527
0,1,1374389538455,6707,0.6736842105263158
0,1,1374389538456,6709,0.6845115534202699
0,1,1374389538457,6709,0.6845115534202699
0,1,1374389538458,6710,0.6578115117014548
0,1,1374389538459,6710,0.6578115117014548
0,1,1374389538460,6711,0.6667390124796527
0,1,1374389538461,6711,0.6667390124796527
0,1,1374389538462,6712,0.6530612244897959
0,1,1374389538463,6713,0.48854961832061067
0,1,1374389538464,6714,0.47761194029850745
0,1,1374389538465,6715,0.47761194029850745
0,1,1374389538466,6717,0.6597938144329897
0,1,1374389538467,6718,0.6564275194613928
0,1,1374389538468,6718,0.6564275194613928
0,1,1374389538469,6719,0.5638338269917218
0,1,1374389538470,6719,0.5638338269917218
0,1,1374389538471,6720,0.64
0,1,1374389538472,6720,0.64
0,1,1374389538473,6724,0.49230769230769234
0,1,1374389538474,6727,0.6597938144329897
0,1,1374389538475,6733,0.6604255319148936
0,1,1374389538476,6733,0.6604255319148936
0,1,1374389538477,6737,0.6666666666666666
0,1,1374389538478,6740,0.6597938144329897
0,1,1374389538479,6746,0.6568421052631579
0,1,1374389538480,6746,0.6568421052631579
0,1,1374389538481,6747,0.6372102238953834
0,1,1374389538482,6747,0.6372102238953834
0,1,1374389538483,6748,0.6531292304488181
0,1,1374389538484,6748,0.6531292304488181
0,1,1374389538485,6751,0.6530612244897959
0,1,1374389538486,6751,0.6530612244897959
0,1,1374389538487,6752,0.6530612244897959
0,1,1374389538488,6756,0.5904255319148937
0,1,1374389538489,6756,0.5904255319148937
0,1,1374389538490,6760,0.6956521739130435
0,1,1374389538491,6764,0.7191011235955056
0,1,1374389538492,6765,0.7111111111111111
0,1,1374389538493,6766,0.7032967032967034
0,1,1374389538494,6767,0.5161290322580645
0,1,1374389538495,6768,0.509968253968254
0,1,1374389538496,6768,0.509968253968254
0,1,1374389538497,6771,0.7111111111111111
0,1,1374389538498,6772,0.6881720430107527
0,1,1374389538499,6773,0.6261398176291793
0,1,1374389538500,6773,0.6261398176291793
0,1,1374389538501,6774,0.6772676371780515
0,1,1374389538502,6774,0.6772676371780515
0,1,1374389538503,6775,0.6632302405498282
0,1,1374389538504,6775,0.6632302405498282
0,1,1374389538505,6778,0.6772676371780515
0,1,1374389538506,6778,0.6772676371780515
0,1,1374389538551,6779,0.6808510638297872
0,1,1374389538552,6783,0.662327963298837
0,1,1374389538553,6783,0.662327963298837
0,1,1374389538554,6784,0.6808510638297872
0,1,1374389538555,6787,0.6808510638297872
0,1,1374389538556,6790,0.6597938144329897
0,1,1374389538558,6791,0.6153846153846154
0,1,1374389538559,6793,0.6336633663366337
0,1,1374389538560,6792,0.64
0,1,1374389538561,6794,0.6037735849056604
0,1,1374389538562,6795,0.6095238095238096
0,1,1374389538563,6798,0.6213592233009708
0,1,1374389538564,6798,0.6213592233009708
0,1,1374389538565,6799,0.6183719193427931
0,1,1374389538566,6800,0.6095238095238096
0,1,1374389538567,6799,0.6183719193427931
0,1,1374389538568,6801,0.6153846153846154
0,1,1374389538569,6804,0.6274509803921569
0,1,1374389538570,6806,0.6153846153846154
0,1,1374389538571,6807,0.6213592233009708
0,1,1374389538572,6808,0.6037735849056604
0,1,1374389538573,6809,0.5871559633027523
0,1,1374389538574,6810,0.4507042253521127
0,1,1374389538575,6811,0.44755244755244755
0,1,1374389538577,6812,0.5871559633027523
0,1,1374389538578,6814,0.5925925925925926
0,1,1374389538579,6815,0.5981308411214953
0,1,1374389538580,6816,0.5173542054275999
0,1,1374389538581,6816,0.5173542054275999
0,1,1374389538582,6817,0.5818181818181818
0,1,1374389538583,6820,0.45390070921985815
0,1,1374389538584,6823,0.6095238095238096
0,1,1374389538585,6829,0.6432323232323233
0,1,1374389538586,6829,0.6432323232323233
0,1,1374389538587,6833,0.6597938144329897
0,1,1374389538588,6837,0.6736842105263158
0,1,1374389538636,6838,0.6808510638297872
0,1,1374389538637,6839,0.6808510638297872
0,1,1374389538638,6840,0.6597938144329897
0,1,1374389538639,6841,0.5977961432506886
0,1,1374389538667,6841,0.5977961432506886
0,1,1374389538668,6845,0.6565656565656566
0,1,1374389538669,6845,0.6565656565656566
0,1,1374389538670,6846,0.6222977437930709
0,1,1374389538671,6847,0.64
0,1,1374389538672,6846,0.6222977437930709
0,1,1374389538673,6848,0.609745032211233
0,1,1374389538674,6848,0.609745032211233
0,1,1374389538675,6851,0.6153846153846154
0,1,1374389538676,6853,0.6274509803921569
0,1,1374389538677,6854,0.6274509803921569
0,1,1374389538678,6855,0.6336633663366337
0,1,1374389538679,6856,0.6336633663366337
0,1,1374389538680,6857,0.47761194029850745
0,1,1374389538681,6861,0.6464646464646465
0,1,1374389538682,6862,0.6530612244897959
0,1,1374389538683,6863,0.49612403100775193
0,1,1374389538684,6864,0.64
0,1,1374389538685,6865,0.6274509803921569
0,1,1374389538686,6867,0.6037735849056604
0,1,1374389538687,6868,0.598339886413281
0,1,1374389538688,6868,0.598339886413281
0,1,1374389538689,6869,0.5048923679060665
0,1,1374389538690,6869,0.5048923679060665
0,1,1374389538691,6870,0.4998798365777457
0,1,1374389538692,6870,0.4998798365777457
0,1,1374389538693,6874,0.5765765765765766
0,1,1374389538694,6877,0.5871559633027523
0,1,1374389538695,6883,0.6095238095238096
0,1,1374389538696,6883,0.6095238095238096
0,1,1374389538697,6887,0.6274509803921569
0,1,1374389538698,6890,0.6464646464646465
0,1,1374389538699,6896,0.5923940358519015
0,1,1374389538700,6896,0.5923940358519015
0,1,1374389538701,6897,0.5833333333333333
0,1,1374389538702,6897,0.5833333333333333
0,1,1374389538703,6898,0.6632302405498282
0,1,1374389538704,6898,0.6632302405498282
0,1,1374389538705,6901,0.6701754385964912
0,1,1374389538706,6901,0.6701754385964912
0,1,1374389538707,6902,0.6736842105263158
0,1,1374389538708,6906,0.6956521739130435
0,1,1374389538709,6906,0.6956521739130435
0,1,1374389538710,6910,0.7191011235955056
0,1,1374389538711,6914,0.5818181818181818
0,1,1374389538712,6915,0.7272727272727273
0,1,1374389538713,6916,0.7111111111111111
0,1,1374389538714,6917,0.6736842105263158
0,1,1374389538715,6918,0.6432323232323233
0,1,1374389538716,6918,0.6432323232323233
0,1,1374389538763,6921,0.6530612244897959
0,1,1374389538764,6922,0.6213592233009708
0,1,1374389538765,6923,0.6244051018465638
0,1,1374389538766,6923,0.6244051018465638
0,1,1374389538767,6924,0.6244051018465638
0,1,1374389538768,6924,0.6244051018465638
0,1,1374389538769,6925,0.6154415164123902
0,1,1374389538770,6925,0.6154415164123902
0,1,1374389538771,6928,0.6244051018465638
0,1,1374389538772,6928,0.6244051018465638
0,1,1374389538773,6929,0.6037735849056604
0,1,1374389538774,6933,0.6156122826489085
0,1,1374389538775,6933,0.6156122826489085
0,1,1374389538776,6937,0.45714285714285713
0,1,1374389538777,6934,0.5871559633027523
0,1,1374389538778,6940,0.460431654676259
0,1,1374389538779,6941,0.6095238095238096
0,1,1374389538780,6942,0.6095238095238096
0,1,1374389538781,6943,0.6067577282530554
0,1,1374389538782,6943,0.6067577282530554
0,1,1374389538783,6947,0.46715328467153283
0,1,1374389538784,6951,0.5556376533175705
0,1,1374389538785,6951,0.5556376533175705
0,1,1374389538786,6952,0.6336633663366337
0,1,1374389538787,6952,0.6336633663366337
0,1,1374389538788,6953,0.6336633663366337
0,1,1374389538789,6954,0.6336633663366337
0,1,1374389538790,6955,0.6274509803921569
0,1,1374389538897,6956,0.6336633663366337
0,1,1374389538902,6957,0.6336633663366337
0,1,1374389538903,6960,0.6274509803921569
0,1,1374389538904,6963,0.6464646464646465
0,1,1374389538955,6969,0.6034011807207684
0,1,1374389538956,6969,0.6034011807207684
0,1,1374389538957,6973,0.6666666666666666
0,1,1374389538958,6977,0.6881720430107527
0,1,1374389538959,6979,0.6336633663366337
0,1,1374389538960,6978,0.64
0,1,1374389538961,6980,0.6881720430107527
0,1,1374389538962,6981,0.6881720430107527
0,1,1374389538963,6982,0.6736842105263158
0,1,1374389538964,6984,0.6845115534202699
0,1,1374389538965,6984,0.6845115534202699
0,1,1374389538966,6985,0.6578115117014548
0,1,1374389538967,6985,0.6578115117014548
0,1,1374389538968,6986,0.6667390124796527
0,1,1374389538969,6986,0.6667390124796527
0,1,1374389538970,6987,0.6530612244897959
0,1,1374389538971,6988,0.48854961832061067
0,1,1374389538972,6989,0.47761194029850745
0,1,1374389538973,6990,0.47761194029850745
0,1,1374389538974,6992,0.6597938144329897
0,1,1374389538975,6993,0.6564275194613928
0,1,1374389538976,6993,0.6564275194613928
0,1,1374389538977,6994,0.5638338269917218
0,1,1374389538978,6994,0.5638338269917218
0,1,1374389538979,6995,0.64
0,1,1374389538980,6995,0.64
0,1,1374389538981,6999,0.49230769230769234
0,1,1374389538982,7002,0.6597938144329897
0,1,1374389538983,7008,0.6604255319148936
0,1,1374389538984,7008,0.6604255319148936
0,1,1374389538985,7012,0.6666666666666666
0,1,1374389538986,7015,0.6597938144329897
0,1,1374389538987,7021,0.6568421052631579
0,1,1374389538988,7021,0.6568421052631579
0,1,1374389538989,7022,0.6372102238953834
0,1,1374389538990,7022,0.6372102238953834
0,1,1374389538991,7023,0.6531292304488181
0,1,1374389538992,7023,0.6531292304488181
0,1,1374389538993,7026,0.6530612244897959
0,1,1374389538994,7026,0.6530612244897959
0,1,1374389538995,7027,0.6530612244897959
0,1,1374389538996,7031,0.5904255319148937
0,1,1374389538997,7031,0.5904255319148937
0,1,1374389538998,7035,0.6956521739130435
0,1,1374389538999,7039,0.7191011235955056
0,1,1374389539000,7040,0.7111111111111111
0,1,1374389539001,7041,0.7032967032967034
0,1,1374389539002,7042,0.5161290322580645
0,1,1374389539003,7043,0.5140645161290323
0,1,1374389539004,7043,0.5140645161290323
0,1,1374389539005,7046,0.7111111111111111
0,1,1374389539006,7047,0.6881720430107527
0,1,1374389539011,7048,0.5994397759103641
0,1,1374389539012,7048,0.5994397759103641
0,1,1374389539013,7049,0.6245239908606246
0,1,1374389539014,7049,0.6245239908606246
0,1,1374389539019,7050,0.5048923679060665
0,1,1374389539020,7050,0.5048923679060665
0,1,1374389539021,7053,0.5689001264222503
0,1,1374389539022,7053,0.5689001264222503
0,1,1374389539232,7054,0.5714285714285714
0,1,1374389539233,7058,0.5871559633027523
0,1,1374389539234,7058,0.5871559633027523
0,1,1374389539239,7059,0.5871559633027523
0,1,1374389539240,7062,0.6037735849056604
0,1,1374389539241,7065,0.6153846153846154
0,1,1374389539254,7066,0.6213592233009708
0,1,1374389539255,7068,0.6274509803921569
0,1,1374389539256,7067,0.6213592233009708
0,1,1374389539261,7069,0.6274509803921569
0,1,1374389539262,7070,0.6153846153846154
0,1,1374389539263,7073,0.5899745114698385
0,1,1374389539264,7073,0.5899745114698385
0,1,1374389539268,7074,0.5494473102431835
0,1,1374389539269,7075,0.2119205298013245
0,1,1374389539270,7074,0.5494473102431835
0,1,1374389539271,7076,0.2098360655737705
0,1,1374389539272,7079,0.187683284457478
0,1,1374389539273,7081,0.20846905537459284
0,1,1374389539274,7082,0.20915032679738563
0,1,1374389539275,7083,0.20915032679738563
0,1,1374389539276,7084,0.2098360655737705
0,1,1374389539277,7085,0.20915032679738563
0,1,1374389539278,7086,0.20846905537459284
0,1,1374389539435,7087,0.20711974110032363
0,1,1374389539436,7089,0.20447284345047922
0,1,1374389539437,7090,0.20317460317460317
0,1,1374389539468,7091,0.19907120743034057
0,1,1374389539469,7091,0.19907120743034057
0,1,1374389539470,7092,0.1945288753799392
0,1,1374389539476,7095,0.19393939393939394
0,1,1374389539477,7098,0.17486338797814208
0,1,1374389539478,7104,0.1951219512195122
0,1,1374389539479,7104,0.1951219512195122
0,1,1374389539483,7108,0.19692307692307692
0,1,1374389539484,7112,0.19937694704049844
0,1,1374389539485,7113,0.19875776397515527
0,1,1374389539486,7114,0.19571865443425077
0,1,1374389539487,7115,0.1945288753799392
0,1,1374389539488,7116,0.19076387284777627
0,1,1374389539497,7116,0.19076387284777627
0,1,1374389539498,7120,0.1879625316979765
0,1,1374389539532,7120,0.1879625316979765
0,1,1374389539533,7121,0.12403287111458318
0,1,1374389539566,7121,0.12403287111458318
0,1,1374389539571,7122,0.11510791366906475
0,1,1374389539622,7123,0.12237093690248566
0,1,1374389539623,7123,0.12237093690248566
0,1,1374389540239,7126,0.12284069097888675
0,1,1374389540240,7128,0.1233140655105973
0,1,1374389540241,7129,0.12307692307692308
0,1,1374389540242,7130,0.12284069097888675
0,1,1374389540243,7131,0.12237093690248566
0,1,1374389540244,7132,0.12121212121212122
0,1,1374389540249,7136,0.12144212523719165
0,1,1374389540250,7137,0.12030075187969924
0,1,1374389540305,7146,0.12087402535329828
0,1,1374389540306,7146,0.12087402535329828
0,1,1374389540323,7149,0.1198501872659176
0,1,1374389540328,7158,0.11347517730496454
0,1,1374389540388,7159,0.12052730696798493
0,1,1374389540389,7161,0.12098298676748583
0,1,1374389540455,7162,0.12098298676748583
0,1,1374389540456,7162,0.12098298676748583
0,1,1374389540457,7163,0.12052773443041566
0,1,1374389540458,7163,0.12052773443041566
0,1,1374389540459,7164,0.11973817774510834
0,1,1374389540460,7164,0.11973817774510834
0,1,1374389540501,7165,0.11973817774510834
0,1,1374389540502,7165,0.11973817774510834
0,1,1374389540525,7166,0.11962658617027223
0,1,1374389540526,7166,0.11962658617027223
0,1,1374389540564,7167,0.11764705882352941
0,1,1374389540565,7170,0.11829944547134935
0,1,1374389540582,7176,0.11940298507462686
0,1,1374389540583,7179,0.1200750469043152
0,1,1374389541147,7185,0.12121212121212122
0,1,1374389541148,7188,0.12144212523719165
0,1,1374389541149,7194,0.11531531531531532
0,1,1374389541154,7377,0.18823529411764706
0,1,1374389541155,7383,0.1893491124260355
0,1,1374389541156,7384,0.18963004582726106
0,1,1374389541170,7384,0.18963004582726106
0,1,1374389541171,7385,0.18963004582726106
0,1,1374389541217,7385,0.18963004582726106
0,1,1374389541218,7387,0.06201550387596899
0,1,1374389541253,7389,0.06201550387596899
0,1,1374389541254,7392,0.060320452403393024
0,1,1374389541289,7398,0.0624390243902439
0,1,1374389541290,7401,0.06262230919765166
0,1,1374389541310,7407,0.06293018682399214
0,1,1374389541311,7410,0.0631163708086785
0,1,1374389541312,7416,0.06124401913875598
0,1,1374389541322,7421,0.06124401913875598
0,1,1374389541323,7421,0.06124401913875598
0,1,1374389541324,7421,0.06124401913875598
0,1,1374389541356,7421,0.06124401913875598
0,1,1374389541357,7421,0.06124401913875598
0,1,1374389541365,7421,0.06124401913875598
0,1,1374389541366,7421,0.06124401913875598
0,1,1374389541367,7421,0.06124401913875598
0,1,1374389541368,7421,0.06124401913875598
0,1,1374389541369,7421,0.06124401913875598
0,1,1374389541442,7421,0.06124401913875598
0,1,1374389541443,7421,0.06124401913875598
0,1,1374389541444,7421,0.06124401913875598
0,1,1374389541452,7421,0.06124401913875598
0,1,1374389541453,7421,0.06124401913875598
0,1,1374389541454,7421,0.06124401913875598
0,1,1374389541455,7421,0.06124401913875598
0,1,1374389541464,7421,0.06124401913875598
0,1,1374389541467,7421,0.06124401913875598
0,1,1374389541481,7421,0.06124401913875598
0,1,1374389541482,7421,0.06124401913875598
0,1,1374389541483,7421,0.06124401913875598
0,1,1374389541484,7421,0.06124401913875598
0,1,1374389543391,7421,0.06124401913875598
0,1,1374389543392,7421,0.06124401913875598
0,1,1374389543393,7421,0.06124401913875598
0,1,1374389543394,7421,0.06124401913875598
0,1,1374389543395,7421,0.06124401913875598
0,1,1374389543396,7421,0.06124401913875598
0,1,1374389543397,7421,0.06124401913875598
0,1,1374389543399,7421,0.06124401913875598
0,1,1374389543402,7421,0.06124401913875598
0,2,1649267441728,3658,0.06645898234683281
0,2,1649267441729,3658,0.06645898234683281
0,2,1649267441730,3658,0.06645898234683281
0,2,1649267441731,3658,0.06645898234683281
0,2,1649267441732,3658,0.06645898234683281
0,2,1649267441733,3658,0.06645898234683281
0,2,1649267441734,3658,0.06645898234683281
0,2,1649267441735,3658,0.06645898234683281
0,2,1649267441736,3658,0.06645898234683281
0,2,1649267441737,3658,0.06645898234683281
0,2,1649267441738,3658,0.06645898234683281
0,2,1649267441739,3658,0.06645898234683281
0,2,1649267441740,3658,0.06645898234683281
0,2,1649267441741,3658,0.06645898234683281
0,2,1649267441742,3658,0.06645898234683281
0,2,1649267441743,3658,0.06645898234683281
0,2,1649267441744,3658,0.06645898234683281
0,2,1649267441745,3658,0.06645898234683281
0,2,1649267441746,3658,0.06645898234683281
0,2,1649267441747,3658,0.06645898234683281
0,2,1649267441748,3658,0.06645898234683281
0,2,1649267441749,3658,0.06645898234683281
0,2,1649267441750,3658,0.06645898234683281
0,2,1649267441751,3658,0.06645898234683281
0,2,1649267441752,3658,0.06645898234683281
0,2,1649267441753,3658,0.06645898234683281
0,2,1649267441754,3658,0.06645898234683281
0,2,1649267441755,3658,0.06645898234683281
0,2,1649267441756,3658,0.06645898234683281
0,2,1649267441757,3658,0.06645898234683281
0,2,1649267441758,3658,0.06645898234683281
0,2,1649267441759,3658,0.06645898234683281
0,2,1649267441760,3658,0.06645898234683281
0,2,1649267441761,3658,0.06645898234683281
0,2,1649267441762,3662,0.05345911949685535
0,2,1649267441763,3662,0.05345911949685535
0,2,1649267441764,3663,0.06666666666666667
0,2,1649267441765,3663,0.06666666666666667
0,2,1649267441766,3664,0.06666666666666667
0,2,1649267441767,3664,0.06666666666666667
0,2,1649267441768,3665,0.06666666666666667
0,2,1649267441769,3665,0.06666666666666667
0,2,1649267441770,3666,0.06666666666666667
0,2,1649267441771,3666,0.06666666666666667
0,2,1649267441772,3667,0.06666666666666667
0,2,1649267441773,3667,0.06666666666666667
0,2,1649267441774,3668,0.06659729448491156
0,2,1649267441775,3669,0.04040404040404041
0,2,1649267441776,3672,0.0538057342373475
0,2,1649267441777,3672,0.0538057342373475
0,2,1649267441778,3673,0.06680584551148225
0,2,1649267441779,3677,0.06705083034234471
0,2,1649267441780,3677,0.06705083034234471
0,2,1649267441781,3678,0.06694589969494448
0,2,1649267441782,3678,0.06694589969494448
0,2,1649267441783,3679,0.05205094140375977
0,2,1649267441816,3679,0.05205094140375977
0,2,1649267441817,3680,0.06684074929701594
0,2,1649267441818,3680,0.06684074929701594
0,2,1649267441819,3681,0.06684074929701594
0,2,1649267441824,3681,0.06684074929701594
0,2,1649267441825,3682,0.06698080348047818
0,2,1649267441826,3682,0.06698080348047818
0,2,1649267441827,3683,0.06680584551148225
0,2,1649267441965,3683,0.06680584551148225
0,2,1649267441966,3684,0.0667361835245047
0,2,1649267441967,3684,0.0667361835245047
0,2,1649267441968,3685,0.06666666666666667
0,2,1649267441969,3685,0.06666666666666667
0,2,1649267441970,3686,0.06666666666666667
0,2,1649267441971,3686,0.06666666666666667
0,2,1649267441972,3687,0.054358300481822164
0,2,1649267441973,3687,0.054358300481822164
0,2,1649267441974,3688,0.054358300481822164
0,2,1649267441975,3688,0.054358300481822164
0,2,1649267441976,3689,0.06666666666666667
0,2,1649267441977,4607,0.7971661789619591
0,2,1649267441978,4607,0.7971661789619591
0,2,1649267441979,4608,0.7440636716437545
0,2,1649267441980,4609,0.70025886460779
0,2,1649267441981,4608,0.7440636716437545
0,2,1649267441982,4609,0.70025886460779
0,2,1649267441983,4610,0.654648419065597
0,2,1649267441984,4610,0.654648419065597
0,2,1649267441985,4611,0.6210819854991634
0,2,1649267441986,4612,0.5909879416120161
0,2,1649267441987,4611,0.6210819854991634
0,2,1649267441988,4612,0.5909879416120161
0,2,1649267441989,4613,0.5638539676154078
0,2,1649267441990,4613,0.5638539676154078
0,2,1649267441991,4614,0.0926865076868223
0,2,1649267441992,4614,0.0926865076868223
0,2,1649267442069,4615,0.08541046122498072
0,2,1649267442070,4615,0.08541046122498072
0,2,1649267442071,4616,0.07833537331701346
0,2,1649267442072,4617,0.5438106931577185
0,2,1649267442079,4617,0.5438106931577185
0,2,1649267442080,4618,1.032258064516129
0,2,1649267442087,4618,1.032258064516129
0,2,1649267442088,4619,1.032258064516129
0,2,1649267442093,4619,1.032258064516129
0,2,1649267442094,4620,0.5395061728395062
0,2,1649267442095,4621,0.5395061728395062
0,2,1649267442096,4620,0.5395061728395062
0,2,1649267442101,4622,0.5122439749305421
0,2,1649267442102,4621,0.5395061728395062
0,2,1649267442103,4623,0.506545032522739
0,2,1649267442104,4622,0.5122439749305421
0,2,1649267442105,4623,0.506545032522739
0,2,1649267442106,4624,0.5129186602870813
0,2,1649267442107,4625,0.4902581821671946
0,2,1649267442108,4624,0.5129186602870813
0,2,1649267442109,4627,0.4976839169198585
0,2,1649267442110,4625,0.4902581821671946
0,2,1649267442111,4628,0.948200175592625
0,2,1649267442112,4627,0.4976839169198585
0,2,1649267442117,4632,0.9923076923076923
0,2,1649267442118,4628,0.948200175592625
0,2,1649267442119,4633,0.5272108843537415
0,2,1649267442120,4632,0.9923076923076923
0,2,1649267442125,4634,0.054398649859264014
0,2,1649267442126,4633,0.5272108843537415
0,2,1649267442127,4634,0.054398649859264014
0,2,1649267442128,4635,0.054260289530052755
0,2,1649267442133,4635,0.054260289530052755
0,2,1649267442134,4636,0.05423728813559322
0,2,1649267442135,4637,0.5017628836947339
0,2,1649267442136,4637,0.5017628836947339
0,2,1649267442161,4639,0.9696969696969697
0,2,1649267442162,4639,0.9696969696969697
0,2,1649267442163,4641,0.9846153846153847
0,2,1649267442164,4641,0.9846153846153847
0,2,1649267442169,4642,0.9846153846153847
0,2,1649267442170,4642,0.9846153846153847
0,2,1649267442171,4643,0.5195649325121217
0,2,1649267442172,4643,0.5195649325121217
0,2,1649267442177,4644,0.04850322788154479
0,2,1649267442178,4645,0.5018543645409317
0,2,1649267442179,4644,0.04850322788154479
0,2,1649267442180,4645,0.5018543645409317
0,2,1649267442185,4646,0.5050561941578556
0,2,1649267442186,4646,0.5050561941578556
0,2,1649267442187,4650,1.007936507936508
0,2,1649267442188,4654,1.0579234972677596
0,2,1649267442205,4650,1.007936507936508
0,2,1649267442206,4654,1.0579234972677596
0,2,1649267442207,4658,1.1131276467029643
0,2,1649267442208,4658,1.1131276467029643
0,2,1649267442213,4662,0.049060950097548364
0,2,1649267442214,4662,0.049060950097548364
0,2,1649267442215,4666,0.05247643957321377
0,2,1649267442216,4666,0.05247643957321377
0,2,1649267442221,4670,0.04917421140376977
0,2,1649267442222,4670,0.04917421140376977
0,2,1649267442223,4671,1.2549019607843137
0,2,1649267442224,4672,0.04911742133537989
0,2,1649267442229,4673,1.28
0,2,1649267442230,4675,0.10189115024860104
0,2,1649267442231,4674,0.15458937198067632
0,2,1649267442232,4675,0.10189115024860104
0,2,1649267442256,4676,0.10090779340274003
0,2,1649267442257,4676,0.10090779340274003
0,2,1649267442258,4677,0.15347721822541965
0,2,1649267442259,4677,0.15347721822541965
0,2,1649267442262,4680,0.04932563352907563
0,2,1649267442263,4680,0.04932563352907563
0,2,1649267442264,4681,0.04928764689206228
0,2,1649267442265,4681,0.04928764689206228
0,2,1649267442266,4682,0.049268668206312545
0,2,1649267442267,4685,0.10133250640715778
0,2,1649267442268,4686,0.04841152543109935
0,2,1649267442269,4685,0.10133250640715778
0,2,1649267442270,4686,0.04841152543109935
0,2,1649267442271,4687,0.15384615384615385
0,2,1649267442272,4688,0.04837490551776266
0,2,1649267442273,4690,0.10148213874921949
0,2,1649267442274,4690,0.10148213874921949
0,2,1649267442275,4691,0.09653701912323052
0,2,1649267442276,4691,0.09653701912323052
0,2,1649267442277,4692,0.15458937198067632
0,2,1649267442278,4692,0.15458937198067632
0,2,1649267442279,4693,0.15458937198067632
0,2,1649267442280,4693,0.15458937198067632
0,2,1649267442281,4694,0.15458937198067632
0,2,1649267442282,4695,0.1549636803874092
0,2,1649267442283,4697,0.1553398058252427
0,2,1649267442284,4696,0.1549636803874092
0,2,1649267442285,4698,0.1553398058252427
0,2,1649267442453,4699,0.15571776155717762
0,2,1649267442454,4700,0.15571776155717762
0,2,1649267442455,4700,0.15571776155717762
0,2,1649267442456,4701,0.15571776155717762
0,2,1649267442461,4701,0.15571776155717762
0,2,1649267442462,4702,0.15571776155717762
0,2,1649267442463,4702,0.15571776155717762
0,2,1649267442464,4703,0.04950309663548595
0,2,1649267442465,4703,0.04950309663548595
0,2,1649267442466,4704,0.05000003051759675
0,2,1649267442467,4704,0.05000003051759675
0,2,1649267442468,4705,0.05
0,2,1649267442469,4707,0.0499219968798752
0,2,1649267442470,4706,0.04988308651597818
0,2,1649267442471,4708,0.0499219968798752
0,2,1649267442472,4708,0.0499219968798752
0,2,1649267442473,4709,0.0499219968798752
0,2,1649267442474,4709,0.0499219968798752
0,2,1649267442475,4710,0.04950087574055109
0,2,1649267442476,4710,0.04950087574055109
0,2,1649267442477,4711,0.049421910340497165
0,2,1649267442478,4711,0.049421910340497165
0,2,1649267442479,4712,0.04959324793981943
0,2,1649267442480,4712,0.04959324793981943
0,2,1649267442481,4713,0.04953560371517028
0,2,1649267442482,4714,0.049573973663826494
0,2,1649267442483,4715,0.04923076923076923
0,2,1649267442484,4716,0.04953560371517028
0,2,1649267442485,4717,0.04949729311678268
0,2,1649267442486,4718,0.04949729311678268
0,2,1649267442487,4718,0.04949729311678268
0,2,1649267442488,4719,0.04949729311678268
0,2,1649267442489,5084,0.06892839909431721
0,2,1649267442490,5084,0.06892839909431721
0,2,1649267442491,5085,0.0688912809472551
0,2,1649267442492,5089,0.06760626223528558
0,2,1649267442497,5089,0.06760626223528558
0,2,1649267442498,5090,0.06866952789699571
0,2,1649267442499,5090,0.06866952789699571
0,2,1649267442500,5091,0.06866952789699571
0,2,1649267442504,5092,0.06874328678839957
0,2,1649267442505,5093,0.06874328678839957
0,2,1649267442506,5094,0.06881720430107527
0,2,1649267442507,5095,0.06666666666666667
0,2,1649267442508,5096,0.06881720430107527
0,2,1649267442509,5096,0.06881720430107527
0,2,1649267442510,5097,0.06881720430107527
0,2,1649267442511,5098,0.06680584551148225
0,2,1649267442512,5099,0.0688912809472551
0,2,1649267442513,5099,0.0688912809472551
0,2,1649267443874,5100,0.06784642869181245
0,2,1649267443875,5100,0.06784642869181245
0,2,1649267443876,5101,0.0686328853642212
0,2,1649267443877,5101,0.0686328853642212
0,2,1649267443878,5102,0.06841278946201715
0,2,1649267443880,5102,0.06841278946201715
0,2,1649267443881,5103,0.06830309498399147
0,2,1649267443882,5103,0.06830309498399147
0,2,1649267443883,5104,0.059017862328159094
0,2,1649267443891,5104,0.059017862328159094
0,2,1649267443892,5105,0.06823035473374228
0,2,1649267443901,5105,0.06823035473374228
0,2,1649267443902,5106,0.05969467496365381
0,2,1649267443903,5106,0.05969467496365381
0,2,1649267443904,5107,0.05109787767871827
0,2,1649267443914,5107,0.05109787767871827
0,2,1649267443915,5108,0.050996145448219427
0,2,1649267443916,5108,0.050996145448219427
0,2,1649267443923,5109,0.05093514535163594
0,2,1649267443924,5109,0.05093514535163594
0,2,1649267443925,5110,0.050955414012738856
0,2,1649267443926,5111,0.050955414012738856
0,2,1649267443931,5112,0.05099601593625498
0,2,1649267443932,5981,0.16411227488806046
0,2,1649267443933,5981,0.16411227488806046
0,2,1649267443934,5985,0.15791232900022484
0,2,1649267443939,5985,0.15791232900022484
0,2,1649267443940,5986,0.15710435117443203
0,2,1649267443941,5986,0.15710435117443203
0,2,1649267443942,5987,0.15725432027302438
0,2,1649267443947,5987,0.15725432027302438
0,2,1649267443948,5988,0.06412825651302605
0,2,1649267443949,5994,0.06451612903225806
0,2,1649267443950,5995,0.06451612903225806
0,2,1649267443960,5996,0.06448364356950265
0,2,1649267443961,5996,0.06448364356950265
0,2,1649267443972,6000,0.06464646464646465
0,2,1649267443973,6001,0.06464646464646465
0,2,1649267443978,6001,0.06464646464646465
0,2,1649267443979,6002,0.06464646464646465
0,2,1649267443981,6003,0.0625
0,2,1649267443986,6006,0.06471183013144591
0,2,1649267443989,6007,0.06464672848374037
0,2,1649267444020,6007,0.06464672848374037
0,2,1649267444023,6008,0.06363061353573687
0,2,1649267444028,6008,0.06363061353573687
0,2,1649267444029,6009,0.06451612903225806
0,2,1649267444030,6010,0.06458123107971746
0,2,1649267444031,6014,0.06477732793522267
0,2,1649267444040,6017,0.06324110671936758
0,2,1649267444041,6018,0.0638248158345041
0,2,1649267444042,6018,0.0638248158345041
0,2,1649267444043,6019,0.0648101431976012
0,2,1649267444050,6019,0.0648101431976012
0,2,1649267444051,6020,0.06474457903333429
0,2,1649267444696,6020,0.06474457903333429
0,2,1649267444697,6021,0.06477732793522267
0,2,1649267444698,6022,0.06369773680911178
0,2,1649267444699,6022,0.06369773680911178
0,2,1649267444700,6023,0.06474457903333429
0,2,1649267444702,6023,0.06474457903333429
0,2,1649267444703,6024,0.06474457903333429
0,2,1649267445752,6024,0.06474457903333429
0,2,1649267445753,6026,0.06374501992031872
0,2,1649267445755,6027,0.06484295845997974
0,2,1649267445756,6028,0.06484295845997974
0,2,1649267445759,6031,0.06393606393606394
0,2,1649267445760,6032,0.0649746192893401
0,2,1649267445763,6035,0.0649746192893401
0,2,1649267445764,6036,0.06474457903333429
0,2,1649267445765,6036,0.06474457903333429
0,2,1649267445766,6037,0.06477732793522267
0,2,1649267445767,6038,0.06341466287403638
0,2,1649267445768,6038,0.06341466287403638
0,2,1649267445769,6040,0.06435409310959851
0,2,1649267445770,6041,0.0642570281124498
0,2,1649267445771,6040,0.06435409310959851
0,2,1649267445773,6042,0.06432160804020101
0,2,1649267445774,6357,0.09173874828523784
0,2,1649267445775,6357,0.09173874828523784
0,2,1649267445776,6361,0.09404895071672591
0,2,1649267445781,6361,0.09404895071672591
0,2,1649267445782,6362,0.09370504946568485
0,2,1649267445783,6362,0.09370504946568485
0,2,1649267445784,6363,0.09349895419814744
0,2,1649267445789,6363,0.09349895419814744
0,2,1649267445790,6364,0.0935672514619883
0,2,1649267445791,6370,0.09425625920471281
0,2,1649267445792,6370,0.09425625920471281
0,2,1649267445797,6371,0.09425625920471281
0,2,1649267445798,6372,0.0898876404494382
0,2,1649267445799,6374,0.09261939218523878
0,2,1649267445800,6375,0.0943952802359882
0,2,1649267445801,6376,0.09453471196454949
0,2,1649267445802,6982,0.8477192982456141
0,2,1649267445803,6982,0.8477192982456141
0,2,1649267445804,6983,0.8533333333333334
0,2,1649267445805,6984,0.6274509803921569
0,2,1649267445806,6985,0.8533333333333334
0,2,1649267445809,6986,0.8311688311688312
0,2,1649267445812,6987,0.8311688311688312
0,2,1649267445813,6987,0.8311688311688312
0,2,1649267445814,6988,0.8311688311688312
0,2,1649267445818,6990,0.8533333333333334
0,2,1649267445819,6991,0.8477192982456141
0,2,1649267445820,6991,0.8477192982456141
0,2,1649267445823,6995,0.8311688311688312
0,2,1649267445824,6996,0.6882882882882884
0,2,1649267445825,6996,0.6882882882882884
0,2,1649267445826,6997,0.8050632911392406
0,2,1649267445840,6997,0.8050632911392406
0,2,1649267445842,6998,0.810126582278481
0,2,1649267445843,6999,0.810126582278481
0,2,1649267445844,7000,0.8205128205128205
0,2,1649267445845,7001,0.7441860465116279
0,2,1649267445850,7002,0.8205128205128205
0,2,1649267445851,7003,0.8311688311688312
0,2,1649267445852,7004,0.8311688311688312
0,2,1649267445853,7005,0.7965367965367965
0,2,1649267445854,7005,0.7965367965367965
0,2,1649267445855,7006,0.8421052631578947
0,2,1649267445857,7007,0.6985446985446986
0,2,1649267445879,7007,0.6985446985446986
0,2,1649267445880,7008,0.7950617283950617
0,2,1649267445881,7008,0.7950617283950617
0,2,1649267445882,7009,0.7760141093474426
0,2,1649267445887,7009,0.7760141093474426
0,2,1649267445888,7010,0.7619047619047619
0,2,1649267445889,7011,0.7710843373493976
0,2,1649267445890,7012,0.5517241379310345
0,2,1649267445893,7013,0.7710843373493976
0,2,1649267445894,7016,0.8
0,2,1649267445895,7020,0.8205128205128205
0,2,1649267445896,7021,0.8258408258408259
0,2,1649267445897,7021,0.8258408258408259
0,2,1649267445898,7026,0.8648648648648649
0,2,1649267445952,7027,0.8421052631578947
0,2,1649267445953,7028,0.8533333333333334
0,2,1649267445954,7032,0.8533333333333334
0,2,1649267445959,7033,0.8533333333333334
0,2,1649267445960,7033,0.8533333333333334
0,2,1649267445961,7034,0.8648648648648649
0,2,1649267445962,7035,0.8648648648648649
0,2,1649267445967,7036,0.8767123287671232
0,2,1649267445968,7039,0.8662886409365282
0,2,1649267445969,7039,0.8662886409365282
0,2,1649267445970,7043,0.7374215849443093
0,2,1649267445971,7043,0.7374215849443093
0,2,1649267445972,7044,0.7042384722869119
0,2,1649267445973,7044,0.7042384722869119
0,2,1649267445974,7045,0.7146498361451632
0,2,1649267445975,7045,0.7146498361451632
0,2,1649267445976,7046,0.8
0,2,1649267445977,7047,0.8
0,2,1649267445978,7048,0.8
0,2,1649267445981,7049,0.7950617283950617
0,2,1649267445982,7049,0.7950617283950617
0,2,1649267445998,7053,0.8205128205128205
0,2,1649267445999,7054,0.8205128205128205
0,2,1649267446004,7054,0.8205128205128205
0,2,1649267446005,7055,0.8205128205128205
0,2,1649267446007,7056,0.6597938144329897
0,2,1649267446012,7059,0.8311688311688312
0,2,1649267446015,7060,0.8210526315789474
0,2,1649267446075,7060,0.8210526315789474
0,2,1649267446078,7061,0.7404255319148936
0,2,1649267446082,7061,0.7404255319148936
0,2,1649267446083,7062,0.8
0,2,1649267446084,7063,0.810126582278481
0,2,1649267446085,7070,0.7441860465116279
0,2,1649267446086,7067,0.8421052631578947
0,2,1649267446087,7072,0.8045254556882464
0,2,1649267446088,7072,0.8045254556882464
0,2,1649267446089,7073,0.8590990990990992
0,2,1649267446090,7073,0.8590990990990992
0,2,1649267446091,7074,0.8477192982456141
0,2,1649267446224,7074,0.8477192982456141
0,2,1649267446225,7075,0.8421052631578947
0,2,1649267446226,7076,0.7173489278752436
0,2,1649267446227,7076,0.7173489278752436
0,2,1649267446228,7077,0.836637047163363
0,2,1649267446229,7077,0.836637047163363
0,2,1649267446230,7078,0.8477192982456141
0,2,1649267446236,7078,0.8477192982456141
0,2,1649267446237,7080,0.5981308411214953
0,2,1649267446239,7081,0.8648648648648649
0,2,1649267446248,7082,0.8311688311688312
0,2,1649267446251,7085,0.6213592233009708
0,2,1649267446260,7086,0.8648648648648649
0,2,1649267446263,7089,0.8648648648648649
0,2,1649267446270,7090,0.8258408258408259
0,2,1649267446271,7090,0.8258408258408259
0,2,1649267446272,7091,0.8311688311688312
0,2,1649267446273,7092,0.673322597960279
0,2,1649267446274,7092,0.673322597960279
0,2,1649267446275,7094,0.7715323166303558
0,2,1649267446276,7095,0.7529411764705882
0,2,1649267446277,7094,0.7715323166303558
0,2,1649267446278,7096,0.7619047619047619
0,2,1649267446279,7099,0.7410977242302543
0,2,1649267446280,7099,0.7410977242302543
0,2,1649267446281,7103,0.7855421686746988
0,2,1649267446283,7103,0.7855421686746988
0,2,1649267446284,7104,0.7623369256948384
0,2,1649267446285,7104,0.7623369256948384
0,2,1649267446286,7105,0.7485636114911081
0,2,1649267446291,7105,0.7485636114911081
0,2,1649267446292,7112,0.8
0,2,1649267446293,7106,0.7529411764705882
0,2,1649267446294,7112,0.8
0,2,1649267446299,7114,0.5423728813559322
0,2,1649267446300,7113,0.8
0,2,1649267446301,7116,0.5245901639344263
0,2,1649267446302,7117,0.7619047619047619
0,2,1649267446307,7118,0.7710843373493976
0,2,1649267446308,7122,0.7710843373493976
0,2,1649267446309,7123,0.7710843373493976
0,2,1649267446310,7124,0.7804878048780488
0,2,1649267446314,7125,0.5925925925925926
0,2,1649267446315,7126,0.7804878048780488
0,2,1649267446318,7127,0.7619047619047619
0,2,1649267446321,7128,0.7619047619047619
0,2,1649267446348,7128,0.7619047619047619
0,2,1649267446349,7129,0.7619047619047619
0,2,1649267446353,7131,0.7804878048780488
0,2,1649267446354,7132,0.7757860711137232
0,2,1649267446355,7132,0.7757860711137232
0,2,1649267446358,7136,0.7710843373493976
0,2,1649267446359,7137,0.6986236355007118
0,2,1649267446360,7137,0.6986236355007118
0,2,1649267446361,7138,0.7485636114911081
0,2,1649267446383,7138,0.7485636114911081
0,2,1649267446387,7139,0.7529411764705882
0,2,1649267446388,7140,0.7529411764705882
0,2,1649267446389,7141,0.7619047619047619
0,2,1649267446390,7142,0.6808510638297872
0,2,1649267446391,7143,0.7619047619047619
0,2,1649267446392,7144,0.7710843373493976
0,2,1649267446393,7145,0.7710843373493976
0,2,1649267446394,7146,0.7371905203230504
0,2,1649267446395,7146,0.7371905203230504
0,2,1649267446396,7147,0.7804878048780488
0,2,1649267446573,7148,0.6590464421789723
0,2,1649267446578,7148,0.6590464421789723
0,2,1649267446579,7149,0.7442866801893171
0,2,1649267446580,7149,0.7442866801893171
0,2,1649267446581,7150,0.7233716475095786
0,2,1649267446586,7150,0.7233716475095786
0,2,1649267446587,7151,0.7111111111111111
0,2,1649267446588,7154,0.735632183908046
0,2,1649267446589,7155,0.5333333333333333
0,2,1649267446596,7156,0.735632183908046
0,2,1649267446597,7159,0.7619047619047619
0,2,1649267446598,7163,0.7804878048780488
0,2,1649267446599,7164,0.7853056308340861
0,2,1649267446600,7164,0.7853056308340861
0,2,1649267446601,7169,0.8205128205128205
0,2,1649267446603,7170,0.8
0,2,1649267446604,7171,0.810126582278481
0,2,1649267446605,7175,0.810126582278481
0,2,1649267446606,7176,0.8153197013956508
0,2,1649267446607,7176,0.8153197013956508
0,2,1649267446608,7177,0.8205128205128205
0,2,1649267446609,7178,0.8205128205128205
0,2,1649267446610,7179,0.8311688311688312
0,2,1649267446611,7182,0.8217283950617285
0,2,1649267446612,7182,0.8217283950617285
0,2,1649267446613,7186,0.703872703872704
0,2,1649267446614,7186,0.703872703872704
0,2,1649267446615,7187,0.6735042735042736
0,2,1649267446616,7187,0.6735042735042736
0,2,1649267446617,7188,0.6833500166833499
0,2,1649267446618,7188,0.6833500166833499
0,2,1649267446619,7189,0.7619047619047619
0,2,1649267446620,7195,0.810126582278481
0,2,1649267446621,7196,0.810126582278481
0,2,1649267446624,7197,0.8050632911392406
0,2,1649267446625,7197,0.8050632911392406
0,2,1649267446632,7201,0.8311688311688312
0,2,1649267446633,7202,0.8311688311688312
0,2,1649267446638,7202,0.8311688311688312
0,2,1649267446639,7203,0.8311688311688312
0,2,1649267446641,7204,0.6666666666666666
0,2,1649267446646,7207,0.8421052631578947
0,2,1649267446649,7208,0.8317299578059072
0,2,1649267446653,7208,0.8317299578059072
0,2,1649267446656,7209,0.7491493126446169
0,2,1649267446657,7209,0.7491493126446169
0,2,1649267446658,7210,0.810126582278481
0,2,1649267446659,7211,0.8205128205128205
0,2,1649267446660,7215,0.8533333333333334
0,2,1649267446661,7218,0.7529411764705882
0,2,1649267446662,7219,0.7343192248852626
0,2,1649267446663,7219,0.7343192248852626
0,2,1649267446664,7220,0.8590990990990992
0,2,1649267446665,7220,0.8590990990990992
0,2,1649267446666,7221,0.8477192982456141
0,2,1649267446750,7221,0.8477192982456141
0,2,1649267446751,7222,0.8421052631578947
0,2,1649267446752,7223,0.7173489278752436
0,2,1649267446753,7223,0.7173489278752436
0,2,1649267446754,7224,0.836637047163363
0,2,1649267446755,7224,0.836637047163363
0,2,1649267446756,7225,0.8477192982456141
0,2,1649267446762,7225,0.8477192982456141
0,2,1649267446763,7227,0.5981308411214953
0,2,1649267446765,7228,0.8648648648648649
0,2,1649267446770,7229,0.8421052631578947
0,2,1649267446773,7232,0.6213592233009708
0,2,1649267446777,7233,0.8648648648648649
0,2,1649267446780,7236,0.8648648648648649
0,2,1649267446781,7237,0.8258408258408259
0,2,1649267446782,7237,0.8258408258408259
0,2,1649267446783,7238,0.8311688311688312
0,2,1649267446784,7239,0.673322597960279
0,2,1649267446785,7239,0.673322597960279
0,2,1649267446786,7241,0.7715323166303558
0,2,1649267446787,7242,0.7529411764705882
0,2,1649267446788,7241,0.7715323166303558
0,2,1649267446790,7243,0.7619047619047619
0,2,1649267446791,7246,0.7410977242302543
0,2,1649267446792,7246,0.7410977242302543
0,2,1649267446793,7250,0.7855421686746988
0,2,1649267446798,7250,0.7855421686746988
0,2,1649267446799,7251,0.7623369256948384
0,2,1649267446800,7251,0.7623369256948384
0,2,1649267446801,7252,0.7485636114911081
0,2,1649267446806,7252,0.7485636114911081
0,2,1649267446807,7259,0.8
0,2,1649267446808,7253,0.7529411764705882
0,2,1649267446809,7259,0.8
0,2,1649267446814,7261,0.5423728813559322
0,2,1649267446815,7260,0.8
0,2,1649267446816,7263,0.6956521739130435
0,2,1649267446817,7264,0.7619047619047619
0,2,1649267446822,7265,0.7710843373493976
0,2,1649267446823,7269,0.7710843373493976
0,2,1649267446824,7270,0.7710843373493976
0,2,1649267446825,7271,0.7804878048780488
0,2,1649267446830,7272,0.5925925925925926
0,2,1649267446831,7273,0.7710843373493976
0,2,1649267446838,7274,0.7619047619047619
0,2,1649267446841,7275,0.7619047619047619
0,2,1649267446870,7275,0.7619047619047619
0,2,1649267446871,7276,0.7619047619047619
0,2,1649267446875,7278,0.7804878048780488
0,2,1649267446876,7279,0.7757860711137232
0,2,1649267446877,7279,0.7757860711137232
0,2,1649267446880,7283,0.7710843373493976
0,2,1649267446881,7284,0.64327946393378
0,2,1649267446882,7284,0.64327946393378
0,2,1649267446883,7285,0.7485636114911081
0,2,1649267446900,7285,0.7485636114911081
0,2,1649267446901,7286,0.7529411764705882
0,2,1649267446902,7287,0.7529411764705882
0,2,1649267446903,7288,0.7619047619047619
0,2,1649267446904,7289,0.6881720430107527
0,2,1649267446905,7290,0.7619047619047619
0,2,1649267446906,7291,0.7710843373493976
0,2,1649267446907,7292,0.7710843373493976
0,2,1649267446908,7293,0.7410977242302543
0,2,1649267446909,7293,0.7410977242302543
0,2,1649267446910,7294,0.7804878048780488
0,2,1649267447037,7295,0.6590464421789723
0,2,1649267447042,7295,0.6590464421789723
0,2,1649267447043,7296,0.7442866801893171
0,2,1649267447044,7296,0.7442866801893171
0,2,1649267447045,7297,0.7233716475095786
0,2,1649267447050,7297,0.7233716475095786
0,2,1649267447051,7298,0.7111111111111111
0,2,1649267447052,7301,0.735632183908046
0,2,1649267447053,7302,0.5333333333333333
0,2,1649267447063,7303,0.735632183908046
0,2,1649267447064,7306,0.7619047619047619
0,2,1649267447065,7310,0.7804878048780488
0,2,1649267447066,7311,0.7853056308340861
0,2,1649267447067,7311,0.7853056308340861
0,2,1649267447068,7316,0.8205128205128205
0,2,1649267447075,7317,0.8
0,2,1649267447076,7318,0.810126582278481
0,2,1649267447077,7322,0.810126582278481
0,2,1649267447083,7323,0.8153197013956508
0,2,1649267447084,7323,0.8153197013956508
0,2,1649267447085,7324,0.8205128205128205
0,2,1649267447086,7325,0.8205128205128205
0,2,1649267447087,7326,0.8311688311688312
0,2,1649267447088,7329,0.8217283950617285
0,2,1649267447089,7329,0.8217283950617285
0,2,1649267447090,7333,0.703872703872704
0,2,1649267447091,7333,0.703872703872704
0,2,1649267447092,7334,0.6735042735042736
0,2,1649267447093,7334,0.6735042735042736
0,2,1649267447094,7335,0.6833500166833499
0,2,1649267447095,7335,0.6833500166833499
0,2,1649267447096,7336,0.7619047619047619
0,2,1649267447097,7342,0.810126582278481
0,2,1649267447098,7343,0.810126582278481
0,2,1649267447101,7344,0.8050632911392406
0,2,1649267447102,7344,0.8050632911392406
0,2,1649267447110,7348,0.8311688311688312
0,2,1649267447111,7349,0.8311688311688312
0,2,1649267447116,7349,0.8311688311688312
0,2,1649267447117,7350,0.8311688311688312
0,2,1649267447119,7351,0.6666666666666666
0,2,1649267447124,7354,0.8421052631578947
0,2,1649267447127,7355,0.8317299578059072
0,2,1649267447131,7355,0.8317299578059072
0,2,1649267447134,7356,0.7491493126446169
0,2,1649267447135,7356,0.7491493126446169
0,2,1649267447136,7357,0.810126582278481
0,2,1649267447137,7358,0.8205128205128205
0,2,1649267447138,7362,0.8533333333333334
0,2,1649267447139,7365,0.7529411764705882
0,2,1649267447140,7366,0.8045254556882464
0,2,1649267447141,7366,0.8045254556882464
0,2,1649267447142,7367,0.8590990990990992
0,2,1649267447143,7367,0.8590990990990992
0,2,1649267447144,7368,0.8477192982456141
0,2,1649267447266,7368,0.8477192982456141
0,2,1649267447268,7369,0.8421052631578947
0,2,1649267447269,7370,0.7173489278752436
0,2,1649267447270,7370,0.7173489278752436
0,2,1649267447271,7371,0.836637047163363
0,2,1649267447274,7371,0.836637047163363
0,2,1649267447275,7372,0.8477192982456141
0,2,1649267447281,7372,0.8477192982456141
0,2,1649267447282,7374,0.5981308411214953
0,2,1649267447284,7375,0.8648648648648649
0,2,1649267447289,7376,0.8311688311688312
0,2,1649267447292,7379,0.6213592233009708
0,2,1649267447299,7380,0.8648648648648649
0,2,1649267447302,7383,0.8648648648648649
0,2,1649267447307,7384,0.8258408258408259
0,2,1649267447308,7384,0.8258408258408259
0,2,1649267447309,7385,0.8311688311688312
0,2,1649267447310,7386,0.673322597960279
0,2,1649267447311,7386,0.673322597960279
0,2,1649267447312,7388,0.7715323166303558
0,2,1649267447313,7389,0.7529411764705882
0,2,1649267447314,7388,0.7715323166303558
0,2,1649267447316,7390,0.7619047619047619
0,2,1649267447317,7393,0.7410977242302543
0,2,1649267447318,7393,0.7410977242302543
0,2,1649267447319,7397,0.7855421686746988
0,2,1649267447324,7397,0.7855421686746988
0,2,1649267447325,7398,0.7623369256948384
0,2,1649267447326,7398,0.7623369256948384
0,2,1649267447327,7399,0.7485636114911081
0,2,1649267447334,7399,0.7485636114911081
0,2,1649267447335,7406,0.8
0,2,1649267447336,7400,0.7529411764705882
0,2,1649267447337,7406,0.8
0,2,1649267447343,7408,0.5423728813559322
0,2,1649267447344,7407,0.8
0,2,1649267447345,7410,0.5245901639344263
0,2,1649267447346,7411,0.7619047619047619
0,2,1649267447351,7412,0.7710843373493976
0,2,1649267447352,7416,0.7710843373493976
0,2,1649267447353,7417,0.7710843373493976
0,2,1649267447354,7418,0.7804878048780488
0,2,1649267447359,7419,0.5925925925925926
0,2,1649267447360,7420,0.7804878048780488
0,2,1649267447367,7421,0.7619047619047619
0,2,1649267447370,7422,0.7619047619047619
0,2,1649267447406,7422,0.7619047619047619
0,2,1649267447407,7423,0.7619047619047619
0,2,1649267447412,7425,0.7804878048780488
0,2,1649267447413,7426,0.7757860711137232
0,2,1649267447414,7426,0.7757860711137232
0,2,1649267447417,7430,0.7710843373493976
0,2,1649267447418,7431,0.6986236355007118
0,2,1649267447419,7431,0.6986236355007118
0,2,1649267447420,7432,0.7485636114911081
0,2,1649267447457,7432,0.7485636114911081
0,2,1649267447458,7433,0.7529411764705882
0,2,1649267447459,7434,0.7529411764705882
0,2,1649267447460,7435,0.7619047619047619
0,2,1649267447461,7436,0.6808510638297872
0,2,1649267447462,7437,0.7619047619047619
0,2,1649267447463,7438,0.7710843373493976
0,2,1649267447464,7439,0.7710843373493976
0,2,1649267447465,7440,0.7371905203230504
0,2,1649267447466,7440,0.7371905203230504
0,2,1649267447467,7441,0.7804878048780488
0,2,1649267447610,7442,0.6590464421789723
0,2,1649267447615,7442,0.6590464421789723
0,2,1649267447616,7443,0.7442866801893171
0,2,1649267447617,7443,0.7442866801893171
0,2,1649267447618,7444,0.7233716475095786
0,2,1649267447623,7444,0.7233716475095786
0,2,1649267447624,7445,0.7111111111111111
0,2,1649267447625,7448,0.735632183908046
0,2,1649267447626,7449,0.5333333333333333
0,2,1649267447633,7450,0.735632183908046
0,2,1649267447634,7453,0.7619047619047619
0,2,1649267447635,7457,0.7804878048780488
0,2,1649267447636,7458,0.7853056308340861
0,2,1649267447637,7458,0.7853056308340861
0,2,1649267447638,7463,0.8205128205128205
0,2,1649267447640,7464,0.8
0,2,1649267447641,7465,0.810126582278481
0,2,1649267447642,7469,0.810126582278481
0,2,1649267447643,7470,0.8153197013956508
0,2,1649267447644,7470,0.8153197013956508
0,2,1649267447645,7471,0.8205128205128205
0,2,1649267447646,7472,0.8205128205128205
0,2,1649267447647,7473,0.8311688311688312
0,2,1649267447648,7476,0.8217283950617285
0,2,1649267447649,7476,0.8217283950617285
0,2,1649267447650,7480,0.703872703872704
0,2,1649267447651,7480,0.703872703872704
0,2,1649267447652,7481,0.6735042735042736
0,2,1649267447653,7481,0.6735042735042736
0,2,1649267447654,7482,0.6833500166833499
0,2,1649267447655,7482,0.6833500166833499
0,2,1649267447656,7483,0.7619047619047619
0,2,1649267447657,7489,0.810126582278481
0,2,1649267447658,7490,0.810126582278481
0,2,1649267447661,7491,0.8050632911392406
0,2,1649267447662,7491,0.8050632911392406
0,2,1649267447669,7495,0.8311688311688312
0,2,1649267447670,7496,0.8311688311688312
0,2,1649267447675,7496,0.8311688311688312
0,2,1649267447676,7497,0.8311688311688312
0,2,1649267447678,7498,0.6666666666666666
0,2,1649267447683,7501,0.8421052631578947
0,2,1649267447686,7502,0.8317299578059072
0,2,1649267447690,7502,0.8317299578059072
0,2,1649267447693,7503,0.7491493126446169
0,2,1649267447694,7503,0.7491493126446169
0,2,1649267447695,7504,0.810126582278481
0,2,1649267447696,7505,0.8205128205128205
0,2,1649267447697,7509,0.8533333333333334
0,2,1649267447698,7512,0.7529411764705882
0,2,1649267447699,7513,0.7343192248852626
0,2,1649267447700,7513,0.7343192248852626
0,2,1649267447701,7514,0.8590990990990992
0,2,1649267447702,7514,0.8590990990990992
0,2,1649267447703,7515,0.8477192982456141
0,2,1649267447791,7515,0.8477192982456141
0,2,1649267447792,7516,0.8421052631578947
0,2,1649267447793,7517,0.7173489278752436
0,2,1649267447794,7517,0.7173489278752436
0,2,1649267447795,7518,0.836637047163363
0,2,1649267447796,7518,0.836637047163363
0,2,1649267447797,7519,0.8477192982456141
0,2,1649267447800,7519,0.8477192982456141
0,2,1649267447801,7521,0.5981308411214953
0,2,1649267447803,7522,0.8648648648648649
0,2,1649267447804,7523,0.8421052631578947
0,2,1649267447807,7526,0.6213592233009708
0,2,1649267447808,7527,0.8648648648648649
0,2,1649267447811,7530,0.8648648648648649
0,2,1649267447812,7531,0.8258408258408259
0,2,1649267447813,7531,0.8258408258408259
0,2,1649267447814,7532,0.8311688311688312
0,2,1649267447815,7533,0.673322597960279
0,2,1649267447816,7533,0.673322597960279
0,2,1649267447817,7535,0.7715323166303558
0,2,1649267447818,7536,0.7529411764705882
0,2,1649267447819,7535,0.7715323166303558
0,2,1649267447821,7537,0.7619047619047619
0,2,1649267447822,7540,0.7410977242302543
0,2,1649267447823,7540,0.7410977242302543
0,2,1649267447824,7544,0.7855421686746988
0,2,1649267447829,7544,0.7855421686746988
0,2,1649267447830,7545,0.7623369256948384
0,2,1649267447831,7545,0.7623369256948384
0,2,1649267447832,7546,0.7485636114911081
0,2,1649267447837,7546,0.7485636114911081
0,2,1649267447838,7553,0.8
0,2,1649267447839,7547,0.7529411764705882
0,2,1649267447840,7553,0.8
0,2,1649267447845,7555,0.5423728813559322
0,2,1649267447846,7554,0.8
0,2,1649267447847,7557,0.6956521739130435
0,2,1649267447848,7558,0.7619047619047619
0,2,1649267447853,7559,0.7710843373493976
0,2,1649267447854,7563,0.7710843373493976
0,2,1649267447855,7564,0.7710843373493976
0,2,1649267447856,7565,0.7804878048780488
0,2,1649267447861,7566,0.5925925925925926
0,2,1649267447862,7567,0.7710843373493976
0,2,1649267447869,7568,0.7619047619047619
0,2,1649267447872,7569,0.7619047619047619
0,2,1649267447901,7569,0.7619047619047619
0,2,1649267447902,7570,0.7619047619047619
0,2,1649267447906,7572,0.7804878048780488
0,2,1649267447907,7573,0.7757860711137232
0,2,1649267447908,7573,0.7757860711137232
0,2,1649267447911,7577,0.7710843373493976
0,2,1649267447912,7578,0.64327946393378
0,2,1649267447913,7578,0.64327946393378
0,2,1649267447914,7579,0.7485636114911081
0,2,1649267447931,7579,0.7485636114911081
0,2,1649267447932,7580,0.7529411764705882
0,2,1649267447933,7581,0.7529411764705882
0,2,1649267447934,7582,0.7619047619047619
0,2,1649267447935,7583,0.6881720430107527
0,2,1649267447936,7584,0.7619047619047619
0,2,1649267447937,7585,0.7710843373493976
0,2,1649267447938,7586,0.7710843373493976
0,2,1649267447939,7587,0.7410977242302543
0,2,1649267447940,7587,0.7410977242302543
0,2,1649267447941,7588,0.7804878048780488
0,2,1649267448062,7589,0.6590464421789723
0,2,1649267448067,7589,0.6590464421789723
0,2,1649267448068,7590,0.7442866801893171
0,2,1649267448069,7590,0.7442866801893171
0,2,1649267448070,7591,0.7233716475095786
0,2,1649267448075,7591,0.7233716475095786
0,2,1649267448076,7592,0.7111111111111111
0,2,1649267448077,7595,0.735632183908046
0,2,1649267448078,7596,0.5333333333333333
0,2,1649267448085,7597,0.735632183908046
0,2,1649267448086,7600,0.7619047619047619
0,2,1649267448087,7604,0.7804878048780488
0,2,1649267448088,7605,0.7853056308340861
0,2,1649267448089,7605,0.7853056308340861
0,2,1649267448090,7610,0.8205128205128205
0,2,1649267448095,7611,0.8
0,2,1649267448096,7612,0.810126582278481
0,2,1649267448097,7616,0.810126582278481
0,2,1649267448102,7617,0.8153197013956508
0,2,1649267448103,7617,0.8153197013956508
0,2,1649267448104,7618,0.8205128205128205
0,2,1649267448105,7619,0.8205128205128205
0,2,1649267448106,7620,0.8311688311688312
0,2,1649267448107,7623,0.8217283950617285
0,2,1649267448108,7623,0.8217283950617285
0,2,1649267448109,7627,0.703872703872704
0,2,1649267448110,7627,0.703872703872704
0,2,1649267448111,7628,0.6735042735042736
0,2,1649267448112,7628,0.6735042735042736
0,2,1649267448113,7629,0.6833500166833499
0,2,1649267448117,7629,0.6833500166833499
0,2,1649267448118,7630,0.7619047619047619
0,2,1649267448119,7636,0.810126582278481
0,2,1649267448120,7637,0.810126582278481
0,2,1649267448123,7638,0.8050632911392406
0,2,1649267448124,7638,0.8050632911392406
0,2,1649267448131,7642,0.8311688311688312
0,2,1649267448132,7643,0.8311688311688312
0,2,1649267448139,7643,0.8311688311688312
0,2,1649267448140,7644,0.8311688311688312
0,2,1649267448142,7645,0.6666666666666666
0,2,1649267448151,7648,0.8421052631578947
0,2,1649267448154,7649,0.8317299578059072
0,2,1649267448164,7649,0.8317299578059072
0,2,1649267448167,7650,0.7491493126446169
0,2,1649267448168,7650,0.7491493126446169
0,2,1649267448169,7651,0.810126582278481
0,2,1649267448170,7652,0.8205128205128205
0,2,1649267448171,7656,0.8533333333333334
0,2,1649267448174,7659,0.7529411764705882
0,2,1649267448175,7660,0.8045254556882464
0,2,1649267448176,7660,0.8045254556882464
0,2,1649267448177,7661,0.8590990990990992
0,2,1649267448182,7661,0.8590990990990992
0,2,1649267448183,7662,0.8477192982456141
0,2,1649267448349,7662,0.8477192982456141
0,2,1649267448350,7663,0.8421052631578947
0,2,1649267448351,7664,0.7173489278752436
0,2,1649267448352,7664,0.7173489278752436
0,2,1649267448353,7665,0.836637047163363
0,2,1649267448359,7665,0.836637047163363
0,2,1649267448360,7666,0.8477192982456141
0,2,1649267448368,7666,0.8477192982456141
0,2,1649267448369,7668,0.5981308411214953
0,2,1649267448371,7669,0.8648648648648649
0,2,1649267448374,7670,0.8311688311688312
0,2,1649267448377,7673,0.6213592233009708
0,2,1649267448378,7674,0.8648648648648649
0,2,1649267448381,7677,0.8648648648648649
0,2,1649267448382,7678,0.8258408258408259
0,2,1649267448383,7678,0.8258408258408259
0,2,1649267448384,7679,0.8311688311688312
0,2,1649267448385,7680,0.673322597960279
0,2,1649267448389,7680,0.673322597960279
0,2,1649267448390,7682,0.7715323166303558
0,2,1649267448391,7683,0.7529411764705882
0,2,1649267448392,7682,0.7715323166303558
0,2,1649267448400,7684,0.7619047619047619
0,2,1649267448401,7687,0.7410977242302543
0,2,1649267448402,7687,0.7410977242302543
0,2,1649267448403,7691,0.7855421686746988
0,2,1649267448412,7691,0.7855421686746988
0,2,1649267448413,7692,0.7623369256948384
0,2,1649267448414,7692,0.7623369256948384
0,2,1649267448415,7693,0.7485636114911081
0,2,1649267448429,7693,0.7485636114911081
0,2,1649267448430,7700,0.8
0,2,1649267448431,7694,0.7529411764705882
0,2,1649267448432,7700,0.8
0,2,1649267448442,7702,0.5423728813559322
0,2,1649267448443,7701,0.8
0,2,1649267448444,7704,0.5245901639344263
0,2,1649267448445,7705,0.7619047619047619
0,2,1649267448451,7706,0.7710843373493976
0,2,1649267448452,7710,0.7710843373493976
0,2,1649267448453,7711,0.7710843373493976
0,2,1649267448454,7712,0.7804878048780488
0,2,1649267448459,7713,0.5925925925925926
0,2,1649267448460,7714,0.7804878048780488
0,2,1649267448467,7715,0.7619047619047619
0,2,1649267448470,7716,0.7619047619047619
0,2,1649267448499,7716,0.7619047619047619
0,2,1649267448500,7717,0.7619047619047619
0,2,1649267448504,7719,0.7804878048780488
0,2,1649267448505,7720,0.7757860711137232
0,2,1649267448506,7720,0.7757860711137232
0,2,1649267448509,7724,0.7710843373493976
0,2,1649267448510,7725,0.6986236355007118
0,2,1649267448511,7725,0.6986236355007118
0,2,1649267448512,7726,0.7485636114911081
0,2,1649267448542,7726,0.7485636114911081
0,2,1649267448543,7727,0.7529411764705882
0,2,1649267448544,7728,0.7529411764705882
0,2,1649267448545,7729,0.7619047619047619
0,2,1649267448546,7730,0.6808510638297872
0,2,1649267448547,7731,0.7619047619047619
0,2,1649267448548,7732,0.7710843373493976
0,2,1649267448549,7733,0.7710843373493976
0,2,1649267448550,7734,0.7371905203230504
0,2,1649267448551,7734,0.7371905203230504
0,2,1649267448552,7735,0.7804878048780488
0,2,1649267448770,7736,0.6590464421789723
0,2,1649267448781,7736,0.6590464421789723
0,2,1649267448782,7737,0.7442866801893171
0,2,1649267448783,7737,0.7442866801893171
0,2,1649267448784,7738,0.7233716475095786
0,2,1649267448795,7738,0.7233716475095786
0,2,1649267448796,7739,0.7111111111111111
0,2,1649267448797,7742,0.735632183908046
0,2,1649267448798,7743,0.5333333333333333
0,2,1649267448807,7744,0.735632183908046
0,2,1649267448808,7747,0.7619047619047619
0,2,1649267448810,7751,0.7804878048780488
0,2,1649267448811,7752,0.7853056308340861
0,2,1649267448812,7752,0.7853056308340861
0,2,1649267448813,7757,0.8205128205128205
0,2,1649267448816,7758,0.8
0,2,1649267448817,7759,0.810126582278481
0,2,1649267448818,7763,0.810126582278481
0,2,1649267448820,7764,0.8153197013956508
0,2,1649267448821,7764,0.8153197013956508
0,2,1649267448822,7765,0.8205128205128205
0,2,1649267448823,7766,0.8205128205128205
0,2,1649267448825,7767,0.8311688311688312
0,2,1649267448826,7770,0.8217283950617285
0,2,1649267448827,7770,0.8217283950617285
0,2,1649267448828,7774,0.703872703872704
0,2,1649267448830,7774,0.703872703872704
0,2,1649267448831,7775,0.6735042735042736
0,2,1649267448832,7775,0.6735042735042736
0,2,1649267448833,7776,0.6833500166833499
0,2,1649267448835,7776,0.6833500166833499
0,2,1649267448836,7777,0.7619047619047619
0,2,1649267448837,7783,0.810126582278481
0,2,1649267448838,7784,0.810126582278481
0,2,1649267448842,7785,0.8050632911392406
0,2,1649267448843,7785,0.8050632911392406
0,2,1649267448851,7789,0.8311688311688312
0,2,1649267448852,7790,0.8311688311688312
0,2,1649267448858,7790,0.8311688311688312
0,2,1649267448859,7791,0.8311688311688312
0,2,1649267448861,7792,0.6666666666666666
0,2,1649267448867,7795,0.8421052631578947
0,2,1649267448870,7796,0.8317299578059072
0,2,1649267448882,7796,0.8317299578059072
0,2,1649267448885,7797,0.7491493126446169
0,2,1649267448887,7797,0.7491493126446169
0,2,1649267448888,7798,0.810126582278481
0,2,1649267448889,7799,0.8205128205128205
0,2,1649267448890,7803,0.8533333333333334
0,2,1649267448895,7806,0.7529411764705882
0,2,1649267448896,7807,0.7343192248852626
0,2,1649267448897,7807,0.7343192248852626
0,2,1649267448898,7808,0.8590990990990992
0,2,1649267448900,7808,0.8590990990990992
0,2,1649267448901,7809,0.8477192982456141
0,2,1649267449064,7809,0.8477192982456141
0,2,1649267449066,7810,0.8421052631578947
0,2,1649267449067,7811,0.7173489278752436
0,2,1649267449068,7811,0.7173489278752436
0,2,1649267449069,7812,0.836637047163363
0,2,1649267449071,7812,0.836637047163363
0,2,1649267449072,7813,0.8477192982456141
0,2,1649267449076,7813,0.8477192982456141
0,2,1649267449077,7815,0.5981308411214953
0,2,1649267449079,7816,0.8648648648648649
0,2,1649267449081,7817,0.8421052631578947
0,2,1649267449084,7820,0.6213592233009708
0,2,1649267449086,7821,0.8648648648648649
0,2,1649267449089,7824,0.8648648648648649
0,2,1649267449091,7825,0.8258408258408259
0,2,1649267449092,7825,0.8258408258408259
0,2,1649267449093,7826,0.8311688311688312
0,2,1649267449094,7827,0.673322597960279
0,2,1649267449096,7827,0.673322597960279
0,2,1649267449097,7829,0.7715323166303558
0,2,1649267449098,7830,0.7529411764705882
0,2,1649267449099,7829,0.7715323166303558
0,2,1649267449102,7831,0.7619047619047619
0,2,1649267449103,7834,0.7410977242302543
0,2,1649267449104,7834,0.7410977242302543
0,2,1649267449105,7838,0.7855421686746988
0,2,1649267449111,7838,0.7855421686746988
0,2,1649267449112,7839,0.7623369256948384
0,2,1649267449113,7839,0.7623369256948384
0,2,1649267449114,7840,0.7485636114911081
0,2,1649267449120,7840,0.7485636114911081
0,2,1649267449121,7847,0.8
0,2,1649267449122,7841,0.7529411764705882
0,2,1649267449123,7847,0.8
0,2,1649267449129,7849,0.5423728813559322
0,2,1649267449130,7848,0.8
0,2,1649267449131,7851,0.6956521739130435
0,2,1649267449132,7852,0.7619047619047619
0,2,1649267449141,7853,0.7710843373493976
0,2,1649267449142,7857,0.7710843373493976
0,2,1649267449143,7858,0.7710843373493976
0,2,1649267449144,7859,0.7804878048780488
0,2,1649267449150,7860,0.5925925925925926
0,2,1649267449151,7861,0.7710843373493976
0,2,1649267449163,7862,0.7619047619047619
0,2,1649267449166,7863,0.7619047619047619
0,2,1649267449211,7863,0.7619047619047619
0,2,1649267449212,7864,0.7619047619047619
0,2,1649267449218,7866,0.7804878048780488
0,2,1649267449219,7867,0.7757860711137232
0,2,1649267449220,7867,0.7757860711137232
0,2,1649267449225,7871,0.7710843373493976
0,2,1649267449226,7872,0.64327946393378
0,2,1649267449229,7872,0.64327946393378
0,2,1649267449230,7873,0.7485636114911081
0,2,1649267449274,7873,0.7485636114911081
0,2,1649267449281,7874,0.7529411764705882
0,2,1649267449282,7875,0.7529411764705882
0,2,1649267449283,7876,0.7619047619047619
0,2,1649267449284,7877,0.6881720430107527
0,2,1649267449291,7878,0.7619047619047619
0,2,1649267449292,7879,0.7710843373493976
0,2,1649267449293,7880,0.7710843373493976
0,2,1649267449294,7881,0.7410977242302543
0,2,1649267449297,7881,0.7410977242302543
0,2,1649267449298,7882,0.7804878048780488
0,2,1649267449485,7883,0.6590464421789723
0,2,1649267449491,7883,0.6590464421789723
0,2,1649267449492,7884,0.7442866801893171
0,2,1649267449493,7884,0.7442866801893171
0,2,1649267449494,7885,0.7233716475095786
0,2,1649267449500,7885,0.7233716475095786
0,2,1649267449501,7886,0.7111111111111111
0,2,1649267449502,7889,0.735632183908046
0,2,1649267449503,7890,0.5333333333333333
0,2,1649267449511,7891,0.735632183908046
0,2,1649267449512,7894,0.7619047619047619
0,2,1649267449514,7898,0.7804878048780488
0,2,1649267449515,7899,0.7853056308340861
0,2,1649267449516,7899,0.7853056308340861
0,2,1649267449517,7904,0.8205128205128205
0,2,1649267449520,7905,0.8
0,2,1649267449521,7906,0.810126582278481
0,2,1649267449522,7910,0.810126582278481
0,2,1649267449524,7911,0.8153197013956508
0,2,1649267449525,7911,0.8153197013956508
0,2,1649267449526,7912,0.8205128205128205
0,2,1649267449527,7913,0.8205128205128205
0,2,1649267449529,7914,0.8311688311688312
0,2,1649267449530,7917,0.8217283950617285
0,2,1649267449531,7917,0.8217283950617285
0,2,1649267449532,7921,0.703872703872704
0,2,1649267449537,7921,0.703872703872704
0,2,1649267449538,7922,0.6735042735042736
0,2,1649267449539,7922,0.6735042735042736
0,2,1649267449540,7923,0.6833500166833499
0,2,1649267449542,7923,0.6833500166833499
0,2,1649267449543,7924,0.7619047619047619
0,2,1649267449544,7930,0.810126582278481
0,2,1649267449545,7931,0.810126582278481
0,2,1649267449553,7932,0.8050632911392406
0,2,1649267449554,7932,0.8050632911392406
0,2,1649267449566,7936,0.8311688311688312
0,2,1649267449567,7937,0.8311688311688312
0,2,1649267449574,7937,0.8311688311688312
0,2,1649267449575,7938,0.8311688311688312
0,2,1649267449577,7939,0.6666666666666666
0,2,1649267449583,7942,0.8421052631578947
0,2,1649267449586,7943,0.8317299578059072
0,2,1649267449612,7943,0.8317299578059072
0,2,1649267449615,7944,0.7491493126446169
0,2,1649267449618,7944,0.7491493126446169
0,2,1649267449619,7945,0.810126582278481
0,2,1649267449620,7946,0.8205128205128205
0,2,1649267449621,7950,0.8533333333333334
0,2,1649267449623,7953,0.7529411764705882
0,2,1649267449624,7954,0.8045254556882464
0,2,1649267449625,7954,0.8045254556882464
0,2,1649267449626,7955,0.8590990990990992
0,2,1649267449628,7955,0.8590990990990992
0,2,1649267449629,7956,0.8477192982456141
0,2,1649267449796,7956,0.8477192982456141
0,2,1649267449798,7957,0.8421052631578947
0,2,1649267449799,7958,0.7173489278752436
0,2,1649267449800,7958,0.7173489278752436
0,2,1649267449801,7959,0.836637047163363
0,2,1649267449806,7959,0.836637047163363
0,2,1649267449807,7960,0.8477192982456141
0,2,1649267449811,7960,0.8477192982456141
0,2,1649267449812,7962,0.5981308411214953
0,2,1649267449814,7963,0.8648648648648649
0,2,1649267449821,7964,0.8311688311688312
0,2,1649267449824,7967,0.6153846153846154
0,2,1649267449831,7968,0.8648648648648649
0,2,1649267449834,7971,0.8648648648648649
0,2,1649267449836,7972,0.8258408258408259
0,2,1649267449837,7972,0.8258408258408259
0,2,1649267449838,7973,0.8311688311688312
0,2,1649267449839,7974,0.673322597960279
0,2,1649267449841,7974,0.673322597960279
0,2,1649267449842,7976,0.7715323166303558
0,2,1649267449843,7977,0.7529411764705882
0,2,1649267449844,7976,0.7715323166303558
0,2,1649267449847,7978,0.7619047619047619
0,2,1649267449848,7981,0.7152847152847153
0,2,1649267449849,7981,0.7152847152847153
0,2,1649267449850,7985,0.7442866801893171
0,2,1649267449856,7985,0.7442866801893171
0,2,1649267449857,7986,0.6736842105263158
0,2,1649267449858,7986,0.6736842105263158
0,2,1649267449859,7987,0.6736842105263158
0,2,1649267449866,7987,0.6736842105263158
0,2,1649267449867,7994,0.7072039072039072
0,2,1649267449868,7988,0.6736842105263158
0,2,1649267449869,7994,0.7072039072039072
0,2,1649267449876,7996,0.6881720430107527
0,2,1649267449877,7995,0.7111111111111111
0,2,1649267449878,7998,0.7032967032967034
0,2,1649267449879,7999,0.6956521739130435
0,2,1649267449886,8000,0.6881720430107527
0,2,1649267449887,8004,0.7191011235955056
0,2,1649267449888,8005,0.7191011235955056
0,2,1649267449889,8006,0.512
0,2,1649267449896,8007,0.023703703703703703
0,2,1649267449897,8007,0.023703703703703703
0,2,1649267449906,8007,0.023703703703703703
0,2,1649267449909,8007,0.023703703703703703
0,2,1649267449954,8007,0.023703703703703703
0,2,1649267449955,8007,0.023703703703703703
0,2,1649267449961,8007,0.023703703703703703
0,2,1649267449962,8007,0.023703703703703703
0,2,1649267449963,8007,0.023703703703703703
0,2,1649267449968,8007,0.023703703703703703
0,2,1649267449969,8007,0.023703703703703703
0,2,1649267449972,8007,0.023703703703703703
0,2,1649267449973,8007,0.023703703703703703
0,2,1649267450125,8007,0.023703703703703703
0,2,1649267450128,8007,0.023703703703703703
0,2,1649267450129,8007,0.023703703703703703
0,2,1649267450190,8007,0.023703703703703703
0,2,1649267450196,8007,0.023703703703703703
0,2,1649267450197,8007,0.023703703703703703
0,2,1649267450198,8007,0.023703703703703703
0,2,1649267450199,8007,0.023703703703703703
0,2,1649267450205,8007,0.023703703703703703
0,2,1649267450206,8007,0.023703703703703703
0,2,1649267450207,8007,0.023703703703703703
0,2,1649267450208,8007,0.023703703703703703
0,2,1649267450214,8007,0.023703703703703703
0,2,1649267450215,8007,0.023703703703703703
0,2,1649267450216,8007,0.023703703703703703
0,2,1649267450217,8007,0.023703703703703703
0,2,1649267450219,8007,0.023703703703703703
0,2,1649267450220,8007,0.023703703703703703
0,2,1649267450224,8007,0.023703703703703703
0,3,1924145348608,3621,0.06694560669456066
0,3,1924145348609,3621,0.06694560669456066
0,3,1924145348610,3621,0.06694560669456066
0,3,1924145348611,3621,0.06694560669456066
0,3,1924145348612,3621,0.06694560669456066
0,3,1924145348613,3621,0.06694560669456066
0,3,1924145348614,3621,0.06694560669456066
0,3,1924145348615,3621,0.06694560669456066
0,3,1924145348616,3621,0.06694560669456066
0,3,1924145348617,3621,0.06694560669456066
0,3,1924145348618,3621,0.06694560669456066
0,3,1924145348619,3621,0.06694560669456066
0,3,1924145348620,3621,0.06694560669456066
0,3,1924145348621,3621,0.06694560669456066
0,3,1924145348622,3621,0.06694560669456066
0,3,1924145348623,3621,0.06694560669456066
0,3,1924145348624,3621,0.06694560669456066
0,3,1924145348625,3621,0.06694560669456066
0,3,1924145348626,3621,0.06694560669456066
0,3,1924145348627,3621,0.06694560669456066
0,3,1924145348628,3621,0.06694560669456066
0,3,1924145348629,3621,0.06694560669456066
0,3,1924145348630,3621,0.06694560669456066
0,3,1924145348631,3621,0.06694560669456066
0,3,1924145348632,3621,0.06694560669456066
0,3,1924145348633,3621,0.06694560669456066
0,3,1924145348634,3621,0.06694560669456066
0,3,1924145348635,3621,0.06694560669456066
0,3,1924145348636,3621,0.06694560669456066
0,3,1924145348637,3621,0.06694560669456066
0,3,1924145348638,3621,0.06694560669456066
0,3,1924145348639,3621,0.06694560669456066
0,3,1924145348640,3621,0.06694560669456066
0,3,1924145348641,3621,0.06694560669456066
0,3,1924145348642,3625,0.05321007602726939
0,3,1924145348643,3625,0.05321007602726939
0,3,1924145348644,3626,0.06715634837355719
0,3,1924145348645,3626,0.06715634837355719
0,3,1924145348646,3627,0.06715634837355719
0,3,1924145348647,3627,0.06715634837355719
0,3,1924145348648,3628,0.06715634837355719
0,3,1924145348649,3628,0.06715634837355719
0,3,1924145348650,3629,0.06715634837355719
0,3,1924145348651,3629,0.06715634837355719
0,3,1924145348652,3630,0.06715634837355719
0,3,1924145348653,3630,0.06715634837355719
0,3,1924145348654,3631,0.06708595387840671
0,3,1924145348655,3632,0.03940886699507389
0,3,1924145348656,3635,0.0535553684408099
0,3,1924145348657,3635,0.0535553684408099
0,3,1924145348658,3636,0.06729758149316509
0,3,1924145348659,3640,0.06754619295220526
0,3,1924145348660,3640,0.06754619295220526
0,3,1924145348661,3641,0.06743970943718444
0,3,1924145348662,3641,0.06743970943718444
0,3,1924145348663,3642,0.051913630929230944
0,3,1924145348664,3642,0.051913630929230944
0,3,1924145348665,3643,0.06733300127289833
0,3,1924145348666,3643,0.06733300127289833
0,3,1924145348667,3644,0.06733300127289833
0,3,1924145348668,3644,0.06733300127289833
0,3,1924145348669,3645,0.06747512921691769
0,3,1924145348670,3645,0.06747512921691769
0,3,1924145348671,3646,0.06729758149316509
0,3,1924145348881,3646,0.06729758149316509
0,3,1924145348882,3647,0.06722689075630252
0,3,1924145348883,3647,0.06722689075630252
0,3,1924145348884,3648,0.06715634837355719
0,3,1924145348885,3648,0.06715634837355719
0,3,1924145348886,3649,0.06715634837355719
0,3,1924145348887,3649,0.06715634837355719
0,3,1924145348888,3650,0.05402545853182652
0,3,1924145348889,3650,0.05402545853182652
0,3,1924145348890,3651,0.05402545853182652
0,3,1924145348891,3651,0.05402545853182652
0,3,1924145348892,3652,0.06715634837355719
0,3,1924145348893,4563,0.7931157101201906
0,3,1924145348894,4563,0.7931157101201906
0,3,1924145348895,4564,0.7409779529498707
0,3,1924145348896,4565,0.6971991555242786
0,3,1924145348897,4564,0.7409779529498707
0,3,1924145348898,4565,0.6971991555242786
0,3,1924145348899,4566,0.6523788350377946
0,3,1924145348900,4566,0.6523788350377946
0,3,1924145348901,4567,0.618812401471361
0,3,1924145348902,4568,0.5887183575842136
0,3,1924145348903,4567,0.618812401471361
0,3,1924145348904,4568,0.5887183575842136
0,3,1924145348905,4569,0.5615843835876054
0,3,1924145348906,4569,0.5615843835876054
0,3,1924145348907,4570,0.08701567583555161
0,3,1924145348908,4570,0.08701567583555161
0,3,1924145348937,4571,0.08045630433690135
0,3,1924145348938,4571,0.08045630433690135
0,3,1924145348939,4572,0.07407407407407407
0,3,1924145348940,4573,0.5427734952056082
0,3,1924145348943,4573,0.5427734952056082
0,3,1924145348944,4574,1.032258064516129
0,3,1924145348947,4574,1.032258064516129
0,3,1924145348948,4575,1.032258064516129
0,3,1924145348949,4575,1.032258064516129
0,3,1924145348950,4576,0.5375146541617819
0,3,1924145348951,4577,0.5375146541617819
0,3,1924145348952,4576,0.5375146541617819
0,3,1924145348953,4578,0.5107039775270493
0,3,1924145348954,4577,0.5375146541617819
0,3,1924145348955,4579,0.5054138516799149
0,3,1924145348956,4578,0.5107039775270493
0,3,1924145348957,4579,0.5054138516799149
0,3,1924145348958,4580,0.5117392411510059
0,3,1924145348959,4581,0.48938861233914666
0,3,1924145348960,4580,0.5117392411510059
0,3,1924145348961,4583,0.49668937721907686
0,3,1924145348962,4581,0.48938861233914666
0,3,1924145348963,4584,0.948200175592625
0,3,1924145348964,4583,0.49668937721907686
0,3,1924145348965,4588,0.9923076923076923
0,3,1924145348966,4584,0.948200175592625
0,3,1924145348967,4589,0.5262080262080262
0,3,1924145348968,4588,0.9923076923076923
0,3,1924145348969,4590,0.05239460558609495
0,3,1924145348970,4589,0.5262080262080262
0,3,1924145348971,4590,0.05239460558609495
0,3,1924145348972,4591,0.05226623982926504
0,3,1924145348973,4591,0.05226623982926504
0,3,1924145348974,4592,0.052244897959183675
0,3,1924145348975,4593,0.5009696045320841
0,3,1924145348976,4593,0.5009696045320841
0,3,1924145348977,4595,0.9696969696969697
0,3,1924145348978,4595,0.9696969696969697
0,3,1924145348979,4597,0.9846153846153847
0,3,1924145348980,4597,0.9846153846153847
0,3,1924145348981,4598,0.9846153846153847
0,3,1924145348982,4598,0.9846153846153847
0,3,1924145348983,4599,0.5185587177383733
0,3,1924145348984,4599,0.5185587177383733
0,3,1924145348985,4600,0.046903634000408194
0,3,1924145348986,4601,0.5010551637417309
0,3,1924145348987,4600,0.046903634000408194
0,3,1924145348988,4601,0.5010551637417309
0,3,1924145348989,4602,0.5040363829079212
0,3,1924145348990,4602,0.5040363829079212
0,3,1924145348991,4606,1.007936507936508
0,3,1924145348992,4610,1.0579234972677596
0,3,1924145348993,4606,1.007936507936508
0,3,1924145348994,4610,1.0579234972677596
0,3,1924145348995,4614,1.1131276467029643
0,3,1924145348996,4614,1.1131276467029643
0,3,1924145348997,4618,0.047424978722235944
0,3,1924145348998,4618,0.047424978722235944
0,3,1924145348999,4622,0.050602133500744884
0,3,1924145349000,4622,0.050602133500744884
0,3,1924145349001,4626,0.04753079882805605
0,3,1924145349002,4626,0.04753079882805605
0,3,1924145349003,4627,1.2549019607843137
0,3,1924145349004,4628,0.04747774480712166
0,3,1924145349005,4629,1.28
0,3,1924145349006,4631,0.10182292610444678
0,3,1924145349007,4630,0.15609756097560976
0,3,1924145349008,4631,0.10182292610444678
0,3,1924145349085,4632,0.10085656627113339
0,3,1924145349086,4632,0.10085656627113339
0,3,1924145349087,4633,0.1549636803874092
0,3,1924145349088,4633,0.1549636803874092
0,3,1924145349093,4636,0.047672259871520156
0,3,1924145349094,4636,0.047672259871520156
0,3,1924145349095,4637,0.047636776229479136
0,3,1924145349096,4637,0.047636776229479136
0,3,1924145349097,4638,0.047619047619047616
0,3,1924145349098,4641,0.10128494227200023
0,3,1924145349099,4642,0.046817874358908496
0,3,1924145349100,4641,0.10128494227200023
0,3,1924145349101,4642,0.046817874358908496
0,3,1924145349102,4643,0.1553398058252427
0,3,1924145349103,4644,0.04678362573099415
0,3,1924145349104,4646,0.10144059335330195
0,3,1924145349133,4646,0.10144059335330195
0,3,1924145349134,4647,0.09678414348546296
0,3,1924145349135,4647,0.09678414348546296
0,3,1924145349136,4648,0.15609756097560976
0,3,1924145349137,4648,0.15609756097560976
0,3,1924145349138,4649,0.15609756097560976
0,3,1924145349139,4649,0.15609756097560976
0,3,1924145349140,4650,0.15609756097560976
0,3,1924145349141,4651,0.15647921760391198
0,3,1924145349142,4653,0.1568627450980392
0,3,1924145349143,4652,0.15647921760391198
0,3,1924145349144,4654,0.1568627450980392
0,3,1924145349263,4655,0.15724815724815724
0,3,1924145349264,4656,0.15724815724815724
0,3,1924145349265,4656,0.15724815724815724
0,3,1924145349266,4657,0.15724815724815724
0,3,1924145349267,4657,0.15724815724815724
0,3,1924145349268,4658,0.15724815724815724
0,3,1924145349269,4658,0.15724815724815724
0,3,1924145349270,4659,0.04783782334328465
0,3,1924145349271,4659,0.04783782334328465
0,3,1924145349272,4660,0.04830191430511317
0,3,1924145349273,4660,0.04830191430511317
0,3,1924145349274,4661,0.04830188679245283
0,3,1924145349275,4663,0.04822908816880181
0,3,1924145349276,4662,0.04819277108433735
0,3,1924145349277,4664,0.04822908816880181
0,3,1924145349278,4664,0.04822908816880181
0,3,1924145349279,4665,0.04822908816880181
0,3,1924145349280,4665,0.04822908816880181
0,3,1924145349281,4666,0.04783581910293315
0,3,1924145349282,4666,0.04783581910293315
0,3,1924145349283,4667,0.0477621516136434
0,3,1924145349284,4667,0.0477621516136434
0,3,1924145349285,4668,0.04792218699924533
0,3,1924145349286,4668,0.04792218699924533
0,3,1924145349287,4669,0.04786836200448766
0,3,1924145349288,4670,0.04790419161676647
0,3,1924145349289,4671,0.04758364312267658
0,3,1924145349290,4672,0.04786836200448766
0,3,1924145349291,4673,0.04783258594917788
0,3,1924145349292,4674,0.04783258594917788
0,3,1924145349293,4674,0.04783258594917788
0,3,1924145349294,4675,0.04783258594917788
0,3,1924145349295,5036,0.06547316291054164
0,3,1924145349296,5036,0.06547316291054164
0,3,1924145349297,5037,0.065439672801636
0,3,1924145349298,5041,0.06427802180515725
0,3,1924145349299,5041,0.06427802180515725
0,3,1924145349300,5042,0.0652395514780836
0,3,1924145349301,5042,0.0652395514780836
0,3,1924145349302,5043,0.0652395514780836
0,3,1924145349303,5044,0.0653061224489796
0,3,1924145349304,5045,0.0653061224489796
0,3,1924145349305,5046,0.06537282941777324
0,3,1924145349306,5047,0.06342913776015857
0,3,1924145349307,5048,0.06537282941777324
0,3,1924145349308,5048,0.06537282941777324
0,3,1924145349309,5049,0.06537282941777324
0,3,1924145349310,5050,0.06355511420059583
0,3,1924145349311,5051,0.065439672801636
0,3,1924145349312,5051,0.065439672801636
0,3,1924145350823,5052,0.06449555983811127
0,3,1924145350828,5052,0.06449555983811127
0,3,1924145350829,5053,0.06520646915938298
0,3,1924145350830,5053,0.06520646915938298
0,3,1924145350831,5054,0.06500776898965992
0,3,1924145350837,5054,0.06500776898965992
0,3,1924145350838,5055,0.06490872210953347
0,3,1924145350839,5055,0.06490872210953347
0,3,1924145350840,5056,0.056409485226991365
0,3,1924145350851,5056,0.056409485226991365
0,3,1924145350852,5057,0.06484302502237807
0,3,1924145350861,5057,0.06484302502237807
0,3,1924145350862,5058,0.057036863845374486
0,3,1924145350863,5058,0.057036863845374486
0,3,1924145350864,5059,0.049174095283074565
0,3,1924145350872,5059,0.049174095283074565
0,3,1924145350873,5060,0.04907987005502196
0,3,1924145350874,5060,0.04907987005502196
0,3,1924145350879,5061,0.04902336988728709
0,3,1924145350880,5061,0.04902336988728709
0,3,1924145350881,5062,0.04904214559386973
0,3,1924145350882,5063,0.04904214559386973
0,3,1924145350887,5064,0.049079754601226995
0,3,1924145350888,5982,0.16411227488806046
0,3,1924145350889,5982,0.16411227488806046
0,3,1924145350890,5986,0.15791232900022484
0,3,1924145350895,5986,0.15791232900022484
0,3,1924145350896,5987,0.15710435117443203
0,3,1924145350897,5987,0.15710435117443203
0,3,1924145350898,5988,0.15725432027302438
0,3,1924145350906,5988,0.15725432027302438
0,3,1924145350907,5989,0.0599250936329588
0,3,1924145350908,5995,0.060263653483992465
0,3,1924145350909,5996,0.060263653483992465
0,3,1924145350920,5997,0.0602353074569539
0,3,1924145350921,5997,0.0602353074569539
0,3,1924145350928,6001,0.06037735849056604
0,3,1924145350929,6002,0.06037735849056604
0,3,1924145350934,6002,0.06037735849056604
0,3,1924145350935,6003,0.06037735849056604
0,3,1924145350937,6004,0.05850091407678245
0,3,1924145350941,6007,0.06043437204910293
0,3,1924145350944,6008,0.06037757343386769
0,3,1924145350976,6008,0.06037757343386769
0,3,1924145350979,6009,0.059489624907133845
0,3,1924145350988,6009,0.059489624907133845
0,3,1924145350989,6010,0.060263653483992465
0,3,1924145350990,6011,0.060320452403393024
0,3,1924145350991,6015,0.06049149338374291
0,3,1924145350997,6018,0.059149722735674676
0,3,1924145350998,6019,0.05965911805767314
0,3,1924145350999,6019,0.05965911805767314
0,3,1924145351000,6020,0.06052010809206067
0,3,1924145351001,6020,0.06052010809206067
0,3,1924145351002,6021,0.06046293271642292
0,3,1924145351645,6021,0.06046293271642292
0,3,1924145351650,6022,0.06049149338374291
0,3,1924145351651,6023,0.059548075117127085
0,3,1924145351652,6023,0.059548075117127085
0,3,1924145351653,6024,0.06046293271642292
0,3,1924145351654,6024,0.06046293271642292
0,3,1924145351655,6025,0.06046293271642292
0,3,1924145352927,6025,0.06046293271642292
0,3,1924145352928,6027,0.0595903165735568
0,3,1924145352930,6028,0.06054872280037843
0,3,1924145352931,6029,0.06054872280037843
0,3,1924145352934,6032,0.059757236227824466
0,3,1924145352935,6033,0.06066350710900474
0,3,1924145352938,6036,0.06066350710900474
0,3,1924145352944,6037,0.06046293271642292
0,3,1924145352945,6037,0.06046293271642292
0,3,1924145352946,6038,0.06049149338374291
0,3,1924145352947,6039,0.05930056100692847
0,3,1924145352952,6039,0.05930056100692847
0,3,1924145352953,6041,0.060122242441036464
0,3,1924145352954,6042,0.0600375234521576
0,3,1924145352955,6041,0.060122242441036464
0,3,1924145352960,6043,0.06009389671361502
0,3,1924145352961,6358,0.08336951801997394
0,3,1924145352962,6358,0.08336951801997394
0,3,1924145352963,6362,0.08527682299803993
0,3,1924145352967,6362,0.08527682299803993
0,3,1924145352968,6363,0.0849939594888934
0,3,1924145352969,6363,0.0849939594888934
0,3,1924145352970,6364,0.08482442426265216
0,3,1924145352975,6364,0.08482442426265216
0,3,1924145352976,6365,0.08488063660477453
0,3,1924145352977,6371,0.08544726301735647
0,3,1924145352978,6371,0.08544726301735647
0,3,1924145352983,6372,0.08544726301735647
0,3,1924145352984,6373,0.08184143222506395
0,3,1924145352985,6375,0.08409986859395532
0,3,1924145352986,6376,0.0855614973262032
0,3,1924145352991,6377,0.0856760374832664
0,3,1924145352992,7053,0.8477192982456141
0,3,1924145352993,7053,0.8477192982456141
0,3,1924145352994,7054,0.8533333333333334
0,3,1924145352999,7055,0.6274509803921569
0,3,1924145353000,7056,0.8533333333333334
0,3,1924145353003,7057,0.8311688311688312
0,3,1924145353006,7058,0.8311688311688312
0,3,1924145353007,7058,0.8311688311688312
0,3,1924145353008,7059,0.8311688311688312
0,3,1924145353012,7061,0.8533333333333334
0,3,1924145353013,7062,0.8477192982456141
0,3,1924145353014,7062,0.8477192982456141
0,3,1924145353017,7066,0.8311688311688312
0,3,1924145353018,7067,0.6882882882882884
0,3,1924145353023,7067,0.6882882882882884
0,3,1924145353024,7068,0.8050632911392406
0,3,1924145353037,7068,0.8050632911392406
0,3,1924145353038,7069,0.810126582278481
0,3,1924145353039,7070,0.810126582278481
0,3,1924145353040,7071,0.8205128205128205
0,3,1924145353041,7072,0.7441860465116279
0,3,1924145353042,7073,0.8205128205128205
0,3,1924145353043,7074,0.8311688311688312
0,3,1924145353044,7075,0.8311688311688312
0,3,1924145353045,7076,0.7965367965367965
0,3,1924145353049,7076,0.7965367965367965
0,3,1924145353050,7077,0.8421052631578947
0,3,1924145353052,7078,0.6985446985446986
0,3,1924145353073,7078,0.6985446985446986
0,3,1924145353074,7079,0.7950617283950617
0,3,1924145353075,7079,0.7950617283950617
0,3,1924145353076,7080,0.7760141093474426
0,3,1924145353077,7080,0.7760141093474426
0,3,1924145353078,7081,0.7619047619047619
0,3,1924145353079,7082,0.7710843373493976
0,3,1924145353080,7083,0.5517241379310345
0,3,1924145353083,7084,0.7710843373493976
0,3,1924145353084,7087,0.8
0,3,1924145353088,7091,0.8205128205128205
0,3,1924145353089,7092,0.8258408258408259
0,3,1924145353090,7092,0.8258408258408259
0,3,1924145353091,7097,0.8648648648648649
0,3,1924145353124,7098,0.8421052631578947
0,3,1924145353125,7099,0.8533333333333334
0,3,1924145353126,7103,0.8533333333333334
0,3,1924145353131,7104,0.8533333333333334
0,3,1924145353132,7104,0.8533333333333334
0,3,1924145353133,7105,0.8648648648648649
0,3,1924145353134,7106,0.8648648648648649
0,3,1924145353135,7107,0.8767123287671232
0,3,1924145353136,7110,0.8662886409365282
0,3,1924145353137,7110,0.8662886409365282
0,3,1924145353138,7114,0.7374215849443093
0,3,1924145353184,7114,0.7374215849443093
0,3,1924145353185,7115,0.7042384722869119
0,3,1924145353186,7115,0.7042384722869119
0,3,1924145353187,7116,0.7146498361451632
0,3,1924145353196,7116,0.7146498361451632
0,3,1924145353197,7117,0.8
0,3,1924145353198,7118,0.8
0,3,1924145353199,7119,0.8
0,3,1924145353210,7120,0.7950617283950617
0,3,1924145353211,7120,0.7950617283950617
0,3,1924145353268,7124,0.8205128205128205
0,3,1924145353269,7125,0.8205128205128205
0,3,1924145353270,7125,0.8205128205128205
0,3,1924145353271,7126,0.8205128205128205
0,3,1924145353273,7127,0.6597938144329897
0,3,1924145353274,7130,0.8311688311688312
0,3,1924145353277,7131,0.8210526315789474
0,3,1924145353307,7131,0.8210526315789474
0,3,1924145353310,7132,0.7404255319148936
0,3,1924145353311,7132,0.7404255319148936
0,3,1924145353312,7133,0.8
0,3,1924145353313,7134,0.810126582278481
0,3,1924145353314,7141,0.7441860465116279
0,3,1924145353315,7138,0.8421052631578947
0,3,1924145353316,7143,0.8045254556882464
0,3,1924145353317,7143,0.8045254556882464
0,3,1924145353318,7144,0.8590990990990992
0,3,1924145353319,7144,0.8590990990990992
0,3,1924145353320,7145,0.8477192982456141
0,3,1924145353449,7145,0.8477192982456141
0,3,1924145353450,7146,0.8421052631578947
0,3,1924145353451,7147,0.7173489278752436
0,3,1924145353452,7147,0.7173489278752436
0,3,1924145353453,7148,0.836637047163363
0,3,1924145353455,7148,0.836637047163363
0,3,1924145353456,7149,0.8477192982456141
0,3,1924145353461,7149,0.8477192982456141
0,3,1924145353462,7151,0.5981308411214953
0,3,1924145353464,7152,0.8648648648648649
0,3,1924145353465,7153,0.8311688311688312
0,3,1924145353468,7156,0.6213592233009708
0,3,1924145353469,7157,0.8648648648648649
0,3,1924145353472,7160,0.8648648648648649
0,3,1924145353476,7161,0.8258408258408259
0,3,1924145353477,7161,0.8258408258408259
0,3,1924145353478,7162,0.8311688311688312
0,3,1924145353479,7163,0.673322597960279
0,3,1924145353487,7163,0.673322597960279
0,3,1924145353488,7165,0.7715323166303558
0,3,1924145353489,7166,0.7529411764705882
0,3,1924145353490,7165,0.7715323166303558
0,3,1924145353495,7167,0.7619047619047619
0,3,1924145353496,7170,0.7410977242302543
0,3,1924145353497,7170,0.7410977242302543
0,3,1924145353498,7174,0.7855421686746988
0,3,1924145353502,7174,0.7855421686746988
0,3,1924145353503,7175,0.7623369256948384
0,3,1924145353504,7175,0.7623369256948384
0,3,1924145353505,7176,0.7485636114911081
0,3,1924145353506,7176,0.7485636114911081
0,3,1924145353507,7183,0.8
0,3,1924145353508,7177,0.7529411764705882
0,3,1924145353509,7183,0.8
0,3,1924145353512,7185,0.5423728813559322
0,3,1924145353513,7184,0.8
0,3,1924145353514,7187,0.5245901639344263
0,3,1924145353515,7188,0.7619047619047619
0,3,1924145353518,7189,0.7710843373493976
0,3,1924145353519,7193,0.7710843373493976
0,3,1924145353520,7194,0.7710843373493976
0,3,1924145353521,7195,0.7804878048780488
0,3,1924145353526,7196,0.5925925925925926
0,3,1924145353527,7197,0.7804878048780488
0,3,1924145353534,7198,0.7619047619047619
0,3,1924145353537,7199,0.7619047619047619
0,3,1924145353570,7199,0.7619047619047619
0,3,1924145353571,7200,0.7619047619047619
0,3,1924145353579,7202,0.7804878048780488
0,3,1924145353580,7203,0.7757860711137232
0,3,1924145353581,7203,0.7757860711137232
0,3,1924145353588,7207,0.7710843373493976
0,3,1924145353589,7208,0.6986236355007118
0,3,1924145353594,7208,0.6986236355007118
0,3,1924145353595,7209,0.7485636114911081
0,3,1924145353612,7209,0.7485636114911081
0,3,1924145353613,7210,0.7529411764705882
0,3,1924145353614,7211,0.7529411764705882
0,3,1924145353615,7212,0.7619047619047619
0,3,1924145353616,7213,0.6808510638297872
0,3,1924145353617,7214,0.7619047619047619
0,3,1924145353618,7215,0.7710843373493976
0,3,1924145353619,7216,0.7710843373493976
0,3,1924145353620,7217,0.7371905203230504
0,3,1924145353621,7217,0.7371905203230504
0,3,1924145353622,7218,0.7804878048780488
0,3,1924145353733,7219,0.6590464421789723
0,3,1924145353738,7219,0.6590464421789723
0,3,1924145353739,7220,0.7442866801893171
0,3,1924145353740,7220,0.7442866801893171
0,3,1924145353741,7221,0.7233716475095786
0,3,1924145353746,7221,0.7233716475095786
0,3,1924145353747,7222,0.7111111111111111
0,3,1924145353748,7225,0.735632183908046
0,3,1924145353749,7226,0.5333333333333333
0,3,1924145353756,7227,0.735632183908046
0,3,1924145353757,7230,0.7619047619047619
0,3,1924145353762,7234,0.7804878048780488
0,3,1924145353763,7235,0.7853056308340861
0,3,1924145353764,7235,0.7853056308340861
0,3,1924145353765,7240,0.8205128205128205
0,3,1924145353771,7241,0.8
0,3,1924145353772,7242,0.810126582278481
0,3,1924145353773,7246,0.810126582278481
0,3,1924145353778,7247,0.8153197013956508
0,3,1924145353779,7247,0.8153197013956508
0,3,1924145353780,7248,0.8205128205128205
0,3,1924145353781,7249,0.8205128205128205
0,3,1924145353786,7250,0.8311688311688312
0,3,1924145353787,7253,0.8217283950617285
0,3,1924145353788,7253,0.8217283950617285
0,3,1924145353789,7257,0.703872703872704
0,3,1924145353790,7257,0.703872703872704
0,3,1924145353791,7258,0.6735042735042736
0,3,1924145353792,7258,0.6735042735042736
0,3,1924145353793,7259,0.6833500166833499
0,3,1924145353794,7259,0.6833500166833499
0,3,1924145353795,7260,0.7619047619047619
0,3,1924145353796,7266,0.810126582278481
0,3,1924145353797,7267,0.810126582278481
0,3,1924145353800,7268,0.8050632911392406
0,3,1924145353801,7268,0.8050632911392406
0,3,1924145353804,7272,0.8311688311688312
0,3,1924145353805,7273,0.8311688311688312
0,3,1924145353806,7273,0.8311688311688312
0,3,1924145353807,7274,0.8311688311688312
0,3,1924145353809,7275,0.6666666666666666
0,3,1924145353810,7278,0.8421052631578947
0,3,1924145353813,7279,0.8317299578059072
0,3,1924145353829,7279,0.8317299578059072
0,3,1924145353832,7280,0.7491493126446169
0,3,1924145353833,7280,0.7491493126446169
0,3,1924145353834,7281,0.810126582278481
0,3,1924145353835,7282,0.8205128205128205
0,3,1924145353836,7286,0.8533333333333334
0,3,1924145353837,7289,0.7529411764705882
0,3,1924145353838,7290,0.7343192248852626
0,3,1924145353839,7290,0.7343192248852626
0,3,1924145353840,7291,0.8590990990990992
0,3,1924145353841,7291,0.8590990990990992
0,3,1924145353842,7292,0.8477192982456141
0,3,1924145353926,7292,0.8477192982456141
0,3,1924145353927,7293,0.8421052631578947
0,3,1924145353928,7294,0.7173489278752436
0,3,1924145353929,7294,0.7173489278752436
0,3,1924145353930,7295,0.836637047163363
0,3,1924145353931,7295,0.836637047163363
0,3,1924145353932,7296,0.8477192982456141
0,3,1924145353935,7296,0.8477192982456141
0,3,1924145353936,7298,0.5981308411214953
0,3,1924145353938,7299,0.8648648648648649
0,3,1924145353939,7300,0.8421052631578947
0,3,1924145353942,7303,0.6213592233009708
0,3,1924145353943,7304,0.8648648648648649
0,3,1924145353946,7307,0.8648648648648649
0,3,1924145353947,7308,0.8258408258408259
0,3,1924145353948,7308,0.8258408258408259
0,3,1924145353949,7309,0.8311688311688312
0,3,1924145353950,7310,0.673322597960279
0,3,1924145353954,7310,0.673322597960279
0,3,1924145353955,7312,0.7715323166303558
0,3,1924145353956,7313,0.7529411764705882
0,3,1924145353957,7312,0.7715323166303558
0,3,1924145353962,7314,0.7619047619047619
0,3,1924145353963,7317,0.7410977242302543
0,3,1924145353964,7317,0.7410977242302543
0,3,1924145353965,7321,0.7855421686746988
0,3,1924145353969,7321,0.7855421686746988
0,3,1924145353970,7322,0.7623369256948384
0,3,1924145353971,7322,0.7623369256948384
0,3,1924145353972,7323,0.7485636114911081
0,3,1924145353973,7323,0.7485636114911081
0,3,1924145353974,7330,0.8
0,3,1924145353975,7324,0.7529411764705882
0,3,1924145353976,7330,0.8
0,3,1924145353977,7332,0.5423728813559322
0,3,1924145353978,7331,0.8
0,3,1924145353979,7334,0.6956521739130435
0,3,1924145353980,7335,0.7619047619047619
0,3,1924145353982,7336,0.7710843373493976
0,3,1924145353983,7340,0.7710843373493976
0,3,1924145353984,7341,0.7710843373493976
0,3,1924145353985,7342,0.7804878048780488
0,3,1924145353990,7343,0.5925925925925926
0,3,1924145353991,7344,0.7710843373493976
0,3,1924145353998,7345,0.7619047619047619
0,3,1924145354001,7346,0.7619047619047619
0,3,1924145354047,7346,0.7619047619047619
0,3,1924145354048,7347,0.7619047619047619
0,3,1924145354057,7349,0.7804878048780488
0,3,1924145354058,7350,0.7757860711137232
0,3,1924145354059,7350,0.7757860711137232
0,3,1924145354066,7354,0.7710843373493976
0,3,1924145354067,7355,0.64327946393378
0,3,1924145354072,7355,0.64327946393378
0,3,1924145354073,7356,0.7485636114911081
0,3,1924145354090,7356,0.7485636114911081
0,3,1924145354091,7357,0.7529411764705882
0,3,1924145354092,7358,0.7529411764705882
0,3,1924145354093,7359,0.7619047619047619
0,3,1924145354094,7360,0.6881720430107527
0,3,1924145354095,7361,0.7619047619047619
0,3,1924145354096,7362,0.7710843373493976
0,3,1924145354097,7363,0.7710843373493976
0,3,1924145354098,7364,0.7410977242302543
0,3,1924145354099,7364,0.7410977242302543
0,3,1924145354100,7365,0.7804878048780488
0,3,1924145354259,7366,0.6590464421789723
0,3,1924145354264,7366,0.6590464421789723
0,3,1924145354265,7367,0.7442866801893171
0,3,1924145354266,7367,0.7442866801893171
0,3,1924145354267,7368,0.7233716475095786
0,3,1924145354272,7368,0.7233716475095786
0,3,1924145354273,7369,0.7111111111111111
0,3,1924145354274,7372,0.735632183908046
0,3,1924145354275,7373,0.5333333333333333
0,3,1924145354284,7374,0.735632183908046
0,3,1924145354285,7377,0.7619047619047619
0,3,1924145354291,7381,0.7804878048780488
0,3,1924145354292,7382,0.7853056308340861
0,3,1924145354293,7382,0.7853056308340861
0,3,1924145354294,7387,0.8205128205128205
0,3,1924145354300,7388,0.8
0,3,1924145354301,7389,0.810126582278481
0,3,1924145354302,7393,0.810126582278481
0,3,1924145354307,7394,0.8153197013956508
0,3,1924145354308,7394,0.8153197013956508
0,3,1924145354309,7395,0.8205128205128205
0,3,1924145354310,7396,0.8205128205128205
0,3,1924145354315,7397,0.8311688311688312
0,3,1924145354316,7400,0.8217283950617285
0,3,1924145354317,7400,0.8217283950617285
0,3,1924145354318,7404,0.703872703872704
0,3,1924145354319,7404,0.703872703872704
0,3,1924145354320,7405,0.6735042735042736
0,3,1924145354321,7405,0.6735042735042736
0,3,1924145354322,7406,0.6833500166833499
0,3,1924145354323,7406,0.6833500166833499
0,3,1924145354324,7407,0.7619047619047619
0,3,1924145354325,7413,0.810126582278481
0,3,1924145354326,7414,0.810126582278481
0,3,1924145354329,7415,0.8050632911392406
0,3,1924145354330,7415,0.8050632911392406
0,3,1924145354333,7419,0.8311688311688312
0,3,1924145354334,7420,0.8311688311688312
0,3,1924145354335,7420,0.8311688311688312
0,3,1924145354336,7421,0.8311688311688312
0,3,1924145354338,7422,0.6666666666666666
0,3,1924145354339,7425,0.8421052631578947
0,3,1924145354342,7426,0.8317299578059072
0,3,1924145354377,7426,0.8317299578059072
0,3,1924145354380,7427,0.7491493126446169
0,3,1924145354381,7427,0.7491493126446169
0,3,1924145354382,7428,0.810126582278481
0,3,1924145354383,7429,0.8205128205128205
0,3,1924145354384,7433,0.8533333333333334
0,3,1924145354385,7436,0.7529411764705882
0,3,1924145354386,7437,0.8045254556882464
0,3,1924145354387,7437,0.8045254556882464
0,3,1924145354388,7438,0.8590990990990992
0,3,1924145354392,7438,0.8590990990990992
0,3,1924145354393,7439,0.8477192982456141
0,3,1924145354497,7439,0.8477192982456141
0,3,1924145354498,7440,0.8421052631578947
0,3,1924145354499,7441,0.7173489278752436
0,3,1924145354500,7441,0.7173489278752436
0,3,1924145354501,7442,0.836637047163363
0,3,1924145354506,7442,0.836637047163363
0,3,1924145354507,7443,0.8477192982456141
0,3,1924145354514,7443,0.8477192982456141
0,3,1924145354515,7445,0.5981308411214953
0,3,1924145354517,7446,0.8648648648648649
0,3,1924145354522,7447,0.8311688311688312
0,3,1924145354525,7450,0.6213592233009708
0,3,1924145354526,7451,0.8648648648648649
0,3,1924145354529,7454,0.8648648648648649
0,3,1924145354530,7455,0.8258408258408259
0,3,1924145354531,7455,0.8258408258408259
0,3,1924145354532,7456,0.8311688311688312
0,3,1924145354533,7457,0.673322597960279
0,3,1924145354534,7457,0.673322597960279
0,3,1924145354535,7459,0.7715323166303558
0,3,1924145354536,7460,0.7529411764705882
0,3,1924145354537,7459,0.7715323166303558
0,3,1924145354538,7461,0.7619047619047619
0,3,1924145354539,7464,0.7410977242302543
0,3,1924145354540,7464,0.7410977242302543
0,3,1924145354541,7468,0.7855421686746988
0,3,1924145354542,7468,0.7855421686746988
0,3,1924145354543,7469,0.7623369256948384
0,3,1924145354544,7469,0.7623369256948384
0,3,1924145354545,7470,0.7485636114911081
0,3,1924145354546,7470,0.7485636114911081
0,3,1924145354547,7477,0.8
0,3,1924145354548,7471,0.7529411764705882
0,3,1924145354549,7477,0.8
0,3,1924145354550,7479,0.5423728813559322
0,3,1924145354551,7478,0.8
0,3,1924145354552,7481,0.5245901639344263
0,3,1924145354553,7482,0.7619047619047619
0,3,1924145354555,7483,0.7710843373493976
0,3,1924145354556,7487,0.7710843373493976
0,3,1924145354557,7488,0.7710843373493976
0,3,1924145354558,7489,0.7804878048780488
0,3,1924145354563,7490,0.5925925925925926
0,3,1924145354564,7491,0.7804878048780488
0,3,1924145354571,7492,0.7619047619047619
0,3,1924145354574,7493,0.7619047619047619
0,3,1924145354607,7493,0.7619047619047619
0,3,1924145354608,7494,0.7619047619047619
0,3,1924145354616,7496,0.7804878048780488
0,3,1924145354617,7497,0.7757860711137232
0,3,1924145354618,7497,0.7757860711137232
0,3,1924145354625,7501,0.7710843373493976
0,3,1924145354626,7502,0.6986236355007118
0,3,1924145354631,7502,0.6986236355007118
0,3,1924145354632,7503,0.7485636114911081
0,3,1924145354649,7503,0.7485636114911081
0,3,1924145354650,7504,0.7529411764705882
0,3,1924145354651,7505,0.7529411764705882
0,3,1924145354652,7506,0.7619047619047619
0,3,1924145354653,7507,0.6808510638297872
0,3,1924145354654,7508,0.7619047619047619
0,3,1924145354655,7509,0.7710843373493976
0,3,1924145354656,7510,0.7710843373493976
0,3,1924145354657,7511,0.7371905203230504
0,3,1924145354658,7511,0.7371905203230504
0,3,1924145354659,7512,0.7804878048780488
0,3,1924145354764,7513,0.6590464421789723
0,3,1924145354769,7513,0.6590464421789723
0,3,1924145354770,7514,0.7442866801893171
0,3,1924145354771,7514,0.7442866801893171
0,3,1924145354772,7515,0.7233716475095786
0,3,1924145354777,7515,0.7233716475095786
0,3,1924145354778,7516,0.7111111111111111
0,3,1924145354779,7519,0.735632183908046
0,3,1924145354780,7520,0.5333333333333333
0,3,1924145354787,7521,0.735632183908046
0,3,1924145354788,7524,0.7619047619047619
0,3,1924145354793,7528,0.7804878048780488
0,3,1924145354794,7529,0.7853056308340861
0,3,1924145354795,7529,0.7853056308340861
0,3,1924145354796,7534,0.8205128205128205
0,3,1924145354802,7535,0.8
0,3,1924145354803,7536,0.810126582278481
0,3,1924145354804,7540,0.810126582278481
0,3,1924145354809,7541,0.8153197013956508
0,3,1924145354810,7541,0.8153197013956508
0,3,1924145354811,7542,0.8205128205128205
0,3,1924145354812,7543,0.8205128205128205
0,3,1924145354817,7544,0.8311688311688312
0,3,1924145354818,7547,0.8217283950617285
0,3,1924145354819,7547,0.8217283950617285
0,3,1924145354820,7551,0.703872703872704
0,3,1924145354821,7551,0.703872703872704
0,3,1924145354822,7552,0.6735042735042736
0,3,1924145354823,7552,0.6735042735042736
0,3,1924145354824,7553,0.6833500166833499
0,3,1924145354825,7553,0.6833500166833499
0,3,1924145354826,7554,0.7619047619047619
0,3,1924145354827,7560,0.810126582278481
0,3,1924145354828,7561,0.810126582278481
0,3,1924145354831,7562,0.8050632911392406
0,3,1924145354832,7562,0.8050632911392406
0,3,1924145354835,7566,0.8311688311688312
0,3,1924145354836,7567,0.8311688311688312
0,3,1924145354837,7567,0.8311688311688312
0,3,1924145354838,7568,0.8311688311688312
0,3,1924145354840,7569,0.6666666666666666
0,3,1924145354841,7572,0.8421052631578947
0,3,1924145354844,7573,0.8317299578059072
0,3,1924145354860,7573,0.8317299578059072
0,3,1924145354863,7574,0.7491493126446169
0,3,1924145354864,7574,0.7491493126446169
0,3,1924145354865,7575,0.810126582278481
0,3,1924145354866,7576,0.8205128205128205
0,3,1924145354867,7580,0.8533333333333334
0,3,1924145354868,7583,0.7529411764705882
0,3,1924145354869,7584,0.7343192248852626
0,3,1924145354870,7584,0.7343192248852626
0,3,1924145354871,7585,0.8590990990990992
0,3,1924145354872,7585,0.8590990990990992
0,3,1924145354873,7586,0.8477192982456141
0,3,1924145354949,7586,0.8477192982456141
0,3,1924145354950,7587,0.8421052631578947
0,3,1924145354951,7588,0.7173489278752436
0,3,1924145354952,7588,0.7173489278752436
0,3,1924145354953,7589,0.836637047163363
0,3,1924145354958,7589,0.836637047163363
0,3,1924145354959,7590,0.8477192982456141
0,3,1924145354966,7590,0.8477192982456141
0,3,1924145354967,7592,0.5981308411214953
0,3,1924145354969,7593,0.8648648648648649
0,3,1924145354974,7594,0.8421052631578947
0,3,1924145354977,7597,0.6213592233009708
0,3,1924145354978,7598,0.8648648648648649
0,3,1924145354981,7601,0.8648648648648649
0,3,1924145354982,7602,0.8258408258408259
0,3,1924145354983,7602,0.8258408258408259
0,3,1924145354984,7603,0.8311688311688312
0,3,1924145354985,7604,0.673322597960279
0,3,1924145354986,7604,0.673322597960279
0,3,1924145354987,7606,0.7715323166303558
0,3,1924145354988,7607,0.7529411764705882
0,3,1924145354989,7606,0.7715323166303558
0,3,1924145354990,7608,0.7619047619047619
0,3,1924145354991,7611,0.7410977242302543
0,3,1924145354992,7611,0.7410977242302543
0,3,1924145354993,7615,0.7855421686746988
0,3,1924145354994,7615,0.7855421686746988
0,3,1924145354995,7616,0.7623369256948384
0,3,1924145354996,7616,0.7623369256948384
0,3,1924145354997,7617,0.7485636114911081
0,3,1924145354998,7617,0.7485636114911081
0,3,1924145354999,7624,0.8
0,3,1924145355000,7618,0.7529411764705882
0,3,1924145355001,7624,0.8
0,3,1924145355002,7626,0.5423728813559322
0,3,1924145355003,7625,0.8
0,3,1924145355004,7628,0.6956521739130435
0,3,1924145355005,7629,0.7619047619047619
0,3,1924145355007,7630,0.7710843373493976
0,3,1924145355008,7634,0.7710843373493976
0,3,1924145355009,7635,0.7710843373493976
0,3,1924145355010,7636,0.7804878048780488
0,3,1924145355015,7637,0.5925925925925926
0,3,1924145355016,7638,0.7710843373493976
0,3,1924145355023,7639,0.7619047619047619
0,3,1924145355026,7640,0.7619047619047619
0,3,1924145355069,7640,0.7619047619047619
0,3,1924145355070,7641,0.7619047619047619
0,3,1924145355078,7643,0.7804878048780488
0,3,1924145355079,7644,0.7757860711137232
0,3,1924145355080,7644,0.7757860711137232
0,3,1924145355089,7648,0.7710843373493976
0,3,1924145355090,7649,0.64327946393378
0,3,1924145355099,7649,0.64327946393378
0,3,1924145355100,7650,0.7485636114911081
0,3,1924145355129,7650,0.7485636114911081
0,3,1924145355130,7651,0.7529411764705882
0,3,1924145355131,7652,0.7529411764705882
0,3,1924145355132,7653,0.7619047619047619
0,3,1924145355133,7654,0.6881720430107527
0,3,1924145355134,7655,0.7619047619047619
0,3,1924145355135,7656,0.7710843373493976
0,3,1924145355136,7657,0.7710843373493976
0,3,1924145355137,7658,0.7410977242302543
0,3,1924145355138,7658,0.7410977242302543
0,3,1924145355139,7659,0.7804878048780488
0,3,1924145355337,7660,0.6590464421789723
0,3,1924145355348,7660,0.6590464421789723
0,3,1924145355349,7661,0.7442866801893171
0,3,1924145355350,7661,0.7442866801893171
0,3,1924145355351,7662,0.7233716475095786
0,3,1924145355360,7662,0.7233716475095786
0,3,1924145355361,7663,0.7111111111111111
0,3,1924145355362,7666,0.735632183908046
0,3,1924145355363,7667,0.5333333333333333
0,3,1924145355379,7668,0.735632183908046
0,3,1924145355380,7671,0.7619047619047619
0,3,1924145355390,7675,0.7804878048780488
0,3,1924145355391,7676,0.7853056308340861
0,3,1924145355392,7676,0.7853056308340861
0,3,1924145355393,7681,0.8205128205128205
0,3,1924145355400,7682,0.8
0,3,1924145355401,7683,0.810126582278481
0,3,1924145355402,7687,0.810126582278481
0,3,1924145355407,7688,0.8153197013956508
0,3,1924145355408,7688,0.8153197013956508
0,3,1924145355409,7689,0.8205128205128205
0,3,1924145355410,7690,0.8205128205128205
0,3,1924145355415,7691,0.8311688311688312
0,3,1924145355416,7694,0.8217283950617285
0,3,1924145355417,7694,0.8217283950617285
0,3,1924145355418,7698,0.703872703872704
0,3,1924145355419,7698,0.703872703872704
0,3,1924145355420,7699,0.6735042735042736
0,3,1924145355421,7699,0.6735042735042736
0,3,1924145355422,7700,0.6833500166833499
0,3,1924145355423,7700,0.6833500166833499
0,3,1924145355424,7701,0.7619047619047619
0,3,1924145355425,7707,0.810126582278481
0,3,1924145355426,7708,0.810126582278481
0,3,1924145355429,7709,0.8050632911392406
0,3,1924145355430,7709,0.8050632911392406
0,3,1924145355433,7713,0.8311688311688312
0,3,1924145355434,7714,0.8311688311688312
0,3,1924145355435,7714,0.8311688311688312
0,3,1924145355436,7715,0.8311688311688312
0,3,1924145355438,7716,0.6666666666666666
0,3,1924145355439,7719,0.8421052631578947
0,3,1924145355442,7720,0.8317299578059072
0,3,1924145355458,7720,0.8317299578059072
0,3,1924145355461,7721,0.7491493126446169
0,3,1924145355462,7721,0.7491493126446169
0,3,1924145355463,7722,0.810126582278481
0,3,1924145355464,7723,0.8205128205128205
0,3,1924145355465,7727,0.8533333333333334
0,3,1924145355466,7730,0.7529411764705882
0,3,1924145355467,7731,0.8045254556882464
0,3,1924145355468,7731,0.8045254556882464
0,3,1924145355469,7732,0.8590990990990992
0,3,1924145355470,7732,0.8590990990990992
0,3,1924145355471,7733,0.8477192982456141
0,3,1924145355630,7733,0.8477192982456141
0,3,1924145355632,7734,0.8421052631578947
0,3,1924145355633,7735,0.7173489278752436
0,3,1924145355634,7735,0.7173489278752436
0,3,1924145355635,7736,0.836637047163363
0,3,1924145355641,7736,0.836637047163363
0,3,1924145355642,7737,0.8477192982456141
0,3,1924145355652,7737,0.8477192982456141
0,3,1924145355653,7739,0.5981308411214953
0,3,1924145355655,7740,0.8648648648648649
0,3,1924145355661,7741,0.8311688311688312
0,3,1924145355664,7744,0.6213592233009708
0,3,1924145355671,7745,0.8648648648648649
0,3,1924145355674,7748,0.8648648648648649
0,3,1924145355681,7749,0.8258408258408259
0,3,1924145355682,7749,0.8258408258408259
0,3,1924145355683,7750,0.8311688311688312
0,3,1924145355684,7751,0.673322597960279
0,3,1924145355687,7751,0.673322597960279
0,3,1924145355688,7753,0.7715323166303558
0,3,1924145355689,7754,0.7529411764705882
0,3,1924145355690,7753,0.7715323166303558
0,3,1924145355692,7755,0.7619047619047619
0,3,1924145355693,7758,0.7410977242302543
0,3,1924145355694,7758,0.7410977242302543
0,3,1924145355695,7762,0.7855421686746988
0,3,1924145355697,7762,0.7855421686746988
0,3,1924145355698,7763,0.7623369256948384
0,3,1924145355699,7763,0.7623369256948384
0,3,1924145355700,7764,0.7485636114911081
0,3,1924145355702,7764,0.7485636114911081
0,3,1924145355703,7771,0.8
0,3,1924145355704,7765,0.7529411764705882
0,3,1924145355705,7771,0.8
0,3,1924145355709,7773,0.5423728813559322
0,3,1924145355710,7772,0.8
0,3,1924145355711,7775,0.5245901639344263
0,3,1924145355712,7776,0.7619047619047619
0,3,1924145355715,7777,0.7710843373493976
0,3,1924145355716,7781,0.7710843373493976
0,3,1924145355717,7782,0.7710843373493976
0,3,1924145355718,7783,0.7804878048780488
0,3,1924145355729,7784,0.5925925925925926
0,3,1924145355730,7785,0.7804878048780488
0,3,1924145355743,7786,0.7619047619047619
0,3,1924145355746,7787,0.7619047619047619
0,3,1924145355788,7787,0.7619047619047619
0,3,1924145355789,7788,0.7619047619047619
0,3,1924145355798,7790,0.7804878048780488
0,3,1924145355799,7791,0.7757860711137232
0,3,1924145355800,7791,0.7757860711137232
0,3,1924145355808,7795,0.7710843373493976
0,3,1924145355809,7796,0.6986236355007118
0,3,1924145355815,7796,0.6986236355007118
0,3,1924145355816,7797,0.7485636114911081
0,3,1924145355847,7797,0.7485636114911081
0,3,1924145355854,7798,0.7529411764705882
0,3,1924145355855,7799,0.7529411764705882
0,3,1924145355856,7800,0.7619047619047619
0,3,1924145355857,7801,0.6808510638297872
0,3,1924145355864,7802,0.7619047619047619
0,3,1924145355865,7803,0.7710843373493976
0,3,1924145355866,7804,0.7710843373493976
0,3,1924145355867,7805,0.7371905203230504
0,3,1924145355869,7805,0.7371905203230504
0,3,1924145355870,7806,0.7804878048780488
0,3,1924145356044,7807,0.6590464421789723
0,3,1924145356050,7807,0.6590464421789723
0,3,1924145356051,7808,0.7442866801893171
0,3,1924145356052,7808,0.7442866801893171
0,3,1924145356053,7809,0.7233716475095786
0,3,1924145356059,7809,0.7233716475095786
0,3,1924145356060,7810,0.7111111111111111
0,3,1924145356061,7813,0.735632183908046
0,3,1924145356062,7814,0.5333333333333333
0,3,1924145356070,7815,0.735632183908046
0,3,1924145356071,7818,0.7619047619047619
0,3,1924145356077,7822,0.7804878048780488
0,3,1924145356078,7823,0.7853056308340861
0,3,1924145356079,7823,0.7853056308340861
0,3,1924145356080,7828,0.8205128205128205
0,3,1924145356090,7829,0.8
0,3,1924145356091,7830,0.810126582278481
0,3,1924145356092,7834,0.810126582278481
0,3,1924145356098,7835,0.8153197013956508
0,3,1924145356099,7835,0.8153197013956508
0,3,1924145356100,7836,0.8205128205128205
0,3,1924145356101,7837,0.8205128205128205
0,3,1924145356111,7838,0.8311688311688312
0,3,1924145356112,7841,0.8217283950617285
0,3,1924145356113,7841,0.8217283950617285
0,3,1924145356114,7845,0.703872703872704
0,3,1924145356120,7845,0.703872703872704
0,3,1924145356121,7846,0.6735042735042736
0,3,1924145356122,7846,0.6735042735042736
0,3,1924145356123,7847,0.6833500166833499
0,3,1924145356126,7847,0.6833500166833499
0,3,1924145356127,7848,0.7619047619047619
0,3,1924145356128,7854,0.810126582278481
0,3,1924145356129,7855,0.810126582278481
0,3,1924145356133,7856,0.8050632911392406
0,3,1924145356134,7856,0.8050632911392406
0,3,1924145356138,7860,0.8311688311688312
0,3,1924145356139,7861,0.8311688311688312
0,3,1924145356141,7861,0.8311688311688312
0,3,1924145356142,7862,0.8311688311688312
0,3,1924145356144,7863,0.6666666666666666
0,3,1924145356148,7866,0.8421052631578947
0,3,1924145356151,7867,0.8317299578059072
0,3,1924145356183,7867,0.8317299578059072
0,3,1924145356186,7868,0.7491493126446169
0,3,1924145356192,7868,0.7491493126446169
0,3,1924145356193,7869,0.810126582278481
0,3,1924145356194,7870,0.8205128205128205
0,3,1924145356195,7874,0.8533333333333334
0,3,1924145356202,7877,0.7529411764705882
0,3,1924145356203,7878,0.7343192248852626
0,3,1924145356204,7878,0.7343192248852626
0,3,1924145356205,7879,0.8590990990990992
0,3,1924145356208,7879,0.8590990990990992
0,3,1924145356209,7880,0.8477192982456141
0,3,1924145356358,7880,0.8477192982456141
0,3,1924145356359,7881,0.8421052631578947
0,3,1924145356360,7882,0.7173489278752436
0,3,1924145356361,7882,0.7173489278752436
0,3,1924145356362,7883,0.836637047163363
0,3,1924145356367,7883,0.836637047163363
0,3,1924145356368,7884,0.8477192982456141
0,3,1924145356375,7884,0.8477192982456141
0,3,1924145356376,7886,0.5981308411214953
0,3,1924145356378,7887,0.8648648648648649
0,3,1924145356386,7888,0.8421052631578947
0,3,1924145356389,7891,0.6213592233009708
0,3,1924145356390,7892,0.8648648648648649
0,3,1924145356393,7895,0.8648648648648649
0,3,1924145356399,7896,0.8258408258408259
0,3,1924145356400,7896,0.8258408258408259
0,3,1924145356401,7897,0.8311688311688312
0,3,1924145356402,7898,0.673322597960279
0,3,1924145356408,7898,0.673322597960279
0,3,1924145356409,7900,0.7715323166303558
0,3,1924145356410,7901,0.7529411764705882
0,3,1924145356411,7900,0.7715323166303558
0,3,1924145356412,7902,0.7619047619047619
0,3,1924145356413,7905,0.7410977242302543
0,3,1924145356414,7905,0.7410977242302543
0,3,1924145356415,7909,0.7855421686746988
0,3,1924145356416,7909,0.7855421686746988
0,3,1924145356417,7910,0.7623369256948384
0,3,1924145356418,7910,0.7623369256948384
0,3,1924145356419,7911,0.7485636114911081
0,3,1924145356420,7911,0.7485636114911081
0,3,1924145356421,7918,0.8
0,3,1924145356422,7912,0.7529411764705882
0,3,1924145356423,7918,0.8
0,3,1924145356424,7920,0.5423728813559322
0,3,1924145356425,7919,0.8
0,3,1924145356426,7922,0.6956521739130435
0,3,1924145356427,7923,0.7619047619047619
0,3,1924145356430,7924,0.7710843373493976
0,3,1924145356431,7928,0.7710843373493976
0,3,1924145356432,7929,0.7710843373493976
0,3,1924145356433,7930,0.7804878048780488
0,3,1924145356439,7931,0.5925925925925926
0,3,1924145356440,7932,0.7710843373493976
0,3,1924145356448,7933,0.7619047619047619
0,3,1924145356451,7934,0.7619047619047619
0,3,1924145356499,7934,0.7619047619047619
0,3,1924145356500,7935,0.7619047619047619
0,3,1924145356513,7937,0.7804878048780488
0,3,1924145356514,7938,0.7757860711137232
0,3,1924145356515,7938,0.7757860711137232
0,3,1924145356524,7942,0.7710843373493976
0,3,1924145356525,7943,0.64327946393378
0,3,1924145356531,7943,0.64327946393378
0,3,1924145356532,7944,0.7485636114911081
0,3,1924145356575,7944,0.7485636114911081
0,3,1924145356577,7945,0.7529411764705882
0,3,1924145356578,7946,0.7529411764705882
0,3,1924145356579,7947,0.7619047619047619
0,3,1924145356580,7948,0.6881720430107527
0,3,1924145356584,7949,0.7619047619047619
0,3,1924145356585,7950,0.7710843373493976
0,3,1924145356586,7951,0.7710843373493976
0,3,1924145356587,7952,0.7410977242302543
0,3,1924145356589,7952,0.7410977242302543
0,3,1924145356590,7953,0.7804878048780488
0,3,1924145356789,7954,0.6590464421789723
0,3,1924145356795,7954,0.6590464421789723
0,3,1924145356796,7955,0.7442866801893171
0,3,1924145356797,7955,0.7442866801893171
0,3,1924145356798,7956,0.7233716475095786
0,3,1924145356804,7956,0.7233716475095786
0,3,1924145356805,7957,0.7111111111111111
0,3,1924145356806,7960,0.735632183908046
0,3,1924145356807,7961,0.5333333333333333
0,3,1924145356816,7962,0.735632183908046
0,3,1924145356817,7965,0.7619047619047619
0,3,1924145356824,7969,0.7804878048780488
0,3,1924145356825,7970,0.7853056308340861
0,3,1924145356826,7970,0.7853056308340861
0,3,1924145356827,7975,0.8205128205128205
0,3,1924145356835,7976,0.8
0,3,1924145356836,7977,0.810126582278481
0,3,1924145356837,7981,0.810126582278481
0,3,1924145356844,7982,0.8153197013956508
0,3,1924145356845,7982,0.8153197013956508
0,3,1924145356846,7983,0.8205128205128205
0,3,1924145356847,7984,0.8205128205128205
0,3,1924145356854,7985,0.8311688311688312
0,3,1924145356855,7988,0.8217283950617285
0,3,1924145356856,7988,0.8217283950617285
0,3,1924145356857,7992,0.703872703872704
0,3,1924145356860,7992,0.703872703872704
0,3,1924145356861,7993,0.6735042735042736
0,3,1924145356862,7993,0.6735042735042736
0,3,1924145356863,7994,0.6833500166833499
0,3,1924145356866,7994,0.6833500166833499
0,3,1924145356867,7995,0.7619047619047619
0,3,1924145356868,8001,0.810126582278481
0,3,1924145356869,8002,0.810126582278481
0,3,1924145356874,8003,0.8050632911392406
0,3,1924145356875,8003,0.8050632911392406
0,3,1924145356880,8007,0.8311688311688312
0,3,1924145356881,8008,0.8311688311688312
0,3,1924145356884,8008,0.8311688311688312
0,3,1924145356885,8009,0.8311688311688312
0,3,1924145356887,8010,0.6666666666666666
0,3,1924145356890,8013,0.8421052631578947
0,3,1924145356893,8014,0.8317299578059072
0,3,1924145356925,8014,0.8317299578059072
0,3,1924145356928,8015,0.7491493126446169
0,3,1924145356931,8015,0.7491493126446169
0,3,1924145356932,8016,0.810126582278481
0,3,1924145356933,8017,0.8205128205128205
0,3,1924145356934,8021,0.8533333333333334
0,3,1924145356937,8024,0.7529411764705882
0,3,1924145356938,8025,0.8045254556882464
0,3,1924145356939,8025,0.8045254556882464
0,3,1924145356940,8026,0.8590990990990992
0,3,1924145356943,8026,0.8590990990990992
0,3,1924145356944,8027,0.8477192982456141
0,3,1924145357070,8027,0.8477192982456141
0,3,1924145357075,8028,0.8421052631578947
0,3,1924145357076,8029,0.7173489278752436
0,3,1924145357077,8029,0.7173489278752436
0,3,1924145357078,8030,0.836637047163363
0,3,1924145357080,8030,0.836637047163363
0,3,1924145357081,8031,0.8477192982456141
0,3,1924145357085,8031,0.8477192982456141
0,3,1924145357086,8033,0.5981308411214953
0,3,1924145357088,8034,0.8648648648648649
0,3,1924145357093,8035,0.8311688311688312
0,3,1924145357096,8038,0.6153846153846154
0,3,1924145357098,8039,0.8648648648648649
0,3,1924145357101,8042,0.8648648648648649
0,3,1924145357103,8043,0.8258408258408259
0,3,1924145357104,8043,0.8258408258408259
0,3,1924145357105,8044,0.8311688311688312
0,3,1924145357106,8045,0.673322597960279
0,3,1924145357108,8045,0.673322597960279
0,3,1924145357109,8047,0.7715323166303558
0,3,1924145357110,8048,0.7529411764705882
0,3,1924145357111,8047,0.7715323166303558
0,3,1924145357113,8049,0.7619047619047619
0,3,1924145357114,8052,0.7152847152847153
0,3,1924145357115,8052,0.7152847152847153
0,3,1924145357116,8056,0.7442866801893171
0,3,1924145357119,8056,0.7442866801893171
0,3,1924145357120,8057,0.6736842105263158
0,3,1924145357121,8057,0.6736842105263158
0,3,1924145357122,8058,0.6736842105263158
0,3,1924145357124,8058,0.6736842105263158
0,3,1924145357125,8065,0.7072039072039072
0,3,1924145357126,8059,0.6736842105263158
0,3,1924145357127,8065,0.7072039072039072
0,3,1924145357129,8067,0.6881720430107527
0,3,1924145357130,8066,0.7111111111111111
0,3,1924145357131,8069,0.7032967032967034
0,3,1924145357132,8070,0.6956521739130435
0,3,1924145357135,8071,0.6881720430107527
0,3,1924145357136,8075,0.7191011235955056
0,3,1924145357137,8076,0.7191011235955056
0,3,1924145357138,8077,0.512
0,3,1924145357144,8078,0.022590893046240734
0,3,1924145357145,8078,0.022590893046240734
0,3,1924145357153,8078,0.022590893046240734
0,3,1924145357156,8078,0.022590893046240734
0,3,1924145357176,8078,0.022590893046240734
0,3,1924145357177,8078,0.022590893046240734
0,3,1924145357182,8078,0.022590893046240734
0,3,1924145357183,8078,0.022590893046240734
0,3,1924145357184,8078,0.022590893046240734
0,3,1924145357188,8078,0.022590893046240734
0,3,1924145357189,8078,0.022590893046240734
0,3,1924145357191,8078,0.022590893046240734
0,3,1924145357192,8078,0.022590893046240734
0,3,1924145357251,8078,0.022590893046240734
0,3,1924145357252,8078,0.022590893046240734
0,3,1924145357253,8078,0.022590893046240734
0,3,1924145357259,8078,0.022590893046240734
0,3,1924145357260,8078,0.022590893046240734
0,3,1924145357261,8078,0.022590893046240734
0,3,1924145357262,8078,0.022590893046240734
0,3,1924145357263,8078,0.022590893046240734
0,3,1924145357264,8078,0.022590893046240734
0,3,1924145357265,8078,0.022590893046240734
0,3,1924145357266,8078,0.022590893046240734
0,3,1924145357267,8078,0.022590893046240734
0,3,1924145357268,8078,0.022590893046240734
0,3,1924145357269,8078,0.022590893046240734
0,3,1924145357270,8078,0.022590893046240734
0,3,1924145357271,8078,0.022590893046240734
0,3,1924145357272,8078,0.022590893046240734
0,3,1924145357273,8078,0.022590893046240734
0,3,1924145357276,8078,0.022590893046240734
