ExecInstrId,InstrName,AccessedAddress
,,0
,,4
,,8
,,12
,,16
,,20
,,24
,,28
,,32
,,36
,,40
,,44
,,48
,,52
,,56
,,60
,,64
,,68
,,72
,,76
,,80
,,84
,,88
,,92
,,96
,,100
,,104
,,108
,,112
,,116
,,120
,,124
,,128
,,132
,,136
,,140
,,144
,,148
,,152
,,156
,,160
,,164
,,168
,,172
,,176
,,180
,,184
,,188
,,192
,,196
,,200
,,204
,,208
,,212
,,216
,,220
,,224
,,228
,,232
,,236
,,240
,,244
,,248
,,252
,,256
,,260
,,264
,,268
,,272
,,276
,,280
,,284
,,288
,,292
,,296
,,300
,,304
,,308
,,312
,,316
,,320
,,324
,,328
,,332
,,336
,,340
,,344
,,348
,,352
,,356
,,360
,,364
,,368
,,372
,,376
,,380
,,384
,,388
,,392
,,396
,,400
,,404
,,408
,,412
,,416
,,420
,,424
,,428
,,432
,,436
,,440
,,444
,,448
,,452
,,456
,,460
,,464
,,468
,,472
,,476
,,480
,,484
,,488
,,492
,,496
,,500
,,504
,,508
60198261624193,RV_VLD,0
60198261624193,RV_VLD,4
60198261624193,RV_VLD,8
60198261624193,RV_VLD,12
60198261624193,RV_VLD,16
60198261624193,RV_VLD,20
60198261624193,RV_VLD,24
60198261624193,RV_VLD,28
60198261624193,RV_VLD,32
60198261624193,RV_VLD,36
60198261624193,RV_VLD,40
60198261624193,RV_VLD,44
60198261624193,RV_VLD,48
60198261624193,RV_VLD,52
60198261624193,RV_VLD,56
60198261624193,RV_VLD,60
60198261624193,RV_VLD,64
60198261624193,RV_VLD,68
60198261624193,RV_VLD,72
60198261624193,RV_VLD,76
60198261624193,RV_VLD,80
60198261624193,RV_VLD,84
60198261624193,RV_VLD,88
60198261624193,RV_VLD,92
60198261624193,RV_VLD,96
60198261624193,RV_VLD,100
60198261624193,RV_VLD,104
60198261624193,RV_VLD,108
60198261624193,RV_VLD,112
60198261624193,RV_VLD,116
60198261624193,RV_VLD,120
60198261624193,RV_VLD,124
60198261624193,RV_VLD,128
60198261624193,RV_VLD,132
60198261624193,RV_VLD,136
60198261624193,RV_VLD,140
60198261624193,RV_VLD,144
60198261624193,RV_VLD,148
60198261624193,RV_VLD,152
60198261624193,RV_VLD,156
60198261624193,RV_VLD,160
60198261624193,RV_VLD,164
60198261624193,RV_VLD,168
60198261624193,RV_VLD,172
60198261624193,RV_VLD,176
60198261624193,RV_VLD,180
60198261624193,RV_VLD,184
60198261624193,RV_VLD,188
60198261624193,RV_VLD,192
60198261624193,RV_VLD,196
60198261624193,RV_VLD,200
60198261624193,RV_VLD,204
60198261624193,RV_VLD,208
60198261624193,RV_VLD,212
60198261624193,RV_VLD,216
60198261624193,RV_VLD,220
60198261624193,RV_VLD,224
60198261624193,RV_VLD,228
60198261624193,RV_VLD,232
60198261624193,RV_VLD,236
60198261624193,RV_VLD,240
60198261624193,RV_VLD,244
60198261624193,RV_VLD,248
60198261624193,RV_VLD,252
59098749996420,RV_VST,2048
59098749996420,RV_VST,2052
59098749996420,RV_VST,2056
59098749996420,RV_VST,2060
59098749996420,RV_VST,2064
59098749996420,RV_VST,2068
59098749996420,RV_VST,2072
59098749996420,RV_VST,2076
59098749996420,RV_VST,2080
59098749996420,RV_VST,2084
59098749996420,RV_VST,2088
59098749996420,RV_VST,2092
59098749996420,RV_VST,2096
59098749996420,RV_VST,2100
59098749996420,RV_VST,2104
59098749996420,RV_VST,2108
59098749996420,RV_VST,2112
59098749996420,RV_VST,2116
59098749996420,RV_VST,2120
59098749996420,RV_VST,2124
59098749996420,RV_VST,2128
59098749996420,RV_VST,2132
59098749996420,RV_VST,2136
59098749996420,RV_VST,2140
59098749996420,RV_VST,2144
59098749996420,RV_VST,2148
59098749996420,RV_VST,2152
59098749996420,RV_VST,2156
59098749996420,RV_VST,2160
59098749996420,RV_VST,2164
59098749996420,RV_VST,2168
59098749996420,RV_VST,2172
59098749996420,RV_VST,2176
59098749996420,RV_VST,2180
59098749996420,RV_VST,2184
59098749996420,RV_VST,2188
59098749996420,RV_VST,2192
59098749996420,RV_VST,2196
59098749996420,RV_VST,2200
59098749996420,RV_VST,2204
59098749996420,RV_VST,2208
59098749996420,RV_VST,2212
59098749996420,RV_VST,2216
59098749996420,RV_VST,2220
59098749996420,RV_VST,2224
59098749996420,RV_VST,2228
59098749996420,RV_VST,2232
59098749996420,RV_VST,2236
59098749996420,RV_VST,2240
59098749996420,RV_VST,2244
59098749996420,RV_VST,2248
59098749996420,RV_VST,2252
59098749996420,RV_VST,2256
59098749996420,RV_VST,2260
59098749996420,RV_VST,2264
59098749996420,RV_VST,2268
59098749996420,RV_VST,2272
59098749996420,RV_VST,2276
59098749996420,RV_VST,2280
59098749996420,RV_VST,2284
59098749996420,RV_VST,2288
59098749996420,RV_VST,2292
59098749996420,RV_VST,2296
59098749996420,RV_VST,2300
60198261624201,RV_VLD,256
60198261624201,RV_VLD,260
60198261624201,RV_VLD,264
60198261624201,RV_VLD,268
60198261624201,RV_VLD,272
60198261624201,RV_VLD,276
60198261624201,RV_VLD,280
60198261624201,RV_VLD,284
60198261624201,RV_VLD,288
60198261624201,RV_VLD,292
60198261624201,RV_VLD,296
60198261624201,RV_VLD,300
60198261624201,RV_VLD,304
60198261624201,RV_VLD,308
60198261624201,RV_VLD,312
60198261624201,RV_VLD,316
60198261624201,RV_VLD,320
60198261624201,RV_VLD,324
60198261624201,RV_VLD,328
60198261624201,RV_VLD,332
60198261624201,RV_VLD,336
60198261624201,RV_VLD,340
60198261624201,RV_VLD,344
60198261624201,RV_VLD,348
60198261624201,RV_VLD,352
60198261624201,RV_VLD,356
60198261624201,RV_VLD,360
60198261624201,RV_VLD,364
60198261624201,RV_VLD,368
60198261624201,RV_VLD,372
60198261624201,RV_VLD,376
60198261624201,RV_VLD,380
60198261624201,RV_VLD,384
60198261624201,RV_VLD,388
60198261624201,RV_VLD,392
60198261624201,RV_VLD,396
60198261624201,RV_VLD,400
60198261624201,RV_VLD,404
60198261624201,RV_VLD,408
60198261624201,RV_VLD,412
60198261624201,RV_VLD,416
60198261624201,RV_VLD,420
60198261624201,RV_VLD,424
60198261624201,RV_VLD,428
60198261624201,RV_VLD,432
60198261624201,RV_VLD,436
60198261624201,RV_VLD,440
60198261624201,RV_VLD,444
60198261624201,RV_VLD,448
60198261624201,RV_VLD,452
60198261624201,RV_VLD,456
60198261624201,RV_VLD,460
60198261624201,RV_VLD,464
60198261624201,RV_VLD,468
60198261624201,RV_VLD,472
60198261624201,RV_VLD,476
60198261624201,RV_VLD,480
60198261624201,RV_VLD,484
60198261624201,RV_VLD,488
60198261624201,RV_VLD,492
60198261624201,RV_VLD,496
60198261624201,RV_VLD,500
60198261624201,RV_VLD,504
60198261624201,RV_VLD,508
59098749996428,RV_VST,2304
59098749996428,RV_VST,2308
59098749996428,RV_VST,2312
59098749996428,RV_VST,2316
59098749996428,RV_VST,2320
59098749996428,RV_VST,2324
59098749996428,RV_VST,2328
59098749996428,RV_VST,2332
59098749996428,RV_VST,2336
59098749996428,RV_VST,2340
59098749996428,RV_VST,2344
59098749996428,RV_VST,2348
59098749996428,RV_VST,2352
59098749996428,RV_VST,2356
59098749996428,RV_VST,2360
59098749996428,RV_VST,2364
59098749996428,RV_VST,2368
59098749996428,RV_VST,2372
59098749996428,RV_VST,2376
59098749996428,RV_VST,2380
59098749996428,RV_VST,2384
59098749996428,RV_VST,2388
59098749996428,RV_VST,2392
59098749996428,RV_VST,2396
59098749996428,RV_VST,2400
59098749996428,RV_VST,2404
59098749996428,RV_VST,2408
59098749996428,RV_VST,2412
59098749996428,RV_VST,2416
59098749996428,RV_VST,2420
59098749996428,RV_VST,2424
59098749996428,RV_VST,2428
59098749996428,RV_VST,2432
59098749996428,RV_VST,2436
59098749996428,RV_VST,2440
59098749996428,RV_VST,2444
59098749996428,RV_VST,2448
59098749996428,RV_VST,2452
59098749996428,RV_VST,2456
59098749996428,RV_VST,2460
59098749996428,RV_VST,2464
59098749996428,RV_VST,2468
59098749996428,RV_VST,2472
59098749996428,RV_VST,2476
59098749996428,RV_VST,2480
59098749996428,RV_VST,2484
59098749996428,RV_VST,2488
59098749996428,RV_VST,2492
59098749996428,RV_VST,2496
59098749996428,RV_VST,2500
59098749996428,RV_VST,2504
59098749996428,RV_VST,2508
59098749996428,RV_VST,2512
59098749996428,RV_VST,2516
59098749996428,RV_VST,2520
59098749996428,RV_VST,2524
59098749996428,RV_VST,2528
59098749996428,RV_VST,2532
59098749996428,RV_VST,2536
59098749996428,RV_VST,2540
59098749996428,RV_VST,2544
59098749996428,RV_VST,2548
59098749996428,RV_VST,2552
59098749996428,RV_VST,2556
60198261624216,RV_VLD,2048
60198261624216,RV_VLD,2052
60198261624216,RV_VLD,2056
60198261624216,RV_VLD,2060
60198261624216,RV_VLD,2064
60198261624216,RV_VLD,2068
60198261624216,RV_VLD,2072
60198261624216,RV_VLD,2076
60198261624216,RV_VLD,2080
60198261624216,RV_VLD,2084
60198261624216,RV_VLD,2088
60198261624216,RV_VLD,2092
60198261624216,RV_VLD,2096
60198261624216,RV_VLD,2100
60198261624216,RV_VLD,2104
60198261624216,RV_VLD,2108
60198261624216,RV_VLD,2112
60198261624216,RV_VLD,2116
60198261624216,RV_VLD,2120
60198261624216,RV_VLD,2124
60198261624216,RV_VLD,2128
60198261624216,RV_VLD,2132
60198261624216,RV_VLD,2136
60198261624216,RV_VLD,2140
60198261624216,RV_VLD,2144
60198261624216,RV_VLD,2148
60198261624216,RV_VLD,2152
60198261624216,RV_VLD,2156
60198261624216,RV_VLD,2160
60198261624216,RV_VLD,2164
60198261624216,RV_VLD,2168
60198261624216,RV_VLD,2172
60198261624216,RV_VLD,2176
60198261624216,RV_VLD,2180
60198261624216,RV_VLD,2184
60198261624216,RV_VLD,2188
60198261624216,RV_VLD,2192
60198261624216,RV_VLD,2196
60198261624216,RV_VLD,2200
60198261624216,RV_VLD,2204
60198261624216,RV_VLD,2208
60198261624216,RV_VLD,2212
60198261624216,RV_VLD,2216
60198261624216,RV_VLD,2220
60198261624216,RV_VLD,2224
60198261624216,RV_VLD,2228
60198261624216,RV_VLD,2232
60198261624216,RV_VLD,2236
60198261624216,RV_VLD,2240
60198261624216,RV_VLD,2244
60198261624216,RV_VLD,2248
60198261624216,RV_VLD,2252
60198261624216,RV_VLD,2256
60198261624216,RV_VLD,2260
60198261624216,RV_VLD,2264
60198261624216,RV_VLD,2268
60198261624216,RV_VLD,2272
60198261624216,RV_VLD,2276
60198261624216,RV_VLD,2280
60198261624216,RV_VLD,2284
60198261624216,RV_VLD,2288
60198261624216,RV_VLD,2292
60198261624216,RV_VLD,2296
60198261624216,RV_VLD,2300
59098749996444,RV_VST,2048
59098749996444,RV_VST,2052
59098749996444,RV_VST,2056
59098749996444,RV_VST,2060
59098749996444,RV_VST,2064
59098749996444,RV_VST,2068
59098749996444,RV_VST,2072
59098749996444,RV_VST,2076
59098749996444,RV_VST,2080
59098749996444,RV_VST,2084
59098749996444,RV_VST,2088
59098749996444,RV_VST,2092
59098749996444,RV_VST,2096
59098749996444,RV_VST,2100
59098749996444,RV_VST,2104
59098749996444,RV_VST,2108
59098749996444,RV_VST,2112
59098749996444,RV_VST,2116
59098749996444,RV_VST,2120
59098749996444,RV_VST,2124
59098749996444,RV_VST,2128
59098749996444,RV_VST,2132
59098749996444,RV_VST,2136
59098749996444,RV_VST,2140
59098749996444,RV_VST,2144
59098749996444,RV_VST,2148
59098749996444,RV_VST,2152
59098749996444,RV_VST,2156
59098749996444,RV_VST,2160
59098749996444,RV_VST,2164
59098749996444,RV_VST,2168
59098749996444,RV_VST,2172
59098749996444,RV_VST,2176
59098749996444,RV_VST,2180
59098749996444,RV_VST,2184
59098749996444,RV_VST,2188
59098749996444,RV_VST,2192
59098749996444,RV_VST,2196
59098749996444,RV_VST,2200
59098749996444,RV_VST,2204
59098749996444,RV_VST,2208
59098749996444,RV_VST,2212
59098749996444,RV_VST,2216
59098749996444,RV_VST,2220
59098749996444,RV_VST,2224
59098749996444,RV_VST,2228
59098749996444,RV_VST,2232
59098749996444,RV_VST,2236
59098749996444,RV_VST,2240
59098749996444,RV_VST,2244
59098749996444,RV_VST,2248
59098749996444,RV_VST,2252
59098749996444,RV_VST,2256
59098749996444,RV_VST,2260
59098749996444,RV_VST,2264
59098749996444,RV_VST,2268
59098749996444,RV_VST,2272
59098749996444,RV_VST,2276
59098749996444,RV_VST,2280
59098749996444,RV_VST,2284
59098749996444,RV_VST,2288
59098749996444,RV_VST,2292
59098749996444,RV_VST,2296
59098749996444,RV_VST,2300
60198261624221,RV_VLD,2304
60198261624221,RV_VLD,2308
60198261624221,RV_VLD,2312
60198261624221,RV_VLD,2316
60198261624221,RV_VLD,2320
60198261624221,RV_VLD,2324
60198261624221,RV_VLD,2328
60198261624221,RV_VLD,2332
60198261624221,RV_VLD,2336
60198261624221,RV_VLD,2340
60198261624221,RV_VLD,2344
60198261624221,RV_VLD,2348
60198261624221,RV_VLD,2352
60198261624221,RV_VLD,2356
60198261624221,RV_VLD,2360
60198261624221,RV_VLD,2364
60198261624221,RV_VLD,2368
60198261624221,RV_VLD,2372
60198261624221,RV_VLD,2376
60198261624221,RV_VLD,2380
60198261624221,RV_VLD,2384
60198261624221,RV_VLD,2388
60198261624221,RV_VLD,2392
60198261624221,RV_VLD,2396
60198261624221,RV_VLD,2400
60198261624221,RV_VLD,2404
60198261624221,RV_VLD,2408
60198261624221,RV_VLD,2412
60198261624221,RV_VLD,2416
60198261624221,RV_VLD,2420
60198261624221,RV_VLD,2424
60198261624221,RV_VLD,2428
60198261624221,RV_VLD,2432
60198261624221,RV_VLD,2436
60198261624221,RV_VLD,2440
60198261624221,RV_VLD,2444
60198261624221,RV_VLD,2448
60198261624221,RV_VLD,2452
60198261624221,RV_VLD,2456
60198261624221,RV_VLD,2460
60198261624221,RV_VLD,2464
60198261624221,RV_VLD,2468
60198261624221,RV_VLD,2472
60198261624221,RV_VLD,2476
60198261624221,RV_VLD,2480
60198261624221,RV_VLD,2484
60198261624221,RV_VLD,2488
60198261624221,RV_VLD,2492
60198261624221,RV_VLD,2496
60198261624221,RV_VLD,2500
60198261624221,RV_VLD,2504
60198261624221,RV_VLD,2508
60198261624221,RV_VLD,2512
60198261624221,RV_VLD,2516
60198261624221,RV_VLD,2520
60198261624221,RV_VLD,2524
60198261624221,RV_VLD,2528
60198261624221,RV_VLD,2532
60198261624221,RV_VLD,2536
60198261624221,RV_VLD,2540
60198261624221,RV_VLD,2544
60198261624221,RV_VLD,2548
60198261624221,RV_VLD,2552
60198261624221,RV_VLD,2556
59098749996449,RV_VST,2304
59098749996449,RV_VST,2308
59098749996449,RV_VST,2312
59098749996449,RV_VST,2316
59098749996449,RV_VST,2320
59098749996449,RV_VST,2324
59098749996449,RV_VST,2328
59098749996449,RV_VST,2332
59098749996449,RV_VST,2336
59098749996449,RV_VST,2340
59098749996449,RV_VST,2344
59098749996449,RV_VST,2348
59098749996449,RV_VST,2352
59098749996449,RV_VST,2356
59098749996449,RV_VST,2360
59098749996449,RV_VST,2364
59098749996449,RV_VST,2368
59098749996449,RV_VST,2372
59098749996449,RV_VST,2376
59098749996449,RV_VST,2380
59098749996449,RV_VST,2384
59098749996449,RV_VST,2388
59098749996449,RV_VST,2392
59098749996449,RV_VST,2396
59098749996449,RV_VST,2400
59098749996449,RV_VST,2404
59098749996449,RV_VST,2408
59098749996449,RV_VST,2412
59098749996449,RV_VST,2416
59098749996449,RV_VST,2420
59098749996449,RV_VST,2424
59098749996449,RV_VST,2428
59098749996449,RV_VST,2432
59098749996449,RV_VST,2436
59098749996449,RV_VST,2440
59098749996449,RV_VST,2444
59098749996449,RV_VST,2448
59098749996449,RV_VST,2452
59098749996449,RV_VST,2456
59098749996449,RV_VST,2460
59098749996449,RV_VST,2464
59098749996449,RV_VST,2468
59098749996449,RV_VST,2472
59098749996449,RV_VST,2476
59098749996449,RV_VST,2480
59098749996449,RV_VST,2484
59098749996449,RV_VST,2488
59098749996449,RV_VST,2492
59098749996449,RV_VST,2496
59098749996449,RV_VST,2500
59098749996449,RV_VST,2504
59098749996449,RV_VST,2508
59098749996449,RV_VST,2512
59098749996449,RV_VST,2516
59098749996449,RV_VST,2520
59098749996449,RV_VST,2524
59098749996449,RV_VST,2528
59098749996449,RV_VST,2532
59098749996449,RV_VST,2536
59098749996449,RV_VST,2540
59098749996449,RV_VST,2544
59098749996449,RV_VST,2548
59098749996449,RV_VST,2552
59098749996449,RV_VST,2556
60198261624237,RV_VLD,2048
60198261624237,RV_VLD,2052
60198261624237,RV_VLD,2056
60198261624237,RV_VLD,2060
60198261624237,RV_VLD,2064
60198261624237,RV_VLD,2068
60198261624237,RV_VLD,2072
60198261624237,RV_VLD,2076
60198261624237,RV_VLD,2080
60198261624237,RV_VLD,2084
60198261624237,RV_VLD,2088
60198261624237,RV_VLD,2092
60198261624237,RV_VLD,2096
60198261624237,RV_VLD,2100
60198261624237,RV_VLD,2104
60198261624237,RV_VLD,2108
60198261624237,RV_VLD,2112
60198261624237,RV_VLD,2116
60198261624237,RV_VLD,2120
60198261624237,RV_VLD,2124
60198261624237,RV_VLD,2128
60198261624237,RV_VLD,2132
60198261624237,RV_VLD,2136
60198261624237,RV_VLD,2140
60198261624237,RV_VLD,2144
60198261624237,RV_VLD,2148
60198261624237,RV_VLD,2152
60198261624237,RV_VLD,2156
60198261624237,RV_VLD,2160
60198261624237,RV_VLD,2164
60198261624237,RV_VLD,2168
60198261624237,RV_VLD,2172
60198261624237,RV_VLD,2176
60198261624237,RV_VLD,2180
60198261624237,RV_VLD,2184
60198261624237,RV_VLD,2188
60198261624237,RV_VLD,2192
60198261624237,RV_VLD,2196
60198261624237,RV_VLD,2200
60198261624237,RV_VLD,2204
60198261624237,RV_VLD,2208
60198261624237,RV_VLD,2212
60198261624237,RV_VLD,2216
60198261624237,RV_VLD,2220
60198261624237,RV_VLD,2224
60198261624237,RV_VLD,2228
60198261624237,RV_VLD,2232
60198261624237,RV_VLD,2236
60198261624237,RV_VLD,2240
60198261624237,RV_VLD,2244
60198261624237,RV_VLD,2248
60198261624237,RV_VLD,2252
60198261624237,RV_VLD,2256
60198261624237,RV_VLD,2260
60198261624237,RV_VLD,2264
60198261624237,RV_VLD,2268
60198261624237,RV_VLD,2272
60198261624237,RV_VLD,2276
60198261624237,RV_VLD,2280
60198261624237,RV_VLD,2284
60198261624237,RV_VLD,2288
60198261624237,RV_VLD,2292
60198261624237,RV_VLD,2296
60198261624237,RV_VLD,2300
60198261624238,RV_VLD,0
60198261624238,RV_VLD,4
60198261624238,RV_VLD,8
60198261624238,RV_VLD,12
60198261624238,RV_VLD,16
60198261624238,RV_VLD,20
60198261624238,RV_VLD,24
60198261624238,RV_VLD,28
60198261624238,RV_VLD,32
60198261624238,RV_VLD,36
60198261624238,RV_VLD,40
60198261624238,RV_VLD,44
60198261624238,RV_VLD,48
60198261624238,RV_VLD,52
60198261624238,RV_VLD,56
60198261624238,RV_VLD,60
60198261624238,RV_VLD,64
60198261624238,RV_VLD,68
60198261624238,RV_VLD,72
60198261624238,RV_VLD,76
60198261624238,RV_VLD,80
60198261624238,RV_VLD,84
60198261624238,RV_VLD,88
60198261624238,RV_VLD,92
60198261624238,RV_VLD,96
60198261624238,RV_VLD,100
60198261624238,RV_VLD,104
60198261624238,RV_VLD,108
60198261624238,RV_VLD,112
60198261624238,RV_VLD,116
60198261624238,RV_VLD,120
60198261624238,RV_VLD,124
60198261624238,RV_VLD,128
60198261624238,RV_VLD,132
60198261624238,RV_VLD,136
60198261624238,RV_VLD,140
60198261624238,RV_VLD,144
60198261624238,RV_VLD,148
60198261624238,RV_VLD,152
60198261624238,RV_VLD,156
60198261624238,RV_VLD,160
60198261624238,RV_VLD,164
60198261624238,RV_VLD,168
60198261624238,RV_VLD,172
60198261624238,RV_VLD,176
60198261624238,RV_VLD,180
60198261624238,RV_VLD,184
60198261624238,RV_VLD,188
60198261624238,RV_VLD,192
60198261624238,RV_VLD,196
60198261624238,RV_VLD,200
60198261624238,RV_VLD,204
60198261624238,RV_VLD,208
60198261624238,RV_VLD,212
60198261624238,RV_VLD,216
60198261624238,RV_VLD,220
60198261624238,RV_VLD,224
60198261624238,RV_VLD,228
60198261624238,RV_VLD,232
60198261624238,RV_VLD,236
60198261624238,RV_VLD,240
60198261624238,RV_VLD,244
60198261624238,RV_VLD,248
60198261624238,RV_VLD,252
59098749996465,RV_VST,2048
59098749996465,RV_VST,2052
59098749996465,RV_VST,2056
59098749996465,RV_VST,2060
59098749996465,RV_VST,2064
59098749996465,RV_VST,2068
59098749996465,RV_VST,2072
59098749996465,RV_VST,2076
59098749996465,RV_VST,2080
59098749996465,RV_VST,2084
59098749996465,RV_VST,2088
59098749996465,RV_VST,2092
59098749996465,RV_VST,2096
59098749996465,RV_VST,2100
59098749996465,RV_VST,2104
59098749996465,RV_VST,2108
59098749996465,RV_VST,2112
59098749996465,RV_VST,2116
59098749996465,RV_VST,2120
59098749996465,RV_VST,2124
59098749996465,RV_VST,2128
59098749996465,RV_VST,2132
59098749996465,RV_VST,2136
59098749996465,RV_VST,2140
59098749996465,RV_VST,2144
59098749996465,RV_VST,2148
59098749996465,RV_VST,2152
59098749996465,RV_VST,2156
59098749996465,RV_VST,2160
59098749996465,RV_VST,2164
59098749996465,RV_VST,2168
59098749996465,RV_VST,2172
59098749996465,RV_VST,2176
59098749996465,RV_VST,2180
59098749996465,RV_VST,2184
59098749996465,RV_VST,2188
59098749996465,RV_VST,2192
59098749996465,RV_VST,2196
59098749996465,RV_VST,2200
59098749996465,RV_VST,2204
59098749996465,RV_VST,2208
59098749996465,RV_VST,2212
59098749996465,RV_VST,2216
59098749996465,RV_VST,2220
59098749996465,RV_VST,2224
59098749996465,RV_VST,2228
59098749996465,RV_VST,2232
59098749996465,RV_VST,2236
59098749996465,RV_VST,2240
59098749996465,RV_VST,2244
59098749996465,RV_VST,2248
59098749996465,RV_VST,2252
59098749996465,RV_VST,2256
59098749996465,RV_VST,2260
59098749996465,RV_VST,2264
59098749996465,RV_VST,2268
59098749996465,RV_VST,2272
59098749996465,RV_VST,2276
59098749996465,RV_VST,2280
59098749996465,RV_VST,2284
59098749996465,RV_VST,2288
59098749996465,RV_VST,2292
59098749996465,RV_VST,2296
59098749996465,RV_VST,2300
60198261624245,RV_VLD,2304
60198261624245,RV_VLD,2308
60198261624245,RV_VLD,2312
60198261624245,RV_VLD,2316
60198261624245,RV_VLD,2320
60198261624245,RV_VLD,2324
60198261624245,RV_VLD,2328
60198261624245,RV_VLD,2332
60198261624245,RV_VLD,2336
60198261624245,RV_VLD,2340
60198261624245,RV_VLD,2344
60198261624245,RV_VLD,2348
60198261624245,RV_VLD,2352
60198261624245,RV_VLD,2356
60198261624245,RV_VLD,2360
60198261624245,RV_VLD,2364
60198261624245,RV_VLD,2368
60198261624245,RV_VLD,2372
60198261624245,RV_VLD,2376
60198261624245,RV_VLD,2380
60198261624245,RV_VLD,2384
60198261624245,RV_VLD,2388
60198261624245,RV_VLD,2392
60198261624245,RV_VLD,2396
60198261624245,RV_VLD,2400
60198261624245,RV_VLD,2404
60198261624245,RV_VLD,2408
60198261624245,RV_VLD,2412
60198261624245,RV_VLD,2416
60198261624245,RV_VLD,2420
60198261624245,RV_VLD,2424
60198261624245,RV_VLD,2428
60198261624245,RV_VLD,2432
60198261624245,RV_VLD,2436
60198261624245,RV_VLD,2440
60198261624245,RV_VLD,2444
60198261624245,RV_VLD,2448
60198261624245,RV_VLD,2452
60198261624245,RV_VLD,2456
60198261624245,RV_VLD,2460
60198261624245,RV_VLD,2464
60198261624245,RV_VLD,2468
60198261624245,RV_VLD,2472
60198261624245,RV_VLD,2476
60198261624245,RV_VLD,2480
60198261624245,RV_VLD,2484
60198261624245,RV_VLD,2488
60198261624245,RV_VLD,2492
60198261624245,RV_VLD,2496
60198261624245,RV_VLD,2500
60198261624245,RV_VLD,2504
60198261624245,RV_VLD,2508
60198261624245,RV_VLD,2512
60198261624245,RV_VLD,2516
60198261624245,RV_VLD,2520
60198261624245,RV_VLD,2524
60198261624245,RV_VLD,2528
60198261624245,RV_VLD,2532
60198261624245,RV_VLD,2536
60198261624245,RV_VLD,2540
60198261624245,RV_VLD,2544
60198261624245,RV_VLD,2548
60198261624245,RV_VLD,2552
60198261624245,RV_VLD,2556
60198261624246,RV_VLD,256
60198261624246,RV_VLD,260
60198261624246,RV_VLD,264
60198261624246,RV_VLD,268
60198261624246,RV_VLD,272
60198261624246,RV_VLD,276
60198261624246,RV_VLD,280
60198261624246,RV_VLD,284
60198261624246,RV_VLD,288
60198261624246,RV_VLD,292
60198261624246,RV_VLD,296
60198261624246,RV_VLD,300
60198261624246,RV_VLD,304
60198261624246,RV_VLD,308
60198261624246,RV_VLD,312
60198261624246,RV_VLD,316
60198261624246,RV_VLD,320
60198261624246,RV_VLD,324
60198261624246,RV_VLD,328
60198261624246,RV_VLD,332
60198261624246,RV_VLD,336
60198261624246,RV_VLD,340
60198261624246,RV_VLD,344
60198261624246,RV_VLD,348
60198261624246,RV_VLD,352
60198261624246,RV_VLD,356
60198261624246,RV_VLD,360
60198261624246,RV_VLD,364
60198261624246,RV_VLD,368
60198261624246,RV_VLD,372
60198261624246,RV_VLD,376
60198261624246,RV_VLD,380
60198261624246,RV_VLD,384
60198261624246,RV_VLD,388
60198261624246,RV_VLD,392
60198261624246,RV_VLD,396
60198261624246,RV_VLD,400
60198261624246,RV_VLD,404
60198261624246,RV_VLD,408
60198261624246,RV_VLD,412
60198261624246,RV_VLD,416
60198261624246,RV_VLD,420
60198261624246,RV_VLD,424
60198261624246,RV_VLD,428
60198261624246,RV_VLD,432
60198261624246,RV_VLD,436
60198261624246,RV_VLD,440
60198261624246,RV_VLD,444
60198261624246,RV_VLD,448
60198261624246,RV_VLD,452
60198261624246,RV_VLD,456
60198261624246,RV_VLD,460
60198261624246,RV_VLD,464
60198261624246,RV_VLD,468
60198261624246,RV_VLD,472
60198261624246,RV_VLD,476
60198261624246,RV_VLD,480
60198261624246,RV_VLD,484
60198261624246,RV_VLD,488
60198261624246,RV_VLD,492
60198261624246,RV_VLD,496
60198261624246,RV_VLD,500
60198261624246,RV_VLD,504
60198261624246,RV_VLD,508
59098749996473,RV_VST,2304
59098749996473,RV_VST,2308
59098749996473,RV_VST,2312
59098749996473,RV_VST,2316
59098749996473,RV_VST,2320
59098749996473,RV_VST,2324
59098749996473,RV_VST,2328
59098749996473,RV_VST,2332
59098749996473,RV_VST,2336
59098749996473,RV_VST,2340
59098749996473,RV_VST,2344
59098749996473,RV_VST,2348
59098749996473,RV_VST,2352
59098749996473,RV_VST,2356
59098749996473,RV_VST,2360
59098749996473,RV_VST,2364
59098749996473,RV_VST,2368
59098749996473,RV_VST,2372
59098749996473,RV_VST,2376
59098749996473,RV_VST,2380
59098749996473,RV_VST,2384
59098749996473,RV_VST,2388
59098749996473,RV_VST,2392
59098749996473,RV_VST,2396
59098749996473,RV_VST,2400
59098749996473,RV_VST,2404
59098749996473,RV_VST,2408
59098749996473,RV_VST,2412
59098749996473,RV_VST,2416
59098749996473,RV_VST,2420
59098749996473,RV_VST,2424
59098749996473,RV_VST,2428
59098749996473,RV_VST,2432
59098749996473,RV_VST,2436
59098749996473,RV_VST,2440
59098749996473,RV_VST,2444
59098749996473,RV_VST,2448
59098749996473,RV_VST,2452
59098749996473,RV_VST,2456
59098749996473,RV_VST,2460
59098749996473,RV_VST,2464
59098749996473,RV_VST,2468
59098749996473,RV_VST,2472
59098749996473,RV_VST,2476
59098749996473,RV_VST,2480
59098749996473,RV_VST,2484
59098749996473,RV_VST,2488
59098749996473,RV_VST,2492
59098749996473,RV_VST,2496
59098749996473,RV_VST,2500
59098749996473,RV_VST,2504
59098749996473,RV_VST,2508
59098749996473,RV_VST,2512
59098749996473,RV_VST,2516
59098749996473,RV_VST,2520
59098749996473,RV_VST,2524
59098749996473,RV_VST,2528
59098749996473,RV_VST,2532
59098749996473,RV_VST,2536
59098749996473,RV_VST,2540
59098749996473,RV_VST,2544
59098749996473,RV_VST,2548
59098749996473,RV_VST,2552
59098749996473,RV_VST,2556
,,0
,,4
,,8
,,12
,,16
,,20
,,24
,,28
,,32
,,36
,,40
,,44
,,48
,,52
,,56
,,60
,,64
,,68
,,72
,,76
,,80
,,84
,,88
,,92
,,96
,,100
,,104
,,108
,,112
,,116
,,120
,,124
,,128
,,132
,,136
,,140
,,144
,,148
,,152
,,156
,,160
,,164
,,168
,,172
,,176
,,180
,,184
,,188
,,192
,,196
,,200
,,204
,,208
,,212
,,216
,,220
,,224
,,228
,,232
,,236
,,240
,,244
,,248
,,252
,,256
,,260
,,264
,,268
,,272
,,276
,,280
,,284
,,288
,,292
,,296
,,300
,,304
,,308
,,312
,,316
,,320
,,324
,,328
,,332
,,336
,,340
,,344
,,348
,,352
,,356
,,360
,,364
,,368
,,372
,,376
,,380
,,384
,,388
,,392
,,396
,,400
,,404
,,408
,,412
,,416
,,420
,,424
,,428
,,432
,,436
,,440
,,444
,,448
,,452
,,456
,,460
,,464
,,468
,,472
,,476
,,480
,,484
,,488
,,492
,,496
,,500
,,504
,,508
60198261624253,RV_VLD,2048
60198261624253,RV_VLD,2052
60198261624253,RV_VLD,2056
60198261624253,RV_VLD,2060
60198261624253,RV_VLD,2064
60198261624253,RV_VLD,2068
60198261624253,RV_VLD,2072
60198261624253,RV_VLD,2076
60198261624253,RV_VLD,2080
60198261624253,RV_VLD,2084
60198261624253,RV_VLD,2088
60198261624253,RV_VLD,2092
60198261624253,RV_VLD,2096
60198261624253,RV_VLD,2100
60198261624253,RV_VLD,2104
60198261624253,RV_VLD,2108
60198261624253,RV_VLD,2112
60198261624253,RV_VLD,2116
60198261624253,RV_VLD,2120
60198261624253,RV_VLD,2124
60198261624253,RV_VLD,2128
60198261624253,RV_VLD,2132
60198261624253,RV_VLD,2136
60198261624253,RV_VLD,2140
60198261624253,RV_VLD,2144
60198261624253,RV_VLD,2148
60198261624253,RV_VLD,2152
60198261624253,RV_VLD,2156
60198261624253,RV_VLD,2160
60198261624253,RV_VLD,2164
60198261624253,RV_VLD,2168
60198261624253,RV_VLD,2172
60198261624253,RV_VLD,2176
60198261624253,RV_VLD,2180
60198261624253,RV_VLD,2184
60198261624253,RV_VLD,2188
60198261624253,RV_VLD,2192
60198261624253,RV_VLD,2196
60198261624253,RV_VLD,2200
60198261624253,RV_VLD,2204
60198261624253,RV_VLD,2208
60198261624253,RV_VLD,2212
60198261624253,RV_VLD,2216
60198261624253,RV_VLD,2220
60198261624253,RV_VLD,2224
60198261624253,RV_VLD,2228
60198261624253,RV_VLD,2232
60198261624253,RV_VLD,2236
60198261624253,RV_VLD,2240
60198261624253,RV_VLD,2244
60198261624253,RV_VLD,2248
60198261624253,RV_VLD,2252
60198261624253,RV_VLD,2256
60198261624253,RV_VLD,2260
60198261624253,RV_VLD,2264
60198261624253,RV_VLD,2268
60198261624253,RV_VLD,2272
60198261624253,RV_VLD,2276
60198261624253,RV_VLD,2280
60198261624253,RV_VLD,2284
60198261624253,RV_VLD,2288
60198261624253,RV_VLD,2292
60198261624253,RV_VLD,2296
60198261624253,RV_VLD,2300
59098749996481,RV_VST,2048
59098749996481,RV_VST,2052
59098749996481,RV_VST,2056
59098749996481,RV_VST,2060
59098749996481,RV_VST,2064
59098749996481,RV_VST,2068
59098749996481,RV_VST,2072
59098749996481,RV_VST,2076
59098749996481,RV_VST,2080
59098749996481,RV_VST,2084
59098749996481,RV_VST,2088
59098749996481,RV_VST,2092
59098749996481,RV_VST,2096
59098749996481,RV_VST,2100
59098749996481,RV_VST,2104
59098749996481,RV_VST,2108
59098749996481,RV_VST,2112
59098749996481,RV_VST,2116
59098749996481,RV_VST,2120
59098749996481,RV_VST,2124
59098749996481,RV_VST,2128
59098749996481,RV_VST,2132
59098749996481,RV_VST,2136
59098749996481,RV_VST,2140
59098749996481,RV_VST,2144
59098749996481,RV_VST,2148
59098749996481,RV_VST,2152
59098749996481,RV_VST,2156
59098749996481,RV_VST,2160
59098749996481,RV_VST,2164
59098749996481,RV_VST,2168
59098749996481,RV_VST,2172
59098749996481,RV_VST,2176
59098749996481,RV_VST,2180
59098749996481,RV_VST,2184
59098749996481,RV_VST,2188
59098749996481,RV_VST,2192
59098749996481,RV_VST,2196
59098749996481,RV_VST,2200
59098749996481,RV_VST,2204
59098749996481,RV_VST,2208
59098749996481,RV_VST,2212
59098749996481,RV_VST,2216
59098749996481,RV_VST,2220
59098749996481,RV_VST,2224
59098749996481,RV_VST,2228
59098749996481,RV_VST,2232
59098749996481,RV_VST,2236
59098749996481,RV_VST,2240
59098749996481,RV_VST,2244
59098749996481,RV_VST,2248
59098749996481,RV_VST,2252
59098749996481,RV_VST,2256
59098749996481,RV_VST,2260
59098749996481,RV_VST,2264
59098749996481,RV_VST,2268
59098749996481,RV_VST,2272
59098749996481,RV_VST,2276
59098749996481,RV_VST,2280
59098749996481,RV_VST,2284
59098749996481,RV_VST,2288
59098749996481,RV_VST,2292
59098749996481,RV_VST,2296
59098749996481,RV_VST,2300
60198261624258,RV_VLD,2304
60198261624258,RV_VLD,2308
60198261624258,RV_VLD,2312
60198261624258,RV_VLD,2316
60198261624258,RV_VLD,2320
60198261624258,RV_VLD,2324
60198261624258,RV_VLD,2328
60198261624258,RV_VLD,2332
60198261624258,RV_VLD,2336
60198261624258,RV_VLD,2340
60198261624258,RV_VLD,2344
60198261624258,RV_VLD,2348
60198261624258,RV_VLD,2352
60198261624258,RV_VLD,2356
60198261624258,RV_VLD,2360
60198261624258,RV_VLD,2364
60198261624258,RV_VLD,2368
60198261624258,RV_VLD,2372
60198261624258,RV_VLD,2376
60198261624258,RV_VLD,2380
60198261624258,RV_VLD,2384
60198261624258,RV_VLD,2388
60198261624258,RV_VLD,2392
60198261624258,RV_VLD,2396
60198261624258,RV_VLD,2400
60198261624258,RV_VLD,2404
60198261624258,RV_VLD,2408
60198261624258,RV_VLD,2412
60198261624258,RV_VLD,2416
60198261624258,RV_VLD,2420
60198261624258,RV_VLD,2424
60198261624258,RV_VLD,2428
60198261624258,RV_VLD,2432
60198261624258,RV_VLD,2436
60198261624258,RV_VLD,2440
60198261624258,RV_VLD,2444
60198261624258,RV_VLD,2448
60198261624258,RV_VLD,2452
60198261624258,RV_VLD,2456
60198261624258,RV_VLD,2460
60198261624258,RV_VLD,2464
60198261624258,RV_VLD,2468
60198261624258,RV_VLD,2472
60198261624258,RV_VLD,2476
60198261624258,RV_VLD,2480
60198261624258,RV_VLD,2484
60198261624258,RV_VLD,2488
60198261624258,RV_VLD,2492
60198261624258,RV_VLD,2496
60198261624258,RV_VLD,2500
60198261624258,RV_VLD,2504
60198261624258,RV_VLD,2508
60198261624258,RV_VLD,2512
60198261624258,RV_VLD,2516
60198261624258,RV_VLD,2520
60198261624258,RV_VLD,2524
60198261624258,RV_VLD,2528
60198261624258,RV_VLD,2532
60198261624258,RV_VLD,2536
60198261624258,RV_VLD,2540
60198261624258,RV_VLD,2544
60198261624258,RV_VLD,2548
60198261624258,RV_VLD,2552
60198261624258,RV_VLD,2556
59098749996486,RV_VST,2304
59098749996486,RV_VST,2308
59098749996486,RV_VST,2312
59098749996486,RV_VST,2316
59098749996486,RV_VST,2320
59098749996486,RV_VST,2324
59098749996486,RV_VST,2328
59098749996486,RV_VST,2332
59098749996486,RV_VST,2336
59098749996486,RV_VST,2340
59098749996486,RV_VST,2344
59098749996486,RV_VST,2348
59098749996486,RV_VST,2352
59098749996486,RV_VST,2356
59098749996486,RV_VST,2360
59098749996486,RV_VST,2364
59098749996486,RV_VST,2368
59098749996486,RV_VST,2372
59098749996486,RV_VST,2376
59098749996486,RV_VST,2380
59098749996486,RV_VST,2384
59098749996486,RV_VST,2388
59098749996486,RV_VST,2392
59098749996486,RV_VST,2396
59098749996486,RV_VST,2400
59098749996486,RV_VST,2404
59098749996486,RV_VST,2408
59098749996486,RV_VST,2412
59098749996486,RV_VST,2416
59098749996486,RV_VST,2420
59098749996486,RV_VST,2424
59098749996486,RV_VST,2428
59098749996486,RV_VST,2432
59098749996486,RV_VST,2436
59098749996486,RV_VST,2440
59098749996486,RV_VST,2444
59098749996486,RV_VST,2448
59098749996486,RV_VST,2452
59098749996486,RV_VST,2456
59098749996486,RV_VST,2460
59098749996486,RV_VST,2464
59098749996486,RV_VST,2468
59098749996486,RV_VST,2472
59098749996486,RV_VST,2476
59098749996486,RV_VST,2480
59098749996486,RV_VST,2484
59098749996486,RV_VST,2488
59098749996486,RV_VST,2492
59098749996486,RV_VST,2496
59098749996486,RV_VST,2500
59098749996486,RV_VST,2504
59098749996486,RV_VST,2508
59098749996486,RV_VST,2512
59098749996486,RV_VST,2516
59098749996486,RV_VST,2520
59098749996486,RV_VST,2524
59098749996486,RV_VST,2528
59098749996486,RV_VST,2532
59098749996486,RV_VST,2536
59098749996486,RV_VST,2540
59098749996486,RV_VST,2544
59098749996486,RV_VST,2548
59098749996486,RV_VST,2552
59098749996486,RV_VST,2556
60198261624270,RV_VLD,0
60198261624270,RV_VLD,4
60198261624270,RV_VLD,8
60198261624270,RV_VLD,12
60198261624270,RV_VLD,16
60198261624270,RV_VLD,20
60198261624270,RV_VLD,24
60198261624270,RV_VLD,28
60198261624270,RV_VLD,32
60198261624270,RV_VLD,36
60198261624270,RV_VLD,40
60198261624270,RV_VLD,44
60198261624270,RV_VLD,48
60198261624270,RV_VLD,52
60198261624270,RV_VLD,56
60198261624270,RV_VLD,60
60198261624270,RV_VLD,64
60198261624270,RV_VLD,68
60198261624270,RV_VLD,72
60198261624270,RV_VLD,76
60198261624270,RV_VLD,80
60198261624270,RV_VLD,84
60198261624270,RV_VLD,88
60198261624270,RV_VLD,92
60198261624270,RV_VLD,96
60198261624270,RV_VLD,100
60198261624270,RV_VLD,104
60198261624270,RV_VLD,108
60198261624270,RV_VLD,112
60198261624270,RV_VLD,116
60198261624270,RV_VLD,120
60198261624270,RV_VLD,124
60198261624270,RV_VLD,128
60198261624270,RV_VLD,132
60198261624270,RV_VLD,136
60198261624270,RV_VLD,140
60198261624270,RV_VLD,144
60198261624270,RV_VLD,148
60198261624270,RV_VLD,152
60198261624270,RV_VLD,156
60198261624270,RV_VLD,160
60198261624270,RV_VLD,164
60198261624270,RV_VLD,168
60198261624270,RV_VLD,172
60198261624270,RV_VLD,176
60198261624270,RV_VLD,180
60198261624270,RV_VLD,184
60198261624270,RV_VLD,188
60198261624270,RV_VLD,192
60198261624270,RV_VLD,196
60198261624270,RV_VLD,200
60198261624270,RV_VLD,204
60198261624270,RV_VLD,208
60198261624270,RV_VLD,212
60198261624270,RV_VLD,216
60198261624270,RV_VLD,220
60198261624270,RV_VLD,224
60198261624270,RV_VLD,228
60198261624270,RV_VLD,232
60198261624270,RV_VLD,236
60198261624270,RV_VLD,240
60198261624270,RV_VLD,244
60198261624270,RV_VLD,248
60198261624270,RV_VLD,252
60198261624271,RV_VLD,2048
60198261624271,RV_VLD,2052
60198261624271,RV_VLD,2056
60198261624271,RV_VLD,2060
60198261624271,RV_VLD,2064
60198261624271,RV_VLD,2068
60198261624271,RV_VLD,2072
60198261624271,RV_VLD,2076
60198261624271,RV_VLD,2080
60198261624271,RV_VLD,2084
60198261624271,RV_VLD,2088
60198261624271,RV_VLD,2092
60198261624271,RV_VLD,2096
60198261624271,RV_VLD,2100
60198261624271,RV_VLD,2104
60198261624271,RV_VLD,2108
60198261624271,RV_VLD,2112
60198261624271,RV_VLD,2116
60198261624271,RV_VLD,2120
60198261624271,RV_VLD,2124
60198261624271,RV_VLD,2128
60198261624271,RV_VLD,2132
60198261624271,RV_VLD,2136
60198261624271,RV_VLD,2140
60198261624271,RV_VLD,2144
60198261624271,RV_VLD,2148
60198261624271,RV_VLD,2152
60198261624271,RV_VLD,2156
60198261624271,RV_VLD,2160
60198261624271,RV_VLD,2164
60198261624271,RV_VLD,2168
60198261624271,RV_VLD,2172
60198261624271,RV_VLD,2176
60198261624271,RV_VLD,2180
60198261624271,RV_VLD,2184
60198261624271,RV_VLD,2188
60198261624271,RV_VLD,2192
60198261624271,RV_VLD,2196
60198261624271,RV_VLD,2200
60198261624271,RV_VLD,2204
60198261624271,RV_VLD,2208
60198261624271,RV_VLD,2212
60198261624271,RV_VLD,2216
60198261624271,RV_VLD,2220
60198261624271,RV_VLD,2224
60198261624271,RV_VLD,2228
60198261624271,RV_VLD,2232
60198261624271,RV_VLD,2236
60198261624271,RV_VLD,2240
60198261624271,RV_VLD,2244
60198261624271,RV_VLD,2248
60198261624271,RV_VLD,2252
60198261624271,RV_VLD,2256
60198261624271,RV_VLD,2260
60198261624271,RV_VLD,2264
60198261624271,RV_VLD,2268
60198261624271,RV_VLD,2272
60198261624271,RV_VLD,2276
60198261624271,RV_VLD,2280
60198261624271,RV_VLD,2284
60198261624271,RV_VLD,2288
60198261624271,RV_VLD,2292
60198261624271,RV_VLD,2296
60198261624271,RV_VLD,2300
59098749996498,RV_VST,2048
59098749996498,RV_VST,2052
59098749996498,RV_VST,2056
59098749996498,RV_VST,2060
59098749996498,RV_VST,2064
59098749996498,RV_VST,2068
59098749996498,RV_VST,2072
59098749996498,RV_VST,2076
59098749996498,RV_VST,2080
59098749996498,RV_VST,2084
59098749996498,RV_VST,2088
59098749996498,RV_VST,2092
59098749996498,RV_VST,2096
59098749996498,RV_VST,2100
59098749996498,RV_VST,2104
59098749996498,RV_VST,2108
59098749996498,RV_VST,2112
59098749996498,RV_VST,2116
59098749996498,RV_VST,2120
59098749996498,RV_VST,2124
59098749996498,RV_VST,2128
59098749996498,RV_VST,2132
59098749996498,RV_VST,2136
59098749996498,RV_VST,2140
59098749996498,RV_VST,2144
59098749996498,RV_VST,2148
59098749996498,RV_VST,2152
59098749996498,RV_VST,2156
59098749996498,RV_VST,2160
59098749996498,RV_VST,2164
59098749996498,RV_VST,2168
59098749996498,RV_VST,2172
59098749996498,RV_VST,2176
59098749996498,RV_VST,2180
59098749996498,RV_VST,2184
59098749996498,RV_VST,2188
59098749996498,RV_VST,2192
59098749996498,RV_VST,2196
59098749996498,RV_VST,2200
59098749996498,RV_VST,2204
59098749996498,RV_VST,2208
59098749996498,RV_VST,2212
59098749996498,RV_VST,2216
59098749996498,RV_VST,2220
59098749996498,RV_VST,2224
59098749996498,RV_VST,2228
59098749996498,RV_VST,2232
59098749996498,RV_VST,2236
59098749996498,RV_VST,2240
59098749996498,RV_VST,2244
59098749996498,RV_VST,2248
59098749996498,RV_VST,2252
59098749996498,RV_VST,2256
59098749996498,RV_VST,2260
59098749996498,RV_VST,2264
59098749996498,RV_VST,2268
59098749996498,RV_VST,2272
59098749996498,RV_VST,2276
59098749996498,RV_VST,2280
59098749996498,RV_VST,2284
59098749996498,RV_VST,2288
59098749996498,RV_VST,2292
59098749996498,RV_VST,2296
59098749996498,RV_VST,2300
60198261624279,RV_VLD,256
60198261624279,RV_VLD,260
60198261624279,RV_VLD,264
60198261624279,RV_VLD,268
60198261624279,RV_VLD,272
60198261624279,RV_VLD,276
60198261624279,RV_VLD,280
60198261624279,RV_VLD,284
60198261624279,RV_VLD,288
60198261624279,RV_VLD,292
60198261624279,RV_VLD,296
60198261624279,RV_VLD,300
60198261624279,RV_VLD,304
60198261624279,RV_VLD,308
60198261624279,RV_VLD,312
60198261624279,RV_VLD,316
60198261624279,RV_VLD,320
60198261624279,RV_VLD,324
60198261624279,RV_VLD,328
60198261624279,RV_VLD,332
60198261624279,RV_VLD,336
60198261624279,RV_VLD,340
60198261624279,RV_VLD,344
60198261624279,RV_VLD,348
60198261624279,RV_VLD,352
60198261624279,RV_VLD,356
60198261624279,RV_VLD,360
60198261624279,RV_VLD,364
60198261624279,RV_VLD,368
60198261624279,RV_VLD,372
60198261624279,RV_VLD,376
60198261624279,RV_VLD,380
60198261624279,RV_VLD,384
60198261624279,RV_VLD,388
60198261624279,RV_VLD,392
60198261624279,RV_VLD,396
60198261624279,RV_VLD,400
60198261624279,RV_VLD,404
60198261624279,RV_VLD,408
60198261624279,RV_VLD,412
60198261624279,RV_VLD,416
60198261624279,RV_VLD,420
60198261624279,RV_VLD,424
60198261624279,RV_VLD,428
60198261624279,RV_VLD,432
60198261624279,RV_VLD,436
60198261624279,RV_VLD,440
60198261624279,RV_VLD,444
60198261624279,RV_VLD,448
60198261624279,RV_VLD,452
60198261624279,RV_VLD,456
60198261624279,RV_VLD,460
60198261624279,RV_VLD,464
60198261624279,RV_VLD,468
60198261624279,RV_VLD,472
60198261624279,RV_VLD,476
60198261624279,RV_VLD,480
60198261624279,RV_VLD,484
60198261624279,RV_VLD,488
60198261624279,RV_VLD,492
60198261624279,RV_VLD,496
60198261624279,RV_VLD,500
60198261624279,RV_VLD,504
60198261624279,RV_VLD,508
60198261624280,RV_VLD,2304
60198261624280,RV_VLD,2308
60198261624280,RV_VLD,2312
60198261624280,RV_VLD,2316
60198261624280,RV_VLD,2320
60198261624280,RV_VLD,2324
60198261624280,RV_VLD,2328
60198261624280,RV_VLD,2332
60198261624280,RV_VLD,2336
60198261624280,RV_VLD,2340
60198261624280,RV_VLD,2344
60198261624280,RV_VLD,2348
60198261624280,RV_VLD,2352
60198261624280,RV_VLD,2356
60198261624280,RV_VLD,2360
60198261624280,RV_VLD,2364
60198261624280,RV_VLD,2368
60198261624280,RV_VLD,2372
60198261624280,RV_VLD,2376
60198261624280,RV_VLD,2380
60198261624280,RV_VLD,2384
60198261624280,RV_VLD,2388
60198261624280,RV_VLD,2392
60198261624280,RV_VLD,2396
60198261624280,RV_VLD,2400
60198261624280,RV_VLD,2404
60198261624280,RV_VLD,2408
60198261624280,RV_VLD,2412
60198261624280,RV_VLD,2416
60198261624280,RV_VLD,2420
60198261624280,RV_VLD,2424
60198261624280,RV_VLD,2428
60198261624280,RV_VLD,2432
60198261624280,RV_VLD,2436
60198261624280,RV_VLD,2440
60198261624280,RV_VLD,2444
60198261624280,RV_VLD,2448
60198261624280,RV_VLD,2452
60198261624280,RV_VLD,2456
60198261624280,RV_VLD,2460
60198261624280,RV_VLD,2464
60198261624280,RV_VLD,2468
60198261624280,RV_VLD,2472
60198261624280,RV_VLD,2476
60198261624280,RV_VLD,2480
60198261624280,RV_VLD,2484
60198261624280,RV_VLD,2488
60198261624280,RV_VLD,2492
60198261624280,RV_VLD,2496
60198261624280,RV_VLD,2500
60198261624280,RV_VLD,2504
60198261624280,RV_VLD,2508
60198261624280,RV_VLD,2512
60198261624280,RV_VLD,2516
60198261624280,RV_VLD,2520
60198261624280,RV_VLD,2524
60198261624280,RV_VLD,2528
60198261624280,RV_VLD,2532
60198261624280,RV_VLD,2536
60198261624280,RV_VLD,2540
60198261624280,RV_VLD,2544
60198261624280,RV_VLD,2548
60198261624280,RV_VLD,2552
60198261624280,RV_VLD,2556
59098749996507,RV_VST,2304
59098749996507,RV_VST,2308
59098749996507,RV_VST,2312
59098749996507,RV_VST,2316
59098749996507,RV_VST,2320
59098749996507,RV_VST,2324
59098749996507,RV_VST,2328
59098749996507,RV_VST,2332
59098749996507,RV_VST,2336
59098749996507,RV_VST,2340
59098749996507,RV_VST,2344
59098749996507,RV_VST,2348
59098749996507,RV_VST,2352
59098749996507,RV_VST,2356
59098749996507,RV_VST,2360
59098749996507,RV_VST,2364
59098749996507,RV_VST,2368
59098749996507,RV_VST,2372
59098749996507,RV_VST,2376
59098749996507,RV_VST,2380
59098749996507,RV_VST,2384
59098749996507,RV_VST,2388
59098749996507,RV_VST,2392
59098749996507,RV_VST,2396
59098749996507,RV_VST,2400
59098749996507,RV_VST,2404
59098749996507,RV_VST,2408
59098749996507,RV_VST,2412
59098749996507,RV_VST,2416
59098749996507,RV_VST,2420
59098749996507,RV_VST,2424
59098749996507,RV_VST,2428
59098749996507,RV_VST,2432
59098749996507,RV_VST,2436
59098749996507,RV_VST,2440
59098749996507,RV_VST,2444
59098749996507,RV_VST,2448
59098749996507,RV_VST,2452
59098749996507,RV_VST,2456
59098749996507,RV_VST,2460
59098749996507,RV_VST,2464
59098749996507,RV_VST,2468
59098749996507,RV_VST,2472
59098749996507,RV_VST,2476
59098749996507,RV_VST,2480
59098749996507,RV_VST,2484
59098749996507,RV_VST,2488
59098749996507,RV_VST,2492
59098749996507,RV_VST,2496
59098749996507,RV_VST,2500
59098749996507,RV_VST,2504
59098749996507,RV_VST,2508
59098749996507,RV_VST,2512
59098749996507,RV_VST,2516
59098749996507,RV_VST,2520
59098749996507,RV_VST,2524
59098749996507,RV_VST,2528
59098749996507,RV_VST,2532
59098749996507,RV_VST,2536
59098749996507,RV_VST,2540
59098749996507,RV_VST,2544
59098749996507,RV_VST,2548
59098749996507,RV_VST,2552
59098749996507,RV_VST,2556
59923383717347,RV_VLD,0
59923383717347,RV_VLD,4
59923383717347,RV_VLD,8
59923383717347,RV_VLD,12
59923383717347,RV_VLD,16
59923383717347,RV_VLD,20
59923383717347,RV_VLD,24
59923383717347,RV_VLD,28
59923383717347,RV_VLD,32
59923383717347,RV_VLD,36
59923383717347,RV_VLD,40
59923383717347,RV_VLD,44
59923383717347,RV_VLD,48
59923383717347,RV_VLD,52
59923383717347,RV_VLD,56
59923383717347,RV_VLD,60
59923383717347,RV_VLD,64
59923383717347,RV_VLD,68
59923383717347,RV_VLD,72
59923383717347,RV_VLD,76
59923383717347,RV_VLD,80
59923383717347,RV_VLD,84
59923383717347,RV_VLD,88
59923383717347,RV_VLD,92
59923383717347,RV_VLD,96
59923383717347,RV_VLD,100
59923383717347,RV_VLD,104
59923383717347,RV_VLD,108
59923383717347,RV_VLD,112
59923383717347,RV_VLD,116
59923383717347,RV_VLD,120
59923383717347,RV_VLD,124
59923383717347,RV_VLD,128
59923383717347,RV_VLD,132
59923383717347,RV_VLD,136
59923383717347,RV_VLD,140
59923383717347,RV_VLD,144
59923383717347,RV_VLD,148
59923383717347,RV_VLD,152
59923383717347,RV_VLD,156
59923383717347,RV_VLD,160
59923383717347,RV_VLD,164
59923383717347,RV_VLD,168
59923383717347,RV_VLD,172
59923383717347,RV_VLD,176
59923383717347,RV_VLD,180
59923383717347,RV_VLD,184
59923383717347,RV_VLD,188
59923383717347,RV_VLD,192
59923383717347,RV_VLD,196
59923383717347,RV_VLD,200
59923383717347,RV_VLD,204
59923383717347,RV_VLD,208
59923383717347,RV_VLD,212
59923383717347,RV_VLD,216
59923383717347,RV_VLD,220
59923383717347,RV_VLD,224
59923383717347,RV_VLD,228
59923383717347,RV_VLD,232
59923383717347,RV_VLD,236
59923383717347,RV_VLD,240
59923383717347,RV_VLD,244
59923383717347,RV_VLD,248
59923383717347,RV_VLD,252
58823872089574,RV_VST,2048
58823872089574,RV_VST,2052
58823872089574,RV_VST,2056
58823872089574,RV_VST,2060
58823872089574,RV_VST,2064
58823872089574,RV_VST,2068
58823872089574,RV_VST,2072
58823872089574,RV_VST,2076
58823872089574,RV_VST,2080
58823872089574,RV_VST,2084
58823872089574,RV_VST,2088
58823872089574,RV_VST,2092
58823872089574,RV_VST,2096
58823872089574,RV_VST,2100
58823872089574,RV_VST,2104
58823872089574,RV_VST,2108
58823872089574,RV_VST,2112
58823872089574,RV_VST,2116
58823872089574,RV_VST,2120
58823872089574,RV_VST,2124
58823872089574,RV_VST,2128
58823872089574,RV_VST,2132
58823872089574,RV_VST,2136
58823872089574,RV_VST,2140
58823872089574,RV_VST,2144
58823872089574,RV_VST,2148
58823872089574,RV_VST,2152
58823872089574,RV_VST,2156
58823872089574,RV_VST,2160
58823872089574,RV_VST,2164
58823872089574,RV_VST,2168
58823872089574,RV_VST,2172
58823872089574,RV_VST,2176
58823872089574,RV_VST,2180
58823872089574,RV_VST,2184
58823872089574,RV_VST,2188
58823872089574,RV_VST,2192
58823872089574,RV_VST,2196
58823872089574,RV_VST,2200
58823872089574,RV_VST,2204
58823872089574,RV_VST,2208
58823872089574,RV_VST,2212
58823872089574,RV_VST,2216
58823872089574,RV_VST,2220
58823872089574,RV_VST,2224
58823872089574,RV_VST,2228
58823872089574,RV_VST,2232
58823872089574,RV_VST,2236
58823872089574,RV_VST,2240
58823872089574,RV_VST,2244
58823872089574,RV_VST,2248
58823872089574,RV_VST,2252
58823872089574,RV_VST,2256
58823872089574,RV_VST,2260
58823872089574,RV_VST,2264
58823872089574,RV_VST,2268
58823872089574,RV_VST,2272
58823872089574,RV_VST,2276
58823872089574,RV_VST,2280
58823872089574,RV_VST,2284
58823872089574,RV_VST,2288
58823872089574,RV_VST,2292
58823872089574,RV_VST,2296
58823872089574,RV_VST,2300
59923383717351,RV_VLD,256
59923383717351,RV_VLD,260
59923383717351,RV_VLD,264
59923383717351,RV_VLD,268
59923383717351,RV_VLD,272
59923383717351,RV_VLD,276
59923383717351,RV_VLD,280
59923383717351,RV_VLD,284
59923383717351,RV_VLD,288
59923383717351,RV_VLD,292
59923383717351,RV_VLD,296
59923383717351,RV_VLD,300
59923383717351,RV_VLD,304
59923383717351,RV_VLD,308
59923383717351,RV_VLD,312
59923383717351,RV_VLD,316
59923383717351,RV_VLD,320
59923383717351,RV_VLD,324
59923383717351,RV_VLD,328
59923383717351,RV_VLD,332
59923383717351,RV_VLD,336
59923383717351,RV_VLD,340
59923383717351,RV_VLD,344
59923383717351,RV_VLD,348
59923383717351,RV_VLD,352
59923383717351,RV_VLD,356
59923383717351,RV_VLD,360
59923383717351,RV_VLD,364
59923383717351,RV_VLD,368
59923383717351,RV_VLD,372
59923383717351,RV_VLD,376
59923383717351,RV_VLD,380
59923383717351,RV_VLD,384
59923383717351,RV_VLD,388
59923383717351,RV_VLD,392
59923383717351,RV_VLD,396
59923383717351,RV_VLD,400
59923383717351,RV_VLD,404
59923383717351,RV_VLD,408
59923383717351,RV_VLD,412
59923383717351,RV_VLD,416
59923383717351,RV_VLD,420
59923383717351,RV_VLD,424
59923383717351,RV_VLD,428
59923383717351,RV_VLD,432
59923383717351,RV_VLD,436
59923383717351,RV_VLD,440
59923383717351,RV_VLD,444
59923383717351,RV_VLD,448
59923383717351,RV_VLD,452
59923383717351,RV_VLD,456
59923383717351,RV_VLD,460
59923383717351,RV_VLD,464
59923383717351,RV_VLD,468
59923383717351,RV_VLD,472
59923383717351,RV_VLD,476
59923383717351,RV_VLD,480
59923383717351,RV_VLD,484
59923383717351,RV_VLD,488
59923383717351,RV_VLD,492
59923383717351,RV_VLD,496
59923383717351,RV_VLD,500
59923383717351,RV_VLD,504
59923383717351,RV_VLD,508
58823872089578,RV_VST,2304
58823872089578,RV_VST,2308
58823872089578,RV_VST,2312
58823872089578,RV_VST,2316
58823872089578,RV_VST,2320
58823872089578,RV_VST,2324
58823872089578,RV_VST,2328
58823872089578,RV_VST,2332
58823872089578,RV_VST,2336
58823872089578,RV_VST,2340
58823872089578,RV_VST,2344
58823872089578,RV_VST,2348
58823872089578,RV_VST,2352
58823872089578,RV_VST,2356
58823872089578,RV_VST,2360
58823872089578,RV_VST,2364
58823872089578,RV_VST,2368
58823872089578,RV_VST,2372
58823872089578,RV_VST,2376
58823872089578,RV_VST,2380
58823872089578,RV_VST,2384
58823872089578,RV_VST,2388
58823872089578,RV_VST,2392
58823872089578,RV_VST,2396
58823872089578,RV_VST,2400
58823872089578,RV_VST,2404
58823872089578,RV_VST,2408
58823872089578,RV_VST,2412
58823872089578,RV_VST,2416
58823872089578,RV_VST,2420
58823872089578,RV_VST,2424
58823872089578,RV_VST,2428
58823872089578,RV_VST,2432
58823872089578,RV_VST,2436
58823872089578,RV_VST,2440
58823872089578,RV_VST,2444
58823872089578,RV_VST,2448
58823872089578,RV_VST,2452
58823872089578,RV_VST,2456
58823872089578,RV_VST,2460
58823872089578,RV_VST,2464
58823872089578,RV_VST,2468
58823872089578,RV_VST,2472
58823872089578,RV_VST,2476
58823872089578,RV_VST,2480
58823872089578,RV_VST,2484
58823872089578,RV_VST,2488
58823872089578,RV_VST,2492
58823872089578,RV_VST,2496
58823872089578,RV_VST,2500
58823872089578,RV_VST,2504
58823872089578,RV_VST,2508
58823872089578,RV_VST,2512
58823872089578,RV_VST,2516
58823872089578,RV_VST,2520
58823872089578,RV_VST,2524
58823872089578,RV_VST,2528
58823872089578,RV_VST,2532
58823872089578,RV_VST,2536
58823872089578,RV_VST,2540
58823872089578,RV_VST,2544
58823872089578,RV_VST,2548
58823872089578,RV_VST,2552
58823872089578,RV_VST,2556
59923383717369,RV_VLD,2048
59923383717369,RV_VLD,2052
59923383717369,RV_VLD,2056
59923383717369,RV_VLD,2060
59923383717369,RV_VLD,2064
59923383717369,RV_VLD,2068
59923383717369,RV_VLD,2072
59923383717369,RV_VLD,2076
59923383717369,RV_VLD,2080
59923383717369,RV_VLD,2084
59923383717369,RV_VLD,2088
59923383717369,RV_VLD,2092
59923383717369,RV_VLD,2096
59923383717369,RV_VLD,2100
59923383717369,RV_VLD,2104
59923383717369,RV_VLD,2108
59923383717369,RV_VLD,2112
59923383717369,RV_VLD,2116
59923383717369,RV_VLD,2120
59923383717369,RV_VLD,2124
59923383717369,RV_VLD,2128
59923383717369,RV_VLD,2132
59923383717369,RV_VLD,2136
59923383717369,RV_VLD,2140
59923383717369,RV_VLD,2144
59923383717369,RV_VLD,2148
59923383717369,RV_VLD,2152
59923383717369,RV_VLD,2156
59923383717369,RV_VLD,2160
59923383717369,RV_VLD,2164
59923383717369,RV_VLD,2168
59923383717369,RV_VLD,2172
59923383717369,RV_VLD,2176
59923383717369,RV_VLD,2180
59923383717369,RV_VLD,2184
59923383717369,RV_VLD,2188
59923383717369,RV_VLD,2192
59923383717369,RV_VLD,2196
59923383717369,RV_VLD,2200
59923383717369,RV_VLD,2204
59923383717369,RV_VLD,2208
59923383717369,RV_VLD,2212
59923383717369,RV_VLD,2216
59923383717369,RV_VLD,2220
59923383717369,RV_VLD,2224
59923383717369,RV_VLD,2228
59923383717369,RV_VLD,2232
59923383717369,RV_VLD,2236
59923383717369,RV_VLD,2240
59923383717369,RV_VLD,2244
59923383717369,RV_VLD,2248
59923383717369,RV_VLD,2252
59923383717369,RV_VLD,2256
59923383717369,RV_VLD,2260
59923383717369,RV_VLD,2264
59923383717369,RV_VLD,2268
59923383717369,RV_VLD,2272
59923383717369,RV_VLD,2276
59923383717369,RV_VLD,2280
59923383717369,RV_VLD,2284
59923383717369,RV_VLD,2288
59923383717369,RV_VLD,2292
59923383717369,RV_VLD,2296
59923383717369,RV_VLD,2300
58823872089597,RV_VST,2048
58823872089597,RV_VST,2052
58823872089597,RV_VST,2056
58823872089597,RV_VST,2060
58823872089597,RV_VST,2064
58823872089597,RV_VST,2068
58823872089597,RV_VST,2072
58823872089597,RV_VST,2076
58823872089597,RV_VST,2080
58823872089597,RV_VST,2084
58823872089597,RV_VST,2088
58823872089597,RV_VST,2092
58823872089597,RV_VST,2096
58823872089597,RV_VST,2100
58823872089597,RV_VST,2104
58823872089597,RV_VST,2108
58823872089597,RV_VST,2112
58823872089597,RV_VST,2116
58823872089597,RV_VST,2120
58823872089597,RV_VST,2124
58823872089597,RV_VST,2128
58823872089597,RV_VST,2132
58823872089597,RV_VST,2136
58823872089597,RV_VST,2140
58823872089597,RV_VST,2144
58823872089597,RV_VST,2148
58823872089597,RV_VST,2152
58823872089597,RV_VST,2156
58823872089597,RV_VST,2160
58823872089597,RV_VST,2164
58823872089597,RV_VST,2168
58823872089597,RV_VST,2172
58823872089597,RV_VST,2176
58823872089597,RV_VST,2180
58823872089597,RV_VST,2184
58823872089597,RV_VST,2188
58823872089597,RV_VST,2192
58823872089597,RV_VST,2196
58823872089597,RV_VST,2200
58823872089597,RV_VST,2204
58823872089597,RV_VST,2208
58823872089597,RV_VST,2212
58823872089597,RV_VST,2216
58823872089597,RV_VST,2220
58823872089597,RV_VST,2224
58823872089597,RV_VST,2228
58823872089597,RV_VST,2232
58823872089597,RV_VST,2236
58823872089597,RV_VST,2240
58823872089597,RV_VST,2244
58823872089597,RV_VST,2248
58823872089597,RV_VST,2252
58823872089597,RV_VST,2256
58823872089597,RV_VST,2260
58823872089597,RV_VST,2264
58823872089597,RV_VST,2268
58823872089597,RV_VST,2272
58823872089597,RV_VST,2276
58823872089597,RV_VST,2280
58823872089597,RV_VST,2284
58823872089597,RV_VST,2288
58823872089597,RV_VST,2292
58823872089597,RV_VST,2296
58823872089597,RV_VST,2300
59923383717376,RV_VLD,2304
59923383717376,RV_VLD,2308
59923383717376,RV_VLD,2312
59923383717376,RV_VLD,2316
59923383717376,RV_VLD,2320
59923383717376,RV_VLD,2324
59923383717376,RV_VLD,2328
59923383717376,RV_VLD,2332
59923383717376,RV_VLD,2336
59923383717376,RV_VLD,2340
59923383717376,RV_VLD,2344
59923383717376,RV_VLD,2348
59923383717376,RV_VLD,2352
59923383717376,RV_VLD,2356
59923383717376,RV_VLD,2360
59923383717376,RV_VLD,2364
59923383717376,RV_VLD,2368
59923383717376,RV_VLD,2372
59923383717376,RV_VLD,2376
59923383717376,RV_VLD,2380
59923383717376,RV_VLD,2384
59923383717376,RV_VLD,2388
59923383717376,RV_VLD,2392
59923383717376,RV_VLD,2396
59923383717376,RV_VLD,2400
59923383717376,RV_VLD,2404
59923383717376,RV_VLD,2408
59923383717376,RV_VLD,2412
59923383717376,RV_VLD,2416
59923383717376,RV_VLD,2420
59923383717376,RV_VLD,2424
59923383717376,RV_VLD,2428
59923383717376,RV_VLD,2432
59923383717376,RV_VLD,2436
59923383717376,RV_VLD,2440
59923383717376,RV_VLD,2444
59923383717376,RV_VLD,2448
59923383717376,RV_VLD,2452
59923383717376,RV_VLD,2456
59923383717376,RV_VLD,2460
59923383717376,RV_VLD,2464
59923383717376,RV_VLD,2468
59923383717376,RV_VLD,2472
59923383717376,RV_VLD,2476
59923383717376,RV_VLD,2480
59923383717376,RV_VLD,2484
59923383717376,RV_VLD,2488
59923383717376,RV_VLD,2492
59923383717376,RV_VLD,2496
59923383717376,RV_VLD,2500
59923383717376,RV_VLD,2504
59923383717376,RV_VLD,2508
59923383717376,RV_VLD,2512
59923383717376,RV_VLD,2516
59923383717376,RV_VLD,2520
59923383717376,RV_VLD,2524
59923383717376,RV_VLD,2528
59923383717376,RV_VLD,2532
59923383717376,RV_VLD,2536
59923383717376,RV_VLD,2540
59923383717376,RV_VLD,2544
59923383717376,RV_VLD,2548
59923383717376,RV_VLD,2552
59923383717376,RV_VLD,2556
58823872089604,RV_VST,2304
58823872089604,RV_VST,2308
58823872089604,RV_VST,2312
58823872089604,RV_VST,2316
58823872089604,RV_VST,2320
58823872089604,RV_VST,2324
58823872089604,RV_VST,2328
58823872089604,RV_VST,2332
58823872089604,RV_VST,2336
58823872089604,RV_VST,2340
58823872089604,RV_VST,2344
58823872089604,RV_VST,2348
58823872089604,RV_VST,2352
58823872089604,RV_VST,2356
58823872089604,RV_VST,2360
58823872089604,RV_VST,2364
58823872089604,RV_VST,2368
58823872089604,RV_VST,2372
58823872089604,RV_VST,2376
58823872089604,RV_VST,2380
58823872089604,RV_VST,2384
58823872089604,RV_VST,2388
58823872089604,RV_VST,2392
58823872089604,RV_VST,2396
58823872089604,RV_VST,2400
58823872089604,RV_VST,2404
58823872089604,RV_VST,2408
58823872089604,RV_VST,2412
58823872089604,RV_VST,2416
58823872089604,RV_VST,2420
58823872089604,RV_VST,2424
58823872089604,RV_VST,2428
58823872089604,RV_VST,2432
58823872089604,RV_VST,2436
58823872089604,RV_VST,2440
58823872089604,RV_VST,2444
58823872089604,RV_VST,2448
58823872089604,RV_VST,2452
58823872089604,RV_VST,2456
58823872089604,RV_VST,2460
58823872089604,RV_VST,2464
58823872089604,RV_VST,2468
58823872089604,RV_VST,2472
58823872089604,RV_VST,2476
58823872089604,RV_VST,2480
58823872089604,RV_VST,2484
58823872089604,RV_VST,2488
58823872089604,RV_VST,2492
58823872089604,RV_VST,2496
58823872089604,RV_VST,2500
58823872089604,RV_VST,2504
58823872089604,RV_VST,2508
58823872089604,RV_VST,2512
58823872089604,RV_VST,2516
58823872089604,RV_VST,2520
58823872089604,RV_VST,2524
58823872089604,RV_VST,2528
58823872089604,RV_VST,2532
58823872089604,RV_VST,2536
58823872089604,RV_VST,2540
58823872089604,RV_VST,2544
58823872089604,RV_VST,2548
58823872089604,RV_VST,2552
58823872089604,RV_VST,2556
59923383717411,RV_VLD,2048
59923383717411,RV_VLD,2052
59923383717411,RV_VLD,2056
59923383717411,RV_VLD,2060
59923383717411,RV_VLD,2064
59923383717411,RV_VLD,2068
59923383717411,RV_VLD,2072
59923383717411,RV_VLD,2076
59923383717411,RV_VLD,2080
59923383717411,RV_VLD,2084
59923383717411,RV_VLD,2088
59923383717411,RV_VLD,2092
59923383717411,RV_VLD,2096
59923383717411,RV_VLD,2100
59923383717411,RV_VLD,2104
59923383717411,RV_VLD,2108
59923383717411,RV_VLD,2112
59923383717411,RV_VLD,2116
59923383717411,RV_VLD,2120
59923383717411,RV_VLD,2124
59923383717411,RV_VLD,2128
59923383717411,RV_VLD,2132
59923383717411,RV_VLD,2136
59923383717411,RV_VLD,2140
59923383717411,RV_VLD,2144
59923383717411,RV_VLD,2148
59923383717411,RV_VLD,2152
59923383717411,RV_VLD,2156
59923383717411,RV_VLD,2160
59923383717411,RV_VLD,2164
59923383717411,RV_VLD,2168
59923383717411,RV_VLD,2172
59923383717411,RV_VLD,2176
59923383717411,RV_VLD,2180
59923383717411,RV_VLD,2184
59923383717411,RV_VLD,2188
59923383717411,RV_VLD,2192
59923383717411,RV_VLD,2196
59923383717411,RV_VLD,2200
59923383717411,RV_VLD,2204
59923383717411,RV_VLD,2208
59923383717411,RV_VLD,2212
59923383717411,RV_VLD,2216
59923383717411,RV_VLD,2220
59923383717411,RV_VLD,2224
59923383717411,RV_VLD,2228
59923383717411,RV_VLD,2232
59923383717411,RV_VLD,2236
59923383717411,RV_VLD,2240
59923383717411,RV_VLD,2244
59923383717411,RV_VLD,2248
59923383717411,RV_VLD,2252
59923383717411,RV_VLD,2256
59923383717411,RV_VLD,2260
59923383717411,RV_VLD,2264
59923383717411,RV_VLD,2268
59923383717411,RV_VLD,2272
59923383717411,RV_VLD,2276
59923383717411,RV_VLD,2280
59923383717411,RV_VLD,2284
59923383717411,RV_VLD,2288
59923383717411,RV_VLD,2292
59923383717411,RV_VLD,2296
59923383717411,RV_VLD,2300
59923383717412,RV_VLD,0
59923383717412,RV_VLD,4
59923383717412,RV_VLD,8
59923383717412,RV_VLD,12
59923383717412,RV_VLD,16
59923383717412,RV_VLD,20
59923383717412,RV_VLD,24
59923383717412,RV_VLD,28
59923383717412,RV_VLD,32
59923383717412,RV_VLD,36
59923383717412,RV_VLD,40
59923383717412,RV_VLD,44
59923383717412,RV_VLD,48
59923383717412,RV_VLD,52
59923383717412,RV_VLD,56
59923383717412,RV_VLD,60
59923383717412,RV_VLD,64
59923383717412,RV_VLD,68
59923383717412,RV_VLD,72
59923383717412,RV_VLD,76
59923383717412,RV_VLD,80
59923383717412,RV_VLD,84
59923383717412,RV_VLD,88
59923383717412,RV_VLD,92
59923383717412,RV_VLD,96
59923383717412,RV_VLD,100
59923383717412,RV_VLD,104
59923383717412,RV_VLD,108
59923383717412,RV_VLD,112
59923383717412,RV_VLD,116
59923383717412,RV_VLD,120
59923383717412,RV_VLD,124
59923383717412,RV_VLD,128
59923383717412,RV_VLD,132
59923383717412,RV_VLD,136
59923383717412,RV_VLD,140
59923383717412,RV_VLD,144
59923383717412,RV_VLD,148
59923383717412,RV_VLD,152
59923383717412,RV_VLD,156
59923383717412,RV_VLD,160
59923383717412,RV_VLD,164
59923383717412,RV_VLD,168
59923383717412,RV_VLD,172
59923383717412,RV_VLD,176
59923383717412,RV_VLD,180
59923383717412,RV_VLD,184
59923383717412,RV_VLD,188
59923383717412,RV_VLD,192
59923383717412,RV_VLD,196
59923383717412,RV_VLD,200
59923383717412,RV_VLD,204
59923383717412,RV_VLD,208
59923383717412,RV_VLD,212
59923383717412,RV_VLD,216
59923383717412,RV_VLD,220
59923383717412,RV_VLD,224
59923383717412,RV_VLD,228
59923383717412,RV_VLD,232
59923383717412,RV_VLD,236
59923383717412,RV_VLD,240
59923383717412,RV_VLD,244
59923383717412,RV_VLD,248
59923383717412,RV_VLD,252
58823872089639,RV_VST,2048
58823872089639,RV_VST,2052
58823872089639,RV_VST,2056
58823872089639,RV_VST,2060
58823872089639,RV_VST,2064
58823872089639,RV_VST,2068
58823872089639,RV_VST,2072
58823872089639,RV_VST,2076
58823872089639,RV_VST,2080
58823872089639,RV_VST,2084
58823872089639,RV_VST,2088
58823872089639,RV_VST,2092
58823872089639,RV_VST,2096
58823872089639,RV_VST,2100
58823872089639,RV_VST,2104
58823872089639,RV_VST,2108
58823872089639,RV_VST,2112
58823872089639,RV_VST,2116
58823872089639,RV_VST,2120
58823872089639,RV_VST,2124
58823872089639,RV_VST,2128
58823872089639,RV_VST,2132
58823872089639,RV_VST,2136
58823872089639,RV_VST,2140
58823872089639,RV_VST,2144
58823872089639,RV_VST,2148
58823872089639,RV_VST,2152
58823872089639,RV_VST,2156
58823872089639,RV_VST,2160
58823872089639,RV_VST,2164
58823872089639,RV_VST,2168
58823872089639,RV_VST,2172
58823872089639,RV_VST,2176
58823872089639,RV_VST,2180
58823872089639,RV_VST,2184
58823872089639,RV_VST,2188
58823872089639,RV_VST,2192
58823872089639,RV_VST,2196
58823872089639,RV_VST,2200
58823872089639,RV_VST,2204
58823872089639,RV_VST,2208
58823872089639,RV_VST,2212
58823872089639,RV_VST,2216
58823872089639,RV_VST,2220
58823872089639,RV_VST,2224
58823872089639,RV_VST,2228
58823872089639,RV_VST,2232
58823872089639,RV_VST,2236
58823872089639,RV_VST,2240
58823872089639,RV_VST,2244
58823872089639,RV_VST,2248
58823872089639,RV_VST,2252
58823872089639,RV_VST,2256
58823872089639,RV_VST,2260
58823872089639,RV_VST,2264
58823872089639,RV_VST,2268
58823872089639,RV_VST,2272
58823872089639,RV_VST,2276
58823872089639,RV_VST,2280
58823872089639,RV_VST,2284
58823872089639,RV_VST,2288
58823872089639,RV_VST,2292
58823872089639,RV_VST,2296
58823872089639,RV_VST,2300
59923383717416,RV_VLD,2304
59923383717416,RV_VLD,2308
59923383717416,RV_VLD,2312
59923383717416,RV_VLD,2316
59923383717416,RV_VLD,2320
59923383717416,RV_VLD,2324
59923383717416,RV_VLD,2328
59923383717416,RV_VLD,2332
59923383717416,RV_VLD,2336
59923383717416,RV_VLD,2340
59923383717416,RV_VLD,2344
59923383717416,RV_VLD,2348
59923383717416,RV_VLD,2352
59923383717416,RV_VLD,2356
59923383717416,RV_VLD,2360
59923383717416,RV_VLD,2364
59923383717416,RV_VLD,2368
59923383717416,RV_VLD,2372
59923383717416,RV_VLD,2376
59923383717416,RV_VLD,2380
59923383717416,RV_VLD,2384
59923383717416,RV_VLD,2388
59923383717416,RV_VLD,2392
59923383717416,RV_VLD,2396
59923383717416,RV_VLD,2400
59923383717416,RV_VLD,2404
59923383717416,RV_VLD,2408
59923383717416,RV_VLD,2412
59923383717416,RV_VLD,2416
59923383717416,RV_VLD,2420
59923383717416,RV_VLD,2424
59923383717416,RV_VLD,2428
59923383717416,RV_VLD,2432
59923383717416,RV_VLD,2436
59923383717416,RV_VLD,2440
59923383717416,RV_VLD,2444
59923383717416,RV_VLD,2448
59923383717416,RV_VLD,2452
59923383717416,RV_VLD,2456
59923383717416,RV_VLD,2460
59923383717416,RV_VLD,2464
59923383717416,RV_VLD,2468
59923383717416,RV_VLD,2472
59923383717416,RV_VLD,2476
59923383717416,RV_VLD,2480
59923383717416,RV_VLD,2484
59923383717416,RV_VLD,2488
59923383717416,RV_VLD,2492
59923383717416,RV_VLD,2496
59923383717416,RV_VLD,2500
59923383717416,RV_VLD,2504
59923383717416,RV_VLD,2508
59923383717416,RV_VLD,2512
59923383717416,RV_VLD,2516
59923383717416,RV_VLD,2520
59923383717416,RV_VLD,2524
59923383717416,RV_VLD,2528
59923383717416,RV_VLD,2532
59923383717416,RV_VLD,2536
59923383717416,RV_VLD,2540
59923383717416,RV_VLD,2544
59923383717416,RV_VLD,2548
59923383717416,RV_VLD,2552
59923383717416,RV_VLD,2556
59923383717417,RV_VLD,256
59923383717417,RV_VLD,260
59923383717417,RV_VLD,264
59923383717417,RV_VLD,268
59923383717417,RV_VLD,272
59923383717417,RV_VLD,276
59923383717417,RV_VLD,280
59923383717417,RV_VLD,284
59923383717417,RV_VLD,288
59923383717417,RV_VLD,292
59923383717417,RV_VLD,296
59923383717417,RV_VLD,300
59923383717417,RV_VLD,304
59923383717417,RV_VLD,308
59923383717417,RV_VLD,312
59923383717417,RV_VLD,316
59923383717417,RV_VLD,320
59923383717417,RV_VLD,324
59923383717417,RV_VLD,328
59923383717417,RV_VLD,332
59923383717417,RV_VLD,336
59923383717417,RV_VLD,340
59923383717417,RV_VLD,344
59923383717417,RV_VLD,348
59923383717417,RV_VLD,352
59923383717417,RV_VLD,356
59923383717417,RV_VLD,360
59923383717417,RV_VLD,364
59923383717417,RV_VLD,368
59923383717417,RV_VLD,372
59923383717417,RV_VLD,376
59923383717417,RV_VLD,380
59923383717417,RV_VLD,384
59923383717417,RV_VLD,388
59923383717417,RV_VLD,392
59923383717417,RV_VLD,396
59923383717417,RV_VLD,400
59923383717417,RV_VLD,404
59923383717417,RV_VLD,408
59923383717417,RV_VLD,412
59923383717417,RV_VLD,416
59923383717417,RV_VLD,420
59923383717417,RV_VLD,424
59923383717417,RV_VLD,428
59923383717417,RV_VLD,432
59923383717417,RV_VLD,436
59923383717417,RV_VLD,440
59923383717417,RV_VLD,444
59923383717417,RV_VLD,448
59923383717417,RV_VLD,452
59923383717417,RV_VLD,456
59923383717417,RV_VLD,460
59923383717417,RV_VLD,464
59923383717417,RV_VLD,468
59923383717417,RV_VLD,472
59923383717417,RV_VLD,476
59923383717417,RV_VLD,480
59923383717417,RV_VLD,484
59923383717417,RV_VLD,488
59923383717417,RV_VLD,492
59923383717417,RV_VLD,496
59923383717417,RV_VLD,500
59923383717417,RV_VLD,504
59923383717417,RV_VLD,508
58823872089644,RV_VST,2304
58823872089644,RV_VST,2308
58823872089644,RV_VST,2312
58823872089644,RV_VST,2316
58823872089644,RV_VST,2320
58823872089644,RV_VST,2324
58823872089644,RV_VST,2328
58823872089644,RV_VST,2332
58823872089644,RV_VST,2336
58823872089644,RV_VST,2340
58823872089644,RV_VST,2344
58823872089644,RV_VST,2348
58823872089644,RV_VST,2352
58823872089644,RV_VST,2356
58823872089644,RV_VST,2360
58823872089644,RV_VST,2364
58823872089644,RV_VST,2368
58823872089644,RV_VST,2372
58823872089644,RV_VST,2376
58823872089644,RV_VST,2380
58823872089644,RV_VST,2384
58823872089644,RV_VST,2388
58823872089644,RV_VST,2392
58823872089644,RV_VST,2396
58823872089644,RV_VST,2400
58823872089644,RV_VST,2404
58823872089644,RV_VST,2408
58823872089644,RV_VST,2412
58823872089644,RV_VST,2416
58823872089644,RV_VST,2420
58823872089644,RV_VST,2424
58823872089644,RV_VST,2428
58823872089644,RV_VST,2432
58823872089644,RV_VST,2436
58823872089644,RV_VST,2440
58823872089644,RV_VST,2444
58823872089644,RV_VST,2448
58823872089644,RV_VST,2452
58823872089644,RV_VST,2456
58823872089644,RV_VST,2460
58823872089644,RV_VST,2464
58823872089644,RV_VST,2468
58823872089644,RV_VST,2472
58823872089644,RV_VST,2476
58823872089644,RV_VST,2480
58823872089644,RV_VST,2484
58823872089644,RV_VST,2488
58823872089644,RV_VST,2492
58823872089644,RV_VST,2496
58823872089644,RV_VST,2500
58823872089644,RV_VST,2504
58823872089644,RV_VST,2508
58823872089644,RV_VST,2512
58823872089644,RV_VST,2516
58823872089644,RV_VST,2520
58823872089644,RV_VST,2524
58823872089644,RV_VST,2528
58823872089644,RV_VST,2532
58823872089644,RV_VST,2536
58823872089644,RV_VST,2540
58823872089644,RV_VST,2544
58823872089644,RV_VST,2548
58823872089644,RV_VST,2552
58823872089644,RV_VST,2556
59923383717440,RV_VLD,2048
59923383717440,RV_VLD,2052
59923383717440,RV_VLD,2056
59923383717440,RV_VLD,2060
59923383717440,RV_VLD,2064
59923383717440,RV_VLD,2068
59923383717440,RV_VLD,2072
59923383717440,RV_VLD,2076
59923383717440,RV_VLD,2080
59923383717440,RV_VLD,2084
59923383717440,RV_VLD,2088
59923383717440,RV_VLD,2092
59923383717440,RV_VLD,2096
59923383717440,RV_VLD,2100
59923383717440,RV_VLD,2104
59923383717440,RV_VLD,2108
59923383717440,RV_VLD,2112
59923383717440,RV_VLD,2116
59923383717440,RV_VLD,2120
59923383717440,RV_VLD,2124
59923383717440,RV_VLD,2128
59923383717440,RV_VLD,2132
59923383717440,RV_VLD,2136
59923383717440,RV_VLD,2140
59923383717440,RV_VLD,2144
59923383717440,RV_VLD,2148
59923383717440,RV_VLD,2152
59923383717440,RV_VLD,2156
59923383717440,RV_VLD,2160
59923383717440,RV_VLD,2164
59923383717440,RV_VLD,2168
59923383717440,RV_VLD,2172
59923383717440,RV_VLD,2176
59923383717440,RV_VLD,2180
59923383717440,RV_VLD,2184
59923383717440,RV_VLD,2188
59923383717440,RV_VLD,2192
59923383717440,RV_VLD,2196
59923383717440,RV_VLD,2200
59923383717440,RV_VLD,2204
59923383717440,RV_VLD,2208
59923383717440,RV_VLD,2212
59923383717440,RV_VLD,2216
59923383717440,RV_VLD,2220
59923383717440,RV_VLD,2224
59923383717440,RV_VLD,2228
59923383717440,RV_VLD,2232
59923383717440,RV_VLD,2236
59923383717440,RV_VLD,2240
59923383717440,RV_VLD,2244
59923383717440,RV_VLD,2248
59923383717440,RV_VLD,2252
59923383717440,RV_VLD,2256
59923383717440,RV_VLD,2260
59923383717440,RV_VLD,2264
59923383717440,RV_VLD,2268
59923383717440,RV_VLD,2272
59923383717440,RV_VLD,2276
59923383717440,RV_VLD,2280
59923383717440,RV_VLD,2284
59923383717440,RV_VLD,2288
59923383717440,RV_VLD,2292
59923383717440,RV_VLD,2296
59923383717440,RV_VLD,2300
58823872089668,RV_VST,2048
58823872089668,RV_VST,2052
58823872089668,RV_VST,2056
58823872089668,RV_VST,2060
58823872089668,RV_VST,2064
58823872089668,RV_VST,2068
58823872089668,RV_VST,2072
58823872089668,RV_VST,2076
58823872089668,RV_VST,2080
58823872089668,RV_VST,2084
58823872089668,RV_VST,2088
58823872089668,RV_VST,2092
58823872089668,RV_VST,2096
58823872089668,RV_VST,2100
58823872089668,RV_VST,2104
58823872089668,RV_VST,2108
58823872089668,RV_VST,2112
58823872089668,RV_VST,2116
58823872089668,RV_VST,2120
58823872089668,RV_VST,2124
58823872089668,RV_VST,2128
58823872089668,RV_VST,2132
58823872089668,RV_VST,2136
58823872089668,RV_VST,2140
58823872089668,RV_VST,2144
58823872089668,RV_VST,2148
58823872089668,RV_VST,2152
58823872089668,RV_VST,2156
58823872089668,RV_VST,2160
58823872089668,RV_VST,2164
58823872089668,RV_VST,2168
58823872089668,RV_VST,2172
58823872089668,RV_VST,2176
58823872089668,RV_VST,2180
58823872089668,RV_VST,2184
58823872089668,RV_VST,2188
58823872089668,RV_VST,2192
58823872089668,RV_VST,2196
58823872089668,RV_VST,2200
58823872089668,RV_VST,2204
58823872089668,RV_VST,2208
58823872089668,RV_VST,2212
58823872089668,RV_VST,2216
58823872089668,RV_VST,2220
58823872089668,RV_VST,2224
58823872089668,RV_VST,2228
58823872089668,RV_VST,2232
58823872089668,RV_VST,2236
58823872089668,RV_VST,2240
58823872089668,RV_VST,2244
58823872089668,RV_VST,2248
58823872089668,RV_VST,2252
58823872089668,RV_VST,2256
58823872089668,RV_VST,2260
58823872089668,RV_VST,2264
58823872089668,RV_VST,2268
58823872089668,RV_VST,2272
58823872089668,RV_VST,2276
58823872089668,RV_VST,2280
58823872089668,RV_VST,2284
58823872089668,RV_VST,2288
58823872089668,RV_VST,2292
58823872089668,RV_VST,2296
58823872089668,RV_VST,2300
59923383717445,RV_VLD,2304
59923383717445,RV_VLD,2308
59923383717445,RV_VLD,2312
59923383717445,RV_VLD,2316
59923383717445,RV_VLD,2320
59923383717445,RV_VLD,2324
59923383717445,RV_VLD,2328
59923383717445,RV_VLD,2332
59923383717445,RV_VLD,2336
59923383717445,RV_VLD,2340
59923383717445,RV_VLD,2344
59923383717445,RV_VLD,2348
59923383717445,RV_VLD,2352
59923383717445,RV_VLD,2356
59923383717445,RV_VLD,2360
59923383717445,RV_VLD,2364
59923383717445,RV_VLD,2368
59923383717445,RV_VLD,2372
59923383717445,RV_VLD,2376
59923383717445,RV_VLD,2380
59923383717445,RV_VLD,2384
59923383717445,RV_VLD,2388
59923383717445,RV_VLD,2392
59923383717445,RV_VLD,2396
59923383717445,RV_VLD,2400
59923383717445,RV_VLD,2404
59923383717445,RV_VLD,2408
59923383717445,RV_VLD,2412
59923383717445,RV_VLD,2416
59923383717445,RV_VLD,2420
59923383717445,RV_VLD,2424
59923383717445,RV_VLD,2428
59923383717445,RV_VLD,2432
59923383717445,RV_VLD,2436
59923383717445,RV_VLD,2440
59923383717445,RV_VLD,2444
59923383717445,RV_VLD,2448
59923383717445,RV_VLD,2452
59923383717445,RV_VLD,2456
59923383717445,RV_VLD,2460
59923383717445,RV_VLD,2464
59923383717445,RV_VLD,2468
59923383717445,RV_VLD,2472
59923383717445,RV_VLD,2476
59923383717445,RV_VLD,2480
59923383717445,RV_VLD,2484
59923383717445,RV_VLD,2488
59923383717445,RV_VLD,2492
59923383717445,RV_VLD,2496
59923383717445,RV_VLD,2500
59923383717445,RV_VLD,2504
59923383717445,RV_VLD,2508
59923383717445,RV_VLD,2512
59923383717445,RV_VLD,2516
59923383717445,RV_VLD,2520
59923383717445,RV_VLD,2524
59923383717445,RV_VLD,2528
59923383717445,RV_VLD,2532
59923383717445,RV_VLD,2536
59923383717445,RV_VLD,2540
59923383717445,RV_VLD,2544
59923383717445,RV_VLD,2548
59923383717445,RV_VLD,2552
59923383717445,RV_VLD,2556
58823872089673,RV_VST,2304
58823872089673,RV_VST,2308
58823872089673,RV_VST,2312
58823872089673,RV_VST,2316
58823872089673,RV_VST,2320
58823872089673,RV_VST,2324
58823872089673,RV_VST,2328
58823872089673,RV_VST,2332
58823872089673,RV_VST,2336
58823872089673,RV_VST,2340
58823872089673,RV_VST,2344
58823872089673,RV_VST,2348
58823872089673,RV_VST,2352
58823872089673,RV_VST,2356
58823872089673,RV_VST,2360
58823872089673,RV_VST,2364
58823872089673,RV_VST,2368
58823872089673,RV_VST,2372
58823872089673,RV_VST,2376
58823872089673,RV_VST,2380
58823872089673,RV_VST,2384
58823872089673,RV_VST,2388
58823872089673,RV_VST,2392
58823872089673,RV_VST,2396
58823872089673,RV_VST,2400
58823872089673,RV_VST,2404
58823872089673,RV_VST,2408
58823872089673,RV_VST,2412
58823872089673,RV_VST,2416
58823872089673,RV_VST,2420
58823872089673,RV_VST,2424
58823872089673,RV_VST,2428
58823872089673,RV_VST,2432
58823872089673,RV_VST,2436
58823872089673,RV_VST,2440
58823872089673,RV_VST,2444
58823872089673,RV_VST,2448
58823872089673,RV_VST,2452
58823872089673,RV_VST,2456
58823872089673,RV_VST,2460
58823872089673,RV_VST,2464
58823872089673,RV_VST,2468
58823872089673,RV_VST,2472
58823872089673,RV_VST,2476
58823872089673,RV_VST,2480
58823872089673,RV_VST,2484
58823872089673,RV_VST,2488
58823872089673,RV_VST,2492
58823872089673,RV_VST,2496
58823872089673,RV_VST,2500
58823872089673,RV_VST,2504
58823872089673,RV_VST,2508
58823872089673,RV_VST,2512
58823872089673,RV_VST,2516
58823872089673,RV_VST,2520
58823872089673,RV_VST,2524
58823872089673,RV_VST,2528
58823872089673,RV_VST,2532
58823872089673,RV_VST,2536
58823872089673,RV_VST,2540
58823872089673,RV_VST,2544
58823872089673,RV_VST,2548
58823872089673,RV_VST,2552
58823872089673,RV_VST,2556
59923383717466,RV_VLD,0
59923383717466,RV_VLD,4
59923383717466,RV_VLD,8
59923383717466,RV_VLD,12
59923383717466,RV_VLD,16
59923383717466,RV_VLD,20
59923383717466,RV_VLD,24
59923383717466,RV_VLD,28
59923383717466,RV_VLD,32
59923383717466,RV_VLD,36
59923383717466,RV_VLD,40
59923383717466,RV_VLD,44
59923383717466,RV_VLD,48
59923383717466,RV_VLD,52
59923383717466,RV_VLD,56
59923383717466,RV_VLD,60
59923383717466,RV_VLD,64
59923383717466,RV_VLD,68
59923383717466,RV_VLD,72
59923383717466,RV_VLD,76
59923383717466,RV_VLD,80
59923383717466,RV_VLD,84
59923383717466,RV_VLD,88
59923383717466,RV_VLD,92
59923383717466,RV_VLD,96
59923383717466,RV_VLD,100
59923383717466,RV_VLD,104
59923383717466,RV_VLD,108
59923383717466,RV_VLD,112
59923383717466,RV_VLD,116
59923383717466,RV_VLD,120
59923383717466,RV_VLD,124
59923383717466,RV_VLD,128
59923383717466,RV_VLD,132
59923383717466,RV_VLD,136
59923383717466,RV_VLD,140
59923383717466,RV_VLD,144
59923383717466,RV_VLD,148
59923383717466,RV_VLD,152
59923383717466,RV_VLD,156
59923383717466,RV_VLD,160
59923383717466,RV_VLD,164
59923383717466,RV_VLD,168
59923383717466,RV_VLD,172
59923383717466,RV_VLD,176
59923383717466,RV_VLD,180
59923383717466,RV_VLD,184
59923383717466,RV_VLD,188
59923383717466,RV_VLD,192
59923383717466,RV_VLD,196
59923383717466,RV_VLD,200
59923383717466,RV_VLD,204
59923383717466,RV_VLD,208
59923383717466,RV_VLD,212
59923383717466,RV_VLD,216
59923383717466,RV_VLD,220
59923383717466,RV_VLD,224
59923383717466,RV_VLD,228
59923383717466,RV_VLD,232
59923383717466,RV_VLD,236
59923383717466,RV_VLD,240
59923383717466,RV_VLD,244
59923383717466,RV_VLD,248
59923383717466,RV_VLD,252
59923383717467,RV_VLD,2048
59923383717467,RV_VLD,2052
59923383717467,RV_VLD,2056
59923383717467,RV_VLD,2060
59923383717467,RV_VLD,2064
59923383717467,RV_VLD,2068
59923383717467,RV_VLD,2072
59923383717467,RV_VLD,2076
59923383717467,RV_VLD,2080
59923383717467,RV_VLD,2084
59923383717467,RV_VLD,2088
59923383717467,RV_VLD,2092
59923383717467,RV_VLD,2096
59923383717467,RV_VLD,2100
59923383717467,RV_VLD,2104
59923383717467,RV_VLD,2108
59923383717467,RV_VLD,2112
59923383717467,RV_VLD,2116
59923383717467,RV_VLD,2120
59923383717467,RV_VLD,2124
59923383717467,RV_VLD,2128
59923383717467,RV_VLD,2132
59923383717467,RV_VLD,2136
59923383717467,RV_VLD,2140
59923383717467,RV_VLD,2144
59923383717467,RV_VLD,2148
59923383717467,RV_VLD,2152
59923383717467,RV_VLD,2156
59923383717467,RV_VLD,2160
59923383717467,RV_VLD,2164
59923383717467,RV_VLD,2168
59923383717467,RV_VLD,2172
59923383717467,RV_VLD,2176
59923383717467,RV_VLD,2180
59923383717467,RV_VLD,2184
59923383717467,RV_VLD,2188
59923383717467,RV_VLD,2192
59923383717467,RV_VLD,2196
59923383717467,RV_VLD,2200
59923383717467,RV_VLD,2204
59923383717467,RV_VLD,2208
59923383717467,RV_VLD,2212
59923383717467,RV_VLD,2216
59923383717467,RV_VLD,2220
59923383717467,RV_VLD,2224
59923383717467,RV_VLD,2228
59923383717467,RV_VLD,2232
59923383717467,RV_VLD,2236
59923383717467,RV_VLD,2240
59923383717467,RV_VLD,2244
59923383717467,RV_VLD,2248
59923383717467,RV_VLD,2252
59923383717467,RV_VLD,2256
59923383717467,RV_VLD,2260
59923383717467,RV_VLD,2264
59923383717467,RV_VLD,2268
59923383717467,RV_VLD,2272
59923383717467,RV_VLD,2276
59923383717467,RV_VLD,2280
59923383717467,RV_VLD,2284
59923383717467,RV_VLD,2288
59923383717467,RV_VLD,2292
59923383717467,RV_VLD,2296
59923383717467,RV_VLD,2300
58823872089694,RV_VST,2048
58823872089694,RV_VST,2052
58823872089694,RV_VST,2056
58823872089694,RV_VST,2060
58823872089694,RV_VST,2064
58823872089694,RV_VST,2068
58823872089694,RV_VST,2072
58823872089694,RV_VST,2076
58823872089694,RV_VST,2080
58823872089694,RV_VST,2084
58823872089694,RV_VST,2088
58823872089694,RV_VST,2092
58823872089694,RV_VST,2096
58823872089694,RV_VST,2100
58823872089694,RV_VST,2104
58823872089694,RV_VST,2108
58823872089694,RV_VST,2112
58823872089694,RV_VST,2116
58823872089694,RV_VST,2120
58823872089694,RV_VST,2124
58823872089694,RV_VST,2128
58823872089694,RV_VST,2132
58823872089694,RV_VST,2136
58823872089694,RV_VST,2140
58823872089694,RV_VST,2144
58823872089694,RV_VST,2148
58823872089694,RV_VST,2152
58823872089694,RV_VST,2156
58823872089694,RV_VST,2160
58823872089694,RV_VST,2164
58823872089694,RV_VST,2168
58823872089694,RV_VST,2172
58823872089694,RV_VST,2176
58823872089694,RV_VST,2180
58823872089694,RV_VST,2184
58823872089694,RV_VST,2188
58823872089694,RV_VST,2192
58823872089694,RV_VST,2196
58823872089694,RV_VST,2200
58823872089694,RV_VST,2204
58823872089694,RV_VST,2208
58823872089694,RV_VST,2212
58823872089694,RV_VST,2216
58823872089694,RV_VST,2220
58823872089694,RV_VST,2224
58823872089694,RV_VST,2228
58823872089694,RV_VST,2232
58823872089694,RV_VST,2236
58823872089694,RV_VST,2240
58823872089694,RV_VST,2244
58823872089694,RV_VST,2248
58823872089694,RV_VST,2252
58823872089694,RV_VST,2256
58823872089694,RV_VST,2260
58823872089694,RV_VST,2264
58823872089694,RV_VST,2268
58823872089694,RV_VST,2272
58823872089694,RV_VST,2276
58823872089694,RV_VST,2280
58823872089694,RV_VST,2284
58823872089694,RV_VST,2288
58823872089694,RV_VST,2292
58823872089694,RV_VST,2296
58823872089694,RV_VST,2300
59923383717471,RV_VLD,256
59923383717471,RV_VLD,260
59923383717471,RV_VLD,264
59923383717471,RV_VLD,268
59923383717471,RV_VLD,272
59923383717471,RV_VLD,276
59923383717471,RV_VLD,280
59923383717471,RV_VLD,284
59923383717471,RV_VLD,288
59923383717471,RV_VLD,292
59923383717471,RV_VLD,296
59923383717471,RV_VLD,300
59923383717471,RV_VLD,304
59923383717471,RV_VLD,308
59923383717471,RV_VLD,312
59923383717471,RV_VLD,316
59923383717471,RV_VLD,320
59923383717471,RV_VLD,324
59923383717471,RV_VLD,328
59923383717471,RV_VLD,332
59923383717471,RV_VLD,336
59923383717471,RV_VLD,340
59923383717471,RV_VLD,344
59923383717471,RV_VLD,348
59923383717471,RV_VLD,352
59923383717471,RV_VLD,356
59923383717471,RV_VLD,360
59923383717471,RV_VLD,364
59923383717471,RV_VLD,368
59923383717471,RV_VLD,372
59923383717471,RV_VLD,376
59923383717471,RV_VLD,380
59923383717471,RV_VLD,384
59923383717471,RV_VLD,388
59923383717471,RV_VLD,392
59923383717471,RV_VLD,396
59923383717471,RV_VLD,400
59923383717471,RV_VLD,404
59923383717471,RV_VLD,408
59923383717471,RV_VLD,412
59923383717471,RV_VLD,416
59923383717471,RV_VLD,420
59923383717471,RV_VLD,424
59923383717471,RV_VLD,428
59923383717471,RV_VLD,432
59923383717471,RV_VLD,436
59923383717471,RV_VLD,440
59923383717471,RV_VLD,444
59923383717471,RV_VLD,448
59923383717471,RV_VLD,452
59923383717471,RV_VLD,456
59923383717471,RV_VLD,460
59923383717471,RV_VLD,464
59923383717471,RV_VLD,468
59923383717471,RV_VLD,472
59923383717471,RV_VLD,476
59923383717471,RV_VLD,480
59923383717471,RV_VLD,484
59923383717471,RV_VLD,488
59923383717471,RV_VLD,492
59923383717471,RV_VLD,496
59923383717471,RV_VLD,500
59923383717471,RV_VLD,504
59923383717471,RV_VLD,508
59923383717472,RV_VLD,2304
59923383717472,RV_VLD,2308
59923383717472,RV_VLD,2312
59923383717472,RV_VLD,2316
59923383717472,RV_VLD,2320
59923383717472,RV_VLD,2324
59923383717472,RV_VLD,2328
59923383717472,RV_VLD,2332
59923383717472,RV_VLD,2336
59923383717472,RV_VLD,2340
59923383717472,RV_VLD,2344
59923383717472,RV_VLD,2348
59923383717472,RV_VLD,2352
59923383717472,RV_VLD,2356
59923383717472,RV_VLD,2360
59923383717472,RV_VLD,2364
59923383717472,RV_VLD,2368
59923383717472,RV_VLD,2372
59923383717472,RV_VLD,2376
59923383717472,RV_VLD,2380
59923383717472,RV_VLD,2384
59923383717472,RV_VLD,2388
59923383717472,RV_VLD,2392
59923383717472,RV_VLD,2396
59923383717472,RV_VLD,2400
59923383717472,RV_VLD,2404
59923383717472,RV_VLD,2408
59923383717472,RV_VLD,2412
59923383717472,RV_VLD,2416
59923383717472,RV_VLD,2420
59923383717472,RV_VLD,2424
59923383717472,RV_VLD,2428
59923383717472,RV_VLD,2432
59923383717472,RV_VLD,2436
59923383717472,RV_VLD,2440
59923383717472,RV_VLD,2444
59923383717472,RV_VLD,2448
59923383717472,RV_VLD,2452
59923383717472,RV_VLD,2456
59923383717472,RV_VLD,2460
59923383717472,RV_VLD,2464
59923383717472,RV_VLD,2468
59923383717472,RV_VLD,2472
59923383717472,RV_VLD,2476
59923383717472,RV_VLD,2480
59923383717472,RV_VLD,2484
59923383717472,RV_VLD,2488
59923383717472,RV_VLD,2492
59923383717472,RV_VLD,2496
59923383717472,RV_VLD,2500
59923383717472,RV_VLD,2504
59923383717472,RV_VLD,2508
59923383717472,RV_VLD,2512
59923383717472,RV_VLD,2516
59923383717472,RV_VLD,2520
59923383717472,RV_VLD,2524
59923383717472,RV_VLD,2528
59923383717472,RV_VLD,2532
59923383717472,RV_VLD,2536
59923383717472,RV_VLD,2540
59923383717472,RV_VLD,2544
59923383717472,RV_VLD,2548
59923383717472,RV_VLD,2552
59923383717472,RV_VLD,2556
58823872089699,RV_VST,2304
58823872089699,RV_VST,2308
58823872089699,RV_VST,2312
58823872089699,RV_VST,2316
58823872089699,RV_VST,2320
58823872089699,RV_VST,2324
58823872089699,RV_VST,2328
58823872089699,RV_VST,2332
58823872089699,RV_VST,2336
58823872089699,RV_VST,2340
58823872089699,RV_VST,2344
58823872089699,RV_VST,2348
58823872089699,RV_VST,2352
58823872089699,RV_VST,2356
58823872089699,RV_VST,2360
58823872089699,RV_VST,2364
58823872089699,RV_VST,2368
58823872089699,RV_VST,2372
58823872089699,RV_VST,2376
58823872089699,RV_VST,2380
58823872089699,RV_VST,2384
58823872089699,RV_VST,2388
58823872089699,RV_VST,2392
58823872089699,RV_VST,2396
58823872089699,RV_VST,2400
58823872089699,RV_VST,2404
58823872089699,RV_VST,2408
58823872089699,RV_VST,2412
58823872089699,RV_VST,2416
58823872089699,RV_VST,2420
58823872089699,RV_VST,2424
58823872089699,RV_VST,2428
58823872089699,RV_VST,2432
58823872089699,RV_VST,2436
58823872089699,RV_VST,2440
58823872089699,RV_VST,2444
58823872089699,RV_VST,2448
58823872089699,RV_VST,2452
58823872089699,RV_VST,2456
58823872089699,RV_VST,2460
58823872089699,RV_VST,2464
58823872089699,RV_VST,2468
58823872089699,RV_VST,2472
58823872089699,RV_VST,2476
58823872089699,RV_VST,2480
58823872089699,RV_VST,2484
58823872089699,RV_VST,2488
58823872089699,RV_VST,2492
58823872089699,RV_VST,2496
58823872089699,RV_VST,2500
58823872089699,RV_VST,2504
58823872089699,RV_VST,2508
58823872089699,RV_VST,2512
58823872089699,RV_VST,2516
58823872089699,RV_VST,2520
58823872089699,RV_VST,2524
58823872089699,RV_VST,2528
58823872089699,RV_VST,2532
58823872089699,RV_VST,2536
58823872089699,RV_VST,2540
58823872089699,RV_VST,2544
58823872089699,RV_VST,2548
58823872089699,RV_VST,2552
58823872089699,RV_VST,2556
59923383719197,RV_VLD,0
59923383719197,RV_VLD,4
59923383719197,RV_VLD,8
59923383719197,RV_VLD,12
59923383719197,RV_VLD,16
59923383719197,RV_VLD,20
59923383719197,RV_VLD,24
59923383719197,RV_VLD,28
59923383719197,RV_VLD,32
59923383719197,RV_VLD,36
59923383719197,RV_VLD,40
59923383719197,RV_VLD,44
59923383719197,RV_VLD,48
59923383719197,RV_VLD,52
59923383719197,RV_VLD,56
59923383719197,RV_VLD,60
59923383719197,RV_VLD,64
59923383719197,RV_VLD,68
59923383719197,RV_VLD,72
59923383719197,RV_VLD,76
59923383719197,RV_VLD,80
59923383719197,RV_VLD,84
59923383719197,RV_VLD,88
59923383719197,RV_VLD,92
59923383719197,RV_VLD,96
59923383719197,RV_VLD,100
59923383719197,RV_VLD,104
59923383719197,RV_VLD,108
59923383719197,RV_VLD,112
59923383719197,RV_VLD,116
59923383719197,RV_VLD,120
59923383719197,RV_VLD,124
59923383719197,RV_VLD,128
59923383719197,RV_VLD,132
59923383719197,RV_VLD,136
59923383719197,RV_VLD,140
59923383719197,RV_VLD,144
59923383719197,RV_VLD,148
59923383719197,RV_VLD,152
59923383719197,RV_VLD,156
59923383719197,RV_VLD,160
59923383719197,RV_VLD,164
59923383719197,RV_VLD,168
59923383719197,RV_VLD,172
59923383719197,RV_VLD,176
59923383719197,RV_VLD,180
59923383719197,RV_VLD,184
59923383719197,RV_VLD,188
59923383719197,RV_VLD,192
59923383719197,RV_VLD,196
59923383719197,RV_VLD,200
59923383719197,RV_VLD,204
59923383719197,RV_VLD,208
59923383719197,RV_VLD,212
59923383719197,RV_VLD,216
59923383719197,RV_VLD,220
59923383719197,RV_VLD,224
59923383719197,RV_VLD,228
59923383719197,RV_VLD,232
59923383719197,RV_VLD,236
59923383719197,RV_VLD,240
59923383719197,RV_VLD,244
59923383719197,RV_VLD,248
59923383719197,RV_VLD,252
59923383719198,RV_VLD,2048
59923383719198,RV_VLD,2052
59923383719198,RV_VLD,2056
59923383719198,RV_VLD,2060
59923383719198,RV_VLD,2064
59923383719198,RV_VLD,2068
59923383719198,RV_VLD,2072
59923383719198,RV_VLD,2076
59923383719198,RV_VLD,2080
59923383719198,RV_VLD,2084
59923383719198,RV_VLD,2088
59923383719198,RV_VLD,2092
59923383719198,RV_VLD,2096
59923383719198,RV_VLD,2100
59923383719198,RV_VLD,2104
59923383719198,RV_VLD,2108
59923383719198,RV_VLD,2112
59923383719198,RV_VLD,2116
59923383719198,RV_VLD,2120
59923383719198,RV_VLD,2124
59923383719198,RV_VLD,2128
59923383719198,RV_VLD,2132
59923383719198,RV_VLD,2136
59923383719198,RV_VLD,2140
59923383719198,RV_VLD,2144
59923383719198,RV_VLD,2148
59923383719198,RV_VLD,2152
59923383719198,RV_VLD,2156
59923383719198,RV_VLD,2160
59923383719198,RV_VLD,2164
59923383719198,RV_VLD,2168
59923383719198,RV_VLD,2172
59923383719198,RV_VLD,2176
59923383719198,RV_VLD,2180
59923383719198,RV_VLD,2184
59923383719198,RV_VLD,2188
59923383719198,RV_VLD,2192
59923383719198,RV_VLD,2196
59923383719198,RV_VLD,2200
59923383719198,RV_VLD,2204
59923383719198,RV_VLD,2208
59923383719198,RV_VLD,2212
59923383719198,RV_VLD,2216
59923383719198,RV_VLD,2220
59923383719198,RV_VLD,2224
59923383719198,RV_VLD,2228
59923383719198,RV_VLD,2232
59923383719198,RV_VLD,2236
59923383719198,RV_VLD,2240
59923383719198,RV_VLD,2244
59923383719198,RV_VLD,2248
59923383719198,RV_VLD,2252
59923383719198,RV_VLD,2256
59923383719198,RV_VLD,2260
59923383719198,RV_VLD,2264
59923383719198,RV_VLD,2268
59923383719198,RV_VLD,2272
59923383719198,RV_VLD,2276
59923383719198,RV_VLD,2280
59923383719198,RV_VLD,2284
59923383719198,RV_VLD,2288
59923383719198,RV_VLD,2292
59923383719198,RV_VLD,2296
59923383719198,RV_VLD,2300
58823872091425,RV_VST,1024
58823872091425,RV_VST,1028
58823872091425,RV_VST,1032
58823872091425,RV_VST,1036
58823872091425,RV_VST,1040
58823872091425,RV_VST,1044
58823872091425,RV_VST,1048
58823872091425,RV_VST,1052
58823872091425,RV_VST,1056
58823872091425,RV_VST,1060
58823872091425,RV_VST,1064
58823872091425,RV_VST,1068
58823872091425,RV_VST,1072
58823872091425,RV_VST,1076
58823872091425,RV_VST,1080
58823872091425,RV_VST,1084
58823872091425,RV_VST,1088
58823872091425,RV_VST,1092
58823872091425,RV_VST,1096
58823872091425,RV_VST,1100
58823872091425,RV_VST,1104
58823872091425,RV_VST,1108
58823872091425,RV_VST,1112
58823872091425,RV_VST,1116
58823872091425,RV_VST,1120
58823872091425,RV_VST,1124
58823872091425,RV_VST,1128
58823872091425,RV_VST,1132
58823872091425,RV_VST,1136
58823872091425,RV_VST,1140
58823872091425,RV_VST,1144
58823872091425,RV_VST,1148
58823872091425,RV_VST,1152
58823872091425,RV_VST,1156
58823872091425,RV_VST,1160
58823872091425,RV_VST,1164
58823872091425,RV_VST,1168
58823872091425,RV_VST,1172
58823872091425,RV_VST,1176
58823872091425,RV_VST,1180
58823872091425,RV_VST,1184
58823872091425,RV_VST,1188
58823872091425,RV_VST,1192
58823872091425,RV_VST,1196
58823872091425,RV_VST,1200
58823872091425,RV_VST,1204
58823872091425,RV_VST,1208
58823872091425,RV_VST,1212
58823872091425,RV_VST,1216
58823872091425,RV_VST,1220
58823872091425,RV_VST,1224
58823872091425,RV_VST,1228
58823872091425,RV_VST,1232
58823872091425,RV_VST,1236
58823872091425,RV_VST,1240
58823872091425,RV_VST,1244
58823872091425,RV_VST,1248
58823872091425,RV_VST,1252
58823872091425,RV_VST,1256
58823872091425,RV_VST,1260
58823872091425,RV_VST,1264
58823872091425,RV_VST,1268
58823872091425,RV_VST,1272
58823872091425,RV_VST,1276
59923383719206,RV_VLD,256
59923383719206,RV_VLD,260
59923383719206,RV_VLD,264
59923383719206,RV_VLD,268
59923383719206,RV_VLD,272
59923383719206,RV_VLD,276
59923383719206,RV_VLD,280
59923383719206,RV_VLD,284
59923383719206,RV_VLD,288
59923383719206,RV_VLD,292
59923383719206,RV_VLD,296
59923383719206,RV_VLD,300
59923383719206,RV_VLD,304
59923383719206,RV_VLD,308
59923383719206,RV_VLD,312
59923383719206,RV_VLD,316
59923383719206,RV_VLD,320
59923383719206,RV_VLD,324
59923383719206,RV_VLD,328
59923383719206,RV_VLD,332
59923383719206,RV_VLD,336
59923383719206,RV_VLD,340
59923383719206,RV_VLD,344
59923383719206,RV_VLD,348
59923383719206,RV_VLD,352
59923383719206,RV_VLD,356
59923383719206,RV_VLD,360
59923383719206,RV_VLD,364
59923383719206,RV_VLD,368
59923383719206,RV_VLD,372
59923383719206,RV_VLD,376
59923383719206,RV_VLD,380
59923383719206,RV_VLD,384
59923383719206,RV_VLD,388
59923383719206,RV_VLD,392
59923383719206,RV_VLD,396
59923383719206,RV_VLD,400
59923383719206,RV_VLD,404
59923383719206,RV_VLD,408
59923383719206,RV_VLD,412
59923383719206,RV_VLD,416
59923383719206,RV_VLD,420
59923383719206,RV_VLD,424
59923383719206,RV_VLD,428
59923383719206,RV_VLD,432
59923383719206,RV_VLD,436
59923383719206,RV_VLD,440
59923383719206,RV_VLD,444
59923383719206,RV_VLD,448
59923383719206,RV_VLD,452
59923383719206,RV_VLD,456
59923383719206,RV_VLD,460
59923383719206,RV_VLD,464
59923383719206,RV_VLD,468
59923383719206,RV_VLD,472
59923383719206,RV_VLD,476
59923383719206,RV_VLD,480
59923383719206,RV_VLD,484
59923383719206,RV_VLD,488
59923383719206,RV_VLD,492
59923383719206,RV_VLD,496
59923383719206,RV_VLD,500
59923383719206,RV_VLD,504
59923383719206,RV_VLD,508
59923383719207,RV_VLD,2304
59923383719207,RV_VLD,2308
59923383719207,RV_VLD,2312
59923383719207,RV_VLD,2316
59923383719207,RV_VLD,2320
59923383719207,RV_VLD,2324
59923383719207,RV_VLD,2328
59923383719207,RV_VLD,2332
59923383719207,RV_VLD,2336
59923383719207,RV_VLD,2340
59923383719207,RV_VLD,2344
59923383719207,RV_VLD,2348
59923383719207,RV_VLD,2352
59923383719207,RV_VLD,2356
59923383719207,RV_VLD,2360
59923383719207,RV_VLD,2364
59923383719207,RV_VLD,2368
59923383719207,RV_VLD,2372
59923383719207,RV_VLD,2376
59923383719207,RV_VLD,2380
59923383719207,RV_VLD,2384
59923383719207,RV_VLD,2388
59923383719207,RV_VLD,2392
59923383719207,RV_VLD,2396
59923383719207,RV_VLD,2400
59923383719207,RV_VLD,2404
59923383719207,RV_VLD,2408
59923383719207,RV_VLD,2412
59923383719207,RV_VLD,2416
59923383719207,RV_VLD,2420
59923383719207,RV_VLD,2424
59923383719207,RV_VLD,2428
59923383719207,RV_VLD,2432
59923383719207,RV_VLD,2436
59923383719207,RV_VLD,2440
59923383719207,RV_VLD,2444
59923383719207,RV_VLD,2448
59923383719207,RV_VLD,2452
59923383719207,RV_VLD,2456
59923383719207,RV_VLD,2460
59923383719207,RV_VLD,2464
59923383719207,RV_VLD,2468
59923383719207,RV_VLD,2472
59923383719207,RV_VLD,2476
59923383719207,RV_VLD,2480
59923383719207,RV_VLD,2484
59923383719207,RV_VLD,2488
59923383719207,RV_VLD,2492
59923383719207,RV_VLD,2496
59923383719207,RV_VLD,2500
59923383719207,RV_VLD,2504
59923383719207,RV_VLD,2508
59923383719207,RV_VLD,2512
59923383719207,RV_VLD,2516
59923383719207,RV_VLD,2520
59923383719207,RV_VLD,2524
59923383719207,RV_VLD,2528
59923383719207,RV_VLD,2532
59923383719207,RV_VLD,2536
59923383719207,RV_VLD,2540
59923383719207,RV_VLD,2544
59923383719207,RV_VLD,2548
59923383719207,RV_VLD,2552
59923383719207,RV_VLD,2556
58823872091434,RV_VST,1280
58823872091434,RV_VST,1284
58823872091434,RV_VST,1288
58823872091434,RV_VST,1292
58823872091434,RV_VST,1296
58823872091434,RV_VST,1300
58823872091434,RV_VST,1304
58823872091434,RV_VST,1308
58823872091434,RV_VST,1312
58823872091434,RV_VST,1316
58823872091434,RV_VST,1320
58823872091434,RV_VST,1324
58823872091434,RV_VST,1328
58823872091434,RV_VST,1332
58823872091434,RV_VST,1336
58823872091434,RV_VST,1340
58823872091434,RV_VST,1344
58823872091434,RV_VST,1348
58823872091434,RV_VST,1352
58823872091434,RV_VST,1356
58823872091434,RV_VST,1360
58823872091434,RV_VST,1364
58823872091434,RV_VST,1368
58823872091434,RV_VST,1372
58823872091434,RV_VST,1376
58823872091434,RV_VST,1380
58823872091434,RV_VST,1384
58823872091434,RV_VST,1388
58823872091434,RV_VST,1392
58823872091434,RV_VST,1396
58823872091434,RV_VST,1400
58823872091434,RV_VST,1404
58823872091434,RV_VST,1408
58823872091434,RV_VST,1412
58823872091434,RV_VST,1416
58823872091434,RV_VST,1420
58823872091434,RV_VST,1424
58823872091434,RV_VST,1428
58823872091434,RV_VST,1432
58823872091434,RV_VST,1436
58823872091434,RV_VST,1440
58823872091434,RV_VST,1444
58823872091434,RV_VST,1448
58823872091434,RV_VST,1452
58823872091434,RV_VST,1456
58823872091434,RV_VST,1460
58823872091434,RV_VST,1464
58823872091434,RV_VST,1468
58823872091434,RV_VST,1472
58823872091434,RV_VST,1476
58823872091434,RV_VST,1480
58823872091434,RV_VST,1484
58823872091434,RV_VST,1488
58823872091434,RV_VST,1492
58823872091434,RV_VST,1496
58823872091434,RV_VST,1500
58823872091434,RV_VST,1504
58823872091434,RV_VST,1508
58823872091434,RV_VST,1512
58823872091434,RV_VST,1516
58823872091434,RV_VST,1520
58823872091434,RV_VST,1524
58823872091434,RV_VST,1528
58823872091434,RV_VST,1532
60198261626275,RV_VLD,0
60198261626275,RV_VLD,4
60198261626275,RV_VLD,8
60198261626275,RV_VLD,12
60198261626275,RV_VLD,16
60198261626275,RV_VLD,20
60198261626275,RV_VLD,24
60198261626275,RV_VLD,28
60198261626275,RV_VLD,32
60198261626275,RV_VLD,36
60198261626275,RV_VLD,40
60198261626275,RV_VLD,44
60198261626275,RV_VLD,48
60198261626275,RV_VLD,52
60198261626275,RV_VLD,56
60198261626275,RV_VLD,60
60198261626275,RV_VLD,64
60198261626275,RV_VLD,68
60198261626275,RV_VLD,72
60198261626275,RV_VLD,76
60198261626275,RV_VLD,80
60198261626275,RV_VLD,84
60198261626275,RV_VLD,88
60198261626275,RV_VLD,92
60198261626275,RV_VLD,96
60198261626275,RV_VLD,100
60198261626275,RV_VLD,104
60198261626275,RV_VLD,108
60198261626275,RV_VLD,112
60198261626275,RV_VLD,116
60198261626275,RV_VLD,120
60198261626275,RV_VLD,124
60198261626275,RV_VLD,128
60198261626275,RV_VLD,132
60198261626275,RV_VLD,136
60198261626275,RV_VLD,140
60198261626275,RV_VLD,144
60198261626275,RV_VLD,148
60198261626275,RV_VLD,152
60198261626275,RV_VLD,156
60198261626275,RV_VLD,160
60198261626275,RV_VLD,164
60198261626275,RV_VLD,168
60198261626275,RV_VLD,172
60198261626275,RV_VLD,176
60198261626275,RV_VLD,180
60198261626275,RV_VLD,184
60198261626275,RV_VLD,188
60198261626275,RV_VLD,192
60198261626275,RV_VLD,196
60198261626275,RV_VLD,200
60198261626275,RV_VLD,204
60198261626275,RV_VLD,208
60198261626275,RV_VLD,212
60198261626275,RV_VLD,216
60198261626275,RV_VLD,220
60198261626275,RV_VLD,224
60198261626275,RV_VLD,228
60198261626275,RV_VLD,232
60198261626275,RV_VLD,236
60198261626275,RV_VLD,240
60198261626275,RV_VLD,244
60198261626275,RV_VLD,248
60198261626275,RV_VLD,252
60198261626276,RV_VLD,2048
60198261626276,RV_VLD,2052
60198261626276,RV_VLD,2056
60198261626276,RV_VLD,2060
60198261626276,RV_VLD,2064
60198261626276,RV_VLD,2068
60198261626276,RV_VLD,2072
60198261626276,RV_VLD,2076
60198261626276,RV_VLD,2080
60198261626276,RV_VLD,2084
60198261626276,RV_VLD,2088
60198261626276,RV_VLD,2092
60198261626276,RV_VLD,2096
60198261626276,RV_VLD,2100
60198261626276,RV_VLD,2104
60198261626276,RV_VLD,2108
60198261626276,RV_VLD,2112
60198261626276,RV_VLD,2116
60198261626276,RV_VLD,2120
60198261626276,RV_VLD,2124
60198261626276,RV_VLD,2128
60198261626276,RV_VLD,2132
60198261626276,RV_VLD,2136
60198261626276,RV_VLD,2140
60198261626276,RV_VLD,2144
60198261626276,RV_VLD,2148
60198261626276,RV_VLD,2152
60198261626276,RV_VLD,2156
60198261626276,RV_VLD,2160
60198261626276,RV_VLD,2164
60198261626276,RV_VLD,2168
60198261626276,RV_VLD,2172
60198261626276,RV_VLD,2176
60198261626276,RV_VLD,2180
60198261626276,RV_VLD,2184
60198261626276,RV_VLD,2188
60198261626276,RV_VLD,2192
60198261626276,RV_VLD,2196
60198261626276,RV_VLD,2200
60198261626276,RV_VLD,2204
60198261626276,RV_VLD,2208
60198261626276,RV_VLD,2212
60198261626276,RV_VLD,2216
60198261626276,RV_VLD,2220
60198261626276,RV_VLD,2224
60198261626276,RV_VLD,2228
60198261626276,RV_VLD,2232
60198261626276,RV_VLD,2236
60198261626276,RV_VLD,2240
60198261626276,RV_VLD,2244
60198261626276,RV_VLD,2248
60198261626276,RV_VLD,2252
60198261626276,RV_VLD,2256
60198261626276,RV_VLD,2260
60198261626276,RV_VLD,2264
60198261626276,RV_VLD,2268
60198261626276,RV_VLD,2272
60198261626276,RV_VLD,2276
60198261626276,RV_VLD,2280
60198261626276,RV_VLD,2284
60198261626276,RV_VLD,2288
60198261626276,RV_VLD,2292
60198261626276,RV_VLD,2296
60198261626276,RV_VLD,2300
59098749998503,RV_VST,1024
59098749998503,RV_VST,1028
59098749998503,RV_VST,1032
59098749998503,RV_VST,1036
59098749998503,RV_VST,1040
59098749998503,RV_VST,1044
59098749998503,RV_VST,1048
59098749998503,RV_VST,1052
59098749998503,RV_VST,1056
59098749998503,RV_VST,1060
59098749998503,RV_VST,1064
59098749998503,RV_VST,1068
59098749998503,RV_VST,1072
59098749998503,RV_VST,1076
59098749998503,RV_VST,1080
59098749998503,RV_VST,1084
59098749998503,RV_VST,1088
59098749998503,RV_VST,1092
59098749998503,RV_VST,1096
59098749998503,RV_VST,1100
59098749998503,RV_VST,1104
59098749998503,RV_VST,1108
59098749998503,RV_VST,1112
59098749998503,RV_VST,1116
59098749998503,RV_VST,1120
59098749998503,RV_VST,1124
59098749998503,RV_VST,1128
59098749998503,RV_VST,1132
59098749998503,RV_VST,1136
59098749998503,RV_VST,1140
59098749998503,RV_VST,1144
59098749998503,RV_VST,1148
59098749998503,RV_VST,1152
59098749998503,RV_VST,1156
59098749998503,RV_VST,1160
59098749998503,RV_VST,1164
59098749998503,RV_VST,1168
59098749998503,RV_VST,1172
59098749998503,RV_VST,1176
59098749998503,RV_VST,1180
59098749998503,RV_VST,1184
59098749998503,RV_VST,1188
59098749998503,RV_VST,1192
59098749998503,RV_VST,1196
59098749998503,RV_VST,1200
59098749998503,RV_VST,1204
59098749998503,RV_VST,1208
59098749998503,RV_VST,1212
59098749998503,RV_VST,1216
59098749998503,RV_VST,1220
59098749998503,RV_VST,1224
59098749998503,RV_VST,1228
59098749998503,RV_VST,1232
59098749998503,RV_VST,1236
59098749998503,RV_VST,1240
59098749998503,RV_VST,1244
59098749998503,RV_VST,1248
59098749998503,RV_VST,1252
59098749998503,RV_VST,1256
59098749998503,RV_VST,1260
59098749998503,RV_VST,1264
59098749998503,RV_VST,1268
59098749998503,RV_VST,1272
59098749998503,RV_VST,1276
60198261626283,RV_VLD,256
60198261626283,RV_VLD,260
60198261626283,RV_VLD,264
60198261626283,RV_VLD,268
60198261626283,RV_VLD,272
60198261626283,RV_VLD,276
60198261626283,RV_VLD,280
60198261626283,RV_VLD,284
60198261626283,RV_VLD,288
60198261626283,RV_VLD,292
60198261626283,RV_VLD,296
60198261626283,RV_VLD,300
60198261626283,RV_VLD,304
60198261626283,RV_VLD,308
60198261626283,RV_VLD,312
60198261626283,RV_VLD,316
60198261626283,RV_VLD,320
60198261626283,RV_VLD,324
60198261626283,RV_VLD,328
60198261626283,RV_VLD,332
60198261626283,RV_VLD,336
60198261626283,RV_VLD,340
60198261626283,RV_VLD,344
60198261626283,RV_VLD,348
60198261626283,RV_VLD,352
60198261626283,RV_VLD,356
60198261626283,RV_VLD,360
60198261626283,RV_VLD,364
60198261626283,RV_VLD,368
60198261626283,RV_VLD,372
60198261626283,RV_VLD,376
60198261626283,RV_VLD,380
60198261626283,RV_VLD,384
60198261626283,RV_VLD,388
60198261626283,RV_VLD,392
60198261626283,RV_VLD,396
60198261626283,RV_VLD,400
60198261626283,RV_VLD,404
60198261626283,RV_VLD,408
60198261626283,RV_VLD,412
60198261626283,RV_VLD,416
60198261626283,RV_VLD,420
60198261626283,RV_VLD,424
60198261626283,RV_VLD,428
60198261626283,RV_VLD,432
60198261626283,RV_VLD,436
60198261626283,RV_VLD,440
60198261626283,RV_VLD,444
60198261626283,RV_VLD,448
60198261626283,RV_VLD,452
60198261626283,RV_VLD,456
60198261626283,RV_VLD,460
60198261626283,RV_VLD,464
60198261626283,RV_VLD,468
60198261626283,RV_VLD,472
60198261626283,RV_VLD,476
60198261626283,RV_VLD,480
60198261626283,RV_VLD,484
60198261626283,RV_VLD,488
60198261626283,RV_VLD,492
60198261626283,RV_VLD,496
60198261626283,RV_VLD,500
60198261626283,RV_VLD,504
60198261626283,RV_VLD,508
60198261626284,RV_VLD,2304
60198261626284,RV_VLD,2308
60198261626284,RV_VLD,2312
60198261626284,RV_VLD,2316
60198261626284,RV_VLD,2320
60198261626284,RV_VLD,2324
60198261626284,RV_VLD,2328
60198261626284,RV_VLD,2332
60198261626284,RV_VLD,2336
60198261626284,RV_VLD,2340
60198261626284,RV_VLD,2344
60198261626284,RV_VLD,2348
60198261626284,RV_VLD,2352
60198261626284,RV_VLD,2356
60198261626284,RV_VLD,2360
60198261626284,RV_VLD,2364
60198261626284,RV_VLD,2368
60198261626284,RV_VLD,2372
60198261626284,RV_VLD,2376
60198261626284,RV_VLD,2380
60198261626284,RV_VLD,2384
60198261626284,RV_VLD,2388
60198261626284,RV_VLD,2392
60198261626284,RV_VLD,2396
60198261626284,RV_VLD,2400
60198261626284,RV_VLD,2404
60198261626284,RV_VLD,2408
60198261626284,RV_VLD,2412
60198261626284,RV_VLD,2416
60198261626284,RV_VLD,2420
60198261626284,RV_VLD,2424
60198261626284,RV_VLD,2428
60198261626284,RV_VLD,2432
60198261626284,RV_VLD,2436
60198261626284,RV_VLD,2440
60198261626284,RV_VLD,2444
60198261626284,RV_VLD,2448
60198261626284,RV_VLD,2452
60198261626284,RV_VLD,2456
60198261626284,RV_VLD,2460
60198261626284,RV_VLD,2464
60198261626284,RV_VLD,2468
60198261626284,RV_VLD,2472
60198261626284,RV_VLD,2476
60198261626284,RV_VLD,2480
60198261626284,RV_VLD,2484
60198261626284,RV_VLD,2488
60198261626284,RV_VLD,2492
60198261626284,RV_VLD,2496
60198261626284,RV_VLD,2500
60198261626284,RV_VLD,2504
60198261626284,RV_VLD,2508
60198261626284,RV_VLD,2512
60198261626284,RV_VLD,2516
60198261626284,RV_VLD,2520
60198261626284,RV_VLD,2524
60198261626284,RV_VLD,2528
60198261626284,RV_VLD,2532
60198261626284,RV_VLD,2536
60198261626284,RV_VLD,2540
60198261626284,RV_VLD,2544
60198261626284,RV_VLD,2548
60198261626284,RV_VLD,2552
60198261626284,RV_VLD,2556
59098749998511,RV_VST,1280
59098749998511,RV_VST,1284
59098749998511,RV_VST,1288
59098749998511,RV_VST,1292
59098749998511,RV_VST,1296
59098749998511,RV_VST,1300
59098749998511,RV_VST,1304
59098749998511,RV_VST,1308
59098749998511,RV_VST,1312
59098749998511,RV_VST,1316
59098749998511,RV_VST,1320
59098749998511,RV_VST,1324
59098749998511,RV_VST,1328
59098749998511,RV_VST,1332
59098749998511,RV_VST,1336
59098749998511,RV_VST,1340
59098749998511,RV_VST,1344
59098749998511,RV_VST,1348
59098749998511,RV_VST,1352
59098749998511,RV_VST,1356
59098749998511,RV_VST,1360
59098749998511,RV_VST,1364
59098749998511,RV_VST,1368
59098749998511,RV_VST,1372
59098749998511,RV_VST,1376
59098749998511,RV_VST,1380
59098749998511,RV_VST,1384
59098749998511,RV_VST,1388
59098749998511,RV_VST,1392
59098749998511,RV_VST,1396
59098749998511,RV_VST,1400
59098749998511,RV_VST,1404
59098749998511,RV_VST,1408
59098749998511,RV_VST,1412
59098749998511,RV_VST,1416
59098749998511,RV_VST,1420
59098749998511,RV_VST,1424
59098749998511,RV_VST,1428
59098749998511,RV_VST,1432
59098749998511,RV_VST,1436
59098749998511,RV_VST,1440
59098749998511,RV_VST,1444
59098749998511,RV_VST,1448
59098749998511,RV_VST,1452
59098749998511,RV_VST,1456
59098749998511,RV_VST,1460
59098749998511,RV_VST,1464
59098749998511,RV_VST,1468
59098749998511,RV_VST,1472
59098749998511,RV_VST,1476
59098749998511,RV_VST,1480
59098749998511,RV_VST,1484
59098749998511,RV_VST,1488
59098749998511,RV_VST,1492
59098749998511,RV_VST,1496
59098749998511,RV_VST,1500
59098749998511,RV_VST,1504
59098749998511,RV_VST,1508
59098749998511,RV_VST,1512
59098749998511,RV_VST,1516
59098749998511,RV_VST,1520
59098749998511,RV_VST,1524
59098749998511,RV_VST,1528
59098749998511,RV_VST,1532
,,1024
,,1028
,,1032
,,1036
,,1040
,,1044
,,1048
,,1052
,,1056
,,1060
,,1064
,,1068
,,1072
,,1076
,,1080
,,1084
,,1088
,,1092
,,1096
,,1100
,,1104
,,1108
,,1112
,,1116
,,1120
,,1124
,,1128
,,1132
,,1136
,,1140
,,1144
,,1148
,,1152
,,1156
,,1160
,,1164
,,1168
,,1172
,,1176
,,1180
,,1184
,,1188
,,1192
,,1196
,,1200
,,1204
,,1208
,,1212
,,1216
,,1220
,,1224
,,1228
,,1232
,,1236
,,1240
,,1244
,,1248
,,1252
,,1256
,,1260
,,1264
,,1268
,,1272
,,1276
,,1280
,,1284
,,1288
,,1292
,,1296
,,1300
,,1304
,,1308
,,1312
,,1316
,,1320
,,1324
,,1328
,,1332
,,1336
,,1340
,,1344
,,1348
,,1352
,,1356
,,1360
,,1364
,,1368
,,1372
,,1376
,,1380
,,1384
,,1388
,,1392
,,1396
,,1400
,,1404
,,1408
,,1412
,,1416
,,1420
,,1424
,,1428
,,1432
,,1436
,,1440
,,1444
,,1448
,,1452
,,1456
,,1460
,,1464
,,1468
,,1472
,,1476
,,1480
,,1484
,,1488
,,1492
,,1496
,,1500
,,1504
,,1508
,,1512
,,1516
,,1520
,,1524
,,1528
,,1532
,,1024
,,512
,,516
,,520
,,524
,,528
,,532
,,536
,,540
,,544
,,548
,,552
,,556
,,560
,,564
,,568
,,572
,,576
,,580
,,584
,,588
,,592
,,596
,,600
,,604
,,608
,,612
,,616
,,620
,,624
,,628
,,632
,,636
,,640
,,644
,,648
,,652
,,656
,,660
,,664
,,668
,,672
,,676
,,680
,,684
,,688
,,692
,,696
,,700
,,704
,,708
,,712
,,716
,,720
,,724
,,728
,,732
,,736
,,740
,,744
,,748
,,752
,,756
,,760
,,764
,,768
,,772
,,776
,,780
,,784
,,788
,,792
,,796
,,800
,,804
,,808
,,812
,,816
,,820
,,824
,,828
,,832
,,836
,,840
,,844
,,848
,,852
,,856
,,860
,,864
,,868
,,872
,,876
,,880
,,884
,,888
,,892
,,896
,,900
,,904
,,908
,,912
,,916
,,920
,,924
,,928
,,932
,,936
,,940
,,944
,,948
,,952
,,956
,,960
,,964
,,968
,,972
,,976
,,980
,,984
,,988
,,992
,,996
,,1000
,,1004
,,1008
,,1012
,,1016
,,1020
59923383720371,RV_VLD,512
59923383720371,RV_VLD,516
59923383720371,RV_VLD,520
59923383720371,RV_VLD,524
59923383720371,RV_VLD,528
59923383720371,RV_VLD,532
59923383720371,RV_VLD,536
59923383720371,RV_VLD,540
59923383720371,RV_VLD,544
59923383720371,RV_VLD,548
59923383720371,RV_VLD,552
59923383720371,RV_VLD,556
59923383720371,RV_VLD,560
59923383720371,RV_VLD,564
59923383720371,RV_VLD,568
59923383720371,RV_VLD,572
59923383720371,RV_VLD,576
59923383720371,RV_VLD,580
59923383720371,RV_VLD,584
59923383720371,RV_VLD,588
59923383720371,RV_VLD,592
59923383720371,RV_VLD,596
59923383720371,RV_VLD,600
59923383720371,RV_VLD,604
59923383720371,RV_VLD,608
59923383720371,RV_VLD,612
59923383720371,RV_VLD,616
59923383720371,RV_VLD,620
59923383720371,RV_VLD,624
59923383720371,RV_VLD,628
59923383720371,RV_VLD,632
59923383720371,RV_VLD,636
59923383720371,RV_VLD,640
59923383720371,RV_VLD,644
59923383720371,RV_VLD,648
59923383720371,RV_VLD,652
59923383720371,RV_VLD,656
59923383720371,RV_VLD,660
59923383720371,RV_VLD,664
59923383720371,RV_VLD,668
59923383720371,RV_VLD,672
59923383720371,RV_VLD,676
59923383720371,RV_VLD,680
59923383720371,RV_VLD,684
59923383720371,RV_VLD,688
59923383720371,RV_VLD,692
59923383720371,RV_VLD,696
59923383720371,RV_VLD,700
59923383720371,RV_VLD,704
59923383720371,RV_VLD,708
59923383720371,RV_VLD,712
59923383720371,RV_VLD,716
59923383720371,RV_VLD,720
59923383720371,RV_VLD,724
59923383720371,RV_VLD,728
59923383720371,RV_VLD,732
59923383720371,RV_VLD,736
59923383720371,RV_VLD,740
59923383720371,RV_VLD,744
59923383720371,RV_VLD,748
59923383720371,RV_VLD,752
59923383720371,RV_VLD,756
59923383720371,RV_VLD,760
59923383720371,RV_VLD,764
58823872092598,RV_VST,2048
58823872092598,RV_VST,2052
58823872092598,RV_VST,2056
58823872092598,RV_VST,2060
58823872092598,RV_VST,2064
58823872092598,RV_VST,2068
58823872092598,RV_VST,2072
58823872092598,RV_VST,2076
58823872092598,RV_VST,2080
58823872092598,RV_VST,2084
58823872092598,RV_VST,2088
58823872092598,RV_VST,2092
58823872092598,RV_VST,2096
58823872092598,RV_VST,2100
58823872092598,RV_VST,2104
58823872092598,RV_VST,2108
58823872092598,RV_VST,2112
58823872092598,RV_VST,2116
58823872092598,RV_VST,2120
58823872092598,RV_VST,2124
58823872092598,RV_VST,2128
58823872092598,RV_VST,2132
58823872092598,RV_VST,2136
58823872092598,RV_VST,2140
58823872092598,RV_VST,2144
58823872092598,RV_VST,2148
58823872092598,RV_VST,2152
58823872092598,RV_VST,2156
58823872092598,RV_VST,2160
58823872092598,RV_VST,2164
58823872092598,RV_VST,2168
58823872092598,RV_VST,2172
58823872092598,RV_VST,2176
58823872092598,RV_VST,2180
58823872092598,RV_VST,2184
58823872092598,RV_VST,2188
58823872092598,RV_VST,2192
58823872092598,RV_VST,2196
58823872092598,RV_VST,2200
58823872092598,RV_VST,2204
58823872092598,RV_VST,2208
58823872092598,RV_VST,2212
58823872092598,RV_VST,2216
58823872092598,RV_VST,2220
58823872092598,RV_VST,2224
58823872092598,RV_VST,2228
58823872092598,RV_VST,2232
58823872092598,RV_VST,2236
58823872092598,RV_VST,2240
58823872092598,RV_VST,2244
58823872092598,RV_VST,2248
58823872092598,RV_VST,2252
58823872092598,RV_VST,2256
58823872092598,RV_VST,2260
58823872092598,RV_VST,2264
58823872092598,RV_VST,2268
58823872092598,RV_VST,2272
58823872092598,RV_VST,2276
58823872092598,RV_VST,2280
58823872092598,RV_VST,2284
58823872092598,RV_VST,2288
58823872092598,RV_VST,2292
58823872092598,RV_VST,2296
58823872092598,RV_VST,2300
59923383720375,RV_VLD,768
59923383720375,RV_VLD,772
59923383720375,RV_VLD,776
59923383720375,RV_VLD,780
59923383720375,RV_VLD,784
59923383720375,RV_VLD,788
59923383720375,RV_VLD,792
59923383720375,RV_VLD,796
59923383720375,RV_VLD,800
59923383720375,RV_VLD,804
59923383720375,RV_VLD,808
59923383720375,RV_VLD,812
59923383720375,RV_VLD,816
59923383720375,RV_VLD,820
59923383720375,RV_VLD,824
59923383720375,RV_VLD,828
59923383720375,RV_VLD,832
59923383720375,RV_VLD,836
59923383720375,RV_VLD,840
59923383720375,RV_VLD,844
59923383720375,RV_VLD,848
59923383720375,RV_VLD,852
59923383720375,RV_VLD,856
59923383720375,RV_VLD,860
59923383720375,RV_VLD,864
59923383720375,RV_VLD,868
59923383720375,RV_VLD,872
59923383720375,RV_VLD,876
59923383720375,RV_VLD,880
59923383720375,RV_VLD,884
59923383720375,RV_VLD,888
59923383720375,RV_VLD,892
59923383720375,RV_VLD,896
59923383720375,RV_VLD,900
59923383720375,RV_VLD,904
59923383720375,RV_VLD,908
59923383720375,RV_VLD,912
59923383720375,RV_VLD,916
59923383720375,RV_VLD,920
59923383720375,RV_VLD,924
59923383720375,RV_VLD,928
59923383720375,RV_VLD,932
59923383720375,RV_VLD,936
59923383720375,RV_VLD,940
59923383720375,RV_VLD,944
59923383720375,RV_VLD,948
59923383720375,RV_VLD,952
59923383720375,RV_VLD,956
59923383720375,RV_VLD,960
59923383720375,RV_VLD,964
59923383720375,RV_VLD,968
59923383720375,RV_VLD,972
59923383720375,RV_VLD,976
59923383720375,RV_VLD,980
59923383720375,RV_VLD,984
59923383720375,RV_VLD,988
59923383720375,RV_VLD,992
59923383720375,RV_VLD,996
59923383720375,RV_VLD,1000
59923383720375,RV_VLD,1004
59923383720375,RV_VLD,1008
59923383720375,RV_VLD,1012
59923383720375,RV_VLD,1016
59923383720375,RV_VLD,1020
58823872092602,RV_VST,2304
58823872092602,RV_VST,2308
58823872092602,RV_VST,2312
58823872092602,RV_VST,2316
58823872092602,RV_VST,2320
58823872092602,RV_VST,2324
58823872092602,RV_VST,2328
58823872092602,RV_VST,2332
58823872092602,RV_VST,2336
58823872092602,RV_VST,2340
58823872092602,RV_VST,2344
58823872092602,RV_VST,2348
58823872092602,RV_VST,2352
58823872092602,RV_VST,2356
58823872092602,RV_VST,2360
58823872092602,RV_VST,2364
58823872092602,RV_VST,2368
58823872092602,RV_VST,2372
58823872092602,RV_VST,2376
58823872092602,RV_VST,2380
58823872092602,RV_VST,2384
58823872092602,RV_VST,2388
58823872092602,RV_VST,2392
58823872092602,RV_VST,2396
58823872092602,RV_VST,2400
58823872092602,RV_VST,2404
58823872092602,RV_VST,2408
58823872092602,RV_VST,2412
58823872092602,RV_VST,2416
58823872092602,RV_VST,2420
58823872092602,RV_VST,2424
58823872092602,RV_VST,2428
58823872092602,RV_VST,2432
58823872092602,RV_VST,2436
58823872092602,RV_VST,2440
58823872092602,RV_VST,2444
58823872092602,RV_VST,2448
58823872092602,RV_VST,2452
58823872092602,RV_VST,2456
58823872092602,RV_VST,2460
58823872092602,RV_VST,2464
58823872092602,RV_VST,2468
58823872092602,RV_VST,2472
58823872092602,RV_VST,2476
58823872092602,RV_VST,2480
58823872092602,RV_VST,2484
58823872092602,RV_VST,2488
58823872092602,RV_VST,2492
58823872092602,RV_VST,2496
58823872092602,RV_VST,2500
58823872092602,RV_VST,2504
58823872092602,RV_VST,2508
58823872092602,RV_VST,2512
58823872092602,RV_VST,2516
58823872092602,RV_VST,2520
58823872092602,RV_VST,2524
58823872092602,RV_VST,2528
58823872092602,RV_VST,2532
58823872092602,RV_VST,2536
58823872092602,RV_VST,2540
58823872092602,RV_VST,2544
58823872092602,RV_VST,2548
58823872092602,RV_VST,2552
58823872092602,RV_VST,2556
59923383720389,RV_VLD,2048
59923383720389,RV_VLD,2052
59923383720389,RV_VLD,2056
59923383720389,RV_VLD,2060
59923383720389,RV_VLD,2064
59923383720389,RV_VLD,2068
59923383720389,RV_VLD,2072
59923383720389,RV_VLD,2076
59923383720389,RV_VLD,2080
59923383720389,RV_VLD,2084
59923383720389,RV_VLD,2088
59923383720389,RV_VLD,2092
59923383720389,RV_VLD,2096
59923383720389,RV_VLD,2100
59923383720389,RV_VLD,2104
59923383720389,RV_VLD,2108
59923383720389,RV_VLD,2112
59923383720389,RV_VLD,2116
59923383720389,RV_VLD,2120
59923383720389,RV_VLD,2124
59923383720389,RV_VLD,2128
59923383720389,RV_VLD,2132
59923383720389,RV_VLD,2136
59923383720389,RV_VLD,2140
59923383720389,RV_VLD,2144
59923383720389,RV_VLD,2148
59923383720389,RV_VLD,2152
59923383720389,RV_VLD,2156
59923383720389,RV_VLD,2160
59923383720389,RV_VLD,2164
59923383720389,RV_VLD,2168
59923383720389,RV_VLD,2172
59923383720389,RV_VLD,2176
59923383720389,RV_VLD,2180
59923383720389,RV_VLD,2184
59923383720389,RV_VLD,2188
59923383720389,RV_VLD,2192
59923383720389,RV_VLD,2196
59923383720389,RV_VLD,2200
59923383720389,RV_VLD,2204
59923383720389,RV_VLD,2208
59923383720389,RV_VLD,2212
59923383720389,RV_VLD,2216
59923383720389,RV_VLD,2220
59923383720389,RV_VLD,2224
59923383720389,RV_VLD,2228
59923383720389,RV_VLD,2232
59923383720389,RV_VLD,2236
59923383720389,RV_VLD,2240
59923383720389,RV_VLD,2244
59923383720389,RV_VLD,2248
59923383720389,RV_VLD,2252
59923383720389,RV_VLD,2256
59923383720389,RV_VLD,2260
59923383720389,RV_VLD,2264
59923383720389,RV_VLD,2268
59923383720389,RV_VLD,2272
59923383720389,RV_VLD,2276
59923383720389,RV_VLD,2280
59923383720389,RV_VLD,2284
59923383720389,RV_VLD,2288
59923383720389,RV_VLD,2292
59923383720389,RV_VLD,2296
59923383720389,RV_VLD,2300
58823872092617,RV_VST,2048
58823872092617,RV_VST,2052
58823872092617,RV_VST,2056
58823872092617,RV_VST,2060
58823872092617,RV_VST,2064
58823872092617,RV_VST,2068
58823872092617,RV_VST,2072
58823872092617,RV_VST,2076
58823872092617,RV_VST,2080
58823872092617,RV_VST,2084
58823872092617,RV_VST,2088
58823872092617,RV_VST,2092
58823872092617,RV_VST,2096
58823872092617,RV_VST,2100
58823872092617,RV_VST,2104
58823872092617,RV_VST,2108
58823872092617,RV_VST,2112
58823872092617,RV_VST,2116
58823872092617,RV_VST,2120
58823872092617,RV_VST,2124
58823872092617,RV_VST,2128
58823872092617,RV_VST,2132
58823872092617,RV_VST,2136
58823872092617,RV_VST,2140
58823872092617,RV_VST,2144
58823872092617,RV_VST,2148
58823872092617,RV_VST,2152
58823872092617,RV_VST,2156
58823872092617,RV_VST,2160
58823872092617,RV_VST,2164
58823872092617,RV_VST,2168
58823872092617,RV_VST,2172
58823872092617,RV_VST,2176
58823872092617,RV_VST,2180
58823872092617,RV_VST,2184
58823872092617,RV_VST,2188
58823872092617,RV_VST,2192
58823872092617,RV_VST,2196
58823872092617,RV_VST,2200
58823872092617,RV_VST,2204
58823872092617,RV_VST,2208
58823872092617,RV_VST,2212
58823872092617,RV_VST,2216
58823872092617,RV_VST,2220
58823872092617,RV_VST,2224
58823872092617,RV_VST,2228
58823872092617,RV_VST,2232
58823872092617,RV_VST,2236
58823872092617,RV_VST,2240
58823872092617,RV_VST,2244
58823872092617,RV_VST,2248
58823872092617,RV_VST,2252
58823872092617,RV_VST,2256
58823872092617,RV_VST,2260
58823872092617,RV_VST,2264
58823872092617,RV_VST,2268
58823872092617,RV_VST,2272
58823872092617,RV_VST,2276
58823872092617,RV_VST,2280
58823872092617,RV_VST,2284
58823872092617,RV_VST,2288
58823872092617,RV_VST,2292
58823872092617,RV_VST,2296
58823872092617,RV_VST,2300
59923383720406,RV_VLD,2304
59923383720406,RV_VLD,2308
59923383720406,RV_VLD,2312
59923383720406,RV_VLD,2316
59923383720406,RV_VLD,2320
59923383720406,RV_VLD,2324
59923383720406,RV_VLD,2328
59923383720406,RV_VLD,2332
59923383720406,RV_VLD,2336
59923383720406,RV_VLD,2340
59923383720406,RV_VLD,2344
59923383720406,RV_VLD,2348
59923383720406,RV_VLD,2352
59923383720406,RV_VLD,2356
59923383720406,RV_VLD,2360
59923383720406,RV_VLD,2364
59923383720406,RV_VLD,2368
59923383720406,RV_VLD,2372
59923383720406,RV_VLD,2376
59923383720406,RV_VLD,2380
59923383720406,RV_VLD,2384
59923383720406,RV_VLD,2388
59923383720406,RV_VLD,2392
59923383720406,RV_VLD,2396
59923383720406,RV_VLD,2400
59923383720406,RV_VLD,2404
59923383720406,RV_VLD,2408
59923383720406,RV_VLD,2412
59923383720406,RV_VLD,2416
59923383720406,RV_VLD,2420
59923383720406,RV_VLD,2424
59923383720406,RV_VLD,2428
59923383720406,RV_VLD,2432
59923383720406,RV_VLD,2436
59923383720406,RV_VLD,2440
59923383720406,RV_VLD,2444
59923383720406,RV_VLD,2448
59923383720406,RV_VLD,2452
59923383720406,RV_VLD,2456
59923383720406,RV_VLD,2460
59923383720406,RV_VLD,2464
59923383720406,RV_VLD,2468
59923383720406,RV_VLD,2472
59923383720406,RV_VLD,2476
59923383720406,RV_VLD,2480
59923383720406,RV_VLD,2484
59923383720406,RV_VLD,2488
59923383720406,RV_VLD,2492
59923383720406,RV_VLD,2496
59923383720406,RV_VLD,2500
59923383720406,RV_VLD,2504
59923383720406,RV_VLD,2508
59923383720406,RV_VLD,2512
59923383720406,RV_VLD,2516
59923383720406,RV_VLD,2520
59923383720406,RV_VLD,2524
59923383720406,RV_VLD,2528
59923383720406,RV_VLD,2532
59923383720406,RV_VLD,2536
59923383720406,RV_VLD,2540
59923383720406,RV_VLD,2544
59923383720406,RV_VLD,2548
59923383720406,RV_VLD,2552
59923383720406,RV_VLD,2556
58823872092634,RV_VST,2304
58823872092634,RV_VST,2308
58823872092634,RV_VST,2312
58823872092634,RV_VST,2316
58823872092634,RV_VST,2320
58823872092634,RV_VST,2324
58823872092634,RV_VST,2328
58823872092634,RV_VST,2332
58823872092634,RV_VST,2336
58823872092634,RV_VST,2340
58823872092634,RV_VST,2344
58823872092634,RV_VST,2348
58823872092634,RV_VST,2352
58823872092634,RV_VST,2356
58823872092634,RV_VST,2360
58823872092634,RV_VST,2364
58823872092634,RV_VST,2368
58823872092634,RV_VST,2372
58823872092634,RV_VST,2376
58823872092634,RV_VST,2380
58823872092634,RV_VST,2384
58823872092634,RV_VST,2388
58823872092634,RV_VST,2392
58823872092634,RV_VST,2396
58823872092634,RV_VST,2400
58823872092634,RV_VST,2404
58823872092634,RV_VST,2408
58823872092634,RV_VST,2412
58823872092634,RV_VST,2416
58823872092634,RV_VST,2420
58823872092634,RV_VST,2424
58823872092634,RV_VST,2428
58823872092634,RV_VST,2432
58823872092634,RV_VST,2436
58823872092634,RV_VST,2440
58823872092634,RV_VST,2444
58823872092634,RV_VST,2448
58823872092634,RV_VST,2452
58823872092634,RV_VST,2456
58823872092634,RV_VST,2460
58823872092634,RV_VST,2464
58823872092634,RV_VST,2468
58823872092634,RV_VST,2472
58823872092634,RV_VST,2476
58823872092634,RV_VST,2480
58823872092634,RV_VST,2484
58823872092634,RV_VST,2488
58823872092634,RV_VST,2492
58823872092634,RV_VST,2496
58823872092634,RV_VST,2500
58823872092634,RV_VST,2504
58823872092634,RV_VST,2508
58823872092634,RV_VST,2512
58823872092634,RV_VST,2516
58823872092634,RV_VST,2520
58823872092634,RV_VST,2524
58823872092634,RV_VST,2528
58823872092634,RV_VST,2532
58823872092634,RV_VST,2536
58823872092634,RV_VST,2540
58823872092634,RV_VST,2544
58823872092634,RV_VST,2548
58823872092634,RV_VST,2552
58823872092634,RV_VST,2556
,,1024
,,1028
,,1032
,,1036
,,1040
,,1044
,,1048
,,1052
,,1056
,,1060
,,1064
,,1068
,,1072
,,1076
,,1080
,,1084
,,1088
,,1092
,,1096
,,1100
,,1104
,,1108
,,1112
,,1116
,,1120
,,1124
,,1128
,,1132
,,1136
,,1140
,,1144
,,1148
,,1152
,,1156
,,1160
,,1164
,,1168
,,1172
,,1176
,,1180
,,1184
,,1188
,,1192
,,1196
,,1200
,,1204
,,1208
,,1212
,,1216
,,1220
,,1224
,,1228
,,1232
,,1236
,,1240
,,1244
,,1248
,,1252
,,1256
,,1260
,,1264
,,1268
,,1272
,,1276
,,1280
,,1284
,,1288
,,1292
,,1296
,,1300
,,1304
,,1308
,,1312
,,1316
,,1320
,,1324
,,1328
,,1332
,,1336
,,1340
,,1344
,,1348
,,1352
,,1356
,,1360
,,1364
,,1368
,,1372
,,1376
,,1380
,,1384
,,1388
,,1392
,,1396
,,1400
,,1404
,,1408
,,1412
,,1416
,,1420
,,1424
,,1428
,,1432
,,1436
,,1440
,,1444
,,1448
,,1452
,,1456
,,1460
,,1464
,,1468
,,1472
,,1476
,,1480
,,1484
,,1488
,,1492
,,1496
,,1500
,,1504
,,1508
,,1512
,,1516
,,1520
,,1524
,,1528
,,1532
,,1024
59923383720443,RV_VLD,2048
59923383720443,RV_VLD,2052
59923383720443,RV_VLD,2056
59923383720443,RV_VLD,2060
59923383720443,RV_VLD,2064
59923383720443,RV_VLD,2068
59923383720443,RV_VLD,2072
59923383720443,RV_VLD,2076
59923383720443,RV_VLD,2080
59923383720443,RV_VLD,2084
59923383720443,RV_VLD,2088
59923383720443,RV_VLD,2092
59923383720443,RV_VLD,2096
59923383720443,RV_VLD,2100
59923383720443,RV_VLD,2104
59923383720443,RV_VLD,2108
59923383720443,RV_VLD,2112
59923383720443,RV_VLD,2116
59923383720443,RV_VLD,2120
59923383720443,RV_VLD,2124
59923383720443,RV_VLD,2128
59923383720443,RV_VLD,2132
59923383720443,RV_VLD,2136
59923383720443,RV_VLD,2140
59923383720443,RV_VLD,2144
59923383720443,RV_VLD,2148
59923383720443,RV_VLD,2152
59923383720443,RV_VLD,2156
59923383720443,RV_VLD,2160
59923383720443,RV_VLD,2164
59923383720443,RV_VLD,2168
59923383720443,RV_VLD,2172
59923383720443,RV_VLD,2176
59923383720443,RV_VLD,2180
59923383720443,RV_VLD,2184
59923383720443,RV_VLD,2188
59923383720443,RV_VLD,2192
59923383720443,RV_VLD,2196
59923383720443,RV_VLD,2200
59923383720443,RV_VLD,2204
59923383720443,RV_VLD,2208
59923383720443,RV_VLD,2212
59923383720443,RV_VLD,2216
59923383720443,RV_VLD,2220
59923383720443,RV_VLD,2224
59923383720443,RV_VLD,2228
59923383720443,RV_VLD,2232
59923383720443,RV_VLD,2236
59923383720443,RV_VLD,2240
59923383720443,RV_VLD,2244
59923383720443,RV_VLD,2248
59923383720443,RV_VLD,2252
59923383720443,RV_VLD,2256
59923383720443,RV_VLD,2260
59923383720443,RV_VLD,2264
59923383720443,RV_VLD,2268
59923383720443,RV_VLD,2272
59923383720443,RV_VLD,2276
59923383720443,RV_VLD,2280
59923383720443,RV_VLD,2284
59923383720443,RV_VLD,2288
59923383720443,RV_VLD,2292
59923383720443,RV_VLD,2296
59923383720443,RV_VLD,2300
59923383720444,RV_VLD,512
59923383720444,RV_VLD,516
59923383720444,RV_VLD,520
59923383720444,RV_VLD,524
59923383720444,RV_VLD,528
59923383720444,RV_VLD,532
59923383720444,RV_VLD,536
59923383720444,RV_VLD,540
59923383720444,RV_VLD,544
59923383720444,RV_VLD,548
59923383720444,RV_VLD,552
59923383720444,RV_VLD,556
59923383720444,RV_VLD,560
59923383720444,RV_VLD,564
59923383720444,RV_VLD,568
59923383720444,RV_VLD,572
59923383720444,RV_VLD,576
59923383720444,RV_VLD,580
59923383720444,RV_VLD,584
59923383720444,RV_VLD,588
59923383720444,RV_VLD,592
59923383720444,RV_VLD,596
59923383720444,RV_VLD,600
59923383720444,RV_VLD,604
59923383720444,RV_VLD,608
59923383720444,RV_VLD,612
59923383720444,RV_VLD,616
59923383720444,RV_VLD,620
59923383720444,RV_VLD,624
59923383720444,RV_VLD,628
59923383720444,RV_VLD,632
59923383720444,RV_VLD,636
59923383720444,RV_VLD,640
59923383720444,RV_VLD,644
59923383720444,RV_VLD,648
59923383720444,RV_VLD,652
59923383720444,RV_VLD,656
59923383720444,RV_VLD,660
59923383720444,RV_VLD,664
59923383720444,RV_VLD,668
59923383720444,RV_VLD,672
59923383720444,RV_VLD,676
59923383720444,RV_VLD,680
59923383720444,RV_VLD,684
59923383720444,RV_VLD,688
59923383720444,RV_VLD,692
59923383720444,RV_VLD,696
59923383720444,RV_VLD,700
59923383720444,RV_VLD,704
59923383720444,RV_VLD,708
59923383720444,RV_VLD,712
59923383720444,RV_VLD,716
59923383720444,RV_VLD,720
59923383720444,RV_VLD,724
59923383720444,RV_VLD,728
59923383720444,RV_VLD,732
59923383720444,RV_VLD,736
59923383720444,RV_VLD,740
59923383720444,RV_VLD,744
59923383720444,RV_VLD,748
59923383720444,RV_VLD,752
59923383720444,RV_VLD,756
59923383720444,RV_VLD,760
59923383720444,RV_VLD,764
58823872092671,RV_VST,2048
58823872092671,RV_VST,2052
58823872092671,RV_VST,2056
58823872092671,RV_VST,2060
58823872092671,RV_VST,2064
58823872092671,RV_VST,2068
58823872092671,RV_VST,2072
58823872092671,RV_VST,2076
58823872092671,RV_VST,2080
58823872092671,RV_VST,2084
58823872092671,RV_VST,2088
58823872092671,RV_VST,2092
58823872092671,RV_VST,2096
58823872092671,RV_VST,2100
58823872092671,RV_VST,2104
58823872092671,RV_VST,2108
58823872092671,RV_VST,2112
58823872092671,RV_VST,2116
58823872092671,RV_VST,2120
58823872092671,RV_VST,2124
58823872092671,RV_VST,2128
58823872092671,RV_VST,2132
58823872092671,RV_VST,2136
58823872092671,RV_VST,2140
58823872092671,RV_VST,2144
58823872092671,RV_VST,2148
58823872092671,RV_VST,2152
58823872092671,RV_VST,2156
58823872092671,RV_VST,2160
58823872092671,RV_VST,2164
58823872092671,RV_VST,2168
58823872092671,RV_VST,2172
58823872092671,RV_VST,2176
58823872092671,RV_VST,2180
58823872092671,RV_VST,2184
58823872092671,RV_VST,2188
58823872092671,RV_VST,2192
58823872092671,RV_VST,2196
58823872092671,RV_VST,2200
58823872092671,RV_VST,2204
58823872092671,RV_VST,2208
58823872092671,RV_VST,2212
58823872092671,RV_VST,2216
58823872092671,RV_VST,2220
58823872092671,RV_VST,2224
58823872092671,RV_VST,2228
58823872092671,RV_VST,2232
58823872092671,RV_VST,2236
58823872092671,RV_VST,2240
58823872092671,RV_VST,2244
58823872092671,RV_VST,2248
58823872092671,RV_VST,2252
58823872092671,RV_VST,2256
58823872092671,RV_VST,2260
58823872092671,RV_VST,2264
58823872092671,RV_VST,2268
58823872092671,RV_VST,2272
58823872092671,RV_VST,2276
58823872092671,RV_VST,2280
58823872092671,RV_VST,2284
58823872092671,RV_VST,2288
58823872092671,RV_VST,2292
58823872092671,RV_VST,2296
58823872092671,RV_VST,2300
59923383720448,RV_VLD,2304
59923383720448,RV_VLD,2308
59923383720448,RV_VLD,2312
59923383720448,RV_VLD,2316
59923383720448,RV_VLD,2320
59923383720448,RV_VLD,2324
59923383720448,RV_VLD,2328
59923383720448,RV_VLD,2332
59923383720448,RV_VLD,2336
59923383720448,RV_VLD,2340
59923383720448,RV_VLD,2344
59923383720448,RV_VLD,2348
59923383720448,RV_VLD,2352
59923383720448,RV_VLD,2356
59923383720448,RV_VLD,2360
59923383720448,RV_VLD,2364
59923383720448,RV_VLD,2368
59923383720448,RV_VLD,2372
59923383720448,RV_VLD,2376
59923383720448,RV_VLD,2380
59923383720448,RV_VLD,2384
59923383720448,RV_VLD,2388
59923383720448,RV_VLD,2392
59923383720448,RV_VLD,2396
59923383720448,RV_VLD,2400
59923383720448,RV_VLD,2404
59923383720448,RV_VLD,2408
59923383720448,RV_VLD,2412
59923383720448,RV_VLD,2416
59923383720448,RV_VLD,2420
59923383720448,RV_VLD,2424
59923383720448,RV_VLD,2428
59923383720448,RV_VLD,2432
59923383720448,RV_VLD,2436
59923383720448,RV_VLD,2440
59923383720448,RV_VLD,2444
59923383720448,RV_VLD,2448
59923383720448,RV_VLD,2452
59923383720448,RV_VLD,2456
59923383720448,RV_VLD,2460
59923383720448,RV_VLD,2464
59923383720448,RV_VLD,2468
59923383720448,RV_VLD,2472
59923383720448,RV_VLD,2476
59923383720448,RV_VLD,2480
59923383720448,RV_VLD,2484
59923383720448,RV_VLD,2488
59923383720448,RV_VLD,2492
59923383720448,RV_VLD,2496
59923383720448,RV_VLD,2500
59923383720448,RV_VLD,2504
59923383720448,RV_VLD,2508
59923383720448,RV_VLD,2512
59923383720448,RV_VLD,2516
59923383720448,RV_VLD,2520
59923383720448,RV_VLD,2524
59923383720448,RV_VLD,2528
59923383720448,RV_VLD,2532
59923383720448,RV_VLD,2536
59923383720448,RV_VLD,2540
59923383720448,RV_VLD,2544
59923383720448,RV_VLD,2548
59923383720448,RV_VLD,2552
59923383720448,RV_VLD,2556
59923383720449,RV_VLD,768
59923383720449,RV_VLD,772
59923383720449,RV_VLD,776
59923383720449,RV_VLD,780
59923383720449,RV_VLD,784
59923383720449,RV_VLD,788
59923383720449,RV_VLD,792
59923383720449,RV_VLD,796
59923383720449,RV_VLD,800
59923383720449,RV_VLD,804
59923383720449,RV_VLD,808
59923383720449,RV_VLD,812
59923383720449,RV_VLD,816
59923383720449,RV_VLD,820
59923383720449,RV_VLD,824
59923383720449,RV_VLD,828
59923383720449,RV_VLD,832
59923383720449,RV_VLD,836
59923383720449,RV_VLD,840
59923383720449,RV_VLD,844
59923383720449,RV_VLD,848
59923383720449,RV_VLD,852
59923383720449,RV_VLD,856
59923383720449,RV_VLD,860
59923383720449,RV_VLD,864
59923383720449,RV_VLD,868
59923383720449,RV_VLD,872
59923383720449,RV_VLD,876
59923383720449,RV_VLD,880
59923383720449,RV_VLD,884
59923383720449,RV_VLD,888
59923383720449,RV_VLD,892
59923383720449,RV_VLD,896
59923383720449,RV_VLD,900
59923383720449,RV_VLD,904
59923383720449,RV_VLD,908
59923383720449,RV_VLD,912
59923383720449,RV_VLD,916
59923383720449,RV_VLD,920
59923383720449,RV_VLD,924
59923383720449,RV_VLD,928
59923383720449,RV_VLD,932
59923383720449,RV_VLD,936
59923383720449,RV_VLD,940
59923383720449,RV_VLD,944
59923383720449,RV_VLD,948
59923383720449,RV_VLD,952
59923383720449,RV_VLD,956
59923383720449,RV_VLD,960
59923383720449,RV_VLD,964
59923383720449,RV_VLD,968
59923383720449,RV_VLD,972
59923383720449,RV_VLD,976
59923383720449,RV_VLD,980
59923383720449,RV_VLD,984
59923383720449,RV_VLD,988
59923383720449,RV_VLD,992
59923383720449,RV_VLD,996
59923383720449,RV_VLD,1000
59923383720449,RV_VLD,1004
59923383720449,RV_VLD,1008
59923383720449,RV_VLD,1012
59923383720449,RV_VLD,1016
59923383720449,RV_VLD,1020
58823872092676,RV_VST,2304
58823872092676,RV_VST,2308
58823872092676,RV_VST,2312
58823872092676,RV_VST,2316
58823872092676,RV_VST,2320
58823872092676,RV_VST,2324
58823872092676,RV_VST,2328
58823872092676,RV_VST,2332
58823872092676,RV_VST,2336
58823872092676,RV_VST,2340
58823872092676,RV_VST,2344
58823872092676,RV_VST,2348
58823872092676,RV_VST,2352
58823872092676,RV_VST,2356
58823872092676,RV_VST,2360
58823872092676,RV_VST,2364
58823872092676,RV_VST,2368
58823872092676,RV_VST,2372
58823872092676,RV_VST,2376
58823872092676,RV_VST,2380
58823872092676,RV_VST,2384
58823872092676,RV_VST,2388
58823872092676,RV_VST,2392
58823872092676,RV_VST,2396
58823872092676,RV_VST,2400
58823872092676,RV_VST,2404
58823872092676,RV_VST,2408
58823872092676,RV_VST,2412
58823872092676,RV_VST,2416
58823872092676,RV_VST,2420
58823872092676,RV_VST,2424
58823872092676,RV_VST,2428
58823872092676,RV_VST,2432
58823872092676,RV_VST,2436
58823872092676,RV_VST,2440
58823872092676,RV_VST,2444
58823872092676,RV_VST,2448
58823872092676,RV_VST,2452
58823872092676,RV_VST,2456
58823872092676,RV_VST,2460
58823872092676,RV_VST,2464
58823872092676,RV_VST,2468
58823872092676,RV_VST,2472
58823872092676,RV_VST,2476
58823872092676,RV_VST,2480
58823872092676,RV_VST,2484
58823872092676,RV_VST,2488
58823872092676,RV_VST,2492
58823872092676,RV_VST,2496
58823872092676,RV_VST,2500
58823872092676,RV_VST,2504
58823872092676,RV_VST,2508
58823872092676,RV_VST,2512
58823872092676,RV_VST,2516
58823872092676,RV_VST,2520
58823872092676,RV_VST,2524
58823872092676,RV_VST,2528
58823872092676,RV_VST,2532
58823872092676,RV_VST,2536
58823872092676,RV_VST,2540
58823872092676,RV_VST,2544
58823872092676,RV_VST,2548
58823872092676,RV_VST,2552
58823872092676,RV_VST,2556
59923383720482,RV_VLD,2048
59923383720482,RV_VLD,2052
59923383720482,RV_VLD,2056
59923383720482,RV_VLD,2060
59923383720482,RV_VLD,2064
59923383720482,RV_VLD,2068
59923383720482,RV_VLD,2072
59923383720482,RV_VLD,2076
59923383720482,RV_VLD,2080
59923383720482,RV_VLD,2084
59923383720482,RV_VLD,2088
59923383720482,RV_VLD,2092
59923383720482,RV_VLD,2096
59923383720482,RV_VLD,2100
59923383720482,RV_VLD,2104
59923383720482,RV_VLD,2108
59923383720482,RV_VLD,2112
59923383720482,RV_VLD,2116
59923383720482,RV_VLD,2120
59923383720482,RV_VLD,2124
59923383720482,RV_VLD,2128
59923383720482,RV_VLD,2132
59923383720482,RV_VLD,2136
59923383720482,RV_VLD,2140
59923383720482,RV_VLD,2144
59923383720482,RV_VLD,2148
59923383720482,RV_VLD,2152
59923383720482,RV_VLD,2156
59923383720482,RV_VLD,2160
59923383720482,RV_VLD,2164
59923383720482,RV_VLD,2168
59923383720482,RV_VLD,2172
59923383720482,RV_VLD,2176
59923383720482,RV_VLD,2180
59923383720482,RV_VLD,2184
59923383720482,RV_VLD,2188
59923383720482,RV_VLD,2192
59923383720482,RV_VLD,2196
59923383720482,RV_VLD,2200
59923383720482,RV_VLD,2204
59923383720482,RV_VLD,2208
59923383720482,RV_VLD,2212
59923383720482,RV_VLD,2216
59923383720482,RV_VLD,2220
59923383720482,RV_VLD,2224
59923383720482,RV_VLD,2228
59923383720482,RV_VLD,2232
59923383720482,RV_VLD,2236
59923383720482,RV_VLD,2240
59923383720482,RV_VLD,2244
59923383720482,RV_VLD,2248
59923383720482,RV_VLD,2252
59923383720482,RV_VLD,2256
59923383720482,RV_VLD,2260
59923383720482,RV_VLD,2264
59923383720482,RV_VLD,2268
59923383720482,RV_VLD,2272
59923383720482,RV_VLD,2276
59923383720482,RV_VLD,2280
59923383720482,RV_VLD,2284
59923383720482,RV_VLD,2288
59923383720482,RV_VLD,2292
59923383720482,RV_VLD,2296
59923383720482,RV_VLD,2300
58823872092710,RV_VST,2048
58823872092710,RV_VST,2052
58823872092710,RV_VST,2056
58823872092710,RV_VST,2060
58823872092710,RV_VST,2064
58823872092710,RV_VST,2068
58823872092710,RV_VST,2072
58823872092710,RV_VST,2076
58823872092710,RV_VST,2080
58823872092710,RV_VST,2084
58823872092710,RV_VST,2088
58823872092710,RV_VST,2092
58823872092710,RV_VST,2096
58823872092710,RV_VST,2100
58823872092710,RV_VST,2104
58823872092710,RV_VST,2108
58823872092710,RV_VST,2112
58823872092710,RV_VST,2116
58823872092710,RV_VST,2120
58823872092710,RV_VST,2124
58823872092710,RV_VST,2128
58823872092710,RV_VST,2132
58823872092710,RV_VST,2136
58823872092710,RV_VST,2140
58823872092710,RV_VST,2144
58823872092710,RV_VST,2148
58823872092710,RV_VST,2152
58823872092710,RV_VST,2156
58823872092710,RV_VST,2160
58823872092710,RV_VST,2164
58823872092710,RV_VST,2168
58823872092710,RV_VST,2172
58823872092710,RV_VST,2176
58823872092710,RV_VST,2180
58823872092710,RV_VST,2184
58823872092710,RV_VST,2188
58823872092710,RV_VST,2192
58823872092710,RV_VST,2196
58823872092710,RV_VST,2200
58823872092710,RV_VST,2204
58823872092710,RV_VST,2208
58823872092710,RV_VST,2212
58823872092710,RV_VST,2216
58823872092710,RV_VST,2220
58823872092710,RV_VST,2224
58823872092710,RV_VST,2228
58823872092710,RV_VST,2232
58823872092710,RV_VST,2236
58823872092710,RV_VST,2240
58823872092710,RV_VST,2244
58823872092710,RV_VST,2248
58823872092710,RV_VST,2252
58823872092710,RV_VST,2256
58823872092710,RV_VST,2260
58823872092710,RV_VST,2264
58823872092710,RV_VST,2268
58823872092710,RV_VST,2272
58823872092710,RV_VST,2276
58823872092710,RV_VST,2280
58823872092710,RV_VST,2284
58823872092710,RV_VST,2288
58823872092710,RV_VST,2292
58823872092710,RV_VST,2296
58823872092710,RV_VST,2300
59923383720491,RV_VLD,2304
59923383720491,RV_VLD,2308
59923383720491,RV_VLD,2312
59923383720491,RV_VLD,2316
59923383720491,RV_VLD,2320
59923383720491,RV_VLD,2324
59923383720491,RV_VLD,2328
59923383720491,RV_VLD,2332
59923383720491,RV_VLD,2336
59923383720491,RV_VLD,2340
59923383720491,RV_VLD,2344
59923383720491,RV_VLD,2348
59923383720491,RV_VLD,2352
59923383720491,RV_VLD,2356
59923383720491,RV_VLD,2360
59923383720491,RV_VLD,2364
59923383720491,RV_VLD,2368
59923383720491,RV_VLD,2372
59923383720491,RV_VLD,2376
59923383720491,RV_VLD,2380
59923383720491,RV_VLD,2384
59923383720491,RV_VLD,2388
59923383720491,RV_VLD,2392
59923383720491,RV_VLD,2396
59923383720491,RV_VLD,2400
59923383720491,RV_VLD,2404
59923383720491,RV_VLD,2408
59923383720491,RV_VLD,2412
59923383720491,RV_VLD,2416
59923383720491,RV_VLD,2420
59923383720491,RV_VLD,2424
59923383720491,RV_VLD,2428
59923383720491,RV_VLD,2432
59923383720491,RV_VLD,2436
59923383720491,RV_VLD,2440
59923383720491,RV_VLD,2444
59923383720491,RV_VLD,2448
59923383720491,RV_VLD,2452
59923383720491,RV_VLD,2456
59923383720491,RV_VLD,2460
59923383720491,RV_VLD,2464
59923383720491,RV_VLD,2468
59923383720491,RV_VLD,2472
59923383720491,RV_VLD,2476
59923383720491,RV_VLD,2480
59923383720491,RV_VLD,2484
59923383720491,RV_VLD,2488
59923383720491,RV_VLD,2492
59923383720491,RV_VLD,2496
59923383720491,RV_VLD,2500
59923383720491,RV_VLD,2504
59923383720491,RV_VLD,2508
59923383720491,RV_VLD,2512
59923383720491,RV_VLD,2516
59923383720491,RV_VLD,2520
59923383720491,RV_VLD,2524
59923383720491,RV_VLD,2528
59923383720491,RV_VLD,2532
59923383720491,RV_VLD,2536
59923383720491,RV_VLD,2540
59923383720491,RV_VLD,2544
59923383720491,RV_VLD,2548
59923383720491,RV_VLD,2552
59923383720491,RV_VLD,2556
58823872092719,RV_VST,2304
58823872092719,RV_VST,2308
58823872092719,RV_VST,2312
58823872092719,RV_VST,2316
58823872092719,RV_VST,2320
58823872092719,RV_VST,2324
58823872092719,RV_VST,2328
58823872092719,RV_VST,2332
58823872092719,RV_VST,2336
58823872092719,RV_VST,2340
58823872092719,RV_VST,2344
58823872092719,RV_VST,2348
58823872092719,RV_VST,2352
58823872092719,RV_VST,2356
58823872092719,RV_VST,2360
58823872092719,RV_VST,2364
58823872092719,RV_VST,2368
58823872092719,RV_VST,2372
58823872092719,RV_VST,2376
58823872092719,RV_VST,2380
58823872092719,RV_VST,2384
58823872092719,RV_VST,2388
58823872092719,RV_VST,2392
58823872092719,RV_VST,2396
58823872092719,RV_VST,2400
58823872092719,RV_VST,2404
58823872092719,RV_VST,2408
58823872092719,RV_VST,2412
58823872092719,RV_VST,2416
58823872092719,RV_VST,2420
58823872092719,RV_VST,2424
58823872092719,RV_VST,2428
58823872092719,RV_VST,2432
58823872092719,RV_VST,2436
58823872092719,RV_VST,2440
58823872092719,RV_VST,2444
58823872092719,RV_VST,2448
58823872092719,RV_VST,2452
58823872092719,RV_VST,2456
58823872092719,RV_VST,2460
58823872092719,RV_VST,2464
58823872092719,RV_VST,2468
58823872092719,RV_VST,2472
58823872092719,RV_VST,2476
58823872092719,RV_VST,2480
58823872092719,RV_VST,2484
58823872092719,RV_VST,2488
58823872092719,RV_VST,2492
58823872092719,RV_VST,2496
58823872092719,RV_VST,2500
58823872092719,RV_VST,2504
58823872092719,RV_VST,2508
58823872092719,RV_VST,2512
58823872092719,RV_VST,2516
58823872092719,RV_VST,2520
58823872092719,RV_VST,2524
58823872092719,RV_VST,2528
58823872092719,RV_VST,2532
58823872092719,RV_VST,2536
58823872092719,RV_VST,2540
58823872092719,RV_VST,2544
58823872092719,RV_VST,2548
58823872092719,RV_VST,2552
58823872092719,RV_VST,2556
59923383720548,RV_VLD,512
59923383720548,RV_VLD,516
59923383720548,RV_VLD,520
59923383720548,RV_VLD,524
59923383720548,RV_VLD,528
59923383720548,RV_VLD,532
59923383720548,RV_VLD,536
59923383720548,RV_VLD,540
59923383720548,RV_VLD,544
59923383720548,RV_VLD,548
59923383720548,RV_VLD,552
59923383720548,RV_VLD,556
59923383720548,RV_VLD,560
59923383720548,RV_VLD,564
59923383720548,RV_VLD,568
59923383720548,RV_VLD,572
59923383720548,RV_VLD,576
59923383720548,RV_VLD,580
59923383720548,RV_VLD,584
59923383720548,RV_VLD,588
59923383720548,RV_VLD,592
59923383720548,RV_VLD,596
59923383720548,RV_VLD,600
59923383720548,RV_VLD,604
59923383720548,RV_VLD,608
59923383720548,RV_VLD,612
59923383720548,RV_VLD,616
59923383720548,RV_VLD,620
59923383720548,RV_VLD,624
59923383720548,RV_VLD,628
59923383720548,RV_VLD,632
59923383720548,RV_VLD,636
59923383720548,RV_VLD,640
59923383720548,RV_VLD,644
59923383720548,RV_VLD,648
59923383720548,RV_VLD,652
59923383720548,RV_VLD,656
59923383720548,RV_VLD,660
59923383720548,RV_VLD,664
59923383720548,RV_VLD,668
59923383720548,RV_VLD,672
59923383720548,RV_VLD,676
59923383720548,RV_VLD,680
59923383720548,RV_VLD,684
59923383720548,RV_VLD,688
59923383720548,RV_VLD,692
59923383720548,RV_VLD,696
59923383720548,RV_VLD,700
59923383720548,RV_VLD,704
59923383720548,RV_VLD,708
59923383720548,RV_VLD,712
59923383720548,RV_VLD,716
59923383720548,RV_VLD,720
59923383720548,RV_VLD,724
59923383720548,RV_VLD,728
59923383720548,RV_VLD,732
59923383720548,RV_VLD,736
59923383720548,RV_VLD,740
59923383720548,RV_VLD,744
59923383720548,RV_VLD,748
59923383720548,RV_VLD,752
59923383720548,RV_VLD,756
59923383720548,RV_VLD,760
59923383720548,RV_VLD,764
59923383720549,RV_VLD,2048
59923383720549,RV_VLD,2052
59923383720549,RV_VLD,2056
59923383720549,RV_VLD,2060
59923383720549,RV_VLD,2064
59923383720549,RV_VLD,2068
59923383720549,RV_VLD,2072
59923383720549,RV_VLD,2076
59923383720549,RV_VLD,2080
59923383720549,RV_VLD,2084
59923383720549,RV_VLD,2088
59923383720549,RV_VLD,2092
59923383720549,RV_VLD,2096
59923383720549,RV_VLD,2100
59923383720549,RV_VLD,2104
59923383720549,RV_VLD,2108
59923383720549,RV_VLD,2112
59923383720549,RV_VLD,2116
59923383720549,RV_VLD,2120
59923383720549,RV_VLD,2124
59923383720549,RV_VLD,2128
59923383720549,RV_VLD,2132
59923383720549,RV_VLD,2136
59923383720549,RV_VLD,2140
59923383720549,RV_VLD,2144
59923383720549,RV_VLD,2148
59923383720549,RV_VLD,2152
59923383720549,RV_VLD,2156
59923383720549,RV_VLD,2160
59923383720549,RV_VLD,2164
59923383720549,RV_VLD,2168
59923383720549,RV_VLD,2172
59923383720549,RV_VLD,2176
59923383720549,RV_VLD,2180
59923383720549,RV_VLD,2184
59923383720549,RV_VLD,2188
59923383720549,RV_VLD,2192
59923383720549,RV_VLD,2196
59923383720549,RV_VLD,2200
59923383720549,RV_VLD,2204
59923383720549,RV_VLD,2208
59923383720549,RV_VLD,2212
59923383720549,RV_VLD,2216
59923383720549,RV_VLD,2220
59923383720549,RV_VLD,2224
59923383720549,RV_VLD,2228
59923383720549,RV_VLD,2232
59923383720549,RV_VLD,2236
59923383720549,RV_VLD,2240
59923383720549,RV_VLD,2244
59923383720549,RV_VLD,2248
59923383720549,RV_VLD,2252
59923383720549,RV_VLD,2256
59923383720549,RV_VLD,2260
59923383720549,RV_VLD,2264
59923383720549,RV_VLD,2268
59923383720549,RV_VLD,2272
59923383720549,RV_VLD,2276
59923383720549,RV_VLD,2280
59923383720549,RV_VLD,2284
59923383720549,RV_VLD,2288
59923383720549,RV_VLD,2292
59923383720549,RV_VLD,2296
59923383720549,RV_VLD,2300
58823872092776,RV_VST,2048
58823872092776,RV_VST,2052
58823872092776,RV_VST,2056
58823872092776,RV_VST,2060
58823872092776,RV_VST,2064
58823872092776,RV_VST,2068
58823872092776,RV_VST,2072
58823872092776,RV_VST,2076
58823872092776,RV_VST,2080
58823872092776,RV_VST,2084
58823872092776,RV_VST,2088
58823872092776,RV_VST,2092
58823872092776,RV_VST,2096
58823872092776,RV_VST,2100
58823872092776,RV_VST,2104
58823872092776,RV_VST,2108
58823872092776,RV_VST,2112
58823872092776,RV_VST,2116
58823872092776,RV_VST,2120
58823872092776,RV_VST,2124
58823872092776,RV_VST,2128
58823872092776,RV_VST,2132
58823872092776,RV_VST,2136
58823872092776,RV_VST,2140
58823872092776,RV_VST,2144
58823872092776,RV_VST,2148
58823872092776,RV_VST,2152
58823872092776,RV_VST,2156
58823872092776,RV_VST,2160
58823872092776,RV_VST,2164
58823872092776,RV_VST,2168
58823872092776,RV_VST,2172
58823872092776,RV_VST,2176
58823872092776,RV_VST,2180
58823872092776,RV_VST,2184
58823872092776,RV_VST,2188
58823872092776,RV_VST,2192
58823872092776,RV_VST,2196
58823872092776,RV_VST,2200
58823872092776,RV_VST,2204
58823872092776,RV_VST,2208
58823872092776,RV_VST,2212
58823872092776,RV_VST,2216
58823872092776,RV_VST,2220
58823872092776,RV_VST,2224
58823872092776,RV_VST,2228
58823872092776,RV_VST,2232
58823872092776,RV_VST,2236
58823872092776,RV_VST,2240
58823872092776,RV_VST,2244
58823872092776,RV_VST,2248
58823872092776,RV_VST,2252
58823872092776,RV_VST,2256
58823872092776,RV_VST,2260
58823872092776,RV_VST,2264
58823872092776,RV_VST,2268
58823872092776,RV_VST,2272
58823872092776,RV_VST,2276
58823872092776,RV_VST,2280
58823872092776,RV_VST,2284
58823872092776,RV_VST,2288
58823872092776,RV_VST,2292
58823872092776,RV_VST,2296
58823872092776,RV_VST,2300
59923383720565,RV_VLD,768
59923383720565,RV_VLD,772
59923383720565,RV_VLD,776
59923383720565,RV_VLD,780
59923383720565,RV_VLD,784
59923383720565,RV_VLD,788
59923383720565,RV_VLD,792
59923383720565,RV_VLD,796
59923383720565,RV_VLD,800
59923383720565,RV_VLD,804
59923383720565,RV_VLD,808
59923383720565,RV_VLD,812
59923383720565,RV_VLD,816
59923383720565,RV_VLD,820
59923383720565,RV_VLD,824
59923383720565,RV_VLD,828
59923383720565,RV_VLD,832
59923383720565,RV_VLD,836
59923383720565,RV_VLD,840
59923383720565,RV_VLD,844
59923383720565,RV_VLD,848
59923383720565,RV_VLD,852
59923383720565,RV_VLD,856
59923383720565,RV_VLD,860
59923383720565,RV_VLD,864
59923383720565,RV_VLD,868
59923383720565,RV_VLD,872
59923383720565,RV_VLD,876
59923383720565,RV_VLD,880
59923383720565,RV_VLD,884
59923383720565,RV_VLD,888
59923383720565,RV_VLD,892
59923383720565,RV_VLD,896
59923383720565,RV_VLD,900
59923383720565,RV_VLD,904
59923383720565,RV_VLD,908
59923383720565,RV_VLD,912
59923383720565,RV_VLD,916
59923383720565,RV_VLD,920
59923383720565,RV_VLD,924
59923383720565,RV_VLD,928
59923383720565,RV_VLD,932
59923383720565,RV_VLD,936
59923383720565,RV_VLD,940
59923383720565,RV_VLD,944
59923383720565,RV_VLD,948
59923383720565,RV_VLD,952
59923383720565,RV_VLD,956
59923383720565,RV_VLD,960
59923383720565,RV_VLD,964
59923383720565,RV_VLD,968
59923383720565,RV_VLD,972
59923383720565,RV_VLD,976
59923383720565,RV_VLD,980
59923383720565,RV_VLD,984
59923383720565,RV_VLD,988
59923383720565,RV_VLD,992
59923383720565,RV_VLD,996
59923383720565,RV_VLD,1000
59923383720565,RV_VLD,1004
59923383720565,RV_VLD,1008
59923383720565,RV_VLD,1012
59923383720565,RV_VLD,1016
59923383720565,RV_VLD,1020
59923383720566,RV_VLD,2304
59923383720566,RV_VLD,2308
59923383720566,RV_VLD,2312
59923383720566,RV_VLD,2316
59923383720566,RV_VLD,2320
59923383720566,RV_VLD,2324
59923383720566,RV_VLD,2328
59923383720566,RV_VLD,2332
59923383720566,RV_VLD,2336
59923383720566,RV_VLD,2340
59923383720566,RV_VLD,2344
59923383720566,RV_VLD,2348
59923383720566,RV_VLD,2352
59923383720566,RV_VLD,2356
59923383720566,RV_VLD,2360
59923383720566,RV_VLD,2364
59923383720566,RV_VLD,2368
59923383720566,RV_VLD,2372
59923383720566,RV_VLD,2376
59923383720566,RV_VLD,2380
59923383720566,RV_VLD,2384
59923383720566,RV_VLD,2388
59923383720566,RV_VLD,2392
59923383720566,RV_VLD,2396
59923383720566,RV_VLD,2400
59923383720566,RV_VLD,2404
59923383720566,RV_VLD,2408
59923383720566,RV_VLD,2412
59923383720566,RV_VLD,2416
59923383720566,RV_VLD,2420
59923383720566,RV_VLD,2424
59923383720566,RV_VLD,2428
59923383720566,RV_VLD,2432
59923383720566,RV_VLD,2436
59923383720566,RV_VLD,2440
59923383720566,RV_VLD,2444
59923383720566,RV_VLD,2448
59923383720566,RV_VLD,2452
59923383720566,RV_VLD,2456
59923383720566,RV_VLD,2460
59923383720566,RV_VLD,2464
59923383720566,RV_VLD,2468
59923383720566,RV_VLD,2472
59923383720566,RV_VLD,2476
59923383720566,RV_VLD,2480
59923383720566,RV_VLD,2484
59923383720566,RV_VLD,2488
59923383720566,RV_VLD,2492
59923383720566,RV_VLD,2496
59923383720566,RV_VLD,2500
59923383720566,RV_VLD,2504
59923383720566,RV_VLD,2508
59923383720566,RV_VLD,2512
59923383720566,RV_VLD,2516
59923383720566,RV_VLD,2520
59923383720566,RV_VLD,2524
59923383720566,RV_VLD,2528
59923383720566,RV_VLD,2532
59923383720566,RV_VLD,2536
59923383720566,RV_VLD,2540
59923383720566,RV_VLD,2544
59923383720566,RV_VLD,2548
59923383720566,RV_VLD,2552
59923383720566,RV_VLD,2556
58823872092793,RV_VST,2304
58823872092793,RV_VST,2308
58823872092793,RV_VST,2312
58823872092793,RV_VST,2316
58823872092793,RV_VST,2320
58823872092793,RV_VST,2324
58823872092793,RV_VST,2328
58823872092793,RV_VST,2332
58823872092793,RV_VST,2336
58823872092793,RV_VST,2340
58823872092793,RV_VST,2344
58823872092793,RV_VST,2348
58823872092793,RV_VST,2352
58823872092793,RV_VST,2356
58823872092793,RV_VST,2360
58823872092793,RV_VST,2364
58823872092793,RV_VST,2368
58823872092793,RV_VST,2372
58823872092793,RV_VST,2376
58823872092793,RV_VST,2380
58823872092793,RV_VST,2384
58823872092793,RV_VST,2388
58823872092793,RV_VST,2392
58823872092793,RV_VST,2396
58823872092793,RV_VST,2400
58823872092793,RV_VST,2404
58823872092793,RV_VST,2408
58823872092793,RV_VST,2412
58823872092793,RV_VST,2416
58823872092793,RV_VST,2420
58823872092793,RV_VST,2424
58823872092793,RV_VST,2428
58823872092793,RV_VST,2432
58823872092793,RV_VST,2436
58823872092793,RV_VST,2440
58823872092793,RV_VST,2444
58823872092793,RV_VST,2448
58823872092793,RV_VST,2452
58823872092793,RV_VST,2456
58823872092793,RV_VST,2460
58823872092793,RV_VST,2464
58823872092793,RV_VST,2468
58823872092793,RV_VST,2472
58823872092793,RV_VST,2476
58823872092793,RV_VST,2480
58823872092793,RV_VST,2484
58823872092793,RV_VST,2488
58823872092793,RV_VST,2492
58823872092793,RV_VST,2496
58823872092793,RV_VST,2500
58823872092793,RV_VST,2504
58823872092793,RV_VST,2508
58823872092793,RV_VST,2512
58823872092793,RV_VST,2516
58823872092793,RV_VST,2520
58823872092793,RV_VST,2524
58823872092793,RV_VST,2528
58823872092793,RV_VST,2532
58823872092793,RV_VST,2536
58823872092793,RV_VST,2540
58823872092793,RV_VST,2544
58823872092793,RV_VST,2548
58823872092793,RV_VST,2552
58823872092793,RV_VST,2556
,,512
,,516
,,520
,,524
,,528
,,532
,,536
,,540
,,544
,,548
,,552
,,556
,,560
,,564
,,568
,,572
,,576
,,580
,,584
,,588
,,592
,,596
,,600
,,604
,,608
,,612
,,616
,,620
,,624
,,628
,,632
,,636
,,640
,,644
,,648
,,652
,,656
,,660
,,664
,,668
,,672
,,676
,,680
,,684
,,688
,,692
,,696
,,700
,,704
,,708
,,712
,,716
,,720
,,724
,,728
,,732
,,736
,,740
,,744
,,748
,,752
,,756
,,760
,,764
,,768
,,772
,,776
,,780
,,784
,,788
,,792
,,796
,,800
,,804
,,808
,,812
,,816
,,820
,,824
,,828
,,832
,,836
,,840
,,844
,,848
,,852
,,856
,,860
,,864
,,868
,,872
,,876
,,880
,,884
,,888
,,892
,,896
,,900
,,904
,,908
,,912
,,916
,,920
,,924
,,928
,,932
,,936
,,940
,,944
,,948
,,952
,,956
,,960
,,964
,,968
,,972
,,976
,,980
,,984
,,988
,,992
,,996
,,1000
,,1004
,,1008
,,1012
,,1016
,,1020
59923383720660,RV_VLD,512
59923383720660,RV_VLD,516
59923383720660,RV_VLD,520
59923383720660,RV_VLD,524
59923383720660,RV_VLD,528
59923383720660,RV_VLD,532
59923383720660,RV_VLD,536
59923383720660,RV_VLD,540
59923383720660,RV_VLD,544
59923383720660,RV_VLD,548
59923383720660,RV_VLD,552
59923383720660,RV_VLD,556
59923383720660,RV_VLD,560
59923383720660,RV_VLD,564
59923383720660,RV_VLD,568
59923383720660,RV_VLD,572
59923383720660,RV_VLD,576
59923383720660,RV_VLD,580
59923383720660,RV_VLD,584
59923383720660,RV_VLD,588
59923383720660,RV_VLD,592
59923383720660,RV_VLD,596
59923383720660,RV_VLD,600
59923383720660,RV_VLD,604
59923383720660,RV_VLD,608
59923383720660,RV_VLD,612
59923383720660,RV_VLD,616
59923383720660,RV_VLD,620
59923383720660,RV_VLD,624
59923383720660,RV_VLD,628
59923383720660,RV_VLD,632
59923383720660,RV_VLD,636
59923383720660,RV_VLD,640
59923383720660,RV_VLD,644
59923383720660,RV_VLD,648
59923383720660,RV_VLD,652
59923383720660,RV_VLD,656
59923383720660,RV_VLD,660
59923383720660,RV_VLD,664
59923383720660,RV_VLD,668
59923383720660,RV_VLD,672
59923383720660,RV_VLD,676
59923383720660,RV_VLD,680
59923383720660,RV_VLD,684
59923383720660,RV_VLD,688
59923383720660,RV_VLD,692
59923383720660,RV_VLD,696
59923383720660,RV_VLD,700
59923383720660,RV_VLD,704
59923383720660,RV_VLD,708
59923383720660,RV_VLD,712
59923383720660,RV_VLD,716
59923383720660,RV_VLD,720
59923383720660,RV_VLD,724
59923383720660,RV_VLD,728
59923383720660,RV_VLD,732
59923383720660,RV_VLD,736
59923383720660,RV_VLD,740
59923383720660,RV_VLD,744
59923383720660,RV_VLD,748
59923383720660,RV_VLD,752
59923383720660,RV_VLD,756
59923383720660,RV_VLD,760
59923383720660,RV_VLD,764
59923383720661,RV_VLD,2048
59923383720661,RV_VLD,2052
59923383720661,RV_VLD,2056
59923383720661,RV_VLD,2060
59923383720661,RV_VLD,2064
59923383720661,RV_VLD,2068
59923383720661,RV_VLD,2072
59923383720661,RV_VLD,2076
59923383720661,RV_VLD,2080
59923383720661,RV_VLD,2084
59923383720661,RV_VLD,2088
59923383720661,RV_VLD,2092
59923383720661,RV_VLD,2096
59923383720661,RV_VLD,2100
59923383720661,RV_VLD,2104
59923383720661,RV_VLD,2108
59923383720661,RV_VLD,2112
59923383720661,RV_VLD,2116
59923383720661,RV_VLD,2120
59923383720661,RV_VLD,2124
59923383720661,RV_VLD,2128
59923383720661,RV_VLD,2132
59923383720661,RV_VLD,2136
59923383720661,RV_VLD,2140
59923383720661,RV_VLD,2144
59923383720661,RV_VLD,2148
59923383720661,RV_VLD,2152
59923383720661,RV_VLD,2156
59923383720661,RV_VLD,2160
59923383720661,RV_VLD,2164
59923383720661,RV_VLD,2168
59923383720661,RV_VLD,2172
59923383720661,RV_VLD,2176
59923383720661,RV_VLD,2180
59923383720661,RV_VLD,2184
59923383720661,RV_VLD,2188
59923383720661,RV_VLD,2192
59923383720661,RV_VLD,2196
59923383720661,RV_VLD,2200
59923383720661,RV_VLD,2204
59923383720661,RV_VLD,2208
59923383720661,RV_VLD,2212
59923383720661,RV_VLD,2216
59923383720661,RV_VLD,2220
59923383720661,RV_VLD,2224
59923383720661,RV_VLD,2228
59923383720661,RV_VLD,2232
59923383720661,RV_VLD,2236
59923383720661,RV_VLD,2240
59923383720661,RV_VLD,2244
59923383720661,RV_VLD,2248
59923383720661,RV_VLD,2252
59923383720661,RV_VLD,2256
59923383720661,RV_VLD,2260
59923383720661,RV_VLD,2264
59923383720661,RV_VLD,2268
59923383720661,RV_VLD,2272
59923383720661,RV_VLD,2276
59923383720661,RV_VLD,2280
59923383720661,RV_VLD,2284
59923383720661,RV_VLD,2288
59923383720661,RV_VLD,2292
59923383720661,RV_VLD,2296
59923383720661,RV_VLD,2300
58823872092888,RV_VST,1536
58823872092888,RV_VST,1540
58823872092888,RV_VST,1544
58823872092888,RV_VST,1548
58823872092888,RV_VST,1552
58823872092888,RV_VST,1556
58823872092888,RV_VST,1560
58823872092888,RV_VST,1564
58823872092888,RV_VST,1568
58823872092888,RV_VST,1572
58823872092888,RV_VST,1576
58823872092888,RV_VST,1580
58823872092888,RV_VST,1584
58823872092888,RV_VST,1588
58823872092888,RV_VST,1592
58823872092888,RV_VST,1596
58823872092888,RV_VST,1600
58823872092888,RV_VST,1604
58823872092888,RV_VST,1608
58823872092888,RV_VST,1612
58823872092888,RV_VST,1616
58823872092888,RV_VST,1620
58823872092888,RV_VST,1624
58823872092888,RV_VST,1628
58823872092888,RV_VST,1632
58823872092888,RV_VST,1636
58823872092888,RV_VST,1640
58823872092888,RV_VST,1644
58823872092888,RV_VST,1648
58823872092888,RV_VST,1652
58823872092888,RV_VST,1656
58823872092888,RV_VST,1660
58823872092888,RV_VST,1664
58823872092888,RV_VST,1668
58823872092888,RV_VST,1672
58823872092888,RV_VST,1676
58823872092888,RV_VST,1680
58823872092888,RV_VST,1684
58823872092888,RV_VST,1688
58823872092888,RV_VST,1692
58823872092888,RV_VST,1696
58823872092888,RV_VST,1700
58823872092888,RV_VST,1704
58823872092888,RV_VST,1708
58823872092888,RV_VST,1712
58823872092888,RV_VST,1716
58823872092888,RV_VST,1720
58823872092888,RV_VST,1724
58823872092888,RV_VST,1728
58823872092888,RV_VST,1732
58823872092888,RV_VST,1736
58823872092888,RV_VST,1740
58823872092888,RV_VST,1744
58823872092888,RV_VST,1748
58823872092888,RV_VST,1752
58823872092888,RV_VST,1756
58823872092888,RV_VST,1760
58823872092888,RV_VST,1764
58823872092888,RV_VST,1768
58823872092888,RV_VST,1772
58823872092888,RV_VST,1776
58823872092888,RV_VST,1780
58823872092888,RV_VST,1784
58823872092888,RV_VST,1788
59923383720665,RV_VLD,768
59923383720665,RV_VLD,772
59923383720665,RV_VLD,776
59923383720665,RV_VLD,780
59923383720665,RV_VLD,784
59923383720665,RV_VLD,788
59923383720665,RV_VLD,792
59923383720665,RV_VLD,796
59923383720665,RV_VLD,800
59923383720665,RV_VLD,804
59923383720665,RV_VLD,808
59923383720665,RV_VLD,812
59923383720665,RV_VLD,816
59923383720665,RV_VLD,820
59923383720665,RV_VLD,824
59923383720665,RV_VLD,828
59923383720665,RV_VLD,832
59923383720665,RV_VLD,836
59923383720665,RV_VLD,840
59923383720665,RV_VLD,844
59923383720665,RV_VLD,848
59923383720665,RV_VLD,852
59923383720665,RV_VLD,856
59923383720665,RV_VLD,860
59923383720665,RV_VLD,864
59923383720665,RV_VLD,868
59923383720665,RV_VLD,872
59923383720665,RV_VLD,876
59923383720665,RV_VLD,880
59923383720665,RV_VLD,884
59923383720665,RV_VLD,888
59923383720665,RV_VLD,892
59923383720665,RV_VLD,896
59923383720665,RV_VLD,900
59923383720665,RV_VLD,904
59923383720665,RV_VLD,908
59923383720665,RV_VLD,912
59923383720665,RV_VLD,916
59923383720665,RV_VLD,920
59923383720665,RV_VLD,924
59923383720665,RV_VLD,928
59923383720665,RV_VLD,932
59923383720665,RV_VLD,936
59923383720665,RV_VLD,940
59923383720665,RV_VLD,944
59923383720665,RV_VLD,948
59923383720665,RV_VLD,952
59923383720665,RV_VLD,956
59923383720665,RV_VLD,960
59923383720665,RV_VLD,964
59923383720665,RV_VLD,968
59923383720665,RV_VLD,972
59923383720665,RV_VLD,976
59923383720665,RV_VLD,980
59923383720665,RV_VLD,984
59923383720665,RV_VLD,988
59923383720665,RV_VLD,992
59923383720665,RV_VLD,996
59923383720665,RV_VLD,1000
59923383720665,RV_VLD,1004
59923383720665,RV_VLD,1008
59923383720665,RV_VLD,1012
59923383720665,RV_VLD,1016
59923383720665,RV_VLD,1020
59923383720666,RV_VLD,2304
59923383720666,RV_VLD,2308
59923383720666,RV_VLD,2312
59923383720666,RV_VLD,2316
59923383720666,RV_VLD,2320
59923383720666,RV_VLD,2324
59923383720666,RV_VLD,2328
59923383720666,RV_VLD,2332
59923383720666,RV_VLD,2336
59923383720666,RV_VLD,2340
59923383720666,RV_VLD,2344
59923383720666,RV_VLD,2348
59923383720666,RV_VLD,2352
59923383720666,RV_VLD,2356
59923383720666,RV_VLD,2360
59923383720666,RV_VLD,2364
59923383720666,RV_VLD,2368
59923383720666,RV_VLD,2372
59923383720666,RV_VLD,2376
59923383720666,RV_VLD,2380
59923383720666,RV_VLD,2384
59923383720666,RV_VLD,2388
59923383720666,RV_VLD,2392
59923383720666,RV_VLD,2396
59923383720666,RV_VLD,2400
59923383720666,RV_VLD,2404
59923383720666,RV_VLD,2408
59923383720666,RV_VLD,2412
59923383720666,RV_VLD,2416
59923383720666,RV_VLD,2420
59923383720666,RV_VLD,2424
59923383720666,RV_VLD,2428
59923383720666,RV_VLD,2432
59923383720666,RV_VLD,2436
59923383720666,RV_VLD,2440
59923383720666,RV_VLD,2444
59923383720666,RV_VLD,2448
59923383720666,RV_VLD,2452
59923383720666,RV_VLD,2456
59923383720666,RV_VLD,2460
59923383720666,RV_VLD,2464
59923383720666,RV_VLD,2468
59923383720666,RV_VLD,2472
59923383720666,RV_VLD,2476
59923383720666,RV_VLD,2480
59923383720666,RV_VLD,2484
59923383720666,RV_VLD,2488
59923383720666,RV_VLD,2492
59923383720666,RV_VLD,2496
59923383720666,RV_VLD,2500
59923383720666,RV_VLD,2504
59923383720666,RV_VLD,2508
59923383720666,RV_VLD,2512
59923383720666,RV_VLD,2516
59923383720666,RV_VLD,2520
59923383720666,RV_VLD,2524
59923383720666,RV_VLD,2528
59923383720666,RV_VLD,2532
59923383720666,RV_VLD,2536
59923383720666,RV_VLD,2540
59923383720666,RV_VLD,2544
59923383720666,RV_VLD,2548
59923383720666,RV_VLD,2552
59923383720666,RV_VLD,2556
58823872092893,RV_VST,1792
58823872092893,RV_VST,1796
58823872092893,RV_VST,1800
58823872092893,RV_VST,1804
58823872092893,RV_VST,1808
58823872092893,RV_VST,1812
58823872092893,RV_VST,1816
58823872092893,RV_VST,1820
58823872092893,RV_VST,1824
58823872092893,RV_VST,1828
58823872092893,RV_VST,1832
58823872092893,RV_VST,1836
58823872092893,RV_VST,1840
58823872092893,RV_VST,1844
58823872092893,RV_VST,1848
58823872092893,RV_VST,1852
58823872092893,RV_VST,1856
58823872092893,RV_VST,1860
58823872092893,RV_VST,1864
58823872092893,RV_VST,1868
58823872092893,RV_VST,1872
58823872092893,RV_VST,1876
58823872092893,RV_VST,1880
58823872092893,RV_VST,1884
58823872092893,RV_VST,1888
58823872092893,RV_VST,1892
58823872092893,RV_VST,1896
58823872092893,RV_VST,1900
58823872092893,RV_VST,1904
58823872092893,RV_VST,1908
58823872092893,RV_VST,1912
58823872092893,RV_VST,1916
58823872092893,RV_VST,1920
58823872092893,RV_VST,1924
58823872092893,RV_VST,1928
58823872092893,RV_VST,1932
58823872092893,RV_VST,1936
58823872092893,RV_VST,1940
58823872092893,RV_VST,1944
58823872092893,RV_VST,1948
58823872092893,RV_VST,1952
58823872092893,RV_VST,1956
58823872092893,RV_VST,1960
58823872092893,RV_VST,1964
58823872092893,RV_VST,1968
58823872092893,RV_VST,1972
58823872092893,RV_VST,1976
58823872092893,RV_VST,1980
58823872092893,RV_VST,1984
58823872092893,RV_VST,1988
58823872092893,RV_VST,1992
58823872092893,RV_VST,1996
58823872092893,RV_VST,2000
58823872092893,RV_VST,2004
58823872092893,RV_VST,2008
58823872092893,RV_VST,2012
58823872092893,RV_VST,2016
58823872092893,RV_VST,2020
58823872092893,RV_VST,2024
58823872092893,RV_VST,2028
58823872092893,RV_VST,2032
58823872092893,RV_VST,2036
58823872092893,RV_VST,2040
58823872092893,RV_VST,2044
60198261627672,RV_VLD,512
60198261627672,RV_VLD,516
60198261627672,RV_VLD,520
60198261627672,RV_VLD,524
60198261627672,RV_VLD,528
60198261627672,RV_VLD,532
60198261627672,RV_VLD,536
60198261627672,RV_VLD,540
60198261627672,RV_VLD,544
60198261627672,RV_VLD,548
60198261627672,RV_VLD,552
60198261627672,RV_VLD,556
60198261627672,RV_VLD,560
60198261627672,RV_VLD,564
60198261627672,RV_VLD,568
60198261627672,RV_VLD,572
60198261627672,RV_VLD,576
60198261627672,RV_VLD,580
60198261627672,RV_VLD,584
60198261627672,RV_VLD,588
60198261627672,RV_VLD,592
60198261627672,RV_VLD,596
60198261627672,RV_VLD,600
60198261627672,RV_VLD,604
60198261627672,RV_VLD,608
60198261627672,RV_VLD,612
60198261627672,RV_VLD,616
60198261627672,RV_VLD,620
60198261627672,RV_VLD,624
60198261627672,RV_VLD,628
60198261627672,RV_VLD,632
60198261627672,RV_VLD,636
60198261627672,RV_VLD,640
60198261627672,RV_VLD,644
60198261627672,RV_VLD,648
60198261627672,RV_VLD,652
60198261627672,RV_VLD,656
60198261627672,RV_VLD,660
60198261627672,RV_VLD,664
60198261627672,RV_VLD,668
60198261627672,RV_VLD,672
60198261627672,RV_VLD,676
60198261627672,RV_VLD,680
60198261627672,RV_VLD,684
60198261627672,RV_VLD,688
60198261627672,RV_VLD,692
60198261627672,RV_VLD,696
60198261627672,RV_VLD,700
60198261627672,RV_VLD,704
60198261627672,RV_VLD,708
60198261627672,RV_VLD,712
60198261627672,RV_VLD,716
60198261627672,RV_VLD,720
60198261627672,RV_VLD,724
60198261627672,RV_VLD,728
60198261627672,RV_VLD,732
60198261627672,RV_VLD,736
60198261627672,RV_VLD,740
60198261627672,RV_VLD,744
60198261627672,RV_VLD,748
60198261627672,RV_VLD,752
60198261627672,RV_VLD,756
60198261627672,RV_VLD,760
60198261627672,RV_VLD,764
59098749999899,RV_VST,2048
59098749999899,RV_VST,2052
59098749999899,RV_VST,2056
59098749999899,RV_VST,2060
59098749999899,RV_VST,2064
59098749999899,RV_VST,2068
59098749999899,RV_VST,2072
59098749999899,RV_VST,2076
59098749999899,RV_VST,2080
59098749999899,RV_VST,2084
59098749999899,RV_VST,2088
59098749999899,RV_VST,2092
59098749999899,RV_VST,2096
59098749999899,RV_VST,2100
59098749999899,RV_VST,2104
59098749999899,RV_VST,2108
59098749999899,RV_VST,2112
59098749999899,RV_VST,2116
59098749999899,RV_VST,2120
59098749999899,RV_VST,2124
59098749999899,RV_VST,2128
59098749999899,RV_VST,2132
59098749999899,RV_VST,2136
59098749999899,RV_VST,2140
59098749999899,RV_VST,2144
59098749999899,RV_VST,2148
59098749999899,RV_VST,2152
59098749999899,RV_VST,2156
59098749999899,RV_VST,2160
59098749999899,RV_VST,2164
59098749999899,RV_VST,2168
59098749999899,RV_VST,2172
59098749999899,RV_VST,2176
59098749999899,RV_VST,2180
59098749999899,RV_VST,2184
59098749999899,RV_VST,2188
59098749999899,RV_VST,2192
59098749999899,RV_VST,2196
59098749999899,RV_VST,2200
59098749999899,RV_VST,2204
59098749999899,RV_VST,2208
59098749999899,RV_VST,2212
59098749999899,RV_VST,2216
59098749999899,RV_VST,2220
59098749999899,RV_VST,2224
59098749999899,RV_VST,2228
59098749999899,RV_VST,2232
59098749999899,RV_VST,2236
59098749999899,RV_VST,2240
59098749999899,RV_VST,2244
59098749999899,RV_VST,2248
59098749999899,RV_VST,2252
59098749999899,RV_VST,2256
59098749999899,RV_VST,2260
59098749999899,RV_VST,2264
59098749999899,RV_VST,2268
59098749999899,RV_VST,2272
59098749999899,RV_VST,2276
59098749999899,RV_VST,2280
59098749999899,RV_VST,2284
59098749999899,RV_VST,2288
59098749999899,RV_VST,2292
59098749999899,RV_VST,2296
59098749999899,RV_VST,2300
,,0
,,4
,,8
,,12
,,16
,,20
,,24
,,28
,,32
,,36
,,40
,,44
,,48
,,52
,,56
,,60
,,64
,,68
,,72
,,76
,,80
,,84
,,88
,,92
,,96
,,100
,,104
,,108
,,112
,,116
,,120
,,124
,,128
,,132
,,136
,,140
,,144
,,148
,,152
,,156
,,160
,,164
,,168
,,172
,,176
,,180
,,184
,,188
,,192
,,196
,,200
,,204
,,208
,,212
,,216
,,220
,,224
,,228
,,232
,,236
,,240
,,244
,,248
,,252
,,256
,,260
,,264
,,268
,,272
,,276
,,280
,,284
,,288
,,292
,,296
,,300
,,304
,,308
,,312
,,316
,,320
,,324
,,328
,,332
,,336
,,340
,,344
,,348
,,352
,,356
,,360
,,364
,,368
,,372
,,376
,,380
,,384
,,388
,,392
,,396
,,400
,,404
,,408
,,412
,,416
,,420
,,424
,,428
,,432
,,436
,,440
,,444
,,448
,,452
,,456
,,460
,,464
,,468
,,472
,,476
,,480
,,484
,,488
,,492
,,496
,,500
,,504
,,508
60198261627677,RV_VLD,768
60198261627677,RV_VLD,772
60198261627677,RV_VLD,776
60198261627677,RV_VLD,780
60198261627677,RV_VLD,784
60198261627677,RV_VLD,788
60198261627677,RV_VLD,792
60198261627677,RV_VLD,796
60198261627677,RV_VLD,800
60198261627677,RV_VLD,804
60198261627677,RV_VLD,808
60198261627677,RV_VLD,812
60198261627677,RV_VLD,816
60198261627677,RV_VLD,820
60198261627677,RV_VLD,824
60198261627677,RV_VLD,828
60198261627677,RV_VLD,832
60198261627677,RV_VLD,836
60198261627677,RV_VLD,840
60198261627677,RV_VLD,844
60198261627677,RV_VLD,848
60198261627677,RV_VLD,852
60198261627677,RV_VLD,856
60198261627677,RV_VLD,860
60198261627677,RV_VLD,864
60198261627677,RV_VLD,868
60198261627677,RV_VLD,872
60198261627677,RV_VLD,876
60198261627677,RV_VLD,880
60198261627677,RV_VLD,884
60198261627677,RV_VLD,888
60198261627677,RV_VLD,892
60198261627677,RV_VLD,896
60198261627677,RV_VLD,900
60198261627677,RV_VLD,904
60198261627677,RV_VLD,908
60198261627677,RV_VLD,912
60198261627677,RV_VLD,916
60198261627677,RV_VLD,920
60198261627677,RV_VLD,924
60198261627677,RV_VLD,928
60198261627677,RV_VLD,932
60198261627677,RV_VLD,936
60198261627677,RV_VLD,940
60198261627677,RV_VLD,944
60198261627677,RV_VLD,948
60198261627677,RV_VLD,952
60198261627677,RV_VLD,956
60198261627677,RV_VLD,960
60198261627677,RV_VLD,964
60198261627677,RV_VLD,968
60198261627677,RV_VLD,972
60198261627677,RV_VLD,976
60198261627677,RV_VLD,980
60198261627677,RV_VLD,984
60198261627677,RV_VLD,988
60198261627677,RV_VLD,992
60198261627677,RV_VLD,996
60198261627677,RV_VLD,1000
60198261627677,RV_VLD,1004
60198261627677,RV_VLD,1008
60198261627677,RV_VLD,1012
60198261627677,RV_VLD,1016
60198261627677,RV_VLD,1020
59098749999904,RV_VST,2304
59098749999904,RV_VST,2308
59098749999904,RV_VST,2312
59098749999904,RV_VST,2316
59098749999904,RV_VST,2320
59098749999904,RV_VST,2324
59098749999904,RV_VST,2328
59098749999904,RV_VST,2332
59098749999904,RV_VST,2336
59098749999904,RV_VST,2340
59098749999904,RV_VST,2344
59098749999904,RV_VST,2348
59098749999904,RV_VST,2352
59098749999904,RV_VST,2356
59098749999904,RV_VST,2360
59098749999904,RV_VST,2364
59098749999904,RV_VST,2368
59098749999904,RV_VST,2372
59098749999904,RV_VST,2376
59098749999904,RV_VST,2380
59098749999904,RV_VST,2384
59098749999904,RV_VST,2388
59098749999904,RV_VST,2392
59098749999904,RV_VST,2396
59098749999904,RV_VST,2400
59098749999904,RV_VST,2404
59098749999904,RV_VST,2408
59098749999904,RV_VST,2412
59098749999904,RV_VST,2416
59098749999904,RV_VST,2420
59098749999904,RV_VST,2424
59098749999904,RV_VST,2428
59098749999904,RV_VST,2432
59098749999904,RV_VST,2436
59098749999904,RV_VST,2440
59098749999904,RV_VST,2444
59098749999904,RV_VST,2448
59098749999904,RV_VST,2452
59098749999904,RV_VST,2456
59098749999904,RV_VST,2460
59098749999904,RV_VST,2464
59098749999904,RV_VST,2468
59098749999904,RV_VST,2472
59098749999904,RV_VST,2476
59098749999904,RV_VST,2480
59098749999904,RV_VST,2484
59098749999904,RV_VST,2488
59098749999904,RV_VST,2492
59098749999904,RV_VST,2496
59098749999904,RV_VST,2500
59098749999904,RV_VST,2504
59098749999904,RV_VST,2508
59098749999904,RV_VST,2512
59098749999904,RV_VST,2516
59098749999904,RV_VST,2520
59098749999904,RV_VST,2524
59098749999904,RV_VST,2528
59098749999904,RV_VST,2532
59098749999904,RV_VST,2536
59098749999904,RV_VST,2540
59098749999904,RV_VST,2544
59098749999904,RV_VST,2548
59098749999904,RV_VST,2552
59098749999904,RV_VST,2556
60198261627707,RV_VLD,2048
60198261627707,RV_VLD,2052
60198261627707,RV_VLD,2056
60198261627707,RV_VLD,2060
60198261627707,RV_VLD,2064
60198261627707,RV_VLD,2068
60198261627707,RV_VLD,2072
60198261627707,RV_VLD,2076
60198261627707,RV_VLD,2080
60198261627707,RV_VLD,2084
60198261627707,RV_VLD,2088
60198261627707,RV_VLD,2092
60198261627707,RV_VLD,2096
60198261627707,RV_VLD,2100
60198261627707,RV_VLD,2104
60198261627707,RV_VLD,2108
60198261627707,RV_VLD,2112
60198261627707,RV_VLD,2116
60198261627707,RV_VLD,2120
60198261627707,RV_VLD,2124
60198261627707,RV_VLD,2128
60198261627707,RV_VLD,2132
60198261627707,RV_VLD,2136
60198261627707,RV_VLD,2140
60198261627707,RV_VLD,2144
60198261627707,RV_VLD,2148
60198261627707,RV_VLD,2152
60198261627707,RV_VLD,2156
60198261627707,RV_VLD,2160
60198261627707,RV_VLD,2164
60198261627707,RV_VLD,2168
60198261627707,RV_VLD,2172
60198261627707,RV_VLD,2176
60198261627707,RV_VLD,2180
60198261627707,RV_VLD,2184
60198261627707,RV_VLD,2188
60198261627707,RV_VLD,2192
60198261627707,RV_VLD,2196
60198261627707,RV_VLD,2200
60198261627707,RV_VLD,2204
60198261627707,RV_VLD,2208
60198261627707,RV_VLD,2212
60198261627707,RV_VLD,2216
60198261627707,RV_VLD,2220
60198261627707,RV_VLD,2224
60198261627707,RV_VLD,2228
60198261627707,RV_VLD,2232
60198261627707,RV_VLD,2236
60198261627707,RV_VLD,2240
60198261627707,RV_VLD,2244
60198261627707,RV_VLD,2248
60198261627707,RV_VLD,2252
60198261627707,RV_VLD,2256
60198261627707,RV_VLD,2260
60198261627707,RV_VLD,2264
60198261627707,RV_VLD,2268
60198261627707,RV_VLD,2272
60198261627707,RV_VLD,2276
60198261627707,RV_VLD,2280
60198261627707,RV_VLD,2284
60198261627707,RV_VLD,2288
60198261627707,RV_VLD,2292
60198261627707,RV_VLD,2296
60198261627707,RV_VLD,2300
59098749999935,RV_VST,2048
59098749999935,RV_VST,2052
59098749999935,RV_VST,2056
59098749999935,RV_VST,2060
59098749999935,RV_VST,2064
59098749999935,RV_VST,2068
59098749999935,RV_VST,2072
59098749999935,RV_VST,2076
59098749999935,RV_VST,2080
59098749999935,RV_VST,2084
59098749999935,RV_VST,2088
59098749999935,RV_VST,2092
59098749999935,RV_VST,2096
59098749999935,RV_VST,2100
59098749999935,RV_VST,2104
59098749999935,RV_VST,2108
59098749999935,RV_VST,2112
59098749999935,RV_VST,2116
59098749999935,RV_VST,2120
59098749999935,RV_VST,2124
59098749999935,RV_VST,2128
59098749999935,RV_VST,2132
59098749999935,RV_VST,2136
59098749999935,RV_VST,2140
59098749999935,RV_VST,2144
59098749999935,RV_VST,2148
59098749999935,RV_VST,2152
59098749999935,RV_VST,2156
59098749999935,RV_VST,2160
59098749999935,RV_VST,2164
59098749999935,RV_VST,2168
59098749999935,RV_VST,2172
59098749999935,RV_VST,2176
59098749999935,RV_VST,2180
59098749999935,RV_VST,2184
59098749999935,RV_VST,2188
59098749999935,RV_VST,2192
59098749999935,RV_VST,2196
59098749999935,RV_VST,2200
59098749999935,RV_VST,2204
59098749999935,RV_VST,2208
59098749999935,RV_VST,2212
59098749999935,RV_VST,2216
59098749999935,RV_VST,2220
59098749999935,RV_VST,2224
59098749999935,RV_VST,2228
59098749999935,RV_VST,2232
59098749999935,RV_VST,2236
59098749999935,RV_VST,2240
59098749999935,RV_VST,2244
59098749999935,RV_VST,2248
59098749999935,RV_VST,2252
59098749999935,RV_VST,2256
59098749999935,RV_VST,2260
59098749999935,RV_VST,2264
59098749999935,RV_VST,2268
59098749999935,RV_VST,2272
59098749999935,RV_VST,2276
59098749999935,RV_VST,2280
59098749999935,RV_VST,2284
59098749999935,RV_VST,2288
59098749999935,RV_VST,2292
59098749999935,RV_VST,2296
59098749999935,RV_VST,2300
60198261627717,RV_VLD,2304
60198261627717,RV_VLD,2308
60198261627717,RV_VLD,2312
60198261627717,RV_VLD,2316
60198261627717,RV_VLD,2320
60198261627717,RV_VLD,2324
60198261627717,RV_VLD,2328
60198261627717,RV_VLD,2332
60198261627717,RV_VLD,2336
60198261627717,RV_VLD,2340
60198261627717,RV_VLD,2344
60198261627717,RV_VLD,2348
60198261627717,RV_VLD,2352
60198261627717,RV_VLD,2356
60198261627717,RV_VLD,2360
60198261627717,RV_VLD,2364
60198261627717,RV_VLD,2368
60198261627717,RV_VLD,2372
60198261627717,RV_VLD,2376
60198261627717,RV_VLD,2380
60198261627717,RV_VLD,2384
60198261627717,RV_VLD,2388
60198261627717,RV_VLD,2392
60198261627717,RV_VLD,2396
60198261627717,RV_VLD,2400
60198261627717,RV_VLD,2404
60198261627717,RV_VLD,2408
60198261627717,RV_VLD,2412
60198261627717,RV_VLD,2416
60198261627717,RV_VLD,2420
60198261627717,RV_VLD,2424
60198261627717,RV_VLD,2428
60198261627717,RV_VLD,2432
60198261627717,RV_VLD,2436
60198261627717,RV_VLD,2440
60198261627717,RV_VLD,2444
60198261627717,RV_VLD,2448
60198261627717,RV_VLD,2452
60198261627717,RV_VLD,2456
60198261627717,RV_VLD,2460
60198261627717,RV_VLD,2464
60198261627717,RV_VLD,2468
60198261627717,RV_VLD,2472
60198261627717,RV_VLD,2476
60198261627717,RV_VLD,2480
60198261627717,RV_VLD,2484
60198261627717,RV_VLD,2488
60198261627717,RV_VLD,2492
60198261627717,RV_VLD,2496
60198261627717,RV_VLD,2500
60198261627717,RV_VLD,2504
60198261627717,RV_VLD,2508
60198261627717,RV_VLD,2512
60198261627717,RV_VLD,2516
60198261627717,RV_VLD,2520
60198261627717,RV_VLD,2524
60198261627717,RV_VLD,2528
60198261627717,RV_VLD,2532
60198261627717,RV_VLD,2536
60198261627717,RV_VLD,2540
60198261627717,RV_VLD,2544
60198261627717,RV_VLD,2548
60198261627717,RV_VLD,2552
60198261627717,RV_VLD,2556
59098749999945,RV_VST,2304
59098749999945,RV_VST,2308
59098749999945,RV_VST,2312
59098749999945,RV_VST,2316
59098749999945,RV_VST,2320
59098749999945,RV_VST,2324
59098749999945,RV_VST,2328
59098749999945,RV_VST,2332
59098749999945,RV_VST,2336
59098749999945,RV_VST,2340
59098749999945,RV_VST,2344
59098749999945,RV_VST,2348
59098749999945,RV_VST,2352
59098749999945,RV_VST,2356
59098749999945,RV_VST,2360
59098749999945,RV_VST,2364
59098749999945,RV_VST,2368
59098749999945,RV_VST,2372
59098749999945,RV_VST,2376
59098749999945,RV_VST,2380
59098749999945,RV_VST,2384
59098749999945,RV_VST,2388
59098749999945,RV_VST,2392
59098749999945,RV_VST,2396
59098749999945,RV_VST,2400
59098749999945,RV_VST,2404
59098749999945,RV_VST,2408
59098749999945,RV_VST,2412
59098749999945,RV_VST,2416
59098749999945,RV_VST,2420
59098749999945,RV_VST,2424
59098749999945,RV_VST,2428
59098749999945,RV_VST,2432
59098749999945,RV_VST,2436
59098749999945,RV_VST,2440
59098749999945,RV_VST,2444
59098749999945,RV_VST,2448
59098749999945,RV_VST,2452
59098749999945,RV_VST,2456
59098749999945,RV_VST,2460
59098749999945,RV_VST,2464
59098749999945,RV_VST,2468
59098749999945,RV_VST,2472
59098749999945,RV_VST,2476
59098749999945,RV_VST,2480
59098749999945,RV_VST,2484
59098749999945,RV_VST,2488
59098749999945,RV_VST,2492
59098749999945,RV_VST,2496
59098749999945,RV_VST,2500
59098749999945,RV_VST,2504
59098749999945,RV_VST,2508
59098749999945,RV_VST,2512
59098749999945,RV_VST,2516
59098749999945,RV_VST,2520
59098749999945,RV_VST,2524
59098749999945,RV_VST,2528
59098749999945,RV_VST,2532
59098749999945,RV_VST,2536
59098749999945,RV_VST,2540
59098749999945,RV_VST,2544
59098749999945,RV_VST,2548
59098749999945,RV_VST,2552
59098749999945,RV_VST,2556
60198261627744,RV_VLD,2048
60198261627744,RV_VLD,2052
60198261627744,RV_VLD,2056
60198261627744,RV_VLD,2060
60198261627744,RV_VLD,2064
60198261627744,RV_VLD,2068
60198261627744,RV_VLD,2072
60198261627744,RV_VLD,2076
60198261627744,RV_VLD,2080
60198261627744,RV_VLD,2084
60198261627744,RV_VLD,2088
60198261627744,RV_VLD,2092
60198261627744,RV_VLD,2096
60198261627744,RV_VLD,2100
60198261627744,RV_VLD,2104
60198261627744,RV_VLD,2108
60198261627744,RV_VLD,2112
60198261627744,RV_VLD,2116
60198261627744,RV_VLD,2120
60198261627744,RV_VLD,2124
60198261627744,RV_VLD,2128
60198261627744,RV_VLD,2132
60198261627744,RV_VLD,2136
60198261627744,RV_VLD,2140
60198261627744,RV_VLD,2144
60198261627744,RV_VLD,2148
60198261627744,RV_VLD,2152
60198261627744,RV_VLD,2156
60198261627744,RV_VLD,2160
60198261627744,RV_VLD,2164
60198261627744,RV_VLD,2168
60198261627744,RV_VLD,2172
60198261627744,RV_VLD,2176
60198261627744,RV_VLD,2180
60198261627744,RV_VLD,2184
60198261627744,RV_VLD,2188
60198261627744,RV_VLD,2192
60198261627744,RV_VLD,2196
60198261627744,RV_VLD,2200
60198261627744,RV_VLD,2204
60198261627744,RV_VLD,2208
60198261627744,RV_VLD,2212
60198261627744,RV_VLD,2216
60198261627744,RV_VLD,2220
60198261627744,RV_VLD,2224
60198261627744,RV_VLD,2228
60198261627744,RV_VLD,2232
60198261627744,RV_VLD,2236
60198261627744,RV_VLD,2240
60198261627744,RV_VLD,2244
60198261627744,RV_VLD,2248
60198261627744,RV_VLD,2252
60198261627744,RV_VLD,2256
60198261627744,RV_VLD,2260
60198261627744,RV_VLD,2264
60198261627744,RV_VLD,2268
60198261627744,RV_VLD,2272
60198261627744,RV_VLD,2276
60198261627744,RV_VLD,2280
60198261627744,RV_VLD,2284
60198261627744,RV_VLD,2288
60198261627744,RV_VLD,2292
60198261627744,RV_VLD,2296
60198261627744,RV_VLD,2300
60198261627745,RV_VLD,512
60198261627745,RV_VLD,516
60198261627745,RV_VLD,520
60198261627745,RV_VLD,524
60198261627745,RV_VLD,528
60198261627745,RV_VLD,532
60198261627745,RV_VLD,536
60198261627745,RV_VLD,540
60198261627745,RV_VLD,544
60198261627745,RV_VLD,548
60198261627745,RV_VLD,552
60198261627745,RV_VLD,556
60198261627745,RV_VLD,560
60198261627745,RV_VLD,564
60198261627745,RV_VLD,568
60198261627745,RV_VLD,572
60198261627745,RV_VLD,576
60198261627745,RV_VLD,580
60198261627745,RV_VLD,584
60198261627745,RV_VLD,588
60198261627745,RV_VLD,592
60198261627745,RV_VLD,596
60198261627745,RV_VLD,600
60198261627745,RV_VLD,604
60198261627745,RV_VLD,608
60198261627745,RV_VLD,612
60198261627745,RV_VLD,616
60198261627745,RV_VLD,620
60198261627745,RV_VLD,624
60198261627745,RV_VLD,628
60198261627745,RV_VLD,632
60198261627745,RV_VLD,636
60198261627745,RV_VLD,640
60198261627745,RV_VLD,644
60198261627745,RV_VLD,648
60198261627745,RV_VLD,652
60198261627745,RV_VLD,656
60198261627745,RV_VLD,660
60198261627745,RV_VLD,664
60198261627745,RV_VLD,668
60198261627745,RV_VLD,672
60198261627745,RV_VLD,676
60198261627745,RV_VLD,680
60198261627745,RV_VLD,684
60198261627745,RV_VLD,688
60198261627745,RV_VLD,692
60198261627745,RV_VLD,696
60198261627745,RV_VLD,700
60198261627745,RV_VLD,704
60198261627745,RV_VLD,708
60198261627745,RV_VLD,712
60198261627745,RV_VLD,716
60198261627745,RV_VLD,720
60198261627745,RV_VLD,724
60198261627745,RV_VLD,728
60198261627745,RV_VLD,732
60198261627745,RV_VLD,736
60198261627745,RV_VLD,740
60198261627745,RV_VLD,744
60198261627745,RV_VLD,748
60198261627745,RV_VLD,752
60198261627745,RV_VLD,756
60198261627745,RV_VLD,760
60198261627745,RV_VLD,764
59098749999972,RV_VST,2048
59098749999972,RV_VST,2052
59098749999972,RV_VST,2056
59098749999972,RV_VST,2060
59098749999972,RV_VST,2064
59098749999972,RV_VST,2068
59098749999972,RV_VST,2072
59098749999972,RV_VST,2076
59098749999972,RV_VST,2080
59098749999972,RV_VST,2084
59098749999972,RV_VST,2088
59098749999972,RV_VST,2092
59098749999972,RV_VST,2096
59098749999972,RV_VST,2100
59098749999972,RV_VST,2104
59098749999972,RV_VST,2108
59098749999972,RV_VST,2112
59098749999972,RV_VST,2116
59098749999972,RV_VST,2120
59098749999972,RV_VST,2124
59098749999972,RV_VST,2128
59098749999972,RV_VST,2132
59098749999972,RV_VST,2136
59098749999972,RV_VST,2140
59098749999972,RV_VST,2144
59098749999972,RV_VST,2148
59098749999972,RV_VST,2152
59098749999972,RV_VST,2156
59098749999972,RV_VST,2160
59098749999972,RV_VST,2164
59098749999972,RV_VST,2168
59098749999972,RV_VST,2172
59098749999972,RV_VST,2176
59098749999972,RV_VST,2180
59098749999972,RV_VST,2184
59098749999972,RV_VST,2188
59098749999972,RV_VST,2192
59098749999972,RV_VST,2196
59098749999972,RV_VST,2200
59098749999972,RV_VST,2204
59098749999972,RV_VST,2208
59098749999972,RV_VST,2212
59098749999972,RV_VST,2216
59098749999972,RV_VST,2220
59098749999972,RV_VST,2224
59098749999972,RV_VST,2228
59098749999972,RV_VST,2232
59098749999972,RV_VST,2236
59098749999972,RV_VST,2240
59098749999972,RV_VST,2244
59098749999972,RV_VST,2248
59098749999972,RV_VST,2252
59098749999972,RV_VST,2256
59098749999972,RV_VST,2260
59098749999972,RV_VST,2264
59098749999972,RV_VST,2268
59098749999972,RV_VST,2272
59098749999972,RV_VST,2276
59098749999972,RV_VST,2280
59098749999972,RV_VST,2284
59098749999972,RV_VST,2288
59098749999972,RV_VST,2292
59098749999972,RV_VST,2296
59098749999972,RV_VST,2300
60198261627750,RV_VLD,2304
60198261627750,RV_VLD,2308
60198261627750,RV_VLD,2312
60198261627750,RV_VLD,2316
60198261627750,RV_VLD,2320
60198261627750,RV_VLD,2324
60198261627750,RV_VLD,2328
60198261627750,RV_VLD,2332
60198261627750,RV_VLD,2336
60198261627750,RV_VLD,2340
60198261627750,RV_VLD,2344
60198261627750,RV_VLD,2348
60198261627750,RV_VLD,2352
60198261627750,RV_VLD,2356
60198261627750,RV_VLD,2360
60198261627750,RV_VLD,2364
60198261627750,RV_VLD,2368
60198261627750,RV_VLD,2372
60198261627750,RV_VLD,2376
60198261627750,RV_VLD,2380
60198261627750,RV_VLD,2384
60198261627750,RV_VLD,2388
60198261627750,RV_VLD,2392
60198261627750,RV_VLD,2396
60198261627750,RV_VLD,2400
60198261627750,RV_VLD,2404
60198261627750,RV_VLD,2408
60198261627750,RV_VLD,2412
60198261627750,RV_VLD,2416
60198261627750,RV_VLD,2420
60198261627750,RV_VLD,2424
60198261627750,RV_VLD,2428
60198261627750,RV_VLD,2432
60198261627750,RV_VLD,2436
60198261627750,RV_VLD,2440
60198261627750,RV_VLD,2444
60198261627750,RV_VLD,2448
60198261627750,RV_VLD,2452
60198261627750,RV_VLD,2456
60198261627750,RV_VLD,2460
60198261627750,RV_VLD,2464
60198261627750,RV_VLD,2468
60198261627750,RV_VLD,2472
60198261627750,RV_VLD,2476
60198261627750,RV_VLD,2480
60198261627750,RV_VLD,2484
60198261627750,RV_VLD,2488
60198261627750,RV_VLD,2492
60198261627750,RV_VLD,2496
60198261627750,RV_VLD,2500
60198261627750,RV_VLD,2504
60198261627750,RV_VLD,2508
60198261627750,RV_VLD,2512
60198261627750,RV_VLD,2516
60198261627750,RV_VLD,2520
60198261627750,RV_VLD,2524
60198261627750,RV_VLD,2528
60198261627750,RV_VLD,2532
60198261627750,RV_VLD,2536
60198261627750,RV_VLD,2540
60198261627750,RV_VLD,2544
60198261627750,RV_VLD,2548
60198261627750,RV_VLD,2552
60198261627750,RV_VLD,2556
60198261627751,RV_VLD,768
60198261627751,RV_VLD,772
60198261627751,RV_VLD,776
60198261627751,RV_VLD,780
60198261627751,RV_VLD,784
60198261627751,RV_VLD,788
60198261627751,RV_VLD,792
60198261627751,RV_VLD,796
60198261627751,RV_VLD,800
60198261627751,RV_VLD,804
60198261627751,RV_VLD,808
60198261627751,RV_VLD,812
60198261627751,RV_VLD,816
60198261627751,RV_VLD,820
60198261627751,RV_VLD,824
60198261627751,RV_VLD,828
60198261627751,RV_VLD,832
60198261627751,RV_VLD,836
60198261627751,RV_VLD,840
60198261627751,RV_VLD,844
60198261627751,RV_VLD,848
60198261627751,RV_VLD,852
60198261627751,RV_VLD,856
60198261627751,RV_VLD,860
60198261627751,RV_VLD,864
60198261627751,RV_VLD,868
60198261627751,RV_VLD,872
60198261627751,RV_VLD,876
60198261627751,RV_VLD,880
60198261627751,RV_VLD,884
60198261627751,RV_VLD,888
60198261627751,RV_VLD,892
60198261627751,RV_VLD,896
60198261627751,RV_VLD,900
60198261627751,RV_VLD,904
60198261627751,RV_VLD,908
60198261627751,RV_VLD,912
60198261627751,RV_VLD,916
60198261627751,RV_VLD,920
60198261627751,RV_VLD,924
60198261627751,RV_VLD,928
60198261627751,RV_VLD,932
60198261627751,RV_VLD,936
60198261627751,RV_VLD,940
60198261627751,RV_VLD,944
60198261627751,RV_VLD,948
60198261627751,RV_VLD,952
60198261627751,RV_VLD,956
60198261627751,RV_VLD,960
60198261627751,RV_VLD,964
60198261627751,RV_VLD,968
60198261627751,RV_VLD,972
60198261627751,RV_VLD,976
60198261627751,RV_VLD,980
60198261627751,RV_VLD,984
60198261627751,RV_VLD,988
60198261627751,RV_VLD,992
60198261627751,RV_VLD,996
60198261627751,RV_VLD,1000
60198261627751,RV_VLD,1004
60198261627751,RV_VLD,1008
60198261627751,RV_VLD,1012
60198261627751,RV_VLD,1016
60198261627751,RV_VLD,1020
59098749999978,RV_VST,2304
59098749999978,RV_VST,2308
59098749999978,RV_VST,2312
59098749999978,RV_VST,2316
59098749999978,RV_VST,2320
59098749999978,RV_VST,2324
59098749999978,RV_VST,2328
59098749999978,RV_VST,2332
59098749999978,RV_VST,2336
59098749999978,RV_VST,2340
59098749999978,RV_VST,2344
59098749999978,RV_VST,2348
59098749999978,RV_VST,2352
59098749999978,RV_VST,2356
59098749999978,RV_VST,2360
59098749999978,RV_VST,2364
59098749999978,RV_VST,2368
59098749999978,RV_VST,2372
59098749999978,RV_VST,2376
59098749999978,RV_VST,2380
59098749999978,RV_VST,2384
59098749999978,RV_VST,2388
59098749999978,RV_VST,2392
59098749999978,RV_VST,2396
59098749999978,RV_VST,2400
59098749999978,RV_VST,2404
59098749999978,RV_VST,2408
59098749999978,RV_VST,2412
59098749999978,RV_VST,2416
59098749999978,RV_VST,2420
59098749999978,RV_VST,2424
59098749999978,RV_VST,2428
59098749999978,RV_VST,2432
59098749999978,RV_VST,2436
59098749999978,RV_VST,2440
59098749999978,RV_VST,2444
59098749999978,RV_VST,2448
59098749999978,RV_VST,2452
59098749999978,RV_VST,2456
59098749999978,RV_VST,2460
59098749999978,RV_VST,2464
59098749999978,RV_VST,2468
59098749999978,RV_VST,2472
59098749999978,RV_VST,2476
59098749999978,RV_VST,2480
59098749999978,RV_VST,2484
59098749999978,RV_VST,2488
59098749999978,RV_VST,2492
59098749999978,RV_VST,2496
59098749999978,RV_VST,2500
59098749999978,RV_VST,2504
59098749999978,RV_VST,2508
59098749999978,RV_VST,2512
59098749999978,RV_VST,2516
59098749999978,RV_VST,2520
59098749999978,RV_VST,2524
59098749999978,RV_VST,2528
59098749999978,RV_VST,2532
59098749999978,RV_VST,2536
59098749999978,RV_VST,2540
59098749999978,RV_VST,2544
59098749999978,RV_VST,2548
59098749999978,RV_VST,2552
59098749999978,RV_VST,2556
60198261627794,RV_VLD,2048
60198261627794,RV_VLD,2052
60198261627794,RV_VLD,2056
60198261627794,RV_VLD,2060
60198261627794,RV_VLD,2064
60198261627794,RV_VLD,2068
60198261627794,RV_VLD,2072
60198261627794,RV_VLD,2076
60198261627794,RV_VLD,2080
60198261627794,RV_VLD,2084
60198261627794,RV_VLD,2088
60198261627794,RV_VLD,2092
60198261627794,RV_VLD,2096
60198261627794,RV_VLD,2100
60198261627794,RV_VLD,2104
60198261627794,RV_VLD,2108
60198261627794,RV_VLD,2112
60198261627794,RV_VLD,2116
60198261627794,RV_VLD,2120
60198261627794,RV_VLD,2124
60198261627794,RV_VLD,2128
60198261627794,RV_VLD,2132
60198261627794,RV_VLD,2136
60198261627794,RV_VLD,2140
60198261627794,RV_VLD,2144
60198261627794,RV_VLD,2148
60198261627794,RV_VLD,2152
60198261627794,RV_VLD,2156
60198261627794,RV_VLD,2160
60198261627794,RV_VLD,2164
60198261627794,RV_VLD,2168
60198261627794,RV_VLD,2172
60198261627794,RV_VLD,2176
60198261627794,RV_VLD,2180
60198261627794,RV_VLD,2184
60198261627794,RV_VLD,2188
60198261627794,RV_VLD,2192
60198261627794,RV_VLD,2196
60198261627794,RV_VLD,2200
60198261627794,RV_VLD,2204
60198261627794,RV_VLD,2208
60198261627794,RV_VLD,2212
60198261627794,RV_VLD,2216
60198261627794,RV_VLD,2220
60198261627794,RV_VLD,2224
60198261627794,RV_VLD,2228
60198261627794,RV_VLD,2232
60198261627794,RV_VLD,2236
60198261627794,RV_VLD,2240
60198261627794,RV_VLD,2244
60198261627794,RV_VLD,2248
60198261627794,RV_VLD,2252
60198261627794,RV_VLD,2256
60198261627794,RV_VLD,2260
60198261627794,RV_VLD,2264
60198261627794,RV_VLD,2268
60198261627794,RV_VLD,2272
60198261627794,RV_VLD,2276
60198261627794,RV_VLD,2280
60198261627794,RV_VLD,2284
60198261627794,RV_VLD,2288
60198261627794,RV_VLD,2292
60198261627794,RV_VLD,2296
60198261627794,RV_VLD,2300
59098750000022,RV_VST,2048
59098750000022,RV_VST,2052
59098750000022,RV_VST,2056
59098750000022,RV_VST,2060
59098750000022,RV_VST,2064
59098750000022,RV_VST,2068
59098750000022,RV_VST,2072
59098750000022,RV_VST,2076
59098750000022,RV_VST,2080
59098750000022,RV_VST,2084
59098750000022,RV_VST,2088
59098750000022,RV_VST,2092
59098750000022,RV_VST,2096
59098750000022,RV_VST,2100
59098750000022,RV_VST,2104
59098750000022,RV_VST,2108
59098750000022,RV_VST,2112
59098750000022,RV_VST,2116
59098750000022,RV_VST,2120
59098750000022,RV_VST,2124
59098750000022,RV_VST,2128
59098750000022,RV_VST,2132
59098750000022,RV_VST,2136
59098750000022,RV_VST,2140
59098750000022,RV_VST,2144
59098750000022,RV_VST,2148
59098750000022,RV_VST,2152
59098750000022,RV_VST,2156
59098750000022,RV_VST,2160
59098750000022,RV_VST,2164
59098750000022,RV_VST,2168
59098750000022,RV_VST,2172
59098750000022,RV_VST,2176
59098750000022,RV_VST,2180
59098750000022,RV_VST,2184
59098750000022,RV_VST,2188
59098750000022,RV_VST,2192
59098750000022,RV_VST,2196
59098750000022,RV_VST,2200
59098750000022,RV_VST,2204
59098750000022,RV_VST,2208
59098750000022,RV_VST,2212
59098750000022,RV_VST,2216
59098750000022,RV_VST,2220
59098750000022,RV_VST,2224
59098750000022,RV_VST,2228
59098750000022,RV_VST,2232
59098750000022,RV_VST,2236
59098750000022,RV_VST,2240
59098750000022,RV_VST,2244
59098750000022,RV_VST,2248
59098750000022,RV_VST,2252
59098750000022,RV_VST,2256
59098750000022,RV_VST,2260
59098750000022,RV_VST,2264
59098750000022,RV_VST,2268
59098750000022,RV_VST,2272
59098750000022,RV_VST,2276
59098750000022,RV_VST,2280
59098750000022,RV_VST,2284
59098750000022,RV_VST,2288
59098750000022,RV_VST,2292
59098750000022,RV_VST,2296
59098750000022,RV_VST,2300
60198261627804,RV_VLD,2304
60198261627804,RV_VLD,2308
60198261627804,RV_VLD,2312
60198261627804,RV_VLD,2316
60198261627804,RV_VLD,2320
60198261627804,RV_VLD,2324
60198261627804,RV_VLD,2328
60198261627804,RV_VLD,2332
60198261627804,RV_VLD,2336
60198261627804,RV_VLD,2340
60198261627804,RV_VLD,2344
60198261627804,RV_VLD,2348
60198261627804,RV_VLD,2352
60198261627804,RV_VLD,2356
60198261627804,RV_VLD,2360
60198261627804,RV_VLD,2364
60198261627804,RV_VLD,2368
60198261627804,RV_VLD,2372
60198261627804,RV_VLD,2376
60198261627804,RV_VLD,2380
60198261627804,RV_VLD,2384
60198261627804,RV_VLD,2388
60198261627804,RV_VLD,2392
60198261627804,RV_VLD,2396
60198261627804,RV_VLD,2400
60198261627804,RV_VLD,2404
60198261627804,RV_VLD,2408
60198261627804,RV_VLD,2412
60198261627804,RV_VLD,2416
60198261627804,RV_VLD,2420
60198261627804,RV_VLD,2424
60198261627804,RV_VLD,2428
60198261627804,RV_VLD,2432
60198261627804,RV_VLD,2436
60198261627804,RV_VLD,2440
60198261627804,RV_VLD,2444
60198261627804,RV_VLD,2448
60198261627804,RV_VLD,2452
60198261627804,RV_VLD,2456
60198261627804,RV_VLD,2460
60198261627804,RV_VLD,2464
60198261627804,RV_VLD,2468
60198261627804,RV_VLD,2472
60198261627804,RV_VLD,2476
60198261627804,RV_VLD,2480
60198261627804,RV_VLD,2484
60198261627804,RV_VLD,2488
60198261627804,RV_VLD,2492
60198261627804,RV_VLD,2496
60198261627804,RV_VLD,2500
60198261627804,RV_VLD,2504
60198261627804,RV_VLD,2508
60198261627804,RV_VLD,2512
60198261627804,RV_VLD,2516
60198261627804,RV_VLD,2520
60198261627804,RV_VLD,2524
60198261627804,RV_VLD,2528
60198261627804,RV_VLD,2532
60198261627804,RV_VLD,2536
60198261627804,RV_VLD,2540
60198261627804,RV_VLD,2544
60198261627804,RV_VLD,2548
60198261627804,RV_VLD,2552
60198261627804,RV_VLD,2556
59098750000032,RV_VST,2304
59098750000032,RV_VST,2308
59098750000032,RV_VST,2312
59098750000032,RV_VST,2316
59098750000032,RV_VST,2320
59098750000032,RV_VST,2324
59098750000032,RV_VST,2328
59098750000032,RV_VST,2332
59098750000032,RV_VST,2336
59098750000032,RV_VST,2340
59098750000032,RV_VST,2344
59098750000032,RV_VST,2348
59098750000032,RV_VST,2352
59098750000032,RV_VST,2356
59098750000032,RV_VST,2360
59098750000032,RV_VST,2364
59098750000032,RV_VST,2368
59098750000032,RV_VST,2372
59098750000032,RV_VST,2376
59098750000032,RV_VST,2380
59098750000032,RV_VST,2384
59098750000032,RV_VST,2388
59098750000032,RV_VST,2392
59098750000032,RV_VST,2396
59098750000032,RV_VST,2400
59098750000032,RV_VST,2404
59098750000032,RV_VST,2408
59098750000032,RV_VST,2412
59098750000032,RV_VST,2416
59098750000032,RV_VST,2420
59098750000032,RV_VST,2424
59098750000032,RV_VST,2428
59098750000032,RV_VST,2432
59098750000032,RV_VST,2436
59098750000032,RV_VST,2440
59098750000032,RV_VST,2444
59098750000032,RV_VST,2448
59098750000032,RV_VST,2452
59098750000032,RV_VST,2456
59098750000032,RV_VST,2460
59098750000032,RV_VST,2464
59098750000032,RV_VST,2468
59098750000032,RV_VST,2472
59098750000032,RV_VST,2476
59098750000032,RV_VST,2480
59098750000032,RV_VST,2484
59098750000032,RV_VST,2488
59098750000032,RV_VST,2492
59098750000032,RV_VST,2496
59098750000032,RV_VST,2500
59098750000032,RV_VST,2504
59098750000032,RV_VST,2508
59098750000032,RV_VST,2512
59098750000032,RV_VST,2516
59098750000032,RV_VST,2520
59098750000032,RV_VST,2524
59098750000032,RV_VST,2528
59098750000032,RV_VST,2532
59098750000032,RV_VST,2536
59098750000032,RV_VST,2540
59098750000032,RV_VST,2544
59098750000032,RV_VST,2548
59098750000032,RV_VST,2552
59098750000032,RV_VST,2556
60198261627848,RV_VLD,512
60198261627848,RV_VLD,516
60198261627848,RV_VLD,520
60198261627848,RV_VLD,524
60198261627848,RV_VLD,528
60198261627848,RV_VLD,532
60198261627848,RV_VLD,536
60198261627848,RV_VLD,540
60198261627848,RV_VLD,544
60198261627848,RV_VLD,548
60198261627848,RV_VLD,552
60198261627848,RV_VLD,556
60198261627848,RV_VLD,560
60198261627848,RV_VLD,564
60198261627848,RV_VLD,568
60198261627848,RV_VLD,572
60198261627848,RV_VLD,576
60198261627848,RV_VLD,580
60198261627848,RV_VLD,584
60198261627848,RV_VLD,588
60198261627848,RV_VLD,592
60198261627848,RV_VLD,596
60198261627848,RV_VLD,600
60198261627848,RV_VLD,604
60198261627848,RV_VLD,608
60198261627848,RV_VLD,612
60198261627848,RV_VLD,616
60198261627848,RV_VLD,620
60198261627848,RV_VLD,624
60198261627848,RV_VLD,628
60198261627848,RV_VLD,632
60198261627848,RV_VLD,636
60198261627848,RV_VLD,640
60198261627848,RV_VLD,644
60198261627848,RV_VLD,648
60198261627848,RV_VLD,652
60198261627848,RV_VLD,656
60198261627848,RV_VLD,660
60198261627848,RV_VLD,664
60198261627848,RV_VLD,668
60198261627848,RV_VLD,672
60198261627848,RV_VLD,676
60198261627848,RV_VLD,680
60198261627848,RV_VLD,684
60198261627848,RV_VLD,688
60198261627848,RV_VLD,692
60198261627848,RV_VLD,696
60198261627848,RV_VLD,700
60198261627848,RV_VLD,704
60198261627848,RV_VLD,708
60198261627848,RV_VLD,712
60198261627848,RV_VLD,716
60198261627848,RV_VLD,720
60198261627848,RV_VLD,724
60198261627848,RV_VLD,728
60198261627848,RV_VLD,732
60198261627848,RV_VLD,736
60198261627848,RV_VLD,740
60198261627848,RV_VLD,744
60198261627848,RV_VLD,748
60198261627848,RV_VLD,752
60198261627848,RV_VLD,756
60198261627848,RV_VLD,760
60198261627848,RV_VLD,764
60198261627849,RV_VLD,2048
60198261627849,RV_VLD,2052
60198261627849,RV_VLD,2056
60198261627849,RV_VLD,2060
60198261627849,RV_VLD,2064
60198261627849,RV_VLD,2068
60198261627849,RV_VLD,2072
60198261627849,RV_VLD,2076
60198261627849,RV_VLD,2080
60198261627849,RV_VLD,2084
60198261627849,RV_VLD,2088
60198261627849,RV_VLD,2092
60198261627849,RV_VLD,2096
60198261627849,RV_VLD,2100
60198261627849,RV_VLD,2104
60198261627849,RV_VLD,2108
60198261627849,RV_VLD,2112
60198261627849,RV_VLD,2116
60198261627849,RV_VLD,2120
60198261627849,RV_VLD,2124
60198261627849,RV_VLD,2128
60198261627849,RV_VLD,2132
60198261627849,RV_VLD,2136
60198261627849,RV_VLD,2140
60198261627849,RV_VLD,2144
60198261627849,RV_VLD,2148
60198261627849,RV_VLD,2152
60198261627849,RV_VLD,2156
60198261627849,RV_VLD,2160
60198261627849,RV_VLD,2164
60198261627849,RV_VLD,2168
60198261627849,RV_VLD,2172
60198261627849,RV_VLD,2176
60198261627849,RV_VLD,2180
60198261627849,RV_VLD,2184
60198261627849,RV_VLD,2188
60198261627849,RV_VLD,2192
60198261627849,RV_VLD,2196
60198261627849,RV_VLD,2200
60198261627849,RV_VLD,2204
60198261627849,RV_VLD,2208
60198261627849,RV_VLD,2212
60198261627849,RV_VLD,2216
60198261627849,RV_VLD,2220
60198261627849,RV_VLD,2224
60198261627849,RV_VLD,2228
60198261627849,RV_VLD,2232
60198261627849,RV_VLD,2236
60198261627849,RV_VLD,2240
60198261627849,RV_VLD,2244
60198261627849,RV_VLD,2248
60198261627849,RV_VLD,2252
60198261627849,RV_VLD,2256
60198261627849,RV_VLD,2260
60198261627849,RV_VLD,2264
60198261627849,RV_VLD,2268
60198261627849,RV_VLD,2272
60198261627849,RV_VLD,2276
60198261627849,RV_VLD,2280
60198261627849,RV_VLD,2284
60198261627849,RV_VLD,2288
60198261627849,RV_VLD,2292
60198261627849,RV_VLD,2296
60198261627849,RV_VLD,2300
59098750000076,RV_VST,2048
59098750000076,RV_VST,2052
59098750000076,RV_VST,2056
59098750000076,RV_VST,2060
59098750000076,RV_VST,2064
59098750000076,RV_VST,2068
59098750000076,RV_VST,2072
59098750000076,RV_VST,2076
59098750000076,RV_VST,2080
59098750000076,RV_VST,2084
59098750000076,RV_VST,2088
59098750000076,RV_VST,2092
59098750000076,RV_VST,2096
59098750000076,RV_VST,2100
59098750000076,RV_VST,2104
59098750000076,RV_VST,2108
59098750000076,RV_VST,2112
59098750000076,RV_VST,2116
59098750000076,RV_VST,2120
59098750000076,RV_VST,2124
59098750000076,RV_VST,2128
59098750000076,RV_VST,2132
59098750000076,RV_VST,2136
59098750000076,RV_VST,2140
59098750000076,RV_VST,2144
59098750000076,RV_VST,2148
59098750000076,RV_VST,2152
59098750000076,RV_VST,2156
59098750000076,RV_VST,2160
59098750000076,RV_VST,2164
59098750000076,RV_VST,2168
59098750000076,RV_VST,2172
59098750000076,RV_VST,2176
59098750000076,RV_VST,2180
59098750000076,RV_VST,2184
59098750000076,RV_VST,2188
59098750000076,RV_VST,2192
59098750000076,RV_VST,2196
59098750000076,RV_VST,2200
59098750000076,RV_VST,2204
59098750000076,RV_VST,2208
59098750000076,RV_VST,2212
59098750000076,RV_VST,2216
59098750000076,RV_VST,2220
59098750000076,RV_VST,2224
59098750000076,RV_VST,2228
59098750000076,RV_VST,2232
59098750000076,RV_VST,2236
59098750000076,RV_VST,2240
59098750000076,RV_VST,2244
59098750000076,RV_VST,2248
59098750000076,RV_VST,2252
59098750000076,RV_VST,2256
59098750000076,RV_VST,2260
59098750000076,RV_VST,2264
59098750000076,RV_VST,2268
59098750000076,RV_VST,2272
59098750000076,RV_VST,2276
59098750000076,RV_VST,2280
59098750000076,RV_VST,2284
59098750000076,RV_VST,2288
59098750000076,RV_VST,2292
59098750000076,RV_VST,2296
59098750000076,RV_VST,2300
60198261627862,RV_VLD,768
60198261627862,RV_VLD,772
60198261627862,RV_VLD,776
60198261627862,RV_VLD,780
60198261627862,RV_VLD,784
60198261627862,RV_VLD,788
60198261627862,RV_VLD,792
60198261627862,RV_VLD,796
60198261627862,RV_VLD,800
60198261627862,RV_VLD,804
60198261627862,RV_VLD,808
60198261627862,RV_VLD,812
60198261627862,RV_VLD,816
60198261627862,RV_VLD,820
60198261627862,RV_VLD,824
60198261627862,RV_VLD,828
60198261627862,RV_VLD,832
60198261627862,RV_VLD,836
60198261627862,RV_VLD,840
60198261627862,RV_VLD,844
60198261627862,RV_VLD,848
60198261627862,RV_VLD,852
60198261627862,RV_VLD,856
60198261627862,RV_VLD,860
60198261627862,RV_VLD,864
60198261627862,RV_VLD,868
60198261627862,RV_VLD,872
60198261627862,RV_VLD,876
60198261627862,RV_VLD,880
60198261627862,RV_VLD,884
60198261627862,RV_VLD,888
60198261627862,RV_VLD,892
60198261627862,RV_VLD,896
60198261627862,RV_VLD,900
60198261627862,RV_VLD,904
60198261627862,RV_VLD,908
60198261627862,RV_VLD,912
60198261627862,RV_VLD,916
60198261627862,RV_VLD,920
60198261627862,RV_VLD,924
60198261627862,RV_VLD,928
60198261627862,RV_VLD,932
60198261627862,RV_VLD,936
60198261627862,RV_VLD,940
60198261627862,RV_VLD,944
60198261627862,RV_VLD,948
60198261627862,RV_VLD,952
60198261627862,RV_VLD,956
60198261627862,RV_VLD,960
60198261627862,RV_VLD,964
60198261627862,RV_VLD,968
60198261627862,RV_VLD,972
60198261627862,RV_VLD,976
60198261627862,RV_VLD,980
60198261627862,RV_VLD,984
60198261627862,RV_VLD,988
60198261627862,RV_VLD,992
60198261627862,RV_VLD,996
60198261627862,RV_VLD,1000
60198261627862,RV_VLD,1004
60198261627862,RV_VLD,1008
60198261627862,RV_VLD,1012
60198261627862,RV_VLD,1016
60198261627862,RV_VLD,1020
60198261627863,RV_VLD,2304
60198261627863,RV_VLD,2308
60198261627863,RV_VLD,2312
60198261627863,RV_VLD,2316
60198261627863,RV_VLD,2320
60198261627863,RV_VLD,2324
60198261627863,RV_VLD,2328
60198261627863,RV_VLD,2332
60198261627863,RV_VLD,2336
60198261627863,RV_VLD,2340
60198261627863,RV_VLD,2344
60198261627863,RV_VLD,2348
60198261627863,RV_VLD,2352
60198261627863,RV_VLD,2356
60198261627863,RV_VLD,2360
60198261627863,RV_VLD,2364
60198261627863,RV_VLD,2368
60198261627863,RV_VLD,2372
60198261627863,RV_VLD,2376
60198261627863,RV_VLD,2380
60198261627863,RV_VLD,2384
60198261627863,RV_VLD,2388
60198261627863,RV_VLD,2392
60198261627863,RV_VLD,2396
60198261627863,RV_VLD,2400
60198261627863,RV_VLD,2404
60198261627863,RV_VLD,2408
60198261627863,RV_VLD,2412
60198261627863,RV_VLD,2416
60198261627863,RV_VLD,2420
60198261627863,RV_VLD,2424
60198261627863,RV_VLD,2428
60198261627863,RV_VLD,2432
60198261627863,RV_VLD,2436
60198261627863,RV_VLD,2440
60198261627863,RV_VLD,2444
60198261627863,RV_VLD,2448
60198261627863,RV_VLD,2452
60198261627863,RV_VLD,2456
60198261627863,RV_VLD,2460
60198261627863,RV_VLD,2464
60198261627863,RV_VLD,2468
60198261627863,RV_VLD,2472
60198261627863,RV_VLD,2476
60198261627863,RV_VLD,2480
60198261627863,RV_VLD,2484
60198261627863,RV_VLD,2488
60198261627863,RV_VLD,2492
60198261627863,RV_VLD,2496
60198261627863,RV_VLD,2500
60198261627863,RV_VLD,2504
60198261627863,RV_VLD,2508
60198261627863,RV_VLD,2512
60198261627863,RV_VLD,2516
60198261627863,RV_VLD,2520
60198261627863,RV_VLD,2524
60198261627863,RV_VLD,2528
60198261627863,RV_VLD,2532
60198261627863,RV_VLD,2536
60198261627863,RV_VLD,2540
60198261627863,RV_VLD,2544
60198261627863,RV_VLD,2548
60198261627863,RV_VLD,2552
60198261627863,RV_VLD,2556
59098750000090,RV_VST,2304
59098750000090,RV_VST,2308
59098750000090,RV_VST,2312
59098750000090,RV_VST,2316
59098750000090,RV_VST,2320
59098750000090,RV_VST,2324
59098750000090,RV_VST,2328
59098750000090,RV_VST,2332
59098750000090,RV_VST,2336
59098750000090,RV_VST,2340
59098750000090,RV_VST,2344
59098750000090,RV_VST,2348
59098750000090,RV_VST,2352
59098750000090,RV_VST,2356
59098750000090,RV_VST,2360
59098750000090,RV_VST,2364
59098750000090,RV_VST,2368
59098750000090,RV_VST,2372
59098750000090,RV_VST,2376
59098750000090,RV_VST,2380
59098750000090,RV_VST,2384
59098750000090,RV_VST,2388
59098750000090,RV_VST,2392
59098750000090,RV_VST,2396
59098750000090,RV_VST,2400
59098750000090,RV_VST,2404
59098750000090,RV_VST,2408
59098750000090,RV_VST,2412
59098750000090,RV_VST,2416
59098750000090,RV_VST,2420
59098750000090,RV_VST,2424
59098750000090,RV_VST,2428
59098750000090,RV_VST,2432
59098750000090,RV_VST,2436
59098750000090,RV_VST,2440
59098750000090,RV_VST,2444
59098750000090,RV_VST,2448
59098750000090,RV_VST,2452
59098750000090,RV_VST,2456
59098750000090,RV_VST,2460
59098750000090,RV_VST,2464
59098750000090,RV_VST,2468
59098750000090,RV_VST,2472
59098750000090,RV_VST,2476
59098750000090,RV_VST,2480
59098750000090,RV_VST,2484
59098750000090,RV_VST,2488
59098750000090,RV_VST,2492
59098750000090,RV_VST,2496
59098750000090,RV_VST,2500
59098750000090,RV_VST,2504
59098750000090,RV_VST,2508
59098750000090,RV_VST,2512
59098750000090,RV_VST,2516
59098750000090,RV_VST,2520
59098750000090,RV_VST,2524
59098750000090,RV_VST,2528
59098750000090,RV_VST,2532
59098750000090,RV_VST,2536
59098750000090,RV_VST,2540
59098750000090,RV_VST,2544
59098750000090,RV_VST,2548
59098750000090,RV_VST,2552
59098750000090,RV_VST,2556
60198261627977,RV_VLD,512
60198261627977,RV_VLD,516
60198261627977,RV_VLD,520
60198261627977,RV_VLD,524
60198261627977,RV_VLD,528
60198261627977,RV_VLD,532
60198261627977,RV_VLD,536
60198261627977,RV_VLD,540
60198261627977,RV_VLD,544
60198261627977,RV_VLD,548
60198261627977,RV_VLD,552
60198261627977,RV_VLD,556
60198261627977,RV_VLD,560
60198261627977,RV_VLD,564
60198261627977,RV_VLD,568
60198261627977,RV_VLD,572
60198261627977,RV_VLD,576
60198261627977,RV_VLD,580
60198261627977,RV_VLD,584
60198261627977,RV_VLD,588
60198261627977,RV_VLD,592
60198261627977,RV_VLD,596
60198261627977,RV_VLD,600
60198261627977,RV_VLD,604
60198261627977,RV_VLD,608
60198261627977,RV_VLD,612
60198261627977,RV_VLD,616
60198261627977,RV_VLD,620
60198261627977,RV_VLD,624
60198261627977,RV_VLD,628
60198261627977,RV_VLD,632
60198261627977,RV_VLD,636
60198261627977,RV_VLD,640
60198261627977,RV_VLD,644
60198261627977,RV_VLD,648
60198261627977,RV_VLD,652
60198261627977,RV_VLD,656
60198261627977,RV_VLD,660
60198261627977,RV_VLD,664
60198261627977,RV_VLD,668
60198261627977,RV_VLD,672
60198261627977,RV_VLD,676
60198261627977,RV_VLD,680
60198261627977,RV_VLD,684
60198261627977,RV_VLD,688
60198261627977,RV_VLD,692
60198261627977,RV_VLD,696
60198261627977,RV_VLD,700
60198261627977,RV_VLD,704
60198261627977,RV_VLD,708
60198261627977,RV_VLD,712
60198261627977,RV_VLD,716
60198261627977,RV_VLD,720
60198261627977,RV_VLD,724
60198261627977,RV_VLD,728
60198261627977,RV_VLD,732
60198261627977,RV_VLD,736
60198261627977,RV_VLD,740
60198261627977,RV_VLD,744
60198261627977,RV_VLD,748
60198261627977,RV_VLD,752
60198261627977,RV_VLD,756
60198261627977,RV_VLD,760
60198261627977,RV_VLD,764
60198261627978,RV_VLD,2048
60198261627978,RV_VLD,2052
60198261627978,RV_VLD,2056
60198261627978,RV_VLD,2060
60198261627978,RV_VLD,2064
60198261627978,RV_VLD,2068
60198261627978,RV_VLD,2072
60198261627978,RV_VLD,2076
60198261627978,RV_VLD,2080
60198261627978,RV_VLD,2084
60198261627978,RV_VLD,2088
60198261627978,RV_VLD,2092
60198261627978,RV_VLD,2096
60198261627978,RV_VLD,2100
60198261627978,RV_VLD,2104
60198261627978,RV_VLD,2108
60198261627978,RV_VLD,2112
60198261627978,RV_VLD,2116
60198261627978,RV_VLD,2120
60198261627978,RV_VLD,2124
60198261627978,RV_VLD,2128
60198261627978,RV_VLD,2132
60198261627978,RV_VLD,2136
60198261627978,RV_VLD,2140
60198261627978,RV_VLD,2144
60198261627978,RV_VLD,2148
60198261627978,RV_VLD,2152
60198261627978,RV_VLD,2156
60198261627978,RV_VLD,2160
60198261627978,RV_VLD,2164
60198261627978,RV_VLD,2168
60198261627978,RV_VLD,2172
60198261627978,RV_VLD,2176
60198261627978,RV_VLD,2180
60198261627978,RV_VLD,2184
60198261627978,RV_VLD,2188
60198261627978,RV_VLD,2192
60198261627978,RV_VLD,2196
60198261627978,RV_VLD,2200
60198261627978,RV_VLD,2204
60198261627978,RV_VLD,2208
60198261627978,RV_VLD,2212
60198261627978,RV_VLD,2216
60198261627978,RV_VLD,2220
60198261627978,RV_VLD,2224
60198261627978,RV_VLD,2228
60198261627978,RV_VLD,2232
60198261627978,RV_VLD,2236
60198261627978,RV_VLD,2240
60198261627978,RV_VLD,2244
60198261627978,RV_VLD,2248
60198261627978,RV_VLD,2252
60198261627978,RV_VLD,2256
60198261627978,RV_VLD,2260
60198261627978,RV_VLD,2264
60198261627978,RV_VLD,2268
60198261627978,RV_VLD,2272
60198261627978,RV_VLD,2276
60198261627978,RV_VLD,2280
60198261627978,RV_VLD,2284
60198261627978,RV_VLD,2288
60198261627978,RV_VLD,2292
60198261627978,RV_VLD,2296
60198261627978,RV_VLD,2300
59098750000205,RV_VST,1536
59098750000205,RV_VST,1540
59098750000205,RV_VST,1544
59098750000205,RV_VST,1548
59098750000205,RV_VST,1552
59098750000205,RV_VST,1556
59098750000205,RV_VST,1560
59098750000205,RV_VST,1564
59098750000205,RV_VST,1568
59098750000205,RV_VST,1572
59098750000205,RV_VST,1576
59098750000205,RV_VST,1580
59098750000205,RV_VST,1584
59098750000205,RV_VST,1588
59098750000205,RV_VST,1592
59098750000205,RV_VST,1596
59098750000205,RV_VST,1600
59098750000205,RV_VST,1604
59098750000205,RV_VST,1608
59098750000205,RV_VST,1612
59098750000205,RV_VST,1616
59098750000205,RV_VST,1620
59098750000205,RV_VST,1624
59098750000205,RV_VST,1628
59098750000205,RV_VST,1632
59098750000205,RV_VST,1636
59098750000205,RV_VST,1640
59098750000205,RV_VST,1644
59098750000205,RV_VST,1648
59098750000205,RV_VST,1652
59098750000205,RV_VST,1656
59098750000205,RV_VST,1660
59098750000205,RV_VST,1664
59098750000205,RV_VST,1668
59098750000205,RV_VST,1672
59098750000205,RV_VST,1676
59098750000205,RV_VST,1680
59098750000205,RV_VST,1684
59098750000205,RV_VST,1688
59098750000205,RV_VST,1692
59098750000205,RV_VST,1696
59098750000205,RV_VST,1700
59098750000205,RV_VST,1704
59098750000205,RV_VST,1708
59098750000205,RV_VST,1712
59098750000205,RV_VST,1716
59098750000205,RV_VST,1720
59098750000205,RV_VST,1724
59098750000205,RV_VST,1728
59098750000205,RV_VST,1732
59098750000205,RV_VST,1736
59098750000205,RV_VST,1740
59098750000205,RV_VST,1744
59098750000205,RV_VST,1748
59098750000205,RV_VST,1752
59098750000205,RV_VST,1756
59098750000205,RV_VST,1760
59098750000205,RV_VST,1764
59098750000205,RV_VST,1768
59098750000205,RV_VST,1772
59098750000205,RV_VST,1776
59098750000205,RV_VST,1780
59098750000205,RV_VST,1784
59098750000205,RV_VST,1788
60198261627987,RV_VLD,768
60198261627987,RV_VLD,772
60198261627987,RV_VLD,776
60198261627987,RV_VLD,780
60198261627987,RV_VLD,784
60198261627987,RV_VLD,788
60198261627987,RV_VLD,792
60198261627987,RV_VLD,796
60198261627987,RV_VLD,800
60198261627987,RV_VLD,804
60198261627987,RV_VLD,808
60198261627987,RV_VLD,812
60198261627987,RV_VLD,816
60198261627987,RV_VLD,820
60198261627987,RV_VLD,824
60198261627987,RV_VLD,828
60198261627987,RV_VLD,832
60198261627987,RV_VLD,836
60198261627987,RV_VLD,840
60198261627987,RV_VLD,844
60198261627987,RV_VLD,848
60198261627987,RV_VLD,852
60198261627987,RV_VLD,856
60198261627987,RV_VLD,860
60198261627987,RV_VLD,864
60198261627987,RV_VLD,868
60198261627987,RV_VLD,872
60198261627987,RV_VLD,876
60198261627987,RV_VLD,880
60198261627987,RV_VLD,884
60198261627987,RV_VLD,888
60198261627987,RV_VLD,892
60198261627987,RV_VLD,896
60198261627987,RV_VLD,900
60198261627987,RV_VLD,904
60198261627987,RV_VLD,908
60198261627987,RV_VLD,912
60198261627987,RV_VLD,916
60198261627987,RV_VLD,920
60198261627987,RV_VLD,924
60198261627987,RV_VLD,928
60198261627987,RV_VLD,932
60198261627987,RV_VLD,936
60198261627987,RV_VLD,940
60198261627987,RV_VLD,944
60198261627987,RV_VLD,948
60198261627987,RV_VLD,952
60198261627987,RV_VLD,956
60198261627987,RV_VLD,960
60198261627987,RV_VLD,964
60198261627987,RV_VLD,968
60198261627987,RV_VLD,972
60198261627987,RV_VLD,976
60198261627987,RV_VLD,980
60198261627987,RV_VLD,984
60198261627987,RV_VLD,988
60198261627987,RV_VLD,992
60198261627987,RV_VLD,996
60198261627987,RV_VLD,1000
60198261627987,RV_VLD,1004
60198261627987,RV_VLD,1008
60198261627987,RV_VLD,1012
60198261627987,RV_VLD,1016
60198261627987,RV_VLD,1020
60198261627988,RV_VLD,2304
60198261627988,RV_VLD,2308
60198261627988,RV_VLD,2312
60198261627988,RV_VLD,2316
60198261627988,RV_VLD,2320
60198261627988,RV_VLD,2324
60198261627988,RV_VLD,2328
60198261627988,RV_VLD,2332
60198261627988,RV_VLD,2336
60198261627988,RV_VLD,2340
60198261627988,RV_VLD,2344
60198261627988,RV_VLD,2348
60198261627988,RV_VLD,2352
60198261627988,RV_VLD,2356
60198261627988,RV_VLD,2360
60198261627988,RV_VLD,2364
60198261627988,RV_VLD,2368
60198261627988,RV_VLD,2372
60198261627988,RV_VLD,2376
60198261627988,RV_VLD,2380
60198261627988,RV_VLD,2384
60198261627988,RV_VLD,2388
60198261627988,RV_VLD,2392
60198261627988,RV_VLD,2396
60198261627988,RV_VLD,2400
60198261627988,RV_VLD,2404
60198261627988,RV_VLD,2408
60198261627988,RV_VLD,2412
60198261627988,RV_VLD,2416
60198261627988,RV_VLD,2420
60198261627988,RV_VLD,2424
60198261627988,RV_VLD,2428
60198261627988,RV_VLD,2432
60198261627988,RV_VLD,2436
60198261627988,RV_VLD,2440
60198261627988,RV_VLD,2444
60198261627988,RV_VLD,2448
60198261627988,RV_VLD,2452
60198261627988,RV_VLD,2456
60198261627988,RV_VLD,2460
60198261627988,RV_VLD,2464
60198261627988,RV_VLD,2468
60198261627988,RV_VLD,2472
60198261627988,RV_VLD,2476
60198261627988,RV_VLD,2480
60198261627988,RV_VLD,2484
60198261627988,RV_VLD,2488
60198261627988,RV_VLD,2492
60198261627988,RV_VLD,2496
60198261627988,RV_VLD,2500
60198261627988,RV_VLD,2504
60198261627988,RV_VLD,2508
60198261627988,RV_VLD,2512
60198261627988,RV_VLD,2516
60198261627988,RV_VLD,2520
60198261627988,RV_VLD,2524
60198261627988,RV_VLD,2528
60198261627988,RV_VLD,2532
60198261627988,RV_VLD,2536
60198261627988,RV_VLD,2540
60198261627988,RV_VLD,2544
60198261627988,RV_VLD,2548
60198261627988,RV_VLD,2552
60198261627988,RV_VLD,2556
59098750000215,RV_VST,1792
59098750000215,RV_VST,1796
59098750000215,RV_VST,1800
59098750000215,RV_VST,1804
59098750000215,RV_VST,1808
59098750000215,RV_VST,1812
59098750000215,RV_VST,1816
59098750000215,RV_VST,1820
59098750000215,RV_VST,1824
59098750000215,RV_VST,1828
59098750000215,RV_VST,1832
59098750000215,RV_VST,1836
59098750000215,RV_VST,1840
59098750000215,RV_VST,1844
59098750000215,RV_VST,1848
59098750000215,RV_VST,1852
59098750000215,RV_VST,1856
59098750000215,RV_VST,1860
59098750000215,RV_VST,1864
59098750000215,RV_VST,1868
59098750000215,RV_VST,1872
59098750000215,RV_VST,1876
59098750000215,RV_VST,1880
59098750000215,RV_VST,1884
59098750000215,RV_VST,1888
59098750000215,RV_VST,1892
59098750000215,RV_VST,1896
59098750000215,RV_VST,1900
59098750000215,RV_VST,1904
59098750000215,RV_VST,1908
59098750000215,RV_VST,1912
59098750000215,RV_VST,1916
59098750000215,RV_VST,1920
59098750000215,RV_VST,1924
59098750000215,RV_VST,1928
59098750000215,RV_VST,1932
59098750000215,RV_VST,1936
59098750000215,RV_VST,1940
59098750000215,RV_VST,1944
59098750000215,RV_VST,1948
59098750000215,RV_VST,1952
59098750000215,RV_VST,1956
59098750000215,RV_VST,1960
59098750000215,RV_VST,1964
59098750000215,RV_VST,1968
59098750000215,RV_VST,1972
59098750000215,RV_VST,1976
59098750000215,RV_VST,1980
59098750000215,RV_VST,1984
59098750000215,RV_VST,1988
59098750000215,RV_VST,1992
59098750000215,RV_VST,1996
59098750000215,RV_VST,2000
59098750000215,RV_VST,2004
59098750000215,RV_VST,2008
59098750000215,RV_VST,2012
59098750000215,RV_VST,2016
59098750000215,RV_VST,2020
59098750000215,RV_VST,2024
59098750000215,RV_VST,2028
59098750000215,RV_VST,2032
59098750000215,RV_VST,2036
59098750000215,RV_VST,2040
59098750000215,RV_VST,2044
,,0
,,4
,,8
,,12
,,16
,,20
,,24
,,28
,,32
,,36
,,40
,,44
,,48
,,52
,,56
,,60
,,64
,,68
,,72
,,76
,,80
,,84
,,88
,,92
,,96
,,100
,,104
,,108
,,112
,,116
,,120
,,124
,,128
,,132
,,136
,,140
,,144
,,148
,,152
,,156
,,160
,,164
,,168
,,172
,,176
,,180
,,184
,,188
,,192
,,196
,,200
,,204
,,208
,,212
,,216
,,220
,,224
,,228
,,232
,,236
,,240
,,244
,,248
,,252
,,256
,,260
,,264
,,268
,,272
,,276
,,280
,,284
,,288
,,292
,,296
,,300
,,304
,,308
,,312
,,316
,,320
,,324
,,328
,,332
,,336
,,340
,,344
,,348
,,352
,,356
,,360
,,364
,,368
,,372
,,376
,,380
,,384
,,388
,,392
,,396
,,400
,,404
,,408
,,412
,,416
,,420
,,424
,,428
,,432
,,436
,,440
,,444
,,448
,,452
,,456
,,460
,,464
,,468
,,472
,,476
,,480
,,484
,,488
,,492
,,496
,,500
,,504
,,508
59923383721286,RV_VLD,0
59923383721286,RV_VLD,4
59923383721286,RV_VLD,8
59923383721286,RV_VLD,12
59923383721286,RV_VLD,16
59923383721286,RV_VLD,20
59923383721286,RV_VLD,24
59923383721286,RV_VLD,28
59923383721286,RV_VLD,32
59923383721286,RV_VLD,36
59923383721286,RV_VLD,40
59923383721286,RV_VLD,44
59923383721286,RV_VLD,48
59923383721286,RV_VLD,52
59923383721286,RV_VLD,56
59923383721286,RV_VLD,60
59923383721286,RV_VLD,64
59923383721286,RV_VLD,68
59923383721286,RV_VLD,72
59923383721286,RV_VLD,76
59923383721286,RV_VLD,80
59923383721286,RV_VLD,84
59923383721286,RV_VLD,88
59923383721286,RV_VLD,92
59923383721286,RV_VLD,96
59923383721286,RV_VLD,100
59923383721286,RV_VLD,104
59923383721286,RV_VLD,108
59923383721286,RV_VLD,112
59923383721286,RV_VLD,116
59923383721286,RV_VLD,120
59923383721286,RV_VLD,124
59923383721286,RV_VLD,128
59923383721286,RV_VLD,132
59923383721286,RV_VLD,136
59923383721286,RV_VLD,140
59923383721286,RV_VLD,144
59923383721286,RV_VLD,148
59923383721286,RV_VLD,152
59923383721286,RV_VLD,156
59923383721286,RV_VLD,160
59923383721286,RV_VLD,164
59923383721286,RV_VLD,168
59923383721286,RV_VLD,172
59923383721286,RV_VLD,176
59923383721286,RV_VLD,180
59923383721286,RV_VLD,184
59923383721286,RV_VLD,188
59923383721286,RV_VLD,192
59923383721286,RV_VLD,196
59923383721286,RV_VLD,200
59923383721286,RV_VLD,204
59923383721286,RV_VLD,208
59923383721286,RV_VLD,212
59923383721286,RV_VLD,216
59923383721286,RV_VLD,220
59923383721286,RV_VLD,224
59923383721286,RV_VLD,228
59923383721286,RV_VLD,232
59923383721286,RV_VLD,236
59923383721286,RV_VLD,240
59923383721286,RV_VLD,244
59923383721286,RV_VLD,248
59923383721286,RV_VLD,252
58823872093513,RV_VST,2048
58823872093513,RV_VST,2052
58823872093513,RV_VST,2056
58823872093513,RV_VST,2060
58823872093513,RV_VST,2064
58823872093513,RV_VST,2068
58823872093513,RV_VST,2072
58823872093513,RV_VST,2076
58823872093513,RV_VST,2080
58823872093513,RV_VST,2084
58823872093513,RV_VST,2088
58823872093513,RV_VST,2092
58823872093513,RV_VST,2096
58823872093513,RV_VST,2100
58823872093513,RV_VST,2104
58823872093513,RV_VST,2108
58823872093513,RV_VST,2112
58823872093513,RV_VST,2116
58823872093513,RV_VST,2120
58823872093513,RV_VST,2124
58823872093513,RV_VST,2128
58823872093513,RV_VST,2132
58823872093513,RV_VST,2136
58823872093513,RV_VST,2140
58823872093513,RV_VST,2144
58823872093513,RV_VST,2148
58823872093513,RV_VST,2152
58823872093513,RV_VST,2156
58823872093513,RV_VST,2160
58823872093513,RV_VST,2164
58823872093513,RV_VST,2168
58823872093513,RV_VST,2172
58823872093513,RV_VST,2176
58823872093513,RV_VST,2180
58823872093513,RV_VST,2184
58823872093513,RV_VST,2188
58823872093513,RV_VST,2192
58823872093513,RV_VST,2196
58823872093513,RV_VST,2200
58823872093513,RV_VST,2204
58823872093513,RV_VST,2208
58823872093513,RV_VST,2212
58823872093513,RV_VST,2216
58823872093513,RV_VST,2220
58823872093513,RV_VST,2224
58823872093513,RV_VST,2228
58823872093513,RV_VST,2232
58823872093513,RV_VST,2236
58823872093513,RV_VST,2240
58823872093513,RV_VST,2244
58823872093513,RV_VST,2248
58823872093513,RV_VST,2252
58823872093513,RV_VST,2256
58823872093513,RV_VST,2260
58823872093513,RV_VST,2264
58823872093513,RV_VST,2268
58823872093513,RV_VST,2272
58823872093513,RV_VST,2276
58823872093513,RV_VST,2280
58823872093513,RV_VST,2284
58823872093513,RV_VST,2288
58823872093513,RV_VST,2292
58823872093513,RV_VST,2296
58823872093513,RV_VST,2300
59923383721299,RV_VLD,256
59923383721299,RV_VLD,260
59923383721299,RV_VLD,264
59923383721299,RV_VLD,268
59923383721299,RV_VLD,272
59923383721299,RV_VLD,276
59923383721299,RV_VLD,280
59923383721299,RV_VLD,284
59923383721299,RV_VLD,288
59923383721299,RV_VLD,292
59923383721299,RV_VLD,296
59923383721299,RV_VLD,300
59923383721299,RV_VLD,304
59923383721299,RV_VLD,308
59923383721299,RV_VLD,312
59923383721299,RV_VLD,316
59923383721299,RV_VLD,320
59923383721299,RV_VLD,324
59923383721299,RV_VLD,328
59923383721299,RV_VLD,332
59923383721299,RV_VLD,336
59923383721299,RV_VLD,340
59923383721299,RV_VLD,344
59923383721299,RV_VLD,348
59923383721299,RV_VLD,352
59923383721299,RV_VLD,356
59923383721299,RV_VLD,360
59923383721299,RV_VLD,364
59923383721299,RV_VLD,368
59923383721299,RV_VLD,372
59923383721299,RV_VLD,376
59923383721299,RV_VLD,380
59923383721299,RV_VLD,384
59923383721299,RV_VLD,388
59923383721299,RV_VLD,392
59923383721299,RV_VLD,396
59923383721299,RV_VLD,400
59923383721299,RV_VLD,404
59923383721299,RV_VLD,408
59923383721299,RV_VLD,412
59923383721299,RV_VLD,416
59923383721299,RV_VLD,420
59923383721299,RV_VLD,424
59923383721299,RV_VLD,428
59923383721299,RV_VLD,432
59923383721299,RV_VLD,436
59923383721299,RV_VLD,440
59923383721299,RV_VLD,444
59923383721299,RV_VLD,448
59923383721299,RV_VLD,452
59923383721299,RV_VLD,456
59923383721299,RV_VLD,460
59923383721299,RV_VLD,464
59923383721299,RV_VLD,468
59923383721299,RV_VLD,472
59923383721299,RV_VLD,476
59923383721299,RV_VLD,480
59923383721299,RV_VLD,484
59923383721299,RV_VLD,488
59923383721299,RV_VLD,492
59923383721299,RV_VLD,496
59923383721299,RV_VLD,500
59923383721299,RV_VLD,504
59923383721299,RV_VLD,508
58823872093526,RV_VST,2304
58823872093526,RV_VST,2308
58823872093526,RV_VST,2312
58823872093526,RV_VST,2316
58823872093526,RV_VST,2320
58823872093526,RV_VST,2324
58823872093526,RV_VST,2328
58823872093526,RV_VST,2332
58823872093526,RV_VST,2336
58823872093526,RV_VST,2340
58823872093526,RV_VST,2344
58823872093526,RV_VST,2348
58823872093526,RV_VST,2352
58823872093526,RV_VST,2356
58823872093526,RV_VST,2360
58823872093526,RV_VST,2364
58823872093526,RV_VST,2368
58823872093526,RV_VST,2372
58823872093526,RV_VST,2376
58823872093526,RV_VST,2380
58823872093526,RV_VST,2384
58823872093526,RV_VST,2388
58823872093526,RV_VST,2392
58823872093526,RV_VST,2396
58823872093526,RV_VST,2400
58823872093526,RV_VST,2404
58823872093526,RV_VST,2408
58823872093526,RV_VST,2412
58823872093526,RV_VST,2416
58823872093526,RV_VST,2420
58823872093526,RV_VST,2424
58823872093526,RV_VST,2428
58823872093526,RV_VST,2432
58823872093526,RV_VST,2436
58823872093526,RV_VST,2440
58823872093526,RV_VST,2444
58823872093526,RV_VST,2448
58823872093526,RV_VST,2452
58823872093526,RV_VST,2456
58823872093526,RV_VST,2460
58823872093526,RV_VST,2464
58823872093526,RV_VST,2468
58823872093526,RV_VST,2472
58823872093526,RV_VST,2476
58823872093526,RV_VST,2480
58823872093526,RV_VST,2484
58823872093526,RV_VST,2488
58823872093526,RV_VST,2492
58823872093526,RV_VST,2496
58823872093526,RV_VST,2500
58823872093526,RV_VST,2504
58823872093526,RV_VST,2508
58823872093526,RV_VST,2512
58823872093526,RV_VST,2516
58823872093526,RV_VST,2520
58823872093526,RV_VST,2524
58823872093526,RV_VST,2528
58823872093526,RV_VST,2532
58823872093526,RV_VST,2536
58823872093526,RV_VST,2540
58823872093526,RV_VST,2544
58823872093526,RV_VST,2548
58823872093526,RV_VST,2552
58823872093526,RV_VST,2556
59923383721364,RV_VLD,2048
59923383721364,RV_VLD,2052
59923383721364,RV_VLD,2056
59923383721364,RV_VLD,2060
59923383721364,RV_VLD,2064
59923383721364,RV_VLD,2068
59923383721364,RV_VLD,2072
59923383721364,RV_VLD,2076
59923383721364,RV_VLD,2080
59923383721364,RV_VLD,2084
59923383721364,RV_VLD,2088
59923383721364,RV_VLD,2092
59923383721364,RV_VLD,2096
59923383721364,RV_VLD,2100
59923383721364,RV_VLD,2104
59923383721364,RV_VLD,2108
59923383721364,RV_VLD,2112
59923383721364,RV_VLD,2116
59923383721364,RV_VLD,2120
59923383721364,RV_VLD,2124
59923383721364,RV_VLD,2128
59923383721364,RV_VLD,2132
59923383721364,RV_VLD,2136
59923383721364,RV_VLD,2140
59923383721364,RV_VLD,2144
59923383721364,RV_VLD,2148
59923383721364,RV_VLD,2152
59923383721364,RV_VLD,2156
59923383721364,RV_VLD,2160
59923383721364,RV_VLD,2164
59923383721364,RV_VLD,2168
59923383721364,RV_VLD,2172
59923383721364,RV_VLD,2176
59923383721364,RV_VLD,2180
59923383721364,RV_VLD,2184
59923383721364,RV_VLD,2188
59923383721364,RV_VLD,2192
59923383721364,RV_VLD,2196
59923383721364,RV_VLD,2200
59923383721364,RV_VLD,2204
59923383721364,RV_VLD,2208
59923383721364,RV_VLD,2212
59923383721364,RV_VLD,2216
59923383721364,RV_VLD,2220
59923383721364,RV_VLD,2224
59923383721364,RV_VLD,2228
59923383721364,RV_VLD,2232
59923383721364,RV_VLD,2236
59923383721364,RV_VLD,2240
59923383721364,RV_VLD,2244
59923383721364,RV_VLD,2248
59923383721364,RV_VLD,2252
59923383721364,RV_VLD,2256
59923383721364,RV_VLD,2260
59923383721364,RV_VLD,2264
59923383721364,RV_VLD,2268
59923383721364,RV_VLD,2272
59923383721364,RV_VLD,2276
59923383721364,RV_VLD,2280
59923383721364,RV_VLD,2284
59923383721364,RV_VLD,2288
59923383721364,RV_VLD,2292
59923383721364,RV_VLD,2296
59923383721364,RV_VLD,2300
58823872093598,RV_VST,2048
58823872093598,RV_VST,2052
58823872093598,RV_VST,2056
58823872093598,RV_VST,2060
58823872093598,RV_VST,2064
58823872093598,RV_VST,2068
58823872093598,RV_VST,2072
58823872093598,RV_VST,2076
58823872093598,RV_VST,2080
58823872093598,RV_VST,2084
58823872093598,RV_VST,2088
58823872093598,RV_VST,2092
58823872093598,RV_VST,2096
58823872093598,RV_VST,2100
58823872093598,RV_VST,2104
58823872093598,RV_VST,2108
58823872093598,RV_VST,2112
58823872093598,RV_VST,2116
58823872093598,RV_VST,2120
58823872093598,RV_VST,2124
58823872093598,RV_VST,2128
58823872093598,RV_VST,2132
58823872093598,RV_VST,2136
58823872093598,RV_VST,2140
58823872093598,RV_VST,2144
58823872093598,RV_VST,2148
58823872093598,RV_VST,2152
58823872093598,RV_VST,2156
58823872093598,RV_VST,2160
58823872093598,RV_VST,2164
58823872093598,RV_VST,2168
58823872093598,RV_VST,2172
58823872093598,RV_VST,2176
58823872093598,RV_VST,2180
58823872093598,RV_VST,2184
58823872093598,RV_VST,2188
58823872093598,RV_VST,2192
58823872093598,RV_VST,2196
58823872093598,RV_VST,2200
58823872093598,RV_VST,2204
58823872093598,RV_VST,2208
58823872093598,RV_VST,2212
58823872093598,RV_VST,2216
58823872093598,RV_VST,2220
58823872093598,RV_VST,2224
58823872093598,RV_VST,2228
58823872093598,RV_VST,2232
58823872093598,RV_VST,2236
58823872093598,RV_VST,2240
58823872093598,RV_VST,2244
58823872093598,RV_VST,2248
58823872093598,RV_VST,2252
58823872093598,RV_VST,2256
58823872093598,RV_VST,2260
58823872093598,RV_VST,2264
58823872093598,RV_VST,2268
58823872093598,RV_VST,2272
58823872093598,RV_VST,2276
58823872093598,RV_VST,2280
58823872093598,RV_VST,2284
58823872093598,RV_VST,2288
58823872093598,RV_VST,2292
58823872093598,RV_VST,2296
58823872093598,RV_VST,2300
59923383721380,RV_VLD,2304
59923383721380,RV_VLD,2308
59923383721380,RV_VLD,2312
59923383721380,RV_VLD,2316
59923383721380,RV_VLD,2320
59923383721380,RV_VLD,2324
59923383721380,RV_VLD,2328
59923383721380,RV_VLD,2332
59923383721380,RV_VLD,2336
59923383721380,RV_VLD,2340
59923383721380,RV_VLD,2344
59923383721380,RV_VLD,2348
59923383721380,RV_VLD,2352
59923383721380,RV_VLD,2356
59923383721380,RV_VLD,2360
59923383721380,RV_VLD,2364
59923383721380,RV_VLD,2368
59923383721380,RV_VLD,2372
59923383721380,RV_VLD,2376
59923383721380,RV_VLD,2380
59923383721380,RV_VLD,2384
59923383721380,RV_VLD,2388
59923383721380,RV_VLD,2392
59923383721380,RV_VLD,2396
59923383721380,RV_VLD,2400
59923383721380,RV_VLD,2404
59923383721380,RV_VLD,2408
59923383721380,RV_VLD,2412
59923383721380,RV_VLD,2416
59923383721380,RV_VLD,2420
59923383721380,RV_VLD,2424
59923383721380,RV_VLD,2428
59923383721380,RV_VLD,2432
59923383721380,RV_VLD,2436
59923383721380,RV_VLD,2440
59923383721380,RV_VLD,2444
59923383721380,RV_VLD,2448
59923383721380,RV_VLD,2452
59923383721380,RV_VLD,2456
59923383721380,RV_VLD,2460
59923383721380,RV_VLD,2464
59923383721380,RV_VLD,2468
59923383721380,RV_VLD,2472
59923383721380,RV_VLD,2476
59923383721380,RV_VLD,2480
59923383721380,RV_VLD,2484
59923383721380,RV_VLD,2488
59923383721380,RV_VLD,2492
59923383721380,RV_VLD,2496
59923383721380,RV_VLD,2500
59923383721380,RV_VLD,2504
59923383721380,RV_VLD,2508
59923383721380,RV_VLD,2512
59923383721380,RV_VLD,2516
59923383721380,RV_VLD,2520
59923383721380,RV_VLD,2524
59923383721380,RV_VLD,2528
59923383721380,RV_VLD,2532
59923383721380,RV_VLD,2536
59923383721380,RV_VLD,2540
59923383721380,RV_VLD,2544
59923383721380,RV_VLD,2548
59923383721380,RV_VLD,2552
59923383721380,RV_VLD,2556
58823872093608,RV_VST,2304
58823872093608,RV_VST,2308
58823872093608,RV_VST,2312
58823872093608,RV_VST,2316
58823872093608,RV_VST,2320
58823872093608,RV_VST,2324
58823872093608,RV_VST,2328
58823872093608,RV_VST,2332
58823872093608,RV_VST,2336
58823872093608,RV_VST,2340
58823872093608,RV_VST,2344
58823872093608,RV_VST,2348
58823872093608,RV_VST,2352
58823872093608,RV_VST,2356
58823872093608,RV_VST,2360
58823872093608,RV_VST,2364
58823872093608,RV_VST,2368
58823872093608,RV_VST,2372
58823872093608,RV_VST,2376
58823872093608,RV_VST,2380
58823872093608,RV_VST,2384
58823872093608,RV_VST,2388
58823872093608,RV_VST,2392
58823872093608,RV_VST,2396
58823872093608,RV_VST,2400
58823872093608,RV_VST,2404
58823872093608,RV_VST,2408
58823872093608,RV_VST,2412
58823872093608,RV_VST,2416
58823872093608,RV_VST,2420
58823872093608,RV_VST,2424
58823872093608,RV_VST,2428
58823872093608,RV_VST,2432
58823872093608,RV_VST,2436
58823872093608,RV_VST,2440
58823872093608,RV_VST,2444
58823872093608,RV_VST,2448
58823872093608,RV_VST,2452
58823872093608,RV_VST,2456
58823872093608,RV_VST,2460
58823872093608,RV_VST,2464
58823872093608,RV_VST,2468
58823872093608,RV_VST,2472
58823872093608,RV_VST,2476
58823872093608,RV_VST,2480
58823872093608,RV_VST,2484
58823872093608,RV_VST,2488
58823872093608,RV_VST,2492
58823872093608,RV_VST,2496
58823872093608,RV_VST,2500
58823872093608,RV_VST,2504
58823872093608,RV_VST,2508
58823872093608,RV_VST,2512
58823872093608,RV_VST,2516
58823872093608,RV_VST,2520
58823872093608,RV_VST,2524
58823872093608,RV_VST,2528
58823872093608,RV_VST,2532
58823872093608,RV_VST,2536
58823872093608,RV_VST,2540
58823872093608,RV_VST,2544
58823872093608,RV_VST,2548
58823872093608,RV_VST,2552
58823872093608,RV_VST,2556
59923383721403,RV_VLD,2048
59923383721403,RV_VLD,2052
59923383721403,RV_VLD,2056
59923383721403,RV_VLD,2060
59923383721403,RV_VLD,2064
59923383721403,RV_VLD,2068
59923383721403,RV_VLD,2072
59923383721403,RV_VLD,2076
59923383721403,RV_VLD,2080
59923383721403,RV_VLD,2084
59923383721403,RV_VLD,2088
59923383721403,RV_VLD,2092
59923383721403,RV_VLD,2096
59923383721403,RV_VLD,2100
59923383721403,RV_VLD,2104
59923383721403,RV_VLD,2108
59923383721403,RV_VLD,2112
59923383721403,RV_VLD,2116
59923383721403,RV_VLD,2120
59923383721403,RV_VLD,2124
59923383721403,RV_VLD,2128
59923383721403,RV_VLD,2132
59923383721403,RV_VLD,2136
59923383721403,RV_VLD,2140
59923383721403,RV_VLD,2144
59923383721403,RV_VLD,2148
59923383721403,RV_VLD,2152
59923383721403,RV_VLD,2156
59923383721403,RV_VLD,2160
59923383721403,RV_VLD,2164
59923383721403,RV_VLD,2168
59923383721403,RV_VLD,2172
59923383721403,RV_VLD,2176
59923383721403,RV_VLD,2180
59923383721403,RV_VLD,2184
59923383721403,RV_VLD,2188
59923383721403,RV_VLD,2192
59923383721403,RV_VLD,2196
59923383721403,RV_VLD,2200
59923383721403,RV_VLD,2204
59923383721403,RV_VLD,2208
59923383721403,RV_VLD,2212
59923383721403,RV_VLD,2216
59923383721403,RV_VLD,2220
59923383721403,RV_VLD,2224
59923383721403,RV_VLD,2228
59923383721403,RV_VLD,2232
59923383721403,RV_VLD,2236
59923383721403,RV_VLD,2240
59923383721403,RV_VLD,2244
59923383721403,RV_VLD,2248
59923383721403,RV_VLD,2252
59923383721403,RV_VLD,2256
59923383721403,RV_VLD,2260
59923383721403,RV_VLD,2264
59923383721403,RV_VLD,2268
59923383721403,RV_VLD,2272
59923383721403,RV_VLD,2276
59923383721403,RV_VLD,2280
59923383721403,RV_VLD,2284
59923383721403,RV_VLD,2288
59923383721403,RV_VLD,2292
59923383721403,RV_VLD,2296
59923383721403,RV_VLD,2300
59923383721404,RV_VLD,0
59923383721404,RV_VLD,4
59923383721404,RV_VLD,8
59923383721404,RV_VLD,12
59923383721404,RV_VLD,16
59923383721404,RV_VLD,20
59923383721404,RV_VLD,24
59923383721404,RV_VLD,28
59923383721404,RV_VLD,32
59923383721404,RV_VLD,36
59923383721404,RV_VLD,40
59923383721404,RV_VLD,44
59923383721404,RV_VLD,48
59923383721404,RV_VLD,52
59923383721404,RV_VLD,56
59923383721404,RV_VLD,60
59923383721404,RV_VLD,64
59923383721404,RV_VLD,68
59923383721404,RV_VLD,72
59923383721404,RV_VLD,76
59923383721404,RV_VLD,80
59923383721404,RV_VLD,84
59923383721404,RV_VLD,88
59923383721404,RV_VLD,92
59923383721404,RV_VLD,96
59923383721404,RV_VLD,100
59923383721404,RV_VLD,104
59923383721404,RV_VLD,108
59923383721404,RV_VLD,112
59923383721404,RV_VLD,116
59923383721404,RV_VLD,120
59923383721404,RV_VLD,124
59923383721404,RV_VLD,128
59923383721404,RV_VLD,132
59923383721404,RV_VLD,136
59923383721404,RV_VLD,140
59923383721404,RV_VLD,144
59923383721404,RV_VLD,148
59923383721404,RV_VLD,152
59923383721404,RV_VLD,156
59923383721404,RV_VLD,160
59923383721404,RV_VLD,164
59923383721404,RV_VLD,168
59923383721404,RV_VLD,172
59923383721404,RV_VLD,176
59923383721404,RV_VLD,180
59923383721404,RV_VLD,184
59923383721404,RV_VLD,188
59923383721404,RV_VLD,192
59923383721404,RV_VLD,196
59923383721404,RV_VLD,200
59923383721404,RV_VLD,204
59923383721404,RV_VLD,208
59923383721404,RV_VLD,212
59923383721404,RV_VLD,216
59923383721404,RV_VLD,220
59923383721404,RV_VLD,224
59923383721404,RV_VLD,228
59923383721404,RV_VLD,232
59923383721404,RV_VLD,236
59923383721404,RV_VLD,240
59923383721404,RV_VLD,244
59923383721404,RV_VLD,248
59923383721404,RV_VLD,252
58823872093631,RV_VST,2048
58823872093631,RV_VST,2052
58823872093631,RV_VST,2056
58823872093631,RV_VST,2060
58823872093631,RV_VST,2064
58823872093631,RV_VST,2068
58823872093631,RV_VST,2072
58823872093631,RV_VST,2076
58823872093631,RV_VST,2080
58823872093631,RV_VST,2084
58823872093631,RV_VST,2088
58823872093631,RV_VST,2092
58823872093631,RV_VST,2096
58823872093631,RV_VST,2100
58823872093631,RV_VST,2104
58823872093631,RV_VST,2108
58823872093631,RV_VST,2112
58823872093631,RV_VST,2116
58823872093631,RV_VST,2120
58823872093631,RV_VST,2124
58823872093631,RV_VST,2128
58823872093631,RV_VST,2132
58823872093631,RV_VST,2136
58823872093631,RV_VST,2140
58823872093631,RV_VST,2144
58823872093631,RV_VST,2148
58823872093631,RV_VST,2152
58823872093631,RV_VST,2156
58823872093631,RV_VST,2160
58823872093631,RV_VST,2164
58823872093631,RV_VST,2168
58823872093631,RV_VST,2172
58823872093631,RV_VST,2176
58823872093631,RV_VST,2180
58823872093631,RV_VST,2184
58823872093631,RV_VST,2188
58823872093631,RV_VST,2192
58823872093631,RV_VST,2196
58823872093631,RV_VST,2200
58823872093631,RV_VST,2204
58823872093631,RV_VST,2208
58823872093631,RV_VST,2212
58823872093631,RV_VST,2216
58823872093631,RV_VST,2220
58823872093631,RV_VST,2224
58823872093631,RV_VST,2228
58823872093631,RV_VST,2232
58823872093631,RV_VST,2236
58823872093631,RV_VST,2240
58823872093631,RV_VST,2244
58823872093631,RV_VST,2248
58823872093631,RV_VST,2252
58823872093631,RV_VST,2256
58823872093631,RV_VST,2260
58823872093631,RV_VST,2264
58823872093631,RV_VST,2268
58823872093631,RV_VST,2272
58823872093631,RV_VST,2276
58823872093631,RV_VST,2280
58823872093631,RV_VST,2284
58823872093631,RV_VST,2288
58823872093631,RV_VST,2292
58823872093631,RV_VST,2296
58823872093631,RV_VST,2300
59923383721413,RV_VLD,2304
59923383721413,RV_VLD,2308
59923383721413,RV_VLD,2312
59923383721413,RV_VLD,2316
59923383721413,RV_VLD,2320
59923383721413,RV_VLD,2324
59923383721413,RV_VLD,2328
59923383721413,RV_VLD,2332
59923383721413,RV_VLD,2336
59923383721413,RV_VLD,2340
59923383721413,RV_VLD,2344
59923383721413,RV_VLD,2348
59923383721413,RV_VLD,2352
59923383721413,RV_VLD,2356
59923383721413,RV_VLD,2360
59923383721413,RV_VLD,2364
59923383721413,RV_VLD,2368
59923383721413,RV_VLD,2372
59923383721413,RV_VLD,2376
59923383721413,RV_VLD,2380
59923383721413,RV_VLD,2384
59923383721413,RV_VLD,2388
59923383721413,RV_VLD,2392
59923383721413,RV_VLD,2396
59923383721413,RV_VLD,2400
59923383721413,RV_VLD,2404
59923383721413,RV_VLD,2408
59923383721413,RV_VLD,2412
59923383721413,RV_VLD,2416
59923383721413,RV_VLD,2420
59923383721413,RV_VLD,2424
59923383721413,RV_VLD,2428
59923383721413,RV_VLD,2432
59923383721413,RV_VLD,2436
59923383721413,RV_VLD,2440
59923383721413,RV_VLD,2444
59923383721413,RV_VLD,2448
59923383721413,RV_VLD,2452
59923383721413,RV_VLD,2456
59923383721413,RV_VLD,2460
59923383721413,RV_VLD,2464
59923383721413,RV_VLD,2468
59923383721413,RV_VLD,2472
59923383721413,RV_VLD,2476
59923383721413,RV_VLD,2480
59923383721413,RV_VLD,2484
59923383721413,RV_VLD,2488
59923383721413,RV_VLD,2492
59923383721413,RV_VLD,2496
59923383721413,RV_VLD,2500
59923383721413,RV_VLD,2504
59923383721413,RV_VLD,2508
59923383721413,RV_VLD,2512
59923383721413,RV_VLD,2516
59923383721413,RV_VLD,2520
59923383721413,RV_VLD,2524
59923383721413,RV_VLD,2528
59923383721413,RV_VLD,2532
59923383721413,RV_VLD,2536
59923383721413,RV_VLD,2540
59923383721413,RV_VLD,2544
59923383721413,RV_VLD,2548
59923383721413,RV_VLD,2552
59923383721413,RV_VLD,2556
59923383721414,RV_VLD,256
59923383721414,RV_VLD,260
59923383721414,RV_VLD,264
59923383721414,RV_VLD,268
59923383721414,RV_VLD,272
59923383721414,RV_VLD,276
59923383721414,RV_VLD,280
59923383721414,RV_VLD,284
59923383721414,RV_VLD,288
59923383721414,RV_VLD,292
59923383721414,RV_VLD,296
59923383721414,RV_VLD,300
59923383721414,RV_VLD,304
59923383721414,RV_VLD,308
59923383721414,RV_VLD,312
59923383721414,RV_VLD,316
59923383721414,RV_VLD,320
59923383721414,RV_VLD,324
59923383721414,RV_VLD,328
59923383721414,RV_VLD,332
59923383721414,RV_VLD,336
59923383721414,RV_VLD,340
59923383721414,RV_VLD,344
59923383721414,RV_VLD,348
59923383721414,RV_VLD,352
59923383721414,RV_VLD,356
59923383721414,RV_VLD,360
59923383721414,RV_VLD,364
59923383721414,RV_VLD,368
59923383721414,RV_VLD,372
59923383721414,RV_VLD,376
59923383721414,RV_VLD,380
59923383721414,RV_VLD,384
59923383721414,RV_VLD,388
59923383721414,RV_VLD,392
59923383721414,RV_VLD,396
59923383721414,RV_VLD,400
59923383721414,RV_VLD,404
59923383721414,RV_VLD,408
59923383721414,RV_VLD,412
59923383721414,RV_VLD,416
59923383721414,RV_VLD,420
59923383721414,RV_VLD,424
59923383721414,RV_VLD,428
59923383721414,RV_VLD,432
59923383721414,RV_VLD,436
59923383721414,RV_VLD,440
59923383721414,RV_VLD,444
59923383721414,RV_VLD,448
59923383721414,RV_VLD,452
59923383721414,RV_VLD,456
59923383721414,RV_VLD,460
59923383721414,RV_VLD,464
59923383721414,RV_VLD,468
59923383721414,RV_VLD,472
59923383721414,RV_VLD,476
59923383721414,RV_VLD,480
59923383721414,RV_VLD,484
59923383721414,RV_VLD,488
59923383721414,RV_VLD,492
59923383721414,RV_VLD,496
59923383721414,RV_VLD,500
59923383721414,RV_VLD,504
59923383721414,RV_VLD,508
58823872093641,RV_VST,2304
58823872093641,RV_VST,2308
58823872093641,RV_VST,2312
58823872093641,RV_VST,2316
58823872093641,RV_VST,2320
58823872093641,RV_VST,2324
58823872093641,RV_VST,2328
58823872093641,RV_VST,2332
58823872093641,RV_VST,2336
58823872093641,RV_VST,2340
58823872093641,RV_VST,2344
58823872093641,RV_VST,2348
58823872093641,RV_VST,2352
58823872093641,RV_VST,2356
58823872093641,RV_VST,2360
58823872093641,RV_VST,2364
58823872093641,RV_VST,2368
58823872093641,RV_VST,2372
58823872093641,RV_VST,2376
58823872093641,RV_VST,2380
58823872093641,RV_VST,2384
58823872093641,RV_VST,2388
58823872093641,RV_VST,2392
58823872093641,RV_VST,2396
58823872093641,RV_VST,2400
58823872093641,RV_VST,2404
58823872093641,RV_VST,2408
58823872093641,RV_VST,2412
58823872093641,RV_VST,2416
58823872093641,RV_VST,2420
58823872093641,RV_VST,2424
58823872093641,RV_VST,2428
58823872093641,RV_VST,2432
58823872093641,RV_VST,2436
58823872093641,RV_VST,2440
58823872093641,RV_VST,2444
58823872093641,RV_VST,2448
58823872093641,RV_VST,2452
58823872093641,RV_VST,2456
58823872093641,RV_VST,2460
58823872093641,RV_VST,2464
58823872093641,RV_VST,2468
58823872093641,RV_VST,2472
58823872093641,RV_VST,2476
58823872093641,RV_VST,2480
58823872093641,RV_VST,2484
58823872093641,RV_VST,2488
58823872093641,RV_VST,2492
58823872093641,RV_VST,2496
58823872093641,RV_VST,2500
58823872093641,RV_VST,2504
58823872093641,RV_VST,2508
58823872093641,RV_VST,2512
58823872093641,RV_VST,2516
58823872093641,RV_VST,2520
58823872093641,RV_VST,2524
58823872093641,RV_VST,2528
58823872093641,RV_VST,2532
58823872093641,RV_VST,2536
58823872093641,RV_VST,2540
58823872093641,RV_VST,2544
58823872093641,RV_VST,2548
58823872093641,RV_VST,2552
58823872093641,RV_VST,2556
59923383721446,RV_VLD,2048
59923383721446,RV_VLD,2052
59923383721446,RV_VLD,2056
59923383721446,RV_VLD,2060
59923383721446,RV_VLD,2064
59923383721446,RV_VLD,2068
59923383721446,RV_VLD,2072
59923383721446,RV_VLD,2076
59923383721446,RV_VLD,2080
59923383721446,RV_VLD,2084
59923383721446,RV_VLD,2088
59923383721446,RV_VLD,2092
59923383721446,RV_VLD,2096
59923383721446,RV_VLD,2100
59923383721446,RV_VLD,2104
59923383721446,RV_VLD,2108
59923383721446,RV_VLD,2112
59923383721446,RV_VLD,2116
59923383721446,RV_VLD,2120
59923383721446,RV_VLD,2124
59923383721446,RV_VLD,2128
59923383721446,RV_VLD,2132
59923383721446,RV_VLD,2136
59923383721446,RV_VLD,2140
59923383721446,RV_VLD,2144
59923383721446,RV_VLD,2148
59923383721446,RV_VLD,2152
59923383721446,RV_VLD,2156
59923383721446,RV_VLD,2160
59923383721446,RV_VLD,2164
59923383721446,RV_VLD,2168
59923383721446,RV_VLD,2172
59923383721446,RV_VLD,2176
59923383721446,RV_VLD,2180
59923383721446,RV_VLD,2184
59923383721446,RV_VLD,2188
59923383721446,RV_VLD,2192
59923383721446,RV_VLD,2196
59923383721446,RV_VLD,2200
59923383721446,RV_VLD,2204
59923383721446,RV_VLD,2208
59923383721446,RV_VLD,2212
59923383721446,RV_VLD,2216
59923383721446,RV_VLD,2220
59923383721446,RV_VLD,2224
59923383721446,RV_VLD,2228
59923383721446,RV_VLD,2232
59923383721446,RV_VLD,2236
59923383721446,RV_VLD,2240
59923383721446,RV_VLD,2244
59923383721446,RV_VLD,2248
59923383721446,RV_VLD,2252
59923383721446,RV_VLD,2256
59923383721446,RV_VLD,2260
59923383721446,RV_VLD,2264
59923383721446,RV_VLD,2268
59923383721446,RV_VLD,2272
59923383721446,RV_VLD,2276
59923383721446,RV_VLD,2280
59923383721446,RV_VLD,2284
59923383721446,RV_VLD,2288
59923383721446,RV_VLD,2292
59923383721446,RV_VLD,2296
59923383721446,RV_VLD,2300
58823872093674,RV_VST,2048
58823872093674,RV_VST,2052
58823872093674,RV_VST,2056
58823872093674,RV_VST,2060
58823872093674,RV_VST,2064
58823872093674,RV_VST,2068
58823872093674,RV_VST,2072
58823872093674,RV_VST,2076
58823872093674,RV_VST,2080
58823872093674,RV_VST,2084
58823872093674,RV_VST,2088
58823872093674,RV_VST,2092
58823872093674,RV_VST,2096
58823872093674,RV_VST,2100
58823872093674,RV_VST,2104
58823872093674,RV_VST,2108
58823872093674,RV_VST,2112
58823872093674,RV_VST,2116
58823872093674,RV_VST,2120
58823872093674,RV_VST,2124
58823872093674,RV_VST,2128
58823872093674,RV_VST,2132
58823872093674,RV_VST,2136
58823872093674,RV_VST,2140
58823872093674,RV_VST,2144
58823872093674,RV_VST,2148
58823872093674,RV_VST,2152
58823872093674,RV_VST,2156
58823872093674,RV_VST,2160
58823872093674,RV_VST,2164
58823872093674,RV_VST,2168
58823872093674,RV_VST,2172
58823872093674,RV_VST,2176
58823872093674,RV_VST,2180
58823872093674,RV_VST,2184
58823872093674,RV_VST,2188
58823872093674,RV_VST,2192
58823872093674,RV_VST,2196
58823872093674,RV_VST,2200
58823872093674,RV_VST,2204
58823872093674,RV_VST,2208
58823872093674,RV_VST,2212
58823872093674,RV_VST,2216
58823872093674,RV_VST,2220
58823872093674,RV_VST,2224
58823872093674,RV_VST,2228
58823872093674,RV_VST,2232
58823872093674,RV_VST,2236
58823872093674,RV_VST,2240
58823872093674,RV_VST,2244
58823872093674,RV_VST,2248
58823872093674,RV_VST,2252
58823872093674,RV_VST,2256
58823872093674,RV_VST,2260
58823872093674,RV_VST,2264
58823872093674,RV_VST,2268
58823872093674,RV_VST,2272
58823872093674,RV_VST,2276
58823872093674,RV_VST,2280
58823872093674,RV_VST,2284
58823872093674,RV_VST,2288
58823872093674,RV_VST,2292
58823872093674,RV_VST,2296
58823872093674,RV_VST,2300
59923383721459,RV_VLD,2304
59923383721459,RV_VLD,2308
59923383721459,RV_VLD,2312
59923383721459,RV_VLD,2316
59923383721459,RV_VLD,2320
59923383721459,RV_VLD,2324
59923383721459,RV_VLD,2328
59923383721459,RV_VLD,2332
59923383721459,RV_VLD,2336
59923383721459,RV_VLD,2340
59923383721459,RV_VLD,2344
59923383721459,RV_VLD,2348
59923383721459,RV_VLD,2352
59923383721459,RV_VLD,2356
59923383721459,RV_VLD,2360
59923383721459,RV_VLD,2364
59923383721459,RV_VLD,2368
59923383721459,RV_VLD,2372
59923383721459,RV_VLD,2376
59923383721459,RV_VLD,2380
59923383721459,RV_VLD,2384
59923383721459,RV_VLD,2388
59923383721459,RV_VLD,2392
59923383721459,RV_VLD,2396
59923383721459,RV_VLD,2400
59923383721459,RV_VLD,2404
59923383721459,RV_VLD,2408
59923383721459,RV_VLD,2412
59923383721459,RV_VLD,2416
59923383721459,RV_VLD,2420
59923383721459,RV_VLD,2424
59923383721459,RV_VLD,2428
59923383721459,RV_VLD,2432
59923383721459,RV_VLD,2436
59923383721459,RV_VLD,2440
59923383721459,RV_VLD,2444
59923383721459,RV_VLD,2448
59923383721459,RV_VLD,2452
59923383721459,RV_VLD,2456
59923383721459,RV_VLD,2460
59923383721459,RV_VLD,2464
59923383721459,RV_VLD,2468
59923383721459,RV_VLD,2472
59923383721459,RV_VLD,2476
59923383721459,RV_VLD,2480
59923383721459,RV_VLD,2484
59923383721459,RV_VLD,2488
59923383721459,RV_VLD,2492
59923383721459,RV_VLD,2496
59923383721459,RV_VLD,2500
59923383721459,RV_VLD,2504
59923383721459,RV_VLD,2508
59923383721459,RV_VLD,2512
59923383721459,RV_VLD,2516
59923383721459,RV_VLD,2520
59923383721459,RV_VLD,2524
59923383721459,RV_VLD,2528
59923383721459,RV_VLD,2532
59923383721459,RV_VLD,2536
59923383721459,RV_VLD,2540
59923383721459,RV_VLD,2544
59923383721459,RV_VLD,2548
59923383721459,RV_VLD,2552
59923383721459,RV_VLD,2556
58823872093687,RV_VST,2304
58823872093687,RV_VST,2308
58823872093687,RV_VST,2312
58823872093687,RV_VST,2316
58823872093687,RV_VST,2320
58823872093687,RV_VST,2324
58823872093687,RV_VST,2328
58823872093687,RV_VST,2332
58823872093687,RV_VST,2336
58823872093687,RV_VST,2340
58823872093687,RV_VST,2344
58823872093687,RV_VST,2348
58823872093687,RV_VST,2352
58823872093687,RV_VST,2356
58823872093687,RV_VST,2360
58823872093687,RV_VST,2364
58823872093687,RV_VST,2368
58823872093687,RV_VST,2372
58823872093687,RV_VST,2376
58823872093687,RV_VST,2380
58823872093687,RV_VST,2384
58823872093687,RV_VST,2388
58823872093687,RV_VST,2392
58823872093687,RV_VST,2396
58823872093687,RV_VST,2400
58823872093687,RV_VST,2404
58823872093687,RV_VST,2408
58823872093687,RV_VST,2412
58823872093687,RV_VST,2416
58823872093687,RV_VST,2420
58823872093687,RV_VST,2424
58823872093687,RV_VST,2428
58823872093687,RV_VST,2432
58823872093687,RV_VST,2436
58823872093687,RV_VST,2440
58823872093687,RV_VST,2444
58823872093687,RV_VST,2448
58823872093687,RV_VST,2452
58823872093687,RV_VST,2456
58823872093687,RV_VST,2460
58823872093687,RV_VST,2464
58823872093687,RV_VST,2468
58823872093687,RV_VST,2472
58823872093687,RV_VST,2476
58823872093687,RV_VST,2480
58823872093687,RV_VST,2484
58823872093687,RV_VST,2488
58823872093687,RV_VST,2492
58823872093687,RV_VST,2496
58823872093687,RV_VST,2500
58823872093687,RV_VST,2504
58823872093687,RV_VST,2508
58823872093687,RV_VST,2512
58823872093687,RV_VST,2516
58823872093687,RV_VST,2520
58823872093687,RV_VST,2524
58823872093687,RV_VST,2528
58823872093687,RV_VST,2532
58823872093687,RV_VST,2536
58823872093687,RV_VST,2540
58823872093687,RV_VST,2544
58823872093687,RV_VST,2548
58823872093687,RV_VST,2552
58823872093687,RV_VST,2556
59923383721486,RV_VLD,0
59923383721486,RV_VLD,4
59923383721486,RV_VLD,8
59923383721486,RV_VLD,12
59923383721486,RV_VLD,16
59923383721486,RV_VLD,20
59923383721486,RV_VLD,24
59923383721486,RV_VLD,28
59923383721486,RV_VLD,32
59923383721486,RV_VLD,36
59923383721486,RV_VLD,40
59923383721486,RV_VLD,44
59923383721486,RV_VLD,48
59923383721486,RV_VLD,52
59923383721486,RV_VLD,56
59923383721486,RV_VLD,60
59923383721486,RV_VLD,64
59923383721486,RV_VLD,68
59923383721486,RV_VLD,72
59923383721486,RV_VLD,76
59923383721486,RV_VLD,80
59923383721486,RV_VLD,84
59923383721486,RV_VLD,88
59923383721486,RV_VLD,92
59923383721486,RV_VLD,96
59923383721486,RV_VLD,100
59923383721486,RV_VLD,104
59923383721486,RV_VLD,108
59923383721486,RV_VLD,112
59923383721486,RV_VLD,116
59923383721486,RV_VLD,120
59923383721486,RV_VLD,124
59923383721486,RV_VLD,128
59923383721486,RV_VLD,132
59923383721486,RV_VLD,136
59923383721486,RV_VLD,140
59923383721486,RV_VLD,144
59923383721486,RV_VLD,148
59923383721486,RV_VLD,152
59923383721486,RV_VLD,156
59923383721486,RV_VLD,160
59923383721486,RV_VLD,164
59923383721486,RV_VLD,168
59923383721486,RV_VLD,172
59923383721486,RV_VLD,176
59923383721486,RV_VLD,180
59923383721486,RV_VLD,184
59923383721486,RV_VLD,188
59923383721486,RV_VLD,192
59923383721486,RV_VLD,196
59923383721486,RV_VLD,200
59923383721486,RV_VLD,204
59923383721486,RV_VLD,208
59923383721486,RV_VLD,212
59923383721486,RV_VLD,216
59923383721486,RV_VLD,220
59923383721486,RV_VLD,224
59923383721486,RV_VLD,228
59923383721486,RV_VLD,232
59923383721486,RV_VLD,236
59923383721486,RV_VLD,240
59923383721486,RV_VLD,244
59923383721486,RV_VLD,248
59923383721486,RV_VLD,252
59923383721487,RV_VLD,2048
59923383721487,RV_VLD,2052
59923383721487,RV_VLD,2056
59923383721487,RV_VLD,2060
59923383721487,RV_VLD,2064
59923383721487,RV_VLD,2068
59923383721487,RV_VLD,2072
59923383721487,RV_VLD,2076
59923383721487,RV_VLD,2080
59923383721487,RV_VLD,2084
59923383721487,RV_VLD,2088
59923383721487,RV_VLD,2092
59923383721487,RV_VLD,2096
59923383721487,RV_VLD,2100
59923383721487,RV_VLD,2104
59923383721487,RV_VLD,2108
59923383721487,RV_VLD,2112
59923383721487,RV_VLD,2116
59923383721487,RV_VLD,2120
59923383721487,RV_VLD,2124
59923383721487,RV_VLD,2128
59923383721487,RV_VLD,2132
59923383721487,RV_VLD,2136
59923383721487,RV_VLD,2140
59923383721487,RV_VLD,2144
59923383721487,RV_VLD,2148
59923383721487,RV_VLD,2152
59923383721487,RV_VLD,2156
59923383721487,RV_VLD,2160
59923383721487,RV_VLD,2164
59923383721487,RV_VLD,2168
59923383721487,RV_VLD,2172
59923383721487,RV_VLD,2176
59923383721487,RV_VLD,2180
59923383721487,RV_VLD,2184
59923383721487,RV_VLD,2188
59923383721487,RV_VLD,2192
59923383721487,RV_VLD,2196
59923383721487,RV_VLD,2200
59923383721487,RV_VLD,2204
59923383721487,RV_VLD,2208
59923383721487,RV_VLD,2212
59923383721487,RV_VLD,2216
59923383721487,RV_VLD,2220
59923383721487,RV_VLD,2224
59923383721487,RV_VLD,2228
59923383721487,RV_VLD,2232
59923383721487,RV_VLD,2236
59923383721487,RV_VLD,2240
59923383721487,RV_VLD,2244
59923383721487,RV_VLD,2248
59923383721487,RV_VLD,2252
59923383721487,RV_VLD,2256
59923383721487,RV_VLD,2260
59923383721487,RV_VLD,2264
59923383721487,RV_VLD,2268
59923383721487,RV_VLD,2272
59923383721487,RV_VLD,2276
59923383721487,RV_VLD,2280
59923383721487,RV_VLD,2284
59923383721487,RV_VLD,2288
59923383721487,RV_VLD,2292
59923383721487,RV_VLD,2296
59923383721487,RV_VLD,2300
58823872093714,RV_VST,2048
58823872093714,RV_VST,2052
58823872093714,RV_VST,2056
58823872093714,RV_VST,2060
58823872093714,RV_VST,2064
58823872093714,RV_VST,2068
58823872093714,RV_VST,2072
58823872093714,RV_VST,2076
58823872093714,RV_VST,2080
58823872093714,RV_VST,2084
58823872093714,RV_VST,2088
58823872093714,RV_VST,2092
58823872093714,RV_VST,2096
58823872093714,RV_VST,2100
58823872093714,RV_VST,2104
58823872093714,RV_VST,2108
58823872093714,RV_VST,2112
58823872093714,RV_VST,2116
58823872093714,RV_VST,2120
58823872093714,RV_VST,2124
58823872093714,RV_VST,2128
58823872093714,RV_VST,2132
58823872093714,RV_VST,2136
58823872093714,RV_VST,2140
58823872093714,RV_VST,2144
58823872093714,RV_VST,2148
58823872093714,RV_VST,2152
58823872093714,RV_VST,2156
58823872093714,RV_VST,2160
58823872093714,RV_VST,2164
58823872093714,RV_VST,2168
58823872093714,RV_VST,2172
58823872093714,RV_VST,2176
58823872093714,RV_VST,2180
58823872093714,RV_VST,2184
58823872093714,RV_VST,2188
58823872093714,RV_VST,2192
58823872093714,RV_VST,2196
58823872093714,RV_VST,2200
58823872093714,RV_VST,2204
58823872093714,RV_VST,2208
58823872093714,RV_VST,2212
58823872093714,RV_VST,2216
58823872093714,RV_VST,2220
58823872093714,RV_VST,2224
58823872093714,RV_VST,2228
58823872093714,RV_VST,2232
58823872093714,RV_VST,2236
58823872093714,RV_VST,2240
58823872093714,RV_VST,2244
58823872093714,RV_VST,2248
58823872093714,RV_VST,2252
58823872093714,RV_VST,2256
58823872093714,RV_VST,2260
58823872093714,RV_VST,2264
58823872093714,RV_VST,2268
58823872093714,RV_VST,2272
58823872093714,RV_VST,2276
58823872093714,RV_VST,2280
58823872093714,RV_VST,2284
58823872093714,RV_VST,2288
58823872093714,RV_VST,2292
58823872093714,RV_VST,2296
58823872093714,RV_VST,2300
59923383721492,RV_VLD,256
59923383721492,RV_VLD,260
59923383721492,RV_VLD,264
59923383721492,RV_VLD,268
59923383721492,RV_VLD,272
59923383721492,RV_VLD,276
59923383721492,RV_VLD,280
59923383721492,RV_VLD,284
59923383721492,RV_VLD,288
59923383721492,RV_VLD,292
59923383721492,RV_VLD,296
59923383721492,RV_VLD,300
59923383721492,RV_VLD,304
59923383721492,RV_VLD,308
59923383721492,RV_VLD,312
59923383721492,RV_VLD,316
59923383721492,RV_VLD,320
59923383721492,RV_VLD,324
59923383721492,RV_VLD,328
59923383721492,RV_VLD,332
59923383721492,RV_VLD,336
59923383721492,RV_VLD,340
59923383721492,RV_VLD,344
59923383721492,RV_VLD,348
59923383721492,RV_VLD,352
59923383721492,RV_VLD,356
59923383721492,RV_VLD,360
59923383721492,RV_VLD,364
59923383721492,RV_VLD,368
59923383721492,RV_VLD,372
59923383721492,RV_VLD,376
59923383721492,RV_VLD,380
59923383721492,RV_VLD,384
59923383721492,RV_VLD,388
59923383721492,RV_VLD,392
59923383721492,RV_VLD,396
59923383721492,RV_VLD,400
59923383721492,RV_VLD,404
59923383721492,RV_VLD,408
59923383721492,RV_VLD,412
59923383721492,RV_VLD,416
59923383721492,RV_VLD,420
59923383721492,RV_VLD,424
59923383721492,RV_VLD,428
59923383721492,RV_VLD,432
59923383721492,RV_VLD,436
59923383721492,RV_VLD,440
59923383721492,RV_VLD,444
59923383721492,RV_VLD,448
59923383721492,RV_VLD,452
59923383721492,RV_VLD,456
59923383721492,RV_VLD,460
59923383721492,RV_VLD,464
59923383721492,RV_VLD,468
59923383721492,RV_VLD,472
59923383721492,RV_VLD,476
59923383721492,RV_VLD,480
59923383721492,RV_VLD,484
59923383721492,RV_VLD,488
59923383721492,RV_VLD,492
59923383721492,RV_VLD,496
59923383721492,RV_VLD,500
59923383721492,RV_VLD,504
59923383721492,RV_VLD,508
59923383721493,RV_VLD,2304
59923383721493,RV_VLD,2308
59923383721493,RV_VLD,2312
59923383721493,RV_VLD,2316
59923383721493,RV_VLD,2320
59923383721493,RV_VLD,2324
59923383721493,RV_VLD,2328
59923383721493,RV_VLD,2332
59923383721493,RV_VLD,2336
59923383721493,RV_VLD,2340
59923383721493,RV_VLD,2344
59923383721493,RV_VLD,2348
59923383721493,RV_VLD,2352
59923383721493,RV_VLD,2356
59923383721493,RV_VLD,2360
59923383721493,RV_VLD,2364
59923383721493,RV_VLD,2368
59923383721493,RV_VLD,2372
59923383721493,RV_VLD,2376
59923383721493,RV_VLD,2380
59923383721493,RV_VLD,2384
59923383721493,RV_VLD,2388
59923383721493,RV_VLD,2392
59923383721493,RV_VLD,2396
59923383721493,RV_VLD,2400
59923383721493,RV_VLD,2404
59923383721493,RV_VLD,2408
59923383721493,RV_VLD,2412
59923383721493,RV_VLD,2416
59923383721493,RV_VLD,2420
59923383721493,RV_VLD,2424
59923383721493,RV_VLD,2428
59923383721493,RV_VLD,2432
59923383721493,RV_VLD,2436
59923383721493,RV_VLD,2440
59923383721493,RV_VLD,2444
59923383721493,RV_VLD,2448
59923383721493,RV_VLD,2452
59923383721493,RV_VLD,2456
59923383721493,RV_VLD,2460
59923383721493,RV_VLD,2464
59923383721493,RV_VLD,2468
59923383721493,RV_VLD,2472
59923383721493,RV_VLD,2476
59923383721493,RV_VLD,2480
59923383721493,RV_VLD,2484
59923383721493,RV_VLD,2488
59923383721493,RV_VLD,2492
59923383721493,RV_VLD,2496
59923383721493,RV_VLD,2500
59923383721493,RV_VLD,2504
59923383721493,RV_VLD,2508
59923383721493,RV_VLD,2512
59923383721493,RV_VLD,2516
59923383721493,RV_VLD,2520
59923383721493,RV_VLD,2524
59923383721493,RV_VLD,2528
59923383721493,RV_VLD,2532
59923383721493,RV_VLD,2536
59923383721493,RV_VLD,2540
59923383721493,RV_VLD,2544
59923383721493,RV_VLD,2548
59923383721493,RV_VLD,2552
59923383721493,RV_VLD,2556
58823872093720,RV_VST,2304
58823872093720,RV_VST,2308
58823872093720,RV_VST,2312
58823872093720,RV_VST,2316
58823872093720,RV_VST,2320
58823872093720,RV_VST,2324
58823872093720,RV_VST,2328
58823872093720,RV_VST,2332
58823872093720,RV_VST,2336
58823872093720,RV_VST,2340
58823872093720,RV_VST,2344
58823872093720,RV_VST,2348
58823872093720,RV_VST,2352
58823872093720,RV_VST,2356
58823872093720,RV_VST,2360
58823872093720,RV_VST,2364
58823872093720,RV_VST,2368
58823872093720,RV_VST,2372
58823872093720,RV_VST,2376
58823872093720,RV_VST,2380
58823872093720,RV_VST,2384
58823872093720,RV_VST,2388
58823872093720,RV_VST,2392
58823872093720,RV_VST,2396
58823872093720,RV_VST,2400
58823872093720,RV_VST,2404
58823872093720,RV_VST,2408
58823872093720,RV_VST,2412
58823872093720,RV_VST,2416
58823872093720,RV_VST,2420
58823872093720,RV_VST,2424
58823872093720,RV_VST,2428
58823872093720,RV_VST,2432
58823872093720,RV_VST,2436
58823872093720,RV_VST,2440
58823872093720,RV_VST,2444
58823872093720,RV_VST,2448
58823872093720,RV_VST,2452
58823872093720,RV_VST,2456
58823872093720,RV_VST,2460
58823872093720,RV_VST,2464
58823872093720,RV_VST,2468
58823872093720,RV_VST,2472
58823872093720,RV_VST,2476
58823872093720,RV_VST,2480
58823872093720,RV_VST,2484
58823872093720,RV_VST,2488
58823872093720,RV_VST,2492
58823872093720,RV_VST,2496
58823872093720,RV_VST,2500
58823872093720,RV_VST,2504
58823872093720,RV_VST,2508
58823872093720,RV_VST,2512
58823872093720,RV_VST,2516
58823872093720,RV_VST,2520
58823872093720,RV_VST,2524
58823872093720,RV_VST,2528
58823872093720,RV_VST,2532
58823872093720,RV_VST,2536
58823872093720,RV_VST,2540
58823872093720,RV_VST,2544
58823872093720,RV_VST,2548
58823872093720,RV_VST,2552
58823872093720,RV_VST,2556
59923383721578,RV_VLD,0
59923383721578,RV_VLD,4
59923383721578,RV_VLD,8
59923383721578,RV_VLD,12
59923383721578,RV_VLD,16
59923383721578,RV_VLD,20
59923383721578,RV_VLD,24
59923383721578,RV_VLD,28
59923383721578,RV_VLD,32
59923383721578,RV_VLD,36
59923383721578,RV_VLD,40
59923383721578,RV_VLD,44
59923383721578,RV_VLD,48
59923383721578,RV_VLD,52
59923383721578,RV_VLD,56
59923383721578,RV_VLD,60
59923383721578,RV_VLD,64
59923383721578,RV_VLD,68
59923383721578,RV_VLD,72
59923383721578,RV_VLD,76
59923383721578,RV_VLD,80
59923383721578,RV_VLD,84
59923383721578,RV_VLD,88
59923383721578,RV_VLD,92
59923383721578,RV_VLD,96
59923383721578,RV_VLD,100
59923383721578,RV_VLD,104
59923383721578,RV_VLD,108
59923383721578,RV_VLD,112
59923383721578,RV_VLD,116
59923383721578,RV_VLD,120
59923383721578,RV_VLD,124
59923383721578,RV_VLD,128
59923383721578,RV_VLD,132
59923383721578,RV_VLD,136
59923383721578,RV_VLD,140
59923383721578,RV_VLD,144
59923383721578,RV_VLD,148
59923383721578,RV_VLD,152
59923383721578,RV_VLD,156
59923383721578,RV_VLD,160
59923383721578,RV_VLD,164
59923383721578,RV_VLD,168
59923383721578,RV_VLD,172
59923383721578,RV_VLD,176
59923383721578,RV_VLD,180
59923383721578,RV_VLD,184
59923383721578,RV_VLD,188
59923383721578,RV_VLD,192
59923383721578,RV_VLD,196
59923383721578,RV_VLD,200
59923383721578,RV_VLD,204
59923383721578,RV_VLD,208
59923383721578,RV_VLD,212
59923383721578,RV_VLD,216
59923383721578,RV_VLD,220
59923383721578,RV_VLD,224
59923383721578,RV_VLD,228
59923383721578,RV_VLD,232
59923383721578,RV_VLD,236
59923383721578,RV_VLD,240
59923383721578,RV_VLD,244
59923383721578,RV_VLD,248
59923383721578,RV_VLD,252
59923383721579,RV_VLD,2048
59923383721579,RV_VLD,2052
59923383721579,RV_VLD,2056
59923383721579,RV_VLD,2060
59923383721579,RV_VLD,2064
59923383721579,RV_VLD,2068
59923383721579,RV_VLD,2072
59923383721579,RV_VLD,2076
59923383721579,RV_VLD,2080
59923383721579,RV_VLD,2084
59923383721579,RV_VLD,2088
59923383721579,RV_VLD,2092
59923383721579,RV_VLD,2096
59923383721579,RV_VLD,2100
59923383721579,RV_VLD,2104
59923383721579,RV_VLD,2108
59923383721579,RV_VLD,2112
59923383721579,RV_VLD,2116
59923383721579,RV_VLD,2120
59923383721579,RV_VLD,2124
59923383721579,RV_VLD,2128
59923383721579,RV_VLD,2132
59923383721579,RV_VLD,2136
59923383721579,RV_VLD,2140
59923383721579,RV_VLD,2144
59923383721579,RV_VLD,2148
59923383721579,RV_VLD,2152
59923383721579,RV_VLD,2156
59923383721579,RV_VLD,2160
59923383721579,RV_VLD,2164
59923383721579,RV_VLD,2168
59923383721579,RV_VLD,2172
59923383721579,RV_VLD,2176
59923383721579,RV_VLD,2180
59923383721579,RV_VLD,2184
59923383721579,RV_VLD,2188
59923383721579,RV_VLD,2192
59923383721579,RV_VLD,2196
59923383721579,RV_VLD,2200
59923383721579,RV_VLD,2204
59923383721579,RV_VLD,2208
59923383721579,RV_VLD,2212
59923383721579,RV_VLD,2216
59923383721579,RV_VLD,2220
59923383721579,RV_VLD,2224
59923383721579,RV_VLD,2228
59923383721579,RV_VLD,2232
59923383721579,RV_VLD,2236
59923383721579,RV_VLD,2240
59923383721579,RV_VLD,2244
59923383721579,RV_VLD,2248
59923383721579,RV_VLD,2252
59923383721579,RV_VLD,2256
59923383721579,RV_VLD,2260
59923383721579,RV_VLD,2264
59923383721579,RV_VLD,2268
59923383721579,RV_VLD,2272
59923383721579,RV_VLD,2276
59923383721579,RV_VLD,2280
59923383721579,RV_VLD,2284
59923383721579,RV_VLD,2288
59923383721579,RV_VLD,2292
59923383721579,RV_VLD,2296
59923383721579,RV_VLD,2300
58823872093806,RV_VST,1024
58823872093806,RV_VST,1028
58823872093806,RV_VST,1032
58823872093806,RV_VST,1036
58823872093806,RV_VST,1040
58823872093806,RV_VST,1044
58823872093806,RV_VST,1048
58823872093806,RV_VST,1052
58823872093806,RV_VST,1056
58823872093806,RV_VST,1060
58823872093806,RV_VST,1064
58823872093806,RV_VST,1068
58823872093806,RV_VST,1072
58823872093806,RV_VST,1076
58823872093806,RV_VST,1080
58823872093806,RV_VST,1084
58823872093806,RV_VST,1088
58823872093806,RV_VST,1092
58823872093806,RV_VST,1096
58823872093806,RV_VST,1100
58823872093806,RV_VST,1104
58823872093806,RV_VST,1108
58823872093806,RV_VST,1112
58823872093806,RV_VST,1116
58823872093806,RV_VST,1120
58823872093806,RV_VST,1124
58823872093806,RV_VST,1128
58823872093806,RV_VST,1132
58823872093806,RV_VST,1136
58823872093806,RV_VST,1140
58823872093806,RV_VST,1144
58823872093806,RV_VST,1148
58823872093806,RV_VST,1152
58823872093806,RV_VST,1156
58823872093806,RV_VST,1160
58823872093806,RV_VST,1164
58823872093806,RV_VST,1168
58823872093806,RV_VST,1172
58823872093806,RV_VST,1176
58823872093806,RV_VST,1180
58823872093806,RV_VST,1184
58823872093806,RV_VST,1188
58823872093806,RV_VST,1192
58823872093806,RV_VST,1196
58823872093806,RV_VST,1200
58823872093806,RV_VST,1204
58823872093806,RV_VST,1208
58823872093806,RV_VST,1212
58823872093806,RV_VST,1216
58823872093806,RV_VST,1220
58823872093806,RV_VST,1224
58823872093806,RV_VST,1228
58823872093806,RV_VST,1232
58823872093806,RV_VST,1236
58823872093806,RV_VST,1240
58823872093806,RV_VST,1244
58823872093806,RV_VST,1248
58823872093806,RV_VST,1252
58823872093806,RV_VST,1256
58823872093806,RV_VST,1260
58823872093806,RV_VST,1264
58823872093806,RV_VST,1268
58823872093806,RV_VST,1272
58823872093806,RV_VST,1276
59923383721587,RV_VLD,256
59923383721587,RV_VLD,260
59923383721587,RV_VLD,264
59923383721587,RV_VLD,268
59923383721587,RV_VLD,272
59923383721587,RV_VLD,276
59923383721587,RV_VLD,280
59923383721587,RV_VLD,284
59923383721587,RV_VLD,288
59923383721587,RV_VLD,292
59923383721587,RV_VLD,296
59923383721587,RV_VLD,300
59923383721587,RV_VLD,304
59923383721587,RV_VLD,308
59923383721587,RV_VLD,312
59923383721587,RV_VLD,316
59923383721587,RV_VLD,320
59923383721587,RV_VLD,324
59923383721587,RV_VLD,328
59923383721587,RV_VLD,332
59923383721587,RV_VLD,336
59923383721587,RV_VLD,340
59923383721587,RV_VLD,344
59923383721587,RV_VLD,348
59923383721587,RV_VLD,352
59923383721587,RV_VLD,356
59923383721587,RV_VLD,360
59923383721587,RV_VLD,364
59923383721587,RV_VLD,368
59923383721587,RV_VLD,372
59923383721587,RV_VLD,376
59923383721587,RV_VLD,380
59923383721587,RV_VLD,384
59923383721587,RV_VLD,388
59923383721587,RV_VLD,392
59923383721587,RV_VLD,396
59923383721587,RV_VLD,400
59923383721587,RV_VLD,404
59923383721587,RV_VLD,408
59923383721587,RV_VLD,412
59923383721587,RV_VLD,416
59923383721587,RV_VLD,420
59923383721587,RV_VLD,424
59923383721587,RV_VLD,428
59923383721587,RV_VLD,432
59923383721587,RV_VLD,436
59923383721587,RV_VLD,440
59923383721587,RV_VLD,444
59923383721587,RV_VLD,448
59923383721587,RV_VLD,452
59923383721587,RV_VLD,456
59923383721587,RV_VLD,460
59923383721587,RV_VLD,464
59923383721587,RV_VLD,468
59923383721587,RV_VLD,472
59923383721587,RV_VLD,476
59923383721587,RV_VLD,480
59923383721587,RV_VLD,484
59923383721587,RV_VLD,488
59923383721587,RV_VLD,492
59923383721587,RV_VLD,496
59923383721587,RV_VLD,500
59923383721587,RV_VLD,504
59923383721587,RV_VLD,508
59923383721588,RV_VLD,2304
59923383721588,RV_VLD,2308
59923383721588,RV_VLD,2312
59923383721588,RV_VLD,2316
59923383721588,RV_VLD,2320
59923383721588,RV_VLD,2324
59923383721588,RV_VLD,2328
59923383721588,RV_VLD,2332
59923383721588,RV_VLD,2336
59923383721588,RV_VLD,2340
59923383721588,RV_VLD,2344
59923383721588,RV_VLD,2348
59923383721588,RV_VLD,2352
59923383721588,RV_VLD,2356
59923383721588,RV_VLD,2360
59923383721588,RV_VLD,2364
59923383721588,RV_VLD,2368
59923383721588,RV_VLD,2372
59923383721588,RV_VLD,2376
59923383721588,RV_VLD,2380
59923383721588,RV_VLD,2384
59923383721588,RV_VLD,2388
59923383721588,RV_VLD,2392
59923383721588,RV_VLD,2396
59923383721588,RV_VLD,2400
59923383721588,RV_VLD,2404
59923383721588,RV_VLD,2408
59923383721588,RV_VLD,2412
59923383721588,RV_VLD,2416
59923383721588,RV_VLD,2420
59923383721588,RV_VLD,2424
59923383721588,RV_VLD,2428
59923383721588,RV_VLD,2432
59923383721588,RV_VLD,2436
59923383721588,RV_VLD,2440
59923383721588,RV_VLD,2444
59923383721588,RV_VLD,2448
59923383721588,RV_VLD,2452
59923383721588,RV_VLD,2456
59923383721588,RV_VLD,2460
59923383721588,RV_VLD,2464
59923383721588,RV_VLD,2468
59923383721588,RV_VLD,2472
59923383721588,RV_VLD,2476
59923383721588,RV_VLD,2480
59923383721588,RV_VLD,2484
59923383721588,RV_VLD,2488
59923383721588,RV_VLD,2492
59923383721588,RV_VLD,2496
59923383721588,RV_VLD,2500
59923383721588,RV_VLD,2504
59923383721588,RV_VLD,2508
59923383721588,RV_VLD,2512
59923383721588,RV_VLD,2516
59923383721588,RV_VLD,2520
59923383721588,RV_VLD,2524
59923383721588,RV_VLD,2528
59923383721588,RV_VLD,2532
59923383721588,RV_VLD,2536
59923383721588,RV_VLD,2540
59923383721588,RV_VLD,2544
59923383721588,RV_VLD,2548
59923383721588,RV_VLD,2552
59923383721588,RV_VLD,2556
58823872093815,RV_VST,1280
58823872093815,RV_VST,1284
58823872093815,RV_VST,1288
58823872093815,RV_VST,1292
58823872093815,RV_VST,1296
58823872093815,RV_VST,1300
58823872093815,RV_VST,1304
58823872093815,RV_VST,1308
58823872093815,RV_VST,1312
58823872093815,RV_VST,1316
58823872093815,RV_VST,1320
58823872093815,RV_VST,1324
58823872093815,RV_VST,1328
58823872093815,RV_VST,1332
58823872093815,RV_VST,1336
58823872093815,RV_VST,1340
58823872093815,RV_VST,1344
58823872093815,RV_VST,1348
58823872093815,RV_VST,1352
58823872093815,RV_VST,1356
58823872093815,RV_VST,1360
58823872093815,RV_VST,1364
58823872093815,RV_VST,1368
58823872093815,RV_VST,1372
58823872093815,RV_VST,1376
58823872093815,RV_VST,1380
58823872093815,RV_VST,1384
58823872093815,RV_VST,1388
58823872093815,RV_VST,1392
58823872093815,RV_VST,1396
58823872093815,RV_VST,1400
58823872093815,RV_VST,1404
58823872093815,RV_VST,1408
58823872093815,RV_VST,1412
58823872093815,RV_VST,1416
58823872093815,RV_VST,1420
58823872093815,RV_VST,1424
58823872093815,RV_VST,1428
58823872093815,RV_VST,1432
58823872093815,RV_VST,1436
58823872093815,RV_VST,1440
58823872093815,RV_VST,1444
58823872093815,RV_VST,1448
58823872093815,RV_VST,1452
58823872093815,RV_VST,1456
58823872093815,RV_VST,1460
58823872093815,RV_VST,1464
58823872093815,RV_VST,1468
58823872093815,RV_VST,1472
58823872093815,RV_VST,1476
58823872093815,RV_VST,1480
58823872093815,RV_VST,1484
58823872093815,RV_VST,1488
58823872093815,RV_VST,1492
58823872093815,RV_VST,1496
58823872093815,RV_VST,1500
58823872093815,RV_VST,1504
58823872093815,RV_VST,1508
58823872093815,RV_VST,1512
58823872093815,RV_VST,1516
58823872093815,RV_VST,1520
58823872093815,RV_VST,1524
58823872093815,RV_VST,1528
58823872093815,RV_VST,1532
60198261628619,RV_VLD,0
60198261628619,RV_VLD,4
60198261628619,RV_VLD,8
60198261628619,RV_VLD,12
60198261628619,RV_VLD,16
60198261628619,RV_VLD,20
60198261628619,RV_VLD,24
60198261628619,RV_VLD,28
60198261628619,RV_VLD,32
60198261628619,RV_VLD,36
60198261628619,RV_VLD,40
60198261628619,RV_VLD,44
60198261628619,RV_VLD,48
60198261628619,RV_VLD,52
60198261628619,RV_VLD,56
60198261628619,RV_VLD,60
60198261628619,RV_VLD,64
60198261628619,RV_VLD,68
60198261628619,RV_VLD,72
60198261628619,RV_VLD,76
60198261628619,RV_VLD,80
60198261628619,RV_VLD,84
60198261628619,RV_VLD,88
60198261628619,RV_VLD,92
60198261628619,RV_VLD,96
60198261628619,RV_VLD,100
60198261628619,RV_VLD,104
60198261628619,RV_VLD,108
60198261628619,RV_VLD,112
60198261628619,RV_VLD,116
60198261628619,RV_VLD,120
60198261628619,RV_VLD,124
60198261628619,RV_VLD,128
60198261628619,RV_VLD,132
60198261628619,RV_VLD,136
60198261628619,RV_VLD,140
60198261628619,RV_VLD,144
60198261628619,RV_VLD,148
60198261628619,RV_VLD,152
60198261628619,RV_VLD,156
60198261628619,RV_VLD,160
60198261628619,RV_VLD,164
60198261628619,RV_VLD,168
60198261628619,RV_VLD,172
60198261628619,RV_VLD,176
60198261628619,RV_VLD,180
60198261628619,RV_VLD,184
60198261628619,RV_VLD,188
60198261628619,RV_VLD,192
60198261628619,RV_VLD,196
60198261628619,RV_VLD,200
60198261628619,RV_VLD,204
60198261628619,RV_VLD,208
60198261628619,RV_VLD,212
60198261628619,RV_VLD,216
60198261628619,RV_VLD,220
60198261628619,RV_VLD,224
60198261628619,RV_VLD,228
60198261628619,RV_VLD,232
60198261628619,RV_VLD,236
60198261628619,RV_VLD,240
60198261628619,RV_VLD,244
60198261628619,RV_VLD,248
60198261628619,RV_VLD,252
59098750000846,RV_VST,2048
59098750000846,RV_VST,2052
59098750000846,RV_VST,2056
59098750000846,RV_VST,2060
59098750000846,RV_VST,2064
59098750000846,RV_VST,2068
59098750000846,RV_VST,2072
59098750000846,RV_VST,2076
59098750000846,RV_VST,2080
59098750000846,RV_VST,2084
59098750000846,RV_VST,2088
59098750000846,RV_VST,2092
59098750000846,RV_VST,2096
59098750000846,RV_VST,2100
59098750000846,RV_VST,2104
59098750000846,RV_VST,2108
59098750000846,RV_VST,2112
59098750000846,RV_VST,2116
59098750000846,RV_VST,2120
59098750000846,RV_VST,2124
59098750000846,RV_VST,2128
59098750000846,RV_VST,2132
59098750000846,RV_VST,2136
59098750000846,RV_VST,2140
59098750000846,RV_VST,2144
59098750000846,RV_VST,2148
59098750000846,RV_VST,2152
59098750000846,RV_VST,2156
59098750000846,RV_VST,2160
59098750000846,RV_VST,2164
59098750000846,RV_VST,2168
59098750000846,RV_VST,2172
59098750000846,RV_VST,2176
59098750000846,RV_VST,2180
59098750000846,RV_VST,2184
59098750000846,RV_VST,2188
59098750000846,RV_VST,2192
59098750000846,RV_VST,2196
59098750000846,RV_VST,2200
59098750000846,RV_VST,2204
59098750000846,RV_VST,2208
59098750000846,RV_VST,2212
59098750000846,RV_VST,2216
59098750000846,RV_VST,2220
59098750000846,RV_VST,2224
59098750000846,RV_VST,2228
59098750000846,RV_VST,2232
59098750000846,RV_VST,2236
59098750000846,RV_VST,2240
59098750000846,RV_VST,2244
59098750000846,RV_VST,2248
59098750000846,RV_VST,2252
59098750000846,RV_VST,2256
59098750000846,RV_VST,2260
59098750000846,RV_VST,2264
59098750000846,RV_VST,2268
59098750000846,RV_VST,2272
59098750000846,RV_VST,2276
59098750000846,RV_VST,2280
59098750000846,RV_VST,2284
59098750000846,RV_VST,2288
59098750000846,RV_VST,2292
59098750000846,RV_VST,2296
59098750000846,RV_VST,2300
60198261628632,RV_VLD,256
60198261628632,RV_VLD,260
60198261628632,RV_VLD,264
60198261628632,RV_VLD,268
60198261628632,RV_VLD,272
60198261628632,RV_VLD,276
60198261628632,RV_VLD,280
60198261628632,RV_VLD,284
60198261628632,RV_VLD,288
60198261628632,RV_VLD,292
60198261628632,RV_VLD,296
60198261628632,RV_VLD,300
60198261628632,RV_VLD,304
60198261628632,RV_VLD,308
60198261628632,RV_VLD,312
60198261628632,RV_VLD,316
60198261628632,RV_VLD,320
60198261628632,RV_VLD,324
60198261628632,RV_VLD,328
60198261628632,RV_VLD,332
60198261628632,RV_VLD,336
60198261628632,RV_VLD,340
60198261628632,RV_VLD,344
60198261628632,RV_VLD,348
60198261628632,RV_VLD,352
60198261628632,RV_VLD,356
60198261628632,RV_VLD,360
60198261628632,RV_VLD,364
60198261628632,RV_VLD,368
60198261628632,RV_VLD,372
60198261628632,RV_VLD,376
60198261628632,RV_VLD,380
60198261628632,RV_VLD,384
60198261628632,RV_VLD,388
60198261628632,RV_VLD,392
60198261628632,RV_VLD,396
60198261628632,RV_VLD,400
60198261628632,RV_VLD,404
60198261628632,RV_VLD,408
60198261628632,RV_VLD,412
60198261628632,RV_VLD,416
60198261628632,RV_VLD,420
60198261628632,RV_VLD,424
60198261628632,RV_VLD,428
60198261628632,RV_VLD,432
60198261628632,RV_VLD,436
60198261628632,RV_VLD,440
60198261628632,RV_VLD,444
60198261628632,RV_VLD,448
60198261628632,RV_VLD,452
60198261628632,RV_VLD,456
60198261628632,RV_VLD,460
60198261628632,RV_VLD,464
60198261628632,RV_VLD,468
60198261628632,RV_VLD,472
60198261628632,RV_VLD,476
60198261628632,RV_VLD,480
60198261628632,RV_VLD,484
60198261628632,RV_VLD,488
60198261628632,RV_VLD,492
60198261628632,RV_VLD,496
60198261628632,RV_VLD,500
60198261628632,RV_VLD,504
60198261628632,RV_VLD,508
59098750000859,RV_VST,2304
59098750000859,RV_VST,2308
59098750000859,RV_VST,2312
59098750000859,RV_VST,2316
59098750000859,RV_VST,2320
59098750000859,RV_VST,2324
59098750000859,RV_VST,2328
59098750000859,RV_VST,2332
59098750000859,RV_VST,2336
59098750000859,RV_VST,2340
59098750000859,RV_VST,2344
59098750000859,RV_VST,2348
59098750000859,RV_VST,2352
59098750000859,RV_VST,2356
59098750000859,RV_VST,2360
59098750000859,RV_VST,2364
59098750000859,RV_VST,2368
59098750000859,RV_VST,2372
59098750000859,RV_VST,2376
59098750000859,RV_VST,2380
59098750000859,RV_VST,2384
59098750000859,RV_VST,2388
59098750000859,RV_VST,2392
59098750000859,RV_VST,2396
59098750000859,RV_VST,2400
59098750000859,RV_VST,2404
59098750000859,RV_VST,2408
59098750000859,RV_VST,2412
59098750000859,RV_VST,2416
59098750000859,RV_VST,2420
59098750000859,RV_VST,2424
59098750000859,RV_VST,2428
59098750000859,RV_VST,2432
59098750000859,RV_VST,2436
59098750000859,RV_VST,2440
59098750000859,RV_VST,2444
59098750000859,RV_VST,2448
59098750000859,RV_VST,2452
59098750000859,RV_VST,2456
59098750000859,RV_VST,2460
59098750000859,RV_VST,2464
59098750000859,RV_VST,2468
59098750000859,RV_VST,2472
59098750000859,RV_VST,2476
59098750000859,RV_VST,2480
59098750000859,RV_VST,2484
59098750000859,RV_VST,2488
59098750000859,RV_VST,2492
59098750000859,RV_VST,2496
59098750000859,RV_VST,2500
59098750000859,RV_VST,2504
59098750000859,RV_VST,2508
59098750000859,RV_VST,2512
59098750000859,RV_VST,2516
59098750000859,RV_VST,2520
59098750000859,RV_VST,2524
59098750000859,RV_VST,2528
59098750000859,RV_VST,2532
59098750000859,RV_VST,2536
59098750000859,RV_VST,2540
59098750000859,RV_VST,2544
59098750000859,RV_VST,2548
59098750000859,RV_VST,2552
59098750000859,RV_VST,2556
60198261628671,RV_VLD,2048
60198261628671,RV_VLD,2052
60198261628671,RV_VLD,2056
60198261628671,RV_VLD,2060
60198261628671,RV_VLD,2064
60198261628671,RV_VLD,2068
60198261628671,RV_VLD,2072
60198261628671,RV_VLD,2076
60198261628671,RV_VLD,2080
60198261628671,RV_VLD,2084
60198261628671,RV_VLD,2088
60198261628671,RV_VLD,2092
60198261628671,RV_VLD,2096
60198261628671,RV_VLD,2100
60198261628671,RV_VLD,2104
60198261628671,RV_VLD,2108
60198261628671,RV_VLD,2112
60198261628671,RV_VLD,2116
60198261628671,RV_VLD,2120
60198261628671,RV_VLD,2124
60198261628671,RV_VLD,2128
60198261628671,RV_VLD,2132
60198261628671,RV_VLD,2136
60198261628671,RV_VLD,2140
60198261628671,RV_VLD,2144
60198261628671,RV_VLD,2148
60198261628671,RV_VLD,2152
60198261628671,RV_VLD,2156
60198261628671,RV_VLD,2160
60198261628671,RV_VLD,2164
60198261628671,RV_VLD,2168
60198261628671,RV_VLD,2172
60198261628671,RV_VLD,2176
60198261628671,RV_VLD,2180
60198261628671,RV_VLD,2184
60198261628671,RV_VLD,2188
60198261628671,RV_VLD,2192
60198261628671,RV_VLD,2196
60198261628671,RV_VLD,2200
60198261628671,RV_VLD,2204
60198261628671,RV_VLD,2208
60198261628671,RV_VLD,2212
60198261628671,RV_VLD,2216
60198261628671,RV_VLD,2220
60198261628671,RV_VLD,2224
60198261628671,RV_VLD,2228
60198261628671,RV_VLD,2232
60198261628671,RV_VLD,2236
60198261628671,RV_VLD,2240
60198261628671,RV_VLD,2244
60198261628671,RV_VLD,2248
60198261628671,RV_VLD,2252
60198261628671,RV_VLD,2256
60198261628671,RV_VLD,2260
60198261628671,RV_VLD,2264
60198261628671,RV_VLD,2268
60198261628671,RV_VLD,2272
60198261628671,RV_VLD,2276
60198261628671,RV_VLD,2280
60198261628671,RV_VLD,2284
60198261628671,RV_VLD,2288
60198261628671,RV_VLD,2292
60198261628671,RV_VLD,2296
60198261628671,RV_VLD,2300
59098750000901,RV_VST,2048
59098750000901,RV_VST,2052
59098750000901,RV_VST,2056
59098750000901,RV_VST,2060
59098750000901,RV_VST,2064
59098750000901,RV_VST,2068
59098750000901,RV_VST,2072
59098750000901,RV_VST,2076
59098750000901,RV_VST,2080
59098750000901,RV_VST,2084
59098750000901,RV_VST,2088
59098750000901,RV_VST,2092
59098750000901,RV_VST,2096
59098750000901,RV_VST,2100
59098750000901,RV_VST,2104
59098750000901,RV_VST,2108
59098750000901,RV_VST,2112
59098750000901,RV_VST,2116
59098750000901,RV_VST,2120
59098750000901,RV_VST,2124
59098750000901,RV_VST,2128
59098750000901,RV_VST,2132
59098750000901,RV_VST,2136
59098750000901,RV_VST,2140
59098750000901,RV_VST,2144
59098750000901,RV_VST,2148
59098750000901,RV_VST,2152
59098750000901,RV_VST,2156
59098750000901,RV_VST,2160
59098750000901,RV_VST,2164
59098750000901,RV_VST,2168
59098750000901,RV_VST,2172
59098750000901,RV_VST,2176
59098750000901,RV_VST,2180
59098750000901,RV_VST,2184
59098750000901,RV_VST,2188
59098750000901,RV_VST,2192
59098750000901,RV_VST,2196
59098750000901,RV_VST,2200
59098750000901,RV_VST,2204
59098750000901,RV_VST,2208
59098750000901,RV_VST,2212
59098750000901,RV_VST,2216
59098750000901,RV_VST,2220
59098750000901,RV_VST,2224
59098750000901,RV_VST,2228
59098750000901,RV_VST,2232
59098750000901,RV_VST,2236
59098750000901,RV_VST,2240
59098750000901,RV_VST,2244
59098750000901,RV_VST,2248
59098750000901,RV_VST,2252
59098750000901,RV_VST,2256
59098750000901,RV_VST,2260
59098750000901,RV_VST,2264
59098750000901,RV_VST,2268
59098750000901,RV_VST,2272
59098750000901,RV_VST,2276
59098750000901,RV_VST,2280
59098750000901,RV_VST,2284
59098750000901,RV_VST,2288
59098750000901,RV_VST,2292
59098750000901,RV_VST,2296
59098750000901,RV_VST,2300
60198261628679,RV_VLD,2304
60198261628679,RV_VLD,2308
60198261628679,RV_VLD,2312
60198261628679,RV_VLD,2316
60198261628679,RV_VLD,2320
60198261628679,RV_VLD,2324
60198261628679,RV_VLD,2328
60198261628679,RV_VLD,2332
60198261628679,RV_VLD,2336
60198261628679,RV_VLD,2340
60198261628679,RV_VLD,2344
60198261628679,RV_VLD,2348
60198261628679,RV_VLD,2352
60198261628679,RV_VLD,2356
60198261628679,RV_VLD,2360
60198261628679,RV_VLD,2364
60198261628679,RV_VLD,2368
60198261628679,RV_VLD,2372
60198261628679,RV_VLD,2376
60198261628679,RV_VLD,2380
60198261628679,RV_VLD,2384
60198261628679,RV_VLD,2388
60198261628679,RV_VLD,2392
60198261628679,RV_VLD,2396
60198261628679,RV_VLD,2400
60198261628679,RV_VLD,2404
60198261628679,RV_VLD,2408
60198261628679,RV_VLD,2412
60198261628679,RV_VLD,2416
60198261628679,RV_VLD,2420
60198261628679,RV_VLD,2424
60198261628679,RV_VLD,2428
60198261628679,RV_VLD,2432
60198261628679,RV_VLD,2436
60198261628679,RV_VLD,2440
60198261628679,RV_VLD,2444
60198261628679,RV_VLD,2448
60198261628679,RV_VLD,2452
60198261628679,RV_VLD,2456
60198261628679,RV_VLD,2460
60198261628679,RV_VLD,2464
60198261628679,RV_VLD,2468
60198261628679,RV_VLD,2472
60198261628679,RV_VLD,2476
60198261628679,RV_VLD,2480
60198261628679,RV_VLD,2484
60198261628679,RV_VLD,2488
60198261628679,RV_VLD,2492
60198261628679,RV_VLD,2496
60198261628679,RV_VLD,2500
60198261628679,RV_VLD,2504
60198261628679,RV_VLD,2508
60198261628679,RV_VLD,2512
60198261628679,RV_VLD,2516
60198261628679,RV_VLD,2520
60198261628679,RV_VLD,2524
60198261628679,RV_VLD,2528
60198261628679,RV_VLD,2532
60198261628679,RV_VLD,2536
60198261628679,RV_VLD,2540
60198261628679,RV_VLD,2544
60198261628679,RV_VLD,2548
60198261628679,RV_VLD,2552
60198261628679,RV_VLD,2556
59098750000907,RV_VST,2304
59098750000907,RV_VST,2308
59098750000907,RV_VST,2312
59098750000907,RV_VST,2316
59098750000907,RV_VST,2320
59098750000907,RV_VST,2324
59098750000907,RV_VST,2328
59098750000907,RV_VST,2332
59098750000907,RV_VST,2336
59098750000907,RV_VST,2340
59098750000907,RV_VST,2344
59098750000907,RV_VST,2348
59098750000907,RV_VST,2352
59098750000907,RV_VST,2356
59098750000907,RV_VST,2360
59098750000907,RV_VST,2364
59098750000907,RV_VST,2368
59098750000907,RV_VST,2372
59098750000907,RV_VST,2376
59098750000907,RV_VST,2380
59098750000907,RV_VST,2384
59098750000907,RV_VST,2388
59098750000907,RV_VST,2392
59098750000907,RV_VST,2396
59098750000907,RV_VST,2400
59098750000907,RV_VST,2404
59098750000907,RV_VST,2408
59098750000907,RV_VST,2412
59098750000907,RV_VST,2416
59098750000907,RV_VST,2420
59098750000907,RV_VST,2424
59098750000907,RV_VST,2428
59098750000907,RV_VST,2432
59098750000907,RV_VST,2436
59098750000907,RV_VST,2440
59098750000907,RV_VST,2444
59098750000907,RV_VST,2448
59098750000907,RV_VST,2452
59098750000907,RV_VST,2456
59098750000907,RV_VST,2460
59098750000907,RV_VST,2464
59098750000907,RV_VST,2468
59098750000907,RV_VST,2472
59098750000907,RV_VST,2476
59098750000907,RV_VST,2480
59098750000907,RV_VST,2484
59098750000907,RV_VST,2488
59098750000907,RV_VST,2492
59098750000907,RV_VST,2496
59098750000907,RV_VST,2500
59098750000907,RV_VST,2504
59098750000907,RV_VST,2508
59098750000907,RV_VST,2512
59098750000907,RV_VST,2516
59098750000907,RV_VST,2520
59098750000907,RV_VST,2524
59098750000907,RV_VST,2528
59098750000907,RV_VST,2532
59098750000907,RV_VST,2536
59098750000907,RV_VST,2540
59098750000907,RV_VST,2544
59098750000907,RV_VST,2548
59098750000907,RV_VST,2552
59098750000907,RV_VST,2556
60198261628721,RV_VLD,2048
60198261628721,RV_VLD,2052
60198261628721,RV_VLD,2056
60198261628721,RV_VLD,2060
60198261628721,RV_VLD,2064
60198261628721,RV_VLD,2068
60198261628721,RV_VLD,2072
60198261628721,RV_VLD,2076
60198261628721,RV_VLD,2080
60198261628721,RV_VLD,2084
60198261628721,RV_VLD,2088
60198261628721,RV_VLD,2092
60198261628721,RV_VLD,2096
60198261628721,RV_VLD,2100
60198261628721,RV_VLD,2104
60198261628721,RV_VLD,2108
60198261628721,RV_VLD,2112
60198261628721,RV_VLD,2116
60198261628721,RV_VLD,2120
60198261628721,RV_VLD,2124
60198261628721,RV_VLD,2128
60198261628721,RV_VLD,2132
60198261628721,RV_VLD,2136
60198261628721,RV_VLD,2140
60198261628721,RV_VLD,2144
60198261628721,RV_VLD,2148
60198261628721,RV_VLD,2152
60198261628721,RV_VLD,2156
60198261628721,RV_VLD,2160
60198261628721,RV_VLD,2164
60198261628721,RV_VLD,2168
60198261628721,RV_VLD,2172
60198261628721,RV_VLD,2176
60198261628721,RV_VLD,2180
60198261628721,RV_VLD,2184
60198261628721,RV_VLD,2188
60198261628721,RV_VLD,2192
60198261628721,RV_VLD,2196
60198261628721,RV_VLD,2200
60198261628721,RV_VLD,2204
60198261628721,RV_VLD,2208
60198261628721,RV_VLD,2212
60198261628721,RV_VLD,2216
60198261628721,RV_VLD,2220
60198261628721,RV_VLD,2224
60198261628721,RV_VLD,2228
60198261628721,RV_VLD,2232
60198261628721,RV_VLD,2236
60198261628721,RV_VLD,2240
60198261628721,RV_VLD,2244
60198261628721,RV_VLD,2248
60198261628721,RV_VLD,2252
60198261628721,RV_VLD,2256
60198261628721,RV_VLD,2260
60198261628721,RV_VLD,2264
60198261628721,RV_VLD,2268
60198261628721,RV_VLD,2272
60198261628721,RV_VLD,2276
60198261628721,RV_VLD,2280
60198261628721,RV_VLD,2284
60198261628721,RV_VLD,2288
60198261628721,RV_VLD,2292
60198261628721,RV_VLD,2296
60198261628721,RV_VLD,2300
60198261628722,RV_VLD,0
60198261628722,RV_VLD,4
60198261628722,RV_VLD,8
60198261628722,RV_VLD,12
60198261628722,RV_VLD,16
60198261628722,RV_VLD,20
60198261628722,RV_VLD,24
60198261628722,RV_VLD,28
60198261628722,RV_VLD,32
60198261628722,RV_VLD,36
60198261628722,RV_VLD,40
60198261628722,RV_VLD,44
60198261628722,RV_VLD,48
60198261628722,RV_VLD,52
60198261628722,RV_VLD,56
60198261628722,RV_VLD,60
60198261628722,RV_VLD,64
60198261628722,RV_VLD,68
60198261628722,RV_VLD,72
60198261628722,RV_VLD,76
60198261628722,RV_VLD,80
60198261628722,RV_VLD,84
60198261628722,RV_VLD,88
60198261628722,RV_VLD,92
60198261628722,RV_VLD,96
60198261628722,RV_VLD,100
60198261628722,RV_VLD,104
60198261628722,RV_VLD,108
60198261628722,RV_VLD,112
60198261628722,RV_VLD,116
60198261628722,RV_VLD,120
60198261628722,RV_VLD,124
60198261628722,RV_VLD,128
60198261628722,RV_VLD,132
60198261628722,RV_VLD,136
60198261628722,RV_VLD,140
60198261628722,RV_VLD,144
60198261628722,RV_VLD,148
60198261628722,RV_VLD,152
60198261628722,RV_VLD,156
60198261628722,RV_VLD,160
60198261628722,RV_VLD,164
60198261628722,RV_VLD,168
60198261628722,RV_VLD,172
60198261628722,RV_VLD,176
60198261628722,RV_VLD,180
60198261628722,RV_VLD,184
60198261628722,RV_VLD,188
60198261628722,RV_VLD,192
60198261628722,RV_VLD,196
60198261628722,RV_VLD,200
60198261628722,RV_VLD,204
60198261628722,RV_VLD,208
60198261628722,RV_VLD,212
60198261628722,RV_VLD,216
60198261628722,RV_VLD,220
60198261628722,RV_VLD,224
60198261628722,RV_VLD,228
60198261628722,RV_VLD,232
60198261628722,RV_VLD,236
60198261628722,RV_VLD,240
60198261628722,RV_VLD,244
60198261628722,RV_VLD,248
60198261628722,RV_VLD,252
59098750000949,RV_VST,2048
59098750000949,RV_VST,2052
59098750000949,RV_VST,2056
59098750000949,RV_VST,2060
59098750000949,RV_VST,2064
59098750000949,RV_VST,2068
59098750000949,RV_VST,2072
59098750000949,RV_VST,2076
59098750000949,RV_VST,2080
59098750000949,RV_VST,2084
59098750000949,RV_VST,2088
59098750000949,RV_VST,2092
59098750000949,RV_VST,2096
59098750000949,RV_VST,2100
59098750000949,RV_VST,2104
59098750000949,RV_VST,2108
59098750000949,RV_VST,2112
59098750000949,RV_VST,2116
59098750000949,RV_VST,2120
59098750000949,RV_VST,2124
59098750000949,RV_VST,2128
59098750000949,RV_VST,2132
59098750000949,RV_VST,2136
59098750000949,RV_VST,2140
59098750000949,RV_VST,2144
59098750000949,RV_VST,2148
59098750000949,RV_VST,2152
59098750000949,RV_VST,2156
59098750000949,RV_VST,2160
59098750000949,RV_VST,2164
59098750000949,RV_VST,2168
59098750000949,RV_VST,2172
59098750000949,RV_VST,2176
59098750000949,RV_VST,2180
59098750000949,RV_VST,2184
59098750000949,RV_VST,2188
59098750000949,RV_VST,2192
59098750000949,RV_VST,2196
59098750000949,RV_VST,2200
59098750000949,RV_VST,2204
59098750000949,RV_VST,2208
59098750000949,RV_VST,2212
59098750000949,RV_VST,2216
59098750000949,RV_VST,2220
59098750000949,RV_VST,2224
59098750000949,RV_VST,2228
59098750000949,RV_VST,2232
59098750000949,RV_VST,2236
59098750000949,RV_VST,2240
59098750000949,RV_VST,2244
59098750000949,RV_VST,2248
59098750000949,RV_VST,2252
59098750000949,RV_VST,2256
59098750000949,RV_VST,2260
59098750000949,RV_VST,2264
59098750000949,RV_VST,2268
59098750000949,RV_VST,2272
59098750000949,RV_VST,2276
59098750000949,RV_VST,2280
59098750000949,RV_VST,2284
59098750000949,RV_VST,2288
59098750000949,RV_VST,2292
59098750000949,RV_VST,2296
59098750000949,RV_VST,2300
60198261628727,RV_VLD,2304
60198261628727,RV_VLD,2308
60198261628727,RV_VLD,2312
60198261628727,RV_VLD,2316
60198261628727,RV_VLD,2320
60198261628727,RV_VLD,2324
60198261628727,RV_VLD,2328
60198261628727,RV_VLD,2332
60198261628727,RV_VLD,2336
60198261628727,RV_VLD,2340
60198261628727,RV_VLD,2344
60198261628727,RV_VLD,2348
60198261628727,RV_VLD,2352
60198261628727,RV_VLD,2356
60198261628727,RV_VLD,2360
60198261628727,RV_VLD,2364
60198261628727,RV_VLD,2368
60198261628727,RV_VLD,2372
60198261628727,RV_VLD,2376
60198261628727,RV_VLD,2380
60198261628727,RV_VLD,2384
60198261628727,RV_VLD,2388
60198261628727,RV_VLD,2392
60198261628727,RV_VLD,2396
60198261628727,RV_VLD,2400
60198261628727,RV_VLD,2404
60198261628727,RV_VLD,2408
60198261628727,RV_VLD,2412
60198261628727,RV_VLD,2416
60198261628727,RV_VLD,2420
60198261628727,RV_VLD,2424
60198261628727,RV_VLD,2428
60198261628727,RV_VLD,2432
60198261628727,RV_VLD,2436
60198261628727,RV_VLD,2440
60198261628727,RV_VLD,2444
60198261628727,RV_VLD,2448
60198261628727,RV_VLD,2452
60198261628727,RV_VLD,2456
60198261628727,RV_VLD,2460
60198261628727,RV_VLD,2464
60198261628727,RV_VLD,2468
60198261628727,RV_VLD,2472
60198261628727,RV_VLD,2476
60198261628727,RV_VLD,2480
60198261628727,RV_VLD,2484
60198261628727,RV_VLD,2488
60198261628727,RV_VLD,2492
60198261628727,RV_VLD,2496
60198261628727,RV_VLD,2500
60198261628727,RV_VLD,2504
60198261628727,RV_VLD,2508
60198261628727,RV_VLD,2512
60198261628727,RV_VLD,2516
60198261628727,RV_VLD,2520
60198261628727,RV_VLD,2524
60198261628727,RV_VLD,2528
60198261628727,RV_VLD,2532
60198261628727,RV_VLD,2536
60198261628727,RV_VLD,2540
60198261628727,RV_VLD,2544
60198261628727,RV_VLD,2548
60198261628727,RV_VLD,2552
60198261628727,RV_VLD,2556
60198261628728,RV_VLD,256
60198261628728,RV_VLD,260
60198261628728,RV_VLD,264
60198261628728,RV_VLD,268
60198261628728,RV_VLD,272
60198261628728,RV_VLD,276
60198261628728,RV_VLD,280
60198261628728,RV_VLD,284
60198261628728,RV_VLD,288
60198261628728,RV_VLD,292
60198261628728,RV_VLD,296
60198261628728,RV_VLD,300
60198261628728,RV_VLD,304
60198261628728,RV_VLD,308
60198261628728,RV_VLD,312
60198261628728,RV_VLD,316
60198261628728,RV_VLD,320
60198261628728,RV_VLD,324
60198261628728,RV_VLD,328
60198261628728,RV_VLD,332
60198261628728,RV_VLD,336
60198261628728,RV_VLD,340
60198261628728,RV_VLD,344
60198261628728,RV_VLD,348
60198261628728,RV_VLD,352
60198261628728,RV_VLD,356
60198261628728,RV_VLD,360
60198261628728,RV_VLD,364
60198261628728,RV_VLD,368
60198261628728,RV_VLD,372
60198261628728,RV_VLD,376
60198261628728,RV_VLD,380
60198261628728,RV_VLD,384
60198261628728,RV_VLD,388
60198261628728,RV_VLD,392
60198261628728,RV_VLD,396
60198261628728,RV_VLD,400
60198261628728,RV_VLD,404
60198261628728,RV_VLD,408
60198261628728,RV_VLD,412
60198261628728,RV_VLD,416
60198261628728,RV_VLD,420
60198261628728,RV_VLD,424
60198261628728,RV_VLD,428
60198261628728,RV_VLD,432
60198261628728,RV_VLD,436
60198261628728,RV_VLD,440
60198261628728,RV_VLD,444
60198261628728,RV_VLD,448
60198261628728,RV_VLD,452
60198261628728,RV_VLD,456
60198261628728,RV_VLD,460
60198261628728,RV_VLD,464
60198261628728,RV_VLD,468
60198261628728,RV_VLD,472
60198261628728,RV_VLD,476
60198261628728,RV_VLD,480
60198261628728,RV_VLD,484
60198261628728,RV_VLD,488
60198261628728,RV_VLD,492
60198261628728,RV_VLD,496
60198261628728,RV_VLD,500
60198261628728,RV_VLD,504
60198261628728,RV_VLD,508
59098750000955,RV_VST,2304
59098750000955,RV_VST,2308
59098750000955,RV_VST,2312
59098750000955,RV_VST,2316
59098750000955,RV_VST,2320
59098750000955,RV_VST,2324
59098750000955,RV_VST,2328
59098750000955,RV_VST,2332
59098750000955,RV_VST,2336
59098750000955,RV_VST,2340
59098750000955,RV_VST,2344
59098750000955,RV_VST,2348
59098750000955,RV_VST,2352
59098750000955,RV_VST,2356
59098750000955,RV_VST,2360
59098750000955,RV_VST,2364
59098750000955,RV_VST,2368
59098750000955,RV_VST,2372
59098750000955,RV_VST,2376
59098750000955,RV_VST,2380
59098750000955,RV_VST,2384
59098750000955,RV_VST,2388
59098750000955,RV_VST,2392
59098750000955,RV_VST,2396
59098750000955,RV_VST,2400
59098750000955,RV_VST,2404
59098750000955,RV_VST,2408
59098750000955,RV_VST,2412
59098750000955,RV_VST,2416
59098750000955,RV_VST,2420
59098750000955,RV_VST,2424
59098750000955,RV_VST,2428
59098750000955,RV_VST,2432
59098750000955,RV_VST,2436
59098750000955,RV_VST,2440
59098750000955,RV_VST,2444
59098750000955,RV_VST,2448
59098750000955,RV_VST,2452
59098750000955,RV_VST,2456
59098750000955,RV_VST,2460
59098750000955,RV_VST,2464
59098750000955,RV_VST,2468
59098750000955,RV_VST,2472
59098750000955,RV_VST,2476
59098750000955,RV_VST,2480
59098750000955,RV_VST,2484
59098750000955,RV_VST,2488
59098750000955,RV_VST,2492
59098750000955,RV_VST,2496
59098750000955,RV_VST,2500
59098750000955,RV_VST,2504
59098750000955,RV_VST,2508
59098750000955,RV_VST,2512
59098750000955,RV_VST,2516
59098750000955,RV_VST,2520
59098750000955,RV_VST,2524
59098750000955,RV_VST,2528
59098750000955,RV_VST,2532
59098750000955,RV_VST,2536
59098750000955,RV_VST,2540
59098750000955,RV_VST,2544
59098750000955,RV_VST,2548
59098750000955,RV_VST,2552
59098750000955,RV_VST,2556
60198261628756,RV_VLD,2048
60198261628756,RV_VLD,2052
60198261628756,RV_VLD,2056
60198261628756,RV_VLD,2060
60198261628756,RV_VLD,2064
60198261628756,RV_VLD,2068
60198261628756,RV_VLD,2072
60198261628756,RV_VLD,2076
60198261628756,RV_VLD,2080
60198261628756,RV_VLD,2084
60198261628756,RV_VLD,2088
60198261628756,RV_VLD,2092
60198261628756,RV_VLD,2096
60198261628756,RV_VLD,2100
60198261628756,RV_VLD,2104
60198261628756,RV_VLD,2108
60198261628756,RV_VLD,2112
60198261628756,RV_VLD,2116
60198261628756,RV_VLD,2120
60198261628756,RV_VLD,2124
60198261628756,RV_VLD,2128
60198261628756,RV_VLD,2132
60198261628756,RV_VLD,2136
60198261628756,RV_VLD,2140
60198261628756,RV_VLD,2144
60198261628756,RV_VLD,2148
60198261628756,RV_VLD,2152
60198261628756,RV_VLD,2156
60198261628756,RV_VLD,2160
60198261628756,RV_VLD,2164
60198261628756,RV_VLD,2168
60198261628756,RV_VLD,2172
60198261628756,RV_VLD,2176
60198261628756,RV_VLD,2180
60198261628756,RV_VLD,2184
60198261628756,RV_VLD,2188
60198261628756,RV_VLD,2192
60198261628756,RV_VLD,2196
60198261628756,RV_VLD,2200
60198261628756,RV_VLD,2204
60198261628756,RV_VLD,2208
60198261628756,RV_VLD,2212
60198261628756,RV_VLD,2216
60198261628756,RV_VLD,2220
60198261628756,RV_VLD,2224
60198261628756,RV_VLD,2228
60198261628756,RV_VLD,2232
60198261628756,RV_VLD,2236
60198261628756,RV_VLD,2240
60198261628756,RV_VLD,2244
60198261628756,RV_VLD,2248
60198261628756,RV_VLD,2252
60198261628756,RV_VLD,2256
60198261628756,RV_VLD,2260
60198261628756,RV_VLD,2264
60198261628756,RV_VLD,2268
60198261628756,RV_VLD,2272
60198261628756,RV_VLD,2276
60198261628756,RV_VLD,2280
60198261628756,RV_VLD,2284
60198261628756,RV_VLD,2288
60198261628756,RV_VLD,2292
60198261628756,RV_VLD,2296
60198261628756,RV_VLD,2300
59098750000984,RV_VST,2048
59098750000984,RV_VST,2052
59098750000984,RV_VST,2056
59098750000984,RV_VST,2060
59098750000984,RV_VST,2064
59098750000984,RV_VST,2068
59098750000984,RV_VST,2072
59098750000984,RV_VST,2076
59098750000984,RV_VST,2080
59098750000984,RV_VST,2084
59098750000984,RV_VST,2088
59098750000984,RV_VST,2092
59098750000984,RV_VST,2096
59098750000984,RV_VST,2100
59098750000984,RV_VST,2104
59098750000984,RV_VST,2108
59098750000984,RV_VST,2112
59098750000984,RV_VST,2116
59098750000984,RV_VST,2120
59098750000984,RV_VST,2124
59098750000984,RV_VST,2128
59098750000984,RV_VST,2132
59098750000984,RV_VST,2136
59098750000984,RV_VST,2140
59098750000984,RV_VST,2144
59098750000984,RV_VST,2148
59098750000984,RV_VST,2152
59098750000984,RV_VST,2156
59098750000984,RV_VST,2160
59098750000984,RV_VST,2164
59098750000984,RV_VST,2168
59098750000984,RV_VST,2172
59098750000984,RV_VST,2176
59098750000984,RV_VST,2180
59098750000984,RV_VST,2184
59098750000984,RV_VST,2188
59098750000984,RV_VST,2192
59098750000984,RV_VST,2196
59098750000984,RV_VST,2200
59098750000984,RV_VST,2204
59098750000984,RV_VST,2208
59098750000984,RV_VST,2212
59098750000984,RV_VST,2216
59098750000984,RV_VST,2220
59098750000984,RV_VST,2224
59098750000984,RV_VST,2228
59098750000984,RV_VST,2232
59098750000984,RV_VST,2236
59098750000984,RV_VST,2240
59098750000984,RV_VST,2244
59098750000984,RV_VST,2248
59098750000984,RV_VST,2252
59098750000984,RV_VST,2256
59098750000984,RV_VST,2260
59098750000984,RV_VST,2264
59098750000984,RV_VST,2268
59098750000984,RV_VST,2272
59098750000984,RV_VST,2276
59098750000984,RV_VST,2280
59098750000984,RV_VST,2284
59098750000984,RV_VST,2288
59098750000984,RV_VST,2292
59098750000984,RV_VST,2296
59098750000984,RV_VST,2300
60198261628770,RV_VLD,2304
60198261628770,RV_VLD,2308
60198261628770,RV_VLD,2312
60198261628770,RV_VLD,2316
60198261628770,RV_VLD,2320
60198261628770,RV_VLD,2324
60198261628770,RV_VLD,2328
60198261628770,RV_VLD,2332
60198261628770,RV_VLD,2336
60198261628770,RV_VLD,2340
60198261628770,RV_VLD,2344
60198261628770,RV_VLD,2348
60198261628770,RV_VLD,2352
60198261628770,RV_VLD,2356
60198261628770,RV_VLD,2360
60198261628770,RV_VLD,2364
60198261628770,RV_VLD,2368
60198261628770,RV_VLD,2372
60198261628770,RV_VLD,2376
60198261628770,RV_VLD,2380
60198261628770,RV_VLD,2384
60198261628770,RV_VLD,2388
60198261628770,RV_VLD,2392
60198261628770,RV_VLD,2396
60198261628770,RV_VLD,2400
60198261628770,RV_VLD,2404
60198261628770,RV_VLD,2408
60198261628770,RV_VLD,2412
60198261628770,RV_VLD,2416
60198261628770,RV_VLD,2420
60198261628770,RV_VLD,2424
60198261628770,RV_VLD,2428
60198261628770,RV_VLD,2432
60198261628770,RV_VLD,2436
60198261628770,RV_VLD,2440
60198261628770,RV_VLD,2444
60198261628770,RV_VLD,2448
60198261628770,RV_VLD,2452
60198261628770,RV_VLD,2456
60198261628770,RV_VLD,2460
60198261628770,RV_VLD,2464
60198261628770,RV_VLD,2468
60198261628770,RV_VLD,2472
60198261628770,RV_VLD,2476
60198261628770,RV_VLD,2480
60198261628770,RV_VLD,2484
60198261628770,RV_VLD,2488
60198261628770,RV_VLD,2492
60198261628770,RV_VLD,2496
60198261628770,RV_VLD,2500
60198261628770,RV_VLD,2504
60198261628770,RV_VLD,2508
60198261628770,RV_VLD,2512
60198261628770,RV_VLD,2516
60198261628770,RV_VLD,2520
60198261628770,RV_VLD,2524
60198261628770,RV_VLD,2528
60198261628770,RV_VLD,2532
60198261628770,RV_VLD,2536
60198261628770,RV_VLD,2540
60198261628770,RV_VLD,2544
60198261628770,RV_VLD,2548
60198261628770,RV_VLD,2552
60198261628770,RV_VLD,2556
59098750000998,RV_VST,2304
59098750000998,RV_VST,2308
59098750000998,RV_VST,2312
59098750000998,RV_VST,2316
59098750000998,RV_VST,2320
59098750000998,RV_VST,2324
59098750000998,RV_VST,2328
59098750000998,RV_VST,2332
59098750000998,RV_VST,2336
59098750000998,RV_VST,2340
59098750000998,RV_VST,2344
59098750000998,RV_VST,2348
59098750000998,RV_VST,2352
59098750000998,RV_VST,2356
59098750000998,RV_VST,2360
59098750000998,RV_VST,2364
59098750000998,RV_VST,2368
59098750000998,RV_VST,2372
59098750000998,RV_VST,2376
59098750000998,RV_VST,2380
59098750000998,RV_VST,2384
59098750000998,RV_VST,2388
59098750000998,RV_VST,2392
59098750000998,RV_VST,2396
59098750000998,RV_VST,2400
59098750000998,RV_VST,2404
59098750000998,RV_VST,2408
59098750000998,RV_VST,2412
59098750000998,RV_VST,2416
59098750000998,RV_VST,2420
59098750000998,RV_VST,2424
59098750000998,RV_VST,2428
59098750000998,RV_VST,2432
59098750000998,RV_VST,2436
59098750000998,RV_VST,2440
59098750000998,RV_VST,2444
59098750000998,RV_VST,2448
59098750000998,RV_VST,2452
59098750000998,RV_VST,2456
59098750000998,RV_VST,2460
59098750000998,RV_VST,2464
59098750000998,RV_VST,2468
59098750000998,RV_VST,2472
59098750000998,RV_VST,2476
59098750000998,RV_VST,2480
59098750000998,RV_VST,2484
59098750000998,RV_VST,2488
59098750000998,RV_VST,2492
59098750000998,RV_VST,2496
59098750000998,RV_VST,2500
59098750000998,RV_VST,2504
59098750000998,RV_VST,2508
59098750000998,RV_VST,2512
59098750000998,RV_VST,2516
59098750000998,RV_VST,2520
59098750000998,RV_VST,2524
59098750000998,RV_VST,2528
59098750000998,RV_VST,2532
59098750000998,RV_VST,2536
59098750000998,RV_VST,2540
59098750000998,RV_VST,2544
59098750000998,RV_VST,2548
59098750000998,RV_VST,2552
59098750000998,RV_VST,2556
60198261628793,RV_VLD,0
60198261628793,RV_VLD,4
60198261628793,RV_VLD,8
60198261628793,RV_VLD,12
60198261628793,RV_VLD,16
60198261628793,RV_VLD,20
60198261628793,RV_VLD,24
60198261628793,RV_VLD,28
60198261628793,RV_VLD,32
60198261628793,RV_VLD,36
60198261628793,RV_VLD,40
60198261628793,RV_VLD,44
60198261628793,RV_VLD,48
60198261628793,RV_VLD,52
60198261628793,RV_VLD,56
60198261628793,RV_VLD,60
60198261628793,RV_VLD,64
60198261628793,RV_VLD,68
60198261628793,RV_VLD,72
60198261628793,RV_VLD,76
60198261628793,RV_VLD,80
60198261628793,RV_VLD,84
60198261628793,RV_VLD,88
60198261628793,RV_VLD,92
60198261628793,RV_VLD,96
60198261628793,RV_VLD,100
60198261628793,RV_VLD,104
60198261628793,RV_VLD,108
60198261628793,RV_VLD,112
60198261628793,RV_VLD,116
60198261628793,RV_VLD,120
60198261628793,RV_VLD,124
60198261628793,RV_VLD,128
60198261628793,RV_VLD,132
60198261628793,RV_VLD,136
60198261628793,RV_VLD,140
60198261628793,RV_VLD,144
60198261628793,RV_VLD,148
60198261628793,RV_VLD,152
60198261628793,RV_VLD,156
60198261628793,RV_VLD,160
60198261628793,RV_VLD,164
60198261628793,RV_VLD,168
60198261628793,RV_VLD,172
60198261628793,RV_VLD,176
60198261628793,RV_VLD,180
60198261628793,RV_VLD,184
60198261628793,RV_VLD,188
60198261628793,RV_VLD,192
60198261628793,RV_VLD,196
60198261628793,RV_VLD,200
60198261628793,RV_VLD,204
60198261628793,RV_VLD,208
60198261628793,RV_VLD,212
60198261628793,RV_VLD,216
60198261628793,RV_VLD,220
60198261628793,RV_VLD,224
60198261628793,RV_VLD,228
60198261628793,RV_VLD,232
60198261628793,RV_VLD,236
60198261628793,RV_VLD,240
60198261628793,RV_VLD,244
60198261628793,RV_VLD,248
60198261628793,RV_VLD,252
60198261628794,RV_VLD,2048
60198261628794,RV_VLD,2052
60198261628794,RV_VLD,2056
60198261628794,RV_VLD,2060
60198261628794,RV_VLD,2064
60198261628794,RV_VLD,2068
60198261628794,RV_VLD,2072
60198261628794,RV_VLD,2076
60198261628794,RV_VLD,2080
60198261628794,RV_VLD,2084
60198261628794,RV_VLD,2088
60198261628794,RV_VLD,2092
60198261628794,RV_VLD,2096
60198261628794,RV_VLD,2100
60198261628794,RV_VLD,2104
60198261628794,RV_VLD,2108
60198261628794,RV_VLD,2112
60198261628794,RV_VLD,2116
60198261628794,RV_VLD,2120
60198261628794,RV_VLD,2124
60198261628794,RV_VLD,2128
60198261628794,RV_VLD,2132
60198261628794,RV_VLD,2136
60198261628794,RV_VLD,2140
60198261628794,RV_VLD,2144
60198261628794,RV_VLD,2148
60198261628794,RV_VLD,2152
60198261628794,RV_VLD,2156
60198261628794,RV_VLD,2160
60198261628794,RV_VLD,2164
60198261628794,RV_VLD,2168
60198261628794,RV_VLD,2172
60198261628794,RV_VLD,2176
60198261628794,RV_VLD,2180
60198261628794,RV_VLD,2184
60198261628794,RV_VLD,2188
60198261628794,RV_VLD,2192
60198261628794,RV_VLD,2196
60198261628794,RV_VLD,2200
60198261628794,RV_VLD,2204
60198261628794,RV_VLD,2208
60198261628794,RV_VLD,2212
60198261628794,RV_VLD,2216
60198261628794,RV_VLD,2220
60198261628794,RV_VLD,2224
60198261628794,RV_VLD,2228
60198261628794,RV_VLD,2232
60198261628794,RV_VLD,2236
60198261628794,RV_VLD,2240
60198261628794,RV_VLD,2244
60198261628794,RV_VLD,2248
60198261628794,RV_VLD,2252
60198261628794,RV_VLD,2256
60198261628794,RV_VLD,2260
60198261628794,RV_VLD,2264
60198261628794,RV_VLD,2268
60198261628794,RV_VLD,2272
60198261628794,RV_VLD,2276
60198261628794,RV_VLD,2280
60198261628794,RV_VLD,2284
60198261628794,RV_VLD,2288
60198261628794,RV_VLD,2292
60198261628794,RV_VLD,2296
60198261628794,RV_VLD,2300
59098750001021,RV_VST,2048
59098750001021,RV_VST,2052
59098750001021,RV_VST,2056
59098750001021,RV_VST,2060
59098750001021,RV_VST,2064
59098750001021,RV_VST,2068
59098750001021,RV_VST,2072
59098750001021,RV_VST,2076
59098750001021,RV_VST,2080
59098750001021,RV_VST,2084
59098750001021,RV_VST,2088
59098750001021,RV_VST,2092
59098750001021,RV_VST,2096
59098750001021,RV_VST,2100
59098750001021,RV_VST,2104
59098750001021,RV_VST,2108
59098750001021,RV_VST,2112
59098750001021,RV_VST,2116
59098750001021,RV_VST,2120
59098750001021,RV_VST,2124
59098750001021,RV_VST,2128
59098750001021,RV_VST,2132
59098750001021,RV_VST,2136
59098750001021,RV_VST,2140
59098750001021,RV_VST,2144
59098750001021,RV_VST,2148
59098750001021,RV_VST,2152
59098750001021,RV_VST,2156
59098750001021,RV_VST,2160
59098750001021,RV_VST,2164
59098750001021,RV_VST,2168
59098750001021,RV_VST,2172
59098750001021,RV_VST,2176
59098750001021,RV_VST,2180
59098750001021,RV_VST,2184
59098750001021,RV_VST,2188
59098750001021,RV_VST,2192
59098750001021,RV_VST,2196
59098750001021,RV_VST,2200
59098750001021,RV_VST,2204
59098750001021,RV_VST,2208
59098750001021,RV_VST,2212
59098750001021,RV_VST,2216
59098750001021,RV_VST,2220
59098750001021,RV_VST,2224
59098750001021,RV_VST,2228
59098750001021,RV_VST,2232
59098750001021,RV_VST,2236
59098750001021,RV_VST,2240
59098750001021,RV_VST,2244
59098750001021,RV_VST,2248
59098750001021,RV_VST,2252
59098750001021,RV_VST,2256
59098750001021,RV_VST,2260
59098750001021,RV_VST,2264
59098750001021,RV_VST,2268
59098750001021,RV_VST,2272
59098750001021,RV_VST,2276
59098750001021,RV_VST,2280
59098750001021,RV_VST,2284
59098750001021,RV_VST,2288
59098750001021,RV_VST,2292
59098750001021,RV_VST,2296
59098750001021,RV_VST,2300
60198261628799,RV_VLD,256
60198261628799,RV_VLD,260
60198261628799,RV_VLD,264
60198261628799,RV_VLD,268
60198261628799,RV_VLD,272
60198261628799,RV_VLD,276
60198261628799,RV_VLD,280
60198261628799,RV_VLD,284
60198261628799,RV_VLD,288
60198261628799,RV_VLD,292
60198261628799,RV_VLD,296
60198261628799,RV_VLD,300
60198261628799,RV_VLD,304
60198261628799,RV_VLD,308
60198261628799,RV_VLD,312
60198261628799,RV_VLD,316
60198261628799,RV_VLD,320
60198261628799,RV_VLD,324
60198261628799,RV_VLD,328
60198261628799,RV_VLD,332
60198261628799,RV_VLD,336
60198261628799,RV_VLD,340
60198261628799,RV_VLD,344
60198261628799,RV_VLD,348
60198261628799,RV_VLD,352
60198261628799,RV_VLD,356
60198261628799,RV_VLD,360
60198261628799,RV_VLD,364
60198261628799,RV_VLD,368
60198261628799,RV_VLD,372
60198261628799,RV_VLD,376
60198261628799,RV_VLD,380
60198261628799,RV_VLD,384
60198261628799,RV_VLD,388
60198261628799,RV_VLD,392
60198261628799,RV_VLD,396
60198261628799,RV_VLD,400
60198261628799,RV_VLD,404
60198261628799,RV_VLD,408
60198261628799,RV_VLD,412
60198261628799,RV_VLD,416
60198261628799,RV_VLD,420
60198261628799,RV_VLD,424
60198261628799,RV_VLD,428
60198261628799,RV_VLD,432
60198261628799,RV_VLD,436
60198261628799,RV_VLD,440
60198261628799,RV_VLD,444
60198261628799,RV_VLD,448
60198261628799,RV_VLD,452
60198261628799,RV_VLD,456
60198261628799,RV_VLD,460
60198261628799,RV_VLD,464
60198261628799,RV_VLD,468
60198261628799,RV_VLD,472
60198261628799,RV_VLD,476
60198261628799,RV_VLD,480
60198261628799,RV_VLD,484
60198261628799,RV_VLD,488
60198261628799,RV_VLD,492
60198261628799,RV_VLD,496
60198261628799,RV_VLD,500
60198261628799,RV_VLD,504
60198261628799,RV_VLD,508
60198261628800,RV_VLD,2304
60198261628800,RV_VLD,2308
60198261628800,RV_VLD,2312
60198261628800,RV_VLD,2316
60198261628800,RV_VLD,2320
60198261628800,RV_VLD,2324
60198261628800,RV_VLD,2328
60198261628800,RV_VLD,2332
60198261628800,RV_VLD,2336
60198261628800,RV_VLD,2340
60198261628800,RV_VLD,2344
60198261628800,RV_VLD,2348
60198261628800,RV_VLD,2352
60198261628800,RV_VLD,2356
60198261628800,RV_VLD,2360
60198261628800,RV_VLD,2364
60198261628800,RV_VLD,2368
60198261628800,RV_VLD,2372
60198261628800,RV_VLD,2376
60198261628800,RV_VLD,2380
60198261628800,RV_VLD,2384
60198261628800,RV_VLD,2388
60198261628800,RV_VLD,2392
60198261628800,RV_VLD,2396
60198261628800,RV_VLD,2400
60198261628800,RV_VLD,2404
60198261628800,RV_VLD,2408
60198261628800,RV_VLD,2412
60198261628800,RV_VLD,2416
60198261628800,RV_VLD,2420
60198261628800,RV_VLD,2424
60198261628800,RV_VLD,2428
60198261628800,RV_VLD,2432
60198261628800,RV_VLD,2436
60198261628800,RV_VLD,2440
60198261628800,RV_VLD,2444
60198261628800,RV_VLD,2448
60198261628800,RV_VLD,2452
60198261628800,RV_VLD,2456
60198261628800,RV_VLD,2460
60198261628800,RV_VLD,2464
60198261628800,RV_VLD,2468
60198261628800,RV_VLD,2472
60198261628800,RV_VLD,2476
60198261628800,RV_VLD,2480
60198261628800,RV_VLD,2484
60198261628800,RV_VLD,2488
60198261628800,RV_VLD,2492
60198261628800,RV_VLD,2496
60198261628800,RV_VLD,2500
60198261628800,RV_VLD,2504
60198261628800,RV_VLD,2508
60198261628800,RV_VLD,2512
60198261628800,RV_VLD,2516
60198261628800,RV_VLD,2520
60198261628800,RV_VLD,2524
60198261628800,RV_VLD,2528
60198261628800,RV_VLD,2532
60198261628800,RV_VLD,2536
60198261628800,RV_VLD,2540
60198261628800,RV_VLD,2544
60198261628800,RV_VLD,2548
60198261628800,RV_VLD,2552
60198261628800,RV_VLD,2556
59098750001027,RV_VST,2304
59098750001027,RV_VST,2308
59098750001027,RV_VST,2312
59098750001027,RV_VST,2316
59098750001027,RV_VST,2320
59098750001027,RV_VST,2324
59098750001027,RV_VST,2328
59098750001027,RV_VST,2332
59098750001027,RV_VST,2336
59098750001027,RV_VST,2340
59098750001027,RV_VST,2344
59098750001027,RV_VST,2348
59098750001027,RV_VST,2352
59098750001027,RV_VST,2356
59098750001027,RV_VST,2360
59098750001027,RV_VST,2364
59098750001027,RV_VST,2368
59098750001027,RV_VST,2372
59098750001027,RV_VST,2376
59098750001027,RV_VST,2380
59098750001027,RV_VST,2384
59098750001027,RV_VST,2388
59098750001027,RV_VST,2392
59098750001027,RV_VST,2396
59098750001027,RV_VST,2400
59098750001027,RV_VST,2404
59098750001027,RV_VST,2408
59098750001027,RV_VST,2412
59098750001027,RV_VST,2416
59098750001027,RV_VST,2420
59098750001027,RV_VST,2424
59098750001027,RV_VST,2428
59098750001027,RV_VST,2432
59098750001027,RV_VST,2436
59098750001027,RV_VST,2440
59098750001027,RV_VST,2444
59098750001027,RV_VST,2448
59098750001027,RV_VST,2452
59098750001027,RV_VST,2456
59098750001027,RV_VST,2460
59098750001027,RV_VST,2464
59098750001027,RV_VST,2468
59098750001027,RV_VST,2472
59098750001027,RV_VST,2476
59098750001027,RV_VST,2480
59098750001027,RV_VST,2484
59098750001027,RV_VST,2488
59098750001027,RV_VST,2492
59098750001027,RV_VST,2496
59098750001027,RV_VST,2500
59098750001027,RV_VST,2504
59098750001027,RV_VST,2508
59098750001027,RV_VST,2512
59098750001027,RV_VST,2516
59098750001027,RV_VST,2520
59098750001027,RV_VST,2524
59098750001027,RV_VST,2528
59098750001027,RV_VST,2532
59098750001027,RV_VST,2536
59098750001027,RV_VST,2540
59098750001027,RV_VST,2544
59098750001027,RV_VST,2548
59098750001027,RV_VST,2552
59098750001027,RV_VST,2556
60198261628888,RV_VLD,0
60198261628888,RV_VLD,4
60198261628888,RV_VLD,8
60198261628888,RV_VLD,12
60198261628888,RV_VLD,16
60198261628888,RV_VLD,20
60198261628888,RV_VLD,24
60198261628888,RV_VLD,28
60198261628888,RV_VLD,32
60198261628888,RV_VLD,36
60198261628888,RV_VLD,40
60198261628888,RV_VLD,44
60198261628888,RV_VLD,48
60198261628888,RV_VLD,52
60198261628888,RV_VLD,56
60198261628888,RV_VLD,60
60198261628888,RV_VLD,64
60198261628888,RV_VLD,68
60198261628888,RV_VLD,72
60198261628888,RV_VLD,76
60198261628888,RV_VLD,80
60198261628888,RV_VLD,84
60198261628888,RV_VLD,88
60198261628888,RV_VLD,92
60198261628888,RV_VLD,96
60198261628888,RV_VLD,100
60198261628888,RV_VLD,104
60198261628888,RV_VLD,108
60198261628888,RV_VLD,112
60198261628888,RV_VLD,116
60198261628888,RV_VLD,120
60198261628888,RV_VLD,124
60198261628888,RV_VLD,128
60198261628888,RV_VLD,132
60198261628888,RV_VLD,136
60198261628888,RV_VLD,140
60198261628888,RV_VLD,144
60198261628888,RV_VLD,148
60198261628888,RV_VLD,152
60198261628888,RV_VLD,156
60198261628888,RV_VLD,160
60198261628888,RV_VLD,164
60198261628888,RV_VLD,168
60198261628888,RV_VLD,172
60198261628888,RV_VLD,176
60198261628888,RV_VLD,180
60198261628888,RV_VLD,184
60198261628888,RV_VLD,188
60198261628888,RV_VLD,192
60198261628888,RV_VLD,196
60198261628888,RV_VLD,200
60198261628888,RV_VLD,204
60198261628888,RV_VLD,208
60198261628888,RV_VLD,212
60198261628888,RV_VLD,216
60198261628888,RV_VLD,220
60198261628888,RV_VLD,224
60198261628888,RV_VLD,228
60198261628888,RV_VLD,232
60198261628888,RV_VLD,236
60198261628888,RV_VLD,240
60198261628888,RV_VLD,244
60198261628888,RV_VLD,248
60198261628888,RV_VLD,252
60198261628889,RV_VLD,2048
60198261628889,RV_VLD,2052
60198261628889,RV_VLD,2056
60198261628889,RV_VLD,2060
60198261628889,RV_VLD,2064
60198261628889,RV_VLD,2068
60198261628889,RV_VLD,2072
60198261628889,RV_VLD,2076
60198261628889,RV_VLD,2080
60198261628889,RV_VLD,2084
60198261628889,RV_VLD,2088
60198261628889,RV_VLD,2092
60198261628889,RV_VLD,2096
60198261628889,RV_VLD,2100
60198261628889,RV_VLD,2104
60198261628889,RV_VLD,2108
60198261628889,RV_VLD,2112
60198261628889,RV_VLD,2116
60198261628889,RV_VLD,2120
60198261628889,RV_VLD,2124
60198261628889,RV_VLD,2128
60198261628889,RV_VLD,2132
60198261628889,RV_VLD,2136
60198261628889,RV_VLD,2140
60198261628889,RV_VLD,2144
60198261628889,RV_VLD,2148
60198261628889,RV_VLD,2152
60198261628889,RV_VLD,2156
60198261628889,RV_VLD,2160
60198261628889,RV_VLD,2164
60198261628889,RV_VLD,2168
60198261628889,RV_VLD,2172
60198261628889,RV_VLD,2176
60198261628889,RV_VLD,2180
60198261628889,RV_VLD,2184
60198261628889,RV_VLD,2188
60198261628889,RV_VLD,2192
60198261628889,RV_VLD,2196
60198261628889,RV_VLD,2200
60198261628889,RV_VLD,2204
60198261628889,RV_VLD,2208
60198261628889,RV_VLD,2212
60198261628889,RV_VLD,2216
60198261628889,RV_VLD,2220
60198261628889,RV_VLD,2224
60198261628889,RV_VLD,2228
60198261628889,RV_VLD,2232
60198261628889,RV_VLD,2236
60198261628889,RV_VLD,2240
60198261628889,RV_VLD,2244
60198261628889,RV_VLD,2248
60198261628889,RV_VLD,2252
60198261628889,RV_VLD,2256
60198261628889,RV_VLD,2260
60198261628889,RV_VLD,2264
60198261628889,RV_VLD,2268
60198261628889,RV_VLD,2272
60198261628889,RV_VLD,2276
60198261628889,RV_VLD,2280
60198261628889,RV_VLD,2284
60198261628889,RV_VLD,2288
60198261628889,RV_VLD,2292
60198261628889,RV_VLD,2296
60198261628889,RV_VLD,2300
59098750001116,RV_VST,1024
59098750001116,RV_VST,1028
59098750001116,RV_VST,1032
59098750001116,RV_VST,1036
59098750001116,RV_VST,1040
59098750001116,RV_VST,1044
59098750001116,RV_VST,1048
59098750001116,RV_VST,1052
59098750001116,RV_VST,1056
59098750001116,RV_VST,1060
59098750001116,RV_VST,1064
59098750001116,RV_VST,1068
59098750001116,RV_VST,1072
59098750001116,RV_VST,1076
59098750001116,RV_VST,1080
59098750001116,RV_VST,1084
59098750001116,RV_VST,1088
59098750001116,RV_VST,1092
59098750001116,RV_VST,1096
59098750001116,RV_VST,1100
59098750001116,RV_VST,1104
59098750001116,RV_VST,1108
59098750001116,RV_VST,1112
59098750001116,RV_VST,1116
59098750001116,RV_VST,1120
59098750001116,RV_VST,1124
59098750001116,RV_VST,1128
59098750001116,RV_VST,1132
59098750001116,RV_VST,1136
59098750001116,RV_VST,1140
59098750001116,RV_VST,1144
59098750001116,RV_VST,1148
59098750001116,RV_VST,1152
59098750001116,RV_VST,1156
59098750001116,RV_VST,1160
59098750001116,RV_VST,1164
59098750001116,RV_VST,1168
59098750001116,RV_VST,1172
59098750001116,RV_VST,1176
59098750001116,RV_VST,1180
59098750001116,RV_VST,1184
59098750001116,RV_VST,1188
59098750001116,RV_VST,1192
59098750001116,RV_VST,1196
59098750001116,RV_VST,1200
59098750001116,RV_VST,1204
59098750001116,RV_VST,1208
59098750001116,RV_VST,1212
59098750001116,RV_VST,1216
59098750001116,RV_VST,1220
59098750001116,RV_VST,1224
59098750001116,RV_VST,1228
59098750001116,RV_VST,1232
59098750001116,RV_VST,1236
59098750001116,RV_VST,1240
59098750001116,RV_VST,1244
59098750001116,RV_VST,1248
59098750001116,RV_VST,1252
59098750001116,RV_VST,1256
59098750001116,RV_VST,1260
59098750001116,RV_VST,1264
59098750001116,RV_VST,1268
59098750001116,RV_VST,1272
59098750001116,RV_VST,1276
60198261628898,RV_VLD,256
60198261628898,RV_VLD,260
60198261628898,RV_VLD,264
60198261628898,RV_VLD,268
60198261628898,RV_VLD,272
60198261628898,RV_VLD,276
60198261628898,RV_VLD,280
60198261628898,RV_VLD,284
60198261628898,RV_VLD,288
60198261628898,RV_VLD,292
60198261628898,RV_VLD,296
60198261628898,RV_VLD,300
60198261628898,RV_VLD,304
60198261628898,RV_VLD,308
60198261628898,RV_VLD,312
60198261628898,RV_VLD,316
60198261628898,RV_VLD,320
60198261628898,RV_VLD,324
60198261628898,RV_VLD,328
60198261628898,RV_VLD,332
60198261628898,RV_VLD,336
60198261628898,RV_VLD,340
60198261628898,RV_VLD,344
60198261628898,RV_VLD,348
60198261628898,RV_VLD,352
60198261628898,RV_VLD,356
60198261628898,RV_VLD,360
60198261628898,RV_VLD,364
60198261628898,RV_VLD,368
60198261628898,RV_VLD,372
60198261628898,RV_VLD,376
60198261628898,RV_VLD,380
60198261628898,RV_VLD,384
60198261628898,RV_VLD,388
60198261628898,RV_VLD,392
60198261628898,RV_VLD,396
60198261628898,RV_VLD,400
60198261628898,RV_VLD,404
60198261628898,RV_VLD,408
60198261628898,RV_VLD,412
60198261628898,RV_VLD,416
60198261628898,RV_VLD,420
60198261628898,RV_VLD,424
60198261628898,RV_VLD,428
60198261628898,RV_VLD,432
60198261628898,RV_VLD,436
60198261628898,RV_VLD,440
60198261628898,RV_VLD,444
60198261628898,RV_VLD,448
60198261628898,RV_VLD,452
60198261628898,RV_VLD,456
60198261628898,RV_VLD,460
60198261628898,RV_VLD,464
60198261628898,RV_VLD,468
60198261628898,RV_VLD,472
60198261628898,RV_VLD,476
60198261628898,RV_VLD,480
60198261628898,RV_VLD,484
60198261628898,RV_VLD,488
60198261628898,RV_VLD,492
60198261628898,RV_VLD,496
60198261628898,RV_VLD,500
60198261628898,RV_VLD,504
60198261628898,RV_VLD,508
60198261628899,RV_VLD,2304
60198261628899,RV_VLD,2308
60198261628899,RV_VLD,2312
60198261628899,RV_VLD,2316
60198261628899,RV_VLD,2320
60198261628899,RV_VLD,2324
60198261628899,RV_VLD,2328
60198261628899,RV_VLD,2332
60198261628899,RV_VLD,2336
60198261628899,RV_VLD,2340
60198261628899,RV_VLD,2344
60198261628899,RV_VLD,2348
60198261628899,RV_VLD,2352
60198261628899,RV_VLD,2356
60198261628899,RV_VLD,2360
60198261628899,RV_VLD,2364
60198261628899,RV_VLD,2368
60198261628899,RV_VLD,2372
60198261628899,RV_VLD,2376
60198261628899,RV_VLD,2380
60198261628899,RV_VLD,2384
60198261628899,RV_VLD,2388
60198261628899,RV_VLD,2392
60198261628899,RV_VLD,2396
60198261628899,RV_VLD,2400
60198261628899,RV_VLD,2404
60198261628899,RV_VLD,2408
60198261628899,RV_VLD,2412
60198261628899,RV_VLD,2416
60198261628899,RV_VLD,2420
60198261628899,RV_VLD,2424
60198261628899,RV_VLD,2428
60198261628899,RV_VLD,2432
60198261628899,RV_VLD,2436
60198261628899,RV_VLD,2440
60198261628899,RV_VLD,2444
60198261628899,RV_VLD,2448
60198261628899,RV_VLD,2452
60198261628899,RV_VLD,2456
60198261628899,RV_VLD,2460
60198261628899,RV_VLD,2464
60198261628899,RV_VLD,2468
60198261628899,RV_VLD,2472
60198261628899,RV_VLD,2476
60198261628899,RV_VLD,2480
60198261628899,RV_VLD,2484
60198261628899,RV_VLD,2488
60198261628899,RV_VLD,2492
60198261628899,RV_VLD,2496
60198261628899,RV_VLD,2500
60198261628899,RV_VLD,2504
60198261628899,RV_VLD,2508
60198261628899,RV_VLD,2512
60198261628899,RV_VLD,2516
60198261628899,RV_VLD,2520
60198261628899,RV_VLD,2524
60198261628899,RV_VLD,2528
60198261628899,RV_VLD,2532
60198261628899,RV_VLD,2536
60198261628899,RV_VLD,2540
60198261628899,RV_VLD,2544
60198261628899,RV_VLD,2548
60198261628899,RV_VLD,2552
60198261628899,RV_VLD,2556
59098750001126,RV_VST,1280
59098750001126,RV_VST,1284
59098750001126,RV_VST,1288
59098750001126,RV_VST,1292
59098750001126,RV_VST,1296
59098750001126,RV_VST,1300
59098750001126,RV_VST,1304
59098750001126,RV_VST,1308
59098750001126,RV_VST,1312
59098750001126,RV_VST,1316
59098750001126,RV_VST,1320
59098750001126,RV_VST,1324
59098750001126,RV_VST,1328
59098750001126,RV_VST,1332
59098750001126,RV_VST,1336
59098750001126,RV_VST,1340
59098750001126,RV_VST,1344
59098750001126,RV_VST,1348
59098750001126,RV_VST,1352
59098750001126,RV_VST,1356
59098750001126,RV_VST,1360
59098750001126,RV_VST,1364
59098750001126,RV_VST,1368
59098750001126,RV_VST,1372
59098750001126,RV_VST,1376
59098750001126,RV_VST,1380
59098750001126,RV_VST,1384
59098750001126,RV_VST,1388
59098750001126,RV_VST,1392
59098750001126,RV_VST,1396
59098750001126,RV_VST,1400
59098750001126,RV_VST,1404
59098750001126,RV_VST,1408
59098750001126,RV_VST,1412
59098750001126,RV_VST,1416
59098750001126,RV_VST,1420
59098750001126,RV_VST,1424
59098750001126,RV_VST,1428
59098750001126,RV_VST,1432
59098750001126,RV_VST,1436
59098750001126,RV_VST,1440
59098750001126,RV_VST,1444
59098750001126,RV_VST,1448
59098750001126,RV_VST,1452
59098750001126,RV_VST,1456
59098750001126,RV_VST,1460
59098750001126,RV_VST,1464
59098750001126,RV_VST,1468
59098750001126,RV_VST,1472
59098750001126,RV_VST,1476
59098750001126,RV_VST,1480
59098750001126,RV_VST,1484
59098750001126,RV_VST,1488
59098750001126,RV_VST,1492
59098750001126,RV_VST,1496
59098750001126,RV_VST,1500
59098750001126,RV_VST,1504
59098750001126,RV_VST,1508
59098750001126,RV_VST,1512
59098750001126,RV_VST,1516
59098750001126,RV_VST,1520
59098750001126,RV_VST,1524
59098750001126,RV_VST,1528
59098750001126,RV_VST,1532
,,1536
,,1540
,,1544
,,1548
,,1552
,,1556
,,1560
,,1564
,,1568
,,1572
,,1576
,,1580
,,1584
,,1588
,,1592
,,1596
,,1600
,,1604
,,1608
,,1612
,,1616
,,1620
,,1624
,,1628
,,1632
,,1636
,,1640
,,1644
,,1648
,,1652
,,1656
,,1660
,,1664
,,1668
,,1672
,,1676
,,1680
,,1684
,,1688
,,1692
,,1696
,,1700
,,1704
,,1708
,,1712
,,1716
,,1720
,,1724
,,1728
,,1732
,,1736
,,1740
,,1744
,,1748
,,1752
,,1756
,,1760
,,1764
,,1768
,,1772
,,1776
,,1780
,,1784
,,1788
,,1792
,,1796
,,1800
,,1804
,,1808
,,1812
,,1816
,,1820
,,1824
,,1828
,,1832
,,1836
,,1840
,,1844
,,1848
,,1852
,,1856
,,1860
,,1864
,,1868
,,1872
,,1876
,,1880
,,1884
,,1888
,,1892
,,1896
,,1900
,,1904
,,1908
,,1912
,,1916
,,1920
,,1924
,,1928
,,1932
,,1936
,,1940
,,1944
,,1948
,,1952
,,1956
,,1960
,,1964
,,1968
,,1972
,,1976
,,1980
,,1984
,,1988
,,1992
,,1996
,,2000
,,2004
,,2008
,,2012
,,2016
,,2020
,,2024
,,2028
,,2032
,,2036
,,2040
,,2044
,,1536
,,1024
,,1028
,,1032
,,1036
,,1040
,,1044
,,1048
,,1052
,,1056
,,1060
,,1064
,,1068
,,1072
,,1076
,,1080
,,1084
,,1088
,,1092
,,1096
,,1100
,,1104
,,1108
,,1112
,,1116
,,1120
,,1124
,,1128
,,1132
,,1136
,,1140
,,1144
,,1148
,,1152
,,1156
,,1160
,,1164
,,1168
,,1172
,,1176
,,1180
,,1184
,,1188
,,1192
,,1196
,,1200
,,1204
,,1208
,,1212
,,1216
,,1220
,,1224
,,1228
,,1232
,,1236
,,1240
,,1244
,,1248
,,1252
,,1256
,,1260
,,1264
,,1268
,,1272
,,1276
,,1280
,,1284
,,1288
,,1292
,,1296
,,1300
,,1304
,,1308
,,1312
,,1316
,,1320
,,1324
,,1328
,,1332
,,1336
,,1340
,,1344
,,1348
,,1352
,,1356
,,1360
,,1364
,,1368
,,1372
,,1376
,,1380
,,1384
,,1388
,,1392
,,1396
,,1400
,,1404
,,1408
,,1412
,,1416
,,1420
,,1424
,,1428
,,1432
,,1436
,,1440
,,1444
,,1448
,,1452
,,1456
,,1460
,,1464
,,1468
,,1472
,,1476
,,1480
,,1484
,,1488
,,1492
,,1496
,,1500
,,1504
,,1508
,,1512
,,1516
,,1520
,,1524
,,1528
,,1532
,,1024
,,1536
,,1540
,,1544
,,1548
,,1552
,,1556
,,1560
,,1564
,,1568
,,1572
,,1576
,,1580
,,1584
,,1588
,,1592
,,1596
,,1600
,,1604
,,1608
,,1612
,,1616
,,1620
,,1624
,,1628
,,1632
,,1636
,,1640
,,1644
,,1648
,,1652
,,1656
,,1660
,,1664
,,1668
,,1672
,,1676
,,1680
,,1684
,,1688
,,1692
,,1696
,,1700
,,1704
,,1708
,,1712
,,1716
,,1720
,,1724
,,1728
,,1732
,,1736
,,1740
,,1744
,,1748
,,1752
,,1756
,,1760
,,1764
,,1768
,,1772
,,1776
,,1780
,,1784
,,1788
,,1792
,,1796
,,1800
,,1804
,,1808
,,1812
,,1816
,,1820
,,1824
,,1828
,,1832
,,1836
,,1840
,,1844
,,1848
,,1852
,,1856
,,1860
,,1864
,,1868
,,1872
,,1876
,,1880
,,1884
,,1888
,,1892
,,1896
,,1900
,,1904
,,1908
,,1912
,,1916
,,1920
,,1924
,,1928
,,1932
,,1936
,,1940
,,1944
,,1948
,,1952
,,1956
,,1960
,,1964
,,1968
,,1972
,,1976
,,1980
,,1984
,,1988
,,1992
,,1996
,,2000
,,2004
,,2008
,,2012
,,2016
,,2020
,,2024
,,2028
,,2032
,,2036
,,2040
,,2044
,,1536
,,1024
,,1028
,,1032
,,1036
,,1040
,,1044
,,1048
,,1052
,,1056
,,1060
,,1064
,,1068
,,1072
,,1076
,,1080
,,1084
,,1088
,,1092
,,1096
,,1100
,,1104
,,1108
,,1112
,,1116
,,1120
,,1124
,,1128
,,1132
,,1136
,,1140
,,1144
,,1148
,,1152
,,1156
,,1160
,,1164
,,1168
,,1172
,,1176
,,1180
,,1184
,,1188
,,1192
,,1196
,,1200
,,1204
,,1208
,,1212
,,1216
,,1220
,,1224
,,1228
,,1232
,,1236
,,1240
,,1244
,,1248
,,1252
,,1256
,,1260
,,1264
,,1268
,,1272
,,1276
,,1280
,,1284
,,1288
,,1292
,,1296
,,1300
,,1304
,,1308
,,1312
,,1316
,,1320
,,1324
,,1328
,,1332
,,1336
,,1340
,,1344
,,1348
,,1352
,,1356
,,1360
,,1364
,,1368
,,1372
,,1376
,,1380
,,1384
,,1388
,,1392
,,1396
,,1400
,,1404
,,1408
,,1412
,,1416
,,1420
,,1424
,,1428
,,1432
,,1436
,,1440
,,1444
,,1448
,,1452
,,1456
,,1460
,,1464
,,1468
,,1472
,,1476
,,1480
,,1484
,,1488
,,1492
,,1496
,,1500
,,1504
,,1508
,,1512
,,1516
,,1520
,,1524
,,1528
,,1532
,,1024
,,512
,,516
,,520
,,524
,,528
,,532
,,536
,,540
,,544
,,548
,,552
,,556
,,560
,,564
,,568
,,572
,,576
,,580
,,584
,,588
,,592
,,596
,,600
,,604
,,608
,,612
,,616
,,620
,,624
,,628
,,632
,,636
,,640
,,644
,,648
,,652
,,656
,,660
,,664
,,668
,,672
,,676
,,680
,,684
,,688
,,692
,,696
,,700
,,704
,,708
,,712
,,716
,,720
,,724
,,728
,,732
,,736
,,740
,,744
,,748
,,752
,,756
,,760
,,764
,,768
,,772
,,776
,,780
,,784
,,788
,,792
,,796
,,800
,,804
,,808
,,812
,,816
,,820
,,824
,,828
,,832
,,836
,,840
,,844
,,848
,,852
,,856
,,860
,,864
,,868
,,872
,,876
,,880
,,884
,,888
,,892
,,896
,,900
,,904
,,908
,,912
,,916
,,920
,,924
,,928
,,932
,,936
,,940
,,944
,,948
,,952
,,956
,,960
,,964
,,968
,,972
,,976
,,980
,,984
,,988
,,992
,,996
,,1000
,,1004
,,1008
,,1012
,,1016
,,1020
,,0
,,4
,,8
,,12
,,16
,,20
,,24
,,28
,,32
,,36
,,40
,,44
,,48
,,52
,,56
,,60
,,64
,,68
,,72
,,76
,,80
,,84
,,88
,,92
,,96
,,100
,,104
,,108
,,112
,,116
,,120
,,124
,,128
,,132
,,136
,,140
,,144
,,148
,,152
,,156
,,160
,,164
,,168
,,172
,,176
,,180
,,184
,,188
,,192
,,196
,,200
,,204
,,208
,,212
,,216
,,220
,,224
,,228
,,232
,,236
,,240
,,244
,,248
,,252
,,256
,,260
,,264
,,268
,,272
,,276
,,280
,,284
,,288
,,292
,,296
,,300
,,304
,,308
,,312
,,316
,,320
,,324
,,328
,,332
,,336
,,340
,,344
,,348
,,352
,,356
,,360
,,364
,,368
,,372
,,376
,,380
,,384
,,388
,,392
,,396
,,400
,,404
,,408
,,412
,,416
,,420
,,424
,,428
,,432
,,436
,,440
,,444
,,448
,,452
,,456
,,460
,,464
,,468
,,472
,,476
,,480
,,484
,,488
,,492
,,496
,,500
,,504
,,508
59923383722480,RV_VLD,512
59923383722480,RV_VLD,516
59923383722480,RV_VLD,520
59923383722480,RV_VLD,524
59923383722480,RV_VLD,528
59923383722480,RV_VLD,532
59923383722480,RV_VLD,536
59923383722480,RV_VLD,540
59923383722480,RV_VLD,544
59923383722480,RV_VLD,548
59923383722480,RV_VLD,552
59923383722480,RV_VLD,556
59923383722480,RV_VLD,560
59923383722480,RV_VLD,564
59923383722480,RV_VLD,568
59923383722480,RV_VLD,572
59923383722480,RV_VLD,576
59923383722480,RV_VLD,580
59923383722480,RV_VLD,584
59923383722480,RV_VLD,588
59923383722480,RV_VLD,592
59923383722480,RV_VLD,596
59923383722480,RV_VLD,600
59923383722480,RV_VLD,604
59923383722480,RV_VLD,608
59923383722480,RV_VLD,612
59923383722480,RV_VLD,616
59923383722480,RV_VLD,620
59923383722480,RV_VLD,624
59923383722480,RV_VLD,628
59923383722480,RV_VLD,632
59923383722480,RV_VLD,636
59923383722480,RV_VLD,640
59923383722480,RV_VLD,644
59923383722480,RV_VLD,648
59923383722480,RV_VLD,652
59923383722480,RV_VLD,656
59923383722480,RV_VLD,660
59923383722480,RV_VLD,664
59923383722480,RV_VLD,668
59923383722480,RV_VLD,672
59923383722480,RV_VLD,676
59923383722480,RV_VLD,680
59923383722480,RV_VLD,684
59923383722480,RV_VLD,688
59923383722480,RV_VLD,692
59923383722480,RV_VLD,696
59923383722480,RV_VLD,700
59923383722480,RV_VLD,704
59923383722480,RV_VLD,708
59923383722480,RV_VLD,712
59923383722480,RV_VLD,716
59923383722480,RV_VLD,720
59923383722480,RV_VLD,724
59923383722480,RV_VLD,728
59923383722480,RV_VLD,732
59923383722480,RV_VLD,736
59923383722480,RV_VLD,740
59923383722480,RV_VLD,744
59923383722480,RV_VLD,748
59923383722480,RV_VLD,752
59923383722480,RV_VLD,756
59923383722480,RV_VLD,760
59923383722480,RV_VLD,764
58823872094707,RV_VST,2048
58823872094707,RV_VST,2052
58823872094707,RV_VST,2056
58823872094707,RV_VST,2060
58823872094707,RV_VST,2064
58823872094707,RV_VST,2068
58823872094707,RV_VST,2072
58823872094707,RV_VST,2076
58823872094707,RV_VST,2080
58823872094707,RV_VST,2084
58823872094707,RV_VST,2088
58823872094707,RV_VST,2092
58823872094707,RV_VST,2096
58823872094707,RV_VST,2100
58823872094707,RV_VST,2104
58823872094707,RV_VST,2108
58823872094707,RV_VST,2112
58823872094707,RV_VST,2116
58823872094707,RV_VST,2120
58823872094707,RV_VST,2124
58823872094707,RV_VST,2128
58823872094707,RV_VST,2132
58823872094707,RV_VST,2136
58823872094707,RV_VST,2140
58823872094707,RV_VST,2144
58823872094707,RV_VST,2148
58823872094707,RV_VST,2152
58823872094707,RV_VST,2156
58823872094707,RV_VST,2160
58823872094707,RV_VST,2164
58823872094707,RV_VST,2168
58823872094707,RV_VST,2172
58823872094707,RV_VST,2176
58823872094707,RV_VST,2180
58823872094707,RV_VST,2184
58823872094707,RV_VST,2188
58823872094707,RV_VST,2192
58823872094707,RV_VST,2196
58823872094707,RV_VST,2200
58823872094707,RV_VST,2204
58823872094707,RV_VST,2208
58823872094707,RV_VST,2212
58823872094707,RV_VST,2216
58823872094707,RV_VST,2220
58823872094707,RV_VST,2224
58823872094707,RV_VST,2228
58823872094707,RV_VST,2232
58823872094707,RV_VST,2236
58823872094707,RV_VST,2240
58823872094707,RV_VST,2244
58823872094707,RV_VST,2248
58823872094707,RV_VST,2252
58823872094707,RV_VST,2256
58823872094707,RV_VST,2260
58823872094707,RV_VST,2264
58823872094707,RV_VST,2268
58823872094707,RV_VST,2272
58823872094707,RV_VST,2276
58823872094707,RV_VST,2280
58823872094707,RV_VST,2284
58823872094707,RV_VST,2288
58823872094707,RV_VST,2292
58823872094707,RV_VST,2296
58823872094707,RV_VST,2300
59923383722484,RV_VLD,768
59923383722484,RV_VLD,772
59923383722484,RV_VLD,776
59923383722484,RV_VLD,780
59923383722484,RV_VLD,784
59923383722484,RV_VLD,788
59923383722484,RV_VLD,792
59923383722484,RV_VLD,796
59923383722484,RV_VLD,800
59923383722484,RV_VLD,804
59923383722484,RV_VLD,808
59923383722484,RV_VLD,812
59923383722484,RV_VLD,816
59923383722484,RV_VLD,820
59923383722484,RV_VLD,824
59923383722484,RV_VLD,828
59923383722484,RV_VLD,832
59923383722484,RV_VLD,836
59923383722484,RV_VLD,840
59923383722484,RV_VLD,844
59923383722484,RV_VLD,848
59923383722484,RV_VLD,852
59923383722484,RV_VLD,856
59923383722484,RV_VLD,860
59923383722484,RV_VLD,864
59923383722484,RV_VLD,868
59923383722484,RV_VLD,872
59923383722484,RV_VLD,876
59923383722484,RV_VLD,880
59923383722484,RV_VLD,884
59923383722484,RV_VLD,888
59923383722484,RV_VLD,892
59923383722484,RV_VLD,896
59923383722484,RV_VLD,900
59923383722484,RV_VLD,904
59923383722484,RV_VLD,908
59923383722484,RV_VLD,912
59923383722484,RV_VLD,916
59923383722484,RV_VLD,920
59923383722484,RV_VLD,924
59923383722484,RV_VLD,928
59923383722484,RV_VLD,932
59923383722484,RV_VLD,936
59923383722484,RV_VLD,940
59923383722484,RV_VLD,944
59923383722484,RV_VLD,948
59923383722484,RV_VLD,952
59923383722484,RV_VLD,956
59923383722484,RV_VLD,960
59923383722484,RV_VLD,964
59923383722484,RV_VLD,968
59923383722484,RV_VLD,972
59923383722484,RV_VLD,976
59923383722484,RV_VLD,980
59923383722484,RV_VLD,984
59923383722484,RV_VLD,988
59923383722484,RV_VLD,992
59923383722484,RV_VLD,996
59923383722484,RV_VLD,1000
59923383722484,RV_VLD,1004
59923383722484,RV_VLD,1008
59923383722484,RV_VLD,1012
59923383722484,RV_VLD,1016
59923383722484,RV_VLD,1020
58823872094711,RV_VST,2304
58823872094711,RV_VST,2308
58823872094711,RV_VST,2312
58823872094711,RV_VST,2316
58823872094711,RV_VST,2320
58823872094711,RV_VST,2324
58823872094711,RV_VST,2328
58823872094711,RV_VST,2332
58823872094711,RV_VST,2336
58823872094711,RV_VST,2340
58823872094711,RV_VST,2344
58823872094711,RV_VST,2348
58823872094711,RV_VST,2352
58823872094711,RV_VST,2356
58823872094711,RV_VST,2360
58823872094711,RV_VST,2364
58823872094711,RV_VST,2368
58823872094711,RV_VST,2372
58823872094711,RV_VST,2376
58823872094711,RV_VST,2380
58823872094711,RV_VST,2384
58823872094711,RV_VST,2388
58823872094711,RV_VST,2392
58823872094711,RV_VST,2396
58823872094711,RV_VST,2400
58823872094711,RV_VST,2404
58823872094711,RV_VST,2408
58823872094711,RV_VST,2412
58823872094711,RV_VST,2416
58823872094711,RV_VST,2420
58823872094711,RV_VST,2424
58823872094711,RV_VST,2428
58823872094711,RV_VST,2432
58823872094711,RV_VST,2436
58823872094711,RV_VST,2440
58823872094711,RV_VST,2444
58823872094711,RV_VST,2448
58823872094711,RV_VST,2452
58823872094711,RV_VST,2456
58823872094711,RV_VST,2460
58823872094711,RV_VST,2464
58823872094711,RV_VST,2468
58823872094711,RV_VST,2472
58823872094711,RV_VST,2476
58823872094711,RV_VST,2480
58823872094711,RV_VST,2484
58823872094711,RV_VST,2488
58823872094711,RV_VST,2492
58823872094711,RV_VST,2496
58823872094711,RV_VST,2500
58823872094711,RV_VST,2504
58823872094711,RV_VST,2508
58823872094711,RV_VST,2512
58823872094711,RV_VST,2516
58823872094711,RV_VST,2520
58823872094711,RV_VST,2524
58823872094711,RV_VST,2528
58823872094711,RV_VST,2532
58823872094711,RV_VST,2536
58823872094711,RV_VST,2540
58823872094711,RV_VST,2544
58823872094711,RV_VST,2548
58823872094711,RV_VST,2552
58823872094711,RV_VST,2556
59923383722491,RV_VLD,2048
59923383722491,RV_VLD,2052
59923383722491,RV_VLD,2056
59923383722491,RV_VLD,2060
59923383722491,RV_VLD,2064
59923383722491,RV_VLD,2068
59923383722491,RV_VLD,2072
59923383722491,RV_VLD,2076
59923383722491,RV_VLD,2080
59923383722491,RV_VLD,2084
59923383722491,RV_VLD,2088
59923383722491,RV_VLD,2092
59923383722491,RV_VLD,2096
59923383722491,RV_VLD,2100
59923383722491,RV_VLD,2104
59923383722491,RV_VLD,2108
59923383722491,RV_VLD,2112
59923383722491,RV_VLD,2116
59923383722491,RV_VLD,2120
59923383722491,RV_VLD,2124
59923383722491,RV_VLD,2128
59923383722491,RV_VLD,2132
59923383722491,RV_VLD,2136
59923383722491,RV_VLD,2140
59923383722491,RV_VLD,2144
59923383722491,RV_VLD,2148
59923383722491,RV_VLD,2152
59923383722491,RV_VLD,2156
59923383722491,RV_VLD,2160
59923383722491,RV_VLD,2164
59923383722491,RV_VLD,2168
59923383722491,RV_VLD,2172
59923383722491,RV_VLD,2176
59923383722491,RV_VLD,2180
59923383722491,RV_VLD,2184
59923383722491,RV_VLD,2188
59923383722491,RV_VLD,2192
59923383722491,RV_VLD,2196
59923383722491,RV_VLD,2200
59923383722491,RV_VLD,2204
59923383722491,RV_VLD,2208
59923383722491,RV_VLD,2212
59923383722491,RV_VLD,2216
59923383722491,RV_VLD,2220
59923383722491,RV_VLD,2224
59923383722491,RV_VLD,2228
59923383722491,RV_VLD,2232
59923383722491,RV_VLD,2236
59923383722491,RV_VLD,2240
59923383722491,RV_VLD,2244
59923383722491,RV_VLD,2248
59923383722491,RV_VLD,2252
59923383722491,RV_VLD,2256
59923383722491,RV_VLD,2260
59923383722491,RV_VLD,2264
59923383722491,RV_VLD,2268
59923383722491,RV_VLD,2272
59923383722491,RV_VLD,2276
59923383722491,RV_VLD,2280
59923383722491,RV_VLD,2284
59923383722491,RV_VLD,2288
59923383722491,RV_VLD,2292
59923383722491,RV_VLD,2296
59923383722491,RV_VLD,2300
58823872094719,RV_VST,2048
58823872094719,RV_VST,2052
58823872094719,RV_VST,2056
58823872094719,RV_VST,2060
58823872094719,RV_VST,2064
58823872094719,RV_VST,2068
58823872094719,RV_VST,2072
58823872094719,RV_VST,2076
58823872094719,RV_VST,2080
58823872094719,RV_VST,2084
58823872094719,RV_VST,2088
58823872094719,RV_VST,2092
58823872094719,RV_VST,2096
58823872094719,RV_VST,2100
58823872094719,RV_VST,2104
58823872094719,RV_VST,2108
58823872094719,RV_VST,2112
58823872094719,RV_VST,2116
58823872094719,RV_VST,2120
58823872094719,RV_VST,2124
58823872094719,RV_VST,2128
58823872094719,RV_VST,2132
58823872094719,RV_VST,2136
58823872094719,RV_VST,2140
58823872094719,RV_VST,2144
58823872094719,RV_VST,2148
58823872094719,RV_VST,2152
58823872094719,RV_VST,2156
58823872094719,RV_VST,2160
58823872094719,RV_VST,2164
58823872094719,RV_VST,2168
58823872094719,RV_VST,2172
58823872094719,RV_VST,2176
58823872094719,RV_VST,2180
58823872094719,RV_VST,2184
58823872094719,RV_VST,2188
58823872094719,RV_VST,2192
58823872094719,RV_VST,2196
58823872094719,RV_VST,2200
58823872094719,RV_VST,2204
58823872094719,RV_VST,2208
58823872094719,RV_VST,2212
58823872094719,RV_VST,2216
58823872094719,RV_VST,2220
58823872094719,RV_VST,2224
58823872094719,RV_VST,2228
58823872094719,RV_VST,2232
58823872094719,RV_VST,2236
58823872094719,RV_VST,2240
58823872094719,RV_VST,2244
58823872094719,RV_VST,2248
58823872094719,RV_VST,2252
58823872094719,RV_VST,2256
58823872094719,RV_VST,2260
58823872094719,RV_VST,2264
58823872094719,RV_VST,2268
58823872094719,RV_VST,2272
58823872094719,RV_VST,2276
58823872094719,RV_VST,2280
58823872094719,RV_VST,2284
58823872094719,RV_VST,2288
58823872094719,RV_VST,2292
58823872094719,RV_VST,2296
58823872094719,RV_VST,2300
59923383722496,RV_VLD,2304
59923383722496,RV_VLD,2308
59923383722496,RV_VLD,2312
59923383722496,RV_VLD,2316
59923383722496,RV_VLD,2320
59923383722496,RV_VLD,2324
59923383722496,RV_VLD,2328
59923383722496,RV_VLD,2332
59923383722496,RV_VLD,2336
59923383722496,RV_VLD,2340
59923383722496,RV_VLD,2344
59923383722496,RV_VLD,2348
59923383722496,RV_VLD,2352
59923383722496,RV_VLD,2356
59923383722496,RV_VLD,2360
59923383722496,RV_VLD,2364
59923383722496,RV_VLD,2368
59923383722496,RV_VLD,2372
59923383722496,RV_VLD,2376
59923383722496,RV_VLD,2380
59923383722496,RV_VLD,2384
59923383722496,RV_VLD,2388
59923383722496,RV_VLD,2392
59923383722496,RV_VLD,2396
59923383722496,RV_VLD,2400
59923383722496,RV_VLD,2404
59923383722496,RV_VLD,2408
59923383722496,RV_VLD,2412
59923383722496,RV_VLD,2416
59923383722496,RV_VLD,2420
59923383722496,RV_VLD,2424
59923383722496,RV_VLD,2428
59923383722496,RV_VLD,2432
59923383722496,RV_VLD,2436
59923383722496,RV_VLD,2440
59923383722496,RV_VLD,2444
59923383722496,RV_VLD,2448
59923383722496,RV_VLD,2452
59923383722496,RV_VLD,2456
59923383722496,RV_VLD,2460
59923383722496,RV_VLD,2464
59923383722496,RV_VLD,2468
59923383722496,RV_VLD,2472
59923383722496,RV_VLD,2476
59923383722496,RV_VLD,2480
59923383722496,RV_VLD,2484
59923383722496,RV_VLD,2488
59923383722496,RV_VLD,2492
59923383722496,RV_VLD,2496
59923383722496,RV_VLD,2500
59923383722496,RV_VLD,2504
59923383722496,RV_VLD,2508
59923383722496,RV_VLD,2512
59923383722496,RV_VLD,2516
59923383722496,RV_VLD,2520
59923383722496,RV_VLD,2524
59923383722496,RV_VLD,2528
59923383722496,RV_VLD,2532
59923383722496,RV_VLD,2536
59923383722496,RV_VLD,2540
59923383722496,RV_VLD,2544
59923383722496,RV_VLD,2548
59923383722496,RV_VLD,2552
59923383722496,RV_VLD,2556
58823872094724,RV_VST,2304
58823872094724,RV_VST,2308
58823872094724,RV_VST,2312
58823872094724,RV_VST,2316
58823872094724,RV_VST,2320
58823872094724,RV_VST,2324
58823872094724,RV_VST,2328
58823872094724,RV_VST,2332
58823872094724,RV_VST,2336
58823872094724,RV_VST,2340
58823872094724,RV_VST,2344
58823872094724,RV_VST,2348
58823872094724,RV_VST,2352
58823872094724,RV_VST,2356
58823872094724,RV_VST,2360
58823872094724,RV_VST,2364
58823872094724,RV_VST,2368
58823872094724,RV_VST,2372
58823872094724,RV_VST,2376
58823872094724,RV_VST,2380
58823872094724,RV_VST,2384
58823872094724,RV_VST,2388
58823872094724,RV_VST,2392
58823872094724,RV_VST,2396
58823872094724,RV_VST,2400
58823872094724,RV_VST,2404
58823872094724,RV_VST,2408
58823872094724,RV_VST,2412
58823872094724,RV_VST,2416
58823872094724,RV_VST,2420
58823872094724,RV_VST,2424
58823872094724,RV_VST,2428
58823872094724,RV_VST,2432
58823872094724,RV_VST,2436
58823872094724,RV_VST,2440
58823872094724,RV_VST,2444
58823872094724,RV_VST,2448
58823872094724,RV_VST,2452
58823872094724,RV_VST,2456
58823872094724,RV_VST,2460
58823872094724,RV_VST,2464
58823872094724,RV_VST,2468
58823872094724,RV_VST,2472
58823872094724,RV_VST,2476
58823872094724,RV_VST,2480
58823872094724,RV_VST,2484
58823872094724,RV_VST,2488
58823872094724,RV_VST,2492
58823872094724,RV_VST,2496
58823872094724,RV_VST,2500
58823872094724,RV_VST,2504
58823872094724,RV_VST,2508
58823872094724,RV_VST,2512
58823872094724,RV_VST,2516
58823872094724,RV_VST,2520
58823872094724,RV_VST,2524
58823872094724,RV_VST,2528
58823872094724,RV_VST,2532
58823872094724,RV_VST,2536
58823872094724,RV_VST,2540
58823872094724,RV_VST,2544
58823872094724,RV_VST,2548
58823872094724,RV_VST,2552
58823872094724,RV_VST,2556
59923383722504,RV_VLD,2048
59923383722504,RV_VLD,2052
59923383722504,RV_VLD,2056
59923383722504,RV_VLD,2060
59923383722504,RV_VLD,2064
59923383722504,RV_VLD,2068
59923383722504,RV_VLD,2072
59923383722504,RV_VLD,2076
59923383722504,RV_VLD,2080
59923383722504,RV_VLD,2084
59923383722504,RV_VLD,2088
59923383722504,RV_VLD,2092
59923383722504,RV_VLD,2096
59923383722504,RV_VLD,2100
59923383722504,RV_VLD,2104
59923383722504,RV_VLD,2108
59923383722504,RV_VLD,2112
59923383722504,RV_VLD,2116
59923383722504,RV_VLD,2120
59923383722504,RV_VLD,2124
59923383722504,RV_VLD,2128
59923383722504,RV_VLD,2132
59923383722504,RV_VLD,2136
59923383722504,RV_VLD,2140
59923383722504,RV_VLD,2144
59923383722504,RV_VLD,2148
59923383722504,RV_VLD,2152
59923383722504,RV_VLD,2156
59923383722504,RV_VLD,2160
59923383722504,RV_VLD,2164
59923383722504,RV_VLD,2168
59923383722504,RV_VLD,2172
59923383722504,RV_VLD,2176
59923383722504,RV_VLD,2180
59923383722504,RV_VLD,2184
59923383722504,RV_VLD,2188
59923383722504,RV_VLD,2192
59923383722504,RV_VLD,2196
59923383722504,RV_VLD,2200
59923383722504,RV_VLD,2204
59923383722504,RV_VLD,2208
59923383722504,RV_VLD,2212
59923383722504,RV_VLD,2216
59923383722504,RV_VLD,2220
59923383722504,RV_VLD,2224
59923383722504,RV_VLD,2228
59923383722504,RV_VLD,2232
59923383722504,RV_VLD,2236
59923383722504,RV_VLD,2240
59923383722504,RV_VLD,2244
59923383722504,RV_VLD,2248
59923383722504,RV_VLD,2252
59923383722504,RV_VLD,2256
59923383722504,RV_VLD,2260
59923383722504,RV_VLD,2264
59923383722504,RV_VLD,2268
59923383722504,RV_VLD,2272
59923383722504,RV_VLD,2276
59923383722504,RV_VLD,2280
59923383722504,RV_VLD,2284
59923383722504,RV_VLD,2288
59923383722504,RV_VLD,2292
59923383722504,RV_VLD,2296
59923383722504,RV_VLD,2300
59923383722505,RV_VLD,512
59923383722505,RV_VLD,516
59923383722505,RV_VLD,520
59923383722505,RV_VLD,524
59923383722505,RV_VLD,528
59923383722505,RV_VLD,532
59923383722505,RV_VLD,536
59923383722505,RV_VLD,540
59923383722505,RV_VLD,544
59923383722505,RV_VLD,548
59923383722505,RV_VLD,552
59923383722505,RV_VLD,556
59923383722505,RV_VLD,560
59923383722505,RV_VLD,564
59923383722505,RV_VLD,568
59923383722505,RV_VLD,572
59923383722505,RV_VLD,576
59923383722505,RV_VLD,580
59923383722505,RV_VLD,584
59923383722505,RV_VLD,588
59923383722505,RV_VLD,592
59923383722505,RV_VLD,596
59923383722505,RV_VLD,600
59923383722505,RV_VLD,604
59923383722505,RV_VLD,608
59923383722505,RV_VLD,612
59923383722505,RV_VLD,616
59923383722505,RV_VLD,620
59923383722505,RV_VLD,624
59923383722505,RV_VLD,628
59923383722505,RV_VLD,632
59923383722505,RV_VLD,636
59923383722505,RV_VLD,640
59923383722505,RV_VLD,644
59923383722505,RV_VLD,648
59923383722505,RV_VLD,652
59923383722505,RV_VLD,656
59923383722505,RV_VLD,660
59923383722505,RV_VLD,664
59923383722505,RV_VLD,668
59923383722505,RV_VLD,672
59923383722505,RV_VLD,676
59923383722505,RV_VLD,680
59923383722505,RV_VLD,684
59923383722505,RV_VLD,688
59923383722505,RV_VLD,692
59923383722505,RV_VLD,696
59923383722505,RV_VLD,700
59923383722505,RV_VLD,704
59923383722505,RV_VLD,708
59923383722505,RV_VLD,712
59923383722505,RV_VLD,716
59923383722505,RV_VLD,720
59923383722505,RV_VLD,724
59923383722505,RV_VLD,728
59923383722505,RV_VLD,732
59923383722505,RV_VLD,736
59923383722505,RV_VLD,740
59923383722505,RV_VLD,744
59923383722505,RV_VLD,748
59923383722505,RV_VLD,752
59923383722505,RV_VLD,756
59923383722505,RV_VLD,760
59923383722505,RV_VLD,764
58823872094732,RV_VST,2048
58823872094732,RV_VST,2052
58823872094732,RV_VST,2056
58823872094732,RV_VST,2060
58823872094732,RV_VST,2064
58823872094732,RV_VST,2068
58823872094732,RV_VST,2072
58823872094732,RV_VST,2076
58823872094732,RV_VST,2080
58823872094732,RV_VST,2084
58823872094732,RV_VST,2088
58823872094732,RV_VST,2092
58823872094732,RV_VST,2096
58823872094732,RV_VST,2100
58823872094732,RV_VST,2104
58823872094732,RV_VST,2108
58823872094732,RV_VST,2112
58823872094732,RV_VST,2116
58823872094732,RV_VST,2120
58823872094732,RV_VST,2124
58823872094732,RV_VST,2128
58823872094732,RV_VST,2132
58823872094732,RV_VST,2136
58823872094732,RV_VST,2140
58823872094732,RV_VST,2144
58823872094732,RV_VST,2148
58823872094732,RV_VST,2152
58823872094732,RV_VST,2156
58823872094732,RV_VST,2160
58823872094732,RV_VST,2164
58823872094732,RV_VST,2168
58823872094732,RV_VST,2172
58823872094732,RV_VST,2176
58823872094732,RV_VST,2180
58823872094732,RV_VST,2184
58823872094732,RV_VST,2188
58823872094732,RV_VST,2192
58823872094732,RV_VST,2196
58823872094732,RV_VST,2200
58823872094732,RV_VST,2204
58823872094732,RV_VST,2208
58823872094732,RV_VST,2212
58823872094732,RV_VST,2216
58823872094732,RV_VST,2220
58823872094732,RV_VST,2224
58823872094732,RV_VST,2228
58823872094732,RV_VST,2232
58823872094732,RV_VST,2236
58823872094732,RV_VST,2240
58823872094732,RV_VST,2244
58823872094732,RV_VST,2248
58823872094732,RV_VST,2252
58823872094732,RV_VST,2256
58823872094732,RV_VST,2260
58823872094732,RV_VST,2264
58823872094732,RV_VST,2268
58823872094732,RV_VST,2272
58823872094732,RV_VST,2276
58823872094732,RV_VST,2280
58823872094732,RV_VST,2284
58823872094732,RV_VST,2288
58823872094732,RV_VST,2292
58823872094732,RV_VST,2296
58823872094732,RV_VST,2300
59923383722509,RV_VLD,2304
59923383722509,RV_VLD,2308
59923383722509,RV_VLD,2312
59923383722509,RV_VLD,2316
59923383722509,RV_VLD,2320
59923383722509,RV_VLD,2324
59923383722509,RV_VLD,2328
59923383722509,RV_VLD,2332
59923383722509,RV_VLD,2336
59923383722509,RV_VLD,2340
59923383722509,RV_VLD,2344
59923383722509,RV_VLD,2348
59923383722509,RV_VLD,2352
59923383722509,RV_VLD,2356
59923383722509,RV_VLD,2360
59923383722509,RV_VLD,2364
59923383722509,RV_VLD,2368
59923383722509,RV_VLD,2372
59923383722509,RV_VLD,2376
59923383722509,RV_VLD,2380
59923383722509,RV_VLD,2384
59923383722509,RV_VLD,2388
59923383722509,RV_VLD,2392
59923383722509,RV_VLD,2396
59923383722509,RV_VLD,2400
59923383722509,RV_VLD,2404
59923383722509,RV_VLD,2408
59923383722509,RV_VLD,2412
59923383722509,RV_VLD,2416
59923383722509,RV_VLD,2420
59923383722509,RV_VLD,2424
59923383722509,RV_VLD,2428
59923383722509,RV_VLD,2432
59923383722509,RV_VLD,2436
59923383722509,RV_VLD,2440
59923383722509,RV_VLD,2444
59923383722509,RV_VLD,2448
59923383722509,RV_VLD,2452
59923383722509,RV_VLD,2456
59923383722509,RV_VLD,2460
59923383722509,RV_VLD,2464
59923383722509,RV_VLD,2468
59923383722509,RV_VLD,2472
59923383722509,RV_VLD,2476
59923383722509,RV_VLD,2480
59923383722509,RV_VLD,2484
59923383722509,RV_VLD,2488
59923383722509,RV_VLD,2492
59923383722509,RV_VLD,2496
59923383722509,RV_VLD,2500
59923383722509,RV_VLD,2504
59923383722509,RV_VLD,2508
59923383722509,RV_VLD,2512
59923383722509,RV_VLD,2516
59923383722509,RV_VLD,2520
59923383722509,RV_VLD,2524
59923383722509,RV_VLD,2528
59923383722509,RV_VLD,2532
59923383722509,RV_VLD,2536
59923383722509,RV_VLD,2540
59923383722509,RV_VLD,2544
59923383722509,RV_VLD,2548
59923383722509,RV_VLD,2552
59923383722509,RV_VLD,2556
59923383722510,RV_VLD,768
59923383722510,RV_VLD,772
59923383722510,RV_VLD,776
59923383722510,RV_VLD,780
59923383722510,RV_VLD,784
59923383722510,RV_VLD,788
59923383722510,RV_VLD,792
59923383722510,RV_VLD,796
59923383722510,RV_VLD,800
59923383722510,RV_VLD,804
59923383722510,RV_VLD,808
59923383722510,RV_VLD,812
59923383722510,RV_VLD,816
59923383722510,RV_VLD,820
59923383722510,RV_VLD,824
59923383722510,RV_VLD,828
59923383722510,RV_VLD,832
59923383722510,RV_VLD,836
59923383722510,RV_VLD,840
59923383722510,RV_VLD,844
59923383722510,RV_VLD,848
59923383722510,RV_VLD,852
59923383722510,RV_VLD,856
59923383722510,RV_VLD,860
59923383722510,RV_VLD,864
59923383722510,RV_VLD,868
59923383722510,RV_VLD,872
59923383722510,RV_VLD,876
59923383722510,RV_VLD,880
59923383722510,RV_VLD,884
59923383722510,RV_VLD,888
59923383722510,RV_VLD,892
59923383722510,RV_VLD,896
59923383722510,RV_VLD,900
59923383722510,RV_VLD,904
59923383722510,RV_VLD,908
59923383722510,RV_VLD,912
59923383722510,RV_VLD,916
59923383722510,RV_VLD,920
59923383722510,RV_VLD,924
59923383722510,RV_VLD,928
59923383722510,RV_VLD,932
59923383722510,RV_VLD,936
59923383722510,RV_VLD,940
59923383722510,RV_VLD,944
59923383722510,RV_VLD,948
59923383722510,RV_VLD,952
59923383722510,RV_VLD,956
59923383722510,RV_VLD,960
59923383722510,RV_VLD,964
59923383722510,RV_VLD,968
59923383722510,RV_VLD,972
59923383722510,RV_VLD,976
59923383722510,RV_VLD,980
59923383722510,RV_VLD,984
59923383722510,RV_VLD,988
59923383722510,RV_VLD,992
59923383722510,RV_VLD,996
59923383722510,RV_VLD,1000
59923383722510,RV_VLD,1004
59923383722510,RV_VLD,1008
59923383722510,RV_VLD,1012
59923383722510,RV_VLD,1016
59923383722510,RV_VLD,1020
58823872094737,RV_VST,2304
58823872094737,RV_VST,2308
58823872094737,RV_VST,2312
58823872094737,RV_VST,2316
58823872094737,RV_VST,2320
58823872094737,RV_VST,2324
58823872094737,RV_VST,2328
58823872094737,RV_VST,2332
58823872094737,RV_VST,2336
58823872094737,RV_VST,2340
58823872094737,RV_VST,2344
58823872094737,RV_VST,2348
58823872094737,RV_VST,2352
58823872094737,RV_VST,2356
58823872094737,RV_VST,2360
58823872094737,RV_VST,2364
58823872094737,RV_VST,2368
58823872094737,RV_VST,2372
58823872094737,RV_VST,2376
58823872094737,RV_VST,2380
58823872094737,RV_VST,2384
58823872094737,RV_VST,2388
58823872094737,RV_VST,2392
58823872094737,RV_VST,2396
58823872094737,RV_VST,2400
58823872094737,RV_VST,2404
58823872094737,RV_VST,2408
58823872094737,RV_VST,2412
58823872094737,RV_VST,2416
58823872094737,RV_VST,2420
58823872094737,RV_VST,2424
58823872094737,RV_VST,2428
58823872094737,RV_VST,2432
58823872094737,RV_VST,2436
58823872094737,RV_VST,2440
58823872094737,RV_VST,2444
58823872094737,RV_VST,2448
58823872094737,RV_VST,2452
58823872094737,RV_VST,2456
58823872094737,RV_VST,2460
58823872094737,RV_VST,2464
58823872094737,RV_VST,2468
58823872094737,RV_VST,2472
58823872094737,RV_VST,2476
58823872094737,RV_VST,2480
58823872094737,RV_VST,2484
58823872094737,RV_VST,2488
58823872094737,RV_VST,2492
58823872094737,RV_VST,2496
58823872094737,RV_VST,2500
58823872094737,RV_VST,2504
58823872094737,RV_VST,2508
58823872094737,RV_VST,2512
58823872094737,RV_VST,2516
58823872094737,RV_VST,2520
58823872094737,RV_VST,2524
58823872094737,RV_VST,2528
58823872094737,RV_VST,2532
58823872094737,RV_VST,2536
58823872094737,RV_VST,2540
58823872094737,RV_VST,2544
58823872094737,RV_VST,2548
58823872094737,RV_VST,2552
58823872094737,RV_VST,2556
59923383722517,RV_VLD,2048
59923383722517,RV_VLD,2052
59923383722517,RV_VLD,2056
59923383722517,RV_VLD,2060
59923383722517,RV_VLD,2064
59923383722517,RV_VLD,2068
59923383722517,RV_VLD,2072
59923383722517,RV_VLD,2076
59923383722517,RV_VLD,2080
59923383722517,RV_VLD,2084
59923383722517,RV_VLD,2088
59923383722517,RV_VLD,2092
59923383722517,RV_VLD,2096
59923383722517,RV_VLD,2100
59923383722517,RV_VLD,2104
59923383722517,RV_VLD,2108
59923383722517,RV_VLD,2112
59923383722517,RV_VLD,2116
59923383722517,RV_VLD,2120
59923383722517,RV_VLD,2124
59923383722517,RV_VLD,2128
59923383722517,RV_VLD,2132
59923383722517,RV_VLD,2136
59923383722517,RV_VLD,2140
59923383722517,RV_VLD,2144
59923383722517,RV_VLD,2148
59923383722517,RV_VLD,2152
59923383722517,RV_VLD,2156
59923383722517,RV_VLD,2160
59923383722517,RV_VLD,2164
59923383722517,RV_VLD,2168
59923383722517,RV_VLD,2172
59923383722517,RV_VLD,2176
59923383722517,RV_VLD,2180
59923383722517,RV_VLD,2184
59923383722517,RV_VLD,2188
59923383722517,RV_VLD,2192
59923383722517,RV_VLD,2196
59923383722517,RV_VLD,2200
59923383722517,RV_VLD,2204
59923383722517,RV_VLD,2208
59923383722517,RV_VLD,2212
59923383722517,RV_VLD,2216
59923383722517,RV_VLD,2220
59923383722517,RV_VLD,2224
59923383722517,RV_VLD,2228
59923383722517,RV_VLD,2232
59923383722517,RV_VLD,2236
59923383722517,RV_VLD,2240
59923383722517,RV_VLD,2244
59923383722517,RV_VLD,2248
59923383722517,RV_VLD,2252
59923383722517,RV_VLD,2256
59923383722517,RV_VLD,2260
59923383722517,RV_VLD,2264
59923383722517,RV_VLD,2268
59923383722517,RV_VLD,2272
59923383722517,RV_VLD,2276
59923383722517,RV_VLD,2280
59923383722517,RV_VLD,2284
59923383722517,RV_VLD,2288
59923383722517,RV_VLD,2292
59923383722517,RV_VLD,2296
59923383722517,RV_VLD,2300
58823872094745,RV_VST,2048
58823872094745,RV_VST,2052
58823872094745,RV_VST,2056
58823872094745,RV_VST,2060
58823872094745,RV_VST,2064
58823872094745,RV_VST,2068
58823872094745,RV_VST,2072
58823872094745,RV_VST,2076
58823872094745,RV_VST,2080
58823872094745,RV_VST,2084
58823872094745,RV_VST,2088
58823872094745,RV_VST,2092
58823872094745,RV_VST,2096
58823872094745,RV_VST,2100
58823872094745,RV_VST,2104
58823872094745,RV_VST,2108
58823872094745,RV_VST,2112
58823872094745,RV_VST,2116
58823872094745,RV_VST,2120
58823872094745,RV_VST,2124
58823872094745,RV_VST,2128
58823872094745,RV_VST,2132
58823872094745,RV_VST,2136
58823872094745,RV_VST,2140
58823872094745,RV_VST,2144
58823872094745,RV_VST,2148
58823872094745,RV_VST,2152
58823872094745,RV_VST,2156
58823872094745,RV_VST,2160
58823872094745,RV_VST,2164
58823872094745,RV_VST,2168
58823872094745,RV_VST,2172
58823872094745,RV_VST,2176
58823872094745,RV_VST,2180
58823872094745,RV_VST,2184
58823872094745,RV_VST,2188
58823872094745,RV_VST,2192
58823872094745,RV_VST,2196
58823872094745,RV_VST,2200
58823872094745,RV_VST,2204
58823872094745,RV_VST,2208
58823872094745,RV_VST,2212
58823872094745,RV_VST,2216
58823872094745,RV_VST,2220
58823872094745,RV_VST,2224
58823872094745,RV_VST,2228
58823872094745,RV_VST,2232
58823872094745,RV_VST,2236
58823872094745,RV_VST,2240
58823872094745,RV_VST,2244
58823872094745,RV_VST,2248
58823872094745,RV_VST,2252
58823872094745,RV_VST,2256
58823872094745,RV_VST,2260
58823872094745,RV_VST,2264
58823872094745,RV_VST,2268
58823872094745,RV_VST,2272
58823872094745,RV_VST,2276
58823872094745,RV_VST,2280
58823872094745,RV_VST,2284
58823872094745,RV_VST,2288
58823872094745,RV_VST,2292
58823872094745,RV_VST,2296
58823872094745,RV_VST,2300
59923383722522,RV_VLD,2304
59923383722522,RV_VLD,2308
59923383722522,RV_VLD,2312
59923383722522,RV_VLD,2316
59923383722522,RV_VLD,2320
59923383722522,RV_VLD,2324
59923383722522,RV_VLD,2328
59923383722522,RV_VLD,2332
59923383722522,RV_VLD,2336
59923383722522,RV_VLD,2340
59923383722522,RV_VLD,2344
59923383722522,RV_VLD,2348
59923383722522,RV_VLD,2352
59923383722522,RV_VLD,2356
59923383722522,RV_VLD,2360
59923383722522,RV_VLD,2364
59923383722522,RV_VLD,2368
59923383722522,RV_VLD,2372
59923383722522,RV_VLD,2376
59923383722522,RV_VLD,2380
59923383722522,RV_VLD,2384
59923383722522,RV_VLD,2388
59923383722522,RV_VLD,2392
59923383722522,RV_VLD,2396
59923383722522,RV_VLD,2400
59923383722522,RV_VLD,2404
59923383722522,RV_VLD,2408
59923383722522,RV_VLD,2412
59923383722522,RV_VLD,2416
59923383722522,RV_VLD,2420
59923383722522,RV_VLD,2424
59923383722522,RV_VLD,2428
59923383722522,RV_VLD,2432
59923383722522,RV_VLD,2436
59923383722522,RV_VLD,2440
59923383722522,RV_VLD,2444
59923383722522,RV_VLD,2448
59923383722522,RV_VLD,2452
59923383722522,RV_VLD,2456
59923383722522,RV_VLD,2460
59923383722522,RV_VLD,2464
59923383722522,RV_VLD,2468
59923383722522,RV_VLD,2472
59923383722522,RV_VLD,2476
59923383722522,RV_VLD,2480
59923383722522,RV_VLD,2484
59923383722522,RV_VLD,2488
59923383722522,RV_VLD,2492
59923383722522,RV_VLD,2496
59923383722522,RV_VLD,2500
59923383722522,RV_VLD,2504
59923383722522,RV_VLD,2508
59923383722522,RV_VLD,2512
59923383722522,RV_VLD,2516
59923383722522,RV_VLD,2520
59923383722522,RV_VLD,2524
59923383722522,RV_VLD,2528
59923383722522,RV_VLD,2532
59923383722522,RV_VLD,2536
59923383722522,RV_VLD,2540
59923383722522,RV_VLD,2544
59923383722522,RV_VLD,2548
59923383722522,RV_VLD,2552
59923383722522,RV_VLD,2556
58823872094750,RV_VST,2304
58823872094750,RV_VST,2308
58823872094750,RV_VST,2312
58823872094750,RV_VST,2316
58823872094750,RV_VST,2320
58823872094750,RV_VST,2324
58823872094750,RV_VST,2328
58823872094750,RV_VST,2332
58823872094750,RV_VST,2336
58823872094750,RV_VST,2340
58823872094750,RV_VST,2344
58823872094750,RV_VST,2348
58823872094750,RV_VST,2352
58823872094750,RV_VST,2356
58823872094750,RV_VST,2360
58823872094750,RV_VST,2364
58823872094750,RV_VST,2368
58823872094750,RV_VST,2372
58823872094750,RV_VST,2376
58823872094750,RV_VST,2380
58823872094750,RV_VST,2384
58823872094750,RV_VST,2388
58823872094750,RV_VST,2392
58823872094750,RV_VST,2396
58823872094750,RV_VST,2400
58823872094750,RV_VST,2404
58823872094750,RV_VST,2408
58823872094750,RV_VST,2412
58823872094750,RV_VST,2416
58823872094750,RV_VST,2420
58823872094750,RV_VST,2424
58823872094750,RV_VST,2428
58823872094750,RV_VST,2432
58823872094750,RV_VST,2436
58823872094750,RV_VST,2440
58823872094750,RV_VST,2444
58823872094750,RV_VST,2448
58823872094750,RV_VST,2452
58823872094750,RV_VST,2456
58823872094750,RV_VST,2460
58823872094750,RV_VST,2464
58823872094750,RV_VST,2468
58823872094750,RV_VST,2472
58823872094750,RV_VST,2476
58823872094750,RV_VST,2480
58823872094750,RV_VST,2484
58823872094750,RV_VST,2488
58823872094750,RV_VST,2492
58823872094750,RV_VST,2496
58823872094750,RV_VST,2500
58823872094750,RV_VST,2504
58823872094750,RV_VST,2508
58823872094750,RV_VST,2512
58823872094750,RV_VST,2516
58823872094750,RV_VST,2520
58823872094750,RV_VST,2524
58823872094750,RV_VST,2528
58823872094750,RV_VST,2532
58823872094750,RV_VST,2536
58823872094750,RV_VST,2540
58823872094750,RV_VST,2544
58823872094750,RV_VST,2548
58823872094750,RV_VST,2552
58823872094750,RV_VST,2556
59923383722530,RV_VLD,512
59923383722530,RV_VLD,516
59923383722530,RV_VLD,520
59923383722530,RV_VLD,524
59923383722530,RV_VLD,528
59923383722530,RV_VLD,532
59923383722530,RV_VLD,536
59923383722530,RV_VLD,540
59923383722530,RV_VLD,544
59923383722530,RV_VLD,548
59923383722530,RV_VLD,552
59923383722530,RV_VLD,556
59923383722530,RV_VLD,560
59923383722530,RV_VLD,564
59923383722530,RV_VLD,568
59923383722530,RV_VLD,572
59923383722530,RV_VLD,576
59923383722530,RV_VLD,580
59923383722530,RV_VLD,584
59923383722530,RV_VLD,588
59923383722530,RV_VLD,592
59923383722530,RV_VLD,596
59923383722530,RV_VLD,600
59923383722530,RV_VLD,604
59923383722530,RV_VLD,608
59923383722530,RV_VLD,612
59923383722530,RV_VLD,616
59923383722530,RV_VLD,620
59923383722530,RV_VLD,624
59923383722530,RV_VLD,628
59923383722530,RV_VLD,632
59923383722530,RV_VLD,636
59923383722530,RV_VLD,640
59923383722530,RV_VLD,644
59923383722530,RV_VLD,648
59923383722530,RV_VLD,652
59923383722530,RV_VLD,656
59923383722530,RV_VLD,660
59923383722530,RV_VLD,664
59923383722530,RV_VLD,668
59923383722530,RV_VLD,672
59923383722530,RV_VLD,676
59923383722530,RV_VLD,680
59923383722530,RV_VLD,684
59923383722530,RV_VLD,688
59923383722530,RV_VLD,692
59923383722530,RV_VLD,696
59923383722530,RV_VLD,700
59923383722530,RV_VLD,704
59923383722530,RV_VLD,708
59923383722530,RV_VLD,712
59923383722530,RV_VLD,716
59923383722530,RV_VLD,720
59923383722530,RV_VLD,724
59923383722530,RV_VLD,728
59923383722530,RV_VLD,732
59923383722530,RV_VLD,736
59923383722530,RV_VLD,740
59923383722530,RV_VLD,744
59923383722530,RV_VLD,748
59923383722530,RV_VLD,752
59923383722530,RV_VLD,756
59923383722530,RV_VLD,760
59923383722530,RV_VLD,764
59923383722531,RV_VLD,2048
59923383722531,RV_VLD,2052
59923383722531,RV_VLD,2056
59923383722531,RV_VLD,2060
59923383722531,RV_VLD,2064
59923383722531,RV_VLD,2068
59923383722531,RV_VLD,2072
59923383722531,RV_VLD,2076
59923383722531,RV_VLD,2080
59923383722531,RV_VLD,2084
59923383722531,RV_VLD,2088
59923383722531,RV_VLD,2092
59923383722531,RV_VLD,2096
59923383722531,RV_VLD,2100
59923383722531,RV_VLD,2104
59923383722531,RV_VLD,2108
59923383722531,RV_VLD,2112
59923383722531,RV_VLD,2116
59923383722531,RV_VLD,2120
59923383722531,RV_VLD,2124
59923383722531,RV_VLD,2128
59923383722531,RV_VLD,2132
59923383722531,RV_VLD,2136
59923383722531,RV_VLD,2140
59923383722531,RV_VLD,2144
59923383722531,RV_VLD,2148
59923383722531,RV_VLD,2152
59923383722531,RV_VLD,2156
59923383722531,RV_VLD,2160
59923383722531,RV_VLD,2164
59923383722531,RV_VLD,2168
59923383722531,RV_VLD,2172
59923383722531,RV_VLD,2176
59923383722531,RV_VLD,2180
59923383722531,RV_VLD,2184
59923383722531,RV_VLD,2188
59923383722531,RV_VLD,2192
59923383722531,RV_VLD,2196
59923383722531,RV_VLD,2200
59923383722531,RV_VLD,2204
59923383722531,RV_VLD,2208
59923383722531,RV_VLD,2212
59923383722531,RV_VLD,2216
59923383722531,RV_VLD,2220
59923383722531,RV_VLD,2224
59923383722531,RV_VLD,2228
59923383722531,RV_VLD,2232
59923383722531,RV_VLD,2236
59923383722531,RV_VLD,2240
59923383722531,RV_VLD,2244
59923383722531,RV_VLD,2248
59923383722531,RV_VLD,2252
59923383722531,RV_VLD,2256
59923383722531,RV_VLD,2260
59923383722531,RV_VLD,2264
59923383722531,RV_VLD,2268
59923383722531,RV_VLD,2272
59923383722531,RV_VLD,2276
59923383722531,RV_VLD,2280
59923383722531,RV_VLD,2284
59923383722531,RV_VLD,2288
59923383722531,RV_VLD,2292
59923383722531,RV_VLD,2296
59923383722531,RV_VLD,2300
58823872094758,RV_VST,2048
58823872094758,RV_VST,2052
58823872094758,RV_VST,2056
58823872094758,RV_VST,2060
58823872094758,RV_VST,2064
58823872094758,RV_VST,2068
58823872094758,RV_VST,2072
58823872094758,RV_VST,2076
58823872094758,RV_VST,2080
58823872094758,RV_VST,2084
58823872094758,RV_VST,2088
58823872094758,RV_VST,2092
58823872094758,RV_VST,2096
58823872094758,RV_VST,2100
58823872094758,RV_VST,2104
58823872094758,RV_VST,2108
58823872094758,RV_VST,2112
58823872094758,RV_VST,2116
58823872094758,RV_VST,2120
58823872094758,RV_VST,2124
58823872094758,RV_VST,2128
58823872094758,RV_VST,2132
58823872094758,RV_VST,2136
58823872094758,RV_VST,2140
58823872094758,RV_VST,2144
58823872094758,RV_VST,2148
58823872094758,RV_VST,2152
58823872094758,RV_VST,2156
58823872094758,RV_VST,2160
58823872094758,RV_VST,2164
58823872094758,RV_VST,2168
58823872094758,RV_VST,2172
58823872094758,RV_VST,2176
58823872094758,RV_VST,2180
58823872094758,RV_VST,2184
58823872094758,RV_VST,2188
58823872094758,RV_VST,2192
58823872094758,RV_VST,2196
58823872094758,RV_VST,2200
58823872094758,RV_VST,2204
58823872094758,RV_VST,2208
58823872094758,RV_VST,2212
58823872094758,RV_VST,2216
58823872094758,RV_VST,2220
58823872094758,RV_VST,2224
58823872094758,RV_VST,2228
58823872094758,RV_VST,2232
58823872094758,RV_VST,2236
58823872094758,RV_VST,2240
58823872094758,RV_VST,2244
58823872094758,RV_VST,2248
58823872094758,RV_VST,2252
58823872094758,RV_VST,2256
58823872094758,RV_VST,2260
58823872094758,RV_VST,2264
58823872094758,RV_VST,2268
58823872094758,RV_VST,2272
58823872094758,RV_VST,2276
58823872094758,RV_VST,2280
58823872094758,RV_VST,2284
58823872094758,RV_VST,2288
58823872094758,RV_VST,2292
58823872094758,RV_VST,2296
58823872094758,RV_VST,2300
59923383722535,RV_VLD,768
59923383722535,RV_VLD,772
59923383722535,RV_VLD,776
59923383722535,RV_VLD,780
59923383722535,RV_VLD,784
59923383722535,RV_VLD,788
59923383722535,RV_VLD,792
59923383722535,RV_VLD,796
59923383722535,RV_VLD,800
59923383722535,RV_VLD,804
59923383722535,RV_VLD,808
59923383722535,RV_VLD,812
59923383722535,RV_VLD,816
59923383722535,RV_VLD,820
59923383722535,RV_VLD,824
59923383722535,RV_VLD,828
59923383722535,RV_VLD,832
59923383722535,RV_VLD,836
59923383722535,RV_VLD,840
59923383722535,RV_VLD,844
59923383722535,RV_VLD,848
59923383722535,RV_VLD,852
59923383722535,RV_VLD,856
59923383722535,RV_VLD,860
59923383722535,RV_VLD,864
59923383722535,RV_VLD,868
59923383722535,RV_VLD,872
59923383722535,RV_VLD,876
59923383722535,RV_VLD,880
59923383722535,RV_VLD,884
59923383722535,RV_VLD,888
59923383722535,RV_VLD,892
59923383722535,RV_VLD,896
59923383722535,RV_VLD,900
59923383722535,RV_VLD,904
59923383722535,RV_VLD,908
59923383722535,RV_VLD,912
59923383722535,RV_VLD,916
59923383722535,RV_VLD,920
59923383722535,RV_VLD,924
59923383722535,RV_VLD,928
59923383722535,RV_VLD,932
59923383722535,RV_VLD,936
59923383722535,RV_VLD,940
59923383722535,RV_VLD,944
59923383722535,RV_VLD,948
59923383722535,RV_VLD,952
59923383722535,RV_VLD,956
59923383722535,RV_VLD,960
59923383722535,RV_VLD,964
59923383722535,RV_VLD,968
59923383722535,RV_VLD,972
59923383722535,RV_VLD,976
59923383722535,RV_VLD,980
59923383722535,RV_VLD,984
59923383722535,RV_VLD,988
59923383722535,RV_VLD,992
59923383722535,RV_VLD,996
59923383722535,RV_VLD,1000
59923383722535,RV_VLD,1004
59923383722535,RV_VLD,1008
59923383722535,RV_VLD,1012
59923383722535,RV_VLD,1016
59923383722535,RV_VLD,1020
59923383722536,RV_VLD,2304
59923383722536,RV_VLD,2308
59923383722536,RV_VLD,2312
59923383722536,RV_VLD,2316
59923383722536,RV_VLD,2320
59923383722536,RV_VLD,2324
59923383722536,RV_VLD,2328
59923383722536,RV_VLD,2332
59923383722536,RV_VLD,2336
59923383722536,RV_VLD,2340
59923383722536,RV_VLD,2344
59923383722536,RV_VLD,2348
59923383722536,RV_VLD,2352
59923383722536,RV_VLD,2356
59923383722536,RV_VLD,2360
59923383722536,RV_VLD,2364
59923383722536,RV_VLD,2368
59923383722536,RV_VLD,2372
59923383722536,RV_VLD,2376
59923383722536,RV_VLD,2380
59923383722536,RV_VLD,2384
59923383722536,RV_VLD,2388
59923383722536,RV_VLD,2392
59923383722536,RV_VLD,2396
59923383722536,RV_VLD,2400
59923383722536,RV_VLD,2404
59923383722536,RV_VLD,2408
59923383722536,RV_VLD,2412
59923383722536,RV_VLD,2416
59923383722536,RV_VLD,2420
59923383722536,RV_VLD,2424
59923383722536,RV_VLD,2428
59923383722536,RV_VLD,2432
59923383722536,RV_VLD,2436
59923383722536,RV_VLD,2440
59923383722536,RV_VLD,2444
59923383722536,RV_VLD,2448
59923383722536,RV_VLD,2452
59923383722536,RV_VLD,2456
59923383722536,RV_VLD,2460
59923383722536,RV_VLD,2464
59923383722536,RV_VLD,2468
59923383722536,RV_VLD,2472
59923383722536,RV_VLD,2476
59923383722536,RV_VLD,2480
59923383722536,RV_VLD,2484
59923383722536,RV_VLD,2488
59923383722536,RV_VLD,2492
59923383722536,RV_VLD,2496
59923383722536,RV_VLD,2500
59923383722536,RV_VLD,2504
59923383722536,RV_VLD,2508
59923383722536,RV_VLD,2512
59923383722536,RV_VLD,2516
59923383722536,RV_VLD,2520
59923383722536,RV_VLD,2524
59923383722536,RV_VLD,2528
59923383722536,RV_VLD,2532
59923383722536,RV_VLD,2536
59923383722536,RV_VLD,2540
59923383722536,RV_VLD,2544
59923383722536,RV_VLD,2548
59923383722536,RV_VLD,2552
59923383722536,RV_VLD,2556
58823872094763,RV_VST,2304
58823872094763,RV_VST,2308
58823872094763,RV_VST,2312
58823872094763,RV_VST,2316
58823872094763,RV_VST,2320
58823872094763,RV_VST,2324
58823872094763,RV_VST,2328
58823872094763,RV_VST,2332
58823872094763,RV_VST,2336
58823872094763,RV_VST,2340
58823872094763,RV_VST,2344
58823872094763,RV_VST,2348
58823872094763,RV_VST,2352
58823872094763,RV_VST,2356
58823872094763,RV_VST,2360
58823872094763,RV_VST,2364
58823872094763,RV_VST,2368
58823872094763,RV_VST,2372
58823872094763,RV_VST,2376
58823872094763,RV_VST,2380
58823872094763,RV_VST,2384
58823872094763,RV_VST,2388
58823872094763,RV_VST,2392
58823872094763,RV_VST,2396
58823872094763,RV_VST,2400
58823872094763,RV_VST,2404
58823872094763,RV_VST,2408
58823872094763,RV_VST,2412
58823872094763,RV_VST,2416
58823872094763,RV_VST,2420
58823872094763,RV_VST,2424
58823872094763,RV_VST,2428
58823872094763,RV_VST,2432
58823872094763,RV_VST,2436
58823872094763,RV_VST,2440
58823872094763,RV_VST,2444
58823872094763,RV_VST,2448
58823872094763,RV_VST,2452
58823872094763,RV_VST,2456
58823872094763,RV_VST,2460
58823872094763,RV_VST,2464
58823872094763,RV_VST,2468
58823872094763,RV_VST,2472
58823872094763,RV_VST,2476
58823872094763,RV_VST,2480
58823872094763,RV_VST,2484
58823872094763,RV_VST,2488
58823872094763,RV_VST,2492
58823872094763,RV_VST,2496
58823872094763,RV_VST,2500
58823872094763,RV_VST,2504
58823872094763,RV_VST,2508
58823872094763,RV_VST,2512
58823872094763,RV_VST,2516
58823872094763,RV_VST,2520
58823872094763,RV_VST,2524
58823872094763,RV_VST,2528
58823872094763,RV_VST,2532
58823872094763,RV_VST,2536
58823872094763,RV_VST,2540
58823872094763,RV_VST,2544
58823872094763,RV_VST,2548
58823872094763,RV_VST,2552
58823872094763,RV_VST,2556
,,512
,,516
,,520
,,524
,,528
,,532
,,536
,,540
,,544
,,548
,,552
,,556
,,560
,,564
,,568
,,572
,,576
,,580
,,584
,,588
,,592
,,596
,,600
,,604
,,608
,,612
,,616
,,620
,,624
,,628
,,632
,,636
,,640
,,644
,,648
,,652
,,656
,,660
,,664
,,668
,,672
,,676
,,680
,,684
,,688
,,692
,,696
,,700
,,704
,,708
,,712
,,716
,,720
,,724
,,728
,,732
,,736
,,740
,,744
,,748
,,752
,,756
,,760
,,764
,,768
,,772
,,776
,,780
,,784
,,788
,,792
,,796
,,800
,,804
,,808
,,812
,,816
,,820
,,824
,,828
,,832
,,836
,,840
,,844
,,848
,,852
,,856
,,860
,,864
,,868
,,872
,,876
,,880
,,884
,,888
,,892
,,896
,,900
,,904
,,908
,,912
,,916
,,920
,,924
,,928
,,932
,,936
,,940
,,944
,,948
,,952
,,956
,,960
,,964
,,968
,,972
,,976
,,980
,,984
,,988
,,992
,,996
,,1000
,,1004
,,1008
,,1012
,,1016
,,1020
,,0
,,4
,,8
,,12
,,16
,,20
,,24
,,28
,,32
,,36
,,40
,,44
,,48
,,52
,,56
,,60
,,64
,,68
,,72
,,76
,,80
,,84
,,88
,,92
,,96
,,100
,,104
,,108
,,112
,,116
,,120
,,124
,,128
,,132
,,136
,,140
,,144
,,148
,,152
,,156
,,160
,,164
,,168
,,172
,,176
,,180
,,184
,,188
,,192
,,196
,,200
,,204
,,208
,,212
,,216
,,220
,,224
,,228
,,232
,,236
,,240
,,244
,,248
,,252
,,256
,,260
,,264
,,268
,,272
,,276
,,280
,,284
,,288
,,292
,,296
,,300
,,304
,,308
,,312
,,316
,,320
,,324
,,328
,,332
,,336
,,340
,,344
,,348
,,352
,,356
,,360
,,364
,,368
,,372
,,376
,,380
,,384
,,388
,,392
,,396
,,400
,,404
,,408
,,412
,,416
,,420
,,424
,,428
,,432
,,436
,,440
,,444
,,448
,,452
,,456
,,460
,,464
,,468
,,472
,,476
,,480
,,484
,,488
,,492
,,496
,,500
,,504
,,508
59923383722544,RV_VLD,512
59923383722544,RV_VLD,516
59923383722544,RV_VLD,520
59923383722544,RV_VLD,524
59923383722544,RV_VLD,528
59923383722544,RV_VLD,532
59923383722544,RV_VLD,536
59923383722544,RV_VLD,540
59923383722544,RV_VLD,544
59923383722544,RV_VLD,548
59923383722544,RV_VLD,552
59923383722544,RV_VLD,556
59923383722544,RV_VLD,560
59923383722544,RV_VLD,564
59923383722544,RV_VLD,568
59923383722544,RV_VLD,572
59923383722544,RV_VLD,576
59923383722544,RV_VLD,580
59923383722544,RV_VLD,584
59923383722544,RV_VLD,588
59923383722544,RV_VLD,592
59923383722544,RV_VLD,596
59923383722544,RV_VLD,600
59923383722544,RV_VLD,604
59923383722544,RV_VLD,608
59923383722544,RV_VLD,612
59923383722544,RV_VLD,616
59923383722544,RV_VLD,620
59923383722544,RV_VLD,624
59923383722544,RV_VLD,628
59923383722544,RV_VLD,632
59923383722544,RV_VLD,636
59923383722544,RV_VLD,640
59923383722544,RV_VLD,644
59923383722544,RV_VLD,648
59923383722544,RV_VLD,652
59923383722544,RV_VLD,656
59923383722544,RV_VLD,660
59923383722544,RV_VLD,664
59923383722544,RV_VLD,668
59923383722544,RV_VLD,672
59923383722544,RV_VLD,676
59923383722544,RV_VLD,680
59923383722544,RV_VLD,684
59923383722544,RV_VLD,688
59923383722544,RV_VLD,692
59923383722544,RV_VLD,696
59923383722544,RV_VLD,700
59923383722544,RV_VLD,704
59923383722544,RV_VLD,708
59923383722544,RV_VLD,712
59923383722544,RV_VLD,716
59923383722544,RV_VLD,720
59923383722544,RV_VLD,724
59923383722544,RV_VLD,728
59923383722544,RV_VLD,732
59923383722544,RV_VLD,736
59923383722544,RV_VLD,740
59923383722544,RV_VLD,744
59923383722544,RV_VLD,748
59923383722544,RV_VLD,752
59923383722544,RV_VLD,756
59923383722544,RV_VLD,760
59923383722544,RV_VLD,764
59923383722545,RV_VLD,2048
59923383722545,RV_VLD,2052
59923383722545,RV_VLD,2056
59923383722545,RV_VLD,2060
59923383722545,RV_VLD,2064
59923383722545,RV_VLD,2068
59923383722545,RV_VLD,2072
59923383722545,RV_VLD,2076
59923383722545,RV_VLD,2080
59923383722545,RV_VLD,2084
59923383722545,RV_VLD,2088
59923383722545,RV_VLD,2092
59923383722545,RV_VLD,2096
59923383722545,RV_VLD,2100
59923383722545,RV_VLD,2104
59923383722545,RV_VLD,2108
59923383722545,RV_VLD,2112
59923383722545,RV_VLD,2116
59923383722545,RV_VLD,2120
59923383722545,RV_VLD,2124
59923383722545,RV_VLD,2128
59923383722545,RV_VLD,2132
59923383722545,RV_VLD,2136
59923383722545,RV_VLD,2140
59923383722545,RV_VLD,2144
59923383722545,RV_VLD,2148
59923383722545,RV_VLD,2152
59923383722545,RV_VLD,2156
59923383722545,RV_VLD,2160
59923383722545,RV_VLD,2164
59923383722545,RV_VLD,2168
59923383722545,RV_VLD,2172
59923383722545,RV_VLD,2176
59923383722545,RV_VLD,2180
59923383722545,RV_VLD,2184
59923383722545,RV_VLD,2188
59923383722545,RV_VLD,2192
59923383722545,RV_VLD,2196
59923383722545,RV_VLD,2200
59923383722545,RV_VLD,2204
59923383722545,RV_VLD,2208
59923383722545,RV_VLD,2212
59923383722545,RV_VLD,2216
59923383722545,RV_VLD,2220
59923383722545,RV_VLD,2224
59923383722545,RV_VLD,2228
59923383722545,RV_VLD,2232
59923383722545,RV_VLD,2236
59923383722545,RV_VLD,2240
59923383722545,RV_VLD,2244
59923383722545,RV_VLD,2248
59923383722545,RV_VLD,2252
59923383722545,RV_VLD,2256
59923383722545,RV_VLD,2260
59923383722545,RV_VLD,2264
59923383722545,RV_VLD,2268
59923383722545,RV_VLD,2272
59923383722545,RV_VLD,2276
59923383722545,RV_VLD,2280
59923383722545,RV_VLD,2284
59923383722545,RV_VLD,2288
59923383722545,RV_VLD,2292
59923383722545,RV_VLD,2296
59923383722545,RV_VLD,2300
58823872094772,RV_VST,1536
58823872094772,RV_VST,1540
58823872094772,RV_VST,1544
58823872094772,RV_VST,1548
58823872094772,RV_VST,1552
58823872094772,RV_VST,1556
58823872094772,RV_VST,1560
58823872094772,RV_VST,1564
58823872094772,RV_VST,1568
58823872094772,RV_VST,1572
58823872094772,RV_VST,1576
58823872094772,RV_VST,1580
58823872094772,RV_VST,1584
58823872094772,RV_VST,1588
58823872094772,RV_VST,1592
58823872094772,RV_VST,1596
58823872094772,RV_VST,1600
58823872094772,RV_VST,1604
58823872094772,RV_VST,1608
58823872094772,RV_VST,1612
58823872094772,RV_VST,1616
58823872094772,RV_VST,1620
58823872094772,RV_VST,1624
58823872094772,RV_VST,1628
58823872094772,RV_VST,1632
58823872094772,RV_VST,1636
58823872094772,RV_VST,1640
58823872094772,RV_VST,1644
58823872094772,RV_VST,1648
58823872094772,RV_VST,1652
58823872094772,RV_VST,1656
58823872094772,RV_VST,1660
58823872094772,RV_VST,1664
58823872094772,RV_VST,1668
58823872094772,RV_VST,1672
58823872094772,RV_VST,1676
58823872094772,RV_VST,1680
58823872094772,RV_VST,1684
58823872094772,RV_VST,1688
58823872094772,RV_VST,1692
58823872094772,RV_VST,1696
58823872094772,RV_VST,1700
58823872094772,RV_VST,1704
58823872094772,RV_VST,1708
58823872094772,RV_VST,1712
58823872094772,RV_VST,1716
58823872094772,RV_VST,1720
58823872094772,RV_VST,1724
58823872094772,RV_VST,1728
58823872094772,RV_VST,1732
58823872094772,RV_VST,1736
58823872094772,RV_VST,1740
58823872094772,RV_VST,1744
58823872094772,RV_VST,1748
58823872094772,RV_VST,1752
58823872094772,RV_VST,1756
58823872094772,RV_VST,1760
58823872094772,RV_VST,1764
58823872094772,RV_VST,1768
58823872094772,RV_VST,1772
58823872094772,RV_VST,1776
58823872094772,RV_VST,1780
58823872094772,RV_VST,1784
58823872094772,RV_VST,1788
59923383722549,RV_VLD,768
59923383722549,RV_VLD,772
59923383722549,RV_VLD,776
59923383722549,RV_VLD,780
59923383722549,RV_VLD,784
59923383722549,RV_VLD,788
59923383722549,RV_VLD,792
59923383722549,RV_VLD,796
59923383722549,RV_VLD,800
59923383722549,RV_VLD,804
59923383722549,RV_VLD,808
59923383722549,RV_VLD,812
59923383722549,RV_VLD,816
59923383722549,RV_VLD,820
59923383722549,RV_VLD,824
59923383722549,RV_VLD,828
59923383722549,RV_VLD,832
59923383722549,RV_VLD,836
59923383722549,RV_VLD,840
59923383722549,RV_VLD,844
59923383722549,RV_VLD,848
59923383722549,RV_VLD,852
59923383722549,RV_VLD,856
59923383722549,RV_VLD,860
59923383722549,RV_VLD,864
59923383722549,RV_VLD,868
59923383722549,RV_VLD,872
59923383722549,RV_VLD,876
59923383722549,RV_VLD,880
59923383722549,RV_VLD,884
59923383722549,RV_VLD,888
59923383722549,RV_VLD,892
59923383722549,RV_VLD,896
59923383722549,RV_VLD,900
59923383722549,RV_VLD,904
59923383722549,RV_VLD,908
59923383722549,RV_VLD,912
59923383722549,RV_VLD,916
59923383722549,RV_VLD,920
59923383722549,RV_VLD,924
59923383722549,RV_VLD,928
59923383722549,RV_VLD,932
59923383722549,RV_VLD,936
59923383722549,RV_VLD,940
59923383722549,RV_VLD,944
59923383722549,RV_VLD,948
59923383722549,RV_VLD,952
59923383722549,RV_VLD,956
59923383722549,RV_VLD,960
59923383722549,RV_VLD,964
59923383722549,RV_VLD,968
59923383722549,RV_VLD,972
59923383722549,RV_VLD,976
59923383722549,RV_VLD,980
59923383722549,RV_VLD,984
59923383722549,RV_VLD,988
59923383722549,RV_VLD,992
59923383722549,RV_VLD,996
59923383722549,RV_VLD,1000
59923383722549,RV_VLD,1004
59923383722549,RV_VLD,1008
59923383722549,RV_VLD,1012
59923383722549,RV_VLD,1016
59923383722549,RV_VLD,1020
59923383722550,RV_VLD,2304
59923383722550,RV_VLD,2308
59923383722550,RV_VLD,2312
59923383722550,RV_VLD,2316
59923383722550,RV_VLD,2320
59923383722550,RV_VLD,2324
59923383722550,RV_VLD,2328
59923383722550,RV_VLD,2332
59923383722550,RV_VLD,2336
59923383722550,RV_VLD,2340
59923383722550,RV_VLD,2344
59923383722550,RV_VLD,2348
59923383722550,RV_VLD,2352
59923383722550,RV_VLD,2356
59923383722550,RV_VLD,2360
59923383722550,RV_VLD,2364
59923383722550,RV_VLD,2368
59923383722550,RV_VLD,2372
59923383722550,RV_VLD,2376
59923383722550,RV_VLD,2380
59923383722550,RV_VLD,2384
59923383722550,RV_VLD,2388
59923383722550,RV_VLD,2392
59923383722550,RV_VLD,2396
59923383722550,RV_VLD,2400
59923383722550,RV_VLD,2404
59923383722550,RV_VLD,2408
59923383722550,RV_VLD,2412
59923383722550,RV_VLD,2416
59923383722550,RV_VLD,2420
59923383722550,RV_VLD,2424
59923383722550,RV_VLD,2428
59923383722550,RV_VLD,2432
59923383722550,RV_VLD,2436
59923383722550,RV_VLD,2440
59923383722550,RV_VLD,2444
59923383722550,RV_VLD,2448
59923383722550,RV_VLD,2452
59923383722550,RV_VLD,2456
59923383722550,RV_VLD,2460
59923383722550,RV_VLD,2464
59923383722550,RV_VLD,2468
59923383722550,RV_VLD,2472
59923383722550,RV_VLD,2476
59923383722550,RV_VLD,2480
59923383722550,RV_VLD,2484
59923383722550,RV_VLD,2488
59923383722550,RV_VLD,2492
59923383722550,RV_VLD,2496
59923383722550,RV_VLD,2500
59923383722550,RV_VLD,2504
59923383722550,RV_VLD,2508
59923383722550,RV_VLD,2512
59923383722550,RV_VLD,2516
59923383722550,RV_VLD,2520
59923383722550,RV_VLD,2524
59923383722550,RV_VLD,2528
59923383722550,RV_VLD,2532
59923383722550,RV_VLD,2536
59923383722550,RV_VLD,2540
59923383722550,RV_VLD,2544
59923383722550,RV_VLD,2548
59923383722550,RV_VLD,2552
59923383722550,RV_VLD,2556
58823872094777,RV_VST,1792
58823872094777,RV_VST,1796
58823872094777,RV_VST,1800
58823872094777,RV_VST,1804
58823872094777,RV_VST,1808
58823872094777,RV_VST,1812
58823872094777,RV_VST,1816
58823872094777,RV_VST,1820
58823872094777,RV_VST,1824
58823872094777,RV_VST,1828
58823872094777,RV_VST,1832
58823872094777,RV_VST,1836
58823872094777,RV_VST,1840
58823872094777,RV_VST,1844
58823872094777,RV_VST,1848
58823872094777,RV_VST,1852
58823872094777,RV_VST,1856
58823872094777,RV_VST,1860
58823872094777,RV_VST,1864
58823872094777,RV_VST,1868
58823872094777,RV_VST,1872
58823872094777,RV_VST,1876
58823872094777,RV_VST,1880
58823872094777,RV_VST,1884
58823872094777,RV_VST,1888
58823872094777,RV_VST,1892
58823872094777,RV_VST,1896
58823872094777,RV_VST,1900
58823872094777,RV_VST,1904
58823872094777,RV_VST,1908
58823872094777,RV_VST,1912
58823872094777,RV_VST,1916
58823872094777,RV_VST,1920
58823872094777,RV_VST,1924
58823872094777,RV_VST,1928
58823872094777,RV_VST,1932
58823872094777,RV_VST,1936
58823872094777,RV_VST,1940
58823872094777,RV_VST,1944
58823872094777,RV_VST,1948
58823872094777,RV_VST,1952
58823872094777,RV_VST,1956
58823872094777,RV_VST,1960
58823872094777,RV_VST,1964
58823872094777,RV_VST,1968
58823872094777,RV_VST,1972
58823872094777,RV_VST,1976
58823872094777,RV_VST,1980
58823872094777,RV_VST,1984
58823872094777,RV_VST,1988
58823872094777,RV_VST,1992
58823872094777,RV_VST,1996
58823872094777,RV_VST,2000
58823872094777,RV_VST,2004
58823872094777,RV_VST,2008
58823872094777,RV_VST,2012
58823872094777,RV_VST,2016
58823872094777,RV_VST,2020
58823872094777,RV_VST,2024
58823872094777,RV_VST,2028
58823872094777,RV_VST,2032
58823872094777,RV_VST,2036
58823872094777,RV_VST,2040
58823872094777,RV_VST,2044
60198261629512,RV_VLD,512
60198261629512,RV_VLD,516
60198261629512,RV_VLD,520
60198261629512,RV_VLD,524
60198261629512,RV_VLD,528
60198261629512,RV_VLD,532
60198261629512,RV_VLD,536
60198261629512,RV_VLD,540
60198261629512,RV_VLD,544
60198261629512,RV_VLD,548
60198261629512,RV_VLD,552
60198261629512,RV_VLD,556
60198261629512,RV_VLD,560
60198261629512,RV_VLD,564
60198261629512,RV_VLD,568
60198261629512,RV_VLD,572
60198261629512,RV_VLD,576
60198261629512,RV_VLD,580
60198261629512,RV_VLD,584
60198261629512,RV_VLD,588
60198261629512,RV_VLD,592
60198261629512,RV_VLD,596
60198261629512,RV_VLD,600
60198261629512,RV_VLD,604
60198261629512,RV_VLD,608
60198261629512,RV_VLD,612
60198261629512,RV_VLD,616
60198261629512,RV_VLD,620
60198261629512,RV_VLD,624
60198261629512,RV_VLD,628
60198261629512,RV_VLD,632
60198261629512,RV_VLD,636
60198261629512,RV_VLD,640
60198261629512,RV_VLD,644
60198261629512,RV_VLD,648
60198261629512,RV_VLD,652
60198261629512,RV_VLD,656
60198261629512,RV_VLD,660
60198261629512,RV_VLD,664
60198261629512,RV_VLD,668
60198261629512,RV_VLD,672
60198261629512,RV_VLD,676
60198261629512,RV_VLD,680
60198261629512,RV_VLD,684
60198261629512,RV_VLD,688
60198261629512,RV_VLD,692
60198261629512,RV_VLD,696
60198261629512,RV_VLD,700
60198261629512,RV_VLD,704
60198261629512,RV_VLD,708
60198261629512,RV_VLD,712
60198261629512,RV_VLD,716
60198261629512,RV_VLD,720
60198261629512,RV_VLD,724
60198261629512,RV_VLD,728
60198261629512,RV_VLD,732
60198261629512,RV_VLD,736
60198261629512,RV_VLD,740
60198261629512,RV_VLD,744
60198261629512,RV_VLD,748
60198261629512,RV_VLD,752
60198261629512,RV_VLD,756
60198261629512,RV_VLD,760
60198261629512,RV_VLD,764
59098750001739,RV_VST,2048
59098750001739,RV_VST,2052
59098750001739,RV_VST,2056
59098750001739,RV_VST,2060
59098750001739,RV_VST,2064
59098750001739,RV_VST,2068
59098750001739,RV_VST,2072
59098750001739,RV_VST,2076
59098750001739,RV_VST,2080
59098750001739,RV_VST,2084
59098750001739,RV_VST,2088
59098750001739,RV_VST,2092
59098750001739,RV_VST,2096
59098750001739,RV_VST,2100
59098750001739,RV_VST,2104
59098750001739,RV_VST,2108
59098750001739,RV_VST,2112
59098750001739,RV_VST,2116
59098750001739,RV_VST,2120
59098750001739,RV_VST,2124
59098750001739,RV_VST,2128
59098750001739,RV_VST,2132
59098750001739,RV_VST,2136
59098750001739,RV_VST,2140
59098750001739,RV_VST,2144
59098750001739,RV_VST,2148
59098750001739,RV_VST,2152
59098750001739,RV_VST,2156
59098750001739,RV_VST,2160
59098750001739,RV_VST,2164
59098750001739,RV_VST,2168
59098750001739,RV_VST,2172
59098750001739,RV_VST,2176
59098750001739,RV_VST,2180
59098750001739,RV_VST,2184
59098750001739,RV_VST,2188
59098750001739,RV_VST,2192
59098750001739,RV_VST,2196
59098750001739,RV_VST,2200
59098750001739,RV_VST,2204
59098750001739,RV_VST,2208
59098750001739,RV_VST,2212
59098750001739,RV_VST,2216
59098750001739,RV_VST,2220
59098750001739,RV_VST,2224
59098750001739,RV_VST,2228
59098750001739,RV_VST,2232
59098750001739,RV_VST,2236
59098750001739,RV_VST,2240
59098750001739,RV_VST,2244
59098750001739,RV_VST,2248
59098750001739,RV_VST,2252
59098750001739,RV_VST,2256
59098750001739,RV_VST,2260
59098750001739,RV_VST,2264
59098750001739,RV_VST,2268
59098750001739,RV_VST,2272
59098750001739,RV_VST,2276
59098750001739,RV_VST,2280
59098750001739,RV_VST,2284
59098750001739,RV_VST,2288
59098750001739,RV_VST,2292
59098750001739,RV_VST,2296
59098750001739,RV_VST,2300
60198261629517,RV_VLD,768
60198261629517,RV_VLD,772
60198261629517,RV_VLD,776
60198261629517,RV_VLD,780
60198261629517,RV_VLD,784
60198261629517,RV_VLD,788
60198261629517,RV_VLD,792
60198261629517,RV_VLD,796
60198261629517,RV_VLD,800
60198261629517,RV_VLD,804
60198261629517,RV_VLD,808
60198261629517,RV_VLD,812
60198261629517,RV_VLD,816
60198261629517,RV_VLD,820
60198261629517,RV_VLD,824
60198261629517,RV_VLD,828
60198261629517,RV_VLD,832
60198261629517,RV_VLD,836
60198261629517,RV_VLD,840
60198261629517,RV_VLD,844
60198261629517,RV_VLD,848
60198261629517,RV_VLD,852
60198261629517,RV_VLD,856
60198261629517,RV_VLD,860
60198261629517,RV_VLD,864
60198261629517,RV_VLD,868
60198261629517,RV_VLD,872
60198261629517,RV_VLD,876
60198261629517,RV_VLD,880
60198261629517,RV_VLD,884
60198261629517,RV_VLD,888
60198261629517,RV_VLD,892
60198261629517,RV_VLD,896
60198261629517,RV_VLD,900
60198261629517,RV_VLD,904
60198261629517,RV_VLD,908
60198261629517,RV_VLD,912
60198261629517,RV_VLD,916
60198261629517,RV_VLD,920
60198261629517,RV_VLD,924
60198261629517,RV_VLD,928
60198261629517,RV_VLD,932
60198261629517,RV_VLD,936
60198261629517,RV_VLD,940
60198261629517,RV_VLD,944
60198261629517,RV_VLD,948
60198261629517,RV_VLD,952
60198261629517,RV_VLD,956
60198261629517,RV_VLD,960
60198261629517,RV_VLD,964
60198261629517,RV_VLD,968
60198261629517,RV_VLD,972
60198261629517,RV_VLD,976
60198261629517,RV_VLD,980
60198261629517,RV_VLD,984
60198261629517,RV_VLD,988
60198261629517,RV_VLD,992
60198261629517,RV_VLD,996
60198261629517,RV_VLD,1000
60198261629517,RV_VLD,1004
60198261629517,RV_VLD,1008
60198261629517,RV_VLD,1012
60198261629517,RV_VLD,1016
60198261629517,RV_VLD,1020
59098750001744,RV_VST,2304
59098750001744,RV_VST,2308
59098750001744,RV_VST,2312
59098750001744,RV_VST,2316
59098750001744,RV_VST,2320
59098750001744,RV_VST,2324
59098750001744,RV_VST,2328
59098750001744,RV_VST,2332
59098750001744,RV_VST,2336
59098750001744,RV_VST,2340
59098750001744,RV_VST,2344
59098750001744,RV_VST,2348
59098750001744,RV_VST,2352
59098750001744,RV_VST,2356
59098750001744,RV_VST,2360
59098750001744,RV_VST,2364
59098750001744,RV_VST,2368
59098750001744,RV_VST,2372
59098750001744,RV_VST,2376
59098750001744,RV_VST,2380
59098750001744,RV_VST,2384
59098750001744,RV_VST,2388
59098750001744,RV_VST,2392
59098750001744,RV_VST,2396
59098750001744,RV_VST,2400
59098750001744,RV_VST,2404
59098750001744,RV_VST,2408
59098750001744,RV_VST,2412
59098750001744,RV_VST,2416
59098750001744,RV_VST,2420
59098750001744,RV_VST,2424
59098750001744,RV_VST,2428
59098750001744,RV_VST,2432
59098750001744,RV_VST,2436
59098750001744,RV_VST,2440
59098750001744,RV_VST,2444
59098750001744,RV_VST,2448
59098750001744,RV_VST,2452
59098750001744,RV_VST,2456
59098750001744,RV_VST,2460
59098750001744,RV_VST,2464
59098750001744,RV_VST,2468
59098750001744,RV_VST,2472
59098750001744,RV_VST,2476
59098750001744,RV_VST,2480
59098750001744,RV_VST,2484
59098750001744,RV_VST,2488
59098750001744,RV_VST,2492
59098750001744,RV_VST,2496
59098750001744,RV_VST,2500
59098750001744,RV_VST,2504
59098750001744,RV_VST,2508
59098750001744,RV_VST,2512
59098750001744,RV_VST,2516
59098750001744,RV_VST,2520
59098750001744,RV_VST,2524
59098750001744,RV_VST,2528
59098750001744,RV_VST,2532
59098750001744,RV_VST,2536
59098750001744,RV_VST,2540
59098750001744,RV_VST,2544
59098750001744,RV_VST,2548
59098750001744,RV_VST,2552
59098750001744,RV_VST,2556
60198261629531,RV_VLD,2048
60198261629531,RV_VLD,2052
60198261629531,RV_VLD,2056
60198261629531,RV_VLD,2060
60198261629531,RV_VLD,2064
60198261629531,RV_VLD,2068
60198261629531,RV_VLD,2072
60198261629531,RV_VLD,2076
60198261629531,RV_VLD,2080
60198261629531,RV_VLD,2084
60198261629531,RV_VLD,2088
60198261629531,RV_VLD,2092
60198261629531,RV_VLD,2096
60198261629531,RV_VLD,2100
60198261629531,RV_VLD,2104
60198261629531,RV_VLD,2108
60198261629531,RV_VLD,2112
60198261629531,RV_VLD,2116
60198261629531,RV_VLD,2120
60198261629531,RV_VLD,2124
60198261629531,RV_VLD,2128
60198261629531,RV_VLD,2132
60198261629531,RV_VLD,2136
60198261629531,RV_VLD,2140
60198261629531,RV_VLD,2144
60198261629531,RV_VLD,2148
60198261629531,RV_VLD,2152
60198261629531,RV_VLD,2156
60198261629531,RV_VLD,2160
60198261629531,RV_VLD,2164
60198261629531,RV_VLD,2168
60198261629531,RV_VLD,2172
60198261629531,RV_VLD,2176
60198261629531,RV_VLD,2180
60198261629531,RV_VLD,2184
60198261629531,RV_VLD,2188
60198261629531,RV_VLD,2192
60198261629531,RV_VLD,2196
60198261629531,RV_VLD,2200
60198261629531,RV_VLD,2204
60198261629531,RV_VLD,2208
60198261629531,RV_VLD,2212
60198261629531,RV_VLD,2216
60198261629531,RV_VLD,2220
60198261629531,RV_VLD,2224
60198261629531,RV_VLD,2228
60198261629531,RV_VLD,2232
60198261629531,RV_VLD,2236
60198261629531,RV_VLD,2240
60198261629531,RV_VLD,2244
60198261629531,RV_VLD,2248
60198261629531,RV_VLD,2252
60198261629531,RV_VLD,2256
60198261629531,RV_VLD,2260
60198261629531,RV_VLD,2264
60198261629531,RV_VLD,2268
60198261629531,RV_VLD,2272
60198261629531,RV_VLD,2276
60198261629531,RV_VLD,2280
60198261629531,RV_VLD,2284
60198261629531,RV_VLD,2288
60198261629531,RV_VLD,2292
60198261629531,RV_VLD,2296
60198261629531,RV_VLD,2300
59098750001759,RV_VST,2048
59098750001759,RV_VST,2052
59098750001759,RV_VST,2056
59098750001759,RV_VST,2060
59098750001759,RV_VST,2064
59098750001759,RV_VST,2068
59098750001759,RV_VST,2072
59098750001759,RV_VST,2076
59098750001759,RV_VST,2080
59098750001759,RV_VST,2084
59098750001759,RV_VST,2088
59098750001759,RV_VST,2092
59098750001759,RV_VST,2096
59098750001759,RV_VST,2100
59098750001759,RV_VST,2104
59098750001759,RV_VST,2108
59098750001759,RV_VST,2112
59098750001759,RV_VST,2116
59098750001759,RV_VST,2120
59098750001759,RV_VST,2124
59098750001759,RV_VST,2128
59098750001759,RV_VST,2132
59098750001759,RV_VST,2136
59098750001759,RV_VST,2140
59098750001759,RV_VST,2144
59098750001759,RV_VST,2148
59098750001759,RV_VST,2152
59098750001759,RV_VST,2156
59098750001759,RV_VST,2160
59098750001759,RV_VST,2164
59098750001759,RV_VST,2168
59098750001759,RV_VST,2172
59098750001759,RV_VST,2176
59098750001759,RV_VST,2180
59098750001759,RV_VST,2184
59098750001759,RV_VST,2188
59098750001759,RV_VST,2192
59098750001759,RV_VST,2196
59098750001759,RV_VST,2200
59098750001759,RV_VST,2204
59098750001759,RV_VST,2208
59098750001759,RV_VST,2212
59098750001759,RV_VST,2216
59098750001759,RV_VST,2220
59098750001759,RV_VST,2224
59098750001759,RV_VST,2228
59098750001759,RV_VST,2232
59098750001759,RV_VST,2236
59098750001759,RV_VST,2240
59098750001759,RV_VST,2244
59098750001759,RV_VST,2248
59098750001759,RV_VST,2252
59098750001759,RV_VST,2256
59098750001759,RV_VST,2260
59098750001759,RV_VST,2264
59098750001759,RV_VST,2268
59098750001759,RV_VST,2272
59098750001759,RV_VST,2276
59098750001759,RV_VST,2280
59098750001759,RV_VST,2284
59098750001759,RV_VST,2288
59098750001759,RV_VST,2292
59098750001759,RV_VST,2296
59098750001759,RV_VST,2300
60198261629537,RV_VLD,2304
60198261629537,RV_VLD,2308
60198261629537,RV_VLD,2312
60198261629537,RV_VLD,2316
60198261629537,RV_VLD,2320
60198261629537,RV_VLD,2324
60198261629537,RV_VLD,2328
60198261629537,RV_VLD,2332
60198261629537,RV_VLD,2336
60198261629537,RV_VLD,2340
60198261629537,RV_VLD,2344
60198261629537,RV_VLD,2348
60198261629537,RV_VLD,2352
60198261629537,RV_VLD,2356
60198261629537,RV_VLD,2360
60198261629537,RV_VLD,2364
60198261629537,RV_VLD,2368
60198261629537,RV_VLD,2372
60198261629537,RV_VLD,2376
60198261629537,RV_VLD,2380
60198261629537,RV_VLD,2384
60198261629537,RV_VLD,2388
60198261629537,RV_VLD,2392
60198261629537,RV_VLD,2396
60198261629537,RV_VLD,2400
60198261629537,RV_VLD,2404
60198261629537,RV_VLD,2408
60198261629537,RV_VLD,2412
60198261629537,RV_VLD,2416
60198261629537,RV_VLD,2420
60198261629537,RV_VLD,2424
60198261629537,RV_VLD,2428
60198261629537,RV_VLD,2432
60198261629537,RV_VLD,2436
60198261629537,RV_VLD,2440
60198261629537,RV_VLD,2444
60198261629537,RV_VLD,2448
60198261629537,RV_VLD,2452
60198261629537,RV_VLD,2456
60198261629537,RV_VLD,2460
60198261629537,RV_VLD,2464
60198261629537,RV_VLD,2468
60198261629537,RV_VLD,2472
60198261629537,RV_VLD,2476
60198261629537,RV_VLD,2480
60198261629537,RV_VLD,2484
60198261629537,RV_VLD,2488
60198261629537,RV_VLD,2492
60198261629537,RV_VLD,2496
60198261629537,RV_VLD,2500
60198261629537,RV_VLD,2504
60198261629537,RV_VLD,2508
60198261629537,RV_VLD,2512
60198261629537,RV_VLD,2516
60198261629537,RV_VLD,2520
60198261629537,RV_VLD,2524
60198261629537,RV_VLD,2528
60198261629537,RV_VLD,2532
60198261629537,RV_VLD,2536
60198261629537,RV_VLD,2540
60198261629537,RV_VLD,2544
60198261629537,RV_VLD,2548
60198261629537,RV_VLD,2552
60198261629537,RV_VLD,2556
59098750001765,RV_VST,2304
59098750001765,RV_VST,2308
59098750001765,RV_VST,2312
59098750001765,RV_VST,2316
59098750001765,RV_VST,2320
59098750001765,RV_VST,2324
59098750001765,RV_VST,2328
59098750001765,RV_VST,2332
59098750001765,RV_VST,2336
59098750001765,RV_VST,2340
59098750001765,RV_VST,2344
59098750001765,RV_VST,2348
59098750001765,RV_VST,2352
59098750001765,RV_VST,2356
59098750001765,RV_VST,2360
59098750001765,RV_VST,2364
59098750001765,RV_VST,2368
59098750001765,RV_VST,2372
59098750001765,RV_VST,2376
59098750001765,RV_VST,2380
59098750001765,RV_VST,2384
59098750001765,RV_VST,2388
59098750001765,RV_VST,2392
59098750001765,RV_VST,2396
59098750001765,RV_VST,2400
59098750001765,RV_VST,2404
59098750001765,RV_VST,2408
59098750001765,RV_VST,2412
59098750001765,RV_VST,2416
59098750001765,RV_VST,2420
59098750001765,RV_VST,2424
59098750001765,RV_VST,2428
59098750001765,RV_VST,2432
59098750001765,RV_VST,2436
59098750001765,RV_VST,2440
59098750001765,RV_VST,2444
59098750001765,RV_VST,2448
59098750001765,RV_VST,2452
59098750001765,RV_VST,2456
59098750001765,RV_VST,2460
59098750001765,RV_VST,2464
59098750001765,RV_VST,2468
59098750001765,RV_VST,2472
59098750001765,RV_VST,2476
59098750001765,RV_VST,2480
59098750001765,RV_VST,2484
59098750001765,RV_VST,2488
59098750001765,RV_VST,2492
59098750001765,RV_VST,2496
59098750001765,RV_VST,2500
59098750001765,RV_VST,2504
59098750001765,RV_VST,2508
59098750001765,RV_VST,2512
59098750001765,RV_VST,2516
59098750001765,RV_VST,2520
59098750001765,RV_VST,2524
59098750001765,RV_VST,2528
59098750001765,RV_VST,2532
59098750001765,RV_VST,2536
59098750001765,RV_VST,2540
59098750001765,RV_VST,2544
59098750001765,RV_VST,2548
59098750001765,RV_VST,2552
59098750001765,RV_VST,2556
60198261629552,RV_VLD,2048
60198261629552,RV_VLD,2052
60198261629552,RV_VLD,2056
60198261629552,RV_VLD,2060
60198261629552,RV_VLD,2064
60198261629552,RV_VLD,2068
60198261629552,RV_VLD,2072
60198261629552,RV_VLD,2076
60198261629552,RV_VLD,2080
60198261629552,RV_VLD,2084
60198261629552,RV_VLD,2088
60198261629552,RV_VLD,2092
60198261629552,RV_VLD,2096
60198261629552,RV_VLD,2100
60198261629552,RV_VLD,2104
60198261629552,RV_VLD,2108
60198261629552,RV_VLD,2112
60198261629552,RV_VLD,2116
60198261629552,RV_VLD,2120
60198261629552,RV_VLD,2124
60198261629552,RV_VLD,2128
60198261629552,RV_VLD,2132
60198261629552,RV_VLD,2136
60198261629552,RV_VLD,2140
60198261629552,RV_VLD,2144
60198261629552,RV_VLD,2148
60198261629552,RV_VLD,2152
60198261629552,RV_VLD,2156
60198261629552,RV_VLD,2160
60198261629552,RV_VLD,2164
60198261629552,RV_VLD,2168
60198261629552,RV_VLD,2172
60198261629552,RV_VLD,2176
60198261629552,RV_VLD,2180
60198261629552,RV_VLD,2184
60198261629552,RV_VLD,2188
60198261629552,RV_VLD,2192
60198261629552,RV_VLD,2196
60198261629552,RV_VLD,2200
60198261629552,RV_VLD,2204
60198261629552,RV_VLD,2208
60198261629552,RV_VLD,2212
60198261629552,RV_VLD,2216
60198261629552,RV_VLD,2220
60198261629552,RV_VLD,2224
60198261629552,RV_VLD,2228
60198261629552,RV_VLD,2232
60198261629552,RV_VLD,2236
60198261629552,RV_VLD,2240
60198261629552,RV_VLD,2244
60198261629552,RV_VLD,2248
60198261629552,RV_VLD,2252
60198261629552,RV_VLD,2256
60198261629552,RV_VLD,2260
60198261629552,RV_VLD,2264
60198261629552,RV_VLD,2268
60198261629552,RV_VLD,2272
60198261629552,RV_VLD,2276
60198261629552,RV_VLD,2280
60198261629552,RV_VLD,2284
60198261629552,RV_VLD,2288
60198261629552,RV_VLD,2292
60198261629552,RV_VLD,2296
60198261629552,RV_VLD,2300
60198261629553,RV_VLD,512
60198261629553,RV_VLD,516
60198261629553,RV_VLD,520
60198261629553,RV_VLD,524
60198261629553,RV_VLD,528
60198261629553,RV_VLD,532
60198261629553,RV_VLD,536
60198261629553,RV_VLD,540
60198261629553,RV_VLD,544
60198261629553,RV_VLD,548
60198261629553,RV_VLD,552
60198261629553,RV_VLD,556
60198261629553,RV_VLD,560
60198261629553,RV_VLD,564
60198261629553,RV_VLD,568
60198261629553,RV_VLD,572
60198261629553,RV_VLD,576
60198261629553,RV_VLD,580
60198261629553,RV_VLD,584
60198261629553,RV_VLD,588
60198261629553,RV_VLD,592
60198261629553,RV_VLD,596
60198261629553,RV_VLD,600
60198261629553,RV_VLD,604
60198261629553,RV_VLD,608
60198261629553,RV_VLD,612
60198261629553,RV_VLD,616
60198261629553,RV_VLD,620
60198261629553,RV_VLD,624
60198261629553,RV_VLD,628
60198261629553,RV_VLD,632
60198261629553,RV_VLD,636
60198261629553,RV_VLD,640
60198261629553,RV_VLD,644
60198261629553,RV_VLD,648
60198261629553,RV_VLD,652
60198261629553,RV_VLD,656
60198261629553,RV_VLD,660
60198261629553,RV_VLD,664
60198261629553,RV_VLD,668
60198261629553,RV_VLD,672
60198261629553,RV_VLD,676
60198261629553,RV_VLD,680
60198261629553,RV_VLD,684
60198261629553,RV_VLD,688
60198261629553,RV_VLD,692
60198261629553,RV_VLD,696
60198261629553,RV_VLD,700
60198261629553,RV_VLD,704
60198261629553,RV_VLD,708
60198261629553,RV_VLD,712
60198261629553,RV_VLD,716
60198261629553,RV_VLD,720
60198261629553,RV_VLD,724
60198261629553,RV_VLD,728
60198261629553,RV_VLD,732
60198261629553,RV_VLD,736
60198261629553,RV_VLD,740
60198261629553,RV_VLD,744
60198261629553,RV_VLD,748
60198261629553,RV_VLD,752
60198261629553,RV_VLD,756
60198261629553,RV_VLD,760
60198261629553,RV_VLD,764
59098750001780,RV_VST,2048
59098750001780,RV_VST,2052
59098750001780,RV_VST,2056
59098750001780,RV_VST,2060
59098750001780,RV_VST,2064
59098750001780,RV_VST,2068
59098750001780,RV_VST,2072
59098750001780,RV_VST,2076
59098750001780,RV_VST,2080
59098750001780,RV_VST,2084
59098750001780,RV_VST,2088
59098750001780,RV_VST,2092
59098750001780,RV_VST,2096
59098750001780,RV_VST,2100
59098750001780,RV_VST,2104
59098750001780,RV_VST,2108
59098750001780,RV_VST,2112
59098750001780,RV_VST,2116
59098750001780,RV_VST,2120
59098750001780,RV_VST,2124
59098750001780,RV_VST,2128
59098750001780,RV_VST,2132
59098750001780,RV_VST,2136
59098750001780,RV_VST,2140
59098750001780,RV_VST,2144
59098750001780,RV_VST,2148
59098750001780,RV_VST,2152
59098750001780,RV_VST,2156
59098750001780,RV_VST,2160
59098750001780,RV_VST,2164
59098750001780,RV_VST,2168
59098750001780,RV_VST,2172
59098750001780,RV_VST,2176
59098750001780,RV_VST,2180
59098750001780,RV_VST,2184
59098750001780,RV_VST,2188
59098750001780,RV_VST,2192
59098750001780,RV_VST,2196
59098750001780,RV_VST,2200
59098750001780,RV_VST,2204
59098750001780,RV_VST,2208
59098750001780,RV_VST,2212
59098750001780,RV_VST,2216
59098750001780,RV_VST,2220
59098750001780,RV_VST,2224
59098750001780,RV_VST,2228
59098750001780,RV_VST,2232
59098750001780,RV_VST,2236
59098750001780,RV_VST,2240
59098750001780,RV_VST,2244
59098750001780,RV_VST,2248
59098750001780,RV_VST,2252
59098750001780,RV_VST,2256
59098750001780,RV_VST,2260
59098750001780,RV_VST,2264
59098750001780,RV_VST,2268
59098750001780,RV_VST,2272
59098750001780,RV_VST,2276
59098750001780,RV_VST,2280
59098750001780,RV_VST,2284
59098750001780,RV_VST,2288
59098750001780,RV_VST,2292
59098750001780,RV_VST,2296
59098750001780,RV_VST,2300
60198261629558,RV_VLD,2304
60198261629558,RV_VLD,2308
60198261629558,RV_VLD,2312
60198261629558,RV_VLD,2316
60198261629558,RV_VLD,2320
60198261629558,RV_VLD,2324
60198261629558,RV_VLD,2328
60198261629558,RV_VLD,2332
60198261629558,RV_VLD,2336
60198261629558,RV_VLD,2340
60198261629558,RV_VLD,2344
60198261629558,RV_VLD,2348
60198261629558,RV_VLD,2352
60198261629558,RV_VLD,2356
60198261629558,RV_VLD,2360
60198261629558,RV_VLD,2364
60198261629558,RV_VLD,2368
60198261629558,RV_VLD,2372
60198261629558,RV_VLD,2376
60198261629558,RV_VLD,2380
60198261629558,RV_VLD,2384
60198261629558,RV_VLD,2388
60198261629558,RV_VLD,2392
60198261629558,RV_VLD,2396
60198261629558,RV_VLD,2400
60198261629558,RV_VLD,2404
60198261629558,RV_VLD,2408
60198261629558,RV_VLD,2412
60198261629558,RV_VLD,2416
60198261629558,RV_VLD,2420
60198261629558,RV_VLD,2424
60198261629558,RV_VLD,2428
60198261629558,RV_VLD,2432
60198261629558,RV_VLD,2436
60198261629558,RV_VLD,2440
60198261629558,RV_VLD,2444
60198261629558,RV_VLD,2448
60198261629558,RV_VLD,2452
60198261629558,RV_VLD,2456
60198261629558,RV_VLD,2460
60198261629558,RV_VLD,2464
60198261629558,RV_VLD,2468
60198261629558,RV_VLD,2472
60198261629558,RV_VLD,2476
60198261629558,RV_VLD,2480
60198261629558,RV_VLD,2484
60198261629558,RV_VLD,2488
60198261629558,RV_VLD,2492
60198261629558,RV_VLD,2496
60198261629558,RV_VLD,2500
60198261629558,RV_VLD,2504
60198261629558,RV_VLD,2508
60198261629558,RV_VLD,2512
60198261629558,RV_VLD,2516
60198261629558,RV_VLD,2520
60198261629558,RV_VLD,2524
60198261629558,RV_VLD,2528
60198261629558,RV_VLD,2532
60198261629558,RV_VLD,2536
60198261629558,RV_VLD,2540
60198261629558,RV_VLD,2544
60198261629558,RV_VLD,2548
60198261629558,RV_VLD,2552
60198261629558,RV_VLD,2556
60198261629559,RV_VLD,768
60198261629559,RV_VLD,772
60198261629559,RV_VLD,776
60198261629559,RV_VLD,780
60198261629559,RV_VLD,784
60198261629559,RV_VLD,788
60198261629559,RV_VLD,792
60198261629559,RV_VLD,796
60198261629559,RV_VLD,800
60198261629559,RV_VLD,804
60198261629559,RV_VLD,808
60198261629559,RV_VLD,812
60198261629559,RV_VLD,816
60198261629559,RV_VLD,820
60198261629559,RV_VLD,824
60198261629559,RV_VLD,828
60198261629559,RV_VLD,832
60198261629559,RV_VLD,836
60198261629559,RV_VLD,840
60198261629559,RV_VLD,844
60198261629559,RV_VLD,848
60198261629559,RV_VLD,852
60198261629559,RV_VLD,856
60198261629559,RV_VLD,860
60198261629559,RV_VLD,864
60198261629559,RV_VLD,868
60198261629559,RV_VLD,872
60198261629559,RV_VLD,876
60198261629559,RV_VLD,880
60198261629559,RV_VLD,884
60198261629559,RV_VLD,888
60198261629559,RV_VLD,892
60198261629559,RV_VLD,896
60198261629559,RV_VLD,900
60198261629559,RV_VLD,904
60198261629559,RV_VLD,908
60198261629559,RV_VLD,912
60198261629559,RV_VLD,916
60198261629559,RV_VLD,920
60198261629559,RV_VLD,924
60198261629559,RV_VLD,928
60198261629559,RV_VLD,932
60198261629559,RV_VLD,936
60198261629559,RV_VLD,940
60198261629559,RV_VLD,944
60198261629559,RV_VLD,948
60198261629559,RV_VLD,952
60198261629559,RV_VLD,956
60198261629559,RV_VLD,960
60198261629559,RV_VLD,964
60198261629559,RV_VLD,968
60198261629559,RV_VLD,972
60198261629559,RV_VLD,976
60198261629559,RV_VLD,980
60198261629559,RV_VLD,984
60198261629559,RV_VLD,988
60198261629559,RV_VLD,992
60198261629559,RV_VLD,996
60198261629559,RV_VLD,1000
60198261629559,RV_VLD,1004
60198261629559,RV_VLD,1008
60198261629559,RV_VLD,1012
60198261629559,RV_VLD,1016
60198261629559,RV_VLD,1020
59098750001786,RV_VST,2304
59098750001786,RV_VST,2308
59098750001786,RV_VST,2312
59098750001786,RV_VST,2316
59098750001786,RV_VST,2320
59098750001786,RV_VST,2324
59098750001786,RV_VST,2328
59098750001786,RV_VST,2332
59098750001786,RV_VST,2336
59098750001786,RV_VST,2340
59098750001786,RV_VST,2344
59098750001786,RV_VST,2348
59098750001786,RV_VST,2352
59098750001786,RV_VST,2356
59098750001786,RV_VST,2360
59098750001786,RV_VST,2364
59098750001786,RV_VST,2368
59098750001786,RV_VST,2372
59098750001786,RV_VST,2376
59098750001786,RV_VST,2380
59098750001786,RV_VST,2384
59098750001786,RV_VST,2388
59098750001786,RV_VST,2392
59098750001786,RV_VST,2396
59098750001786,RV_VST,2400
59098750001786,RV_VST,2404
59098750001786,RV_VST,2408
59098750001786,RV_VST,2412
59098750001786,RV_VST,2416
59098750001786,RV_VST,2420
59098750001786,RV_VST,2424
59098750001786,RV_VST,2428
59098750001786,RV_VST,2432
59098750001786,RV_VST,2436
59098750001786,RV_VST,2440
59098750001786,RV_VST,2444
59098750001786,RV_VST,2448
59098750001786,RV_VST,2452
59098750001786,RV_VST,2456
59098750001786,RV_VST,2460
59098750001786,RV_VST,2464
59098750001786,RV_VST,2468
59098750001786,RV_VST,2472
59098750001786,RV_VST,2476
59098750001786,RV_VST,2480
59098750001786,RV_VST,2484
59098750001786,RV_VST,2488
59098750001786,RV_VST,2492
59098750001786,RV_VST,2496
59098750001786,RV_VST,2500
59098750001786,RV_VST,2504
59098750001786,RV_VST,2508
59098750001786,RV_VST,2512
59098750001786,RV_VST,2516
59098750001786,RV_VST,2520
59098750001786,RV_VST,2524
59098750001786,RV_VST,2528
59098750001786,RV_VST,2532
59098750001786,RV_VST,2536
59098750001786,RV_VST,2540
59098750001786,RV_VST,2544
59098750001786,RV_VST,2548
59098750001786,RV_VST,2552
59098750001786,RV_VST,2556
60198261629573,RV_VLD,2048
60198261629573,RV_VLD,2052
60198261629573,RV_VLD,2056
60198261629573,RV_VLD,2060
60198261629573,RV_VLD,2064
60198261629573,RV_VLD,2068
60198261629573,RV_VLD,2072
60198261629573,RV_VLD,2076
60198261629573,RV_VLD,2080
60198261629573,RV_VLD,2084
60198261629573,RV_VLD,2088
60198261629573,RV_VLD,2092
60198261629573,RV_VLD,2096
60198261629573,RV_VLD,2100
60198261629573,RV_VLD,2104
60198261629573,RV_VLD,2108
60198261629573,RV_VLD,2112
60198261629573,RV_VLD,2116
60198261629573,RV_VLD,2120
60198261629573,RV_VLD,2124
60198261629573,RV_VLD,2128
60198261629573,RV_VLD,2132
60198261629573,RV_VLD,2136
60198261629573,RV_VLD,2140
60198261629573,RV_VLD,2144
60198261629573,RV_VLD,2148
60198261629573,RV_VLD,2152
60198261629573,RV_VLD,2156
60198261629573,RV_VLD,2160
60198261629573,RV_VLD,2164
60198261629573,RV_VLD,2168
60198261629573,RV_VLD,2172
60198261629573,RV_VLD,2176
60198261629573,RV_VLD,2180
60198261629573,RV_VLD,2184
60198261629573,RV_VLD,2188
60198261629573,RV_VLD,2192
60198261629573,RV_VLD,2196
60198261629573,RV_VLD,2200
60198261629573,RV_VLD,2204
60198261629573,RV_VLD,2208
60198261629573,RV_VLD,2212
60198261629573,RV_VLD,2216
60198261629573,RV_VLD,2220
60198261629573,RV_VLD,2224
60198261629573,RV_VLD,2228
60198261629573,RV_VLD,2232
60198261629573,RV_VLD,2236
60198261629573,RV_VLD,2240
60198261629573,RV_VLD,2244
60198261629573,RV_VLD,2248
60198261629573,RV_VLD,2252
60198261629573,RV_VLD,2256
60198261629573,RV_VLD,2260
60198261629573,RV_VLD,2264
60198261629573,RV_VLD,2268
60198261629573,RV_VLD,2272
60198261629573,RV_VLD,2276
60198261629573,RV_VLD,2280
60198261629573,RV_VLD,2284
60198261629573,RV_VLD,2288
60198261629573,RV_VLD,2292
60198261629573,RV_VLD,2296
60198261629573,RV_VLD,2300
59098750001801,RV_VST,2048
59098750001801,RV_VST,2052
59098750001801,RV_VST,2056
59098750001801,RV_VST,2060
59098750001801,RV_VST,2064
59098750001801,RV_VST,2068
59098750001801,RV_VST,2072
59098750001801,RV_VST,2076
59098750001801,RV_VST,2080
59098750001801,RV_VST,2084
59098750001801,RV_VST,2088
59098750001801,RV_VST,2092
59098750001801,RV_VST,2096
59098750001801,RV_VST,2100
59098750001801,RV_VST,2104
59098750001801,RV_VST,2108
59098750001801,RV_VST,2112
59098750001801,RV_VST,2116
59098750001801,RV_VST,2120
59098750001801,RV_VST,2124
59098750001801,RV_VST,2128
59098750001801,RV_VST,2132
59098750001801,RV_VST,2136
59098750001801,RV_VST,2140
59098750001801,RV_VST,2144
59098750001801,RV_VST,2148
59098750001801,RV_VST,2152
59098750001801,RV_VST,2156
59098750001801,RV_VST,2160
59098750001801,RV_VST,2164
59098750001801,RV_VST,2168
59098750001801,RV_VST,2172
59098750001801,RV_VST,2176
59098750001801,RV_VST,2180
59098750001801,RV_VST,2184
59098750001801,RV_VST,2188
59098750001801,RV_VST,2192
59098750001801,RV_VST,2196
59098750001801,RV_VST,2200
59098750001801,RV_VST,2204
59098750001801,RV_VST,2208
59098750001801,RV_VST,2212
59098750001801,RV_VST,2216
59098750001801,RV_VST,2220
59098750001801,RV_VST,2224
59098750001801,RV_VST,2228
59098750001801,RV_VST,2232
59098750001801,RV_VST,2236
59098750001801,RV_VST,2240
59098750001801,RV_VST,2244
59098750001801,RV_VST,2248
59098750001801,RV_VST,2252
59098750001801,RV_VST,2256
59098750001801,RV_VST,2260
59098750001801,RV_VST,2264
59098750001801,RV_VST,2268
59098750001801,RV_VST,2272
59098750001801,RV_VST,2276
59098750001801,RV_VST,2280
59098750001801,RV_VST,2284
59098750001801,RV_VST,2288
59098750001801,RV_VST,2292
59098750001801,RV_VST,2296
59098750001801,RV_VST,2300
60198261629579,RV_VLD,2304
60198261629579,RV_VLD,2308
60198261629579,RV_VLD,2312
60198261629579,RV_VLD,2316
60198261629579,RV_VLD,2320
60198261629579,RV_VLD,2324
60198261629579,RV_VLD,2328
60198261629579,RV_VLD,2332
60198261629579,RV_VLD,2336
60198261629579,RV_VLD,2340
60198261629579,RV_VLD,2344
60198261629579,RV_VLD,2348
60198261629579,RV_VLD,2352
60198261629579,RV_VLD,2356
60198261629579,RV_VLD,2360
60198261629579,RV_VLD,2364
60198261629579,RV_VLD,2368
60198261629579,RV_VLD,2372
60198261629579,RV_VLD,2376
60198261629579,RV_VLD,2380
60198261629579,RV_VLD,2384
60198261629579,RV_VLD,2388
60198261629579,RV_VLD,2392
60198261629579,RV_VLD,2396
60198261629579,RV_VLD,2400
60198261629579,RV_VLD,2404
60198261629579,RV_VLD,2408
60198261629579,RV_VLD,2412
60198261629579,RV_VLD,2416
60198261629579,RV_VLD,2420
60198261629579,RV_VLD,2424
60198261629579,RV_VLD,2428
60198261629579,RV_VLD,2432
60198261629579,RV_VLD,2436
60198261629579,RV_VLD,2440
60198261629579,RV_VLD,2444
60198261629579,RV_VLD,2448
60198261629579,RV_VLD,2452
60198261629579,RV_VLD,2456
60198261629579,RV_VLD,2460
60198261629579,RV_VLD,2464
60198261629579,RV_VLD,2468
60198261629579,RV_VLD,2472
60198261629579,RV_VLD,2476
60198261629579,RV_VLD,2480
60198261629579,RV_VLD,2484
60198261629579,RV_VLD,2488
60198261629579,RV_VLD,2492
60198261629579,RV_VLD,2496
60198261629579,RV_VLD,2500
60198261629579,RV_VLD,2504
60198261629579,RV_VLD,2508
60198261629579,RV_VLD,2512
60198261629579,RV_VLD,2516
60198261629579,RV_VLD,2520
60198261629579,RV_VLD,2524
60198261629579,RV_VLD,2528
60198261629579,RV_VLD,2532
60198261629579,RV_VLD,2536
60198261629579,RV_VLD,2540
60198261629579,RV_VLD,2544
60198261629579,RV_VLD,2548
60198261629579,RV_VLD,2552
60198261629579,RV_VLD,2556
59098750001807,RV_VST,2304
59098750001807,RV_VST,2308
59098750001807,RV_VST,2312
59098750001807,RV_VST,2316
59098750001807,RV_VST,2320
59098750001807,RV_VST,2324
59098750001807,RV_VST,2328
59098750001807,RV_VST,2332
59098750001807,RV_VST,2336
59098750001807,RV_VST,2340
59098750001807,RV_VST,2344
59098750001807,RV_VST,2348
59098750001807,RV_VST,2352
59098750001807,RV_VST,2356
59098750001807,RV_VST,2360
59098750001807,RV_VST,2364
59098750001807,RV_VST,2368
59098750001807,RV_VST,2372
59098750001807,RV_VST,2376
59098750001807,RV_VST,2380
59098750001807,RV_VST,2384
59098750001807,RV_VST,2388
59098750001807,RV_VST,2392
59098750001807,RV_VST,2396
59098750001807,RV_VST,2400
59098750001807,RV_VST,2404
59098750001807,RV_VST,2408
59098750001807,RV_VST,2412
59098750001807,RV_VST,2416
59098750001807,RV_VST,2420
59098750001807,RV_VST,2424
59098750001807,RV_VST,2428
59098750001807,RV_VST,2432
59098750001807,RV_VST,2436
59098750001807,RV_VST,2440
59098750001807,RV_VST,2444
59098750001807,RV_VST,2448
59098750001807,RV_VST,2452
59098750001807,RV_VST,2456
59098750001807,RV_VST,2460
59098750001807,RV_VST,2464
59098750001807,RV_VST,2468
59098750001807,RV_VST,2472
59098750001807,RV_VST,2476
59098750001807,RV_VST,2480
59098750001807,RV_VST,2484
59098750001807,RV_VST,2488
59098750001807,RV_VST,2492
59098750001807,RV_VST,2496
59098750001807,RV_VST,2500
59098750001807,RV_VST,2504
59098750001807,RV_VST,2508
59098750001807,RV_VST,2512
59098750001807,RV_VST,2516
59098750001807,RV_VST,2520
59098750001807,RV_VST,2524
59098750001807,RV_VST,2528
59098750001807,RV_VST,2532
59098750001807,RV_VST,2536
59098750001807,RV_VST,2540
59098750001807,RV_VST,2544
59098750001807,RV_VST,2548
59098750001807,RV_VST,2552
59098750001807,RV_VST,2556
60198261629594,RV_VLD,512
60198261629594,RV_VLD,516
60198261629594,RV_VLD,520
60198261629594,RV_VLD,524
60198261629594,RV_VLD,528
60198261629594,RV_VLD,532
60198261629594,RV_VLD,536
60198261629594,RV_VLD,540
60198261629594,RV_VLD,544
60198261629594,RV_VLD,548
60198261629594,RV_VLD,552
60198261629594,RV_VLD,556
60198261629594,RV_VLD,560
60198261629594,RV_VLD,564
60198261629594,RV_VLD,568
60198261629594,RV_VLD,572
60198261629594,RV_VLD,576
60198261629594,RV_VLD,580
60198261629594,RV_VLD,584
60198261629594,RV_VLD,588
60198261629594,RV_VLD,592
60198261629594,RV_VLD,596
60198261629594,RV_VLD,600
60198261629594,RV_VLD,604
60198261629594,RV_VLD,608
60198261629594,RV_VLD,612
60198261629594,RV_VLD,616
60198261629594,RV_VLD,620
60198261629594,RV_VLD,624
60198261629594,RV_VLD,628
60198261629594,RV_VLD,632
60198261629594,RV_VLD,636
60198261629594,RV_VLD,640
60198261629594,RV_VLD,644
60198261629594,RV_VLD,648
60198261629594,RV_VLD,652
60198261629594,RV_VLD,656
60198261629594,RV_VLD,660
60198261629594,RV_VLD,664
60198261629594,RV_VLD,668
60198261629594,RV_VLD,672
60198261629594,RV_VLD,676
60198261629594,RV_VLD,680
60198261629594,RV_VLD,684
60198261629594,RV_VLD,688
60198261629594,RV_VLD,692
60198261629594,RV_VLD,696
60198261629594,RV_VLD,700
60198261629594,RV_VLD,704
60198261629594,RV_VLD,708
60198261629594,RV_VLD,712
60198261629594,RV_VLD,716
60198261629594,RV_VLD,720
60198261629594,RV_VLD,724
60198261629594,RV_VLD,728
60198261629594,RV_VLD,732
60198261629594,RV_VLD,736
60198261629594,RV_VLD,740
60198261629594,RV_VLD,744
60198261629594,RV_VLD,748
60198261629594,RV_VLD,752
60198261629594,RV_VLD,756
60198261629594,RV_VLD,760
60198261629594,RV_VLD,764
60198261629595,RV_VLD,2048
60198261629595,RV_VLD,2052
60198261629595,RV_VLD,2056
60198261629595,RV_VLD,2060
60198261629595,RV_VLD,2064
60198261629595,RV_VLD,2068
60198261629595,RV_VLD,2072
60198261629595,RV_VLD,2076
60198261629595,RV_VLD,2080
60198261629595,RV_VLD,2084
60198261629595,RV_VLD,2088
60198261629595,RV_VLD,2092
60198261629595,RV_VLD,2096
60198261629595,RV_VLD,2100
60198261629595,RV_VLD,2104
60198261629595,RV_VLD,2108
60198261629595,RV_VLD,2112
60198261629595,RV_VLD,2116
60198261629595,RV_VLD,2120
60198261629595,RV_VLD,2124
60198261629595,RV_VLD,2128
60198261629595,RV_VLD,2132
60198261629595,RV_VLD,2136
60198261629595,RV_VLD,2140
60198261629595,RV_VLD,2144
60198261629595,RV_VLD,2148
60198261629595,RV_VLD,2152
60198261629595,RV_VLD,2156
60198261629595,RV_VLD,2160
60198261629595,RV_VLD,2164
60198261629595,RV_VLD,2168
60198261629595,RV_VLD,2172
60198261629595,RV_VLD,2176
60198261629595,RV_VLD,2180
60198261629595,RV_VLD,2184
60198261629595,RV_VLD,2188
60198261629595,RV_VLD,2192
60198261629595,RV_VLD,2196
60198261629595,RV_VLD,2200
60198261629595,RV_VLD,2204
60198261629595,RV_VLD,2208
60198261629595,RV_VLD,2212
60198261629595,RV_VLD,2216
60198261629595,RV_VLD,2220
60198261629595,RV_VLD,2224
60198261629595,RV_VLD,2228
60198261629595,RV_VLD,2232
60198261629595,RV_VLD,2236
60198261629595,RV_VLD,2240
60198261629595,RV_VLD,2244
60198261629595,RV_VLD,2248
60198261629595,RV_VLD,2252
60198261629595,RV_VLD,2256
60198261629595,RV_VLD,2260
60198261629595,RV_VLD,2264
60198261629595,RV_VLD,2268
60198261629595,RV_VLD,2272
60198261629595,RV_VLD,2276
60198261629595,RV_VLD,2280
60198261629595,RV_VLD,2284
60198261629595,RV_VLD,2288
60198261629595,RV_VLD,2292
60198261629595,RV_VLD,2296
60198261629595,RV_VLD,2300
59098750001822,RV_VST,2048
59098750001822,RV_VST,2052
59098750001822,RV_VST,2056
59098750001822,RV_VST,2060
59098750001822,RV_VST,2064
59098750001822,RV_VST,2068
59098750001822,RV_VST,2072
59098750001822,RV_VST,2076
59098750001822,RV_VST,2080
59098750001822,RV_VST,2084
59098750001822,RV_VST,2088
59098750001822,RV_VST,2092
59098750001822,RV_VST,2096
59098750001822,RV_VST,2100
59098750001822,RV_VST,2104
59098750001822,RV_VST,2108
59098750001822,RV_VST,2112
59098750001822,RV_VST,2116
59098750001822,RV_VST,2120
59098750001822,RV_VST,2124
59098750001822,RV_VST,2128
59098750001822,RV_VST,2132
59098750001822,RV_VST,2136
59098750001822,RV_VST,2140
59098750001822,RV_VST,2144
59098750001822,RV_VST,2148
59098750001822,RV_VST,2152
59098750001822,RV_VST,2156
59098750001822,RV_VST,2160
59098750001822,RV_VST,2164
59098750001822,RV_VST,2168
59098750001822,RV_VST,2172
59098750001822,RV_VST,2176
59098750001822,RV_VST,2180
59098750001822,RV_VST,2184
59098750001822,RV_VST,2188
59098750001822,RV_VST,2192
59098750001822,RV_VST,2196
59098750001822,RV_VST,2200
59098750001822,RV_VST,2204
59098750001822,RV_VST,2208
59098750001822,RV_VST,2212
59098750001822,RV_VST,2216
59098750001822,RV_VST,2220
59098750001822,RV_VST,2224
59098750001822,RV_VST,2228
59098750001822,RV_VST,2232
59098750001822,RV_VST,2236
59098750001822,RV_VST,2240
59098750001822,RV_VST,2244
59098750001822,RV_VST,2248
59098750001822,RV_VST,2252
59098750001822,RV_VST,2256
59098750001822,RV_VST,2260
59098750001822,RV_VST,2264
59098750001822,RV_VST,2268
59098750001822,RV_VST,2272
59098750001822,RV_VST,2276
59098750001822,RV_VST,2280
59098750001822,RV_VST,2284
59098750001822,RV_VST,2288
59098750001822,RV_VST,2292
59098750001822,RV_VST,2296
59098750001822,RV_VST,2300
60198261629600,RV_VLD,768
60198261629600,RV_VLD,772
60198261629600,RV_VLD,776
60198261629600,RV_VLD,780
60198261629600,RV_VLD,784
60198261629600,RV_VLD,788
60198261629600,RV_VLD,792
60198261629600,RV_VLD,796
60198261629600,RV_VLD,800
60198261629600,RV_VLD,804
60198261629600,RV_VLD,808
60198261629600,RV_VLD,812
60198261629600,RV_VLD,816
60198261629600,RV_VLD,820
60198261629600,RV_VLD,824
60198261629600,RV_VLD,828
60198261629600,RV_VLD,832
60198261629600,RV_VLD,836
60198261629600,RV_VLD,840
60198261629600,RV_VLD,844
60198261629600,RV_VLD,848
60198261629600,RV_VLD,852
60198261629600,RV_VLD,856
60198261629600,RV_VLD,860
60198261629600,RV_VLD,864
60198261629600,RV_VLD,868
60198261629600,RV_VLD,872
60198261629600,RV_VLD,876
60198261629600,RV_VLD,880
60198261629600,RV_VLD,884
60198261629600,RV_VLD,888
60198261629600,RV_VLD,892
60198261629600,RV_VLD,896
60198261629600,RV_VLD,900
60198261629600,RV_VLD,904
60198261629600,RV_VLD,908
60198261629600,RV_VLD,912
60198261629600,RV_VLD,916
60198261629600,RV_VLD,920
60198261629600,RV_VLD,924
60198261629600,RV_VLD,928
60198261629600,RV_VLD,932
60198261629600,RV_VLD,936
60198261629600,RV_VLD,940
60198261629600,RV_VLD,944
60198261629600,RV_VLD,948
60198261629600,RV_VLD,952
60198261629600,RV_VLD,956
60198261629600,RV_VLD,960
60198261629600,RV_VLD,964
60198261629600,RV_VLD,968
60198261629600,RV_VLD,972
60198261629600,RV_VLD,976
60198261629600,RV_VLD,980
60198261629600,RV_VLD,984
60198261629600,RV_VLD,988
60198261629600,RV_VLD,992
60198261629600,RV_VLD,996
60198261629600,RV_VLD,1000
60198261629600,RV_VLD,1004
60198261629600,RV_VLD,1008
60198261629600,RV_VLD,1012
60198261629600,RV_VLD,1016
60198261629600,RV_VLD,1020
60198261629601,RV_VLD,2304
60198261629601,RV_VLD,2308
60198261629601,RV_VLD,2312
60198261629601,RV_VLD,2316
60198261629601,RV_VLD,2320
60198261629601,RV_VLD,2324
60198261629601,RV_VLD,2328
60198261629601,RV_VLD,2332
60198261629601,RV_VLD,2336
60198261629601,RV_VLD,2340
60198261629601,RV_VLD,2344
60198261629601,RV_VLD,2348
60198261629601,RV_VLD,2352
60198261629601,RV_VLD,2356
60198261629601,RV_VLD,2360
60198261629601,RV_VLD,2364
60198261629601,RV_VLD,2368
60198261629601,RV_VLD,2372
60198261629601,RV_VLD,2376
60198261629601,RV_VLD,2380
60198261629601,RV_VLD,2384
60198261629601,RV_VLD,2388
60198261629601,RV_VLD,2392
60198261629601,RV_VLD,2396
60198261629601,RV_VLD,2400
60198261629601,RV_VLD,2404
60198261629601,RV_VLD,2408
60198261629601,RV_VLD,2412
60198261629601,RV_VLD,2416
60198261629601,RV_VLD,2420
60198261629601,RV_VLD,2424
60198261629601,RV_VLD,2428
60198261629601,RV_VLD,2432
60198261629601,RV_VLD,2436
60198261629601,RV_VLD,2440
60198261629601,RV_VLD,2444
60198261629601,RV_VLD,2448
60198261629601,RV_VLD,2452
60198261629601,RV_VLD,2456
60198261629601,RV_VLD,2460
60198261629601,RV_VLD,2464
60198261629601,RV_VLD,2468
60198261629601,RV_VLD,2472
60198261629601,RV_VLD,2476
60198261629601,RV_VLD,2480
60198261629601,RV_VLD,2484
60198261629601,RV_VLD,2488
60198261629601,RV_VLD,2492
60198261629601,RV_VLD,2496
60198261629601,RV_VLD,2500
60198261629601,RV_VLD,2504
60198261629601,RV_VLD,2508
60198261629601,RV_VLD,2512
60198261629601,RV_VLD,2516
60198261629601,RV_VLD,2520
60198261629601,RV_VLD,2524
60198261629601,RV_VLD,2528
60198261629601,RV_VLD,2532
60198261629601,RV_VLD,2536
60198261629601,RV_VLD,2540
60198261629601,RV_VLD,2544
60198261629601,RV_VLD,2548
60198261629601,RV_VLD,2552
60198261629601,RV_VLD,2556
59098750001828,RV_VST,2304
59098750001828,RV_VST,2308
59098750001828,RV_VST,2312
59098750001828,RV_VST,2316
59098750001828,RV_VST,2320
59098750001828,RV_VST,2324
59098750001828,RV_VST,2328
59098750001828,RV_VST,2332
59098750001828,RV_VST,2336
59098750001828,RV_VST,2340
59098750001828,RV_VST,2344
59098750001828,RV_VST,2348
59098750001828,RV_VST,2352
59098750001828,RV_VST,2356
59098750001828,RV_VST,2360
59098750001828,RV_VST,2364
59098750001828,RV_VST,2368
59098750001828,RV_VST,2372
59098750001828,RV_VST,2376
59098750001828,RV_VST,2380
59098750001828,RV_VST,2384
59098750001828,RV_VST,2388
59098750001828,RV_VST,2392
59098750001828,RV_VST,2396
59098750001828,RV_VST,2400
59098750001828,RV_VST,2404
59098750001828,RV_VST,2408
59098750001828,RV_VST,2412
59098750001828,RV_VST,2416
59098750001828,RV_VST,2420
59098750001828,RV_VST,2424
59098750001828,RV_VST,2428
59098750001828,RV_VST,2432
59098750001828,RV_VST,2436
59098750001828,RV_VST,2440
59098750001828,RV_VST,2444
59098750001828,RV_VST,2448
59098750001828,RV_VST,2452
59098750001828,RV_VST,2456
59098750001828,RV_VST,2460
59098750001828,RV_VST,2464
59098750001828,RV_VST,2468
59098750001828,RV_VST,2472
59098750001828,RV_VST,2476
59098750001828,RV_VST,2480
59098750001828,RV_VST,2484
59098750001828,RV_VST,2488
59098750001828,RV_VST,2492
59098750001828,RV_VST,2496
59098750001828,RV_VST,2500
59098750001828,RV_VST,2504
59098750001828,RV_VST,2508
59098750001828,RV_VST,2512
59098750001828,RV_VST,2516
59098750001828,RV_VST,2520
59098750001828,RV_VST,2524
59098750001828,RV_VST,2528
59098750001828,RV_VST,2532
59098750001828,RV_VST,2536
59098750001828,RV_VST,2540
59098750001828,RV_VST,2544
59098750001828,RV_VST,2548
59098750001828,RV_VST,2552
59098750001828,RV_VST,2556
60198261629632,RV_VLD,512
60198261629632,RV_VLD,516
60198261629632,RV_VLD,520
60198261629632,RV_VLD,524
60198261629632,RV_VLD,528
60198261629632,RV_VLD,532
60198261629632,RV_VLD,536
60198261629632,RV_VLD,540
60198261629632,RV_VLD,544
60198261629632,RV_VLD,548
60198261629632,RV_VLD,552
60198261629632,RV_VLD,556
60198261629632,RV_VLD,560
60198261629632,RV_VLD,564
60198261629632,RV_VLD,568
60198261629632,RV_VLD,572
60198261629632,RV_VLD,576
60198261629632,RV_VLD,580
60198261629632,RV_VLD,584
60198261629632,RV_VLD,588
60198261629632,RV_VLD,592
60198261629632,RV_VLD,596
60198261629632,RV_VLD,600
60198261629632,RV_VLD,604
60198261629632,RV_VLD,608
60198261629632,RV_VLD,612
60198261629632,RV_VLD,616
60198261629632,RV_VLD,620
60198261629632,RV_VLD,624
60198261629632,RV_VLD,628
60198261629632,RV_VLD,632
60198261629632,RV_VLD,636
60198261629632,RV_VLD,640
60198261629632,RV_VLD,644
60198261629632,RV_VLD,648
60198261629632,RV_VLD,652
60198261629632,RV_VLD,656
60198261629632,RV_VLD,660
60198261629632,RV_VLD,664
60198261629632,RV_VLD,668
60198261629632,RV_VLD,672
60198261629632,RV_VLD,676
60198261629632,RV_VLD,680
60198261629632,RV_VLD,684
60198261629632,RV_VLD,688
60198261629632,RV_VLD,692
60198261629632,RV_VLD,696
60198261629632,RV_VLD,700
60198261629632,RV_VLD,704
60198261629632,RV_VLD,708
60198261629632,RV_VLD,712
60198261629632,RV_VLD,716
60198261629632,RV_VLD,720
60198261629632,RV_VLD,724
60198261629632,RV_VLD,728
60198261629632,RV_VLD,732
60198261629632,RV_VLD,736
60198261629632,RV_VLD,740
60198261629632,RV_VLD,744
60198261629632,RV_VLD,748
60198261629632,RV_VLD,752
60198261629632,RV_VLD,756
60198261629632,RV_VLD,760
60198261629632,RV_VLD,764
60198261629633,RV_VLD,2048
60198261629633,RV_VLD,2052
60198261629633,RV_VLD,2056
60198261629633,RV_VLD,2060
60198261629633,RV_VLD,2064
60198261629633,RV_VLD,2068
60198261629633,RV_VLD,2072
60198261629633,RV_VLD,2076
60198261629633,RV_VLD,2080
60198261629633,RV_VLD,2084
60198261629633,RV_VLD,2088
60198261629633,RV_VLD,2092
60198261629633,RV_VLD,2096
60198261629633,RV_VLD,2100
60198261629633,RV_VLD,2104
60198261629633,RV_VLD,2108
60198261629633,RV_VLD,2112
60198261629633,RV_VLD,2116
60198261629633,RV_VLD,2120
60198261629633,RV_VLD,2124
60198261629633,RV_VLD,2128
60198261629633,RV_VLD,2132
60198261629633,RV_VLD,2136
60198261629633,RV_VLD,2140
60198261629633,RV_VLD,2144
60198261629633,RV_VLD,2148
60198261629633,RV_VLD,2152
60198261629633,RV_VLD,2156
60198261629633,RV_VLD,2160
60198261629633,RV_VLD,2164
60198261629633,RV_VLD,2168
60198261629633,RV_VLD,2172
60198261629633,RV_VLD,2176
60198261629633,RV_VLD,2180
60198261629633,RV_VLD,2184
60198261629633,RV_VLD,2188
60198261629633,RV_VLD,2192
60198261629633,RV_VLD,2196
60198261629633,RV_VLD,2200
60198261629633,RV_VLD,2204
60198261629633,RV_VLD,2208
60198261629633,RV_VLD,2212
60198261629633,RV_VLD,2216
60198261629633,RV_VLD,2220
60198261629633,RV_VLD,2224
60198261629633,RV_VLD,2228
60198261629633,RV_VLD,2232
60198261629633,RV_VLD,2236
60198261629633,RV_VLD,2240
60198261629633,RV_VLD,2244
60198261629633,RV_VLD,2248
60198261629633,RV_VLD,2252
60198261629633,RV_VLD,2256
60198261629633,RV_VLD,2260
60198261629633,RV_VLD,2264
60198261629633,RV_VLD,2268
60198261629633,RV_VLD,2272
60198261629633,RV_VLD,2276
60198261629633,RV_VLD,2280
60198261629633,RV_VLD,2284
60198261629633,RV_VLD,2288
60198261629633,RV_VLD,2292
60198261629633,RV_VLD,2296
60198261629633,RV_VLD,2300
59098750001860,RV_VST,1536
59098750001860,RV_VST,1540
59098750001860,RV_VST,1544
59098750001860,RV_VST,1548
59098750001860,RV_VST,1552
59098750001860,RV_VST,1556
59098750001860,RV_VST,1560
59098750001860,RV_VST,1564
59098750001860,RV_VST,1568
59098750001860,RV_VST,1572
59098750001860,RV_VST,1576
59098750001860,RV_VST,1580
59098750001860,RV_VST,1584
59098750001860,RV_VST,1588
59098750001860,RV_VST,1592
59098750001860,RV_VST,1596
59098750001860,RV_VST,1600
59098750001860,RV_VST,1604
59098750001860,RV_VST,1608
59098750001860,RV_VST,1612
59098750001860,RV_VST,1616
59098750001860,RV_VST,1620
59098750001860,RV_VST,1624
59098750001860,RV_VST,1628
59098750001860,RV_VST,1632
59098750001860,RV_VST,1636
59098750001860,RV_VST,1640
59098750001860,RV_VST,1644
59098750001860,RV_VST,1648
59098750001860,RV_VST,1652
59098750001860,RV_VST,1656
59098750001860,RV_VST,1660
59098750001860,RV_VST,1664
59098750001860,RV_VST,1668
59098750001860,RV_VST,1672
59098750001860,RV_VST,1676
59098750001860,RV_VST,1680
59098750001860,RV_VST,1684
59098750001860,RV_VST,1688
59098750001860,RV_VST,1692
59098750001860,RV_VST,1696
59098750001860,RV_VST,1700
59098750001860,RV_VST,1704
59098750001860,RV_VST,1708
59098750001860,RV_VST,1712
59098750001860,RV_VST,1716
59098750001860,RV_VST,1720
59098750001860,RV_VST,1724
59098750001860,RV_VST,1728
59098750001860,RV_VST,1732
59098750001860,RV_VST,1736
59098750001860,RV_VST,1740
59098750001860,RV_VST,1744
59098750001860,RV_VST,1748
59098750001860,RV_VST,1752
59098750001860,RV_VST,1756
59098750001860,RV_VST,1760
59098750001860,RV_VST,1764
59098750001860,RV_VST,1768
59098750001860,RV_VST,1772
59098750001860,RV_VST,1776
59098750001860,RV_VST,1780
59098750001860,RV_VST,1784
59098750001860,RV_VST,1788
60198261629638,RV_VLD,768
60198261629638,RV_VLD,772
60198261629638,RV_VLD,776
60198261629638,RV_VLD,780
60198261629638,RV_VLD,784
60198261629638,RV_VLD,788
60198261629638,RV_VLD,792
60198261629638,RV_VLD,796
60198261629638,RV_VLD,800
60198261629638,RV_VLD,804
60198261629638,RV_VLD,808
60198261629638,RV_VLD,812
60198261629638,RV_VLD,816
60198261629638,RV_VLD,820
60198261629638,RV_VLD,824
60198261629638,RV_VLD,828
60198261629638,RV_VLD,832
60198261629638,RV_VLD,836
60198261629638,RV_VLD,840
60198261629638,RV_VLD,844
60198261629638,RV_VLD,848
60198261629638,RV_VLD,852
60198261629638,RV_VLD,856
60198261629638,RV_VLD,860
60198261629638,RV_VLD,864
60198261629638,RV_VLD,868
60198261629638,RV_VLD,872
60198261629638,RV_VLD,876
60198261629638,RV_VLD,880
60198261629638,RV_VLD,884
60198261629638,RV_VLD,888
60198261629638,RV_VLD,892
60198261629638,RV_VLD,896
60198261629638,RV_VLD,900
60198261629638,RV_VLD,904
60198261629638,RV_VLD,908
60198261629638,RV_VLD,912
60198261629638,RV_VLD,916
60198261629638,RV_VLD,920
60198261629638,RV_VLD,924
60198261629638,RV_VLD,928
60198261629638,RV_VLD,932
60198261629638,RV_VLD,936
60198261629638,RV_VLD,940
60198261629638,RV_VLD,944
60198261629638,RV_VLD,948
60198261629638,RV_VLD,952
60198261629638,RV_VLD,956
60198261629638,RV_VLD,960
60198261629638,RV_VLD,964
60198261629638,RV_VLD,968
60198261629638,RV_VLD,972
60198261629638,RV_VLD,976
60198261629638,RV_VLD,980
60198261629638,RV_VLD,984
60198261629638,RV_VLD,988
60198261629638,RV_VLD,992
60198261629638,RV_VLD,996
60198261629638,RV_VLD,1000
60198261629638,RV_VLD,1004
60198261629638,RV_VLD,1008
60198261629638,RV_VLD,1012
60198261629638,RV_VLD,1016
60198261629638,RV_VLD,1020
60198261629639,RV_VLD,2304
60198261629639,RV_VLD,2308
60198261629639,RV_VLD,2312
60198261629639,RV_VLD,2316
60198261629639,RV_VLD,2320
60198261629639,RV_VLD,2324
60198261629639,RV_VLD,2328
60198261629639,RV_VLD,2332
60198261629639,RV_VLD,2336
60198261629639,RV_VLD,2340
60198261629639,RV_VLD,2344
60198261629639,RV_VLD,2348
60198261629639,RV_VLD,2352
60198261629639,RV_VLD,2356
60198261629639,RV_VLD,2360
60198261629639,RV_VLD,2364
60198261629639,RV_VLD,2368
60198261629639,RV_VLD,2372
60198261629639,RV_VLD,2376
60198261629639,RV_VLD,2380
60198261629639,RV_VLD,2384
60198261629639,RV_VLD,2388
60198261629639,RV_VLD,2392
60198261629639,RV_VLD,2396
60198261629639,RV_VLD,2400
60198261629639,RV_VLD,2404
60198261629639,RV_VLD,2408
60198261629639,RV_VLD,2412
60198261629639,RV_VLD,2416
60198261629639,RV_VLD,2420
60198261629639,RV_VLD,2424
60198261629639,RV_VLD,2428
60198261629639,RV_VLD,2432
60198261629639,RV_VLD,2436
60198261629639,RV_VLD,2440
60198261629639,RV_VLD,2444
60198261629639,RV_VLD,2448
60198261629639,RV_VLD,2452
60198261629639,RV_VLD,2456
60198261629639,RV_VLD,2460
60198261629639,RV_VLD,2464
60198261629639,RV_VLD,2468
60198261629639,RV_VLD,2472
60198261629639,RV_VLD,2476
60198261629639,RV_VLD,2480
60198261629639,RV_VLD,2484
60198261629639,RV_VLD,2488
60198261629639,RV_VLD,2492
60198261629639,RV_VLD,2496
60198261629639,RV_VLD,2500
60198261629639,RV_VLD,2504
60198261629639,RV_VLD,2508
60198261629639,RV_VLD,2512
60198261629639,RV_VLD,2516
60198261629639,RV_VLD,2520
60198261629639,RV_VLD,2524
60198261629639,RV_VLD,2528
60198261629639,RV_VLD,2532
60198261629639,RV_VLD,2536
60198261629639,RV_VLD,2540
60198261629639,RV_VLD,2544
60198261629639,RV_VLD,2548
60198261629639,RV_VLD,2552
60198261629639,RV_VLD,2556
59098750001866,RV_VST,1792
59098750001866,RV_VST,1796
59098750001866,RV_VST,1800
59098750001866,RV_VST,1804
59098750001866,RV_VST,1808
59098750001866,RV_VST,1812
59098750001866,RV_VST,1816
59098750001866,RV_VST,1820
59098750001866,RV_VST,1824
59098750001866,RV_VST,1828
59098750001866,RV_VST,1832
59098750001866,RV_VST,1836
59098750001866,RV_VST,1840
59098750001866,RV_VST,1844
59098750001866,RV_VST,1848
59098750001866,RV_VST,1852
59098750001866,RV_VST,1856
59098750001866,RV_VST,1860
59098750001866,RV_VST,1864
59098750001866,RV_VST,1868
59098750001866,RV_VST,1872
59098750001866,RV_VST,1876
59098750001866,RV_VST,1880
59098750001866,RV_VST,1884
59098750001866,RV_VST,1888
59098750001866,RV_VST,1892
59098750001866,RV_VST,1896
59098750001866,RV_VST,1900
59098750001866,RV_VST,1904
59098750001866,RV_VST,1908
59098750001866,RV_VST,1912
59098750001866,RV_VST,1916
59098750001866,RV_VST,1920
59098750001866,RV_VST,1924
59098750001866,RV_VST,1928
59098750001866,RV_VST,1932
59098750001866,RV_VST,1936
59098750001866,RV_VST,1940
59098750001866,RV_VST,1944
59098750001866,RV_VST,1948
59098750001866,RV_VST,1952
59098750001866,RV_VST,1956
59098750001866,RV_VST,1960
59098750001866,RV_VST,1964
59098750001866,RV_VST,1968
59098750001866,RV_VST,1972
59098750001866,RV_VST,1976
59098750001866,RV_VST,1980
59098750001866,RV_VST,1984
59098750001866,RV_VST,1988
59098750001866,RV_VST,1992
59098750001866,RV_VST,1996
59098750001866,RV_VST,2000
59098750001866,RV_VST,2004
59098750001866,RV_VST,2008
59098750001866,RV_VST,2012
59098750001866,RV_VST,2016
59098750001866,RV_VST,2020
59098750001866,RV_VST,2024
59098750001866,RV_VST,2028
59098750001866,RV_VST,2032
59098750001866,RV_VST,2036
59098750001866,RV_VST,2040
59098750001866,RV_VST,2044
59923383722782,RV_VLD,0
59923383722782,RV_VLD,4
59923383722782,RV_VLD,8
59923383722782,RV_VLD,12
59923383722782,RV_VLD,16
59923383722782,RV_VLD,20
59923383722782,RV_VLD,24
59923383722782,RV_VLD,28
59923383722782,RV_VLD,32
59923383722782,RV_VLD,36
59923383722782,RV_VLD,40
59923383722782,RV_VLD,44
59923383722782,RV_VLD,48
59923383722782,RV_VLD,52
59923383722782,RV_VLD,56
59923383722782,RV_VLD,60
59923383722782,RV_VLD,64
59923383722782,RV_VLD,68
59923383722782,RV_VLD,72
59923383722782,RV_VLD,76
59923383722782,RV_VLD,80
59923383722782,RV_VLD,84
59923383722782,RV_VLD,88
59923383722782,RV_VLD,92
59923383722782,RV_VLD,96
59923383722782,RV_VLD,100
59923383722782,RV_VLD,104
59923383722782,RV_VLD,108
59923383722782,RV_VLD,112
59923383722782,RV_VLD,116
59923383722782,RV_VLD,120
59923383722782,RV_VLD,124
59923383722782,RV_VLD,128
59923383722782,RV_VLD,132
59923383722782,RV_VLD,136
59923383722782,RV_VLD,140
59923383722782,RV_VLD,144
59923383722782,RV_VLD,148
59923383722782,RV_VLD,152
59923383722782,RV_VLD,156
59923383722782,RV_VLD,160
59923383722782,RV_VLD,164
59923383722782,RV_VLD,168
59923383722782,RV_VLD,172
59923383722782,RV_VLD,176
59923383722782,RV_VLD,180
59923383722782,RV_VLD,184
59923383722782,RV_VLD,188
59923383722782,RV_VLD,192
59923383722782,RV_VLD,196
59923383722782,RV_VLD,200
59923383722782,RV_VLD,204
59923383722782,RV_VLD,208
59923383722782,RV_VLD,212
59923383722782,RV_VLD,216
59923383722782,RV_VLD,220
59923383722782,RV_VLD,224
59923383722782,RV_VLD,228
59923383722782,RV_VLD,232
59923383722782,RV_VLD,236
59923383722782,RV_VLD,240
59923383722782,RV_VLD,244
59923383722782,RV_VLD,248
59923383722782,RV_VLD,252
58823872095009,RV_VST,2048
58823872095009,RV_VST,2052
58823872095009,RV_VST,2056
58823872095009,RV_VST,2060
58823872095009,RV_VST,2064
58823872095009,RV_VST,2068
58823872095009,RV_VST,2072
58823872095009,RV_VST,2076
58823872095009,RV_VST,2080
58823872095009,RV_VST,2084
58823872095009,RV_VST,2088
58823872095009,RV_VST,2092
58823872095009,RV_VST,2096
58823872095009,RV_VST,2100
58823872095009,RV_VST,2104
58823872095009,RV_VST,2108
58823872095009,RV_VST,2112
58823872095009,RV_VST,2116
58823872095009,RV_VST,2120
58823872095009,RV_VST,2124
58823872095009,RV_VST,2128
58823872095009,RV_VST,2132
58823872095009,RV_VST,2136
58823872095009,RV_VST,2140
58823872095009,RV_VST,2144
58823872095009,RV_VST,2148
58823872095009,RV_VST,2152
58823872095009,RV_VST,2156
58823872095009,RV_VST,2160
58823872095009,RV_VST,2164
58823872095009,RV_VST,2168
58823872095009,RV_VST,2172
58823872095009,RV_VST,2176
58823872095009,RV_VST,2180
58823872095009,RV_VST,2184
58823872095009,RV_VST,2188
58823872095009,RV_VST,2192
58823872095009,RV_VST,2196
58823872095009,RV_VST,2200
58823872095009,RV_VST,2204
58823872095009,RV_VST,2208
58823872095009,RV_VST,2212
58823872095009,RV_VST,2216
58823872095009,RV_VST,2220
58823872095009,RV_VST,2224
58823872095009,RV_VST,2228
58823872095009,RV_VST,2232
58823872095009,RV_VST,2236
58823872095009,RV_VST,2240
58823872095009,RV_VST,2244
58823872095009,RV_VST,2248
58823872095009,RV_VST,2252
58823872095009,RV_VST,2256
58823872095009,RV_VST,2260
58823872095009,RV_VST,2264
58823872095009,RV_VST,2268
58823872095009,RV_VST,2272
58823872095009,RV_VST,2276
58823872095009,RV_VST,2280
58823872095009,RV_VST,2284
58823872095009,RV_VST,2288
58823872095009,RV_VST,2292
58823872095009,RV_VST,2296
58823872095009,RV_VST,2300
59923383722787,RV_VLD,256
59923383722787,RV_VLD,260
59923383722787,RV_VLD,264
59923383722787,RV_VLD,268
59923383722787,RV_VLD,272
59923383722787,RV_VLD,276
59923383722787,RV_VLD,280
59923383722787,RV_VLD,284
59923383722787,RV_VLD,288
59923383722787,RV_VLD,292
59923383722787,RV_VLD,296
59923383722787,RV_VLD,300
59923383722787,RV_VLD,304
59923383722787,RV_VLD,308
59923383722787,RV_VLD,312
59923383722787,RV_VLD,316
59923383722787,RV_VLD,320
59923383722787,RV_VLD,324
59923383722787,RV_VLD,328
59923383722787,RV_VLD,332
59923383722787,RV_VLD,336
59923383722787,RV_VLD,340
59923383722787,RV_VLD,344
59923383722787,RV_VLD,348
59923383722787,RV_VLD,352
59923383722787,RV_VLD,356
59923383722787,RV_VLD,360
59923383722787,RV_VLD,364
59923383722787,RV_VLD,368
59923383722787,RV_VLD,372
59923383722787,RV_VLD,376
59923383722787,RV_VLD,380
59923383722787,RV_VLD,384
59923383722787,RV_VLD,388
59923383722787,RV_VLD,392
59923383722787,RV_VLD,396
59923383722787,RV_VLD,400
59923383722787,RV_VLD,404
59923383722787,RV_VLD,408
59923383722787,RV_VLD,412
59923383722787,RV_VLD,416
59923383722787,RV_VLD,420
59923383722787,RV_VLD,424
59923383722787,RV_VLD,428
59923383722787,RV_VLD,432
59923383722787,RV_VLD,436
59923383722787,RV_VLD,440
59923383722787,RV_VLD,444
59923383722787,RV_VLD,448
59923383722787,RV_VLD,452
59923383722787,RV_VLD,456
59923383722787,RV_VLD,460
59923383722787,RV_VLD,464
59923383722787,RV_VLD,468
59923383722787,RV_VLD,472
59923383722787,RV_VLD,476
59923383722787,RV_VLD,480
59923383722787,RV_VLD,484
59923383722787,RV_VLD,488
59923383722787,RV_VLD,492
59923383722787,RV_VLD,496
59923383722787,RV_VLD,500
59923383722787,RV_VLD,504
59923383722787,RV_VLD,508
58823872095014,RV_VST,2304
58823872095014,RV_VST,2308
58823872095014,RV_VST,2312
58823872095014,RV_VST,2316
58823872095014,RV_VST,2320
58823872095014,RV_VST,2324
58823872095014,RV_VST,2328
58823872095014,RV_VST,2332
58823872095014,RV_VST,2336
58823872095014,RV_VST,2340
58823872095014,RV_VST,2344
58823872095014,RV_VST,2348
58823872095014,RV_VST,2352
58823872095014,RV_VST,2356
58823872095014,RV_VST,2360
58823872095014,RV_VST,2364
58823872095014,RV_VST,2368
58823872095014,RV_VST,2372
58823872095014,RV_VST,2376
58823872095014,RV_VST,2380
58823872095014,RV_VST,2384
58823872095014,RV_VST,2388
58823872095014,RV_VST,2392
58823872095014,RV_VST,2396
58823872095014,RV_VST,2400
58823872095014,RV_VST,2404
58823872095014,RV_VST,2408
58823872095014,RV_VST,2412
58823872095014,RV_VST,2416
58823872095014,RV_VST,2420
58823872095014,RV_VST,2424
58823872095014,RV_VST,2428
58823872095014,RV_VST,2432
58823872095014,RV_VST,2436
58823872095014,RV_VST,2440
58823872095014,RV_VST,2444
58823872095014,RV_VST,2448
58823872095014,RV_VST,2452
58823872095014,RV_VST,2456
58823872095014,RV_VST,2460
58823872095014,RV_VST,2464
58823872095014,RV_VST,2468
58823872095014,RV_VST,2472
58823872095014,RV_VST,2476
58823872095014,RV_VST,2480
58823872095014,RV_VST,2484
58823872095014,RV_VST,2488
58823872095014,RV_VST,2492
58823872095014,RV_VST,2496
58823872095014,RV_VST,2500
58823872095014,RV_VST,2504
58823872095014,RV_VST,2508
58823872095014,RV_VST,2512
58823872095014,RV_VST,2516
58823872095014,RV_VST,2520
58823872095014,RV_VST,2524
58823872095014,RV_VST,2528
58823872095014,RV_VST,2532
58823872095014,RV_VST,2536
58823872095014,RV_VST,2540
58823872095014,RV_VST,2544
58823872095014,RV_VST,2548
58823872095014,RV_VST,2552
58823872095014,RV_VST,2556
59923383722813,RV_VLD,2048
59923383722813,RV_VLD,2052
59923383722813,RV_VLD,2056
59923383722813,RV_VLD,2060
59923383722813,RV_VLD,2064
59923383722813,RV_VLD,2068
59923383722813,RV_VLD,2072
59923383722813,RV_VLD,2076
59923383722813,RV_VLD,2080
59923383722813,RV_VLD,2084
59923383722813,RV_VLD,2088
59923383722813,RV_VLD,2092
59923383722813,RV_VLD,2096
59923383722813,RV_VLD,2100
59923383722813,RV_VLD,2104
59923383722813,RV_VLD,2108
59923383722813,RV_VLD,2112
59923383722813,RV_VLD,2116
59923383722813,RV_VLD,2120
59923383722813,RV_VLD,2124
59923383722813,RV_VLD,2128
59923383722813,RV_VLD,2132
59923383722813,RV_VLD,2136
59923383722813,RV_VLD,2140
59923383722813,RV_VLD,2144
59923383722813,RV_VLD,2148
59923383722813,RV_VLD,2152
59923383722813,RV_VLD,2156
59923383722813,RV_VLD,2160
59923383722813,RV_VLD,2164
59923383722813,RV_VLD,2168
59923383722813,RV_VLD,2172
59923383722813,RV_VLD,2176
59923383722813,RV_VLD,2180
59923383722813,RV_VLD,2184
59923383722813,RV_VLD,2188
59923383722813,RV_VLD,2192
59923383722813,RV_VLD,2196
59923383722813,RV_VLD,2200
59923383722813,RV_VLD,2204
59923383722813,RV_VLD,2208
59923383722813,RV_VLD,2212
59923383722813,RV_VLD,2216
59923383722813,RV_VLD,2220
59923383722813,RV_VLD,2224
59923383722813,RV_VLD,2228
59923383722813,RV_VLD,2232
59923383722813,RV_VLD,2236
59923383722813,RV_VLD,2240
59923383722813,RV_VLD,2244
59923383722813,RV_VLD,2248
59923383722813,RV_VLD,2252
59923383722813,RV_VLD,2256
59923383722813,RV_VLD,2260
59923383722813,RV_VLD,2264
59923383722813,RV_VLD,2268
59923383722813,RV_VLD,2272
59923383722813,RV_VLD,2276
59923383722813,RV_VLD,2280
59923383722813,RV_VLD,2284
59923383722813,RV_VLD,2288
59923383722813,RV_VLD,2292
59923383722813,RV_VLD,2296
59923383722813,RV_VLD,2300
58823872095043,RV_VST,2048
58823872095043,RV_VST,2052
58823872095043,RV_VST,2056
58823872095043,RV_VST,2060
58823872095043,RV_VST,2064
58823872095043,RV_VST,2068
58823872095043,RV_VST,2072
58823872095043,RV_VST,2076
58823872095043,RV_VST,2080
58823872095043,RV_VST,2084
58823872095043,RV_VST,2088
58823872095043,RV_VST,2092
58823872095043,RV_VST,2096
58823872095043,RV_VST,2100
58823872095043,RV_VST,2104
58823872095043,RV_VST,2108
58823872095043,RV_VST,2112
58823872095043,RV_VST,2116
58823872095043,RV_VST,2120
58823872095043,RV_VST,2124
58823872095043,RV_VST,2128
58823872095043,RV_VST,2132
58823872095043,RV_VST,2136
58823872095043,RV_VST,2140
58823872095043,RV_VST,2144
58823872095043,RV_VST,2148
58823872095043,RV_VST,2152
58823872095043,RV_VST,2156
58823872095043,RV_VST,2160
58823872095043,RV_VST,2164
58823872095043,RV_VST,2168
58823872095043,RV_VST,2172
58823872095043,RV_VST,2176
58823872095043,RV_VST,2180
58823872095043,RV_VST,2184
58823872095043,RV_VST,2188
58823872095043,RV_VST,2192
58823872095043,RV_VST,2196
58823872095043,RV_VST,2200
58823872095043,RV_VST,2204
58823872095043,RV_VST,2208
58823872095043,RV_VST,2212
58823872095043,RV_VST,2216
58823872095043,RV_VST,2220
58823872095043,RV_VST,2224
58823872095043,RV_VST,2228
58823872095043,RV_VST,2232
58823872095043,RV_VST,2236
58823872095043,RV_VST,2240
58823872095043,RV_VST,2244
58823872095043,RV_VST,2248
58823872095043,RV_VST,2252
58823872095043,RV_VST,2256
58823872095043,RV_VST,2260
58823872095043,RV_VST,2264
58823872095043,RV_VST,2268
58823872095043,RV_VST,2272
58823872095043,RV_VST,2276
58823872095043,RV_VST,2280
58823872095043,RV_VST,2284
58823872095043,RV_VST,2288
58823872095043,RV_VST,2292
58823872095043,RV_VST,2296
58823872095043,RV_VST,2300
59923383722821,RV_VLD,2304
59923383722821,RV_VLD,2308
59923383722821,RV_VLD,2312
59923383722821,RV_VLD,2316
59923383722821,RV_VLD,2320
59923383722821,RV_VLD,2324
59923383722821,RV_VLD,2328
59923383722821,RV_VLD,2332
59923383722821,RV_VLD,2336
59923383722821,RV_VLD,2340
59923383722821,RV_VLD,2344
59923383722821,RV_VLD,2348
59923383722821,RV_VLD,2352
59923383722821,RV_VLD,2356
59923383722821,RV_VLD,2360
59923383722821,RV_VLD,2364
59923383722821,RV_VLD,2368
59923383722821,RV_VLD,2372
59923383722821,RV_VLD,2376
59923383722821,RV_VLD,2380
59923383722821,RV_VLD,2384
59923383722821,RV_VLD,2388
59923383722821,RV_VLD,2392
59923383722821,RV_VLD,2396
59923383722821,RV_VLD,2400
59923383722821,RV_VLD,2404
59923383722821,RV_VLD,2408
59923383722821,RV_VLD,2412
59923383722821,RV_VLD,2416
59923383722821,RV_VLD,2420
59923383722821,RV_VLD,2424
59923383722821,RV_VLD,2428
59923383722821,RV_VLD,2432
59923383722821,RV_VLD,2436
59923383722821,RV_VLD,2440
59923383722821,RV_VLD,2444
59923383722821,RV_VLD,2448
59923383722821,RV_VLD,2452
59923383722821,RV_VLD,2456
59923383722821,RV_VLD,2460
59923383722821,RV_VLD,2464
59923383722821,RV_VLD,2468
59923383722821,RV_VLD,2472
59923383722821,RV_VLD,2476
59923383722821,RV_VLD,2480
59923383722821,RV_VLD,2484
59923383722821,RV_VLD,2488
59923383722821,RV_VLD,2492
59923383722821,RV_VLD,2496
59923383722821,RV_VLD,2500
59923383722821,RV_VLD,2504
59923383722821,RV_VLD,2508
59923383722821,RV_VLD,2512
59923383722821,RV_VLD,2516
59923383722821,RV_VLD,2520
59923383722821,RV_VLD,2524
59923383722821,RV_VLD,2528
59923383722821,RV_VLD,2532
59923383722821,RV_VLD,2536
59923383722821,RV_VLD,2540
59923383722821,RV_VLD,2544
59923383722821,RV_VLD,2548
59923383722821,RV_VLD,2552
59923383722821,RV_VLD,2556
58823872095049,RV_VST,2304
58823872095049,RV_VST,2308
58823872095049,RV_VST,2312
58823872095049,RV_VST,2316
58823872095049,RV_VST,2320
58823872095049,RV_VST,2324
58823872095049,RV_VST,2328
58823872095049,RV_VST,2332
58823872095049,RV_VST,2336
58823872095049,RV_VST,2340
58823872095049,RV_VST,2344
58823872095049,RV_VST,2348
58823872095049,RV_VST,2352
58823872095049,RV_VST,2356
58823872095049,RV_VST,2360
58823872095049,RV_VST,2364
58823872095049,RV_VST,2368
58823872095049,RV_VST,2372
58823872095049,RV_VST,2376
58823872095049,RV_VST,2380
58823872095049,RV_VST,2384
58823872095049,RV_VST,2388
58823872095049,RV_VST,2392
58823872095049,RV_VST,2396
58823872095049,RV_VST,2400
58823872095049,RV_VST,2404
58823872095049,RV_VST,2408
58823872095049,RV_VST,2412
58823872095049,RV_VST,2416
58823872095049,RV_VST,2420
58823872095049,RV_VST,2424
58823872095049,RV_VST,2428
58823872095049,RV_VST,2432
58823872095049,RV_VST,2436
58823872095049,RV_VST,2440
58823872095049,RV_VST,2444
58823872095049,RV_VST,2448
58823872095049,RV_VST,2452
58823872095049,RV_VST,2456
58823872095049,RV_VST,2460
58823872095049,RV_VST,2464
58823872095049,RV_VST,2468
58823872095049,RV_VST,2472
58823872095049,RV_VST,2476
58823872095049,RV_VST,2480
58823872095049,RV_VST,2484
58823872095049,RV_VST,2488
58823872095049,RV_VST,2492
58823872095049,RV_VST,2496
58823872095049,RV_VST,2500
58823872095049,RV_VST,2504
58823872095049,RV_VST,2508
58823872095049,RV_VST,2512
58823872095049,RV_VST,2516
58823872095049,RV_VST,2520
58823872095049,RV_VST,2524
58823872095049,RV_VST,2528
58823872095049,RV_VST,2532
58823872095049,RV_VST,2536
58823872095049,RV_VST,2540
58823872095049,RV_VST,2544
58823872095049,RV_VST,2548
58823872095049,RV_VST,2552
58823872095049,RV_VST,2556
59923383722836,RV_VLD,2048
59923383722836,RV_VLD,2052
59923383722836,RV_VLD,2056
59923383722836,RV_VLD,2060
59923383722836,RV_VLD,2064
59923383722836,RV_VLD,2068
59923383722836,RV_VLD,2072
59923383722836,RV_VLD,2076
59923383722836,RV_VLD,2080
59923383722836,RV_VLD,2084
59923383722836,RV_VLD,2088
59923383722836,RV_VLD,2092
59923383722836,RV_VLD,2096
59923383722836,RV_VLD,2100
59923383722836,RV_VLD,2104
59923383722836,RV_VLD,2108
59923383722836,RV_VLD,2112
59923383722836,RV_VLD,2116
59923383722836,RV_VLD,2120
59923383722836,RV_VLD,2124
59923383722836,RV_VLD,2128
59923383722836,RV_VLD,2132
59923383722836,RV_VLD,2136
59923383722836,RV_VLD,2140
59923383722836,RV_VLD,2144
59923383722836,RV_VLD,2148
59923383722836,RV_VLD,2152
59923383722836,RV_VLD,2156
59923383722836,RV_VLD,2160
59923383722836,RV_VLD,2164
59923383722836,RV_VLD,2168
59923383722836,RV_VLD,2172
59923383722836,RV_VLD,2176
59923383722836,RV_VLD,2180
59923383722836,RV_VLD,2184
59923383722836,RV_VLD,2188
59923383722836,RV_VLD,2192
59923383722836,RV_VLD,2196
59923383722836,RV_VLD,2200
59923383722836,RV_VLD,2204
59923383722836,RV_VLD,2208
59923383722836,RV_VLD,2212
59923383722836,RV_VLD,2216
59923383722836,RV_VLD,2220
59923383722836,RV_VLD,2224
59923383722836,RV_VLD,2228
59923383722836,RV_VLD,2232
59923383722836,RV_VLD,2236
59923383722836,RV_VLD,2240
59923383722836,RV_VLD,2244
59923383722836,RV_VLD,2248
59923383722836,RV_VLD,2252
59923383722836,RV_VLD,2256
59923383722836,RV_VLD,2260
59923383722836,RV_VLD,2264
59923383722836,RV_VLD,2268
59923383722836,RV_VLD,2272
59923383722836,RV_VLD,2276
59923383722836,RV_VLD,2280
59923383722836,RV_VLD,2284
59923383722836,RV_VLD,2288
59923383722836,RV_VLD,2292
59923383722836,RV_VLD,2296
59923383722836,RV_VLD,2300
59923383722837,RV_VLD,0
59923383722837,RV_VLD,4
59923383722837,RV_VLD,8
59923383722837,RV_VLD,12
59923383722837,RV_VLD,16
59923383722837,RV_VLD,20
59923383722837,RV_VLD,24
59923383722837,RV_VLD,28
59923383722837,RV_VLD,32
59923383722837,RV_VLD,36
59923383722837,RV_VLD,40
59923383722837,RV_VLD,44
59923383722837,RV_VLD,48
59923383722837,RV_VLD,52
59923383722837,RV_VLD,56
59923383722837,RV_VLD,60
59923383722837,RV_VLD,64
59923383722837,RV_VLD,68
59923383722837,RV_VLD,72
59923383722837,RV_VLD,76
59923383722837,RV_VLD,80
59923383722837,RV_VLD,84
59923383722837,RV_VLD,88
59923383722837,RV_VLD,92
59923383722837,RV_VLD,96
59923383722837,RV_VLD,100
59923383722837,RV_VLD,104
59923383722837,RV_VLD,108
59923383722837,RV_VLD,112
59923383722837,RV_VLD,116
59923383722837,RV_VLD,120
59923383722837,RV_VLD,124
59923383722837,RV_VLD,128
59923383722837,RV_VLD,132
59923383722837,RV_VLD,136
59923383722837,RV_VLD,140
59923383722837,RV_VLD,144
59923383722837,RV_VLD,148
59923383722837,RV_VLD,152
59923383722837,RV_VLD,156
59923383722837,RV_VLD,160
59923383722837,RV_VLD,164
59923383722837,RV_VLD,168
59923383722837,RV_VLD,172
59923383722837,RV_VLD,176
59923383722837,RV_VLD,180
59923383722837,RV_VLD,184
59923383722837,RV_VLD,188
59923383722837,RV_VLD,192
59923383722837,RV_VLD,196
59923383722837,RV_VLD,200
59923383722837,RV_VLD,204
59923383722837,RV_VLD,208
59923383722837,RV_VLD,212
59923383722837,RV_VLD,216
59923383722837,RV_VLD,220
59923383722837,RV_VLD,224
59923383722837,RV_VLD,228
59923383722837,RV_VLD,232
59923383722837,RV_VLD,236
59923383722837,RV_VLD,240
59923383722837,RV_VLD,244
59923383722837,RV_VLD,248
59923383722837,RV_VLD,252
58823872095064,RV_VST,2048
58823872095064,RV_VST,2052
58823872095064,RV_VST,2056
58823872095064,RV_VST,2060
58823872095064,RV_VST,2064
58823872095064,RV_VST,2068
58823872095064,RV_VST,2072
58823872095064,RV_VST,2076
58823872095064,RV_VST,2080
58823872095064,RV_VST,2084
58823872095064,RV_VST,2088
58823872095064,RV_VST,2092
58823872095064,RV_VST,2096
58823872095064,RV_VST,2100
58823872095064,RV_VST,2104
58823872095064,RV_VST,2108
58823872095064,RV_VST,2112
58823872095064,RV_VST,2116
58823872095064,RV_VST,2120
58823872095064,RV_VST,2124
58823872095064,RV_VST,2128
58823872095064,RV_VST,2132
58823872095064,RV_VST,2136
58823872095064,RV_VST,2140
58823872095064,RV_VST,2144
58823872095064,RV_VST,2148
58823872095064,RV_VST,2152
58823872095064,RV_VST,2156
58823872095064,RV_VST,2160
58823872095064,RV_VST,2164
58823872095064,RV_VST,2168
58823872095064,RV_VST,2172
58823872095064,RV_VST,2176
58823872095064,RV_VST,2180
58823872095064,RV_VST,2184
58823872095064,RV_VST,2188
58823872095064,RV_VST,2192
58823872095064,RV_VST,2196
58823872095064,RV_VST,2200
58823872095064,RV_VST,2204
58823872095064,RV_VST,2208
58823872095064,RV_VST,2212
58823872095064,RV_VST,2216
58823872095064,RV_VST,2220
58823872095064,RV_VST,2224
58823872095064,RV_VST,2228
58823872095064,RV_VST,2232
58823872095064,RV_VST,2236
58823872095064,RV_VST,2240
58823872095064,RV_VST,2244
58823872095064,RV_VST,2248
58823872095064,RV_VST,2252
58823872095064,RV_VST,2256
58823872095064,RV_VST,2260
58823872095064,RV_VST,2264
58823872095064,RV_VST,2268
58823872095064,RV_VST,2272
58823872095064,RV_VST,2276
58823872095064,RV_VST,2280
58823872095064,RV_VST,2284
58823872095064,RV_VST,2288
58823872095064,RV_VST,2292
58823872095064,RV_VST,2296
58823872095064,RV_VST,2300
59923383722842,RV_VLD,2304
59923383722842,RV_VLD,2308
59923383722842,RV_VLD,2312
59923383722842,RV_VLD,2316
59923383722842,RV_VLD,2320
59923383722842,RV_VLD,2324
59923383722842,RV_VLD,2328
59923383722842,RV_VLD,2332
59923383722842,RV_VLD,2336
59923383722842,RV_VLD,2340
59923383722842,RV_VLD,2344
59923383722842,RV_VLD,2348
59923383722842,RV_VLD,2352
59923383722842,RV_VLD,2356
59923383722842,RV_VLD,2360
59923383722842,RV_VLD,2364
59923383722842,RV_VLD,2368
59923383722842,RV_VLD,2372
59923383722842,RV_VLD,2376
59923383722842,RV_VLD,2380
59923383722842,RV_VLD,2384
59923383722842,RV_VLD,2388
59923383722842,RV_VLD,2392
59923383722842,RV_VLD,2396
59923383722842,RV_VLD,2400
59923383722842,RV_VLD,2404
59923383722842,RV_VLD,2408
59923383722842,RV_VLD,2412
59923383722842,RV_VLD,2416
59923383722842,RV_VLD,2420
59923383722842,RV_VLD,2424
59923383722842,RV_VLD,2428
59923383722842,RV_VLD,2432
59923383722842,RV_VLD,2436
59923383722842,RV_VLD,2440
59923383722842,RV_VLD,2444
59923383722842,RV_VLD,2448
59923383722842,RV_VLD,2452
59923383722842,RV_VLD,2456
59923383722842,RV_VLD,2460
59923383722842,RV_VLD,2464
59923383722842,RV_VLD,2468
59923383722842,RV_VLD,2472
59923383722842,RV_VLD,2476
59923383722842,RV_VLD,2480
59923383722842,RV_VLD,2484
59923383722842,RV_VLD,2488
59923383722842,RV_VLD,2492
59923383722842,RV_VLD,2496
59923383722842,RV_VLD,2500
59923383722842,RV_VLD,2504
59923383722842,RV_VLD,2508
59923383722842,RV_VLD,2512
59923383722842,RV_VLD,2516
59923383722842,RV_VLD,2520
59923383722842,RV_VLD,2524
59923383722842,RV_VLD,2528
59923383722842,RV_VLD,2532
59923383722842,RV_VLD,2536
59923383722842,RV_VLD,2540
59923383722842,RV_VLD,2544
59923383722842,RV_VLD,2548
59923383722842,RV_VLD,2552
59923383722842,RV_VLD,2556
59923383722843,RV_VLD,256
59923383722843,RV_VLD,260
59923383722843,RV_VLD,264
59923383722843,RV_VLD,268
59923383722843,RV_VLD,272
59923383722843,RV_VLD,276
59923383722843,RV_VLD,280
59923383722843,RV_VLD,284
59923383722843,RV_VLD,288
59923383722843,RV_VLD,292
59923383722843,RV_VLD,296
59923383722843,RV_VLD,300
59923383722843,RV_VLD,304
59923383722843,RV_VLD,308
59923383722843,RV_VLD,312
59923383722843,RV_VLD,316
59923383722843,RV_VLD,320
59923383722843,RV_VLD,324
59923383722843,RV_VLD,328
59923383722843,RV_VLD,332
59923383722843,RV_VLD,336
59923383722843,RV_VLD,340
59923383722843,RV_VLD,344
59923383722843,RV_VLD,348
59923383722843,RV_VLD,352
59923383722843,RV_VLD,356
59923383722843,RV_VLD,360
59923383722843,RV_VLD,364
59923383722843,RV_VLD,368
59923383722843,RV_VLD,372
59923383722843,RV_VLD,376
59923383722843,RV_VLD,380
59923383722843,RV_VLD,384
59923383722843,RV_VLD,388
59923383722843,RV_VLD,392
59923383722843,RV_VLD,396
59923383722843,RV_VLD,400
59923383722843,RV_VLD,404
59923383722843,RV_VLD,408
59923383722843,RV_VLD,412
59923383722843,RV_VLD,416
59923383722843,RV_VLD,420
59923383722843,RV_VLD,424
59923383722843,RV_VLD,428
59923383722843,RV_VLD,432
59923383722843,RV_VLD,436
59923383722843,RV_VLD,440
59923383722843,RV_VLD,444
59923383722843,RV_VLD,448
59923383722843,RV_VLD,452
59923383722843,RV_VLD,456
59923383722843,RV_VLD,460
59923383722843,RV_VLD,464
59923383722843,RV_VLD,468
59923383722843,RV_VLD,472
59923383722843,RV_VLD,476
59923383722843,RV_VLD,480
59923383722843,RV_VLD,484
59923383722843,RV_VLD,488
59923383722843,RV_VLD,492
59923383722843,RV_VLD,496
59923383722843,RV_VLD,500
59923383722843,RV_VLD,504
59923383722843,RV_VLD,508
58823872095070,RV_VST,2304
58823872095070,RV_VST,2308
58823872095070,RV_VST,2312
58823872095070,RV_VST,2316
58823872095070,RV_VST,2320
58823872095070,RV_VST,2324
58823872095070,RV_VST,2328
58823872095070,RV_VST,2332
58823872095070,RV_VST,2336
58823872095070,RV_VST,2340
58823872095070,RV_VST,2344
58823872095070,RV_VST,2348
58823872095070,RV_VST,2352
58823872095070,RV_VST,2356
58823872095070,RV_VST,2360
58823872095070,RV_VST,2364
58823872095070,RV_VST,2368
58823872095070,RV_VST,2372
58823872095070,RV_VST,2376
58823872095070,RV_VST,2380
58823872095070,RV_VST,2384
58823872095070,RV_VST,2388
58823872095070,RV_VST,2392
58823872095070,RV_VST,2396
58823872095070,RV_VST,2400
58823872095070,RV_VST,2404
58823872095070,RV_VST,2408
58823872095070,RV_VST,2412
58823872095070,RV_VST,2416
58823872095070,RV_VST,2420
58823872095070,RV_VST,2424
58823872095070,RV_VST,2428
58823872095070,RV_VST,2432
58823872095070,RV_VST,2436
58823872095070,RV_VST,2440
58823872095070,RV_VST,2444
58823872095070,RV_VST,2448
58823872095070,RV_VST,2452
58823872095070,RV_VST,2456
58823872095070,RV_VST,2460
58823872095070,RV_VST,2464
58823872095070,RV_VST,2468
58823872095070,RV_VST,2472
58823872095070,RV_VST,2476
58823872095070,RV_VST,2480
58823872095070,RV_VST,2484
58823872095070,RV_VST,2488
58823872095070,RV_VST,2492
58823872095070,RV_VST,2496
58823872095070,RV_VST,2500
58823872095070,RV_VST,2504
58823872095070,RV_VST,2508
58823872095070,RV_VST,2512
58823872095070,RV_VST,2516
58823872095070,RV_VST,2520
58823872095070,RV_VST,2524
58823872095070,RV_VST,2528
58823872095070,RV_VST,2532
58823872095070,RV_VST,2536
58823872095070,RV_VST,2540
58823872095070,RV_VST,2544
58823872095070,RV_VST,2548
58823872095070,RV_VST,2552
58823872095070,RV_VST,2556
59923383722857,RV_VLD,2048
59923383722857,RV_VLD,2052
59923383722857,RV_VLD,2056
59923383722857,RV_VLD,2060
59923383722857,RV_VLD,2064
59923383722857,RV_VLD,2068
59923383722857,RV_VLD,2072
59923383722857,RV_VLD,2076
59923383722857,RV_VLD,2080
59923383722857,RV_VLD,2084
59923383722857,RV_VLD,2088
59923383722857,RV_VLD,2092
59923383722857,RV_VLD,2096
59923383722857,RV_VLD,2100
59923383722857,RV_VLD,2104
59923383722857,RV_VLD,2108
59923383722857,RV_VLD,2112
59923383722857,RV_VLD,2116
59923383722857,RV_VLD,2120
59923383722857,RV_VLD,2124
59923383722857,RV_VLD,2128
59923383722857,RV_VLD,2132
59923383722857,RV_VLD,2136
59923383722857,RV_VLD,2140
59923383722857,RV_VLD,2144
59923383722857,RV_VLD,2148
59923383722857,RV_VLD,2152
59923383722857,RV_VLD,2156
59923383722857,RV_VLD,2160
59923383722857,RV_VLD,2164
59923383722857,RV_VLD,2168
59923383722857,RV_VLD,2172
59923383722857,RV_VLD,2176
59923383722857,RV_VLD,2180
59923383722857,RV_VLD,2184
59923383722857,RV_VLD,2188
59923383722857,RV_VLD,2192
59923383722857,RV_VLD,2196
59923383722857,RV_VLD,2200
59923383722857,RV_VLD,2204
59923383722857,RV_VLD,2208
59923383722857,RV_VLD,2212
59923383722857,RV_VLD,2216
59923383722857,RV_VLD,2220
59923383722857,RV_VLD,2224
59923383722857,RV_VLD,2228
59923383722857,RV_VLD,2232
59923383722857,RV_VLD,2236
59923383722857,RV_VLD,2240
59923383722857,RV_VLD,2244
59923383722857,RV_VLD,2248
59923383722857,RV_VLD,2252
59923383722857,RV_VLD,2256
59923383722857,RV_VLD,2260
59923383722857,RV_VLD,2264
59923383722857,RV_VLD,2268
59923383722857,RV_VLD,2272
59923383722857,RV_VLD,2276
59923383722857,RV_VLD,2280
59923383722857,RV_VLD,2284
59923383722857,RV_VLD,2288
59923383722857,RV_VLD,2292
59923383722857,RV_VLD,2296
59923383722857,RV_VLD,2300
58823872095085,RV_VST,2048
58823872095085,RV_VST,2052
58823872095085,RV_VST,2056
58823872095085,RV_VST,2060
58823872095085,RV_VST,2064
58823872095085,RV_VST,2068
58823872095085,RV_VST,2072
58823872095085,RV_VST,2076
58823872095085,RV_VST,2080
58823872095085,RV_VST,2084
58823872095085,RV_VST,2088
58823872095085,RV_VST,2092
58823872095085,RV_VST,2096
58823872095085,RV_VST,2100
58823872095085,RV_VST,2104
58823872095085,RV_VST,2108
58823872095085,RV_VST,2112
58823872095085,RV_VST,2116
58823872095085,RV_VST,2120
58823872095085,RV_VST,2124
58823872095085,RV_VST,2128
58823872095085,RV_VST,2132
58823872095085,RV_VST,2136
58823872095085,RV_VST,2140
58823872095085,RV_VST,2144
58823872095085,RV_VST,2148
58823872095085,RV_VST,2152
58823872095085,RV_VST,2156
58823872095085,RV_VST,2160
58823872095085,RV_VST,2164
58823872095085,RV_VST,2168
58823872095085,RV_VST,2172
58823872095085,RV_VST,2176
58823872095085,RV_VST,2180
58823872095085,RV_VST,2184
58823872095085,RV_VST,2188
58823872095085,RV_VST,2192
58823872095085,RV_VST,2196
58823872095085,RV_VST,2200
58823872095085,RV_VST,2204
58823872095085,RV_VST,2208
58823872095085,RV_VST,2212
58823872095085,RV_VST,2216
58823872095085,RV_VST,2220
58823872095085,RV_VST,2224
58823872095085,RV_VST,2228
58823872095085,RV_VST,2232
58823872095085,RV_VST,2236
58823872095085,RV_VST,2240
58823872095085,RV_VST,2244
58823872095085,RV_VST,2248
58823872095085,RV_VST,2252
58823872095085,RV_VST,2256
58823872095085,RV_VST,2260
58823872095085,RV_VST,2264
58823872095085,RV_VST,2268
58823872095085,RV_VST,2272
58823872095085,RV_VST,2276
58823872095085,RV_VST,2280
58823872095085,RV_VST,2284
58823872095085,RV_VST,2288
58823872095085,RV_VST,2292
58823872095085,RV_VST,2296
58823872095085,RV_VST,2300
59923383722863,RV_VLD,2304
59923383722863,RV_VLD,2308
59923383722863,RV_VLD,2312
59923383722863,RV_VLD,2316
59923383722863,RV_VLD,2320
59923383722863,RV_VLD,2324
59923383722863,RV_VLD,2328
59923383722863,RV_VLD,2332
59923383722863,RV_VLD,2336
59923383722863,RV_VLD,2340
59923383722863,RV_VLD,2344
59923383722863,RV_VLD,2348
59923383722863,RV_VLD,2352
59923383722863,RV_VLD,2356
59923383722863,RV_VLD,2360
59923383722863,RV_VLD,2364
59923383722863,RV_VLD,2368
59923383722863,RV_VLD,2372
59923383722863,RV_VLD,2376
59923383722863,RV_VLD,2380
59923383722863,RV_VLD,2384
59923383722863,RV_VLD,2388
59923383722863,RV_VLD,2392
59923383722863,RV_VLD,2396
59923383722863,RV_VLD,2400
59923383722863,RV_VLD,2404
59923383722863,RV_VLD,2408
59923383722863,RV_VLD,2412
59923383722863,RV_VLD,2416
59923383722863,RV_VLD,2420
59923383722863,RV_VLD,2424
59923383722863,RV_VLD,2428
59923383722863,RV_VLD,2432
59923383722863,RV_VLD,2436
59923383722863,RV_VLD,2440
59923383722863,RV_VLD,2444
59923383722863,RV_VLD,2448
59923383722863,RV_VLD,2452
59923383722863,RV_VLD,2456
59923383722863,RV_VLD,2460
59923383722863,RV_VLD,2464
59923383722863,RV_VLD,2468
59923383722863,RV_VLD,2472
59923383722863,RV_VLD,2476
59923383722863,RV_VLD,2480
59923383722863,RV_VLD,2484
59923383722863,RV_VLD,2488
59923383722863,RV_VLD,2492
59923383722863,RV_VLD,2496
59923383722863,RV_VLD,2500
59923383722863,RV_VLD,2504
59923383722863,RV_VLD,2508
59923383722863,RV_VLD,2512
59923383722863,RV_VLD,2516
59923383722863,RV_VLD,2520
59923383722863,RV_VLD,2524
59923383722863,RV_VLD,2528
59923383722863,RV_VLD,2532
59923383722863,RV_VLD,2536
59923383722863,RV_VLD,2540
59923383722863,RV_VLD,2544
59923383722863,RV_VLD,2548
59923383722863,RV_VLD,2552
59923383722863,RV_VLD,2556
58823872095091,RV_VST,2304
58823872095091,RV_VST,2308
58823872095091,RV_VST,2312
58823872095091,RV_VST,2316
58823872095091,RV_VST,2320
58823872095091,RV_VST,2324
58823872095091,RV_VST,2328
58823872095091,RV_VST,2332
58823872095091,RV_VST,2336
58823872095091,RV_VST,2340
58823872095091,RV_VST,2344
58823872095091,RV_VST,2348
58823872095091,RV_VST,2352
58823872095091,RV_VST,2356
58823872095091,RV_VST,2360
58823872095091,RV_VST,2364
58823872095091,RV_VST,2368
58823872095091,RV_VST,2372
58823872095091,RV_VST,2376
58823872095091,RV_VST,2380
58823872095091,RV_VST,2384
58823872095091,RV_VST,2388
58823872095091,RV_VST,2392
58823872095091,RV_VST,2396
58823872095091,RV_VST,2400
58823872095091,RV_VST,2404
58823872095091,RV_VST,2408
58823872095091,RV_VST,2412
58823872095091,RV_VST,2416
58823872095091,RV_VST,2420
58823872095091,RV_VST,2424
58823872095091,RV_VST,2428
58823872095091,RV_VST,2432
58823872095091,RV_VST,2436
58823872095091,RV_VST,2440
58823872095091,RV_VST,2444
58823872095091,RV_VST,2448
58823872095091,RV_VST,2452
58823872095091,RV_VST,2456
58823872095091,RV_VST,2460
58823872095091,RV_VST,2464
58823872095091,RV_VST,2468
58823872095091,RV_VST,2472
58823872095091,RV_VST,2476
58823872095091,RV_VST,2480
58823872095091,RV_VST,2484
58823872095091,RV_VST,2488
58823872095091,RV_VST,2492
58823872095091,RV_VST,2496
58823872095091,RV_VST,2500
58823872095091,RV_VST,2504
58823872095091,RV_VST,2508
58823872095091,RV_VST,2512
58823872095091,RV_VST,2516
58823872095091,RV_VST,2520
58823872095091,RV_VST,2524
58823872095091,RV_VST,2528
58823872095091,RV_VST,2532
58823872095091,RV_VST,2536
58823872095091,RV_VST,2540
58823872095091,RV_VST,2544
58823872095091,RV_VST,2548
58823872095091,RV_VST,2552
58823872095091,RV_VST,2556
59923383722878,RV_VLD,0
59923383722878,RV_VLD,4
59923383722878,RV_VLD,8
59923383722878,RV_VLD,12
59923383722878,RV_VLD,16
59923383722878,RV_VLD,20
59923383722878,RV_VLD,24
59923383722878,RV_VLD,28
59923383722878,RV_VLD,32
59923383722878,RV_VLD,36
59923383722878,RV_VLD,40
59923383722878,RV_VLD,44
59923383722878,RV_VLD,48
59923383722878,RV_VLD,52
59923383722878,RV_VLD,56
59923383722878,RV_VLD,60
59923383722878,RV_VLD,64
59923383722878,RV_VLD,68
59923383722878,RV_VLD,72
59923383722878,RV_VLD,76
59923383722878,RV_VLD,80
59923383722878,RV_VLD,84
59923383722878,RV_VLD,88
59923383722878,RV_VLD,92
59923383722878,RV_VLD,96
59923383722878,RV_VLD,100
59923383722878,RV_VLD,104
59923383722878,RV_VLD,108
59923383722878,RV_VLD,112
59923383722878,RV_VLD,116
59923383722878,RV_VLD,120
59923383722878,RV_VLD,124
59923383722878,RV_VLD,128
59923383722878,RV_VLD,132
59923383722878,RV_VLD,136
59923383722878,RV_VLD,140
59923383722878,RV_VLD,144
59923383722878,RV_VLD,148
59923383722878,RV_VLD,152
59923383722878,RV_VLD,156
59923383722878,RV_VLD,160
59923383722878,RV_VLD,164
59923383722878,RV_VLD,168
59923383722878,RV_VLD,172
59923383722878,RV_VLD,176
59923383722878,RV_VLD,180
59923383722878,RV_VLD,184
59923383722878,RV_VLD,188
59923383722878,RV_VLD,192
59923383722878,RV_VLD,196
59923383722878,RV_VLD,200
59923383722878,RV_VLD,204
59923383722878,RV_VLD,208
59923383722878,RV_VLD,212
59923383722878,RV_VLD,216
59923383722878,RV_VLD,220
59923383722878,RV_VLD,224
59923383722878,RV_VLD,228
59923383722878,RV_VLD,232
59923383722878,RV_VLD,236
59923383722878,RV_VLD,240
59923383722878,RV_VLD,244
59923383722878,RV_VLD,248
59923383722878,RV_VLD,252
59923383722879,RV_VLD,2048
59923383722879,RV_VLD,2052
59923383722879,RV_VLD,2056
59923383722879,RV_VLD,2060
59923383722879,RV_VLD,2064
59923383722879,RV_VLD,2068
59923383722879,RV_VLD,2072
59923383722879,RV_VLD,2076
59923383722879,RV_VLD,2080
59923383722879,RV_VLD,2084
59923383722879,RV_VLD,2088
59923383722879,RV_VLD,2092
59923383722879,RV_VLD,2096
59923383722879,RV_VLD,2100
59923383722879,RV_VLD,2104
59923383722879,RV_VLD,2108
59923383722879,RV_VLD,2112
59923383722879,RV_VLD,2116
59923383722879,RV_VLD,2120
59923383722879,RV_VLD,2124
59923383722879,RV_VLD,2128
59923383722879,RV_VLD,2132
59923383722879,RV_VLD,2136
59923383722879,RV_VLD,2140
59923383722879,RV_VLD,2144
59923383722879,RV_VLD,2148
59923383722879,RV_VLD,2152
59923383722879,RV_VLD,2156
59923383722879,RV_VLD,2160
59923383722879,RV_VLD,2164
59923383722879,RV_VLD,2168
59923383722879,RV_VLD,2172
59923383722879,RV_VLD,2176
59923383722879,RV_VLD,2180
59923383722879,RV_VLD,2184
59923383722879,RV_VLD,2188
59923383722879,RV_VLD,2192
59923383722879,RV_VLD,2196
59923383722879,RV_VLD,2200
59923383722879,RV_VLD,2204
59923383722879,RV_VLD,2208
59923383722879,RV_VLD,2212
59923383722879,RV_VLD,2216
59923383722879,RV_VLD,2220
59923383722879,RV_VLD,2224
59923383722879,RV_VLD,2228
59923383722879,RV_VLD,2232
59923383722879,RV_VLD,2236
59923383722879,RV_VLD,2240
59923383722879,RV_VLD,2244
59923383722879,RV_VLD,2248
59923383722879,RV_VLD,2252
59923383722879,RV_VLD,2256
59923383722879,RV_VLD,2260
59923383722879,RV_VLD,2264
59923383722879,RV_VLD,2268
59923383722879,RV_VLD,2272
59923383722879,RV_VLD,2276
59923383722879,RV_VLD,2280
59923383722879,RV_VLD,2284
59923383722879,RV_VLD,2288
59923383722879,RV_VLD,2292
59923383722879,RV_VLD,2296
59923383722879,RV_VLD,2300
58823872095106,RV_VST,2048
58823872095106,RV_VST,2052
58823872095106,RV_VST,2056
58823872095106,RV_VST,2060
58823872095106,RV_VST,2064
58823872095106,RV_VST,2068
58823872095106,RV_VST,2072
58823872095106,RV_VST,2076
58823872095106,RV_VST,2080
58823872095106,RV_VST,2084
58823872095106,RV_VST,2088
58823872095106,RV_VST,2092
58823872095106,RV_VST,2096
58823872095106,RV_VST,2100
58823872095106,RV_VST,2104
58823872095106,RV_VST,2108
58823872095106,RV_VST,2112
58823872095106,RV_VST,2116
58823872095106,RV_VST,2120
58823872095106,RV_VST,2124
58823872095106,RV_VST,2128
58823872095106,RV_VST,2132
58823872095106,RV_VST,2136
58823872095106,RV_VST,2140
58823872095106,RV_VST,2144
58823872095106,RV_VST,2148
58823872095106,RV_VST,2152
58823872095106,RV_VST,2156
58823872095106,RV_VST,2160
58823872095106,RV_VST,2164
58823872095106,RV_VST,2168
58823872095106,RV_VST,2172
58823872095106,RV_VST,2176
58823872095106,RV_VST,2180
58823872095106,RV_VST,2184
58823872095106,RV_VST,2188
58823872095106,RV_VST,2192
58823872095106,RV_VST,2196
58823872095106,RV_VST,2200
58823872095106,RV_VST,2204
58823872095106,RV_VST,2208
58823872095106,RV_VST,2212
58823872095106,RV_VST,2216
58823872095106,RV_VST,2220
58823872095106,RV_VST,2224
58823872095106,RV_VST,2228
58823872095106,RV_VST,2232
58823872095106,RV_VST,2236
58823872095106,RV_VST,2240
58823872095106,RV_VST,2244
58823872095106,RV_VST,2248
58823872095106,RV_VST,2252
58823872095106,RV_VST,2256
58823872095106,RV_VST,2260
58823872095106,RV_VST,2264
58823872095106,RV_VST,2268
58823872095106,RV_VST,2272
58823872095106,RV_VST,2276
58823872095106,RV_VST,2280
58823872095106,RV_VST,2284
58823872095106,RV_VST,2288
58823872095106,RV_VST,2292
58823872095106,RV_VST,2296
58823872095106,RV_VST,2300
59923383722884,RV_VLD,256
59923383722884,RV_VLD,260
59923383722884,RV_VLD,264
59923383722884,RV_VLD,268
59923383722884,RV_VLD,272
59923383722884,RV_VLD,276
59923383722884,RV_VLD,280
59923383722884,RV_VLD,284
59923383722884,RV_VLD,288
59923383722884,RV_VLD,292
59923383722884,RV_VLD,296
59923383722884,RV_VLD,300
59923383722884,RV_VLD,304
59923383722884,RV_VLD,308
59923383722884,RV_VLD,312
59923383722884,RV_VLD,316
59923383722884,RV_VLD,320
59923383722884,RV_VLD,324
59923383722884,RV_VLD,328
59923383722884,RV_VLD,332
59923383722884,RV_VLD,336
59923383722884,RV_VLD,340
59923383722884,RV_VLD,344
59923383722884,RV_VLD,348
59923383722884,RV_VLD,352
59923383722884,RV_VLD,356
59923383722884,RV_VLD,360
59923383722884,RV_VLD,364
59923383722884,RV_VLD,368
59923383722884,RV_VLD,372
59923383722884,RV_VLD,376
59923383722884,RV_VLD,380
59923383722884,RV_VLD,384
59923383722884,RV_VLD,388
59923383722884,RV_VLD,392
59923383722884,RV_VLD,396
59923383722884,RV_VLD,400
59923383722884,RV_VLD,404
59923383722884,RV_VLD,408
59923383722884,RV_VLD,412
59923383722884,RV_VLD,416
59923383722884,RV_VLD,420
59923383722884,RV_VLD,424
59923383722884,RV_VLD,428
59923383722884,RV_VLD,432
59923383722884,RV_VLD,436
59923383722884,RV_VLD,440
59923383722884,RV_VLD,444
59923383722884,RV_VLD,448
59923383722884,RV_VLD,452
59923383722884,RV_VLD,456
59923383722884,RV_VLD,460
59923383722884,RV_VLD,464
59923383722884,RV_VLD,468
59923383722884,RV_VLD,472
59923383722884,RV_VLD,476
59923383722884,RV_VLD,480
59923383722884,RV_VLD,484
59923383722884,RV_VLD,488
59923383722884,RV_VLD,492
59923383722884,RV_VLD,496
59923383722884,RV_VLD,500
59923383722884,RV_VLD,504
59923383722884,RV_VLD,508
59923383722885,RV_VLD,2304
59923383722885,RV_VLD,2308
59923383722885,RV_VLD,2312
59923383722885,RV_VLD,2316
59923383722885,RV_VLD,2320
59923383722885,RV_VLD,2324
59923383722885,RV_VLD,2328
59923383722885,RV_VLD,2332
59923383722885,RV_VLD,2336
59923383722885,RV_VLD,2340
59923383722885,RV_VLD,2344
59923383722885,RV_VLD,2348
59923383722885,RV_VLD,2352
59923383722885,RV_VLD,2356
59923383722885,RV_VLD,2360
59923383722885,RV_VLD,2364
59923383722885,RV_VLD,2368
59923383722885,RV_VLD,2372
59923383722885,RV_VLD,2376
59923383722885,RV_VLD,2380
59923383722885,RV_VLD,2384
59923383722885,RV_VLD,2388
59923383722885,RV_VLD,2392
59923383722885,RV_VLD,2396
59923383722885,RV_VLD,2400
59923383722885,RV_VLD,2404
59923383722885,RV_VLD,2408
59923383722885,RV_VLD,2412
59923383722885,RV_VLD,2416
59923383722885,RV_VLD,2420
59923383722885,RV_VLD,2424
59923383722885,RV_VLD,2428
59923383722885,RV_VLD,2432
59923383722885,RV_VLD,2436
59923383722885,RV_VLD,2440
59923383722885,RV_VLD,2444
59923383722885,RV_VLD,2448
59923383722885,RV_VLD,2452
59923383722885,RV_VLD,2456
59923383722885,RV_VLD,2460
59923383722885,RV_VLD,2464
59923383722885,RV_VLD,2468
59923383722885,RV_VLD,2472
59923383722885,RV_VLD,2476
59923383722885,RV_VLD,2480
59923383722885,RV_VLD,2484
59923383722885,RV_VLD,2488
59923383722885,RV_VLD,2492
59923383722885,RV_VLD,2496
59923383722885,RV_VLD,2500
59923383722885,RV_VLD,2504
59923383722885,RV_VLD,2508
59923383722885,RV_VLD,2512
59923383722885,RV_VLD,2516
59923383722885,RV_VLD,2520
59923383722885,RV_VLD,2524
59923383722885,RV_VLD,2528
59923383722885,RV_VLD,2532
59923383722885,RV_VLD,2536
59923383722885,RV_VLD,2540
59923383722885,RV_VLD,2544
59923383722885,RV_VLD,2548
59923383722885,RV_VLD,2552
59923383722885,RV_VLD,2556
58823872095112,RV_VST,2304
58823872095112,RV_VST,2308
58823872095112,RV_VST,2312
58823872095112,RV_VST,2316
58823872095112,RV_VST,2320
58823872095112,RV_VST,2324
58823872095112,RV_VST,2328
58823872095112,RV_VST,2332
58823872095112,RV_VST,2336
58823872095112,RV_VST,2340
58823872095112,RV_VST,2344
58823872095112,RV_VST,2348
58823872095112,RV_VST,2352
58823872095112,RV_VST,2356
58823872095112,RV_VST,2360
58823872095112,RV_VST,2364
58823872095112,RV_VST,2368
58823872095112,RV_VST,2372
58823872095112,RV_VST,2376
58823872095112,RV_VST,2380
58823872095112,RV_VST,2384
58823872095112,RV_VST,2388
58823872095112,RV_VST,2392
58823872095112,RV_VST,2396
58823872095112,RV_VST,2400
58823872095112,RV_VST,2404
58823872095112,RV_VST,2408
58823872095112,RV_VST,2412
58823872095112,RV_VST,2416
58823872095112,RV_VST,2420
58823872095112,RV_VST,2424
58823872095112,RV_VST,2428
58823872095112,RV_VST,2432
58823872095112,RV_VST,2436
58823872095112,RV_VST,2440
58823872095112,RV_VST,2444
58823872095112,RV_VST,2448
58823872095112,RV_VST,2452
58823872095112,RV_VST,2456
58823872095112,RV_VST,2460
58823872095112,RV_VST,2464
58823872095112,RV_VST,2468
58823872095112,RV_VST,2472
58823872095112,RV_VST,2476
58823872095112,RV_VST,2480
58823872095112,RV_VST,2484
58823872095112,RV_VST,2488
58823872095112,RV_VST,2492
58823872095112,RV_VST,2496
58823872095112,RV_VST,2500
58823872095112,RV_VST,2504
58823872095112,RV_VST,2508
58823872095112,RV_VST,2512
58823872095112,RV_VST,2516
58823872095112,RV_VST,2520
58823872095112,RV_VST,2524
58823872095112,RV_VST,2528
58823872095112,RV_VST,2532
58823872095112,RV_VST,2536
58823872095112,RV_VST,2540
58823872095112,RV_VST,2544
58823872095112,RV_VST,2548
58823872095112,RV_VST,2552
58823872095112,RV_VST,2556
59923383722903,RV_VLD,0
59923383722903,RV_VLD,4
59923383722903,RV_VLD,8
59923383722903,RV_VLD,12
59923383722903,RV_VLD,16
59923383722903,RV_VLD,20
59923383722903,RV_VLD,24
59923383722903,RV_VLD,28
59923383722903,RV_VLD,32
59923383722903,RV_VLD,36
59923383722903,RV_VLD,40
59923383722903,RV_VLD,44
59923383722903,RV_VLD,48
59923383722903,RV_VLD,52
59923383722903,RV_VLD,56
59923383722903,RV_VLD,60
59923383722903,RV_VLD,64
59923383722903,RV_VLD,68
59923383722903,RV_VLD,72
59923383722903,RV_VLD,76
59923383722903,RV_VLD,80
59923383722903,RV_VLD,84
59923383722903,RV_VLD,88
59923383722903,RV_VLD,92
59923383722903,RV_VLD,96
59923383722903,RV_VLD,100
59923383722903,RV_VLD,104
59923383722903,RV_VLD,108
59923383722903,RV_VLD,112
59923383722903,RV_VLD,116
59923383722903,RV_VLD,120
59923383722903,RV_VLD,124
59923383722903,RV_VLD,128
59923383722903,RV_VLD,132
59923383722903,RV_VLD,136
59923383722903,RV_VLD,140
59923383722903,RV_VLD,144
59923383722903,RV_VLD,148
59923383722903,RV_VLD,152
59923383722903,RV_VLD,156
59923383722903,RV_VLD,160
59923383722903,RV_VLD,164
59923383722903,RV_VLD,168
59923383722903,RV_VLD,172
59923383722903,RV_VLD,176
59923383722903,RV_VLD,180
59923383722903,RV_VLD,184
59923383722903,RV_VLD,188
59923383722903,RV_VLD,192
59923383722903,RV_VLD,196
59923383722903,RV_VLD,200
59923383722903,RV_VLD,204
59923383722903,RV_VLD,208
59923383722903,RV_VLD,212
59923383722903,RV_VLD,216
59923383722903,RV_VLD,220
59923383722903,RV_VLD,224
59923383722903,RV_VLD,228
59923383722903,RV_VLD,232
59923383722903,RV_VLD,236
59923383722903,RV_VLD,240
59923383722903,RV_VLD,244
59923383722903,RV_VLD,248
59923383722903,RV_VLD,252
59923383722904,RV_VLD,2048
59923383722904,RV_VLD,2052
59923383722904,RV_VLD,2056
59923383722904,RV_VLD,2060
59923383722904,RV_VLD,2064
59923383722904,RV_VLD,2068
59923383722904,RV_VLD,2072
59923383722904,RV_VLD,2076
59923383722904,RV_VLD,2080
59923383722904,RV_VLD,2084
59923383722904,RV_VLD,2088
59923383722904,RV_VLD,2092
59923383722904,RV_VLD,2096
59923383722904,RV_VLD,2100
59923383722904,RV_VLD,2104
59923383722904,RV_VLD,2108
59923383722904,RV_VLD,2112
59923383722904,RV_VLD,2116
59923383722904,RV_VLD,2120
59923383722904,RV_VLD,2124
59923383722904,RV_VLD,2128
59923383722904,RV_VLD,2132
59923383722904,RV_VLD,2136
59923383722904,RV_VLD,2140
59923383722904,RV_VLD,2144
59923383722904,RV_VLD,2148
59923383722904,RV_VLD,2152
59923383722904,RV_VLD,2156
59923383722904,RV_VLD,2160
59923383722904,RV_VLD,2164
59923383722904,RV_VLD,2168
59923383722904,RV_VLD,2172
59923383722904,RV_VLD,2176
59923383722904,RV_VLD,2180
59923383722904,RV_VLD,2184
59923383722904,RV_VLD,2188
59923383722904,RV_VLD,2192
59923383722904,RV_VLD,2196
59923383722904,RV_VLD,2200
59923383722904,RV_VLD,2204
59923383722904,RV_VLD,2208
59923383722904,RV_VLD,2212
59923383722904,RV_VLD,2216
59923383722904,RV_VLD,2220
59923383722904,RV_VLD,2224
59923383722904,RV_VLD,2228
59923383722904,RV_VLD,2232
59923383722904,RV_VLD,2236
59923383722904,RV_VLD,2240
59923383722904,RV_VLD,2244
59923383722904,RV_VLD,2248
59923383722904,RV_VLD,2252
59923383722904,RV_VLD,2256
59923383722904,RV_VLD,2260
59923383722904,RV_VLD,2264
59923383722904,RV_VLD,2268
59923383722904,RV_VLD,2272
59923383722904,RV_VLD,2276
59923383722904,RV_VLD,2280
59923383722904,RV_VLD,2284
59923383722904,RV_VLD,2288
59923383722904,RV_VLD,2292
59923383722904,RV_VLD,2296
59923383722904,RV_VLD,2300
58823872095131,RV_VST,1024
58823872095131,RV_VST,1028
58823872095131,RV_VST,1032
58823872095131,RV_VST,1036
58823872095131,RV_VST,1040
58823872095131,RV_VST,1044
58823872095131,RV_VST,1048
58823872095131,RV_VST,1052
58823872095131,RV_VST,1056
58823872095131,RV_VST,1060
58823872095131,RV_VST,1064
58823872095131,RV_VST,1068
58823872095131,RV_VST,1072
58823872095131,RV_VST,1076
58823872095131,RV_VST,1080
58823872095131,RV_VST,1084
58823872095131,RV_VST,1088
58823872095131,RV_VST,1092
58823872095131,RV_VST,1096
58823872095131,RV_VST,1100
58823872095131,RV_VST,1104
58823872095131,RV_VST,1108
58823872095131,RV_VST,1112
58823872095131,RV_VST,1116
58823872095131,RV_VST,1120
58823872095131,RV_VST,1124
58823872095131,RV_VST,1128
58823872095131,RV_VST,1132
58823872095131,RV_VST,1136
58823872095131,RV_VST,1140
58823872095131,RV_VST,1144
58823872095131,RV_VST,1148
58823872095131,RV_VST,1152
58823872095131,RV_VST,1156
58823872095131,RV_VST,1160
58823872095131,RV_VST,1164
58823872095131,RV_VST,1168
58823872095131,RV_VST,1172
58823872095131,RV_VST,1176
58823872095131,RV_VST,1180
58823872095131,RV_VST,1184
58823872095131,RV_VST,1188
58823872095131,RV_VST,1192
58823872095131,RV_VST,1196
58823872095131,RV_VST,1200
58823872095131,RV_VST,1204
58823872095131,RV_VST,1208
58823872095131,RV_VST,1212
58823872095131,RV_VST,1216
58823872095131,RV_VST,1220
58823872095131,RV_VST,1224
58823872095131,RV_VST,1228
58823872095131,RV_VST,1232
58823872095131,RV_VST,1236
58823872095131,RV_VST,1240
58823872095131,RV_VST,1244
58823872095131,RV_VST,1248
58823872095131,RV_VST,1252
58823872095131,RV_VST,1256
58823872095131,RV_VST,1260
58823872095131,RV_VST,1264
58823872095131,RV_VST,1268
58823872095131,RV_VST,1272
58823872095131,RV_VST,1276
59923383722908,RV_VLD,256
59923383722908,RV_VLD,260
59923383722908,RV_VLD,264
59923383722908,RV_VLD,268
59923383722908,RV_VLD,272
59923383722908,RV_VLD,276
59923383722908,RV_VLD,280
59923383722908,RV_VLD,284
59923383722908,RV_VLD,288
59923383722908,RV_VLD,292
59923383722908,RV_VLD,296
59923383722908,RV_VLD,300
59923383722908,RV_VLD,304
59923383722908,RV_VLD,308
59923383722908,RV_VLD,312
59923383722908,RV_VLD,316
59923383722908,RV_VLD,320
59923383722908,RV_VLD,324
59923383722908,RV_VLD,328
59923383722908,RV_VLD,332
59923383722908,RV_VLD,336
59923383722908,RV_VLD,340
59923383722908,RV_VLD,344
59923383722908,RV_VLD,348
59923383722908,RV_VLD,352
59923383722908,RV_VLD,356
59923383722908,RV_VLD,360
59923383722908,RV_VLD,364
59923383722908,RV_VLD,368
59923383722908,RV_VLD,372
59923383722908,RV_VLD,376
59923383722908,RV_VLD,380
59923383722908,RV_VLD,384
59923383722908,RV_VLD,388
59923383722908,RV_VLD,392
59923383722908,RV_VLD,396
59923383722908,RV_VLD,400
59923383722908,RV_VLD,404
59923383722908,RV_VLD,408
59923383722908,RV_VLD,412
59923383722908,RV_VLD,416
59923383722908,RV_VLD,420
59923383722908,RV_VLD,424
59923383722908,RV_VLD,428
59923383722908,RV_VLD,432
59923383722908,RV_VLD,436
59923383722908,RV_VLD,440
59923383722908,RV_VLD,444
59923383722908,RV_VLD,448
59923383722908,RV_VLD,452
59923383722908,RV_VLD,456
59923383722908,RV_VLD,460
59923383722908,RV_VLD,464
59923383722908,RV_VLD,468
59923383722908,RV_VLD,472
59923383722908,RV_VLD,476
59923383722908,RV_VLD,480
59923383722908,RV_VLD,484
59923383722908,RV_VLD,488
59923383722908,RV_VLD,492
59923383722908,RV_VLD,496
59923383722908,RV_VLD,500
59923383722908,RV_VLD,504
59923383722908,RV_VLD,508
59923383722909,RV_VLD,2304
59923383722909,RV_VLD,2308
59923383722909,RV_VLD,2312
59923383722909,RV_VLD,2316
59923383722909,RV_VLD,2320
59923383722909,RV_VLD,2324
59923383722909,RV_VLD,2328
59923383722909,RV_VLD,2332
59923383722909,RV_VLD,2336
59923383722909,RV_VLD,2340
59923383722909,RV_VLD,2344
59923383722909,RV_VLD,2348
59923383722909,RV_VLD,2352
59923383722909,RV_VLD,2356
59923383722909,RV_VLD,2360
59923383722909,RV_VLD,2364
59923383722909,RV_VLD,2368
59923383722909,RV_VLD,2372
59923383722909,RV_VLD,2376
59923383722909,RV_VLD,2380
59923383722909,RV_VLD,2384
59923383722909,RV_VLD,2388
59923383722909,RV_VLD,2392
59923383722909,RV_VLD,2396
59923383722909,RV_VLD,2400
59923383722909,RV_VLD,2404
59923383722909,RV_VLD,2408
59923383722909,RV_VLD,2412
59923383722909,RV_VLD,2416
59923383722909,RV_VLD,2420
59923383722909,RV_VLD,2424
59923383722909,RV_VLD,2428
59923383722909,RV_VLD,2432
59923383722909,RV_VLD,2436
59923383722909,RV_VLD,2440
59923383722909,RV_VLD,2444
59923383722909,RV_VLD,2448
59923383722909,RV_VLD,2452
59923383722909,RV_VLD,2456
59923383722909,RV_VLD,2460
59923383722909,RV_VLD,2464
59923383722909,RV_VLD,2468
59923383722909,RV_VLD,2472
59923383722909,RV_VLD,2476
59923383722909,RV_VLD,2480
59923383722909,RV_VLD,2484
59923383722909,RV_VLD,2488
59923383722909,RV_VLD,2492
59923383722909,RV_VLD,2496
59923383722909,RV_VLD,2500
59923383722909,RV_VLD,2504
59923383722909,RV_VLD,2508
59923383722909,RV_VLD,2512
59923383722909,RV_VLD,2516
59923383722909,RV_VLD,2520
59923383722909,RV_VLD,2524
59923383722909,RV_VLD,2528
59923383722909,RV_VLD,2532
59923383722909,RV_VLD,2536
59923383722909,RV_VLD,2540
59923383722909,RV_VLD,2544
59923383722909,RV_VLD,2548
59923383722909,RV_VLD,2552
59923383722909,RV_VLD,2556
58823872095136,RV_VST,1280
58823872095136,RV_VST,1284
58823872095136,RV_VST,1288
58823872095136,RV_VST,1292
58823872095136,RV_VST,1296
58823872095136,RV_VST,1300
58823872095136,RV_VST,1304
58823872095136,RV_VST,1308
58823872095136,RV_VST,1312
58823872095136,RV_VST,1316
58823872095136,RV_VST,1320
58823872095136,RV_VST,1324
58823872095136,RV_VST,1328
58823872095136,RV_VST,1332
58823872095136,RV_VST,1336
58823872095136,RV_VST,1340
58823872095136,RV_VST,1344
58823872095136,RV_VST,1348
58823872095136,RV_VST,1352
58823872095136,RV_VST,1356
58823872095136,RV_VST,1360
58823872095136,RV_VST,1364
58823872095136,RV_VST,1368
58823872095136,RV_VST,1372
58823872095136,RV_VST,1376
58823872095136,RV_VST,1380
58823872095136,RV_VST,1384
58823872095136,RV_VST,1388
58823872095136,RV_VST,1392
58823872095136,RV_VST,1396
58823872095136,RV_VST,1400
58823872095136,RV_VST,1404
58823872095136,RV_VST,1408
58823872095136,RV_VST,1412
58823872095136,RV_VST,1416
58823872095136,RV_VST,1420
58823872095136,RV_VST,1424
58823872095136,RV_VST,1428
58823872095136,RV_VST,1432
58823872095136,RV_VST,1436
58823872095136,RV_VST,1440
58823872095136,RV_VST,1444
58823872095136,RV_VST,1448
58823872095136,RV_VST,1452
58823872095136,RV_VST,1456
58823872095136,RV_VST,1460
58823872095136,RV_VST,1464
58823872095136,RV_VST,1468
58823872095136,RV_VST,1472
58823872095136,RV_VST,1476
58823872095136,RV_VST,1480
58823872095136,RV_VST,1484
58823872095136,RV_VST,1488
58823872095136,RV_VST,1492
58823872095136,RV_VST,1496
58823872095136,RV_VST,1500
58823872095136,RV_VST,1504
58823872095136,RV_VST,1508
58823872095136,RV_VST,1512
58823872095136,RV_VST,1516
58823872095136,RV_VST,1520
58823872095136,RV_VST,1524
58823872095136,RV_VST,1528
58823872095136,RV_VST,1532
60198261629871,RV_VLD,0
60198261629871,RV_VLD,4
60198261629871,RV_VLD,8
60198261629871,RV_VLD,12
60198261629871,RV_VLD,16
60198261629871,RV_VLD,20
60198261629871,RV_VLD,24
60198261629871,RV_VLD,28
60198261629871,RV_VLD,32
60198261629871,RV_VLD,36
60198261629871,RV_VLD,40
60198261629871,RV_VLD,44
60198261629871,RV_VLD,48
60198261629871,RV_VLD,52
60198261629871,RV_VLD,56
60198261629871,RV_VLD,60
60198261629871,RV_VLD,64
60198261629871,RV_VLD,68
60198261629871,RV_VLD,72
60198261629871,RV_VLD,76
60198261629871,RV_VLD,80
60198261629871,RV_VLD,84
60198261629871,RV_VLD,88
60198261629871,RV_VLD,92
60198261629871,RV_VLD,96
60198261629871,RV_VLD,100
60198261629871,RV_VLD,104
60198261629871,RV_VLD,108
60198261629871,RV_VLD,112
60198261629871,RV_VLD,116
60198261629871,RV_VLD,120
60198261629871,RV_VLD,124
60198261629871,RV_VLD,128
60198261629871,RV_VLD,132
60198261629871,RV_VLD,136
60198261629871,RV_VLD,140
60198261629871,RV_VLD,144
60198261629871,RV_VLD,148
60198261629871,RV_VLD,152
60198261629871,RV_VLD,156
60198261629871,RV_VLD,160
60198261629871,RV_VLD,164
60198261629871,RV_VLD,168
60198261629871,RV_VLD,172
60198261629871,RV_VLD,176
60198261629871,RV_VLD,180
60198261629871,RV_VLD,184
60198261629871,RV_VLD,188
60198261629871,RV_VLD,192
60198261629871,RV_VLD,196
60198261629871,RV_VLD,200
60198261629871,RV_VLD,204
60198261629871,RV_VLD,208
60198261629871,RV_VLD,212
60198261629871,RV_VLD,216
60198261629871,RV_VLD,220
60198261629871,RV_VLD,224
60198261629871,RV_VLD,228
60198261629871,RV_VLD,232
60198261629871,RV_VLD,236
60198261629871,RV_VLD,240
60198261629871,RV_VLD,244
60198261629871,RV_VLD,248
60198261629871,RV_VLD,252
59098750002098,RV_VST,2048
59098750002098,RV_VST,2052
59098750002098,RV_VST,2056
59098750002098,RV_VST,2060
59098750002098,RV_VST,2064
59098750002098,RV_VST,2068
59098750002098,RV_VST,2072
59098750002098,RV_VST,2076
59098750002098,RV_VST,2080
59098750002098,RV_VST,2084
59098750002098,RV_VST,2088
59098750002098,RV_VST,2092
59098750002098,RV_VST,2096
59098750002098,RV_VST,2100
59098750002098,RV_VST,2104
59098750002098,RV_VST,2108
59098750002098,RV_VST,2112
59098750002098,RV_VST,2116
59098750002098,RV_VST,2120
59098750002098,RV_VST,2124
59098750002098,RV_VST,2128
59098750002098,RV_VST,2132
59098750002098,RV_VST,2136
59098750002098,RV_VST,2140
59098750002098,RV_VST,2144
59098750002098,RV_VST,2148
59098750002098,RV_VST,2152
59098750002098,RV_VST,2156
59098750002098,RV_VST,2160
59098750002098,RV_VST,2164
59098750002098,RV_VST,2168
59098750002098,RV_VST,2172
59098750002098,RV_VST,2176
59098750002098,RV_VST,2180
59098750002098,RV_VST,2184
59098750002098,RV_VST,2188
59098750002098,RV_VST,2192
59098750002098,RV_VST,2196
59098750002098,RV_VST,2200
59098750002098,RV_VST,2204
59098750002098,RV_VST,2208
59098750002098,RV_VST,2212
59098750002098,RV_VST,2216
59098750002098,RV_VST,2220
59098750002098,RV_VST,2224
59098750002098,RV_VST,2228
59098750002098,RV_VST,2232
59098750002098,RV_VST,2236
59098750002098,RV_VST,2240
59098750002098,RV_VST,2244
59098750002098,RV_VST,2248
59098750002098,RV_VST,2252
59098750002098,RV_VST,2256
59098750002098,RV_VST,2260
59098750002098,RV_VST,2264
59098750002098,RV_VST,2268
59098750002098,RV_VST,2272
59098750002098,RV_VST,2276
59098750002098,RV_VST,2280
59098750002098,RV_VST,2284
59098750002098,RV_VST,2288
59098750002098,RV_VST,2292
59098750002098,RV_VST,2296
59098750002098,RV_VST,2300
60198261629876,RV_VLD,256
60198261629876,RV_VLD,260
60198261629876,RV_VLD,264
60198261629876,RV_VLD,268
60198261629876,RV_VLD,272
60198261629876,RV_VLD,276
60198261629876,RV_VLD,280
60198261629876,RV_VLD,284
60198261629876,RV_VLD,288
60198261629876,RV_VLD,292
60198261629876,RV_VLD,296
60198261629876,RV_VLD,300
60198261629876,RV_VLD,304
60198261629876,RV_VLD,308
60198261629876,RV_VLD,312
60198261629876,RV_VLD,316
60198261629876,RV_VLD,320
60198261629876,RV_VLD,324
60198261629876,RV_VLD,328
60198261629876,RV_VLD,332
60198261629876,RV_VLD,336
60198261629876,RV_VLD,340
60198261629876,RV_VLD,344
60198261629876,RV_VLD,348
60198261629876,RV_VLD,352
60198261629876,RV_VLD,356
60198261629876,RV_VLD,360
60198261629876,RV_VLD,364
60198261629876,RV_VLD,368
60198261629876,RV_VLD,372
60198261629876,RV_VLD,376
60198261629876,RV_VLD,380
60198261629876,RV_VLD,384
60198261629876,RV_VLD,388
60198261629876,RV_VLD,392
60198261629876,RV_VLD,396
60198261629876,RV_VLD,400
60198261629876,RV_VLD,404
60198261629876,RV_VLD,408
60198261629876,RV_VLD,412
60198261629876,RV_VLD,416
60198261629876,RV_VLD,420
60198261629876,RV_VLD,424
60198261629876,RV_VLD,428
60198261629876,RV_VLD,432
60198261629876,RV_VLD,436
60198261629876,RV_VLD,440
60198261629876,RV_VLD,444
60198261629876,RV_VLD,448
60198261629876,RV_VLD,452
60198261629876,RV_VLD,456
60198261629876,RV_VLD,460
60198261629876,RV_VLD,464
60198261629876,RV_VLD,468
60198261629876,RV_VLD,472
60198261629876,RV_VLD,476
60198261629876,RV_VLD,480
60198261629876,RV_VLD,484
60198261629876,RV_VLD,488
60198261629876,RV_VLD,492
60198261629876,RV_VLD,496
60198261629876,RV_VLD,500
60198261629876,RV_VLD,504
60198261629876,RV_VLD,508
59098750002103,RV_VST,2304
59098750002103,RV_VST,2308
59098750002103,RV_VST,2312
59098750002103,RV_VST,2316
59098750002103,RV_VST,2320
59098750002103,RV_VST,2324
59098750002103,RV_VST,2328
59098750002103,RV_VST,2332
59098750002103,RV_VST,2336
59098750002103,RV_VST,2340
59098750002103,RV_VST,2344
59098750002103,RV_VST,2348
59098750002103,RV_VST,2352
59098750002103,RV_VST,2356
59098750002103,RV_VST,2360
59098750002103,RV_VST,2364
59098750002103,RV_VST,2368
59098750002103,RV_VST,2372
59098750002103,RV_VST,2376
59098750002103,RV_VST,2380
59098750002103,RV_VST,2384
59098750002103,RV_VST,2388
59098750002103,RV_VST,2392
59098750002103,RV_VST,2396
59098750002103,RV_VST,2400
59098750002103,RV_VST,2404
59098750002103,RV_VST,2408
59098750002103,RV_VST,2412
59098750002103,RV_VST,2416
59098750002103,RV_VST,2420
59098750002103,RV_VST,2424
59098750002103,RV_VST,2428
59098750002103,RV_VST,2432
59098750002103,RV_VST,2436
59098750002103,RV_VST,2440
59098750002103,RV_VST,2444
59098750002103,RV_VST,2448
59098750002103,RV_VST,2452
59098750002103,RV_VST,2456
59098750002103,RV_VST,2460
59098750002103,RV_VST,2464
59098750002103,RV_VST,2468
59098750002103,RV_VST,2472
59098750002103,RV_VST,2476
59098750002103,RV_VST,2480
59098750002103,RV_VST,2484
59098750002103,RV_VST,2488
59098750002103,RV_VST,2492
59098750002103,RV_VST,2496
59098750002103,RV_VST,2500
59098750002103,RV_VST,2504
59098750002103,RV_VST,2508
59098750002103,RV_VST,2512
59098750002103,RV_VST,2516
59098750002103,RV_VST,2520
59098750002103,RV_VST,2524
59098750002103,RV_VST,2528
59098750002103,RV_VST,2532
59098750002103,RV_VST,2536
59098750002103,RV_VST,2540
59098750002103,RV_VST,2544
59098750002103,RV_VST,2548
59098750002103,RV_VST,2552
59098750002103,RV_VST,2556
60198261629890,RV_VLD,2048
60198261629890,RV_VLD,2052
60198261629890,RV_VLD,2056
60198261629890,RV_VLD,2060
60198261629890,RV_VLD,2064
60198261629890,RV_VLD,2068
60198261629890,RV_VLD,2072
60198261629890,RV_VLD,2076
60198261629890,RV_VLD,2080
60198261629890,RV_VLD,2084
60198261629890,RV_VLD,2088
60198261629890,RV_VLD,2092
60198261629890,RV_VLD,2096
60198261629890,RV_VLD,2100
60198261629890,RV_VLD,2104
60198261629890,RV_VLD,2108
60198261629890,RV_VLD,2112
60198261629890,RV_VLD,2116
60198261629890,RV_VLD,2120
60198261629890,RV_VLD,2124
60198261629890,RV_VLD,2128
60198261629890,RV_VLD,2132
60198261629890,RV_VLD,2136
60198261629890,RV_VLD,2140
60198261629890,RV_VLD,2144
60198261629890,RV_VLD,2148
60198261629890,RV_VLD,2152
60198261629890,RV_VLD,2156
60198261629890,RV_VLD,2160
60198261629890,RV_VLD,2164
60198261629890,RV_VLD,2168
60198261629890,RV_VLD,2172
60198261629890,RV_VLD,2176
60198261629890,RV_VLD,2180
60198261629890,RV_VLD,2184
60198261629890,RV_VLD,2188
60198261629890,RV_VLD,2192
60198261629890,RV_VLD,2196
60198261629890,RV_VLD,2200
60198261629890,RV_VLD,2204
60198261629890,RV_VLD,2208
60198261629890,RV_VLD,2212
60198261629890,RV_VLD,2216
60198261629890,RV_VLD,2220
60198261629890,RV_VLD,2224
60198261629890,RV_VLD,2228
60198261629890,RV_VLD,2232
60198261629890,RV_VLD,2236
60198261629890,RV_VLD,2240
60198261629890,RV_VLD,2244
60198261629890,RV_VLD,2248
60198261629890,RV_VLD,2252
60198261629890,RV_VLD,2256
60198261629890,RV_VLD,2260
60198261629890,RV_VLD,2264
60198261629890,RV_VLD,2268
60198261629890,RV_VLD,2272
60198261629890,RV_VLD,2276
60198261629890,RV_VLD,2280
60198261629890,RV_VLD,2284
60198261629890,RV_VLD,2288
60198261629890,RV_VLD,2292
60198261629890,RV_VLD,2296
60198261629890,RV_VLD,2300
59098750002118,RV_VST,2048
59098750002118,RV_VST,2052
59098750002118,RV_VST,2056
59098750002118,RV_VST,2060
59098750002118,RV_VST,2064
59098750002118,RV_VST,2068
59098750002118,RV_VST,2072
59098750002118,RV_VST,2076
59098750002118,RV_VST,2080
59098750002118,RV_VST,2084
59098750002118,RV_VST,2088
59098750002118,RV_VST,2092
59098750002118,RV_VST,2096
59098750002118,RV_VST,2100
59098750002118,RV_VST,2104
59098750002118,RV_VST,2108
59098750002118,RV_VST,2112
59098750002118,RV_VST,2116
59098750002118,RV_VST,2120
59098750002118,RV_VST,2124
59098750002118,RV_VST,2128
59098750002118,RV_VST,2132
59098750002118,RV_VST,2136
59098750002118,RV_VST,2140
59098750002118,RV_VST,2144
59098750002118,RV_VST,2148
59098750002118,RV_VST,2152
59098750002118,RV_VST,2156
59098750002118,RV_VST,2160
59098750002118,RV_VST,2164
59098750002118,RV_VST,2168
59098750002118,RV_VST,2172
59098750002118,RV_VST,2176
59098750002118,RV_VST,2180
59098750002118,RV_VST,2184
59098750002118,RV_VST,2188
59098750002118,RV_VST,2192
59098750002118,RV_VST,2196
59098750002118,RV_VST,2200
59098750002118,RV_VST,2204
59098750002118,RV_VST,2208
59098750002118,RV_VST,2212
59098750002118,RV_VST,2216
59098750002118,RV_VST,2220
59098750002118,RV_VST,2224
59098750002118,RV_VST,2228
59098750002118,RV_VST,2232
59098750002118,RV_VST,2236
59098750002118,RV_VST,2240
59098750002118,RV_VST,2244
59098750002118,RV_VST,2248
59098750002118,RV_VST,2252
59098750002118,RV_VST,2256
59098750002118,RV_VST,2260
59098750002118,RV_VST,2264
59098750002118,RV_VST,2268
59098750002118,RV_VST,2272
59098750002118,RV_VST,2276
59098750002118,RV_VST,2280
59098750002118,RV_VST,2284
59098750002118,RV_VST,2288
59098750002118,RV_VST,2292
59098750002118,RV_VST,2296
59098750002118,RV_VST,2300
60198261629896,RV_VLD,2304
60198261629896,RV_VLD,2308
60198261629896,RV_VLD,2312
60198261629896,RV_VLD,2316
60198261629896,RV_VLD,2320
60198261629896,RV_VLD,2324
60198261629896,RV_VLD,2328
60198261629896,RV_VLD,2332
60198261629896,RV_VLD,2336
60198261629896,RV_VLD,2340
60198261629896,RV_VLD,2344
60198261629896,RV_VLD,2348
60198261629896,RV_VLD,2352
60198261629896,RV_VLD,2356
60198261629896,RV_VLD,2360
60198261629896,RV_VLD,2364
60198261629896,RV_VLD,2368
60198261629896,RV_VLD,2372
60198261629896,RV_VLD,2376
60198261629896,RV_VLD,2380
60198261629896,RV_VLD,2384
60198261629896,RV_VLD,2388
60198261629896,RV_VLD,2392
60198261629896,RV_VLD,2396
60198261629896,RV_VLD,2400
60198261629896,RV_VLD,2404
60198261629896,RV_VLD,2408
60198261629896,RV_VLD,2412
60198261629896,RV_VLD,2416
60198261629896,RV_VLD,2420
60198261629896,RV_VLD,2424
60198261629896,RV_VLD,2428
60198261629896,RV_VLD,2432
60198261629896,RV_VLD,2436
60198261629896,RV_VLD,2440
60198261629896,RV_VLD,2444
60198261629896,RV_VLD,2448
60198261629896,RV_VLD,2452
60198261629896,RV_VLD,2456
60198261629896,RV_VLD,2460
60198261629896,RV_VLD,2464
60198261629896,RV_VLD,2468
60198261629896,RV_VLD,2472
60198261629896,RV_VLD,2476
60198261629896,RV_VLD,2480
60198261629896,RV_VLD,2484
60198261629896,RV_VLD,2488
60198261629896,RV_VLD,2492
60198261629896,RV_VLD,2496
60198261629896,RV_VLD,2500
60198261629896,RV_VLD,2504
60198261629896,RV_VLD,2508
60198261629896,RV_VLD,2512
60198261629896,RV_VLD,2516
60198261629896,RV_VLD,2520
60198261629896,RV_VLD,2524
60198261629896,RV_VLD,2528
60198261629896,RV_VLD,2532
60198261629896,RV_VLD,2536
60198261629896,RV_VLD,2540
60198261629896,RV_VLD,2544
60198261629896,RV_VLD,2548
60198261629896,RV_VLD,2552
60198261629896,RV_VLD,2556
59098750002124,RV_VST,2304
59098750002124,RV_VST,2308
59098750002124,RV_VST,2312
59098750002124,RV_VST,2316
59098750002124,RV_VST,2320
59098750002124,RV_VST,2324
59098750002124,RV_VST,2328
59098750002124,RV_VST,2332
59098750002124,RV_VST,2336
59098750002124,RV_VST,2340
59098750002124,RV_VST,2344
59098750002124,RV_VST,2348
59098750002124,RV_VST,2352
59098750002124,RV_VST,2356
59098750002124,RV_VST,2360
59098750002124,RV_VST,2364
59098750002124,RV_VST,2368
59098750002124,RV_VST,2372
59098750002124,RV_VST,2376
59098750002124,RV_VST,2380
59098750002124,RV_VST,2384
59098750002124,RV_VST,2388
59098750002124,RV_VST,2392
59098750002124,RV_VST,2396
59098750002124,RV_VST,2400
59098750002124,RV_VST,2404
59098750002124,RV_VST,2408
59098750002124,RV_VST,2412
59098750002124,RV_VST,2416
59098750002124,RV_VST,2420
59098750002124,RV_VST,2424
59098750002124,RV_VST,2428
59098750002124,RV_VST,2432
59098750002124,RV_VST,2436
59098750002124,RV_VST,2440
59098750002124,RV_VST,2444
59098750002124,RV_VST,2448
59098750002124,RV_VST,2452
59098750002124,RV_VST,2456
59098750002124,RV_VST,2460
59098750002124,RV_VST,2464
59098750002124,RV_VST,2468
59098750002124,RV_VST,2472
59098750002124,RV_VST,2476
59098750002124,RV_VST,2480
59098750002124,RV_VST,2484
59098750002124,RV_VST,2488
59098750002124,RV_VST,2492
59098750002124,RV_VST,2496
59098750002124,RV_VST,2500
59098750002124,RV_VST,2504
59098750002124,RV_VST,2508
59098750002124,RV_VST,2512
59098750002124,RV_VST,2516
59098750002124,RV_VST,2520
59098750002124,RV_VST,2524
59098750002124,RV_VST,2528
59098750002124,RV_VST,2532
59098750002124,RV_VST,2536
59098750002124,RV_VST,2540
59098750002124,RV_VST,2544
59098750002124,RV_VST,2548
59098750002124,RV_VST,2552
59098750002124,RV_VST,2556
60198261629911,RV_VLD,2048
60198261629911,RV_VLD,2052
60198261629911,RV_VLD,2056
60198261629911,RV_VLD,2060
60198261629911,RV_VLD,2064
60198261629911,RV_VLD,2068
60198261629911,RV_VLD,2072
60198261629911,RV_VLD,2076
60198261629911,RV_VLD,2080
60198261629911,RV_VLD,2084
60198261629911,RV_VLD,2088
60198261629911,RV_VLD,2092
60198261629911,RV_VLD,2096
60198261629911,RV_VLD,2100
60198261629911,RV_VLD,2104
60198261629911,RV_VLD,2108
60198261629911,RV_VLD,2112
60198261629911,RV_VLD,2116
60198261629911,RV_VLD,2120
60198261629911,RV_VLD,2124
60198261629911,RV_VLD,2128
60198261629911,RV_VLD,2132
60198261629911,RV_VLD,2136
60198261629911,RV_VLD,2140
60198261629911,RV_VLD,2144
60198261629911,RV_VLD,2148
60198261629911,RV_VLD,2152
60198261629911,RV_VLD,2156
60198261629911,RV_VLD,2160
60198261629911,RV_VLD,2164
60198261629911,RV_VLD,2168
60198261629911,RV_VLD,2172
60198261629911,RV_VLD,2176
60198261629911,RV_VLD,2180
60198261629911,RV_VLD,2184
60198261629911,RV_VLD,2188
60198261629911,RV_VLD,2192
60198261629911,RV_VLD,2196
60198261629911,RV_VLD,2200
60198261629911,RV_VLD,2204
60198261629911,RV_VLD,2208
60198261629911,RV_VLD,2212
60198261629911,RV_VLD,2216
60198261629911,RV_VLD,2220
60198261629911,RV_VLD,2224
60198261629911,RV_VLD,2228
60198261629911,RV_VLD,2232
60198261629911,RV_VLD,2236
60198261629911,RV_VLD,2240
60198261629911,RV_VLD,2244
60198261629911,RV_VLD,2248
60198261629911,RV_VLD,2252
60198261629911,RV_VLD,2256
60198261629911,RV_VLD,2260
60198261629911,RV_VLD,2264
60198261629911,RV_VLD,2268
60198261629911,RV_VLD,2272
60198261629911,RV_VLD,2276
60198261629911,RV_VLD,2280
60198261629911,RV_VLD,2284
60198261629911,RV_VLD,2288
60198261629911,RV_VLD,2292
60198261629911,RV_VLD,2296
60198261629911,RV_VLD,2300
60198261629912,RV_VLD,0
60198261629912,RV_VLD,4
60198261629912,RV_VLD,8
60198261629912,RV_VLD,12
60198261629912,RV_VLD,16
60198261629912,RV_VLD,20
60198261629912,RV_VLD,24
60198261629912,RV_VLD,28
60198261629912,RV_VLD,32
60198261629912,RV_VLD,36
60198261629912,RV_VLD,40
60198261629912,RV_VLD,44
60198261629912,RV_VLD,48
60198261629912,RV_VLD,52
60198261629912,RV_VLD,56
60198261629912,RV_VLD,60
60198261629912,RV_VLD,64
60198261629912,RV_VLD,68
60198261629912,RV_VLD,72
60198261629912,RV_VLD,76
60198261629912,RV_VLD,80
60198261629912,RV_VLD,84
60198261629912,RV_VLD,88
60198261629912,RV_VLD,92
60198261629912,RV_VLD,96
60198261629912,RV_VLD,100
60198261629912,RV_VLD,104
60198261629912,RV_VLD,108
60198261629912,RV_VLD,112
60198261629912,RV_VLD,116
60198261629912,RV_VLD,120
60198261629912,RV_VLD,124
60198261629912,RV_VLD,128
60198261629912,RV_VLD,132
60198261629912,RV_VLD,136
60198261629912,RV_VLD,140
60198261629912,RV_VLD,144
60198261629912,RV_VLD,148
60198261629912,RV_VLD,152
60198261629912,RV_VLD,156
60198261629912,RV_VLD,160
60198261629912,RV_VLD,164
60198261629912,RV_VLD,168
60198261629912,RV_VLD,172
60198261629912,RV_VLD,176
60198261629912,RV_VLD,180
60198261629912,RV_VLD,184
60198261629912,RV_VLD,188
60198261629912,RV_VLD,192
60198261629912,RV_VLD,196
60198261629912,RV_VLD,200
60198261629912,RV_VLD,204
60198261629912,RV_VLD,208
60198261629912,RV_VLD,212
60198261629912,RV_VLD,216
60198261629912,RV_VLD,220
60198261629912,RV_VLD,224
60198261629912,RV_VLD,228
60198261629912,RV_VLD,232
60198261629912,RV_VLD,236
60198261629912,RV_VLD,240
60198261629912,RV_VLD,244
60198261629912,RV_VLD,248
60198261629912,RV_VLD,252
59098750002139,RV_VST,2048
59098750002139,RV_VST,2052
59098750002139,RV_VST,2056
59098750002139,RV_VST,2060
59098750002139,RV_VST,2064
59098750002139,RV_VST,2068
59098750002139,RV_VST,2072
59098750002139,RV_VST,2076
59098750002139,RV_VST,2080
59098750002139,RV_VST,2084
59098750002139,RV_VST,2088
59098750002139,RV_VST,2092
59098750002139,RV_VST,2096
59098750002139,RV_VST,2100
59098750002139,RV_VST,2104
59098750002139,RV_VST,2108
59098750002139,RV_VST,2112
59098750002139,RV_VST,2116
59098750002139,RV_VST,2120
59098750002139,RV_VST,2124
59098750002139,RV_VST,2128
59098750002139,RV_VST,2132
59098750002139,RV_VST,2136
59098750002139,RV_VST,2140
59098750002139,RV_VST,2144
59098750002139,RV_VST,2148
59098750002139,RV_VST,2152
59098750002139,RV_VST,2156
59098750002139,RV_VST,2160
59098750002139,RV_VST,2164
59098750002139,RV_VST,2168
59098750002139,RV_VST,2172
59098750002139,RV_VST,2176
59098750002139,RV_VST,2180
59098750002139,RV_VST,2184
59098750002139,RV_VST,2188
59098750002139,RV_VST,2192
59098750002139,RV_VST,2196
59098750002139,RV_VST,2200
59098750002139,RV_VST,2204
59098750002139,RV_VST,2208
59098750002139,RV_VST,2212
59098750002139,RV_VST,2216
59098750002139,RV_VST,2220
59098750002139,RV_VST,2224
59098750002139,RV_VST,2228
59098750002139,RV_VST,2232
59098750002139,RV_VST,2236
59098750002139,RV_VST,2240
59098750002139,RV_VST,2244
59098750002139,RV_VST,2248
59098750002139,RV_VST,2252
59098750002139,RV_VST,2256
59098750002139,RV_VST,2260
59098750002139,RV_VST,2264
59098750002139,RV_VST,2268
59098750002139,RV_VST,2272
59098750002139,RV_VST,2276
59098750002139,RV_VST,2280
59098750002139,RV_VST,2284
59098750002139,RV_VST,2288
59098750002139,RV_VST,2292
59098750002139,RV_VST,2296
59098750002139,RV_VST,2300
60198261629917,RV_VLD,2304
60198261629917,RV_VLD,2308
60198261629917,RV_VLD,2312
60198261629917,RV_VLD,2316
60198261629917,RV_VLD,2320
60198261629917,RV_VLD,2324
60198261629917,RV_VLD,2328
60198261629917,RV_VLD,2332
60198261629917,RV_VLD,2336
60198261629917,RV_VLD,2340
60198261629917,RV_VLD,2344
60198261629917,RV_VLD,2348
60198261629917,RV_VLD,2352
60198261629917,RV_VLD,2356
60198261629917,RV_VLD,2360
60198261629917,RV_VLD,2364
60198261629917,RV_VLD,2368
60198261629917,RV_VLD,2372
60198261629917,RV_VLD,2376
60198261629917,RV_VLD,2380
60198261629917,RV_VLD,2384
60198261629917,RV_VLD,2388
60198261629917,RV_VLD,2392
60198261629917,RV_VLD,2396
60198261629917,RV_VLD,2400
60198261629917,RV_VLD,2404
60198261629917,RV_VLD,2408
60198261629917,RV_VLD,2412
60198261629917,RV_VLD,2416
60198261629917,RV_VLD,2420
60198261629917,RV_VLD,2424
60198261629917,RV_VLD,2428
60198261629917,RV_VLD,2432
60198261629917,RV_VLD,2436
60198261629917,RV_VLD,2440
60198261629917,RV_VLD,2444
60198261629917,RV_VLD,2448
60198261629917,RV_VLD,2452
60198261629917,RV_VLD,2456
60198261629917,RV_VLD,2460
60198261629917,RV_VLD,2464
60198261629917,RV_VLD,2468
60198261629917,RV_VLD,2472
60198261629917,RV_VLD,2476
60198261629917,RV_VLD,2480
60198261629917,RV_VLD,2484
60198261629917,RV_VLD,2488
60198261629917,RV_VLD,2492
60198261629917,RV_VLD,2496
60198261629917,RV_VLD,2500
60198261629917,RV_VLD,2504
60198261629917,RV_VLD,2508
60198261629917,RV_VLD,2512
60198261629917,RV_VLD,2516
60198261629917,RV_VLD,2520
60198261629917,RV_VLD,2524
60198261629917,RV_VLD,2528
60198261629917,RV_VLD,2532
60198261629917,RV_VLD,2536
60198261629917,RV_VLD,2540
60198261629917,RV_VLD,2544
60198261629917,RV_VLD,2548
60198261629917,RV_VLD,2552
60198261629917,RV_VLD,2556
60198261629918,RV_VLD,256
60198261629918,RV_VLD,260
60198261629918,RV_VLD,264
60198261629918,RV_VLD,268
60198261629918,RV_VLD,272
60198261629918,RV_VLD,276
60198261629918,RV_VLD,280
60198261629918,RV_VLD,284
60198261629918,RV_VLD,288
60198261629918,RV_VLD,292
60198261629918,RV_VLD,296
60198261629918,RV_VLD,300
60198261629918,RV_VLD,304
60198261629918,RV_VLD,308
60198261629918,RV_VLD,312
60198261629918,RV_VLD,316
60198261629918,RV_VLD,320
60198261629918,RV_VLD,324
60198261629918,RV_VLD,328
60198261629918,RV_VLD,332
60198261629918,RV_VLD,336
60198261629918,RV_VLD,340
60198261629918,RV_VLD,344
60198261629918,RV_VLD,348
60198261629918,RV_VLD,352
60198261629918,RV_VLD,356
60198261629918,RV_VLD,360
60198261629918,RV_VLD,364
60198261629918,RV_VLD,368
60198261629918,RV_VLD,372
60198261629918,RV_VLD,376
60198261629918,RV_VLD,380
60198261629918,RV_VLD,384
60198261629918,RV_VLD,388
60198261629918,RV_VLD,392
60198261629918,RV_VLD,396
60198261629918,RV_VLD,400
60198261629918,RV_VLD,404
60198261629918,RV_VLD,408
60198261629918,RV_VLD,412
60198261629918,RV_VLD,416
60198261629918,RV_VLD,420
60198261629918,RV_VLD,424
60198261629918,RV_VLD,428
60198261629918,RV_VLD,432
60198261629918,RV_VLD,436
60198261629918,RV_VLD,440
60198261629918,RV_VLD,444
60198261629918,RV_VLD,448
60198261629918,RV_VLD,452
60198261629918,RV_VLD,456
60198261629918,RV_VLD,460
60198261629918,RV_VLD,464
60198261629918,RV_VLD,468
60198261629918,RV_VLD,472
60198261629918,RV_VLD,476
60198261629918,RV_VLD,480
60198261629918,RV_VLD,484
60198261629918,RV_VLD,488
60198261629918,RV_VLD,492
60198261629918,RV_VLD,496
60198261629918,RV_VLD,500
60198261629918,RV_VLD,504
60198261629918,RV_VLD,508
59098750002145,RV_VST,2304
59098750002145,RV_VST,2308
59098750002145,RV_VST,2312
59098750002145,RV_VST,2316
59098750002145,RV_VST,2320
59098750002145,RV_VST,2324
59098750002145,RV_VST,2328
59098750002145,RV_VST,2332
59098750002145,RV_VST,2336
59098750002145,RV_VST,2340
59098750002145,RV_VST,2344
59098750002145,RV_VST,2348
59098750002145,RV_VST,2352
59098750002145,RV_VST,2356
59098750002145,RV_VST,2360
59098750002145,RV_VST,2364
59098750002145,RV_VST,2368
59098750002145,RV_VST,2372
59098750002145,RV_VST,2376
59098750002145,RV_VST,2380
59098750002145,RV_VST,2384
59098750002145,RV_VST,2388
59098750002145,RV_VST,2392
59098750002145,RV_VST,2396
59098750002145,RV_VST,2400
59098750002145,RV_VST,2404
59098750002145,RV_VST,2408
59098750002145,RV_VST,2412
59098750002145,RV_VST,2416
59098750002145,RV_VST,2420
59098750002145,RV_VST,2424
59098750002145,RV_VST,2428
59098750002145,RV_VST,2432
59098750002145,RV_VST,2436
59098750002145,RV_VST,2440
59098750002145,RV_VST,2444
59098750002145,RV_VST,2448
59098750002145,RV_VST,2452
59098750002145,RV_VST,2456
59098750002145,RV_VST,2460
59098750002145,RV_VST,2464
59098750002145,RV_VST,2468
59098750002145,RV_VST,2472
59098750002145,RV_VST,2476
59098750002145,RV_VST,2480
59098750002145,RV_VST,2484
59098750002145,RV_VST,2488
59098750002145,RV_VST,2492
59098750002145,RV_VST,2496
59098750002145,RV_VST,2500
59098750002145,RV_VST,2504
59098750002145,RV_VST,2508
59098750002145,RV_VST,2512
59098750002145,RV_VST,2516
59098750002145,RV_VST,2520
59098750002145,RV_VST,2524
59098750002145,RV_VST,2528
59098750002145,RV_VST,2532
59098750002145,RV_VST,2536
59098750002145,RV_VST,2540
59098750002145,RV_VST,2544
59098750002145,RV_VST,2548
59098750002145,RV_VST,2552
59098750002145,RV_VST,2556
60198261629932,RV_VLD,2048
60198261629932,RV_VLD,2052
60198261629932,RV_VLD,2056
60198261629932,RV_VLD,2060
60198261629932,RV_VLD,2064
60198261629932,RV_VLD,2068
60198261629932,RV_VLD,2072
60198261629932,RV_VLD,2076
60198261629932,RV_VLD,2080
60198261629932,RV_VLD,2084
60198261629932,RV_VLD,2088
60198261629932,RV_VLD,2092
60198261629932,RV_VLD,2096
60198261629932,RV_VLD,2100
60198261629932,RV_VLD,2104
60198261629932,RV_VLD,2108
60198261629932,RV_VLD,2112
60198261629932,RV_VLD,2116
60198261629932,RV_VLD,2120
60198261629932,RV_VLD,2124
60198261629932,RV_VLD,2128
60198261629932,RV_VLD,2132
60198261629932,RV_VLD,2136
60198261629932,RV_VLD,2140
60198261629932,RV_VLD,2144
60198261629932,RV_VLD,2148
60198261629932,RV_VLD,2152
60198261629932,RV_VLD,2156
60198261629932,RV_VLD,2160
60198261629932,RV_VLD,2164
60198261629932,RV_VLD,2168
60198261629932,RV_VLD,2172
60198261629932,RV_VLD,2176
60198261629932,RV_VLD,2180
60198261629932,RV_VLD,2184
60198261629932,RV_VLD,2188
60198261629932,RV_VLD,2192
60198261629932,RV_VLD,2196
60198261629932,RV_VLD,2200
60198261629932,RV_VLD,2204
60198261629932,RV_VLD,2208
60198261629932,RV_VLD,2212
60198261629932,RV_VLD,2216
60198261629932,RV_VLD,2220
60198261629932,RV_VLD,2224
60198261629932,RV_VLD,2228
60198261629932,RV_VLD,2232
60198261629932,RV_VLD,2236
60198261629932,RV_VLD,2240
60198261629932,RV_VLD,2244
60198261629932,RV_VLD,2248
60198261629932,RV_VLD,2252
60198261629932,RV_VLD,2256
60198261629932,RV_VLD,2260
60198261629932,RV_VLD,2264
60198261629932,RV_VLD,2268
60198261629932,RV_VLD,2272
60198261629932,RV_VLD,2276
60198261629932,RV_VLD,2280
60198261629932,RV_VLD,2284
60198261629932,RV_VLD,2288
60198261629932,RV_VLD,2292
60198261629932,RV_VLD,2296
60198261629932,RV_VLD,2300
59098750002160,RV_VST,2048
59098750002160,RV_VST,2052
59098750002160,RV_VST,2056
59098750002160,RV_VST,2060
59098750002160,RV_VST,2064
59098750002160,RV_VST,2068
59098750002160,RV_VST,2072
59098750002160,RV_VST,2076
59098750002160,RV_VST,2080
59098750002160,RV_VST,2084
59098750002160,RV_VST,2088
59098750002160,RV_VST,2092
59098750002160,RV_VST,2096
59098750002160,RV_VST,2100
59098750002160,RV_VST,2104
59098750002160,RV_VST,2108
59098750002160,RV_VST,2112
59098750002160,RV_VST,2116
59098750002160,RV_VST,2120
59098750002160,RV_VST,2124
59098750002160,RV_VST,2128
59098750002160,RV_VST,2132
59098750002160,RV_VST,2136
59098750002160,RV_VST,2140
59098750002160,RV_VST,2144
59098750002160,RV_VST,2148
59098750002160,RV_VST,2152
59098750002160,RV_VST,2156
59098750002160,RV_VST,2160
59098750002160,RV_VST,2164
59098750002160,RV_VST,2168
59098750002160,RV_VST,2172
59098750002160,RV_VST,2176
59098750002160,RV_VST,2180
59098750002160,RV_VST,2184
59098750002160,RV_VST,2188
59098750002160,RV_VST,2192
59098750002160,RV_VST,2196
59098750002160,RV_VST,2200
59098750002160,RV_VST,2204
59098750002160,RV_VST,2208
59098750002160,RV_VST,2212
59098750002160,RV_VST,2216
59098750002160,RV_VST,2220
59098750002160,RV_VST,2224
59098750002160,RV_VST,2228
59098750002160,RV_VST,2232
59098750002160,RV_VST,2236
59098750002160,RV_VST,2240
59098750002160,RV_VST,2244
59098750002160,RV_VST,2248
59098750002160,RV_VST,2252
59098750002160,RV_VST,2256
59098750002160,RV_VST,2260
59098750002160,RV_VST,2264
59098750002160,RV_VST,2268
59098750002160,RV_VST,2272
59098750002160,RV_VST,2276
59098750002160,RV_VST,2280
59098750002160,RV_VST,2284
59098750002160,RV_VST,2288
59098750002160,RV_VST,2292
59098750002160,RV_VST,2296
59098750002160,RV_VST,2300
60198261629938,RV_VLD,2304
60198261629938,RV_VLD,2308
60198261629938,RV_VLD,2312
60198261629938,RV_VLD,2316
60198261629938,RV_VLD,2320
60198261629938,RV_VLD,2324
60198261629938,RV_VLD,2328
60198261629938,RV_VLD,2332
60198261629938,RV_VLD,2336
60198261629938,RV_VLD,2340
60198261629938,RV_VLD,2344
60198261629938,RV_VLD,2348
60198261629938,RV_VLD,2352
60198261629938,RV_VLD,2356
60198261629938,RV_VLD,2360
60198261629938,RV_VLD,2364
60198261629938,RV_VLD,2368
60198261629938,RV_VLD,2372
60198261629938,RV_VLD,2376
60198261629938,RV_VLD,2380
60198261629938,RV_VLD,2384
60198261629938,RV_VLD,2388
60198261629938,RV_VLD,2392
60198261629938,RV_VLD,2396
60198261629938,RV_VLD,2400
60198261629938,RV_VLD,2404
60198261629938,RV_VLD,2408
60198261629938,RV_VLD,2412
60198261629938,RV_VLD,2416
60198261629938,RV_VLD,2420
60198261629938,RV_VLD,2424
60198261629938,RV_VLD,2428
60198261629938,RV_VLD,2432
60198261629938,RV_VLD,2436
60198261629938,RV_VLD,2440
60198261629938,RV_VLD,2444
60198261629938,RV_VLD,2448
60198261629938,RV_VLD,2452
60198261629938,RV_VLD,2456
60198261629938,RV_VLD,2460
60198261629938,RV_VLD,2464
60198261629938,RV_VLD,2468
60198261629938,RV_VLD,2472
60198261629938,RV_VLD,2476
60198261629938,RV_VLD,2480
60198261629938,RV_VLD,2484
60198261629938,RV_VLD,2488
60198261629938,RV_VLD,2492
60198261629938,RV_VLD,2496
60198261629938,RV_VLD,2500
60198261629938,RV_VLD,2504
60198261629938,RV_VLD,2508
60198261629938,RV_VLD,2512
60198261629938,RV_VLD,2516
60198261629938,RV_VLD,2520
60198261629938,RV_VLD,2524
60198261629938,RV_VLD,2528
60198261629938,RV_VLD,2532
60198261629938,RV_VLD,2536
60198261629938,RV_VLD,2540
60198261629938,RV_VLD,2544
60198261629938,RV_VLD,2548
60198261629938,RV_VLD,2552
60198261629938,RV_VLD,2556
59098750002166,RV_VST,2304
59098750002166,RV_VST,2308
59098750002166,RV_VST,2312
59098750002166,RV_VST,2316
59098750002166,RV_VST,2320
59098750002166,RV_VST,2324
59098750002166,RV_VST,2328
59098750002166,RV_VST,2332
59098750002166,RV_VST,2336
59098750002166,RV_VST,2340
59098750002166,RV_VST,2344
59098750002166,RV_VST,2348
59098750002166,RV_VST,2352
59098750002166,RV_VST,2356
59098750002166,RV_VST,2360
59098750002166,RV_VST,2364
59098750002166,RV_VST,2368
59098750002166,RV_VST,2372
59098750002166,RV_VST,2376
59098750002166,RV_VST,2380
59098750002166,RV_VST,2384
59098750002166,RV_VST,2388
59098750002166,RV_VST,2392
59098750002166,RV_VST,2396
59098750002166,RV_VST,2400
59098750002166,RV_VST,2404
59098750002166,RV_VST,2408
59098750002166,RV_VST,2412
59098750002166,RV_VST,2416
59098750002166,RV_VST,2420
59098750002166,RV_VST,2424
59098750002166,RV_VST,2428
59098750002166,RV_VST,2432
59098750002166,RV_VST,2436
59098750002166,RV_VST,2440
59098750002166,RV_VST,2444
59098750002166,RV_VST,2448
59098750002166,RV_VST,2452
59098750002166,RV_VST,2456
59098750002166,RV_VST,2460
59098750002166,RV_VST,2464
59098750002166,RV_VST,2468
59098750002166,RV_VST,2472
59098750002166,RV_VST,2476
59098750002166,RV_VST,2480
59098750002166,RV_VST,2484
59098750002166,RV_VST,2488
59098750002166,RV_VST,2492
59098750002166,RV_VST,2496
59098750002166,RV_VST,2500
59098750002166,RV_VST,2504
59098750002166,RV_VST,2508
59098750002166,RV_VST,2512
59098750002166,RV_VST,2516
59098750002166,RV_VST,2520
59098750002166,RV_VST,2524
59098750002166,RV_VST,2528
59098750002166,RV_VST,2532
59098750002166,RV_VST,2536
59098750002166,RV_VST,2540
59098750002166,RV_VST,2544
59098750002166,RV_VST,2548
59098750002166,RV_VST,2552
59098750002166,RV_VST,2556
60198261629953,RV_VLD,0
60198261629953,RV_VLD,4
60198261629953,RV_VLD,8
60198261629953,RV_VLD,12
60198261629953,RV_VLD,16
60198261629953,RV_VLD,20
60198261629953,RV_VLD,24
60198261629953,RV_VLD,28
60198261629953,RV_VLD,32
60198261629953,RV_VLD,36
60198261629953,RV_VLD,40
60198261629953,RV_VLD,44
60198261629953,RV_VLD,48
60198261629953,RV_VLD,52
60198261629953,RV_VLD,56
60198261629953,RV_VLD,60
60198261629953,RV_VLD,64
60198261629953,RV_VLD,68
60198261629953,RV_VLD,72
60198261629953,RV_VLD,76
60198261629953,RV_VLD,80
60198261629953,RV_VLD,84
60198261629953,RV_VLD,88
60198261629953,RV_VLD,92
60198261629953,RV_VLD,96
60198261629953,RV_VLD,100
60198261629953,RV_VLD,104
60198261629953,RV_VLD,108
60198261629953,RV_VLD,112
60198261629953,RV_VLD,116
60198261629953,RV_VLD,120
60198261629953,RV_VLD,124
60198261629953,RV_VLD,128
60198261629953,RV_VLD,132
60198261629953,RV_VLD,136
60198261629953,RV_VLD,140
60198261629953,RV_VLD,144
60198261629953,RV_VLD,148
60198261629953,RV_VLD,152
60198261629953,RV_VLD,156
60198261629953,RV_VLD,160
60198261629953,RV_VLD,164
60198261629953,RV_VLD,168
60198261629953,RV_VLD,172
60198261629953,RV_VLD,176
60198261629953,RV_VLD,180
60198261629953,RV_VLD,184
60198261629953,RV_VLD,188
60198261629953,RV_VLD,192
60198261629953,RV_VLD,196
60198261629953,RV_VLD,200
60198261629953,RV_VLD,204
60198261629953,RV_VLD,208
60198261629953,RV_VLD,212
60198261629953,RV_VLD,216
60198261629953,RV_VLD,220
60198261629953,RV_VLD,224
60198261629953,RV_VLD,228
60198261629953,RV_VLD,232
60198261629953,RV_VLD,236
60198261629953,RV_VLD,240
60198261629953,RV_VLD,244
60198261629953,RV_VLD,248
60198261629953,RV_VLD,252
60198261629954,RV_VLD,2048
60198261629954,RV_VLD,2052
60198261629954,RV_VLD,2056
60198261629954,RV_VLD,2060
60198261629954,RV_VLD,2064
60198261629954,RV_VLD,2068
60198261629954,RV_VLD,2072
60198261629954,RV_VLD,2076
60198261629954,RV_VLD,2080
60198261629954,RV_VLD,2084
60198261629954,RV_VLD,2088
60198261629954,RV_VLD,2092
60198261629954,RV_VLD,2096
60198261629954,RV_VLD,2100
60198261629954,RV_VLD,2104
60198261629954,RV_VLD,2108
60198261629954,RV_VLD,2112
60198261629954,RV_VLD,2116
60198261629954,RV_VLD,2120
60198261629954,RV_VLD,2124
60198261629954,RV_VLD,2128
60198261629954,RV_VLD,2132
60198261629954,RV_VLD,2136
60198261629954,RV_VLD,2140
60198261629954,RV_VLD,2144
60198261629954,RV_VLD,2148
60198261629954,RV_VLD,2152
60198261629954,RV_VLD,2156
60198261629954,RV_VLD,2160
60198261629954,RV_VLD,2164
60198261629954,RV_VLD,2168
60198261629954,RV_VLD,2172
60198261629954,RV_VLD,2176
60198261629954,RV_VLD,2180
60198261629954,RV_VLD,2184
60198261629954,RV_VLD,2188
60198261629954,RV_VLD,2192
60198261629954,RV_VLD,2196
60198261629954,RV_VLD,2200
60198261629954,RV_VLD,2204
60198261629954,RV_VLD,2208
60198261629954,RV_VLD,2212
60198261629954,RV_VLD,2216
60198261629954,RV_VLD,2220
60198261629954,RV_VLD,2224
60198261629954,RV_VLD,2228
60198261629954,RV_VLD,2232
60198261629954,RV_VLD,2236
60198261629954,RV_VLD,2240
60198261629954,RV_VLD,2244
60198261629954,RV_VLD,2248
60198261629954,RV_VLD,2252
60198261629954,RV_VLD,2256
60198261629954,RV_VLD,2260
60198261629954,RV_VLD,2264
60198261629954,RV_VLD,2268
60198261629954,RV_VLD,2272
60198261629954,RV_VLD,2276
60198261629954,RV_VLD,2280
60198261629954,RV_VLD,2284
60198261629954,RV_VLD,2288
60198261629954,RV_VLD,2292
60198261629954,RV_VLD,2296
60198261629954,RV_VLD,2300
59098750002181,RV_VST,2048
59098750002181,RV_VST,2052
59098750002181,RV_VST,2056
59098750002181,RV_VST,2060
59098750002181,RV_VST,2064
59098750002181,RV_VST,2068
59098750002181,RV_VST,2072
59098750002181,RV_VST,2076
59098750002181,RV_VST,2080
59098750002181,RV_VST,2084
59098750002181,RV_VST,2088
59098750002181,RV_VST,2092
59098750002181,RV_VST,2096
59098750002181,RV_VST,2100
59098750002181,RV_VST,2104
59098750002181,RV_VST,2108
59098750002181,RV_VST,2112
59098750002181,RV_VST,2116
59098750002181,RV_VST,2120
59098750002181,RV_VST,2124
59098750002181,RV_VST,2128
59098750002181,RV_VST,2132
59098750002181,RV_VST,2136
59098750002181,RV_VST,2140
59098750002181,RV_VST,2144
59098750002181,RV_VST,2148
59098750002181,RV_VST,2152
59098750002181,RV_VST,2156
59098750002181,RV_VST,2160
59098750002181,RV_VST,2164
59098750002181,RV_VST,2168
59098750002181,RV_VST,2172
59098750002181,RV_VST,2176
59098750002181,RV_VST,2180
59098750002181,RV_VST,2184
59098750002181,RV_VST,2188
59098750002181,RV_VST,2192
59098750002181,RV_VST,2196
59098750002181,RV_VST,2200
59098750002181,RV_VST,2204
59098750002181,RV_VST,2208
59098750002181,RV_VST,2212
59098750002181,RV_VST,2216
59098750002181,RV_VST,2220
59098750002181,RV_VST,2224
59098750002181,RV_VST,2228
59098750002181,RV_VST,2232
59098750002181,RV_VST,2236
59098750002181,RV_VST,2240
59098750002181,RV_VST,2244
59098750002181,RV_VST,2248
59098750002181,RV_VST,2252
59098750002181,RV_VST,2256
59098750002181,RV_VST,2260
59098750002181,RV_VST,2264
59098750002181,RV_VST,2268
59098750002181,RV_VST,2272
59098750002181,RV_VST,2276
59098750002181,RV_VST,2280
59098750002181,RV_VST,2284
59098750002181,RV_VST,2288
59098750002181,RV_VST,2292
59098750002181,RV_VST,2296
59098750002181,RV_VST,2300
60198261629959,RV_VLD,256
60198261629959,RV_VLD,260
60198261629959,RV_VLD,264
60198261629959,RV_VLD,268
60198261629959,RV_VLD,272
60198261629959,RV_VLD,276
60198261629959,RV_VLD,280
60198261629959,RV_VLD,284
60198261629959,RV_VLD,288
60198261629959,RV_VLD,292
60198261629959,RV_VLD,296
60198261629959,RV_VLD,300
60198261629959,RV_VLD,304
60198261629959,RV_VLD,308
60198261629959,RV_VLD,312
60198261629959,RV_VLD,316
60198261629959,RV_VLD,320
60198261629959,RV_VLD,324
60198261629959,RV_VLD,328
60198261629959,RV_VLD,332
60198261629959,RV_VLD,336
60198261629959,RV_VLD,340
60198261629959,RV_VLD,344
60198261629959,RV_VLD,348
60198261629959,RV_VLD,352
60198261629959,RV_VLD,356
60198261629959,RV_VLD,360
60198261629959,RV_VLD,364
60198261629959,RV_VLD,368
60198261629959,RV_VLD,372
60198261629959,RV_VLD,376
60198261629959,RV_VLD,380
60198261629959,RV_VLD,384
60198261629959,RV_VLD,388
60198261629959,RV_VLD,392
60198261629959,RV_VLD,396
60198261629959,RV_VLD,400
60198261629959,RV_VLD,404
60198261629959,RV_VLD,408
60198261629959,RV_VLD,412
60198261629959,RV_VLD,416
60198261629959,RV_VLD,420
60198261629959,RV_VLD,424
60198261629959,RV_VLD,428
60198261629959,RV_VLD,432
60198261629959,RV_VLD,436
60198261629959,RV_VLD,440
60198261629959,RV_VLD,444
60198261629959,RV_VLD,448
60198261629959,RV_VLD,452
60198261629959,RV_VLD,456
60198261629959,RV_VLD,460
60198261629959,RV_VLD,464
60198261629959,RV_VLD,468
60198261629959,RV_VLD,472
60198261629959,RV_VLD,476
60198261629959,RV_VLD,480
60198261629959,RV_VLD,484
60198261629959,RV_VLD,488
60198261629959,RV_VLD,492
60198261629959,RV_VLD,496
60198261629959,RV_VLD,500
60198261629959,RV_VLD,504
60198261629959,RV_VLD,508
60198261629960,RV_VLD,2304
60198261629960,RV_VLD,2308
60198261629960,RV_VLD,2312
60198261629960,RV_VLD,2316
60198261629960,RV_VLD,2320
60198261629960,RV_VLD,2324
60198261629960,RV_VLD,2328
60198261629960,RV_VLD,2332
60198261629960,RV_VLD,2336
60198261629960,RV_VLD,2340
60198261629960,RV_VLD,2344
60198261629960,RV_VLD,2348
60198261629960,RV_VLD,2352
60198261629960,RV_VLD,2356
60198261629960,RV_VLD,2360
60198261629960,RV_VLD,2364
60198261629960,RV_VLD,2368
60198261629960,RV_VLD,2372
60198261629960,RV_VLD,2376
60198261629960,RV_VLD,2380
60198261629960,RV_VLD,2384
60198261629960,RV_VLD,2388
60198261629960,RV_VLD,2392
60198261629960,RV_VLD,2396
60198261629960,RV_VLD,2400
60198261629960,RV_VLD,2404
60198261629960,RV_VLD,2408
60198261629960,RV_VLD,2412
60198261629960,RV_VLD,2416
60198261629960,RV_VLD,2420
60198261629960,RV_VLD,2424
60198261629960,RV_VLD,2428
60198261629960,RV_VLD,2432
60198261629960,RV_VLD,2436
60198261629960,RV_VLD,2440
60198261629960,RV_VLD,2444
60198261629960,RV_VLD,2448
60198261629960,RV_VLD,2452
60198261629960,RV_VLD,2456
60198261629960,RV_VLD,2460
60198261629960,RV_VLD,2464
60198261629960,RV_VLD,2468
60198261629960,RV_VLD,2472
60198261629960,RV_VLD,2476
60198261629960,RV_VLD,2480
60198261629960,RV_VLD,2484
60198261629960,RV_VLD,2488
60198261629960,RV_VLD,2492
60198261629960,RV_VLD,2496
60198261629960,RV_VLD,2500
60198261629960,RV_VLD,2504
60198261629960,RV_VLD,2508
60198261629960,RV_VLD,2512
60198261629960,RV_VLD,2516
60198261629960,RV_VLD,2520
60198261629960,RV_VLD,2524
60198261629960,RV_VLD,2528
60198261629960,RV_VLD,2532
60198261629960,RV_VLD,2536
60198261629960,RV_VLD,2540
60198261629960,RV_VLD,2544
60198261629960,RV_VLD,2548
60198261629960,RV_VLD,2552
60198261629960,RV_VLD,2556
59098750002187,RV_VST,2304
59098750002187,RV_VST,2308
59098750002187,RV_VST,2312
59098750002187,RV_VST,2316
59098750002187,RV_VST,2320
59098750002187,RV_VST,2324
59098750002187,RV_VST,2328
59098750002187,RV_VST,2332
59098750002187,RV_VST,2336
59098750002187,RV_VST,2340
59098750002187,RV_VST,2344
59098750002187,RV_VST,2348
59098750002187,RV_VST,2352
59098750002187,RV_VST,2356
59098750002187,RV_VST,2360
59098750002187,RV_VST,2364
59098750002187,RV_VST,2368
59098750002187,RV_VST,2372
59098750002187,RV_VST,2376
59098750002187,RV_VST,2380
59098750002187,RV_VST,2384
59098750002187,RV_VST,2388
59098750002187,RV_VST,2392
59098750002187,RV_VST,2396
59098750002187,RV_VST,2400
59098750002187,RV_VST,2404
59098750002187,RV_VST,2408
59098750002187,RV_VST,2412
59098750002187,RV_VST,2416
59098750002187,RV_VST,2420
59098750002187,RV_VST,2424
59098750002187,RV_VST,2428
59098750002187,RV_VST,2432
59098750002187,RV_VST,2436
59098750002187,RV_VST,2440
59098750002187,RV_VST,2444
59098750002187,RV_VST,2448
59098750002187,RV_VST,2452
59098750002187,RV_VST,2456
59098750002187,RV_VST,2460
59098750002187,RV_VST,2464
59098750002187,RV_VST,2468
59098750002187,RV_VST,2472
59098750002187,RV_VST,2476
59098750002187,RV_VST,2480
59098750002187,RV_VST,2484
59098750002187,RV_VST,2488
59098750002187,RV_VST,2492
59098750002187,RV_VST,2496
59098750002187,RV_VST,2500
59098750002187,RV_VST,2504
59098750002187,RV_VST,2508
59098750002187,RV_VST,2512
59098750002187,RV_VST,2516
59098750002187,RV_VST,2520
59098750002187,RV_VST,2524
59098750002187,RV_VST,2528
59098750002187,RV_VST,2532
59098750002187,RV_VST,2536
59098750002187,RV_VST,2540
59098750002187,RV_VST,2544
59098750002187,RV_VST,2548
59098750002187,RV_VST,2552
59098750002187,RV_VST,2556
60198261629991,RV_VLD,0
60198261629991,RV_VLD,4
60198261629991,RV_VLD,8
60198261629991,RV_VLD,12
60198261629991,RV_VLD,16
60198261629991,RV_VLD,20
60198261629991,RV_VLD,24
60198261629991,RV_VLD,28
60198261629991,RV_VLD,32
60198261629991,RV_VLD,36
60198261629991,RV_VLD,40
60198261629991,RV_VLD,44
60198261629991,RV_VLD,48
60198261629991,RV_VLD,52
60198261629991,RV_VLD,56
60198261629991,RV_VLD,60
60198261629991,RV_VLD,64
60198261629991,RV_VLD,68
60198261629991,RV_VLD,72
60198261629991,RV_VLD,76
60198261629991,RV_VLD,80
60198261629991,RV_VLD,84
60198261629991,RV_VLD,88
60198261629991,RV_VLD,92
60198261629991,RV_VLD,96
60198261629991,RV_VLD,100
60198261629991,RV_VLD,104
60198261629991,RV_VLD,108
60198261629991,RV_VLD,112
60198261629991,RV_VLD,116
60198261629991,RV_VLD,120
60198261629991,RV_VLD,124
60198261629991,RV_VLD,128
60198261629991,RV_VLD,132
60198261629991,RV_VLD,136
60198261629991,RV_VLD,140
60198261629991,RV_VLD,144
60198261629991,RV_VLD,148
60198261629991,RV_VLD,152
60198261629991,RV_VLD,156
60198261629991,RV_VLD,160
60198261629991,RV_VLD,164
60198261629991,RV_VLD,168
60198261629991,RV_VLD,172
60198261629991,RV_VLD,176
60198261629991,RV_VLD,180
60198261629991,RV_VLD,184
60198261629991,RV_VLD,188
60198261629991,RV_VLD,192
60198261629991,RV_VLD,196
60198261629991,RV_VLD,200
60198261629991,RV_VLD,204
60198261629991,RV_VLD,208
60198261629991,RV_VLD,212
60198261629991,RV_VLD,216
60198261629991,RV_VLD,220
60198261629991,RV_VLD,224
60198261629991,RV_VLD,228
60198261629991,RV_VLD,232
60198261629991,RV_VLD,236
60198261629991,RV_VLD,240
60198261629991,RV_VLD,244
60198261629991,RV_VLD,248
60198261629991,RV_VLD,252
60198261629992,RV_VLD,2048
60198261629992,RV_VLD,2052
60198261629992,RV_VLD,2056
60198261629992,RV_VLD,2060
60198261629992,RV_VLD,2064
60198261629992,RV_VLD,2068
60198261629992,RV_VLD,2072
60198261629992,RV_VLD,2076
60198261629992,RV_VLD,2080
60198261629992,RV_VLD,2084
60198261629992,RV_VLD,2088
60198261629992,RV_VLD,2092
60198261629992,RV_VLD,2096
60198261629992,RV_VLD,2100
60198261629992,RV_VLD,2104
60198261629992,RV_VLD,2108
60198261629992,RV_VLD,2112
60198261629992,RV_VLD,2116
60198261629992,RV_VLD,2120
60198261629992,RV_VLD,2124
60198261629992,RV_VLD,2128
60198261629992,RV_VLD,2132
60198261629992,RV_VLD,2136
60198261629992,RV_VLD,2140
60198261629992,RV_VLD,2144
60198261629992,RV_VLD,2148
60198261629992,RV_VLD,2152
60198261629992,RV_VLD,2156
60198261629992,RV_VLD,2160
60198261629992,RV_VLD,2164
60198261629992,RV_VLD,2168
60198261629992,RV_VLD,2172
60198261629992,RV_VLD,2176
60198261629992,RV_VLD,2180
60198261629992,RV_VLD,2184
60198261629992,RV_VLD,2188
60198261629992,RV_VLD,2192
60198261629992,RV_VLD,2196
60198261629992,RV_VLD,2200
60198261629992,RV_VLD,2204
60198261629992,RV_VLD,2208
60198261629992,RV_VLD,2212
60198261629992,RV_VLD,2216
60198261629992,RV_VLD,2220
60198261629992,RV_VLD,2224
60198261629992,RV_VLD,2228
60198261629992,RV_VLD,2232
60198261629992,RV_VLD,2236
60198261629992,RV_VLD,2240
60198261629992,RV_VLD,2244
60198261629992,RV_VLD,2248
60198261629992,RV_VLD,2252
60198261629992,RV_VLD,2256
60198261629992,RV_VLD,2260
60198261629992,RV_VLD,2264
60198261629992,RV_VLD,2268
60198261629992,RV_VLD,2272
60198261629992,RV_VLD,2276
60198261629992,RV_VLD,2280
60198261629992,RV_VLD,2284
60198261629992,RV_VLD,2288
60198261629992,RV_VLD,2292
60198261629992,RV_VLD,2296
60198261629992,RV_VLD,2300
59098750002219,RV_VST,1024
59098750002219,RV_VST,1028
59098750002219,RV_VST,1032
59098750002219,RV_VST,1036
59098750002219,RV_VST,1040
59098750002219,RV_VST,1044
59098750002219,RV_VST,1048
59098750002219,RV_VST,1052
59098750002219,RV_VST,1056
59098750002219,RV_VST,1060
59098750002219,RV_VST,1064
59098750002219,RV_VST,1068
59098750002219,RV_VST,1072
59098750002219,RV_VST,1076
59098750002219,RV_VST,1080
59098750002219,RV_VST,1084
59098750002219,RV_VST,1088
59098750002219,RV_VST,1092
59098750002219,RV_VST,1096
59098750002219,RV_VST,1100
59098750002219,RV_VST,1104
59098750002219,RV_VST,1108
59098750002219,RV_VST,1112
59098750002219,RV_VST,1116
59098750002219,RV_VST,1120
59098750002219,RV_VST,1124
59098750002219,RV_VST,1128
59098750002219,RV_VST,1132
59098750002219,RV_VST,1136
59098750002219,RV_VST,1140
59098750002219,RV_VST,1144
59098750002219,RV_VST,1148
59098750002219,RV_VST,1152
59098750002219,RV_VST,1156
59098750002219,RV_VST,1160
59098750002219,RV_VST,1164
59098750002219,RV_VST,1168
59098750002219,RV_VST,1172
59098750002219,RV_VST,1176
59098750002219,RV_VST,1180
59098750002219,RV_VST,1184
59098750002219,RV_VST,1188
59098750002219,RV_VST,1192
59098750002219,RV_VST,1196
59098750002219,RV_VST,1200
59098750002219,RV_VST,1204
59098750002219,RV_VST,1208
59098750002219,RV_VST,1212
59098750002219,RV_VST,1216
59098750002219,RV_VST,1220
59098750002219,RV_VST,1224
59098750002219,RV_VST,1228
59098750002219,RV_VST,1232
59098750002219,RV_VST,1236
59098750002219,RV_VST,1240
59098750002219,RV_VST,1244
59098750002219,RV_VST,1248
59098750002219,RV_VST,1252
59098750002219,RV_VST,1256
59098750002219,RV_VST,1260
59098750002219,RV_VST,1264
59098750002219,RV_VST,1268
59098750002219,RV_VST,1272
59098750002219,RV_VST,1276
60198261629997,RV_VLD,256
60198261629997,RV_VLD,260
60198261629997,RV_VLD,264
60198261629997,RV_VLD,268
60198261629997,RV_VLD,272
60198261629997,RV_VLD,276
60198261629997,RV_VLD,280
60198261629997,RV_VLD,284
60198261629997,RV_VLD,288
60198261629997,RV_VLD,292
60198261629997,RV_VLD,296
60198261629997,RV_VLD,300
60198261629997,RV_VLD,304
60198261629997,RV_VLD,308
60198261629997,RV_VLD,312
60198261629997,RV_VLD,316
60198261629997,RV_VLD,320
60198261629997,RV_VLD,324
60198261629997,RV_VLD,328
60198261629997,RV_VLD,332
60198261629997,RV_VLD,336
60198261629997,RV_VLD,340
60198261629997,RV_VLD,344
60198261629997,RV_VLD,348
60198261629997,RV_VLD,352
60198261629997,RV_VLD,356
60198261629997,RV_VLD,360
60198261629997,RV_VLD,364
60198261629997,RV_VLD,368
60198261629997,RV_VLD,372
60198261629997,RV_VLD,376
60198261629997,RV_VLD,380
60198261629997,RV_VLD,384
60198261629997,RV_VLD,388
60198261629997,RV_VLD,392
60198261629997,RV_VLD,396
60198261629997,RV_VLD,400
60198261629997,RV_VLD,404
60198261629997,RV_VLD,408
60198261629997,RV_VLD,412
60198261629997,RV_VLD,416
60198261629997,RV_VLD,420
60198261629997,RV_VLD,424
60198261629997,RV_VLD,428
60198261629997,RV_VLD,432
60198261629997,RV_VLD,436
60198261629997,RV_VLD,440
60198261629997,RV_VLD,444
60198261629997,RV_VLD,448
60198261629997,RV_VLD,452
60198261629997,RV_VLD,456
60198261629997,RV_VLD,460
60198261629997,RV_VLD,464
60198261629997,RV_VLD,468
60198261629997,RV_VLD,472
60198261629997,RV_VLD,476
60198261629997,RV_VLD,480
60198261629997,RV_VLD,484
60198261629997,RV_VLD,488
60198261629997,RV_VLD,492
60198261629997,RV_VLD,496
60198261629997,RV_VLD,500
60198261629997,RV_VLD,504
60198261629997,RV_VLD,508
60198261629998,RV_VLD,2304
60198261629998,RV_VLD,2308
60198261629998,RV_VLD,2312
60198261629998,RV_VLD,2316
60198261629998,RV_VLD,2320
60198261629998,RV_VLD,2324
60198261629998,RV_VLD,2328
60198261629998,RV_VLD,2332
60198261629998,RV_VLD,2336
60198261629998,RV_VLD,2340
60198261629998,RV_VLD,2344
60198261629998,RV_VLD,2348
60198261629998,RV_VLD,2352
60198261629998,RV_VLD,2356
60198261629998,RV_VLD,2360
60198261629998,RV_VLD,2364
60198261629998,RV_VLD,2368
60198261629998,RV_VLD,2372
60198261629998,RV_VLD,2376
60198261629998,RV_VLD,2380
60198261629998,RV_VLD,2384
60198261629998,RV_VLD,2388
60198261629998,RV_VLD,2392
60198261629998,RV_VLD,2396
60198261629998,RV_VLD,2400
60198261629998,RV_VLD,2404
60198261629998,RV_VLD,2408
60198261629998,RV_VLD,2412
60198261629998,RV_VLD,2416
60198261629998,RV_VLD,2420
60198261629998,RV_VLD,2424
60198261629998,RV_VLD,2428
60198261629998,RV_VLD,2432
60198261629998,RV_VLD,2436
60198261629998,RV_VLD,2440
60198261629998,RV_VLD,2444
60198261629998,RV_VLD,2448
60198261629998,RV_VLD,2452
60198261629998,RV_VLD,2456
60198261629998,RV_VLD,2460
60198261629998,RV_VLD,2464
60198261629998,RV_VLD,2468
60198261629998,RV_VLD,2472
60198261629998,RV_VLD,2476
60198261629998,RV_VLD,2480
60198261629998,RV_VLD,2484
60198261629998,RV_VLD,2488
60198261629998,RV_VLD,2492
60198261629998,RV_VLD,2496
60198261629998,RV_VLD,2500
60198261629998,RV_VLD,2504
60198261629998,RV_VLD,2508
60198261629998,RV_VLD,2512
60198261629998,RV_VLD,2516
60198261629998,RV_VLD,2520
60198261629998,RV_VLD,2524
60198261629998,RV_VLD,2528
60198261629998,RV_VLD,2532
60198261629998,RV_VLD,2536
60198261629998,RV_VLD,2540
60198261629998,RV_VLD,2544
60198261629998,RV_VLD,2548
60198261629998,RV_VLD,2552
60198261629998,RV_VLD,2556
59098750002225,RV_VST,1280
59098750002225,RV_VST,1284
59098750002225,RV_VST,1288
59098750002225,RV_VST,1292
59098750002225,RV_VST,1296
59098750002225,RV_VST,1300
59098750002225,RV_VST,1304
59098750002225,RV_VST,1308
59098750002225,RV_VST,1312
59098750002225,RV_VST,1316
59098750002225,RV_VST,1320
59098750002225,RV_VST,1324
59098750002225,RV_VST,1328
59098750002225,RV_VST,1332
59098750002225,RV_VST,1336
59098750002225,RV_VST,1340
59098750002225,RV_VST,1344
59098750002225,RV_VST,1348
59098750002225,RV_VST,1352
59098750002225,RV_VST,1356
59098750002225,RV_VST,1360
59098750002225,RV_VST,1364
59098750002225,RV_VST,1368
59098750002225,RV_VST,1372
59098750002225,RV_VST,1376
59098750002225,RV_VST,1380
59098750002225,RV_VST,1384
59098750002225,RV_VST,1388
59098750002225,RV_VST,1392
59098750002225,RV_VST,1396
59098750002225,RV_VST,1400
59098750002225,RV_VST,1404
59098750002225,RV_VST,1408
59098750002225,RV_VST,1412
59098750002225,RV_VST,1416
59098750002225,RV_VST,1420
59098750002225,RV_VST,1424
59098750002225,RV_VST,1428
59098750002225,RV_VST,1432
59098750002225,RV_VST,1436
59098750002225,RV_VST,1440
59098750002225,RV_VST,1444
59098750002225,RV_VST,1448
59098750002225,RV_VST,1452
59098750002225,RV_VST,1456
59098750002225,RV_VST,1460
59098750002225,RV_VST,1464
59098750002225,RV_VST,1468
59098750002225,RV_VST,1472
59098750002225,RV_VST,1476
59098750002225,RV_VST,1480
59098750002225,RV_VST,1484
59098750002225,RV_VST,1488
59098750002225,RV_VST,1492
59098750002225,RV_VST,1496
59098750002225,RV_VST,1500
59098750002225,RV_VST,1504
59098750002225,RV_VST,1508
59098750002225,RV_VST,1512
59098750002225,RV_VST,1516
59098750002225,RV_VST,1520
59098750002225,RV_VST,1524
59098750002225,RV_VST,1528
59098750002225,RV_VST,1532
,,1536
,,1540
,,1544
,,1548
,,1552
,,1556
,,1560
,,1564
,,1568
,,1572
,,1576
,,1580
,,1584
,,1588
,,1592
,,1596
,,1600
,,1604
,,1608
,,1612
,,1616
,,1620
,,1624
,,1628
,,1632
,,1636
,,1640
,,1644
,,1648
,,1652
,,1656
,,1660
,,1664
,,1668
,,1672
,,1676
,,1680
,,1684
,,1688
,,1692
,,1696
,,1700
,,1704
,,1708
,,1712
,,1716
,,1720
,,1724
,,1728
,,1732
,,1736
,,1740
,,1744
,,1748
,,1752
,,1756
,,1760
,,1764
,,1768
,,1772
,,1776
,,1780
,,1784
,,1788
,,1792
,,1796
,,1800
,,1804
,,1808
,,1812
,,1816
,,1820
,,1824
,,1828
,,1832
,,1836
,,1840
,,1844
,,1848
,,1852
,,1856
,,1860
,,1864
,,1868
,,1872
,,1876
,,1880
,,1884
,,1888
,,1892
,,1896
,,1900
,,1904
,,1908
,,1912
,,1916
,,1920
,,1924
,,1928
,,1932
,,1936
,,1940
,,1944
,,1948
,,1952
,,1956
,,1960
,,1964
,,1968
,,1972
,,1976
,,1980
,,1984
,,1988
,,1992
,,1996
,,2000
,,2004
,,2008
,,2012
,,2016
,,2020
,,2024
,,2028
,,2032
,,2036
,,2040
,,2044
,,1536
,,1024
,,1028
,,1032
,,1036
,,1040
,,1044
,,1048
,,1052
,,1056
,,1060
,,1064
,,1068
,,1072
,,1076
,,1080
,,1084
,,1088
,,1092
,,1096
,,1100
,,1104
,,1108
,,1112
,,1116
,,1120
,,1124
,,1128
,,1132
,,1136
,,1140
,,1144
,,1148
,,1152
,,1156
,,1160
,,1164
,,1168
,,1172
,,1176
,,1180
,,1184
,,1188
,,1192
,,1196
,,1200
,,1204
,,1208
,,1212
,,1216
,,1220
,,1224
,,1228
,,1232
,,1236
,,1240
,,1244
,,1248
,,1252
,,1256
,,1260
,,1264
,,1268
,,1272
,,1276
,,1280
,,1284
,,1288
,,1292
,,1296
,,1300
,,1304
,,1308
,,1312
,,1316
,,1320
,,1324
,,1328
,,1332
,,1336
,,1340
,,1344
,,1348
,,1352
,,1356
,,1360
,,1364
,,1368
,,1372
,,1376
,,1380
,,1384
,,1388
,,1392
,,1396
,,1400
,,1404
,,1408
,,1412
,,1416
,,1420
,,1424
,,1428
,,1432
,,1436
,,1440
,,1444
,,1448
,,1452
,,1456
,,1460
,,1464
,,1468
,,1472
,,1476
,,1480
,,1484
,,1488
,,1492
,,1496
,,1500
,,1504
,,1508
,,1512
,,1516
,,1520
,,1524
,,1528
,,1532
,,1024
,,1536
,,1540
,,1544
,,1548
,,1552
,,1556
,,1560
,,1564
,,1568
,,1572
,,1576
,,1580
,,1584
,,1588
,,1592
,,1596
,,1600
,,1604
,,1608
,,1612
,,1616
,,1620
,,1624
,,1628
,,1632
,,1636
,,1640
,,1644
,,1648
,,1652
,,1656
,,1660
,,1664
,,1668
,,1672
,,1676
,,1680
,,1684
,,1688
,,1692
,,1696
,,1700
,,1704
,,1708
,,1712
,,1716
,,1720
,,1724
,,1728
,,1732
,,1736
,,1740
,,1744
,,1748
,,1752
,,1756
,,1760
,,1764
,,1768
,,1772
,,1776
,,1780
,,1784
,,1788
,,1792
,,1796
,,1800
,,1804
,,1808
,,1812
,,1816
,,1820
,,1824
,,1828
,,1832
,,1836
,,1840
,,1844
,,1848
,,1852
,,1856
,,1860
,,1864
,,1868
,,1872
,,1876
,,1880
,,1884
,,1888
,,1892
,,1896
,,1900
,,1904
,,1908
,,1912
,,1916
,,1920
,,1924
,,1928
,,1932
,,1936
,,1940
,,1944
,,1948
,,1952
,,1956
,,1960
,,1964
,,1968
,,1972
,,1976
,,1980
,,1984
,,1988
,,1992
,,1996
,,2000
,,2004
,,2008
,,2012
,,2016
,,2020
,,2024
,,2028
,,2032
,,2036
,,2040
,,2044
,,1536
,,1024
,,1028
,,1032
,,1036
,,1040
,,1044
,,1048
,,1052
,,1056
,,1060
,,1064
,,1068
,,1072
,,1076
,,1080
,,1084
,,1088
,,1092
,,1096
,,1100
,,1104
,,1108
,,1112
,,1116
,,1120
,,1124
,,1128
,,1132
,,1136
,,1140
,,1144
,,1148
,,1152
,,1156
,,1160
,,1164
,,1168
,,1172
,,1176
,,1180
,,1184
,,1188
,,1192
,,1196
,,1200
,,1204
,,1208
,,1212
,,1216
,,1220
,,1224
,,1228
,,1232
,,1236
,,1240
,,1244
,,1248
,,1252
,,1256
,,1260
,,1264
,,1268
,,1272
,,1276
,,1280
,,1284
,,1288
,,1292
,,1296
,,1300
,,1304
,,1308
,,1312
,,1316
,,1320
,,1324
,,1328
,,1332
,,1336
,,1340
,,1344
,,1348
,,1352
,,1356
,,1360
,,1364
,,1368
,,1372
,,1376
,,1380
,,1384
,,1388
,,1392
,,1396
,,1400
,,1404
,,1408
,,1412
,,1416
,,1420
,,1424
,,1428
,,1432
,,1436
,,1440
,,1444
,,1448
,,1452
,,1456
,,1460
,,1464
,,1468
,,1472
,,1476
,,1480
,,1484
,,1488
,,1492
,,1496
,,1500
,,1504
,,1508
,,1512
,,1516
,,1520
,,1524
,,1528
,,1532
,,1024
,,512
,,516
,,520
,,524
,,528
,,532
,,536
,,540
,,544
,,548
,,552
,,556
,,560
,,564
,,568
,,572
,,576
,,580
,,584
,,588
,,592
,,596
,,600
,,604
,,608
,,612
,,616
,,620
,,624
,,628
,,632
,,636
,,640
,,644
,,648
,,652
,,656
,,660
,,664
,,668
,,672
,,676
,,680
,,684
,,688
,,692
,,696
,,700
,,704
,,708
,,712
,,716
,,720
,,724
,,728
,,732
,,736
,,740
,,744
,,748
,,752
,,756
,,760
,,764
,,768
,,772
,,776
,,780
,,784
,,788
,,792
,,796
,,800
,,804
,,808
,,812
,,816
,,820
,,824
,,828
,,832
,,836
,,840
,,844
,,848
,,852
,,856
,,860
,,864
,,868
,,872
,,876
,,880
,,884
,,888
,,892
,,896
,,900
,,904
,,908
,,912
,,916
,,920
,,924
,,928
,,932
,,936
,,940
,,944
,,948
,,952
,,956
,,960
,,964
,,968
,,972
,,976
,,980
,,984
,,988
,,992
,,996
,,1000
,,1004
,,1008
,,1012
,,1016
,,1020
,,0
,,4
,,8
,,12
,,16
,,20
,,24
,,28
,,32
,,36
,,40
,,44
,,48
,,52
,,56
,,60
,,64
,,68
,,72
,,76
,,80
,,84
,,88
,,92
,,96
,,100
,,104
,,108
,,112
,,116
,,120
,,124
,,128
,,132
,,136
,,140
,,144
,,148
,,152
,,156
,,160
,,164
,,168
,,172
,,176
,,180
,,184
,,188
,,192
,,196
,,200
,,204
,,208
,,212
,,216
,,220
,,224
,,228
,,232
,,236
,,240
,,244
,,248
,,252
,,256
,,260
,,264
,,268
,,272
,,276
,,280
,,284
,,288
,,292
,,296
,,300
,,304
,,308
,,312
,,316
,,320
,,324
,,328
,,332
,,336
,,340
,,344
,,348
,,352
,,356
,,360
,,364
,,368
,,372
,,376
,,380
,,384
,,388
,,392
,,396
,,400
,,404
,,408
,,412
,,416
,,420
,,424
,,428
,,432
,,436
,,440
,,444
,,448
,,452
,,456
,,460
,,464
,,468
,,472
,,476
,,480
,,484
,,488
,,492
,,496
,,500
,,504
,,508
59923383723203,RV_VLD,512
59923383723203,RV_VLD,516
59923383723203,RV_VLD,520
59923383723203,RV_VLD,524
59923383723203,RV_VLD,528
59923383723203,RV_VLD,532
59923383723203,RV_VLD,536
59923383723203,RV_VLD,540
59923383723203,RV_VLD,544
59923383723203,RV_VLD,548
59923383723203,RV_VLD,552
59923383723203,RV_VLD,556
59923383723203,RV_VLD,560
59923383723203,RV_VLD,564
59923383723203,RV_VLD,568
59923383723203,RV_VLD,572
59923383723203,RV_VLD,576
59923383723203,RV_VLD,580
59923383723203,RV_VLD,584
59923383723203,RV_VLD,588
59923383723203,RV_VLD,592
59923383723203,RV_VLD,596
59923383723203,RV_VLD,600
59923383723203,RV_VLD,604
59923383723203,RV_VLD,608
59923383723203,RV_VLD,612
59923383723203,RV_VLD,616
59923383723203,RV_VLD,620
59923383723203,RV_VLD,624
59923383723203,RV_VLD,628
59923383723203,RV_VLD,632
59923383723203,RV_VLD,636
59923383723203,RV_VLD,640
59923383723203,RV_VLD,644
59923383723203,RV_VLD,648
59923383723203,RV_VLD,652
59923383723203,RV_VLD,656
59923383723203,RV_VLD,660
59923383723203,RV_VLD,664
59923383723203,RV_VLD,668
59923383723203,RV_VLD,672
59923383723203,RV_VLD,676
59923383723203,RV_VLD,680
59923383723203,RV_VLD,684
59923383723203,RV_VLD,688
59923383723203,RV_VLD,692
59923383723203,RV_VLD,696
59923383723203,RV_VLD,700
59923383723203,RV_VLD,704
59923383723203,RV_VLD,708
59923383723203,RV_VLD,712
59923383723203,RV_VLD,716
59923383723203,RV_VLD,720
59923383723203,RV_VLD,724
59923383723203,RV_VLD,728
59923383723203,RV_VLD,732
59923383723203,RV_VLD,736
59923383723203,RV_VLD,740
59923383723203,RV_VLD,744
59923383723203,RV_VLD,748
59923383723203,RV_VLD,752
59923383723203,RV_VLD,756
59923383723203,RV_VLD,760
59923383723203,RV_VLD,764
58823872095430,RV_VST,2048
58823872095430,RV_VST,2052
58823872095430,RV_VST,2056
58823872095430,RV_VST,2060
58823872095430,RV_VST,2064
58823872095430,RV_VST,2068
58823872095430,RV_VST,2072
58823872095430,RV_VST,2076
58823872095430,RV_VST,2080
58823872095430,RV_VST,2084
58823872095430,RV_VST,2088
58823872095430,RV_VST,2092
58823872095430,RV_VST,2096
58823872095430,RV_VST,2100
58823872095430,RV_VST,2104
58823872095430,RV_VST,2108
58823872095430,RV_VST,2112
58823872095430,RV_VST,2116
58823872095430,RV_VST,2120
58823872095430,RV_VST,2124
58823872095430,RV_VST,2128
58823872095430,RV_VST,2132
58823872095430,RV_VST,2136
58823872095430,RV_VST,2140
58823872095430,RV_VST,2144
58823872095430,RV_VST,2148
58823872095430,RV_VST,2152
58823872095430,RV_VST,2156
58823872095430,RV_VST,2160
58823872095430,RV_VST,2164
58823872095430,RV_VST,2168
58823872095430,RV_VST,2172
58823872095430,RV_VST,2176
58823872095430,RV_VST,2180
58823872095430,RV_VST,2184
58823872095430,RV_VST,2188
58823872095430,RV_VST,2192
58823872095430,RV_VST,2196
58823872095430,RV_VST,2200
58823872095430,RV_VST,2204
58823872095430,RV_VST,2208
58823872095430,RV_VST,2212
58823872095430,RV_VST,2216
58823872095430,RV_VST,2220
58823872095430,RV_VST,2224
58823872095430,RV_VST,2228
58823872095430,RV_VST,2232
58823872095430,RV_VST,2236
58823872095430,RV_VST,2240
58823872095430,RV_VST,2244
58823872095430,RV_VST,2248
58823872095430,RV_VST,2252
58823872095430,RV_VST,2256
58823872095430,RV_VST,2260
58823872095430,RV_VST,2264
58823872095430,RV_VST,2268
58823872095430,RV_VST,2272
58823872095430,RV_VST,2276
58823872095430,RV_VST,2280
58823872095430,RV_VST,2284
58823872095430,RV_VST,2288
58823872095430,RV_VST,2292
58823872095430,RV_VST,2296
58823872095430,RV_VST,2300
59923383723207,RV_VLD,768
59923383723207,RV_VLD,772
59923383723207,RV_VLD,776
59923383723207,RV_VLD,780
59923383723207,RV_VLD,784
59923383723207,RV_VLD,788
59923383723207,RV_VLD,792
59923383723207,RV_VLD,796
59923383723207,RV_VLD,800
59923383723207,RV_VLD,804
59923383723207,RV_VLD,808
59923383723207,RV_VLD,812
59923383723207,RV_VLD,816
59923383723207,RV_VLD,820
59923383723207,RV_VLD,824
59923383723207,RV_VLD,828
59923383723207,RV_VLD,832
59923383723207,RV_VLD,836
59923383723207,RV_VLD,840
59923383723207,RV_VLD,844
59923383723207,RV_VLD,848
59923383723207,RV_VLD,852
59923383723207,RV_VLD,856
59923383723207,RV_VLD,860
59923383723207,RV_VLD,864
59923383723207,RV_VLD,868
59923383723207,RV_VLD,872
59923383723207,RV_VLD,876
59923383723207,RV_VLD,880
59923383723207,RV_VLD,884
59923383723207,RV_VLD,888
59923383723207,RV_VLD,892
59923383723207,RV_VLD,896
59923383723207,RV_VLD,900
59923383723207,RV_VLD,904
59923383723207,RV_VLD,908
59923383723207,RV_VLD,912
59923383723207,RV_VLD,916
59923383723207,RV_VLD,920
59923383723207,RV_VLD,924
59923383723207,RV_VLD,928
59923383723207,RV_VLD,932
59923383723207,RV_VLD,936
59923383723207,RV_VLD,940
59923383723207,RV_VLD,944
59923383723207,RV_VLD,948
59923383723207,RV_VLD,952
59923383723207,RV_VLD,956
59923383723207,RV_VLD,960
59923383723207,RV_VLD,964
59923383723207,RV_VLD,968
59923383723207,RV_VLD,972
59923383723207,RV_VLD,976
59923383723207,RV_VLD,980
59923383723207,RV_VLD,984
59923383723207,RV_VLD,988
59923383723207,RV_VLD,992
59923383723207,RV_VLD,996
59923383723207,RV_VLD,1000
59923383723207,RV_VLD,1004
59923383723207,RV_VLD,1008
59923383723207,RV_VLD,1012
59923383723207,RV_VLD,1016
59923383723207,RV_VLD,1020
58823872095434,RV_VST,2304
58823872095434,RV_VST,2308
58823872095434,RV_VST,2312
58823872095434,RV_VST,2316
58823872095434,RV_VST,2320
58823872095434,RV_VST,2324
58823872095434,RV_VST,2328
58823872095434,RV_VST,2332
58823872095434,RV_VST,2336
58823872095434,RV_VST,2340
58823872095434,RV_VST,2344
58823872095434,RV_VST,2348
58823872095434,RV_VST,2352
58823872095434,RV_VST,2356
58823872095434,RV_VST,2360
58823872095434,RV_VST,2364
58823872095434,RV_VST,2368
58823872095434,RV_VST,2372
58823872095434,RV_VST,2376
58823872095434,RV_VST,2380
58823872095434,RV_VST,2384
58823872095434,RV_VST,2388
58823872095434,RV_VST,2392
58823872095434,RV_VST,2396
58823872095434,RV_VST,2400
58823872095434,RV_VST,2404
58823872095434,RV_VST,2408
58823872095434,RV_VST,2412
58823872095434,RV_VST,2416
58823872095434,RV_VST,2420
58823872095434,RV_VST,2424
58823872095434,RV_VST,2428
58823872095434,RV_VST,2432
58823872095434,RV_VST,2436
58823872095434,RV_VST,2440
58823872095434,RV_VST,2444
58823872095434,RV_VST,2448
58823872095434,RV_VST,2452
58823872095434,RV_VST,2456
58823872095434,RV_VST,2460
58823872095434,RV_VST,2464
58823872095434,RV_VST,2468
58823872095434,RV_VST,2472
58823872095434,RV_VST,2476
58823872095434,RV_VST,2480
58823872095434,RV_VST,2484
58823872095434,RV_VST,2488
58823872095434,RV_VST,2492
58823872095434,RV_VST,2496
58823872095434,RV_VST,2500
58823872095434,RV_VST,2504
58823872095434,RV_VST,2508
58823872095434,RV_VST,2512
58823872095434,RV_VST,2516
58823872095434,RV_VST,2520
58823872095434,RV_VST,2524
58823872095434,RV_VST,2528
58823872095434,RV_VST,2532
58823872095434,RV_VST,2536
58823872095434,RV_VST,2540
58823872095434,RV_VST,2544
58823872095434,RV_VST,2548
58823872095434,RV_VST,2552
58823872095434,RV_VST,2556
59923383723214,RV_VLD,2048
59923383723214,RV_VLD,2052
59923383723214,RV_VLD,2056
59923383723214,RV_VLD,2060
59923383723214,RV_VLD,2064
59923383723214,RV_VLD,2068
59923383723214,RV_VLD,2072
59923383723214,RV_VLD,2076
59923383723214,RV_VLD,2080
59923383723214,RV_VLD,2084
59923383723214,RV_VLD,2088
59923383723214,RV_VLD,2092
59923383723214,RV_VLD,2096
59923383723214,RV_VLD,2100
59923383723214,RV_VLD,2104
59923383723214,RV_VLD,2108
59923383723214,RV_VLD,2112
59923383723214,RV_VLD,2116
59923383723214,RV_VLD,2120
59923383723214,RV_VLD,2124
59923383723214,RV_VLD,2128
59923383723214,RV_VLD,2132
59923383723214,RV_VLD,2136
59923383723214,RV_VLD,2140
59923383723214,RV_VLD,2144
59923383723214,RV_VLD,2148
59923383723214,RV_VLD,2152
59923383723214,RV_VLD,2156
59923383723214,RV_VLD,2160
59923383723214,RV_VLD,2164
59923383723214,RV_VLD,2168
59923383723214,RV_VLD,2172
59923383723214,RV_VLD,2176
59923383723214,RV_VLD,2180
59923383723214,RV_VLD,2184
59923383723214,RV_VLD,2188
59923383723214,RV_VLD,2192
59923383723214,RV_VLD,2196
59923383723214,RV_VLD,2200
59923383723214,RV_VLD,2204
59923383723214,RV_VLD,2208
59923383723214,RV_VLD,2212
59923383723214,RV_VLD,2216
59923383723214,RV_VLD,2220
59923383723214,RV_VLD,2224
59923383723214,RV_VLD,2228
59923383723214,RV_VLD,2232
59923383723214,RV_VLD,2236
59923383723214,RV_VLD,2240
59923383723214,RV_VLD,2244
59923383723214,RV_VLD,2248
59923383723214,RV_VLD,2252
59923383723214,RV_VLD,2256
59923383723214,RV_VLD,2260
59923383723214,RV_VLD,2264
59923383723214,RV_VLD,2268
59923383723214,RV_VLD,2272
59923383723214,RV_VLD,2276
59923383723214,RV_VLD,2280
59923383723214,RV_VLD,2284
59923383723214,RV_VLD,2288
59923383723214,RV_VLD,2292
59923383723214,RV_VLD,2296
59923383723214,RV_VLD,2300
58823872095442,RV_VST,2048
58823872095442,RV_VST,2052
58823872095442,RV_VST,2056
58823872095442,RV_VST,2060
58823872095442,RV_VST,2064
58823872095442,RV_VST,2068
58823872095442,RV_VST,2072
58823872095442,RV_VST,2076
58823872095442,RV_VST,2080
58823872095442,RV_VST,2084
58823872095442,RV_VST,2088
58823872095442,RV_VST,2092
58823872095442,RV_VST,2096
58823872095442,RV_VST,2100
58823872095442,RV_VST,2104
58823872095442,RV_VST,2108
58823872095442,RV_VST,2112
58823872095442,RV_VST,2116
58823872095442,RV_VST,2120
58823872095442,RV_VST,2124
58823872095442,RV_VST,2128
58823872095442,RV_VST,2132
58823872095442,RV_VST,2136
58823872095442,RV_VST,2140
58823872095442,RV_VST,2144
58823872095442,RV_VST,2148
58823872095442,RV_VST,2152
58823872095442,RV_VST,2156
58823872095442,RV_VST,2160
58823872095442,RV_VST,2164
58823872095442,RV_VST,2168
58823872095442,RV_VST,2172
58823872095442,RV_VST,2176
58823872095442,RV_VST,2180
58823872095442,RV_VST,2184
58823872095442,RV_VST,2188
58823872095442,RV_VST,2192
58823872095442,RV_VST,2196
58823872095442,RV_VST,2200
58823872095442,RV_VST,2204
58823872095442,RV_VST,2208
58823872095442,RV_VST,2212
58823872095442,RV_VST,2216
58823872095442,RV_VST,2220
58823872095442,RV_VST,2224
58823872095442,RV_VST,2228
58823872095442,RV_VST,2232
58823872095442,RV_VST,2236
58823872095442,RV_VST,2240
58823872095442,RV_VST,2244
58823872095442,RV_VST,2248
58823872095442,RV_VST,2252
58823872095442,RV_VST,2256
58823872095442,RV_VST,2260
58823872095442,RV_VST,2264
58823872095442,RV_VST,2268
58823872095442,RV_VST,2272
58823872095442,RV_VST,2276
58823872095442,RV_VST,2280
58823872095442,RV_VST,2284
58823872095442,RV_VST,2288
58823872095442,RV_VST,2292
58823872095442,RV_VST,2296
58823872095442,RV_VST,2300
59923383723219,RV_VLD,2304
59923383723219,RV_VLD,2308
59923383723219,RV_VLD,2312
59923383723219,RV_VLD,2316
59923383723219,RV_VLD,2320
59923383723219,RV_VLD,2324
59923383723219,RV_VLD,2328
59923383723219,RV_VLD,2332
59923383723219,RV_VLD,2336
59923383723219,RV_VLD,2340
59923383723219,RV_VLD,2344
59923383723219,RV_VLD,2348
59923383723219,RV_VLD,2352
59923383723219,RV_VLD,2356
59923383723219,RV_VLD,2360
59923383723219,RV_VLD,2364
59923383723219,RV_VLD,2368
59923383723219,RV_VLD,2372
59923383723219,RV_VLD,2376
59923383723219,RV_VLD,2380
59923383723219,RV_VLD,2384
59923383723219,RV_VLD,2388
59923383723219,RV_VLD,2392
59923383723219,RV_VLD,2396
59923383723219,RV_VLD,2400
59923383723219,RV_VLD,2404
59923383723219,RV_VLD,2408
59923383723219,RV_VLD,2412
59923383723219,RV_VLD,2416
59923383723219,RV_VLD,2420
59923383723219,RV_VLD,2424
59923383723219,RV_VLD,2428
59923383723219,RV_VLD,2432
59923383723219,RV_VLD,2436
59923383723219,RV_VLD,2440
59923383723219,RV_VLD,2444
59923383723219,RV_VLD,2448
59923383723219,RV_VLD,2452
59923383723219,RV_VLD,2456
59923383723219,RV_VLD,2460
59923383723219,RV_VLD,2464
59923383723219,RV_VLD,2468
59923383723219,RV_VLD,2472
59923383723219,RV_VLD,2476
59923383723219,RV_VLD,2480
59923383723219,RV_VLD,2484
59923383723219,RV_VLD,2488
59923383723219,RV_VLD,2492
59923383723219,RV_VLD,2496
59923383723219,RV_VLD,2500
59923383723219,RV_VLD,2504
59923383723219,RV_VLD,2508
59923383723219,RV_VLD,2512
59923383723219,RV_VLD,2516
59923383723219,RV_VLD,2520
59923383723219,RV_VLD,2524
59923383723219,RV_VLD,2528
59923383723219,RV_VLD,2532
59923383723219,RV_VLD,2536
59923383723219,RV_VLD,2540
59923383723219,RV_VLD,2544
59923383723219,RV_VLD,2548
59923383723219,RV_VLD,2552
59923383723219,RV_VLD,2556
58823872095447,RV_VST,2304
58823872095447,RV_VST,2308
58823872095447,RV_VST,2312
58823872095447,RV_VST,2316
58823872095447,RV_VST,2320
58823872095447,RV_VST,2324
58823872095447,RV_VST,2328
58823872095447,RV_VST,2332
58823872095447,RV_VST,2336
58823872095447,RV_VST,2340
58823872095447,RV_VST,2344
58823872095447,RV_VST,2348
58823872095447,RV_VST,2352
58823872095447,RV_VST,2356
58823872095447,RV_VST,2360
58823872095447,RV_VST,2364
58823872095447,RV_VST,2368
58823872095447,RV_VST,2372
58823872095447,RV_VST,2376
58823872095447,RV_VST,2380
58823872095447,RV_VST,2384
58823872095447,RV_VST,2388
58823872095447,RV_VST,2392
58823872095447,RV_VST,2396
58823872095447,RV_VST,2400
58823872095447,RV_VST,2404
58823872095447,RV_VST,2408
58823872095447,RV_VST,2412
58823872095447,RV_VST,2416
58823872095447,RV_VST,2420
58823872095447,RV_VST,2424
58823872095447,RV_VST,2428
58823872095447,RV_VST,2432
58823872095447,RV_VST,2436
58823872095447,RV_VST,2440
58823872095447,RV_VST,2444
58823872095447,RV_VST,2448
58823872095447,RV_VST,2452
58823872095447,RV_VST,2456
58823872095447,RV_VST,2460
58823872095447,RV_VST,2464
58823872095447,RV_VST,2468
58823872095447,RV_VST,2472
58823872095447,RV_VST,2476
58823872095447,RV_VST,2480
58823872095447,RV_VST,2484
58823872095447,RV_VST,2488
58823872095447,RV_VST,2492
58823872095447,RV_VST,2496
58823872095447,RV_VST,2500
58823872095447,RV_VST,2504
58823872095447,RV_VST,2508
58823872095447,RV_VST,2512
58823872095447,RV_VST,2516
58823872095447,RV_VST,2520
58823872095447,RV_VST,2524
58823872095447,RV_VST,2528
58823872095447,RV_VST,2532
58823872095447,RV_VST,2536
58823872095447,RV_VST,2540
58823872095447,RV_VST,2544
58823872095447,RV_VST,2548
58823872095447,RV_VST,2552
58823872095447,RV_VST,2556
59923383723227,RV_VLD,2048
59923383723227,RV_VLD,2052
59923383723227,RV_VLD,2056
59923383723227,RV_VLD,2060
59923383723227,RV_VLD,2064
59923383723227,RV_VLD,2068
59923383723227,RV_VLD,2072
59923383723227,RV_VLD,2076
59923383723227,RV_VLD,2080
59923383723227,RV_VLD,2084
59923383723227,RV_VLD,2088
59923383723227,RV_VLD,2092
59923383723227,RV_VLD,2096
59923383723227,RV_VLD,2100
59923383723227,RV_VLD,2104
59923383723227,RV_VLD,2108
59923383723227,RV_VLD,2112
59923383723227,RV_VLD,2116
59923383723227,RV_VLD,2120
59923383723227,RV_VLD,2124
59923383723227,RV_VLD,2128
59923383723227,RV_VLD,2132
59923383723227,RV_VLD,2136
59923383723227,RV_VLD,2140
59923383723227,RV_VLD,2144
59923383723227,RV_VLD,2148
59923383723227,RV_VLD,2152
59923383723227,RV_VLD,2156
59923383723227,RV_VLD,2160
59923383723227,RV_VLD,2164
59923383723227,RV_VLD,2168
59923383723227,RV_VLD,2172
59923383723227,RV_VLD,2176
59923383723227,RV_VLD,2180
59923383723227,RV_VLD,2184
59923383723227,RV_VLD,2188
59923383723227,RV_VLD,2192
59923383723227,RV_VLD,2196
59923383723227,RV_VLD,2200
59923383723227,RV_VLD,2204
59923383723227,RV_VLD,2208
59923383723227,RV_VLD,2212
59923383723227,RV_VLD,2216
59923383723227,RV_VLD,2220
59923383723227,RV_VLD,2224
59923383723227,RV_VLD,2228
59923383723227,RV_VLD,2232
59923383723227,RV_VLD,2236
59923383723227,RV_VLD,2240
59923383723227,RV_VLD,2244
59923383723227,RV_VLD,2248
59923383723227,RV_VLD,2252
59923383723227,RV_VLD,2256
59923383723227,RV_VLD,2260
59923383723227,RV_VLD,2264
59923383723227,RV_VLD,2268
59923383723227,RV_VLD,2272
59923383723227,RV_VLD,2276
59923383723227,RV_VLD,2280
59923383723227,RV_VLD,2284
59923383723227,RV_VLD,2288
59923383723227,RV_VLD,2292
59923383723227,RV_VLD,2296
59923383723227,RV_VLD,2300
59923383723228,RV_VLD,512
59923383723228,RV_VLD,516
59923383723228,RV_VLD,520
59923383723228,RV_VLD,524
59923383723228,RV_VLD,528
59923383723228,RV_VLD,532
59923383723228,RV_VLD,536
59923383723228,RV_VLD,540
59923383723228,RV_VLD,544
59923383723228,RV_VLD,548
59923383723228,RV_VLD,552
59923383723228,RV_VLD,556
59923383723228,RV_VLD,560
59923383723228,RV_VLD,564
59923383723228,RV_VLD,568
59923383723228,RV_VLD,572
59923383723228,RV_VLD,576
59923383723228,RV_VLD,580
59923383723228,RV_VLD,584
59923383723228,RV_VLD,588
59923383723228,RV_VLD,592
59923383723228,RV_VLD,596
59923383723228,RV_VLD,600
59923383723228,RV_VLD,604
59923383723228,RV_VLD,608
59923383723228,RV_VLD,612
59923383723228,RV_VLD,616
59923383723228,RV_VLD,620
59923383723228,RV_VLD,624
59923383723228,RV_VLD,628
59923383723228,RV_VLD,632
59923383723228,RV_VLD,636
59923383723228,RV_VLD,640
59923383723228,RV_VLD,644
59923383723228,RV_VLD,648
59923383723228,RV_VLD,652
59923383723228,RV_VLD,656
59923383723228,RV_VLD,660
59923383723228,RV_VLD,664
59923383723228,RV_VLD,668
59923383723228,RV_VLD,672
59923383723228,RV_VLD,676
59923383723228,RV_VLD,680
59923383723228,RV_VLD,684
59923383723228,RV_VLD,688
59923383723228,RV_VLD,692
59923383723228,RV_VLD,696
59923383723228,RV_VLD,700
59923383723228,RV_VLD,704
59923383723228,RV_VLD,708
59923383723228,RV_VLD,712
59923383723228,RV_VLD,716
59923383723228,RV_VLD,720
59923383723228,RV_VLD,724
59923383723228,RV_VLD,728
59923383723228,RV_VLD,732
59923383723228,RV_VLD,736
59923383723228,RV_VLD,740
59923383723228,RV_VLD,744
59923383723228,RV_VLD,748
59923383723228,RV_VLD,752
59923383723228,RV_VLD,756
59923383723228,RV_VLD,760
59923383723228,RV_VLD,764
58823872095455,RV_VST,2048
58823872095455,RV_VST,2052
58823872095455,RV_VST,2056
58823872095455,RV_VST,2060
58823872095455,RV_VST,2064
58823872095455,RV_VST,2068
58823872095455,RV_VST,2072
58823872095455,RV_VST,2076
58823872095455,RV_VST,2080
58823872095455,RV_VST,2084
58823872095455,RV_VST,2088
58823872095455,RV_VST,2092
58823872095455,RV_VST,2096
58823872095455,RV_VST,2100
58823872095455,RV_VST,2104
58823872095455,RV_VST,2108
58823872095455,RV_VST,2112
58823872095455,RV_VST,2116
58823872095455,RV_VST,2120
58823872095455,RV_VST,2124
58823872095455,RV_VST,2128
58823872095455,RV_VST,2132
58823872095455,RV_VST,2136
58823872095455,RV_VST,2140
58823872095455,RV_VST,2144
58823872095455,RV_VST,2148
58823872095455,RV_VST,2152
58823872095455,RV_VST,2156
58823872095455,RV_VST,2160
58823872095455,RV_VST,2164
58823872095455,RV_VST,2168
58823872095455,RV_VST,2172
58823872095455,RV_VST,2176
58823872095455,RV_VST,2180
58823872095455,RV_VST,2184
58823872095455,RV_VST,2188
58823872095455,RV_VST,2192
58823872095455,RV_VST,2196
58823872095455,RV_VST,2200
58823872095455,RV_VST,2204
58823872095455,RV_VST,2208
58823872095455,RV_VST,2212
58823872095455,RV_VST,2216
58823872095455,RV_VST,2220
58823872095455,RV_VST,2224
58823872095455,RV_VST,2228
58823872095455,RV_VST,2232
58823872095455,RV_VST,2236
58823872095455,RV_VST,2240
58823872095455,RV_VST,2244
58823872095455,RV_VST,2248
58823872095455,RV_VST,2252
58823872095455,RV_VST,2256
58823872095455,RV_VST,2260
58823872095455,RV_VST,2264
58823872095455,RV_VST,2268
58823872095455,RV_VST,2272
58823872095455,RV_VST,2276
58823872095455,RV_VST,2280
58823872095455,RV_VST,2284
58823872095455,RV_VST,2288
58823872095455,RV_VST,2292
58823872095455,RV_VST,2296
58823872095455,RV_VST,2300
59923383723232,RV_VLD,2304
59923383723232,RV_VLD,2308
59923383723232,RV_VLD,2312
59923383723232,RV_VLD,2316
59923383723232,RV_VLD,2320
59923383723232,RV_VLD,2324
59923383723232,RV_VLD,2328
59923383723232,RV_VLD,2332
59923383723232,RV_VLD,2336
59923383723232,RV_VLD,2340
59923383723232,RV_VLD,2344
59923383723232,RV_VLD,2348
59923383723232,RV_VLD,2352
59923383723232,RV_VLD,2356
59923383723232,RV_VLD,2360
59923383723232,RV_VLD,2364
59923383723232,RV_VLD,2368
59923383723232,RV_VLD,2372
59923383723232,RV_VLD,2376
59923383723232,RV_VLD,2380
59923383723232,RV_VLD,2384
59923383723232,RV_VLD,2388
59923383723232,RV_VLD,2392
59923383723232,RV_VLD,2396
59923383723232,RV_VLD,2400
59923383723232,RV_VLD,2404
59923383723232,RV_VLD,2408
59923383723232,RV_VLD,2412
59923383723232,RV_VLD,2416
59923383723232,RV_VLD,2420
59923383723232,RV_VLD,2424
59923383723232,RV_VLD,2428
59923383723232,RV_VLD,2432
59923383723232,RV_VLD,2436
59923383723232,RV_VLD,2440
59923383723232,RV_VLD,2444
59923383723232,RV_VLD,2448
59923383723232,RV_VLD,2452
59923383723232,RV_VLD,2456
59923383723232,RV_VLD,2460
59923383723232,RV_VLD,2464
59923383723232,RV_VLD,2468
59923383723232,RV_VLD,2472
59923383723232,RV_VLD,2476
59923383723232,RV_VLD,2480
59923383723232,RV_VLD,2484
59923383723232,RV_VLD,2488
59923383723232,RV_VLD,2492
59923383723232,RV_VLD,2496
59923383723232,RV_VLD,2500
59923383723232,RV_VLD,2504
59923383723232,RV_VLD,2508
59923383723232,RV_VLD,2512
59923383723232,RV_VLD,2516
59923383723232,RV_VLD,2520
59923383723232,RV_VLD,2524
59923383723232,RV_VLD,2528
59923383723232,RV_VLD,2532
59923383723232,RV_VLD,2536
59923383723232,RV_VLD,2540
59923383723232,RV_VLD,2544
59923383723232,RV_VLD,2548
59923383723232,RV_VLD,2552
59923383723232,RV_VLD,2556
59923383723233,RV_VLD,768
59923383723233,RV_VLD,772
59923383723233,RV_VLD,776
59923383723233,RV_VLD,780
59923383723233,RV_VLD,784
59923383723233,RV_VLD,788
59923383723233,RV_VLD,792
59923383723233,RV_VLD,796
59923383723233,RV_VLD,800
59923383723233,RV_VLD,804
59923383723233,RV_VLD,808
59923383723233,RV_VLD,812
59923383723233,RV_VLD,816
59923383723233,RV_VLD,820
59923383723233,RV_VLD,824
59923383723233,RV_VLD,828
59923383723233,RV_VLD,832
59923383723233,RV_VLD,836
59923383723233,RV_VLD,840
59923383723233,RV_VLD,844
59923383723233,RV_VLD,848
59923383723233,RV_VLD,852
59923383723233,RV_VLD,856
59923383723233,RV_VLD,860
59923383723233,RV_VLD,864
59923383723233,RV_VLD,868
59923383723233,RV_VLD,872
59923383723233,RV_VLD,876
59923383723233,RV_VLD,880
59923383723233,RV_VLD,884
59923383723233,RV_VLD,888
59923383723233,RV_VLD,892
59923383723233,RV_VLD,896
59923383723233,RV_VLD,900
59923383723233,RV_VLD,904
59923383723233,RV_VLD,908
59923383723233,RV_VLD,912
59923383723233,RV_VLD,916
59923383723233,RV_VLD,920
59923383723233,RV_VLD,924
59923383723233,RV_VLD,928
59923383723233,RV_VLD,932
59923383723233,RV_VLD,936
59923383723233,RV_VLD,940
59923383723233,RV_VLD,944
59923383723233,RV_VLD,948
59923383723233,RV_VLD,952
59923383723233,RV_VLD,956
59923383723233,RV_VLD,960
59923383723233,RV_VLD,964
59923383723233,RV_VLD,968
59923383723233,RV_VLD,972
59923383723233,RV_VLD,976
59923383723233,RV_VLD,980
59923383723233,RV_VLD,984
59923383723233,RV_VLD,988
59923383723233,RV_VLD,992
59923383723233,RV_VLD,996
59923383723233,RV_VLD,1000
59923383723233,RV_VLD,1004
59923383723233,RV_VLD,1008
59923383723233,RV_VLD,1012
59923383723233,RV_VLD,1016
59923383723233,RV_VLD,1020
58823872095460,RV_VST,2304
58823872095460,RV_VST,2308
58823872095460,RV_VST,2312
58823872095460,RV_VST,2316
58823872095460,RV_VST,2320
58823872095460,RV_VST,2324
58823872095460,RV_VST,2328
58823872095460,RV_VST,2332
58823872095460,RV_VST,2336
58823872095460,RV_VST,2340
58823872095460,RV_VST,2344
58823872095460,RV_VST,2348
58823872095460,RV_VST,2352
58823872095460,RV_VST,2356
58823872095460,RV_VST,2360
58823872095460,RV_VST,2364
58823872095460,RV_VST,2368
58823872095460,RV_VST,2372
58823872095460,RV_VST,2376
58823872095460,RV_VST,2380
58823872095460,RV_VST,2384
58823872095460,RV_VST,2388
58823872095460,RV_VST,2392
58823872095460,RV_VST,2396
58823872095460,RV_VST,2400
58823872095460,RV_VST,2404
58823872095460,RV_VST,2408
58823872095460,RV_VST,2412
58823872095460,RV_VST,2416
58823872095460,RV_VST,2420
58823872095460,RV_VST,2424
58823872095460,RV_VST,2428
58823872095460,RV_VST,2432
58823872095460,RV_VST,2436
58823872095460,RV_VST,2440
58823872095460,RV_VST,2444
58823872095460,RV_VST,2448
58823872095460,RV_VST,2452
58823872095460,RV_VST,2456
58823872095460,RV_VST,2460
58823872095460,RV_VST,2464
58823872095460,RV_VST,2468
58823872095460,RV_VST,2472
58823872095460,RV_VST,2476
58823872095460,RV_VST,2480
58823872095460,RV_VST,2484
58823872095460,RV_VST,2488
58823872095460,RV_VST,2492
58823872095460,RV_VST,2496
58823872095460,RV_VST,2500
58823872095460,RV_VST,2504
58823872095460,RV_VST,2508
58823872095460,RV_VST,2512
58823872095460,RV_VST,2516
58823872095460,RV_VST,2520
58823872095460,RV_VST,2524
58823872095460,RV_VST,2528
58823872095460,RV_VST,2532
58823872095460,RV_VST,2536
58823872095460,RV_VST,2540
58823872095460,RV_VST,2544
58823872095460,RV_VST,2548
58823872095460,RV_VST,2552
58823872095460,RV_VST,2556
59923383723240,RV_VLD,2048
59923383723240,RV_VLD,2052
59923383723240,RV_VLD,2056
59923383723240,RV_VLD,2060
59923383723240,RV_VLD,2064
59923383723240,RV_VLD,2068
59923383723240,RV_VLD,2072
59923383723240,RV_VLD,2076
59923383723240,RV_VLD,2080
59923383723240,RV_VLD,2084
59923383723240,RV_VLD,2088
59923383723240,RV_VLD,2092
59923383723240,RV_VLD,2096
59923383723240,RV_VLD,2100
59923383723240,RV_VLD,2104
59923383723240,RV_VLD,2108
59923383723240,RV_VLD,2112
59923383723240,RV_VLD,2116
59923383723240,RV_VLD,2120
59923383723240,RV_VLD,2124
59923383723240,RV_VLD,2128
59923383723240,RV_VLD,2132
59923383723240,RV_VLD,2136
59923383723240,RV_VLD,2140
59923383723240,RV_VLD,2144
59923383723240,RV_VLD,2148
59923383723240,RV_VLD,2152
59923383723240,RV_VLD,2156
59923383723240,RV_VLD,2160
59923383723240,RV_VLD,2164
59923383723240,RV_VLD,2168
59923383723240,RV_VLD,2172
59923383723240,RV_VLD,2176
59923383723240,RV_VLD,2180
59923383723240,RV_VLD,2184
59923383723240,RV_VLD,2188
59923383723240,RV_VLD,2192
59923383723240,RV_VLD,2196
59923383723240,RV_VLD,2200
59923383723240,RV_VLD,2204
59923383723240,RV_VLD,2208
59923383723240,RV_VLD,2212
59923383723240,RV_VLD,2216
59923383723240,RV_VLD,2220
59923383723240,RV_VLD,2224
59923383723240,RV_VLD,2228
59923383723240,RV_VLD,2232
59923383723240,RV_VLD,2236
59923383723240,RV_VLD,2240
59923383723240,RV_VLD,2244
59923383723240,RV_VLD,2248
59923383723240,RV_VLD,2252
59923383723240,RV_VLD,2256
59923383723240,RV_VLD,2260
59923383723240,RV_VLD,2264
59923383723240,RV_VLD,2268
59923383723240,RV_VLD,2272
59923383723240,RV_VLD,2276
59923383723240,RV_VLD,2280
59923383723240,RV_VLD,2284
59923383723240,RV_VLD,2288
59923383723240,RV_VLD,2292
59923383723240,RV_VLD,2296
59923383723240,RV_VLD,2300
58823872095468,RV_VST,2048
58823872095468,RV_VST,2052
58823872095468,RV_VST,2056
58823872095468,RV_VST,2060
58823872095468,RV_VST,2064
58823872095468,RV_VST,2068
58823872095468,RV_VST,2072
58823872095468,RV_VST,2076
58823872095468,RV_VST,2080
58823872095468,RV_VST,2084
58823872095468,RV_VST,2088
58823872095468,RV_VST,2092
58823872095468,RV_VST,2096
58823872095468,RV_VST,2100
58823872095468,RV_VST,2104
58823872095468,RV_VST,2108
58823872095468,RV_VST,2112
58823872095468,RV_VST,2116
58823872095468,RV_VST,2120
58823872095468,RV_VST,2124
58823872095468,RV_VST,2128
58823872095468,RV_VST,2132
58823872095468,RV_VST,2136
58823872095468,RV_VST,2140
58823872095468,RV_VST,2144
58823872095468,RV_VST,2148
58823872095468,RV_VST,2152
58823872095468,RV_VST,2156
58823872095468,RV_VST,2160
58823872095468,RV_VST,2164
58823872095468,RV_VST,2168
58823872095468,RV_VST,2172
58823872095468,RV_VST,2176
58823872095468,RV_VST,2180
58823872095468,RV_VST,2184
58823872095468,RV_VST,2188
58823872095468,RV_VST,2192
58823872095468,RV_VST,2196
58823872095468,RV_VST,2200
58823872095468,RV_VST,2204
58823872095468,RV_VST,2208
58823872095468,RV_VST,2212
58823872095468,RV_VST,2216
58823872095468,RV_VST,2220
58823872095468,RV_VST,2224
58823872095468,RV_VST,2228
58823872095468,RV_VST,2232
58823872095468,RV_VST,2236
58823872095468,RV_VST,2240
58823872095468,RV_VST,2244
58823872095468,RV_VST,2248
58823872095468,RV_VST,2252
58823872095468,RV_VST,2256
58823872095468,RV_VST,2260
58823872095468,RV_VST,2264
58823872095468,RV_VST,2268
58823872095468,RV_VST,2272
58823872095468,RV_VST,2276
58823872095468,RV_VST,2280
58823872095468,RV_VST,2284
58823872095468,RV_VST,2288
58823872095468,RV_VST,2292
58823872095468,RV_VST,2296
58823872095468,RV_VST,2300
59923383723245,RV_VLD,2304
59923383723245,RV_VLD,2308
59923383723245,RV_VLD,2312
59923383723245,RV_VLD,2316
59923383723245,RV_VLD,2320
59923383723245,RV_VLD,2324
59923383723245,RV_VLD,2328
59923383723245,RV_VLD,2332
59923383723245,RV_VLD,2336
59923383723245,RV_VLD,2340
59923383723245,RV_VLD,2344
59923383723245,RV_VLD,2348
59923383723245,RV_VLD,2352
59923383723245,RV_VLD,2356
59923383723245,RV_VLD,2360
59923383723245,RV_VLD,2364
59923383723245,RV_VLD,2368
59923383723245,RV_VLD,2372
59923383723245,RV_VLD,2376
59923383723245,RV_VLD,2380
59923383723245,RV_VLD,2384
59923383723245,RV_VLD,2388
59923383723245,RV_VLD,2392
59923383723245,RV_VLD,2396
59923383723245,RV_VLD,2400
59923383723245,RV_VLD,2404
59923383723245,RV_VLD,2408
59923383723245,RV_VLD,2412
59923383723245,RV_VLD,2416
59923383723245,RV_VLD,2420
59923383723245,RV_VLD,2424
59923383723245,RV_VLD,2428
59923383723245,RV_VLD,2432
59923383723245,RV_VLD,2436
59923383723245,RV_VLD,2440
59923383723245,RV_VLD,2444
59923383723245,RV_VLD,2448
59923383723245,RV_VLD,2452
59923383723245,RV_VLD,2456
59923383723245,RV_VLD,2460
59923383723245,RV_VLD,2464
59923383723245,RV_VLD,2468
59923383723245,RV_VLD,2472
59923383723245,RV_VLD,2476
59923383723245,RV_VLD,2480
59923383723245,RV_VLD,2484
59923383723245,RV_VLD,2488
59923383723245,RV_VLD,2492
59923383723245,RV_VLD,2496
59923383723245,RV_VLD,2500
59923383723245,RV_VLD,2504
59923383723245,RV_VLD,2508
59923383723245,RV_VLD,2512
59923383723245,RV_VLD,2516
59923383723245,RV_VLD,2520
59923383723245,RV_VLD,2524
59923383723245,RV_VLD,2528
59923383723245,RV_VLD,2532
59923383723245,RV_VLD,2536
59923383723245,RV_VLD,2540
59923383723245,RV_VLD,2544
59923383723245,RV_VLD,2548
59923383723245,RV_VLD,2552
59923383723245,RV_VLD,2556
58823872095473,RV_VST,2304
58823872095473,RV_VST,2308
58823872095473,RV_VST,2312
58823872095473,RV_VST,2316
58823872095473,RV_VST,2320
58823872095473,RV_VST,2324
58823872095473,RV_VST,2328
58823872095473,RV_VST,2332
58823872095473,RV_VST,2336
58823872095473,RV_VST,2340
58823872095473,RV_VST,2344
58823872095473,RV_VST,2348
58823872095473,RV_VST,2352
58823872095473,RV_VST,2356
58823872095473,RV_VST,2360
58823872095473,RV_VST,2364
58823872095473,RV_VST,2368
58823872095473,RV_VST,2372
58823872095473,RV_VST,2376
58823872095473,RV_VST,2380
58823872095473,RV_VST,2384
58823872095473,RV_VST,2388
58823872095473,RV_VST,2392
58823872095473,RV_VST,2396
58823872095473,RV_VST,2400
58823872095473,RV_VST,2404
58823872095473,RV_VST,2408
58823872095473,RV_VST,2412
58823872095473,RV_VST,2416
58823872095473,RV_VST,2420
58823872095473,RV_VST,2424
58823872095473,RV_VST,2428
58823872095473,RV_VST,2432
58823872095473,RV_VST,2436
58823872095473,RV_VST,2440
58823872095473,RV_VST,2444
58823872095473,RV_VST,2448
58823872095473,RV_VST,2452
58823872095473,RV_VST,2456
58823872095473,RV_VST,2460
58823872095473,RV_VST,2464
58823872095473,RV_VST,2468
58823872095473,RV_VST,2472
58823872095473,RV_VST,2476
58823872095473,RV_VST,2480
58823872095473,RV_VST,2484
58823872095473,RV_VST,2488
58823872095473,RV_VST,2492
58823872095473,RV_VST,2496
58823872095473,RV_VST,2500
58823872095473,RV_VST,2504
58823872095473,RV_VST,2508
58823872095473,RV_VST,2512
58823872095473,RV_VST,2516
58823872095473,RV_VST,2520
58823872095473,RV_VST,2524
58823872095473,RV_VST,2528
58823872095473,RV_VST,2532
58823872095473,RV_VST,2536
58823872095473,RV_VST,2540
58823872095473,RV_VST,2544
58823872095473,RV_VST,2548
58823872095473,RV_VST,2552
58823872095473,RV_VST,2556
59923383723253,RV_VLD,512
59923383723253,RV_VLD,516
59923383723253,RV_VLD,520
59923383723253,RV_VLD,524
59923383723253,RV_VLD,528
59923383723253,RV_VLD,532
59923383723253,RV_VLD,536
59923383723253,RV_VLD,540
59923383723253,RV_VLD,544
59923383723253,RV_VLD,548
59923383723253,RV_VLD,552
59923383723253,RV_VLD,556
59923383723253,RV_VLD,560
59923383723253,RV_VLD,564
59923383723253,RV_VLD,568
59923383723253,RV_VLD,572
59923383723253,RV_VLD,576
59923383723253,RV_VLD,580
59923383723253,RV_VLD,584
59923383723253,RV_VLD,588
59923383723253,RV_VLD,592
59923383723253,RV_VLD,596
59923383723253,RV_VLD,600
59923383723253,RV_VLD,604
59923383723253,RV_VLD,608
59923383723253,RV_VLD,612
59923383723253,RV_VLD,616
59923383723253,RV_VLD,620
59923383723253,RV_VLD,624
59923383723253,RV_VLD,628
59923383723253,RV_VLD,632
59923383723253,RV_VLD,636
59923383723253,RV_VLD,640
59923383723253,RV_VLD,644
59923383723253,RV_VLD,648
59923383723253,RV_VLD,652
59923383723253,RV_VLD,656
59923383723253,RV_VLD,660
59923383723253,RV_VLD,664
59923383723253,RV_VLD,668
59923383723253,RV_VLD,672
59923383723253,RV_VLD,676
59923383723253,RV_VLD,680
59923383723253,RV_VLD,684
59923383723253,RV_VLD,688
59923383723253,RV_VLD,692
59923383723253,RV_VLD,696
59923383723253,RV_VLD,700
59923383723253,RV_VLD,704
59923383723253,RV_VLD,708
59923383723253,RV_VLD,712
59923383723253,RV_VLD,716
59923383723253,RV_VLD,720
59923383723253,RV_VLD,724
59923383723253,RV_VLD,728
59923383723253,RV_VLD,732
59923383723253,RV_VLD,736
59923383723253,RV_VLD,740
59923383723253,RV_VLD,744
59923383723253,RV_VLD,748
59923383723253,RV_VLD,752
59923383723253,RV_VLD,756
59923383723253,RV_VLD,760
59923383723253,RV_VLD,764
59923383723254,RV_VLD,2048
59923383723254,RV_VLD,2052
59923383723254,RV_VLD,2056
59923383723254,RV_VLD,2060
59923383723254,RV_VLD,2064
59923383723254,RV_VLD,2068
59923383723254,RV_VLD,2072
59923383723254,RV_VLD,2076
59923383723254,RV_VLD,2080
59923383723254,RV_VLD,2084
59923383723254,RV_VLD,2088
59923383723254,RV_VLD,2092
59923383723254,RV_VLD,2096
59923383723254,RV_VLD,2100
59923383723254,RV_VLD,2104
59923383723254,RV_VLD,2108
59923383723254,RV_VLD,2112
59923383723254,RV_VLD,2116
59923383723254,RV_VLD,2120
59923383723254,RV_VLD,2124
59923383723254,RV_VLD,2128
59923383723254,RV_VLD,2132
59923383723254,RV_VLD,2136
59923383723254,RV_VLD,2140
59923383723254,RV_VLD,2144
59923383723254,RV_VLD,2148
59923383723254,RV_VLD,2152
59923383723254,RV_VLD,2156
59923383723254,RV_VLD,2160
59923383723254,RV_VLD,2164
59923383723254,RV_VLD,2168
59923383723254,RV_VLD,2172
59923383723254,RV_VLD,2176
59923383723254,RV_VLD,2180
59923383723254,RV_VLD,2184
59923383723254,RV_VLD,2188
59923383723254,RV_VLD,2192
59923383723254,RV_VLD,2196
59923383723254,RV_VLD,2200
59923383723254,RV_VLD,2204
59923383723254,RV_VLD,2208
59923383723254,RV_VLD,2212
59923383723254,RV_VLD,2216
59923383723254,RV_VLD,2220
59923383723254,RV_VLD,2224
59923383723254,RV_VLD,2228
59923383723254,RV_VLD,2232
59923383723254,RV_VLD,2236
59923383723254,RV_VLD,2240
59923383723254,RV_VLD,2244
59923383723254,RV_VLD,2248
59923383723254,RV_VLD,2252
59923383723254,RV_VLD,2256
59923383723254,RV_VLD,2260
59923383723254,RV_VLD,2264
59923383723254,RV_VLD,2268
59923383723254,RV_VLD,2272
59923383723254,RV_VLD,2276
59923383723254,RV_VLD,2280
59923383723254,RV_VLD,2284
59923383723254,RV_VLD,2288
59923383723254,RV_VLD,2292
59923383723254,RV_VLD,2296
59923383723254,RV_VLD,2300
58823872095481,RV_VST,2048
58823872095481,RV_VST,2052
58823872095481,RV_VST,2056
58823872095481,RV_VST,2060
58823872095481,RV_VST,2064
58823872095481,RV_VST,2068
58823872095481,RV_VST,2072
58823872095481,RV_VST,2076
58823872095481,RV_VST,2080
58823872095481,RV_VST,2084
58823872095481,RV_VST,2088
58823872095481,RV_VST,2092
58823872095481,RV_VST,2096
58823872095481,RV_VST,2100
58823872095481,RV_VST,2104
58823872095481,RV_VST,2108
58823872095481,RV_VST,2112
58823872095481,RV_VST,2116
58823872095481,RV_VST,2120
58823872095481,RV_VST,2124
58823872095481,RV_VST,2128
58823872095481,RV_VST,2132
58823872095481,RV_VST,2136
58823872095481,RV_VST,2140
58823872095481,RV_VST,2144
58823872095481,RV_VST,2148
58823872095481,RV_VST,2152
58823872095481,RV_VST,2156
58823872095481,RV_VST,2160
58823872095481,RV_VST,2164
58823872095481,RV_VST,2168
58823872095481,RV_VST,2172
58823872095481,RV_VST,2176
58823872095481,RV_VST,2180
58823872095481,RV_VST,2184
58823872095481,RV_VST,2188
58823872095481,RV_VST,2192
58823872095481,RV_VST,2196
58823872095481,RV_VST,2200
58823872095481,RV_VST,2204
58823872095481,RV_VST,2208
58823872095481,RV_VST,2212
58823872095481,RV_VST,2216
58823872095481,RV_VST,2220
58823872095481,RV_VST,2224
58823872095481,RV_VST,2228
58823872095481,RV_VST,2232
58823872095481,RV_VST,2236
58823872095481,RV_VST,2240
58823872095481,RV_VST,2244
58823872095481,RV_VST,2248
58823872095481,RV_VST,2252
58823872095481,RV_VST,2256
58823872095481,RV_VST,2260
58823872095481,RV_VST,2264
58823872095481,RV_VST,2268
58823872095481,RV_VST,2272
58823872095481,RV_VST,2276
58823872095481,RV_VST,2280
58823872095481,RV_VST,2284
58823872095481,RV_VST,2288
58823872095481,RV_VST,2292
58823872095481,RV_VST,2296
58823872095481,RV_VST,2300
59923383723258,RV_VLD,768
59923383723258,RV_VLD,772
59923383723258,RV_VLD,776
59923383723258,RV_VLD,780
59923383723258,RV_VLD,784
59923383723258,RV_VLD,788
59923383723258,RV_VLD,792
59923383723258,RV_VLD,796
59923383723258,RV_VLD,800
59923383723258,RV_VLD,804
59923383723258,RV_VLD,808
59923383723258,RV_VLD,812
59923383723258,RV_VLD,816
59923383723258,RV_VLD,820
59923383723258,RV_VLD,824
59923383723258,RV_VLD,828
59923383723258,RV_VLD,832
59923383723258,RV_VLD,836
59923383723258,RV_VLD,840
59923383723258,RV_VLD,844
59923383723258,RV_VLD,848
59923383723258,RV_VLD,852
59923383723258,RV_VLD,856
59923383723258,RV_VLD,860
59923383723258,RV_VLD,864
59923383723258,RV_VLD,868
59923383723258,RV_VLD,872
59923383723258,RV_VLD,876
59923383723258,RV_VLD,880
59923383723258,RV_VLD,884
59923383723258,RV_VLD,888
59923383723258,RV_VLD,892
59923383723258,RV_VLD,896
59923383723258,RV_VLD,900
59923383723258,RV_VLD,904
59923383723258,RV_VLD,908
59923383723258,RV_VLD,912
59923383723258,RV_VLD,916
59923383723258,RV_VLD,920
59923383723258,RV_VLD,924
59923383723258,RV_VLD,928
59923383723258,RV_VLD,932
59923383723258,RV_VLD,936
59923383723258,RV_VLD,940
59923383723258,RV_VLD,944
59923383723258,RV_VLD,948
59923383723258,RV_VLD,952
59923383723258,RV_VLD,956
59923383723258,RV_VLD,960
59923383723258,RV_VLD,964
59923383723258,RV_VLD,968
59923383723258,RV_VLD,972
59923383723258,RV_VLD,976
59923383723258,RV_VLD,980
59923383723258,RV_VLD,984
59923383723258,RV_VLD,988
59923383723258,RV_VLD,992
59923383723258,RV_VLD,996
59923383723258,RV_VLD,1000
59923383723258,RV_VLD,1004
59923383723258,RV_VLD,1008
59923383723258,RV_VLD,1012
59923383723258,RV_VLD,1016
59923383723258,RV_VLD,1020
59923383723259,RV_VLD,2304
59923383723259,RV_VLD,2308
59923383723259,RV_VLD,2312
59923383723259,RV_VLD,2316
59923383723259,RV_VLD,2320
59923383723259,RV_VLD,2324
59923383723259,RV_VLD,2328
59923383723259,RV_VLD,2332
59923383723259,RV_VLD,2336
59923383723259,RV_VLD,2340
59923383723259,RV_VLD,2344
59923383723259,RV_VLD,2348
59923383723259,RV_VLD,2352
59923383723259,RV_VLD,2356
59923383723259,RV_VLD,2360
59923383723259,RV_VLD,2364
59923383723259,RV_VLD,2368
59923383723259,RV_VLD,2372
59923383723259,RV_VLD,2376
59923383723259,RV_VLD,2380
59923383723259,RV_VLD,2384
59923383723259,RV_VLD,2388
59923383723259,RV_VLD,2392
59923383723259,RV_VLD,2396
59923383723259,RV_VLD,2400
59923383723259,RV_VLD,2404
59923383723259,RV_VLD,2408
59923383723259,RV_VLD,2412
59923383723259,RV_VLD,2416
59923383723259,RV_VLD,2420
59923383723259,RV_VLD,2424
59923383723259,RV_VLD,2428
59923383723259,RV_VLD,2432
59923383723259,RV_VLD,2436
59923383723259,RV_VLD,2440
59923383723259,RV_VLD,2444
59923383723259,RV_VLD,2448
59923383723259,RV_VLD,2452
59923383723259,RV_VLD,2456
59923383723259,RV_VLD,2460
59923383723259,RV_VLD,2464
59923383723259,RV_VLD,2468
59923383723259,RV_VLD,2472
59923383723259,RV_VLD,2476
59923383723259,RV_VLD,2480
59923383723259,RV_VLD,2484
59923383723259,RV_VLD,2488
59923383723259,RV_VLD,2492
59923383723259,RV_VLD,2496
59923383723259,RV_VLD,2500
59923383723259,RV_VLD,2504
59923383723259,RV_VLD,2508
59923383723259,RV_VLD,2512
59923383723259,RV_VLD,2516
59923383723259,RV_VLD,2520
59923383723259,RV_VLD,2524
59923383723259,RV_VLD,2528
59923383723259,RV_VLD,2532
59923383723259,RV_VLD,2536
59923383723259,RV_VLD,2540
59923383723259,RV_VLD,2544
59923383723259,RV_VLD,2548
59923383723259,RV_VLD,2552
59923383723259,RV_VLD,2556
58823872095486,RV_VST,2304
58823872095486,RV_VST,2308
58823872095486,RV_VST,2312
58823872095486,RV_VST,2316
58823872095486,RV_VST,2320
58823872095486,RV_VST,2324
58823872095486,RV_VST,2328
58823872095486,RV_VST,2332
58823872095486,RV_VST,2336
58823872095486,RV_VST,2340
58823872095486,RV_VST,2344
58823872095486,RV_VST,2348
58823872095486,RV_VST,2352
58823872095486,RV_VST,2356
58823872095486,RV_VST,2360
58823872095486,RV_VST,2364
58823872095486,RV_VST,2368
58823872095486,RV_VST,2372
58823872095486,RV_VST,2376
58823872095486,RV_VST,2380
58823872095486,RV_VST,2384
58823872095486,RV_VST,2388
58823872095486,RV_VST,2392
58823872095486,RV_VST,2396
58823872095486,RV_VST,2400
58823872095486,RV_VST,2404
58823872095486,RV_VST,2408
58823872095486,RV_VST,2412
58823872095486,RV_VST,2416
58823872095486,RV_VST,2420
58823872095486,RV_VST,2424
58823872095486,RV_VST,2428
58823872095486,RV_VST,2432
58823872095486,RV_VST,2436
58823872095486,RV_VST,2440
58823872095486,RV_VST,2444
58823872095486,RV_VST,2448
58823872095486,RV_VST,2452
58823872095486,RV_VST,2456
58823872095486,RV_VST,2460
58823872095486,RV_VST,2464
58823872095486,RV_VST,2468
58823872095486,RV_VST,2472
58823872095486,RV_VST,2476
58823872095486,RV_VST,2480
58823872095486,RV_VST,2484
58823872095486,RV_VST,2488
58823872095486,RV_VST,2492
58823872095486,RV_VST,2496
58823872095486,RV_VST,2500
58823872095486,RV_VST,2504
58823872095486,RV_VST,2508
58823872095486,RV_VST,2512
58823872095486,RV_VST,2516
58823872095486,RV_VST,2520
58823872095486,RV_VST,2524
58823872095486,RV_VST,2528
58823872095486,RV_VST,2532
58823872095486,RV_VST,2536
58823872095486,RV_VST,2540
58823872095486,RV_VST,2544
58823872095486,RV_VST,2548
58823872095486,RV_VST,2552
58823872095486,RV_VST,2556
59923383723267,RV_VLD,512
59923383723267,RV_VLD,516
59923383723267,RV_VLD,520
59923383723267,RV_VLD,524
59923383723267,RV_VLD,528
59923383723267,RV_VLD,532
59923383723267,RV_VLD,536
59923383723267,RV_VLD,540
59923383723267,RV_VLD,544
59923383723267,RV_VLD,548
59923383723267,RV_VLD,552
59923383723267,RV_VLD,556
59923383723267,RV_VLD,560
59923383723267,RV_VLD,564
59923383723267,RV_VLD,568
59923383723267,RV_VLD,572
59923383723267,RV_VLD,576
59923383723267,RV_VLD,580
59923383723267,RV_VLD,584
59923383723267,RV_VLD,588
59923383723267,RV_VLD,592
59923383723267,RV_VLD,596
59923383723267,RV_VLD,600
59923383723267,RV_VLD,604
59923383723267,RV_VLD,608
59923383723267,RV_VLD,612
59923383723267,RV_VLD,616
59923383723267,RV_VLD,620
59923383723267,RV_VLD,624
59923383723267,RV_VLD,628
59923383723267,RV_VLD,632
59923383723267,RV_VLD,636
59923383723267,RV_VLD,640
59923383723267,RV_VLD,644
59923383723267,RV_VLD,648
59923383723267,RV_VLD,652
59923383723267,RV_VLD,656
59923383723267,RV_VLD,660
59923383723267,RV_VLD,664
59923383723267,RV_VLD,668
59923383723267,RV_VLD,672
59923383723267,RV_VLD,676
59923383723267,RV_VLD,680
59923383723267,RV_VLD,684
59923383723267,RV_VLD,688
59923383723267,RV_VLD,692
59923383723267,RV_VLD,696
59923383723267,RV_VLD,700
59923383723267,RV_VLD,704
59923383723267,RV_VLD,708
59923383723267,RV_VLD,712
59923383723267,RV_VLD,716
59923383723267,RV_VLD,720
59923383723267,RV_VLD,724
59923383723267,RV_VLD,728
59923383723267,RV_VLD,732
59923383723267,RV_VLD,736
59923383723267,RV_VLD,740
59923383723267,RV_VLD,744
59923383723267,RV_VLD,748
59923383723267,RV_VLD,752
59923383723267,RV_VLD,756
59923383723267,RV_VLD,760
59923383723267,RV_VLD,764
59923383723268,RV_VLD,2048
59923383723268,RV_VLD,2052
59923383723268,RV_VLD,2056
59923383723268,RV_VLD,2060
59923383723268,RV_VLD,2064
59923383723268,RV_VLD,2068
59923383723268,RV_VLD,2072
59923383723268,RV_VLD,2076
59923383723268,RV_VLD,2080
59923383723268,RV_VLD,2084
59923383723268,RV_VLD,2088
59923383723268,RV_VLD,2092
59923383723268,RV_VLD,2096
59923383723268,RV_VLD,2100
59923383723268,RV_VLD,2104
59923383723268,RV_VLD,2108
59923383723268,RV_VLD,2112
59923383723268,RV_VLD,2116
59923383723268,RV_VLD,2120
59923383723268,RV_VLD,2124
59923383723268,RV_VLD,2128
59923383723268,RV_VLD,2132
59923383723268,RV_VLD,2136
59923383723268,RV_VLD,2140
59923383723268,RV_VLD,2144
59923383723268,RV_VLD,2148
59923383723268,RV_VLD,2152
59923383723268,RV_VLD,2156
59923383723268,RV_VLD,2160
59923383723268,RV_VLD,2164
59923383723268,RV_VLD,2168
59923383723268,RV_VLD,2172
59923383723268,RV_VLD,2176
59923383723268,RV_VLD,2180
59923383723268,RV_VLD,2184
59923383723268,RV_VLD,2188
59923383723268,RV_VLD,2192
59923383723268,RV_VLD,2196
59923383723268,RV_VLD,2200
59923383723268,RV_VLD,2204
59923383723268,RV_VLD,2208
59923383723268,RV_VLD,2212
59923383723268,RV_VLD,2216
59923383723268,RV_VLD,2220
59923383723268,RV_VLD,2224
59923383723268,RV_VLD,2228
59923383723268,RV_VLD,2232
59923383723268,RV_VLD,2236
59923383723268,RV_VLD,2240
59923383723268,RV_VLD,2244
59923383723268,RV_VLD,2248
59923383723268,RV_VLD,2252
59923383723268,RV_VLD,2256
59923383723268,RV_VLD,2260
59923383723268,RV_VLD,2264
59923383723268,RV_VLD,2268
59923383723268,RV_VLD,2272
59923383723268,RV_VLD,2276
59923383723268,RV_VLD,2280
59923383723268,RV_VLD,2284
59923383723268,RV_VLD,2288
59923383723268,RV_VLD,2292
59923383723268,RV_VLD,2296
59923383723268,RV_VLD,2300
58823872095495,RV_VST,1536
58823872095495,RV_VST,1540
58823872095495,RV_VST,1544
58823872095495,RV_VST,1548
58823872095495,RV_VST,1552
58823872095495,RV_VST,1556
58823872095495,RV_VST,1560
58823872095495,RV_VST,1564
58823872095495,RV_VST,1568
58823872095495,RV_VST,1572
58823872095495,RV_VST,1576
58823872095495,RV_VST,1580
58823872095495,RV_VST,1584
58823872095495,RV_VST,1588
58823872095495,RV_VST,1592
58823872095495,RV_VST,1596
58823872095495,RV_VST,1600
58823872095495,RV_VST,1604
58823872095495,RV_VST,1608
58823872095495,RV_VST,1612
58823872095495,RV_VST,1616
58823872095495,RV_VST,1620
58823872095495,RV_VST,1624
58823872095495,RV_VST,1628
58823872095495,RV_VST,1632
58823872095495,RV_VST,1636
58823872095495,RV_VST,1640
58823872095495,RV_VST,1644
58823872095495,RV_VST,1648
58823872095495,RV_VST,1652
58823872095495,RV_VST,1656
58823872095495,RV_VST,1660
58823872095495,RV_VST,1664
58823872095495,RV_VST,1668
58823872095495,RV_VST,1672
58823872095495,RV_VST,1676
58823872095495,RV_VST,1680
58823872095495,RV_VST,1684
58823872095495,RV_VST,1688
58823872095495,RV_VST,1692
58823872095495,RV_VST,1696
58823872095495,RV_VST,1700
58823872095495,RV_VST,1704
58823872095495,RV_VST,1708
58823872095495,RV_VST,1712
58823872095495,RV_VST,1716
58823872095495,RV_VST,1720
58823872095495,RV_VST,1724
58823872095495,RV_VST,1728
58823872095495,RV_VST,1732
58823872095495,RV_VST,1736
58823872095495,RV_VST,1740
58823872095495,RV_VST,1744
58823872095495,RV_VST,1748
58823872095495,RV_VST,1752
58823872095495,RV_VST,1756
58823872095495,RV_VST,1760
58823872095495,RV_VST,1764
58823872095495,RV_VST,1768
58823872095495,RV_VST,1772
58823872095495,RV_VST,1776
58823872095495,RV_VST,1780
58823872095495,RV_VST,1784
58823872095495,RV_VST,1788
59923383723272,RV_VLD,768
59923383723272,RV_VLD,772
59923383723272,RV_VLD,776
59923383723272,RV_VLD,780
59923383723272,RV_VLD,784
59923383723272,RV_VLD,788
59923383723272,RV_VLD,792
59923383723272,RV_VLD,796
59923383723272,RV_VLD,800
59923383723272,RV_VLD,804
59923383723272,RV_VLD,808
59923383723272,RV_VLD,812
59923383723272,RV_VLD,816
59923383723272,RV_VLD,820
59923383723272,RV_VLD,824
59923383723272,RV_VLD,828
59923383723272,RV_VLD,832
59923383723272,RV_VLD,836
59923383723272,RV_VLD,840
59923383723272,RV_VLD,844
59923383723272,RV_VLD,848
59923383723272,RV_VLD,852
59923383723272,RV_VLD,856
59923383723272,RV_VLD,860
59923383723272,RV_VLD,864
59923383723272,RV_VLD,868
59923383723272,RV_VLD,872
59923383723272,RV_VLD,876
59923383723272,RV_VLD,880
59923383723272,RV_VLD,884
59923383723272,RV_VLD,888
59923383723272,RV_VLD,892
59923383723272,RV_VLD,896
59923383723272,RV_VLD,900
59923383723272,RV_VLD,904
59923383723272,RV_VLD,908
59923383723272,RV_VLD,912
59923383723272,RV_VLD,916
59923383723272,RV_VLD,920
59923383723272,RV_VLD,924
59923383723272,RV_VLD,928
59923383723272,RV_VLD,932
59923383723272,RV_VLD,936
59923383723272,RV_VLD,940
59923383723272,RV_VLD,944
59923383723272,RV_VLD,948
59923383723272,RV_VLD,952
59923383723272,RV_VLD,956
59923383723272,RV_VLD,960
59923383723272,RV_VLD,964
59923383723272,RV_VLD,968
59923383723272,RV_VLD,972
59923383723272,RV_VLD,976
59923383723272,RV_VLD,980
59923383723272,RV_VLD,984
59923383723272,RV_VLD,988
59923383723272,RV_VLD,992
59923383723272,RV_VLD,996
59923383723272,RV_VLD,1000
59923383723272,RV_VLD,1004
59923383723272,RV_VLD,1008
59923383723272,RV_VLD,1012
59923383723272,RV_VLD,1016
59923383723272,RV_VLD,1020
59923383723273,RV_VLD,2304
59923383723273,RV_VLD,2308
59923383723273,RV_VLD,2312
59923383723273,RV_VLD,2316
59923383723273,RV_VLD,2320
59923383723273,RV_VLD,2324
59923383723273,RV_VLD,2328
59923383723273,RV_VLD,2332
59923383723273,RV_VLD,2336
59923383723273,RV_VLD,2340
59923383723273,RV_VLD,2344
59923383723273,RV_VLD,2348
59923383723273,RV_VLD,2352
59923383723273,RV_VLD,2356
59923383723273,RV_VLD,2360
59923383723273,RV_VLD,2364
59923383723273,RV_VLD,2368
59923383723273,RV_VLD,2372
59923383723273,RV_VLD,2376
59923383723273,RV_VLD,2380
59923383723273,RV_VLD,2384
59923383723273,RV_VLD,2388
59923383723273,RV_VLD,2392
59923383723273,RV_VLD,2396
59923383723273,RV_VLD,2400
59923383723273,RV_VLD,2404
59923383723273,RV_VLD,2408
59923383723273,RV_VLD,2412
59923383723273,RV_VLD,2416
59923383723273,RV_VLD,2420
59923383723273,RV_VLD,2424
59923383723273,RV_VLD,2428
59923383723273,RV_VLD,2432
59923383723273,RV_VLD,2436
59923383723273,RV_VLD,2440
59923383723273,RV_VLD,2444
59923383723273,RV_VLD,2448
59923383723273,RV_VLD,2452
59923383723273,RV_VLD,2456
59923383723273,RV_VLD,2460
59923383723273,RV_VLD,2464
59923383723273,RV_VLD,2468
59923383723273,RV_VLD,2472
59923383723273,RV_VLD,2476
59923383723273,RV_VLD,2480
59923383723273,RV_VLD,2484
59923383723273,RV_VLD,2488
59923383723273,RV_VLD,2492
59923383723273,RV_VLD,2496
59923383723273,RV_VLD,2500
59923383723273,RV_VLD,2504
59923383723273,RV_VLD,2508
59923383723273,RV_VLD,2512
59923383723273,RV_VLD,2516
59923383723273,RV_VLD,2520
59923383723273,RV_VLD,2524
59923383723273,RV_VLD,2528
59923383723273,RV_VLD,2532
59923383723273,RV_VLD,2536
59923383723273,RV_VLD,2540
59923383723273,RV_VLD,2544
59923383723273,RV_VLD,2548
59923383723273,RV_VLD,2552
59923383723273,RV_VLD,2556
58823872095500,RV_VST,1792
58823872095500,RV_VST,1796
58823872095500,RV_VST,1800
58823872095500,RV_VST,1804
58823872095500,RV_VST,1808
58823872095500,RV_VST,1812
58823872095500,RV_VST,1816
58823872095500,RV_VST,1820
58823872095500,RV_VST,1824
58823872095500,RV_VST,1828
58823872095500,RV_VST,1832
58823872095500,RV_VST,1836
58823872095500,RV_VST,1840
58823872095500,RV_VST,1844
58823872095500,RV_VST,1848
58823872095500,RV_VST,1852
58823872095500,RV_VST,1856
58823872095500,RV_VST,1860
58823872095500,RV_VST,1864
58823872095500,RV_VST,1868
58823872095500,RV_VST,1872
58823872095500,RV_VST,1876
58823872095500,RV_VST,1880
58823872095500,RV_VST,1884
58823872095500,RV_VST,1888
58823872095500,RV_VST,1892
58823872095500,RV_VST,1896
58823872095500,RV_VST,1900
58823872095500,RV_VST,1904
58823872095500,RV_VST,1908
58823872095500,RV_VST,1912
58823872095500,RV_VST,1916
58823872095500,RV_VST,1920
58823872095500,RV_VST,1924
58823872095500,RV_VST,1928
58823872095500,RV_VST,1932
58823872095500,RV_VST,1936
58823872095500,RV_VST,1940
58823872095500,RV_VST,1944
58823872095500,RV_VST,1948
58823872095500,RV_VST,1952
58823872095500,RV_VST,1956
58823872095500,RV_VST,1960
58823872095500,RV_VST,1964
58823872095500,RV_VST,1968
58823872095500,RV_VST,1972
58823872095500,RV_VST,1976
58823872095500,RV_VST,1980
58823872095500,RV_VST,1984
58823872095500,RV_VST,1988
58823872095500,RV_VST,1992
58823872095500,RV_VST,1996
58823872095500,RV_VST,2000
58823872095500,RV_VST,2004
58823872095500,RV_VST,2008
58823872095500,RV_VST,2012
58823872095500,RV_VST,2016
58823872095500,RV_VST,2020
58823872095500,RV_VST,2024
58823872095500,RV_VST,2028
58823872095500,RV_VST,2032
58823872095500,RV_VST,2036
58823872095500,RV_VST,2040
58823872095500,RV_VST,2044
,,512
,,516
,,520
,,524
,,528
,,532
,,536
,,540
,,544
,,548
,,552
,,556
,,560
,,564
,,568
,,572
,,576
,,580
,,584
,,588
,,592
,,596
,,600
,,604
,,608
,,612
,,616
,,620
,,624
,,628
,,632
,,636
,,640
,,644
,,648
,,652
,,656
,,660
,,664
,,668
,,672
,,676
,,680
,,684
,,688
,,692
,,696
,,700
,,704
,,708
,,712
,,716
,,720
,,724
,,728
,,732
,,736
,,740
,,744
,,748
,,752
,,756
,,760
,,764
,,768
,,772
,,776
,,780
,,784
,,788
,,792
,,796
,,800
,,804
,,808
,,812
,,816
,,820
,,824
,,828
,,832
,,836
,,840
,,844
,,848
,,852
,,856
,,860
,,864
,,868
,,872
,,876
,,880
,,884
,,888
,,892
,,896
,,900
,,904
,,908
,,912
,,916
,,920
,,924
,,928
,,932
,,936
,,940
,,944
,,948
,,952
,,956
,,960
,,964
,,968
,,972
,,976
,,980
,,984
,,988
,,992
,,996
,,1000
,,1004
,,1008
,,1012
,,1016
,,1020
,,0
,,4
,,8
,,12
,,16
,,20
,,24
,,28
,,32
,,36
,,40
,,44
,,48
,,52
,,56
,,60
,,64
,,68
,,72
,,76
,,80
,,84
,,88
,,92
,,96
,,100
,,104
,,108
,,112
,,116
,,120
,,124
,,128
,,132
,,136
,,140
,,144
,,148
,,152
,,156
,,160
,,164
,,168
,,172
,,176
,,180
,,184
,,188
,,192
,,196
,,200
,,204
,,208
,,212
,,216
,,220
,,224
,,228
,,232
,,236
,,240
,,244
,,248
,,252
,,256
,,260
,,264
,,268
,,272
,,276
,,280
,,284
,,288
,,292
,,296
,,300
,,304
,,308
,,312
,,316
,,320
,,324
,,328
,,332
,,336
,,340
,,344
,,348
,,352
,,356
,,360
,,364
,,368
,,372
,,376
,,380
,,384
,,388
,,392
,,396
,,400
,,404
,,408
,,412
,,416
,,420
,,424
,,428
,,432
,,436
,,440
,,444
,,448
,,452
,,456
,,460
,,464
,,468
,,472
,,476
,,480
,,484
,,488
,,492
,,496
,,500
,,504
,,508
60198261630243,RV_VLD,512
60198261630243,RV_VLD,516
60198261630243,RV_VLD,520
60198261630243,RV_VLD,524
60198261630243,RV_VLD,528
60198261630243,RV_VLD,532
60198261630243,RV_VLD,536
60198261630243,RV_VLD,540
60198261630243,RV_VLD,544
60198261630243,RV_VLD,548
60198261630243,RV_VLD,552
60198261630243,RV_VLD,556
60198261630243,RV_VLD,560
60198261630243,RV_VLD,564
60198261630243,RV_VLD,568
60198261630243,RV_VLD,572
60198261630243,RV_VLD,576
60198261630243,RV_VLD,580
60198261630243,RV_VLD,584
60198261630243,RV_VLD,588
60198261630243,RV_VLD,592
60198261630243,RV_VLD,596
60198261630243,RV_VLD,600
60198261630243,RV_VLD,604
60198261630243,RV_VLD,608
60198261630243,RV_VLD,612
60198261630243,RV_VLD,616
60198261630243,RV_VLD,620
60198261630243,RV_VLD,624
60198261630243,RV_VLD,628
60198261630243,RV_VLD,632
60198261630243,RV_VLD,636
60198261630243,RV_VLD,640
60198261630243,RV_VLD,644
60198261630243,RV_VLD,648
60198261630243,RV_VLD,652
60198261630243,RV_VLD,656
60198261630243,RV_VLD,660
60198261630243,RV_VLD,664
60198261630243,RV_VLD,668
60198261630243,RV_VLD,672
60198261630243,RV_VLD,676
60198261630243,RV_VLD,680
60198261630243,RV_VLD,684
60198261630243,RV_VLD,688
60198261630243,RV_VLD,692
60198261630243,RV_VLD,696
60198261630243,RV_VLD,700
60198261630243,RV_VLD,704
60198261630243,RV_VLD,708
60198261630243,RV_VLD,712
60198261630243,RV_VLD,716
60198261630243,RV_VLD,720
60198261630243,RV_VLD,724
60198261630243,RV_VLD,728
60198261630243,RV_VLD,732
60198261630243,RV_VLD,736
60198261630243,RV_VLD,740
60198261630243,RV_VLD,744
60198261630243,RV_VLD,748
60198261630243,RV_VLD,752
60198261630243,RV_VLD,756
60198261630243,RV_VLD,760
60198261630243,RV_VLD,764
59098750002470,RV_VST,2048
59098750002470,RV_VST,2052
59098750002470,RV_VST,2056
59098750002470,RV_VST,2060
59098750002470,RV_VST,2064
59098750002470,RV_VST,2068
59098750002470,RV_VST,2072
59098750002470,RV_VST,2076
59098750002470,RV_VST,2080
59098750002470,RV_VST,2084
59098750002470,RV_VST,2088
59098750002470,RV_VST,2092
59098750002470,RV_VST,2096
59098750002470,RV_VST,2100
59098750002470,RV_VST,2104
59098750002470,RV_VST,2108
59098750002470,RV_VST,2112
59098750002470,RV_VST,2116
59098750002470,RV_VST,2120
59098750002470,RV_VST,2124
59098750002470,RV_VST,2128
59098750002470,RV_VST,2132
59098750002470,RV_VST,2136
59098750002470,RV_VST,2140
59098750002470,RV_VST,2144
59098750002470,RV_VST,2148
59098750002470,RV_VST,2152
59098750002470,RV_VST,2156
59098750002470,RV_VST,2160
59098750002470,RV_VST,2164
59098750002470,RV_VST,2168
59098750002470,RV_VST,2172
59098750002470,RV_VST,2176
59098750002470,RV_VST,2180
59098750002470,RV_VST,2184
59098750002470,RV_VST,2188
59098750002470,RV_VST,2192
59098750002470,RV_VST,2196
59098750002470,RV_VST,2200
59098750002470,RV_VST,2204
59098750002470,RV_VST,2208
59098750002470,RV_VST,2212
59098750002470,RV_VST,2216
59098750002470,RV_VST,2220
59098750002470,RV_VST,2224
59098750002470,RV_VST,2228
59098750002470,RV_VST,2232
59098750002470,RV_VST,2236
59098750002470,RV_VST,2240
59098750002470,RV_VST,2244
59098750002470,RV_VST,2248
59098750002470,RV_VST,2252
59098750002470,RV_VST,2256
59098750002470,RV_VST,2260
59098750002470,RV_VST,2264
59098750002470,RV_VST,2268
59098750002470,RV_VST,2272
59098750002470,RV_VST,2276
59098750002470,RV_VST,2280
59098750002470,RV_VST,2284
59098750002470,RV_VST,2288
59098750002470,RV_VST,2292
59098750002470,RV_VST,2296
59098750002470,RV_VST,2300
60198261630248,RV_VLD,768
60198261630248,RV_VLD,772
60198261630248,RV_VLD,776
60198261630248,RV_VLD,780
60198261630248,RV_VLD,784
60198261630248,RV_VLD,788
60198261630248,RV_VLD,792
60198261630248,RV_VLD,796
60198261630248,RV_VLD,800
60198261630248,RV_VLD,804
60198261630248,RV_VLD,808
60198261630248,RV_VLD,812
60198261630248,RV_VLD,816
60198261630248,RV_VLD,820
60198261630248,RV_VLD,824
60198261630248,RV_VLD,828
60198261630248,RV_VLD,832
60198261630248,RV_VLD,836
60198261630248,RV_VLD,840
60198261630248,RV_VLD,844
60198261630248,RV_VLD,848
60198261630248,RV_VLD,852
60198261630248,RV_VLD,856
60198261630248,RV_VLD,860
60198261630248,RV_VLD,864
60198261630248,RV_VLD,868
60198261630248,RV_VLD,872
60198261630248,RV_VLD,876
60198261630248,RV_VLD,880
60198261630248,RV_VLD,884
60198261630248,RV_VLD,888
60198261630248,RV_VLD,892
60198261630248,RV_VLD,896
60198261630248,RV_VLD,900
60198261630248,RV_VLD,904
60198261630248,RV_VLD,908
60198261630248,RV_VLD,912
60198261630248,RV_VLD,916
60198261630248,RV_VLD,920
60198261630248,RV_VLD,924
60198261630248,RV_VLD,928
60198261630248,RV_VLD,932
60198261630248,RV_VLD,936
60198261630248,RV_VLD,940
60198261630248,RV_VLD,944
60198261630248,RV_VLD,948
60198261630248,RV_VLD,952
60198261630248,RV_VLD,956
60198261630248,RV_VLD,960
60198261630248,RV_VLD,964
60198261630248,RV_VLD,968
60198261630248,RV_VLD,972
60198261630248,RV_VLD,976
60198261630248,RV_VLD,980
60198261630248,RV_VLD,984
60198261630248,RV_VLD,988
60198261630248,RV_VLD,992
60198261630248,RV_VLD,996
60198261630248,RV_VLD,1000
60198261630248,RV_VLD,1004
60198261630248,RV_VLD,1008
60198261630248,RV_VLD,1012
60198261630248,RV_VLD,1016
60198261630248,RV_VLD,1020
59098750002475,RV_VST,2304
59098750002475,RV_VST,2308
59098750002475,RV_VST,2312
59098750002475,RV_VST,2316
59098750002475,RV_VST,2320
59098750002475,RV_VST,2324
59098750002475,RV_VST,2328
59098750002475,RV_VST,2332
59098750002475,RV_VST,2336
59098750002475,RV_VST,2340
59098750002475,RV_VST,2344
59098750002475,RV_VST,2348
59098750002475,RV_VST,2352
59098750002475,RV_VST,2356
59098750002475,RV_VST,2360
59098750002475,RV_VST,2364
59098750002475,RV_VST,2368
59098750002475,RV_VST,2372
59098750002475,RV_VST,2376
59098750002475,RV_VST,2380
59098750002475,RV_VST,2384
59098750002475,RV_VST,2388
59098750002475,RV_VST,2392
59098750002475,RV_VST,2396
59098750002475,RV_VST,2400
59098750002475,RV_VST,2404
59098750002475,RV_VST,2408
59098750002475,RV_VST,2412
59098750002475,RV_VST,2416
59098750002475,RV_VST,2420
59098750002475,RV_VST,2424
59098750002475,RV_VST,2428
59098750002475,RV_VST,2432
59098750002475,RV_VST,2436
59098750002475,RV_VST,2440
59098750002475,RV_VST,2444
59098750002475,RV_VST,2448
59098750002475,RV_VST,2452
59098750002475,RV_VST,2456
59098750002475,RV_VST,2460
59098750002475,RV_VST,2464
59098750002475,RV_VST,2468
59098750002475,RV_VST,2472
59098750002475,RV_VST,2476
59098750002475,RV_VST,2480
59098750002475,RV_VST,2484
59098750002475,RV_VST,2488
59098750002475,RV_VST,2492
59098750002475,RV_VST,2496
59098750002475,RV_VST,2500
59098750002475,RV_VST,2504
59098750002475,RV_VST,2508
59098750002475,RV_VST,2512
59098750002475,RV_VST,2516
59098750002475,RV_VST,2520
59098750002475,RV_VST,2524
59098750002475,RV_VST,2528
59098750002475,RV_VST,2532
59098750002475,RV_VST,2536
59098750002475,RV_VST,2540
59098750002475,RV_VST,2544
59098750002475,RV_VST,2548
59098750002475,RV_VST,2552
59098750002475,RV_VST,2556
60198261630262,RV_VLD,2048
60198261630262,RV_VLD,2052
60198261630262,RV_VLD,2056
60198261630262,RV_VLD,2060
60198261630262,RV_VLD,2064
60198261630262,RV_VLD,2068
60198261630262,RV_VLD,2072
60198261630262,RV_VLD,2076
60198261630262,RV_VLD,2080
60198261630262,RV_VLD,2084
60198261630262,RV_VLD,2088
60198261630262,RV_VLD,2092
60198261630262,RV_VLD,2096
60198261630262,RV_VLD,2100
60198261630262,RV_VLD,2104
60198261630262,RV_VLD,2108
60198261630262,RV_VLD,2112
60198261630262,RV_VLD,2116
60198261630262,RV_VLD,2120
60198261630262,RV_VLD,2124
60198261630262,RV_VLD,2128
60198261630262,RV_VLD,2132
60198261630262,RV_VLD,2136
60198261630262,RV_VLD,2140
60198261630262,RV_VLD,2144
60198261630262,RV_VLD,2148
60198261630262,RV_VLD,2152
60198261630262,RV_VLD,2156
60198261630262,RV_VLD,2160
60198261630262,RV_VLD,2164
60198261630262,RV_VLD,2168
60198261630262,RV_VLD,2172
60198261630262,RV_VLD,2176
60198261630262,RV_VLD,2180
60198261630262,RV_VLD,2184
60198261630262,RV_VLD,2188
60198261630262,RV_VLD,2192
60198261630262,RV_VLD,2196
60198261630262,RV_VLD,2200
60198261630262,RV_VLD,2204
60198261630262,RV_VLD,2208
60198261630262,RV_VLD,2212
60198261630262,RV_VLD,2216
60198261630262,RV_VLD,2220
60198261630262,RV_VLD,2224
60198261630262,RV_VLD,2228
60198261630262,RV_VLD,2232
60198261630262,RV_VLD,2236
60198261630262,RV_VLD,2240
60198261630262,RV_VLD,2244
60198261630262,RV_VLD,2248
60198261630262,RV_VLD,2252
60198261630262,RV_VLD,2256
60198261630262,RV_VLD,2260
60198261630262,RV_VLD,2264
60198261630262,RV_VLD,2268
60198261630262,RV_VLD,2272
60198261630262,RV_VLD,2276
60198261630262,RV_VLD,2280
60198261630262,RV_VLD,2284
60198261630262,RV_VLD,2288
60198261630262,RV_VLD,2292
60198261630262,RV_VLD,2296
60198261630262,RV_VLD,2300
59098750002490,RV_VST,2048
59098750002490,RV_VST,2052
59098750002490,RV_VST,2056
59098750002490,RV_VST,2060
59098750002490,RV_VST,2064
59098750002490,RV_VST,2068
59098750002490,RV_VST,2072
59098750002490,RV_VST,2076
59098750002490,RV_VST,2080
59098750002490,RV_VST,2084
59098750002490,RV_VST,2088
59098750002490,RV_VST,2092
59098750002490,RV_VST,2096
59098750002490,RV_VST,2100
59098750002490,RV_VST,2104
59098750002490,RV_VST,2108
59098750002490,RV_VST,2112
59098750002490,RV_VST,2116
59098750002490,RV_VST,2120
59098750002490,RV_VST,2124
59098750002490,RV_VST,2128
59098750002490,RV_VST,2132
59098750002490,RV_VST,2136
59098750002490,RV_VST,2140
59098750002490,RV_VST,2144
59098750002490,RV_VST,2148
59098750002490,RV_VST,2152
59098750002490,RV_VST,2156
59098750002490,RV_VST,2160
59098750002490,RV_VST,2164
59098750002490,RV_VST,2168
59098750002490,RV_VST,2172
59098750002490,RV_VST,2176
59098750002490,RV_VST,2180
59098750002490,RV_VST,2184
59098750002490,RV_VST,2188
59098750002490,RV_VST,2192
59098750002490,RV_VST,2196
59098750002490,RV_VST,2200
59098750002490,RV_VST,2204
59098750002490,RV_VST,2208
59098750002490,RV_VST,2212
59098750002490,RV_VST,2216
59098750002490,RV_VST,2220
59098750002490,RV_VST,2224
59098750002490,RV_VST,2228
59098750002490,RV_VST,2232
59098750002490,RV_VST,2236
59098750002490,RV_VST,2240
59098750002490,RV_VST,2244
59098750002490,RV_VST,2248
59098750002490,RV_VST,2252
59098750002490,RV_VST,2256
59098750002490,RV_VST,2260
59098750002490,RV_VST,2264
59098750002490,RV_VST,2268
59098750002490,RV_VST,2272
59098750002490,RV_VST,2276
59098750002490,RV_VST,2280
59098750002490,RV_VST,2284
59098750002490,RV_VST,2288
59098750002490,RV_VST,2292
59098750002490,RV_VST,2296
59098750002490,RV_VST,2300
60198261630268,RV_VLD,2304
60198261630268,RV_VLD,2308
60198261630268,RV_VLD,2312
60198261630268,RV_VLD,2316
60198261630268,RV_VLD,2320
60198261630268,RV_VLD,2324
60198261630268,RV_VLD,2328
60198261630268,RV_VLD,2332
60198261630268,RV_VLD,2336
60198261630268,RV_VLD,2340
60198261630268,RV_VLD,2344
60198261630268,RV_VLD,2348
60198261630268,RV_VLD,2352
60198261630268,RV_VLD,2356
60198261630268,RV_VLD,2360
60198261630268,RV_VLD,2364
60198261630268,RV_VLD,2368
60198261630268,RV_VLD,2372
60198261630268,RV_VLD,2376
60198261630268,RV_VLD,2380
60198261630268,RV_VLD,2384
60198261630268,RV_VLD,2388
60198261630268,RV_VLD,2392
60198261630268,RV_VLD,2396
60198261630268,RV_VLD,2400
60198261630268,RV_VLD,2404
60198261630268,RV_VLD,2408
60198261630268,RV_VLD,2412
60198261630268,RV_VLD,2416
60198261630268,RV_VLD,2420
60198261630268,RV_VLD,2424
60198261630268,RV_VLD,2428
60198261630268,RV_VLD,2432
60198261630268,RV_VLD,2436
60198261630268,RV_VLD,2440
60198261630268,RV_VLD,2444
60198261630268,RV_VLD,2448
60198261630268,RV_VLD,2452
60198261630268,RV_VLD,2456
60198261630268,RV_VLD,2460
60198261630268,RV_VLD,2464
60198261630268,RV_VLD,2468
60198261630268,RV_VLD,2472
60198261630268,RV_VLD,2476
60198261630268,RV_VLD,2480
60198261630268,RV_VLD,2484
60198261630268,RV_VLD,2488
60198261630268,RV_VLD,2492
60198261630268,RV_VLD,2496
60198261630268,RV_VLD,2500
60198261630268,RV_VLD,2504
60198261630268,RV_VLD,2508
60198261630268,RV_VLD,2512
60198261630268,RV_VLD,2516
60198261630268,RV_VLD,2520
60198261630268,RV_VLD,2524
60198261630268,RV_VLD,2528
60198261630268,RV_VLD,2532
60198261630268,RV_VLD,2536
60198261630268,RV_VLD,2540
60198261630268,RV_VLD,2544
60198261630268,RV_VLD,2548
60198261630268,RV_VLD,2552
60198261630268,RV_VLD,2556
59098750002496,RV_VST,2304
59098750002496,RV_VST,2308
59098750002496,RV_VST,2312
59098750002496,RV_VST,2316
59098750002496,RV_VST,2320
59098750002496,RV_VST,2324
59098750002496,RV_VST,2328
59098750002496,RV_VST,2332
59098750002496,RV_VST,2336
59098750002496,RV_VST,2340
59098750002496,RV_VST,2344
59098750002496,RV_VST,2348
59098750002496,RV_VST,2352
59098750002496,RV_VST,2356
59098750002496,RV_VST,2360
59098750002496,RV_VST,2364
59098750002496,RV_VST,2368
59098750002496,RV_VST,2372
59098750002496,RV_VST,2376
59098750002496,RV_VST,2380
59098750002496,RV_VST,2384
59098750002496,RV_VST,2388
59098750002496,RV_VST,2392
59098750002496,RV_VST,2396
59098750002496,RV_VST,2400
59098750002496,RV_VST,2404
59098750002496,RV_VST,2408
59098750002496,RV_VST,2412
59098750002496,RV_VST,2416
59098750002496,RV_VST,2420
59098750002496,RV_VST,2424
59098750002496,RV_VST,2428
59098750002496,RV_VST,2432
59098750002496,RV_VST,2436
59098750002496,RV_VST,2440
59098750002496,RV_VST,2444
59098750002496,RV_VST,2448
59098750002496,RV_VST,2452
59098750002496,RV_VST,2456
59098750002496,RV_VST,2460
59098750002496,RV_VST,2464
59098750002496,RV_VST,2468
59098750002496,RV_VST,2472
59098750002496,RV_VST,2476
59098750002496,RV_VST,2480
59098750002496,RV_VST,2484
59098750002496,RV_VST,2488
59098750002496,RV_VST,2492
59098750002496,RV_VST,2496
59098750002496,RV_VST,2500
59098750002496,RV_VST,2504
59098750002496,RV_VST,2508
59098750002496,RV_VST,2512
59098750002496,RV_VST,2516
59098750002496,RV_VST,2520
59098750002496,RV_VST,2524
59098750002496,RV_VST,2528
59098750002496,RV_VST,2532
59098750002496,RV_VST,2536
59098750002496,RV_VST,2540
59098750002496,RV_VST,2544
59098750002496,RV_VST,2548
59098750002496,RV_VST,2552
59098750002496,RV_VST,2556
60198261630283,RV_VLD,2048
60198261630283,RV_VLD,2052
60198261630283,RV_VLD,2056
60198261630283,RV_VLD,2060
60198261630283,RV_VLD,2064
60198261630283,RV_VLD,2068
60198261630283,RV_VLD,2072
60198261630283,RV_VLD,2076
60198261630283,RV_VLD,2080
60198261630283,RV_VLD,2084
60198261630283,RV_VLD,2088
60198261630283,RV_VLD,2092
60198261630283,RV_VLD,2096
60198261630283,RV_VLD,2100
60198261630283,RV_VLD,2104
60198261630283,RV_VLD,2108
60198261630283,RV_VLD,2112
60198261630283,RV_VLD,2116
60198261630283,RV_VLD,2120
60198261630283,RV_VLD,2124
60198261630283,RV_VLD,2128
60198261630283,RV_VLD,2132
60198261630283,RV_VLD,2136
60198261630283,RV_VLD,2140
60198261630283,RV_VLD,2144
60198261630283,RV_VLD,2148
60198261630283,RV_VLD,2152
60198261630283,RV_VLD,2156
60198261630283,RV_VLD,2160
60198261630283,RV_VLD,2164
60198261630283,RV_VLD,2168
60198261630283,RV_VLD,2172
60198261630283,RV_VLD,2176
60198261630283,RV_VLD,2180
60198261630283,RV_VLD,2184
60198261630283,RV_VLD,2188
60198261630283,RV_VLD,2192
60198261630283,RV_VLD,2196
60198261630283,RV_VLD,2200
60198261630283,RV_VLD,2204
60198261630283,RV_VLD,2208
60198261630283,RV_VLD,2212
60198261630283,RV_VLD,2216
60198261630283,RV_VLD,2220
60198261630283,RV_VLD,2224
60198261630283,RV_VLD,2228
60198261630283,RV_VLD,2232
60198261630283,RV_VLD,2236
60198261630283,RV_VLD,2240
60198261630283,RV_VLD,2244
60198261630283,RV_VLD,2248
60198261630283,RV_VLD,2252
60198261630283,RV_VLD,2256
60198261630283,RV_VLD,2260
60198261630283,RV_VLD,2264
60198261630283,RV_VLD,2268
60198261630283,RV_VLD,2272
60198261630283,RV_VLD,2276
60198261630283,RV_VLD,2280
60198261630283,RV_VLD,2284
60198261630283,RV_VLD,2288
60198261630283,RV_VLD,2292
60198261630283,RV_VLD,2296
60198261630283,RV_VLD,2300
60198261630284,RV_VLD,512
60198261630284,RV_VLD,516
60198261630284,RV_VLD,520
60198261630284,RV_VLD,524
60198261630284,RV_VLD,528
60198261630284,RV_VLD,532
60198261630284,RV_VLD,536
60198261630284,RV_VLD,540
60198261630284,RV_VLD,544
60198261630284,RV_VLD,548
60198261630284,RV_VLD,552
60198261630284,RV_VLD,556
60198261630284,RV_VLD,560
60198261630284,RV_VLD,564
60198261630284,RV_VLD,568
60198261630284,RV_VLD,572
60198261630284,RV_VLD,576
60198261630284,RV_VLD,580
60198261630284,RV_VLD,584
60198261630284,RV_VLD,588
60198261630284,RV_VLD,592
60198261630284,RV_VLD,596
60198261630284,RV_VLD,600
60198261630284,RV_VLD,604
60198261630284,RV_VLD,608
60198261630284,RV_VLD,612
60198261630284,RV_VLD,616
60198261630284,RV_VLD,620
60198261630284,RV_VLD,624
60198261630284,RV_VLD,628
60198261630284,RV_VLD,632
60198261630284,RV_VLD,636
60198261630284,RV_VLD,640
60198261630284,RV_VLD,644
60198261630284,RV_VLD,648
60198261630284,RV_VLD,652
60198261630284,RV_VLD,656
60198261630284,RV_VLD,660
60198261630284,RV_VLD,664
60198261630284,RV_VLD,668
60198261630284,RV_VLD,672
60198261630284,RV_VLD,676
60198261630284,RV_VLD,680
60198261630284,RV_VLD,684
60198261630284,RV_VLD,688
60198261630284,RV_VLD,692
60198261630284,RV_VLD,696
60198261630284,RV_VLD,700
60198261630284,RV_VLD,704
60198261630284,RV_VLD,708
60198261630284,RV_VLD,712
60198261630284,RV_VLD,716
60198261630284,RV_VLD,720
60198261630284,RV_VLD,724
60198261630284,RV_VLD,728
60198261630284,RV_VLD,732
60198261630284,RV_VLD,736
60198261630284,RV_VLD,740
60198261630284,RV_VLD,744
60198261630284,RV_VLD,748
60198261630284,RV_VLD,752
60198261630284,RV_VLD,756
60198261630284,RV_VLD,760
60198261630284,RV_VLD,764
59098750002511,RV_VST,2048
59098750002511,RV_VST,2052
59098750002511,RV_VST,2056
59098750002511,RV_VST,2060
59098750002511,RV_VST,2064
59098750002511,RV_VST,2068
59098750002511,RV_VST,2072
59098750002511,RV_VST,2076
59098750002511,RV_VST,2080
59098750002511,RV_VST,2084
59098750002511,RV_VST,2088
59098750002511,RV_VST,2092
59098750002511,RV_VST,2096
59098750002511,RV_VST,2100
59098750002511,RV_VST,2104
59098750002511,RV_VST,2108
59098750002511,RV_VST,2112
59098750002511,RV_VST,2116
59098750002511,RV_VST,2120
59098750002511,RV_VST,2124
59098750002511,RV_VST,2128
59098750002511,RV_VST,2132
59098750002511,RV_VST,2136
59098750002511,RV_VST,2140
59098750002511,RV_VST,2144
59098750002511,RV_VST,2148
59098750002511,RV_VST,2152
59098750002511,RV_VST,2156
59098750002511,RV_VST,2160
59098750002511,RV_VST,2164
59098750002511,RV_VST,2168
59098750002511,RV_VST,2172
59098750002511,RV_VST,2176
59098750002511,RV_VST,2180
59098750002511,RV_VST,2184
59098750002511,RV_VST,2188
59098750002511,RV_VST,2192
59098750002511,RV_VST,2196
59098750002511,RV_VST,2200
59098750002511,RV_VST,2204
59098750002511,RV_VST,2208
59098750002511,RV_VST,2212
59098750002511,RV_VST,2216
59098750002511,RV_VST,2220
59098750002511,RV_VST,2224
59098750002511,RV_VST,2228
59098750002511,RV_VST,2232
59098750002511,RV_VST,2236
59098750002511,RV_VST,2240
59098750002511,RV_VST,2244
59098750002511,RV_VST,2248
59098750002511,RV_VST,2252
59098750002511,RV_VST,2256
59098750002511,RV_VST,2260
59098750002511,RV_VST,2264
59098750002511,RV_VST,2268
59098750002511,RV_VST,2272
59098750002511,RV_VST,2276
59098750002511,RV_VST,2280
59098750002511,RV_VST,2284
59098750002511,RV_VST,2288
59098750002511,RV_VST,2292
59098750002511,RV_VST,2296
59098750002511,RV_VST,2300
60198261630289,RV_VLD,2304
60198261630289,RV_VLD,2308
60198261630289,RV_VLD,2312
60198261630289,RV_VLD,2316
60198261630289,RV_VLD,2320
60198261630289,RV_VLD,2324
60198261630289,RV_VLD,2328
60198261630289,RV_VLD,2332
60198261630289,RV_VLD,2336
60198261630289,RV_VLD,2340
60198261630289,RV_VLD,2344
60198261630289,RV_VLD,2348
60198261630289,RV_VLD,2352
60198261630289,RV_VLD,2356
60198261630289,RV_VLD,2360
60198261630289,RV_VLD,2364
60198261630289,RV_VLD,2368
60198261630289,RV_VLD,2372
60198261630289,RV_VLD,2376
60198261630289,RV_VLD,2380
60198261630289,RV_VLD,2384
60198261630289,RV_VLD,2388
60198261630289,RV_VLD,2392
60198261630289,RV_VLD,2396
60198261630289,RV_VLD,2400
60198261630289,RV_VLD,2404
60198261630289,RV_VLD,2408
60198261630289,RV_VLD,2412
60198261630289,RV_VLD,2416
60198261630289,RV_VLD,2420
60198261630289,RV_VLD,2424
60198261630289,RV_VLD,2428
60198261630289,RV_VLD,2432
60198261630289,RV_VLD,2436
60198261630289,RV_VLD,2440
60198261630289,RV_VLD,2444
60198261630289,RV_VLD,2448
60198261630289,RV_VLD,2452
60198261630289,RV_VLD,2456
60198261630289,RV_VLD,2460
60198261630289,RV_VLD,2464
60198261630289,RV_VLD,2468
60198261630289,RV_VLD,2472
60198261630289,RV_VLD,2476
60198261630289,RV_VLD,2480
60198261630289,RV_VLD,2484
60198261630289,RV_VLD,2488
60198261630289,RV_VLD,2492
60198261630289,RV_VLD,2496
60198261630289,RV_VLD,2500
60198261630289,RV_VLD,2504
60198261630289,RV_VLD,2508
60198261630289,RV_VLD,2512
60198261630289,RV_VLD,2516
60198261630289,RV_VLD,2520
60198261630289,RV_VLD,2524
60198261630289,RV_VLD,2528
60198261630289,RV_VLD,2532
60198261630289,RV_VLD,2536
60198261630289,RV_VLD,2540
60198261630289,RV_VLD,2544
60198261630289,RV_VLD,2548
60198261630289,RV_VLD,2552
60198261630289,RV_VLD,2556
60198261630290,RV_VLD,768
60198261630290,RV_VLD,772
60198261630290,RV_VLD,776
60198261630290,RV_VLD,780
60198261630290,RV_VLD,784
60198261630290,RV_VLD,788
60198261630290,RV_VLD,792
60198261630290,RV_VLD,796
60198261630290,RV_VLD,800
60198261630290,RV_VLD,804
60198261630290,RV_VLD,808
60198261630290,RV_VLD,812
60198261630290,RV_VLD,816
60198261630290,RV_VLD,820
60198261630290,RV_VLD,824
60198261630290,RV_VLD,828
60198261630290,RV_VLD,832
60198261630290,RV_VLD,836
60198261630290,RV_VLD,840
60198261630290,RV_VLD,844
60198261630290,RV_VLD,848
60198261630290,RV_VLD,852
60198261630290,RV_VLD,856
60198261630290,RV_VLD,860
60198261630290,RV_VLD,864
60198261630290,RV_VLD,868
60198261630290,RV_VLD,872
60198261630290,RV_VLD,876
60198261630290,RV_VLD,880
60198261630290,RV_VLD,884
60198261630290,RV_VLD,888
60198261630290,RV_VLD,892
60198261630290,RV_VLD,896
60198261630290,RV_VLD,900
60198261630290,RV_VLD,904
60198261630290,RV_VLD,908
60198261630290,RV_VLD,912
60198261630290,RV_VLD,916
60198261630290,RV_VLD,920
60198261630290,RV_VLD,924
60198261630290,RV_VLD,928
60198261630290,RV_VLD,932
60198261630290,RV_VLD,936
60198261630290,RV_VLD,940
60198261630290,RV_VLD,944
60198261630290,RV_VLD,948
60198261630290,RV_VLD,952
60198261630290,RV_VLD,956
60198261630290,RV_VLD,960
60198261630290,RV_VLD,964
60198261630290,RV_VLD,968
60198261630290,RV_VLD,972
60198261630290,RV_VLD,976
60198261630290,RV_VLD,980
60198261630290,RV_VLD,984
60198261630290,RV_VLD,988
60198261630290,RV_VLD,992
60198261630290,RV_VLD,996
60198261630290,RV_VLD,1000
60198261630290,RV_VLD,1004
60198261630290,RV_VLD,1008
60198261630290,RV_VLD,1012
60198261630290,RV_VLD,1016
60198261630290,RV_VLD,1020
59098750002517,RV_VST,2304
59098750002517,RV_VST,2308
59098750002517,RV_VST,2312
59098750002517,RV_VST,2316
59098750002517,RV_VST,2320
59098750002517,RV_VST,2324
59098750002517,RV_VST,2328
59098750002517,RV_VST,2332
59098750002517,RV_VST,2336
59098750002517,RV_VST,2340
59098750002517,RV_VST,2344
59098750002517,RV_VST,2348
59098750002517,RV_VST,2352
59098750002517,RV_VST,2356
59098750002517,RV_VST,2360
59098750002517,RV_VST,2364
59098750002517,RV_VST,2368
59098750002517,RV_VST,2372
59098750002517,RV_VST,2376
59098750002517,RV_VST,2380
59098750002517,RV_VST,2384
59098750002517,RV_VST,2388
59098750002517,RV_VST,2392
59098750002517,RV_VST,2396
59098750002517,RV_VST,2400
59098750002517,RV_VST,2404
59098750002517,RV_VST,2408
59098750002517,RV_VST,2412
59098750002517,RV_VST,2416
59098750002517,RV_VST,2420
59098750002517,RV_VST,2424
59098750002517,RV_VST,2428
59098750002517,RV_VST,2432
59098750002517,RV_VST,2436
59098750002517,RV_VST,2440
59098750002517,RV_VST,2444
59098750002517,RV_VST,2448
59098750002517,RV_VST,2452
59098750002517,RV_VST,2456
59098750002517,RV_VST,2460
59098750002517,RV_VST,2464
59098750002517,RV_VST,2468
59098750002517,RV_VST,2472
59098750002517,RV_VST,2476
59098750002517,RV_VST,2480
59098750002517,RV_VST,2484
59098750002517,RV_VST,2488
59098750002517,RV_VST,2492
59098750002517,RV_VST,2496
59098750002517,RV_VST,2500
59098750002517,RV_VST,2504
59098750002517,RV_VST,2508
59098750002517,RV_VST,2512
59098750002517,RV_VST,2516
59098750002517,RV_VST,2520
59098750002517,RV_VST,2524
59098750002517,RV_VST,2528
59098750002517,RV_VST,2532
59098750002517,RV_VST,2536
59098750002517,RV_VST,2540
59098750002517,RV_VST,2544
59098750002517,RV_VST,2548
59098750002517,RV_VST,2552
59098750002517,RV_VST,2556
60198261630304,RV_VLD,2048
60198261630304,RV_VLD,2052
60198261630304,RV_VLD,2056
60198261630304,RV_VLD,2060
60198261630304,RV_VLD,2064
60198261630304,RV_VLD,2068
60198261630304,RV_VLD,2072
60198261630304,RV_VLD,2076
60198261630304,RV_VLD,2080
60198261630304,RV_VLD,2084
60198261630304,RV_VLD,2088
60198261630304,RV_VLD,2092
60198261630304,RV_VLD,2096
60198261630304,RV_VLD,2100
60198261630304,RV_VLD,2104
60198261630304,RV_VLD,2108
60198261630304,RV_VLD,2112
60198261630304,RV_VLD,2116
60198261630304,RV_VLD,2120
60198261630304,RV_VLD,2124
60198261630304,RV_VLD,2128
60198261630304,RV_VLD,2132
60198261630304,RV_VLD,2136
60198261630304,RV_VLD,2140
60198261630304,RV_VLD,2144
60198261630304,RV_VLD,2148
60198261630304,RV_VLD,2152
60198261630304,RV_VLD,2156
60198261630304,RV_VLD,2160
60198261630304,RV_VLD,2164
60198261630304,RV_VLD,2168
60198261630304,RV_VLD,2172
60198261630304,RV_VLD,2176
60198261630304,RV_VLD,2180
60198261630304,RV_VLD,2184
60198261630304,RV_VLD,2188
60198261630304,RV_VLD,2192
60198261630304,RV_VLD,2196
60198261630304,RV_VLD,2200
60198261630304,RV_VLD,2204
60198261630304,RV_VLD,2208
60198261630304,RV_VLD,2212
60198261630304,RV_VLD,2216
60198261630304,RV_VLD,2220
60198261630304,RV_VLD,2224
60198261630304,RV_VLD,2228
60198261630304,RV_VLD,2232
60198261630304,RV_VLD,2236
60198261630304,RV_VLD,2240
60198261630304,RV_VLD,2244
60198261630304,RV_VLD,2248
60198261630304,RV_VLD,2252
60198261630304,RV_VLD,2256
60198261630304,RV_VLD,2260
60198261630304,RV_VLD,2264
60198261630304,RV_VLD,2268
60198261630304,RV_VLD,2272
60198261630304,RV_VLD,2276
60198261630304,RV_VLD,2280
60198261630304,RV_VLD,2284
60198261630304,RV_VLD,2288
60198261630304,RV_VLD,2292
60198261630304,RV_VLD,2296
60198261630304,RV_VLD,2300
59098750002532,RV_VST,2048
59098750002532,RV_VST,2052
59098750002532,RV_VST,2056
59098750002532,RV_VST,2060
59098750002532,RV_VST,2064
59098750002532,RV_VST,2068
59098750002532,RV_VST,2072
59098750002532,RV_VST,2076
59098750002532,RV_VST,2080
59098750002532,RV_VST,2084
59098750002532,RV_VST,2088
59098750002532,RV_VST,2092
59098750002532,RV_VST,2096
59098750002532,RV_VST,2100
59098750002532,RV_VST,2104
59098750002532,RV_VST,2108
59098750002532,RV_VST,2112
59098750002532,RV_VST,2116
59098750002532,RV_VST,2120
59098750002532,RV_VST,2124
59098750002532,RV_VST,2128
59098750002532,RV_VST,2132
59098750002532,RV_VST,2136
59098750002532,RV_VST,2140
59098750002532,RV_VST,2144
59098750002532,RV_VST,2148
59098750002532,RV_VST,2152
59098750002532,RV_VST,2156
59098750002532,RV_VST,2160
59098750002532,RV_VST,2164
59098750002532,RV_VST,2168
59098750002532,RV_VST,2172
59098750002532,RV_VST,2176
59098750002532,RV_VST,2180
59098750002532,RV_VST,2184
59098750002532,RV_VST,2188
59098750002532,RV_VST,2192
59098750002532,RV_VST,2196
59098750002532,RV_VST,2200
59098750002532,RV_VST,2204
59098750002532,RV_VST,2208
59098750002532,RV_VST,2212
59098750002532,RV_VST,2216
59098750002532,RV_VST,2220
59098750002532,RV_VST,2224
59098750002532,RV_VST,2228
59098750002532,RV_VST,2232
59098750002532,RV_VST,2236
59098750002532,RV_VST,2240
59098750002532,RV_VST,2244
59098750002532,RV_VST,2248
59098750002532,RV_VST,2252
59098750002532,RV_VST,2256
59098750002532,RV_VST,2260
59098750002532,RV_VST,2264
59098750002532,RV_VST,2268
59098750002532,RV_VST,2272
59098750002532,RV_VST,2276
59098750002532,RV_VST,2280
59098750002532,RV_VST,2284
59098750002532,RV_VST,2288
59098750002532,RV_VST,2292
59098750002532,RV_VST,2296
59098750002532,RV_VST,2300
60198261630310,RV_VLD,2304
60198261630310,RV_VLD,2308
60198261630310,RV_VLD,2312
60198261630310,RV_VLD,2316
60198261630310,RV_VLD,2320
60198261630310,RV_VLD,2324
60198261630310,RV_VLD,2328
60198261630310,RV_VLD,2332
60198261630310,RV_VLD,2336
60198261630310,RV_VLD,2340
60198261630310,RV_VLD,2344
60198261630310,RV_VLD,2348
60198261630310,RV_VLD,2352
60198261630310,RV_VLD,2356
60198261630310,RV_VLD,2360
60198261630310,RV_VLD,2364
60198261630310,RV_VLD,2368
60198261630310,RV_VLD,2372
60198261630310,RV_VLD,2376
60198261630310,RV_VLD,2380
60198261630310,RV_VLD,2384
60198261630310,RV_VLD,2388
60198261630310,RV_VLD,2392
60198261630310,RV_VLD,2396
60198261630310,RV_VLD,2400
60198261630310,RV_VLD,2404
60198261630310,RV_VLD,2408
60198261630310,RV_VLD,2412
60198261630310,RV_VLD,2416
60198261630310,RV_VLD,2420
60198261630310,RV_VLD,2424
60198261630310,RV_VLD,2428
60198261630310,RV_VLD,2432
60198261630310,RV_VLD,2436
60198261630310,RV_VLD,2440
60198261630310,RV_VLD,2444
60198261630310,RV_VLD,2448
60198261630310,RV_VLD,2452
60198261630310,RV_VLD,2456
60198261630310,RV_VLD,2460
60198261630310,RV_VLD,2464
60198261630310,RV_VLD,2468
60198261630310,RV_VLD,2472
60198261630310,RV_VLD,2476
60198261630310,RV_VLD,2480
60198261630310,RV_VLD,2484
60198261630310,RV_VLD,2488
60198261630310,RV_VLD,2492
60198261630310,RV_VLD,2496
60198261630310,RV_VLD,2500
60198261630310,RV_VLD,2504
60198261630310,RV_VLD,2508
60198261630310,RV_VLD,2512
60198261630310,RV_VLD,2516
60198261630310,RV_VLD,2520
60198261630310,RV_VLD,2524
60198261630310,RV_VLD,2528
60198261630310,RV_VLD,2532
60198261630310,RV_VLD,2536
60198261630310,RV_VLD,2540
60198261630310,RV_VLD,2544
60198261630310,RV_VLD,2548
60198261630310,RV_VLD,2552
60198261630310,RV_VLD,2556
59098750002538,RV_VST,2304
59098750002538,RV_VST,2308
59098750002538,RV_VST,2312
59098750002538,RV_VST,2316
59098750002538,RV_VST,2320
59098750002538,RV_VST,2324
59098750002538,RV_VST,2328
59098750002538,RV_VST,2332
59098750002538,RV_VST,2336
59098750002538,RV_VST,2340
59098750002538,RV_VST,2344
59098750002538,RV_VST,2348
59098750002538,RV_VST,2352
59098750002538,RV_VST,2356
59098750002538,RV_VST,2360
59098750002538,RV_VST,2364
59098750002538,RV_VST,2368
59098750002538,RV_VST,2372
59098750002538,RV_VST,2376
59098750002538,RV_VST,2380
59098750002538,RV_VST,2384
59098750002538,RV_VST,2388
59098750002538,RV_VST,2392
59098750002538,RV_VST,2396
59098750002538,RV_VST,2400
59098750002538,RV_VST,2404
59098750002538,RV_VST,2408
59098750002538,RV_VST,2412
59098750002538,RV_VST,2416
59098750002538,RV_VST,2420
59098750002538,RV_VST,2424
59098750002538,RV_VST,2428
59098750002538,RV_VST,2432
59098750002538,RV_VST,2436
59098750002538,RV_VST,2440
59098750002538,RV_VST,2444
59098750002538,RV_VST,2448
59098750002538,RV_VST,2452
59098750002538,RV_VST,2456
59098750002538,RV_VST,2460
59098750002538,RV_VST,2464
59098750002538,RV_VST,2468
59098750002538,RV_VST,2472
59098750002538,RV_VST,2476
59098750002538,RV_VST,2480
59098750002538,RV_VST,2484
59098750002538,RV_VST,2488
59098750002538,RV_VST,2492
59098750002538,RV_VST,2496
59098750002538,RV_VST,2500
59098750002538,RV_VST,2504
59098750002538,RV_VST,2508
59098750002538,RV_VST,2512
59098750002538,RV_VST,2516
59098750002538,RV_VST,2520
59098750002538,RV_VST,2524
59098750002538,RV_VST,2528
59098750002538,RV_VST,2532
59098750002538,RV_VST,2536
59098750002538,RV_VST,2540
59098750002538,RV_VST,2544
59098750002538,RV_VST,2548
59098750002538,RV_VST,2552
59098750002538,RV_VST,2556
60198261630325,RV_VLD,512
60198261630325,RV_VLD,516
60198261630325,RV_VLD,520
60198261630325,RV_VLD,524
60198261630325,RV_VLD,528
60198261630325,RV_VLD,532
60198261630325,RV_VLD,536
60198261630325,RV_VLD,540
60198261630325,RV_VLD,544
60198261630325,RV_VLD,548
60198261630325,RV_VLD,552
60198261630325,RV_VLD,556
60198261630325,RV_VLD,560
60198261630325,RV_VLD,564
60198261630325,RV_VLD,568
60198261630325,RV_VLD,572
60198261630325,RV_VLD,576
60198261630325,RV_VLD,580
60198261630325,RV_VLD,584
60198261630325,RV_VLD,588
60198261630325,RV_VLD,592
60198261630325,RV_VLD,596
60198261630325,RV_VLD,600
60198261630325,RV_VLD,604
60198261630325,RV_VLD,608
60198261630325,RV_VLD,612
60198261630325,RV_VLD,616
60198261630325,RV_VLD,620
60198261630325,RV_VLD,624
60198261630325,RV_VLD,628
60198261630325,RV_VLD,632
60198261630325,RV_VLD,636
60198261630325,RV_VLD,640
60198261630325,RV_VLD,644
60198261630325,RV_VLD,648
60198261630325,RV_VLD,652
60198261630325,RV_VLD,656
60198261630325,RV_VLD,660
60198261630325,RV_VLD,664
60198261630325,RV_VLD,668
60198261630325,RV_VLD,672
60198261630325,RV_VLD,676
60198261630325,RV_VLD,680
60198261630325,RV_VLD,684
60198261630325,RV_VLD,688
60198261630325,RV_VLD,692
60198261630325,RV_VLD,696
60198261630325,RV_VLD,700
60198261630325,RV_VLD,704
60198261630325,RV_VLD,708
60198261630325,RV_VLD,712
60198261630325,RV_VLD,716
60198261630325,RV_VLD,720
60198261630325,RV_VLD,724
60198261630325,RV_VLD,728
60198261630325,RV_VLD,732
60198261630325,RV_VLD,736
60198261630325,RV_VLD,740
60198261630325,RV_VLD,744
60198261630325,RV_VLD,748
60198261630325,RV_VLD,752
60198261630325,RV_VLD,756
60198261630325,RV_VLD,760
60198261630325,RV_VLD,764
60198261630326,RV_VLD,2048
60198261630326,RV_VLD,2052
60198261630326,RV_VLD,2056
60198261630326,RV_VLD,2060
60198261630326,RV_VLD,2064
60198261630326,RV_VLD,2068
60198261630326,RV_VLD,2072
60198261630326,RV_VLD,2076
60198261630326,RV_VLD,2080
60198261630326,RV_VLD,2084
60198261630326,RV_VLD,2088
60198261630326,RV_VLD,2092
60198261630326,RV_VLD,2096
60198261630326,RV_VLD,2100
60198261630326,RV_VLD,2104
60198261630326,RV_VLD,2108
60198261630326,RV_VLD,2112
60198261630326,RV_VLD,2116
60198261630326,RV_VLD,2120
60198261630326,RV_VLD,2124
60198261630326,RV_VLD,2128
60198261630326,RV_VLD,2132
60198261630326,RV_VLD,2136
60198261630326,RV_VLD,2140
60198261630326,RV_VLD,2144
60198261630326,RV_VLD,2148
60198261630326,RV_VLD,2152
60198261630326,RV_VLD,2156
60198261630326,RV_VLD,2160
60198261630326,RV_VLD,2164
60198261630326,RV_VLD,2168
60198261630326,RV_VLD,2172
60198261630326,RV_VLD,2176
60198261630326,RV_VLD,2180
60198261630326,RV_VLD,2184
60198261630326,RV_VLD,2188
60198261630326,RV_VLD,2192
60198261630326,RV_VLD,2196
60198261630326,RV_VLD,2200
60198261630326,RV_VLD,2204
60198261630326,RV_VLD,2208
60198261630326,RV_VLD,2212
60198261630326,RV_VLD,2216
60198261630326,RV_VLD,2220
60198261630326,RV_VLD,2224
60198261630326,RV_VLD,2228
60198261630326,RV_VLD,2232
60198261630326,RV_VLD,2236
60198261630326,RV_VLD,2240
60198261630326,RV_VLD,2244
60198261630326,RV_VLD,2248
60198261630326,RV_VLD,2252
60198261630326,RV_VLD,2256
60198261630326,RV_VLD,2260
60198261630326,RV_VLD,2264
60198261630326,RV_VLD,2268
60198261630326,RV_VLD,2272
60198261630326,RV_VLD,2276
60198261630326,RV_VLD,2280
60198261630326,RV_VLD,2284
60198261630326,RV_VLD,2288
60198261630326,RV_VLD,2292
60198261630326,RV_VLD,2296
60198261630326,RV_VLD,2300
59098750002553,RV_VST,2048
59098750002553,RV_VST,2052
59098750002553,RV_VST,2056
59098750002553,RV_VST,2060
59098750002553,RV_VST,2064
59098750002553,RV_VST,2068
59098750002553,RV_VST,2072
59098750002553,RV_VST,2076
59098750002553,RV_VST,2080
59098750002553,RV_VST,2084
59098750002553,RV_VST,2088
59098750002553,RV_VST,2092
59098750002553,RV_VST,2096
59098750002553,RV_VST,2100
59098750002553,RV_VST,2104
59098750002553,RV_VST,2108
59098750002553,RV_VST,2112
59098750002553,RV_VST,2116
59098750002553,RV_VST,2120
59098750002553,RV_VST,2124
59098750002553,RV_VST,2128
59098750002553,RV_VST,2132
59098750002553,RV_VST,2136
59098750002553,RV_VST,2140
59098750002553,RV_VST,2144
59098750002553,RV_VST,2148
59098750002553,RV_VST,2152
59098750002553,RV_VST,2156
59098750002553,RV_VST,2160
59098750002553,RV_VST,2164
59098750002553,RV_VST,2168
59098750002553,RV_VST,2172
59098750002553,RV_VST,2176
59098750002553,RV_VST,2180
59098750002553,RV_VST,2184
59098750002553,RV_VST,2188
59098750002553,RV_VST,2192
59098750002553,RV_VST,2196
59098750002553,RV_VST,2200
59098750002553,RV_VST,2204
59098750002553,RV_VST,2208
59098750002553,RV_VST,2212
59098750002553,RV_VST,2216
59098750002553,RV_VST,2220
59098750002553,RV_VST,2224
59098750002553,RV_VST,2228
59098750002553,RV_VST,2232
59098750002553,RV_VST,2236
59098750002553,RV_VST,2240
59098750002553,RV_VST,2244
59098750002553,RV_VST,2248
59098750002553,RV_VST,2252
59098750002553,RV_VST,2256
59098750002553,RV_VST,2260
59098750002553,RV_VST,2264
59098750002553,RV_VST,2268
59098750002553,RV_VST,2272
59098750002553,RV_VST,2276
59098750002553,RV_VST,2280
59098750002553,RV_VST,2284
59098750002553,RV_VST,2288
59098750002553,RV_VST,2292
59098750002553,RV_VST,2296
59098750002553,RV_VST,2300
60198261630331,RV_VLD,768
60198261630331,RV_VLD,772
60198261630331,RV_VLD,776
60198261630331,RV_VLD,780
60198261630331,RV_VLD,784
60198261630331,RV_VLD,788
60198261630331,RV_VLD,792
60198261630331,RV_VLD,796
60198261630331,RV_VLD,800
60198261630331,RV_VLD,804
60198261630331,RV_VLD,808
60198261630331,RV_VLD,812
60198261630331,RV_VLD,816
60198261630331,RV_VLD,820
60198261630331,RV_VLD,824
60198261630331,RV_VLD,828
60198261630331,RV_VLD,832
60198261630331,RV_VLD,836
60198261630331,RV_VLD,840
60198261630331,RV_VLD,844
60198261630331,RV_VLD,848
60198261630331,RV_VLD,852
60198261630331,RV_VLD,856
60198261630331,RV_VLD,860
60198261630331,RV_VLD,864
60198261630331,RV_VLD,868
60198261630331,RV_VLD,872
60198261630331,RV_VLD,876
60198261630331,RV_VLD,880
60198261630331,RV_VLD,884
60198261630331,RV_VLD,888
60198261630331,RV_VLD,892
60198261630331,RV_VLD,896
60198261630331,RV_VLD,900
60198261630331,RV_VLD,904
60198261630331,RV_VLD,908
60198261630331,RV_VLD,912
60198261630331,RV_VLD,916
60198261630331,RV_VLD,920
60198261630331,RV_VLD,924
60198261630331,RV_VLD,928
60198261630331,RV_VLD,932
60198261630331,RV_VLD,936
60198261630331,RV_VLD,940
60198261630331,RV_VLD,944
60198261630331,RV_VLD,948
60198261630331,RV_VLD,952
60198261630331,RV_VLD,956
60198261630331,RV_VLD,960
60198261630331,RV_VLD,964
60198261630331,RV_VLD,968
60198261630331,RV_VLD,972
60198261630331,RV_VLD,976
60198261630331,RV_VLD,980
60198261630331,RV_VLD,984
60198261630331,RV_VLD,988
60198261630331,RV_VLD,992
60198261630331,RV_VLD,996
60198261630331,RV_VLD,1000
60198261630331,RV_VLD,1004
60198261630331,RV_VLD,1008
60198261630331,RV_VLD,1012
60198261630331,RV_VLD,1016
60198261630331,RV_VLD,1020
60198261630332,RV_VLD,2304
60198261630332,RV_VLD,2308
60198261630332,RV_VLD,2312
60198261630332,RV_VLD,2316
60198261630332,RV_VLD,2320
60198261630332,RV_VLD,2324
60198261630332,RV_VLD,2328
60198261630332,RV_VLD,2332
60198261630332,RV_VLD,2336
60198261630332,RV_VLD,2340
60198261630332,RV_VLD,2344
60198261630332,RV_VLD,2348
60198261630332,RV_VLD,2352
60198261630332,RV_VLD,2356
60198261630332,RV_VLD,2360
60198261630332,RV_VLD,2364
60198261630332,RV_VLD,2368
60198261630332,RV_VLD,2372
60198261630332,RV_VLD,2376
60198261630332,RV_VLD,2380
60198261630332,RV_VLD,2384
60198261630332,RV_VLD,2388
60198261630332,RV_VLD,2392
60198261630332,RV_VLD,2396
60198261630332,RV_VLD,2400
60198261630332,RV_VLD,2404
60198261630332,RV_VLD,2408
60198261630332,RV_VLD,2412
60198261630332,RV_VLD,2416
60198261630332,RV_VLD,2420
60198261630332,RV_VLD,2424
60198261630332,RV_VLD,2428
60198261630332,RV_VLD,2432
60198261630332,RV_VLD,2436
60198261630332,RV_VLD,2440
60198261630332,RV_VLD,2444
60198261630332,RV_VLD,2448
60198261630332,RV_VLD,2452
60198261630332,RV_VLD,2456
60198261630332,RV_VLD,2460
60198261630332,RV_VLD,2464
60198261630332,RV_VLD,2468
60198261630332,RV_VLD,2472
60198261630332,RV_VLD,2476
60198261630332,RV_VLD,2480
60198261630332,RV_VLD,2484
60198261630332,RV_VLD,2488
60198261630332,RV_VLD,2492
60198261630332,RV_VLD,2496
60198261630332,RV_VLD,2500
60198261630332,RV_VLD,2504
60198261630332,RV_VLD,2508
60198261630332,RV_VLD,2512
60198261630332,RV_VLD,2516
60198261630332,RV_VLD,2520
60198261630332,RV_VLD,2524
60198261630332,RV_VLD,2528
60198261630332,RV_VLD,2532
60198261630332,RV_VLD,2536
60198261630332,RV_VLD,2540
60198261630332,RV_VLD,2544
60198261630332,RV_VLD,2548
60198261630332,RV_VLD,2552
60198261630332,RV_VLD,2556
59098750002559,RV_VST,2304
59098750002559,RV_VST,2308
59098750002559,RV_VST,2312
59098750002559,RV_VST,2316
59098750002559,RV_VST,2320
59098750002559,RV_VST,2324
59098750002559,RV_VST,2328
59098750002559,RV_VST,2332
59098750002559,RV_VST,2336
59098750002559,RV_VST,2340
59098750002559,RV_VST,2344
59098750002559,RV_VST,2348
59098750002559,RV_VST,2352
59098750002559,RV_VST,2356
59098750002559,RV_VST,2360
59098750002559,RV_VST,2364
59098750002559,RV_VST,2368
59098750002559,RV_VST,2372
59098750002559,RV_VST,2376
59098750002559,RV_VST,2380
59098750002559,RV_VST,2384
59098750002559,RV_VST,2388
59098750002559,RV_VST,2392
59098750002559,RV_VST,2396
59098750002559,RV_VST,2400
59098750002559,RV_VST,2404
59098750002559,RV_VST,2408
59098750002559,RV_VST,2412
59098750002559,RV_VST,2416
59098750002559,RV_VST,2420
59098750002559,RV_VST,2424
59098750002559,RV_VST,2428
59098750002559,RV_VST,2432
59098750002559,RV_VST,2436
59098750002559,RV_VST,2440
59098750002559,RV_VST,2444
59098750002559,RV_VST,2448
59098750002559,RV_VST,2452
59098750002559,RV_VST,2456
59098750002559,RV_VST,2460
59098750002559,RV_VST,2464
59098750002559,RV_VST,2468
59098750002559,RV_VST,2472
59098750002559,RV_VST,2476
59098750002559,RV_VST,2480
59098750002559,RV_VST,2484
59098750002559,RV_VST,2488
59098750002559,RV_VST,2492
59098750002559,RV_VST,2496
59098750002559,RV_VST,2500
59098750002559,RV_VST,2504
59098750002559,RV_VST,2508
59098750002559,RV_VST,2512
59098750002559,RV_VST,2516
59098750002559,RV_VST,2520
59098750002559,RV_VST,2524
59098750002559,RV_VST,2528
59098750002559,RV_VST,2532
59098750002559,RV_VST,2536
59098750002559,RV_VST,2540
59098750002559,RV_VST,2544
59098750002559,RV_VST,2548
59098750002559,RV_VST,2552
59098750002559,RV_VST,2556
60198261630363,RV_VLD,512
60198261630363,RV_VLD,516
60198261630363,RV_VLD,520
60198261630363,RV_VLD,524
60198261630363,RV_VLD,528
60198261630363,RV_VLD,532
60198261630363,RV_VLD,536
60198261630363,RV_VLD,540
60198261630363,RV_VLD,544
60198261630363,RV_VLD,548
60198261630363,RV_VLD,552
60198261630363,RV_VLD,556
60198261630363,RV_VLD,560
60198261630363,RV_VLD,564
60198261630363,RV_VLD,568
60198261630363,RV_VLD,572
60198261630363,RV_VLD,576
60198261630363,RV_VLD,580
60198261630363,RV_VLD,584
60198261630363,RV_VLD,588
60198261630363,RV_VLD,592
60198261630363,RV_VLD,596
60198261630363,RV_VLD,600
60198261630363,RV_VLD,604
60198261630363,RV_VLD,608
60198261630363,RV_VLD,612
60198261630363,RV_VLD,616
60198261630363,RV_VLD,620
60198261630363,RV_VLD,624
60198261630363,RV_VLD,628
60198261630363,RV_VLD,632
60198261630363,RV_VLD,636
60198261630363,RV_VLD,640
60198261630363,RV_VLD,644
60198261630363,RV_VLD,648
60198261630363,RV_VLD,652
60198261630363,RV_VLD,656
60198261630363,RV_VLD,660
60198261630363,RV_VLD,664
60198261630363,RV_VLD,668
60198261630363,RV_VLD,672
60198261630363,RV_VLD,676
60198261630363,RV_VLD,680
60198261630363,RV_VLD,684
60198261630363,RV_VLD,688
60198261630363,RV_VLD,692
60198261630363,RV_VLD,696
60198261630363,RV_VLD,700
60198261630363,RV_VLD,704
60198261630363,RV_VLD,708
60198261630363,RV_VLD,712
60198261630363,RV_VLD,716
60198261630363,RV_VLD,720
60198261630363,RV_VLD,724
60198261630363,RV_VLD,728
60198261630363,RV_VLD,732
60198261630363,RV_VLD,736
60198261630363,RV_VLD,740
60198261630363,RV_VLD,744
60198261630363,RV_VLD,748
60198261630363,RV_VLD,752
60198261630363,RV_VLD,756
60198261630363,RV_VLD,760
60198261630363,RV_VLD,764
60198261630364,RV_VLD,2048
60198261630364,RV_VLD,2052
60198261630364,RV_VLD,2056
60198261630364,RV_VLD,2060
60198261630364,RV_VLD,2064
60198261630364,RV_VLD,2068
60198261630364,RV_VLD,2072
60198261630364,RV_VLD,2076
60198261630364,RV_VLD,2080
60198261630364,RV_VLD,2084
60198261630364,RV_VLD,2088
60198261630364,RV_VLD,2092
60198261630364,RV_VLD,2096
60198261630364,RV_VLD,2100
60198261630364,RV_VLD,2104
60198261630364,RV_VLD,2108
60198261630364,RV_VLD,2112
60198261630364,RV_VLD,2116
60198261630364,RV_VLD,2120
60198261630364,RV_VLD,2124
60198261630364,RV_VLD,2128
60198261630364,RV_VLD,2132
60198261630364,RV_VLD,2136
60198261630364,RV_VLD,2140
60198261630364,RV_VLD,2144
60198261630364,RV_VLD,2148
60198261630364,RV_VLD,2152
60198261630364,RV_VLD,2156
60198261630364,RV_VLD,2160
60198261630364,RV_VLD,2164
60198261630364,RV_VLD,2168
60198261630364,RV_VLD,2172
60198261630364,RV_VLD,2176
60198261630364,RV_VLD,2180
60198261630364,RV_VLD,2184
60198261630364,RV_VLD,2188
60198261630364,RV_VLD,2192
60198261630364,RV_VLD,2196
60198261630364,RV_VLD,2200
60198261630364,RV_VLD,2204
60198261630364,RV_VLD,2208
60198261630364,RV_VLD,2212
60198261630364,RV_VLD,2216
60198261630364,RV_VLD,2220
60198261630364,RV_VLD,2224
60198261630364,RV_VLD,2228
60198261630364,RV_VLD,2232
60198261630364,RV_VLD,2236
60198261630364,RV_VLD,2240
60198261630364,RV_VLD,2244
60198261630364,RV_VLD,2248
60198261630364,RV_VLD,2252
60198261630364,RV_VLD,2256
60198261630364,RV_VLD,2260
60198261630364,RV_VLD,2264
60198261630364,RV_VLD,2268
60198261630364,RV_VLD,2272
60198261630364,RV_VLD,2276
60198261630364,RV_VLD,2280
60198261630364,RV_VLD,2284
60198261630364,RV_VLD,2288
60198261630364,RV_VLD,2292
60198261630364,RV_VLD,2296
60198261630364,RV_VLD,2300
59098750002591,RV_VST,1536
59098750002591,RV_VST,1540
59098750002591,RV_VST,1544
59098750002591,RV_VST,1548
59098750002591,RV_VST,1552
59098750002591,RV_VST,1556
59098750002591,RV_VST,1560
59098750002591,RV_VST,1564
59098750002591,RV_VST,1568
59098750002591,RV_VST,1572
59098750002591,RV_VST,1576
59098750002591,RV_VST,1580
59098750002591,RV_VST,1584
59098750002591,RV_VST,1588
59098750002591,RV_VST,1592
59098750002591,RV_VST,1596
59098750002591,RV_VST,1600
59098750002591,RV_VST,1604
59098750002591,RV_VST,1608
59098750002591,RV_VST,1612
59098750002591,RV_VST,1616
59098750002591,RV_VST,1620
59098750002591,RV_VST,1624
59098750002591,RV_VST,1628
59098750002591,RV_VST,1632
59098750002591,RV_VST,1636
59098750002591,RV_VST,1640
59098750002591,RV_VST,1644
59098750002591,RV_VST,1648
59098750002591,RV_VST,1652
59098750002591,RV_VST,1656
59098750002591,RV_VST,1660
59098750002591,RV_VST,1664
59098750002591,RV_VST,1668
59098750002591,RV_VST,1672
59098750002591,RV_VST,1676
59098750002591,RV_VST,1680
59098750002591,RV_VST,1684
59098750002591,RV_VST,1688
59098750002591,RV_VST,1692
59098750002591,RV_VST,1696
59098750002591,RV_VST,1700
59098750002591,RV_VST,1704
59098750002591,RV_VST,1708
59098750002591,RV_VST,1712
59098750002591,RV_VST,1716
59098750002591,RV_VST,1720
59098750002591,RV_VST,1724
59098750002591,RV_VST,1728
59098750002591,RV_VST,1732
59098750002591,RV_VST,1736
59098750002591,RV_VST,1740
59098750002591,RV_VST,1744
59098750002591,RV_VST,1748
59098750002591,RV_VST,1752
59098750002591,RV_VST,1756
59098750002591,RV_VST,1760
59098750002591,RV_VST,1764
59098750002591,RV_VST,1768
59098750002591,RV_VST,1772
59098750002591,RV_VST,1776
59098750002591,RV_VST,1780
59098750002591,RV_VST,1784
59098750002591,RV_VST,1788
60198261630369,RV_VLD,768
60198261630369,RV_VLD,772
60198261630369,RV_VLD,776
60198261630369,RV_VLD,780
60198261630369,RV_VLD,784
60198261630369,RV_VLD,788
60198261630369,RV_VLD,792
60198261630369,RV_VLD,796
60198261630369,RV_VLD,800
60198261630369,RV_VLD,804
60198261630369,RV_VLD,808
60198261630369,RV_VLD,812
60198261630369,RV_VLD,816
60198261630369,RV_VLD,820
60198261630369,RV_VLD,824
60198261630369,RV_VLD,828
60198261630369,RV_VLD,832
60198261630369,RV_VLD,836
60198261630369,RV_VLD,840
60198261630369,RV_VLD,844
60198261630369,RV_VLD,848
60198261630369,RV_VLD,852
60198261630369,RV_VLD,856
60198261630369,RV_VLD,860
60198261630369,RV_VLD,864
60198261630369,RV_VLD,868
60198261630369,RV_VLD,872
60198261630369,RV_VLD,876
60198261630369,RV_VLD,880
60198261630369,RV_VLD,884
60198261630369,RV_VLD,888
60198261630369,RV_VLD,892
60198261630369,RV_VLD,896
60198261630369,RV_VLD,900
60198261630369,RV_VLD,904
60198261630369,RV_VLD,908
60198261630369,RV_VLD,912
60198261630369,RV_VLD,916
60198261630369,RV_VLD,920
60198261630369,RV_VLD,924
60198261630369,RV_VLD,928
60198261630369,RV_VLD,932
60198261630369,RV_VLD,936
60198261630369,RV_VLD,940
60198261630369,RV_VLD,944
60198261630369,RV_VLD,948
60198261630369,RV_VLD,952
60198261630369,RV_VLD,956
60198261630369,RV_VLD,960
60198261630369,RV_VLD,964
60198261630369,RV_VLD,968
60198261630369,RV_VLD,972
60198261630369,RV_VLD,976
60198261630369,RV_VLD,980
60198261630369,RV_VLD,984
60198261630369,RV_VLD,988
60198261630369,RV_VLD,992
60198261630369,RV_VLD,996
60198261630369,RV_VLD,1000
60198261630369,RV_VLD,1004
60198261630369,RV_VLD,1008
60198261630369,RV_VLD,1012
60198261630369,RV_VLD,1016
60198261630369,RV_VLD,1020
60198261630370,RV_VLD,2304
60198261630370,RV_VLD,2308
60198261630370,RV_VLD,2312
60198261630370,RV_VLD,2316
60198261630370,RV_VLD,2320
60198261630370,RV_VLD,2324
60198261630370,RV_VLD,2328
60198261630370,RV_VLD,2332
60198261630370,RV_VLD,2336
60198261630370,RV_VLD,2340
60198261630370,RV_VLD,2344
60198261630370,RV_VLD,2348
60198261630370,RV_VLD,2352
60198261630370,RV_VLD,2356
60198261630370,RV_VLD,2360
60198261630370,RV_VLD,2364
60198261630370,RV_VLD,2368
60198261630370,RV_VLD,2372
60198261630370,RV_VLD,2376
60198261630370,RV_VLD,2380
60198261630370,RV_VLD,2384
60198261630370,RV_VLD,2388
60198261630370,RV_VLD,2392
60198261630370,RV_VLD,2396
60198261630370,RV_VLD,2400
60198261630370,RV_VLD,2404
60198261630370,RV_VLD,2408
60198261630370,RV_VLD,2412
60198261630370,RV_VLD,2416
60198261630370,RV_VLD,2420
60198261630370,RV_VLD,2424
60198261630370,RV_VLD,2428
60198261630370,RV_VLD,2432
60198261630370,RV_VLD,2436
60198261630370,RV_VLD,2440
60198261630370,RV_VLD,2444
60198261630370,RV_VLD,2448
60198261630370,RV_VLD,2452
60198261630370,RV_VLD,2456
60198261630370,RV_VLD,2460
60198261630370,RV_VLD,2464
60198261630370,RV_VLD,2468
60198261630370,RV_VLD,2472
60198261630370,RV_VLD,2476
60198261630370,RV_VLD,2480
60198261630370,RV_VLD,2484
60198261630370,RV_VLD,2488
60198261630370,RV_VLD,2492
60198261630370,RV_VLD,2496
60198261630370,RV_VLD,2500
60198261630370,RV_VLD,2504
60198261630370,RV_VLD,2508
60198261630370,RV_VLD,2512
60198261630370,RV_VLD,2516
60198261630370,RV_VLD,2520
60198261630370,RV_VLD,2524
60198261630370,RV_VLD,2528
60198261630370,RV_VLD,2532
60198261630370,RV_VLD,2536
60198261630370,RV_VLD,2540
60198261630370,RV_VLD,2544
60198261630370,RV_VLD,2548
60198261630370,RV_VLD,2552
60198261630370,RV_VLD,2556
59098750002597,RV_VST,1792
59098750002597,RV_VST,1796
59098750002597,RV_VST,1800
59098750002597,RV_VST,1804
59098750002597,RV_VST,1808
59098750002597,RV_VST,1812
59098750002597,RV_VST,1816
59098750002597,RV_VST,1820
59098750002597,RV_VST,1824
59098750002597,RV_VST,1828
59098750002597,RV_VST,1832
59098750002597,RV_VST,1836
59098750002597,RV_VST,1840
59098750002597,RV_VST,1844
59098750002597,RV_VST,1848
59098750002597,RV_VST,1852
59098750002597,RV_VST,1856
59098750002597,RV_VST,1860
59098750002597,RV_VST,1864
59098750002597,RV_VST,1868
59098750002597,RV_VST,1872
59098750002597,RV_VST,1876
59098750002597,RV_VST,1880
59098750002597,RV_VST,1884
59098750002597,RV_VST,1888
59098750002597,RV_VST,1892
59098750002597,RV_VST,1896
59098750002597,RV_VST,1900
59098750002597,RV_VST,1904
59098750002597,RV_VST,1908
59098750002597,RV_VST,1912
59098750002597,RV_VST,1916
59098750002597,RV_VST,1920
59098750002597,RV_VST,1924
59098750002597,RV_VST,1928
59098750002597,RV_VST,1932
59098750002597,RV_VST,1936
59098750002597,RV_VST,1940
59098750002597,RV_VST,1944
59098750002597,RV_VST,1948
59098750002597,RV_VST,1952
59098750002597,RV_VST,1956
59098750002597,RV_VST,1960
59098750002597,RV_VST,1964
59098750002597,RV_VST,1968
59098750002597,RV_VST,1972
59098750002597,RV_VST,1976
59098750002597,RV_VST,1980
59098750002597,RV_VST,1984
59098750002597,RV_VST,1988
59098750002597,RV_VST,1992
59098750002597,RV_VST,1996
59098750002597,RV_VST,2000
59098750002597,RV_VST,2004
59098750002597,RV_VST,2008
59098750002597,RV_VST,2012
59098750002597,RV_VST,2016
59098750002597,RV_VST,2020
59098750002597,RV_VST,2024
59098750002597,RV_VST,2028
59098750002597,RV_VST,2032
59098750002597,RV_VST,2036
59098750002597,RV_VST,2040
59098750002597,RV_VST,2044
59923383723497,RV_VLD,0
59923383723497,RV_VLD,4
59923383723497,RV_VLD,8
59923383723497,RV_VLD,12
59923383723497,RV_VLD,16
59923383723497,RV_VLD,20
59923383723497,RV_VLD,24
59923383723497,RV_VLD,28
59923383723497,RV_VLD,32
59923383723497,RV_VLD,36
59923383723497,RV_VLD,40
59923383723497,RV_VLD,44
59923383723497,RV_VLD,48
59923383723497,RV_VLD,52
59923383723497,RV_VLD,56
59923383723497,RV_VLD,60
59923383723497,RV_VLD,64
59923383723497,RV_VLD,68
59923383723497,RV_VLD,72
59923383723497,RV_VLD,76
59923383723497,RV_VLD,80
59923383723497,RV_VLD,84
59923383723497,RV_VLD,88
59923383723497,RV_VLD,92
59923383723497,RV_VLD,96
59923383723497,RV_VLD,100
59923383723497,RV_VLD,104
59923383723497,RV_VLD,108
59923383723497,RV_VLD,112
59923383723497,RV_VLD,116
59923383723497,RV_VLD,120
59923383723497,RV_VLD,124
59923383723497,RV_VLD,128
59923383723497,RV_VLD,132
59923383723497,RV_VLD,136
59923383723497,RV_VLD,140
59923383723497,RV_VLD,144
59923383723497,RV_VLD,148
59923383723497,RV_VLD,152
59923383723497,RV_VLD,156
59923383723497,RV_VLD,160
59923383723497,RV_VLD,164
59923383723497,RV_VLD,168
59923383723497,RV_VLD,172
59923383723497,RV_VLD,176
59923383723497,RV_VLD,180
59923383723497,RV_VLD,184
59923383723497,RV_VLD,188
59923383723497,RV_VLD,192
59923383723497,RV_VLD,196
59923383723497,RV_VLD,200
59923383723497,RV_VLD,204
59923383723497,RV_VLD,208
59923383723497,RV_VLD,212
59923383723497,RV_VLD,216
59923383723497,RV_VLD,220
59923383723497,RV_VLD,224
59923383723497,RV_VLD,228
59923383723497,RV_VLD,232
59923383723497,RV_VLD,236
59923383723497,RV_VLD,240
59923383723497,RV_VLD,244
59923383723497,RV_VLD,248
59923383723497,RV_VLD,252
58823872095724,RV_VST,2048
58823872095724,RV_VST,2052
58823872095724,RV_VST,2056
58823872095724,RV_VST,2060
58823872095724,RV_VST,2064
58823872095724,RV_VST,2068
58823872095724,RV_VST,2072
58823872095724,RV_VST,2076
58823872095724,RV_VST,2080
58823872095724,RV_VST,2084
58823872095724,RV_VST,2088
58823872095724,RV_VST,2092
58823872095724,RV_VST,2096
58823872095724,RV_VST,2100
58823872095724,RV_VST,2104
58823872095724,RV_VST,2108
58823872095724,RV_VST,2112
58823872095724,RV_VST,2116
58823872095724,RV_VST,2120
58823872095724,RV_VST,2124
58823872095724,RV_VST,2128
58823872095724,RV_VST,2132
58823872095724,RV_VST,2136
58823872095724,RV_VST,2140
58823872095724,RV_VST,2144
58823872095724,RV_VST,2148
58823872095724,RV_VST,2152
58823872095724,RV_VST,2156
58823872095724,RV_VST,2160
58823872095724,RV_VST,2164
58823872095724,RV_VST,2168
58823872095724,RV_VST,2172
58823872095724,RV_VST,2176
58823872095724,RV_VST,2180
58823872095724,RV_VST,2184
58823872095724,RV_VST,2188
58823872095724,RV_VST,2192
58823872095724,RV_VST,2196
58823872095724,RV_VST,2200
58823872095724,RV_VST,2204
58823872095724,RV_VST,2208
58823872095724,RV_VST,2212
58823872095724,RV_VST,2216
58823872095724,RV_VST,2220
58823872095724,RV_VST,2224
58823872095724,RV_VST,2228
58823872095724,RV_VST,2232
58823872095724,RV_VST,2236
58823872095724,RV_VST,2240
58823872095724,RV_VST,2244
58823872095724,RV_VST,2248
58823872095724,RV_VST,2252
58823872095724,RV_VST,2256
58823872095724,RV_VST,2260
58823872095724,RV_VST,2264
58823872095724,RV_VST,2268
58823872095724,RV_VST,2272
58823872095724,RV_VST,2276
58823872095724,RV_VST,2280
58823872095724,RV_VST,2284
58823872095724,RV_VST,2288
58823872095724,RV_VST,2292
58823872095724,RV_VST,2296
58823872095724,RV_VST,2300
59923383723502,RV_VLD,256
59923383723502,RV_VLD,260
59923383723502,RV_VLD,264
59923383723502,RV_VLD,268
59923383723502,RV_VLD,272
59923383723502,RV_VLD,276
59923383723502,RV_VLD,280
59923383723502,RV_VLD,284
59923383723502,RV_VLD,288
59923383723502,RV_VLD,292
59923383723502,RV_VLD,296
59923383723502,RV_VLD,300
59923383723502,RV_VLD,304
59923383723502,RV_VLD,308
59923383723502,RV_VLD,312
59923383723502,RV_VLD,316
59923383723502,RV_VLD,320
59923383723502,RV_VLD,324
59923383723502,RV_VLD,328
59923383723502,RV_VLD,332
59923383723502,RV_VLD,336
59923383723502,RV_VLD,340
59923383723502,RV_VLD,344
59923383723502,RV_VLD,348
59923383723502,RV_VLD,352
59923383723502,RV_VLD,356
59923383723502,RV_VLD,360
59923383723502,RV_VLD,364
59923383723502,RV_VLD,368
59923383723502,RV_VLD,372
59923383723502,RV_VLD,376
59923383723502,RV_VLD,380
59923383723502,RV_VLD,384
59923383723502,RV_VLD,388
59923383723502,RV_VLD,392
59923383723502,RV_VLD,396
59923383723502,RV_VLD,400
59923383723502,RV_VLD,404
59923383723502,RV_VLD,408
59923383723502,RV_VLD,412
59923383723502,RV_VLD,416
59923383723502,RV_VLD,420
59923383723502,RV_VLD,424
59923383723502,RV_VLD,428
59923383723502,RV_VLD,432
59923383723502,RV_VLD,436
59923383723502,RV_VLD,440
59923383723502,RV_VLD,444
59923383723502,RV_VLD,448
59923383723502,RV_VLD,452
59923383723502,RV_VLD,456
59923383723502,RV_VLD,460
59923383723502,RV_VLD,464
59923383723502,RV_VLD,468
59923383723502,RV_VLD,472
59923383723502,RV_VLD,476
59923383723502,RV_VLD,480
59923383723502,RV_VLD,484
59923383723502,RV_VLD,488
59923383723502,RV_VLD,492
59923383723502,RV_VLD,496
59923383723502,RV_VLD,500
59923383723502,RV_VLD,504
59923383723502,RV_VLD,508
58823872095729,RV_VST,2304
58823872095729,RV_VST,2308
58823872095729,RV_VST,2312
58823872095729,RV_VST,2316
58823872095729,RV_VST,2320
58823872095729,RV_VST,2324
58823872095729,RV_VST,2328
58823872095729,RV_VST,2332
58823872095729,RV_VST,2336
58823872095729,RV_VST,2340
58823872095729,RV_VST,2344
58823872095729,RV_VST,2348
58823872095729,RV_VST,2352
58823872095729,RV_VST,2356
58823872095729,RV_VST,2360
58823872095729,RV_VST,2364
58823872095729,RV_VST,2368
58823872095729,RV_VST,2372
58823872095729,RV_VST,2376
58823872095729,RV_VST,2380
58823872095729,RV_VST,2384
58823872095729,RV_VST,2388
58823872095729,RV_VST,2392
58823872095729,RV_VST,2396
58823872095729,RV_VST,2400
58823872095729,RV_VST,2404
58823872095729,RV_VST,2408
58823872095729,RV_VST,2412
58823872095729,RV_VST,2416
58823872095729,RV_VST,2420
58823872095729,RV_VST,2424
58823872095729,RV_VST,2428
58823872095729,RV_VST,2432
58823872095729,RV_VST,2436
58823872095729,RV_VST,2440
58823872095729,RV_VST,2444
58823872095729,RV_VST,2448
58823872095729,RV_VST,2452
58823872095729,RV_VST,2456
58823872095729,RV_VST,2460
58823872095729,RV_VST,2464
58823872095729,RV_VST,2468
58823872095729,RV_VST,2472
58823872095729,RV_VST,2476
58823872095729,RV_VST,2480
58823872095729,RV_VST,2484
58823872095729,RV_VST,2488
58823872095729,RV_VST,2492
58823872095729,RV_VST,2496
58823872095729,RV_VST,2500
58823872095729,RV_VST,2504
58823872095729,RV_VST,2508
58823872095729,RV_VST,2512
58823872095729,RV_VST,2516
58823872095729,RV_VST,2520
58823872095729,RV_VST,2524
58823872095729,RV_VST,2528
58823872095729,RV_VST,2532
58823872095729,RV_VST,2536
58823872095729,RV_VST,2540
58823872095729,RV_VST,2544
58823872095729,RV_VST,2548
58823872095729,RV_VST,2552
58823872095729,RV_VST,2556
59923383723528,RV_VLD,2048
59923383723528,RV_VLD,2052
59923383723528,RV_VLD,2056
59923383723528,RV_VLD,2060
59923383723528,RV_VLD,2064
59923383723528,RV_VLD,2068
59923383723528,RV_VLD,2072
59923383723528,RV_VLD,2076
59923383723528,RV_VLD,2080
59923383723528,RV_VLD,2084
59923383723528,RV_VLD,2088
59923383723528,RV_VLD,2092
59923383723528,RV_VLD,2096
59923383723528,RV_VLD,2100
59923383723528,RV_VLD,2104
59923383723528,RV_VLD,2108
59923383723528,RV_VLD,2112
59923383723528,RV_VLD,2116
59923383723528,RV_VLD,2120
59923383723528,RV_VLD,2124
59923383723528,RV_VLD,2128
59923383723528,RV_VLD,2132
59923383723528,RV_VLD,2136
59923383723528,RV_VLD,2140
59923383723528,RV_VLD,2144
59923383723528,RV_VLD,2148
59923383723528,RV_VLD,2152
59923383723528,RV_VLD,2156
59923383723528,RV_VLD,2160
59923383723528,RV_VLD,2164
59923383723528,RV_VLD,2168
59923383723528,RV_VLD,2172
59923383723528,RV_VLD,2176
59923383723528,RV_VLD,2180
59923383723528,RV_VLD,2184
59923383723528,RV_VLD,2188
59923383723528,RV_VLD,2192
59923383723528,RV_VLD,2196
59923383723528,RV_VLD,2200
59923383723528,RV_VLD,2204
59923383723528,RV_VLD,2208
59923383723528,RV_VLD,2212
59923383723528,RV_VLD,2216
59923383723528,RV_VLD,2220
59923383723528,RV_VLD,2224
59923383723528,RV_VLD,2228
59923383723528,RV_VLD,2232
59923383723528,RV_VLD,2236
59923383723528,RV_VLD,2240
59923383723528,RV_VLD,2244
59923383723528,RV_VLD,2248
59923383723528,RV_VLD,2252
59923383723528,RV_VLD,2256
59923383723528,RV_VLD,2260
59923383723528,RV_VLD,2264
59923383723528,RV_VLD,2268
59923383723528,RV_VLD,2272
59923383723528,RV_VLD,2276
59923383723528,RV_VLD,2280
59923383723528,RV_VLD,2284
59923383723528,RV_VLD,2288
59923383723528,RV_VLD,2292
59923383723528,RV_VLD,2296
59923383723528,RV_VLD,2300
58823872095758,RV_VST,2048
58823872095758,RV_VST,2052
58823872095758,RV_VST,2056
58823872095758,RV_VST,2060
58823872095758,RV_VST,2064
58823872095758,RV_VST,2068
58823872095758,RV_VST,2072
58823872095758,RV_VST,2076
58823872095758,RV_VST,2080
58823872095758,RV_VST,2084
58823872095758,RV_VST,2088
58823872095758,RV_VST,2092
58823872095758,RV_VST,2096
58823872095758,RV_VST,2100
58823872095758,RV_VST,2104
58823872095758,RV_VST,2108
58823872095758,RV_VST,2112
58823872095758,RV_VST,2116
58823872095758,RV_VST,2120
58823872095758,RV_VST,2124
58823872095758,RV_VST,2128
58823872095758,RV_VST,2132
58823872095758,RV_VST,2136
58823872095758,RV_VST,2140
58823872095758,RV_VST,2144
58823872095758,RV_VST,2148
58823872095758,RV_VST,2152
58823872095758,RV_VST,2156
58823872095758,RV_VST,2160
58823872095758,RV_VST,2164
58823872095758,RV_VST,2168
58823872095758,RV_VST,2172
58823872095758,RV_VST,2176
58823872095758,RV_VST,2180
58823872095758,RV_VST,2184
58823872095758,RV_VST,2188
58823872095758,RV_VST,2192
58823872095758,RV_VST,2196
58823872095758,RV_VST,2200
58823872095758,RV_VST,2204
58823872095758,RV_VST,2208
58823872095758,RV_VST,2212
58823872095758,RV_VST,2216
58823872095758,RV_VST,2220
58823872095758,RV_VST,2224
58823872095758,RV_VST,2228
58823872095758,RV_VST,2232
58823872095758,RV_VST,2236
58823872095758,RV_VST,2240
58823872095758,RV_VST,2244
58823872095758,RV_VST,2248
58823872095758,RV_VST,2252
58823872095758,RV_VST,2256
58823872095758,RV_VST,2260
58823872095758,RV_VST,2264
58823872095758,RV_VST,2268
58823872095758,RV_VST,2272
58823872095758,RV_VST,2276
58823872095758,RV_VST,2280
58823872095758,RV_VST,2284
58823872095758,RV_VST,2288
58823872095758,RV_VST,2292
58823872095758,RV_VST,2296
58823872095758,RV_VST,2300
59923383723536,RV_VLD,2304
59923383723536,RV_VLD,2308
59923383723536,RV_VLD,2312
59923383723536,RV_VLD,2316
59923383723536,RV_VLD,2320
59923383723536,RV_VLD,2324
59923383723536,RV_VLD,2328
59923383723536,RV_VLD,2332
59923383723536,RV_VLD,2336
59923383723536,RV_VLD,2340
59923383723536,RV_VLD,2344
59923383723536,RV_VLD,2348
59923383723536,RV_VLD,2352
59923383723536,RV_VLD,2356
59923383723536,RV_VLD,2360
59923383723536,RV_VLD,2364
59923383723536,RV_VLD,2368
59923383723536,RV_VLD,2372
59923383723536,RV_VLD,2376
59923383723536,RV_VLD,2380
59923383723536,RV_VLD,2384
59923383723536,RV_VLD,2388
59923383723536,RV_VLD,2392
59923383723536,RV_VLD,2396
59923383723536,RV_VLD,2400
59923383723536,RV_VLD,2404
59923383723536,RV_VLD,2408
59923383723536,RV_VLD,2412
59923383723536,RV_VLD,2416
59923383723536,RV_VLD,2420
59923383723536,RV_VLD,2424
59923383723536,RV_VLD,2428
59923383723536,RV_VLD,2432
59923383723536,RV_VLD,2436
59923383723536,RV_VLD,2440
59923383723536,RV_VLD,2444
59923383723536,RV_VLD,2448
59923383723536,RV_VLD,2452
59923383723536,RV_VLD,2456
59923383723536,RV_VLD,2460
59923383723536,RV_VLD,2464
59923383723536,RV_VLD,2468
59923383723536,RV_VLD,2472
59923383723536,RV_VLD,2476
59923383723536,RV_VLD,2480
59923383723536,RV_VLD,2484
59923383723536,RV_VLD,2488
59923383723536,RV_VLD,2492
59923383723536,RV_VLD,2496
59923383723536,RV_VLD,2500
59923383723536,RV_VLD,2504
59923383723536,RV_VLD,2508
59923383723536,RV_VLD,2512
59923383723536,RV_VLD,2516
59923383723536,RV_VLD,2520
59923383723536,RV_VLD,2524
59923383723536,RV_VLD,2528
59923383723536,RV_VLD,2532
59923383723536,RV_VLD,2536
59923383723536,RV_VLD,2540
59923383723536,RV_VLD,2544
59923383723536,RV_VLD,2548
59923383723536,RV_VLD,2552
59923383723536,RV_VLD,2556
58823872095764,RV_VST,2304
58823872095764,RV_VST,2308
58823872095764,RV_VST,2312
58823872095764,RV_VST,2316
58823872095764,RV_VST,2320
58823872095764,RV_VST,2324
58823872095764,RV_VST,2328
58823872095764,RV_VST,2332
58823872095764,RV_VST,2336
58823872095764,RV_VST,2340
58823872095764,RV_VST,2344
58823872095764,RV_VST,2348
58823872095764,RV_VST,2352
58823872095764,RV_VST,2356
58823872095764,RV_VST,2360
58823872095764,RV_VST,2364
58823872095764,RV_VST,2368
58823872095764,RV_VST,2372
58823872095764,RV_VST,2376
58823872095764,RV_VST,2380
58823872095764,RV_VST,2384
58823872095764,RV_VST,2388
58823872095764,RV_VST,2392
58823872095764,RV_VST,2396
58823872095764,RV_VST,2400
58823872095764,RV_VST,2404
58823872095764,RV_VST,2408
58823872095764,RV_VST,2412
58823872095764,RV_VST,2416
58823872095764,RV_VST,2420
58823872095764,RV_VST,2424
58823872095764,RV_VST,2428
58823872095764,RV_VST,2432
58823872095764,RV_VST,2436
58823872095764,RV_VST,2440
58823872095764,RV_VST,2444
58823872095764,RV_VST,2448
58823872095764,RV_VST,2452
58823872095764,RV_VST,2456
58823872095764,RV_VST,2460
58823872095764,RV_VST,2464
58823872095764,RV_VST,2468
58823872095764,RV_VST,2472
58823872095764,RV_VST,2476
58823872095764,RV_VST,2480
58823872095764,RV_VST,2484
58823872095764,RV_VST,2488
58823872095764,RV_VST,2492
58823872095764,RV_VST,2496
58823872095764,RV_VST,2500
58823872095764,RV_VST,2504
58823872095764,RV_VST,2508
58823872095764,RV_VST,2512
58823872095764,RV_VST,2516
58823872095764,RV_VST,2520
58823872095764,RV_VST,2524
58823872095764,RV_VST,2528
58823872095764,RV_VST,2532
58823872095764,RV_VST,2536
58823872095764,RV_VST,2540
58823872095764,RV_VST,2544
58823872095764,RV_VST,2548
58823872095764,RV_VST,2552
58823872095764,RV_VST,2556
59923383723551,RV_VLD,2048
59923383723551,RV_VLD,2052
59923383723551,RV_VLD,2056
59923383723551,RV_VLD,2060
59923383723551,RV_VLD,2064
59923383723551,RV_VLD,2068
59923383723551,RV_VLD,2072
59923383723551,RV_VLD,2076
59923383723551,RV_VLD,2080
59923383723551,RV_VLD,2084
59923383723551,RV_VLD,2088
59923383723551,RV_VLD,2092
59923383723551,RV_VLD,2096
59923383723551,RV_VLD,2100
59923383723551,RV_VLD,2104
59923383723551,RV_VLD,2108
59923383723551,RV_VLD,2112
59923383723551,RV_VLD,2116
59923383723551,RV_VLD,2120
59923383723551,RV_VLD,2124
59923383723551,RV_VLD,2128
59923383723551,RV_VLD,2132
59923383723551,RV_VLD,2136
59923383723551,RV_VLD,2140
59923383723551,RV_VLD,2144
59923383723551,RV_VLD,2148
59923383723551,RV_VLD,2152
59923383723551,RV_VLD,2156
59923383723551,RV_VLD,2160
59923383723551,RV_VLD,2164
59923383723551,RV_VLD,2168
59923383723551,RV_VLD,2172
59923383723551,RV_VLD,2176
59923383723551,RV_VLD,2180
59923383723551,RV_VLD,2184
59923383723551,RV_VLD,2188
59923383723551,RV_VLD,2192
59923383723551,RV_VLD,2196
59923383723551,RV_VLD,2200
59923383723551,RV_VLD,2204
59923383723551,RV_VLD,2208
59923383723551,RV_VLD,2212
59923383723551,RV_VLD,2216
59923383723551,RV_VLD,2220
59923383723551,RV_VLD,2224
59923383723551,RV_VLD,2228
59923383723551,RV_VLD,2232
59923383723551,RV_VLD,2236
59923383723551,RV_VLD,2240
59923383723551,RV_VLD,2244
59923383723551,RV_VLD,2248
59923383723551,RV_VLD,2252
59923383723551,RV_VLD,2256
59923383723551,RV_VLD,2260
59923383723551,RV_VLD,2264
59923383723551,RV_VLD,2268
59923383723551,RV_VLD,2272
59923383723551,RV_VLD,2276
59923383723551,RV_VLD,2280
59923383723551,RV_VLD,2284
59923383723551,RV_VLD,2288
59923383723551,RV_VLD,2292
59923383723551,RV_VLD,2296
59923383723551,RV_VLD,2300
59923383723552,RV_VLD,0
59923383723552,RV_VLD,4
59923383723552,RV_VLD,8
59923383723552,RV_VLD,12
59923383723552,RV_VLD,16
59923383723552,RV_VLD,20
59923383723552,RV_VLD,24
59923383723552,RV_VLD,28
59923383723552,RV_VLD,32
59923383723552,RV_VLD,36
59923383723552,RV_VLD,40
59923383723552,RV_VLD,44
59923383723552,RV_VLD,48
59923383723552,RV_VLD,52
59923383723552,RV_VLD,56
59923383723552,RV_VLD,60
59923383723552,RV_VLD,64
59923383723552,RV_VLD,68
59923383723552,RV_VLD,72
59923383723552,RV_VLD,76
59923383723552,RV_VLD,80
59923383723552,RV_VLD,84
59923383723552,RV_VLD,88
59923383723552,RV_VLD,92
59923383723552,RV_VLD,96
59923383723552,RV_VLD,100
59923383723552,RV_VLD,104
59923383723552,RV_VLD,108
59923383723552,RV_VLD,112
59923383723552,RV_VLD,116
59923383723552,RV_VLD,120
59923383723552,RV_VLD,124
59923383723552,RV_VLD,128
59923383723552,RV_VLD,132
59923383723552,RV_VLD,136
59923383723552,RV_VLD,140
59923383723552,RV_VLD,144
59923383723552,RV_VLD,148
59923383723552,RV_VLD,152
59923383723552,RV_VLD,156
59923383723552,RV_VLD,160
59923383723552,RV_VLD,164
59923383723552,RV_VLD,168
59923383723552,RV_VLD,172
59923383723552,RV_VLD,176
59923383723552,RV_VLD,180
59923383723552,RV_VLD,184
59923383723552,RV_VLD,188
59923383723552,RV_VLD,192
59923383723552,RV_VLD,196
59923383723552,RV_VLD,200
59923383723552,RV_VLD,204
59923383723552,RV_VLD,208
59923383723552,RV_VLD,212
59923383723552,RV_VLD,216
59923383723552,RV_VLD,220
59923383723552,RV_VLD,224
59923383723552,RV_VLD,228
59923383723552,RV_VLD,232
59923383723552,RV_VLD,236
59923383723552,RV_VLD,240
59923383723552,RV_VLD,244
59923383723552,RV_VLD,248
59923383723552,RV_VLD,252
58823872095779,RV_VST,2048
58823872095779,RV_VST,2052
58823872095779,RV_VST,2056
58823872095779,RV_VST,2060
58823872095779,RV_VST,2064
58823872095779,RV_VST,2068
58823872095779,RV_VST,2072
58823872095779,RV_VST,2076
58823872095779,RV_VST,2080
58823872095779,RV_VST,2084
58823872095779,RV_VST,2088
58823872095779,RV_VST,2092
58823872095779,RV_VST,2096
58823872095779,RV_VST,2100
58823872095779,RV_VST,2104
58823872095779,RV_VST,2108
58823872095779,RV_VST,2112
58823872095779,RV_VST,2116
58823872095779,RV_VST,2120
58823872095779,RV_VST,2124
58823872095779,RV_VST,2128
58823872095779,RV_VST,2132
58823872095779,RV_VST,2136
58823872095779,RV_VST,2140
58823872095779,RV_VST,2144
58823872095779,RV_VST,2148
58823872095779,RV_VST,2152
58823872095779,RV_VST,2156
58823872095779,RV_VST,2160
58823872095779,RV_VST,2164
58823872095779,RV_VST,2168
58823872095779,RV_VST,2172
58823872095779,RV_VST,2176
58823872095779,RV_VST,2180
58823872095779,RV_VST,2184
58823872095779,RV_VST,2188
58823872095779,RV_VST,2192
58823872095779,RV_VST,2196
58823872095779,RV_VST,2200
58823872095779,RV_VST,2204
58823872095779,RV_VST,2208
58823872095779,RV_VST,2212
58823872095779,RV_VST,2216
58823872095779,RV_VST,2220
58823872095779,RV_VST,2224
58823872095779,RV_VST,2228
58823872095779,RV_VST,2232
58823872095779,RV_VST,2236
58823872095779,RV_VST,2240
58823872095779,RV_VST,2244
58823872095779,RV_VST,2248
58823872095779,RV_VST,2252
58823872095779,RV_VST,2256
58823872095779,RV_VST,2260
58823872095779,RV_VST,2264
58823872095779,RV_VST,2268
58823872095779,RV_VST,2272
58823872095779,RV_VST,2276
58823872095779,RV_VST,2280
58823872095779,RV_VST,2284
58823872095779,RV_VST,2288
58823872095779,RV_VST,2292
58823872095779,RV_VST,2296
58823872095779,RV_VST,2300
59923383723557,RV_VLD,2304
59923383723557,RV_VLD,2308
59923383723557,RV_VLD,2312
59923383723557,RV_VLD,2316
59923383723557,RV_VLD,2320
59923383723557,RV_VLD,2324
59923383723557,RV_VLD,2328
59923383723557,RV_VLD,2332
59923383723557,RV_VLD,2336
59923383723557,RV_VLD,2340
59923383723557,RV_VLD,2344
59923383723557,RV_VLD,2348
59923383723557,RV_VLD,2352
59923383723557,RV_VLD,2356
59923383723557,RV_VLD,2360
59923383723557,RV_VLD,2364
59923383723557,RV_VLD,2368
59923383723557,RV_VLD,2372
59923383723557,RV_VLD,2376
59923383723557,RV_VLD,2380
59923383723557,RV_VLD,2384
59923383723557,RV_VLD,2388
59923383723557,RV_VLD,2392
59923383723557,RV_VLD,2396
59923383723557,RV_VLD,2400
59923383723557,RV_VLD,2404
59923383723557,RV_VLD,2408
59923383723557,RV_VLD,2412
59923383723557,RV_VLD,2416
59923383723557,RV_VLD,2420
59923383723557,RV_VLD,2424
59923383723557,RV_VLD,2428
59923383723557,RV_VLD,2432
59923383723557,RV_VLD,2436
59923383723557,RV_VLD,2440
59923383723557,RV_VLD,2444
59923383723557,RV_VLD,2448
59923383723557,RV_VLD,2452
59923383723557,RV_VLD,2456
59923383723557,RV_VLD,2460
59923383723557,RV_VLD,2464
59923383723557,RV_VLD,2468
59923383723557,RV_VLD,2472
59923383723557,RV_VLD,2476
59923383723557,RV_VLD,2480
59923383723557,RV_VLD,2484
59923383723557,RV_VLD,2488
59923383723557,RV_VLD,2492
59923383723557,RV_VLD,2496
59923383723557,RV_VLD,2500
59923383723557,RV_VLD,2504
59923383723557,RV_VLD,2508
59923383723557,RV_VLD,2512
59923383723557,RV_VLD,2516
59923383723557,RV_VLD,2520
59923383723557,RV_VLD,2524
59923383723557,RV_VLD,2528
59923383723557,RV_VLD,2532
59923383723557,RV_VLD,2536
59923383723557,RV_VLD,2540
59923383723557,RV_VLD,2544
59923383723557,RV_VLD,2548
59923383723557,RV_VLD,2552
59923383723557,RV_VLD,2556
59923383723558,RV_VLD,256
59923383723558,RV_VLD,260
59923383723558,RV_VLD,264
59923383723558,RV_VLD,268
59923383723558,RV_VLD,272
59923383723558,RV_VLD,276
59923383723558,RV_VLD,280
59923383723558,RV_VLD,284
59923383723558,RV_VLD,288
59923383723558,RV_VLD,292
59923383723558,RV_VLD,296
59923383723558,RV_VLD,300
59923383723558,RV_VLD,304
59923383723558,RV_VLD,308
59923383723558,RV_VLD,312
59923383723558,RV_VLD,316
59923383723558,RV_VLD,320
59923383723558,RV_VLD,324
59923383723558,RV_VLD,328
59923383723558,RV_VLD,332
59923383723558,RV_VLD,336
59923383723558,RV_VLD,340
59923383723558,RV_VLD,344
59923383723558,RV_VLD,348
59923383723558,RV_VLD,352
59923383723558,RV_VLD,356
59923383723558,RV_VLD,360
59923383723558,RV_VLD,364
59923383723558,RV_VLD,368
59923383723558,RV_VLD,372
59923383723558,RV_VLD,376
59923383723558,RV_VLD,380
59923383723558,RV_VLD,384
59923383723558,RV_VLD,388
59923383723558,RV_VLD,392
59923383723558,RV_VLD,396
59923383723558,RV_VLD,400
59923383723558,RV_VLD,404
59923383723558,RV_VLD,408
59923383723558,RV_VLD,412
59923383723558,RV_VLD,416
59923383723558,RV_VLD,420
59923383723558,RV_VLD,424
59923383723558,RV_VLD,428
59923383723558,RV_VLD,432
59923383723558,RV_VLD,436
59923383723558,RV_VLD,440
59923383723558,RV_VLD,444
59923383723558,RV_VLD,448
59923383723558,RV_VLD,452
59923383723558,RV_VLD,456
59923383723558,RV_VLD,460
59923383723558,RV_VLD,464
59923383723558,RV_VLD,468
59923383723558,RV_VLD,472
59923383723558,RV_VLD,476
59923383723558,RV_VLD,480
59923383723558,RV_VLD,484
59923383723558,RV_VLD,488
59923383723558,RV_VLD,492
59923383723558,RV_VLD,496
59923383723558,RV_VLD,500
59923383723558,RV_VLD,504
59923383723558,RV_VLD,508
58823872095785,RV_VST,2304
58823872095785,RV_VST,2308
58823872095785,RV_VST,2312
58823872095785,RV_VST,2316
58823872095785,RV_VST,2320
58823872095785,RV_VST,2324
58823872095785,RV_VST,2328
58823872095785,RV_VST,2332
58823872095785,RV_VST,2336
58823872095785,RV_VST,2340
58823872095785,RV_VST,2344
58823872095785,RV_VST,2348
58823872095785,RV_VST,2352
58823872095785,RV_VST,2356
58823872095785,RV_VST,2360
58823872095785,RV_VST,2364
58823872095785,RV_VST,2368
58823872095785,RV_VST,2372
58823872095785,RV_VST,2376
58823872095785,RV_VST,2380
58823872095785,RV_VST,2384
58823872095785,RV_VST,2388
58823872095785,RV_VST,2392
58823872095785,RV_VST,2396
58823872095785,RV_VST,2400
58823872095785,RV_VST,2404
58823872095785,RV_VST,2408
58823872095785,RV_VST,2412
58823872095785,RV_VST,2416
58823872095785,RV_VST,2420
58823872095785,RV_VST,2424
58823872095785,RV_VST,2428
58823872095785,RV_VST,2432
58823872095785,RV_VST,2436
58823872095785,RV_VST,2440
58823872095785,RV_VST,2444
58823872095785,RV_VST,2448
58823872095785,RV_VST,2452
58823872095785,RV_VST,2456
58823872095785,RV_VST,2460
58823872095785,RV_VST,2464
58823872095785,RV_VST,2468
58823872095785,RV_VST,2472
58823872095785,RV_VST,2476
58823872095785,RV_VST,2480
58823872095785,RV_VST,2484
58823872095785,RV_VST,2488
58823872095785,RV_VST,2492
58823872095785,RV_VST,2496
58823872095785,RV_VST,2500
58823872095785,RV_VST,2504
58823872095785,RV_VST,2508
58823872095785,RV_VST,2512
58823872095785,RV_VST,2516
58823872095785,RV_VST,2520
58823872095785,RV_VST,2524
58823872095785,RV_VST,2528
58823872095785,RV_VST,2532
58823872095785,RV_VST,2536
58823872095785,RV_VST,2540
58823872095785,RV_VST,2544
58823872095785,RV_VST,2548
58823872095785,RV_VST,2552
58823872095785,RV_VST,2556
59923383723572,RV_VLD,2048
59923383723572,RV_VLD,2052
59923383723572,RV_VLD,2056
59923383723572,RV_VLD,2060
59923383723572,RV_VLD,2064
59923383723572,RV_VLD,2068
59923383723572,RV_VLD,2072
59923383723572,RV_VLD,2076
59923383723572,RV_VLD,2080
59923383723572,RV_VLD,2084
59923383723572,RV_VLD,2088
59923383723572,RV_VLD,2092
59923383723572,RV_VLD,2096
59923383723572,RV_VLD,2100
59923383723572,RV_VLD,2104
59923383723572,RV_VLD,2108
59923383723572,RV_VLD,2112
59923383723572,RV_VLD,2116
59923383723572,RV_VLD,2120
59923383723572,RV_VLD,2124
59923383723572,RV_VLD,2128
59923383723572,RV_VLD,2132
59923383723572,RV_VLD,2136
59923383723572,RV_VLD,2140
59923383723572,RV_VLD,2144
59923383723572,RV_VLD,2148
59923383723572,RV_VLD,2152
59923383723572,RV_VLD,2156
59923383723572,RV_VLD,2160
59923383723572,RV_VLD,2164
59923383723572,RV_VLD,2168
59923383723572,RV_VLD,2172
59923383723572,RV_VLD,2176
59923383723572,RV_VLD,2180
59923383723572,RV_VLD,2184
59923383723572,RV_VLD,2188
59923383723572,RV_VLD,2192
59923383723572,RV_VLD,2196
59923383723572,RV_VLD,2200
59923383723572,RV_VLD,2204
59923383723572,RV_VLD,2208
59923383723572,RV_VLD,2212
59923383723572,RV_VLD,2216
59923383723572,RV_VLD,2220
59923383723572,RV_VLD,2224
59923383723572,RV_VLD,2228
59923383723572,RV_VLD,2232
59923383723572,RV_VLD,2236
59923383723572,RV_VLD,2240
59923383723572,RV_VLD,2244
59923383723572,RV_VLD,2248
59923383723572,RV_VLD,2252
59923383723572,RV_VLD,2256
59923383723572,RV_VLD,2260
59923383723572,RV_VLD,2264
59923383723572,RV_VLD,2268
59923383723572,RV_VLD,2272
59923383723572,RV_VLD,2276
59923383723572,RV_VLD,2280
59923383723572,RV_VLD,2284
59923383723572,RV_VLD,2288
59923383723572,RV_VLD,2292
59923383723572,RV_VLD,2296
59923383723572,RV_VLD,2300
58823872095800,RV_VST,2048
58823872095800,RV_VST,2052
58823872095800,RV_VST,2056
58823872095800,RV_VST,2060
58823872095800,RV_VST,2064
58823872095800,RV_VST,2068
58823872095800,RV_VST,2072
58823872095800,RV_VST,2076
58823872095800,RV_VST,2080
58823872095800,RV_VST,2084
58823872095800,RV_VST,2088
58823872095800,RV_VST,2092
58823872095800,RV_VST,2096
58823872095800,RV_VST,2100
58823872095800,RV_VST,2104
58823872095800,RV_VST,2108
58823872095800,RV_VST,2112
58823872095800,RV_VST,2116
58823872095800,RV_VST,2120
58823872095800,RV_VST,2124
58823872095800,RV_VST,2128
58823872095800,RV_VST,2132
58823872095800,RV_VST,2136
58823872095800,RV_VST,2140
58823872095800,RV_VST,2144
58823872095800,RV_VST,2148
58823872095800,RV_VST,2152
58823872095800,RV_VST,2156
58823872095800,RV_VST,2160
58823872095800,RV_VST,2164
58823872095800,RV_VST,2168
58823872095800,RV_VST,2172
58823872095800,RV_VST,2176
58823872095800,RV_VST,2180
58823872095800,RV_VST,2184
58823872095800,RV_VST,2188
58823872095800,RV_VST,2192
58823872095800,RV_VST,2196
58823872095800,RV_VST,2200
58823872095800,RV_VST,2204
58823872095800,RV_VST,2208
58823872095800,RV_VST,2212
58823872095800,RV_VST,2216
58823872095800,RV_VST,2220
58823872095800,RV_VST,2224
58823872095800,RV_VST,2228
58823872095800,RV_VST,2232
58823872095800,RV_VST,2236
58823872095800,RV_VST,2240
58823872095800,RV_VST,2244
58823872095800,RV_VST,2248
58823872095800,RV_VST,2252
58823872095800,RV_VST,2256
58823872095800,RV_VST,2260
58823872095800,RV_VST,2264
58823872095800,RV_VST,2268
58823872095800,RV_VST,2272
58823872095800,RV_VST,2276
58823872095800,RV_VST,2280
58823872095800,RV_VST,2284
58823872095800,RV_VST,2288
58823872095800,RV_VST,2292
58823872095800,RV_VST,2296
58823872095800,RV_VST,2300
59923383723578,RV_VLD,2304
59923383723578,RV_VLD,2308
59923383723578,RV_VLD,2312
59923383723578,RV_VLD,2316
59923383723578,RV_VLD,2320
59923383723578,RV_VLD,2324
59923383723578,RV_VLD,2328
59923383723578,RV_VLD,2332
59923383723578,RV_VLD,2336
59923383723578,RV_VLD,2340
59923383723578,RV_VLD,2344
59923383723578,RV_VLD,2348
59923383723578,RV_VLD,2352
59923383723578,RV_VLD,2356
59923383723578,RV_VLD,2360
59923383723578,RV_VLD,2364
59923383723578,RV_VLD,2368
59923383723578,RV_VLD,2372
59923383723578,RV_VLD,2376
59923383723578,RV_VLD,2380
59923383723578,RV_VLD,2384
59923383723578,RV_VLD,2388
59923383723578,RV_VLD,2392
59923383723578,RV_VLD,2396
59923383723578,RV_VLD,2400
59923383723578,RV_VLD,2404
59923383723578,RV_VLD,2408
59923383723578,RV_VLD,2412
59923383723578,RV_VLD,2416
59923383723578,RV_VLD,2420
59923383723578,RV_VLD,2424
59923383723578,RV_VLD,2428
59923383723578,RV_VLD,2432
59923383723578,RV_VLD,2436
59923383723578,RV_VLD,2440
59923383723578,RV_VLD,2444
59923383723578,RV_VLD,2448
59923383723578,RV_VLD,2452
59923383723578,RV_VLD,2456
59923383723578,RV_VLD,2460
59923383723578,RV_VLD,2464
59923383723578,RV_VLD,2468
59923383723578,RV_VLD,2472
59923383723578,RV_VLD,2476
59923383723578,RV_VLD,2480
59923383723578,RV_VLD,2484
59923383723578,RV_VLD,2488
59923383723578,RV_VLD,2492
59923383723578,RV_VLD,2496
59923383723578,RV_VLD,2500
59923383723578,RV_VLD,2504
59923383723578,RV_VLD,2508
59923383723578,RV_VLD,2512
59923383723578,RV_VLD,2516
59923383723578,RV_VLD,2520
59923383723578,RV_VLD,2524
59923383723578,RV_VLD,2528
59923383723578,RV_VLD,2532
59923383723578,RV_VLD,2536
59923383723578,RV_VLD,2540
59923383723578,RV_VLD,2544
59923383723578,RV_VLD,2548
59923383723578,RV_VLD,2552
59923383723578,RV_VLD,2556
58823872095806,RV_VST,2304
58823872095806,RV_VST,2308
58823872095806,RV_VST,2312
58823872095806,RV_VST,2316
58823872095806,RV_VST,2320
58823872095806,RV_VST,2324
58823872095806,RV_VST,2328
58823872095806,RV_VST,2332
58823872095806,RV_VST,2336
58823872095806,RV_VST,2340
58823872095806,RV_VST,2344
58823872095806,RV_VST,2348
58823872095806,RV_VST,2352
58823872095806,RV_VST,2356
58823872095806,RV_VST,2360
58823872095806,RV_VST,2364
58823872095806,RV_VST,2368
58823872095806,RV_VST,2372
58823872095806,RV_VST,2376
58823872095806,RV_VST,2380
58823872095806,RV_VST,2384
58823872095806,RV_VST,2388
58823872095806,RV_VST,2392
58823872095806,RV_VST,2396
58823872095806,RV_VST,2400
58823872095806,RV_VST,2404
58823872095806,RV_VST,2408
58823872095806,RV_VST,2412
58823872095806,RV_VST,2416
58823872095806,RV_VST,2420
58823872095806,RV_VST,2424
58823872095806,RV_VST,2428
58823872095806,RV_VST,2432
58823872095806,RV_VST,2436
58823872095806,RV_VST,2440
58823872095806,RV_VST,2444
58823872095806,RV_VST,2448
58823872095806,RV_VST,2452
58823872095806,RV_VST,2456
58823872095806,RV_VST,2460
58823872095806,RV_VST,2464
58823872095806,RV_VST,2468
58823872095806,RV_VST,2472
58823872095806,RV_VST,2476
58823872095806,RV_VST,2480
58823872095806,RV_VST,2484
58823872095806,RV_VST,2488
58823872095806,RV_VST,2492
58823872095806,RV_VST,2496
58823872095806,RV_VST,2500
58823872095806,RV_VST,2504
58823872095806,RV_VST,2508
58823872095806,RV_VST,2512
58823872095806,RV_VST,2516
58823872095806,RV_VST,2520
58823872095806,RV_VST,2524
58823872095806,RV_VST,2528
58823872095806,RV_VST,2532
58823872095806,RV_VST,2536
58823872095806,RV_VST,2540
58823872095806,RV_VST,2544
58823872095806,RV_VST,2548
58823872095806,RV_VST,2552
58823872095806,RV_VST,2556
59923383723593,RV_VLD,0
59923383723593,RV_VLD,4
59923383723593,RV_VLD,8
59923383723593,RV_VLD,12
59923383723593,RV_VLD,16
59923383723593,RV_VLD,20
59923383723593,RV_VLD,24
59923383723593,RV_VLD,28
59923383723593,RV_VLD,32
59923383723593,RV_VLD,36
59923383723593,RV_VLD,40
59923383723593,RV_VLD,44
59923383723593,RV_VLD,48
59923383723593,RV_VLD,52
59923383723593,RV_VLD,56
59923383723593,RV_VLD,60
59923383723593,RV_VLD,64
59923383723593,RV_VLD,68
59923383723593,RV_VLD,72
59923383723593,RV_VLD,76
59923383723593,RV_VLD,80
59923383723593,RV_VLD,84
59923383723593,RV_VLD,88
59923383723593,RV_VLD,92
59923383723593,RV_VLD,96
59923383723593,RV_VLD,100
59923383723593,RV_VLD,104
59923383723593,RV_VLD,108
59923383723593,RV_VLD,112
59923383723593,RV_VLD,116
59923383723593,RV_VLD,120
59923383723593,RV_VLD,124
59923383723593,RV_VLD,128
59923383723593,RV_VLD,132
59923383723593,RV_VLD,136
59923383723593,RV_VLD,140
59923383723593,RV_VLD,144
59923383723593,RV_VLD,148
59923383723593,RV_VLD,152
59923383723593,RV_VLD,156
59923383723593,RV_VLD,160
59923383723593,RV_VLD,164
59923383723593,RV_VLD,168
59923383723593,RV_VLD,172
59923383723593,RV_VLD,176
59923383723593,RV_VLD,180
59923383723593,RV_VLD,184
59923383723593,RV_VLD,188
59923383723593,RV_VLD,192
59923383723593,RV_VLD,196
59923383723593,RV_VLD,200
59923383723593,RV_VLD,204
59923383723593,RV_VLD,208
59923383723593,RV_VLD,212
59923383723593,RV_VLD,216
59923383723593,RV_VLD,220
59923383723593,RV_VLD,224
59923383723593,RV_VLD,228
59923383723593,RV_VLD,232
59923383723593,RV_VLD,236
59923383723593,RV_VLD,240
59923383723593,RV_VLD,244
59923383723593,RV_VLD,248
59923383723593,RV_VLD,252
59923383723594,RV_VLD,2048
59923383723594,RV_VLD,2052
59923383723594,RV_VLD,2056
59923383723594,RV_VLD,2060
59923383723594,RV_VLD,2064
59923383723594,RV_VLD,2068
59923383723594,RV_VLD,2072
59923383723594,RV_VLD,2076
59923383723594,RV_VLD,2080
59923383723594,RV_VLD,2084
59923383723594,RV_VLD,2088
59923383723594,RV_VLD,2092
59923383723594,RV_VLD,2096
59923383723594,RV_VLD,2100
59923383723594,RV_VLD,2104
59923383723594,RV_VLD,2108
59923383723594,RV_VLD,2112
59923383723594,RV_VLD,2116
59923383723594,RV_VLD,2120
59923383723594,RV_VLD,2124
59923383723594,RV_VLD,2128
59923383723594,RV_VLD,2132
59923383723594,RV_VLD,2136
59923383723594,RV_VLD,2140
59923383723594,RV_VLD,2144
59923383723594,RV_VLD,2148
59923383723594,RV_VLD,2152
59923383723594,RV_VLD,2156
59923383723594,RV_VLD,2160
59923383723594,RV_VLD,2164
59923383723594,RV_VLD,2168
59923383723594,RV_VLD,2172
59923383723594,RV_VLD,2176
59923383723594,RV_VLD,2180
59923383723594,RV_VLD,2184
59923383723594,RV_VLD,2188
59923383723594,RV_VLD,2192
59923383723594,RV_VLD,2196
59923383723594,RV_VLD,2200
59923383723594,RV_VLD,2204
59923383723594,RV_VLD,2208
59923383723594,RV_VLD,2212
59923383723594,RV_VLD,2216
59923383723594,RV_VLD,2220
59923383723594,RV_VLD,2224
59923383723594,RV_VLD,2228
59923383723594,RV_VLD,2232
59923383723594,RV_VLD,2236
59923383723594,RV_VLD,2240
59923383723594,RV_VLD,2244
59923383723594,RV_VLD,2248
59923383723594,RV_VLD,2252
59923383723594,RV_VLD,2256
59923383723594,RV_VLD,2260
59923383723594,RV_VLD,2264
59923383723594,RV_VLD,2268
59923383723594,RV_VLD,2272
59923383723594,RV_VLD,2276
59923383723594,RV_VLD,2280
59923383723594,RV_VLD,2284
59923383723594,RV_VLD,2288
59923383723594,RV_VLD,2292
59923383723594,RV_VLD,2296
59923383723594,RV_VLD,2300
58823872095821,RV_VST,2048
58823872095821,RV_VST,2052
58823872095821,RV_VST,2056
58823872095821,RV_VST,2060
58823872095821,RV_VST,2064
58823872095821,RV_VST,2068
58823872095821,RV_VST,2072
58823872095821,RV_VST,2076
58823872095821,RV_VST,2080
58823872095821,RV_VST,2084
58823872095821,RV_VST,2088
58823872095821,RV_VST,2092
58823872095821,RV_VST,2096
58823872095821,RV_VST,2100
58823872095821,RV_VST,2104
58823872095821,RV_VST,2108
58823872095821,RV_VST,2112
58823872095821,RV_VST,2116
58823872095821,RV_VST,2120
58823872095821,RV_VST,2124
58823872095821,RV_VST,2128
58823872095821,RV_VST,2132
58823872095821,RV_VST,2136
58823872095821,RV_VST,2140
58823872095821,RV_VST,2144
58823872095821,RV_VST,2148
58823872095821,RV_VST,2152
58823872095821,RV_VST,2156
58823872095821,RV_VST,2160
58823872095821,RV_VST,2164
58823872095821,RV_VST,2168
58823872095821,RV_VST,2172
58823872095821,RV_VST,2176
58823872095821,RV_VST,2180
58823872095821,RV_VST,2184
58823872095821,RV_VST,2188
58823872095821,RV_VST,2192
58823872095821,RV_VST,2196
58823872095821,RV_VST,2200
58823872095821,RV_VST,2204
58823872095821,RV_VST,2208
58823872095821,RV_VST,2212
58823872095821,RV_VST,2216
58823872095821,RV_VST,2220
58823872095821,RV_VST,2224
58823872095821,RV_VST,2228
58823872095821,RV_VST,2232
58823872095821,RV_VST,2236
58823872095821,RV_VST,2240
58823872095821,RV_VST,2244
58823872095821,RV_VST,2248
58823872095821,RV_VST,2252
58823872095821,RV_VST,2256
58823872095821,RV_VST,2260
58823872095821,RV_VST,2264
58823872095821,RV_VST,2268
58823872095821,RV_VST,2272
58823872095821,RV_VST,2276
58823872095821,RV_VST,2280
58823872095821,RV_VST,2284
58823872095821,RV_VST,2288
58823872095821,RV_VST,2292
58823872095821,RV_VST,2296
58823872095821,RV_VST,2300
59923383723599,RV_VLD,256
59923383723599,RV_VLD,260
59923383723599,RV_VLD,264
59923383723599,RV_VLD,268
59923383723599,RV_VLD,272
59923383723599,RV_VLD,276
59923383723599,RV_VLD,280
59923383723599,RV_VLD,284
59923383723599,RV_VLD,288
59923383723599,RV_VLD,292
59923383723599,RV_VLD,296
59923383723599,RV_VLD,300
59923383723599,RV_VLD,304
59923383723599,RV_VLD,308
59923383723599,RV_VLD,312
59923383723599,RV_VLD,316
59923383723599,RV_VLD,320
59923383723599,RV_VLD,324
59923383723599,RV_VLD,328
59923383723599,RV_VLD,332
59923383723599,RV_VLD,336
59923383723599,RV_VLD,340
59923383723599,RV_VLD,344
59923383723599,RV_VLD,348
59923383723599,RV_VLD,352
59923383723599,RV_VLD,356
59923383723599,RV_VLD,360
59923383723599,RV_VLD,364
59923383723599,RV_VLD,368
59923383723599,RV_VLD,372
59923383723599,RV_VLD,376
59923383723599,RV_VLD,380
59923383723599,RV_VLD,384
59923383723599,RV_VLD,388
59923383723599,RV_VLD,392
59923383723599,RV_VLD,396
59923383723599,RV_VLD,400
59923383723599,RV_VLD,404
59923383723599,RV_VLD,408
59923383723599,RV_VLD,412
59923383723599,RV_VLD,416
59923383723599,RV_VLD,420
59923383723599,RV_VLD,424
59923383723599,RV_VLD,428
59923383723599,RV_VLD,432
59923383723599,RV_VLD,436
59923383723599,RV_VLD,440
59923383723599,RV_VLD,444
59923383723599,RV_VLD,448
59923383723599,RV_VLD,452
59923383723599,RV_VLD,456
59923383723599,RV_VLD,460
59923383723599,RV_VLD,464
59923383723599,RV_VLD,468
59923383723599,RV_VLD,472
59923383723599,RV_VLD,476
59923383723599,RV_VLD,480
59923383723599,RV_VLD,484
59923383723599,RV_VLD,488
59923383723599,RV_VLD,492
59923383723599,RV_VLD,496
59923383723599,RV_VLD,500
59923383723599,RV_VLD,504
59923383723599,RV_VLD,508
59923383723600,RV_VLD,2304
59923383723600,RV_VLD,2308
59923383723600,RV_VLD,2312
59923383723600,RV_VLD,2316
59923383723600,RV_VLD,2320
59923383723600,RV_VLD,2324
59923383723600,RV_VLD,2328
59923383723600,RV_VLD,2332
59923383723600,RV_VLD,2336
59923383723600,RV_VLD,2340
59923383723600,RV_VLD,2344
59923383723600,RV_VLD,2348
59923383723600,RV_VLD,2352
59923383723600,RV_VLD,2356
59923383723600,RV_VLD,2360
59923383723600,RV_VLD,2364
59923383723600,RV_VLD,2368
59923383723600,RV_VLD,2372
59923383723600,RV_VLD,2376
59923383723600,RV_VLD,2380
59923383723600,RV_VLD,2384
59923383723600,RV_VLD,2388
59923383723600,RV_VLD,2392
59923383723600,RV_VLD,2396
59923383723600,RV_VLD,2400
59923383723600,RV_VLD,2404
59923383723600,RV_VLD,2408
59923383723600,RV_VLD,2412
59923383723600,RV_VLD,2416
59923383723600,RV_VLD,2420
59923383723600,RV_VLD,2424
59923383723600,RV_VLD,2428
59923383723600,RV_VLD,2432
59923383723600,RV_VLD,2436
59923383723600,RV_VLD,2440
59923383723600,RV_VLD,2444
59923383723600,RV_VLD,2448
59923383723600,RV_VLD,2452
59923383723600,RV_VLD,2456
59923383723600,RV_VLD,2460
59923383723600,RV_VLD,2464
59923383723600,RV_VLD,2468
59923383723600,RV_VLD,2472
59923383723600,RV_VLD,2476
59923383723600,RV_VLD,2480
59923383723600,RV_VLD,2484
59923383723600,RV_VLD,2488
59923383723600,RV_VLD,2492
59923383723600,RV_VLD,2496
59923383723600,RV_VLD,2500
59923383723600,RV_VLD,2504
59923383723600,RV_VLD,2508
59923383723600,RV_VLD,2512
59923383723600,RV_VLD,2516
59923383723600,RV_VLD,2520
59923383723600,RV_VLD,2524
59923383723600,RV_VLD,2528
59923383723600,RV_VLD,2532
59923383723600,RV_VLD,2536
59923383723600,RV_VLD,2540
59923383723600,RV_VLD,2544
59923383723600,RV_VLD,2548
59923383723600,RV_VLD,2552
59923383723600,RV_VLD,2556
58823872095827,RV_VST,2304
58823872095827,RV_VST,2308
58823872095827,RV_VST,2312
58823872095827,RV_VST,2316
58823872095827,RV_VST,2320
58823872095827,RV_VST,2324
58823872095827,RV_VST,2328
58823872095827,RV_VST,2332
58823872095827,RV_VST,2336
58823872095827,RV_VST,2340
58823872095827,RV_VST,2344
58823872095827,RV_VST,2348
58823872095827,RV_VST,2352
58823872095827,RV_VST,2356
58823872095827,RV_VST,2360
58823872095827,RV_VST,2364
58823872095827,RV_VST,2368
58823872095827,RV_VST,2372
58823872095827,RV_VST,2376
58823872095827,RV_VST,2380
58823872095827,RV_VST,2384
58823872095827,RV_VST,2388
58823872095827,RV_VST,2392
58823872095827,RV_VST,2396
58823872095827,RV_VST,2400
58823872095827,RV_VST,2404
58823872095827,RV_VST,2408
58823872095827,RV_VST,2412
58823872095827,RV_VST,2416
58823872095827,RV_VST,2420
58823872095827,RV_VST,2424
58823872095827,RV_VST,2428
58823872095827,RV_VST,2432
58823872095827,RV_VST,2436
58823872095827,RV_VST,2440
58823872095827,RV_VST,2444
58823872095827,RV_VST,2448
58823872095827,RV_VST,2452
58823872095827,RV_VST,2456
58823872095827,RV_VST,2460
58823872095827,RV_VST,2464
58823872095827,RV_VST,2468
58823872095827,RV_VST,2472
58823872095827,RV_VST,2476
58823872095827,RV_VST,2480
58823872095827,RV_VST,2484
58823872095827,RV_VST,2488
58823872095827,RV_VST,2492
58823872095827,RV_VST,2496
58823872095827,RV_VST,2500
58823872095827,RV_VST,2504
58823872095827,RV_VST,2508
58823872095827,RV_VST,2512
58823872095827,RV_VST,2516
58823872095827,RV_VST,2520
58823872095827,RV_VST,2524
58823872095827,RV_VST,2528
58823872095827,RV_VST,2532
58823872095827,RV_VST,2536
58823872095827,RV_VST,2540
58823872095827,RV_VST,2544
58823872095827,RV_VST,2548
58823872095827,RV_VST,2552
58823872095827,RV_VST,2556
59923383723626,RV_VLD,0
59923383723626,RV_VLD,4
59923383723626,RV_VLD,8
59923383723626,RV_VLD,12
59923383723626,RV_VLD,16
59923383723626,RV_VLD,20
59923383723626,RV_VLD,24
59923383723626,RV_VLD,28
59923383723626,RV_VLD,32
59923383723626,RV_VLD,36
59923383723626,RV_VLD,40
59923383723626,RV_VLD,44
59923383723626,RV_VLD,48
59923383723626,RV_VLD,52
59923383723626,RV_VLD,56
59923383723626,RV_VLD,60
59923383723626,RV_VLD,64
59923383723626,RV_VLD,68
59923383723626,RV_VLD,72
59923383723626,RV_VLD,76
59923383723626,RV_VLD,80
59923383723626,RV_VLD,84
59923383723626,RV_VLD,88
59923383723626,RV_VLD,92
59923383723626,RV_VLD,96
59923383723626,RV_VLD,100
59923383723626,RV_VLD,104
59923383723626,RV_VLD,108
59923383723626,RV_VLD,112
59923383723626,RV_VLD,116
59923383723626,RV_VLD,120
59923383723626,RV_VLD,124
59923383723626,RV_VLD,128
59923383723626,RV_VLD,132
59923383723626,RV_VLD,136
59923383723626,RV_VLD,140
59923383723626,RV_VLD,144
59923383723626,RV_VLD,148
59923383723626,RV_VLD,152
59923383723626,RV_VLD,156
59923383723626,RV_VLD,160
59923383723626,RV_VLD,164
59923383723626,RV_VLD,168
59923383723626,RV_VLD,172
59923383723626,RV_VLD,176
59923383723626,RV_VLD,180
59923383723626,RV_VLD,184
59923383723626,RV_VLD,188
59923383723626,RV_VLD,192
59923383723626,RV_VLD,196
59923383723626,RV_VLD,200
59923383723626,RV_VLD,204
59923383723626,RV_VLD,208
59923383723626,RV_VLD,212
59923383723626,RV_VLD,216
59923383723626,RV_VLD,220
59923383723626,RV_VLD,224
59923383723626,RV_VLD,228
59923383723626,RV_VLD,232
59923383723626,RV_VLD,236
59923383723626,RV_VLD,240
59923383723626,RV_VLD,244
59923383723626,RV_VLD,248
59923383723626,RV_VLD,252
59923383723627,RV_VLD,2048
59923383723627,RV_VLD,2052
59923383723627,RV_VLD,2056
59923383723627,RV_VLD,2060
59923383723627,RV_VLD,2064
59923383723627,RV_VLD,2068
59923383723627,RV_VLD,2072
59923383723627,RV_VLD,2076
59923383723627,RV_VLD,2080
59923383723627,RV_VLD,2084
59923383723627,RV_VLD,2088
59923383723627,RV_VLD,2092
59923383723627,RV_VLD,2096
59923383723627,RV_VLD,2100
59923383723627,RV_VLD,2104
59923383723627,RV_VLD,2108
59923383723627,RV_VLD,2112
59923383723627,RV_VLD,2116
59923383723627,RV_VLD,2120
59923383723627,RV_VLD,2124
59923383723627,RV_VLD,2128
59923383723627,RV_VLD,2132
59923383723627,RV_VLD,2136
59923383723627,RV_VLD,2140
59923383723627,RV_VLD,2144
59923383723627,RV_VLD,2148
59923383723627,RV_VLD,2152
59923383723627,RV_VLD,2156
59923383723627,RV_VLD,2160
59923383723627,RV_VLD,2164
59923383723627,RV_VLD,2168
59923383723627,RV_VLD,2172
59923383723627,RV_VLD,2176
59923383723627,RV_VLD,2180
59923383723627,RV_VLD,2184
59923383723627,RV_VLD,2188
59923383723627,RV_VLD,2192
59923383723627,RV_VLD,2196
59923383723627,RV_VLD,2200
59923383723627,RV_VLD,2204
59923383723627,RV_VLD,2208
59923383723627,RV_VLD,2212
59923383723627,RV_VLD,2216
59923383723627,RV_VLD,2220
59923383723627,RV_VLD,2224
59923383723627,RV_VLD,2228
59923383723627,RV_VLD,2232
59923383723627,RV_VLD,2236
59923383723627,RV_VLD,2240
59923383723627,RV_VLD,2244
59923383723627,RV_VLD,2248
59923383723627,RV_VLD,2252
59923383723627,RV_VLD,2256
59923383723627,RV_VLD,2260
59923383723627,RV_VLD,2264
59923383723627,RV_VLD,2268
59923383723627,RV_VLD,2272
59923383723627,RV_VLD,2276
59923383723627,RV_VLD,2280
59923383723627,RV_VLD,2284
59923383723627,RV_VLD,2288
59923383723627,RV_VLD,2292
59923383723627,RV_VLD,2296
59923383723627,RV_VLD,2300
58823872095854,RV_VST,1024
58823872095854,RV_VST,1028
58823872095854,RV_VST,1032
58823872095854,RV_VST,1036
58823872095854,RV_VST,1040
58823872095854,RV_VST,1044
58823872095854,RV_VST,1048
58823872095854,RV_VST,1052
58823872095854,RV_VST,1056
58823872095854,RV_VST,1060
58823872095854,RV_VST,1064
58823872095854,RV_VST,1068
58823872095854,RV_VST,1072
58823872095854,RV_VST,1076
58823872095854,RV_VST,1080
58823872095854,RV_VST,1084
58823872095854,RV_VST,1088
58823872095854,RV_VST,1092
58823872095854,RV_VST,1096
58823872095854,RV_VST,1100
58823872095854,RV_VST,1104
58823872095854,RV_VST,1108
58823872095854,RV_VST,1112
58823872095854,RV_VST,1116
58823872095854,RV_VST,1120
58823872095854,RV_VST,1124
58823872095854,RV_VST,1128
58823872095854,RV_VST,1132
58823872095854,RV_VST,1136
58823872095854,RV_VST,1140
58823872095854,RV_VST,1144
58823872095854,RV_VST,1148
58823872095854,RV_VST,1152
58823872095854,RV_VST,1156
58823872095854,RV_VST,1160
58823872095854,RV_VST,1164
58823872095854,RV_VST,1168
58823872095854,RV_VST,1172
58823872095854,RV_VST,1176
58823872095854,RV_VST,1180
58823872095854,RV_VST,1184
58823872095854,RV_VST,1188
58823872095854,RV_VST,1192
58823872095854,RV_VST,1196
58823872095854,RV_VST,1200
58823872095854,RV_VST,1204
58823872095854,RV_VST,1208
58823872095854,RV_VST,1212
58823872095854,RV_VST,1216
58823872095854,RV_VST,1220
58823872095854,RV_VST,1224
58823872095854,RV_VST,1228
58823872095854,RV_VST,1232
58823872095854,RV_VST,1236
58823872095854,RV_VST,1240
58823872095854,RV_VST,1244
58823872095854,RV_VST,1248
58823872095854,RV_VST,1252
58823872095854,RV_VST,1256
58823872095854,RV_VST,1260
58823872095854,RV_VST,1264
58823872095854,RV_VST,1268
58823872095854,RV_VST,1272
58823872095854,RV_VST,1276
59923383723631,RV_VLD,256
59923383723631,RV_VLD,260
59923383723631,RV_VLD,264
59923383723631,RV_VLD,268
59923383723631,RV_VLD,272
59923383723631,RV_VLD,276
59923383723631,RV_VLD,280
59923383723631,RV_VLD,284
59923383723631,RV_VLD,288
59923383723631,RV_VLD,292
59923383723631,RV_VLD,296
59923383723631,RV_VLD,300
59923383723631,RV_VLD,304
59923383723631,RV_VLD,308
59923383723631,RV_VLD,312
59923383723631,RV_VLD,316
59923383723631,RV_VLD,320
59923383723631,RV_VLD,324
59923383723631,RV_VLD,328
59923383723631,RV_VLD,332
59923383723631,RV_VLD,336
59923383723631,RV_VLD,340
59923383723631,RV_VLD,344
59923383723631,RV_VLD,348
59923383723631,RV_VLD,352
59923383723631,RV_VLD,356
59923383723631,RV_VLD,360
59923383723631,RV_VLD,364
59923383723631,RV_VLD,368
59923383723631,RV_VLD,372
59923383723631,RV_VLD,376
59923383723631,RV_VLD,380
59923383723631,RV_VLD,384
59923383723631,RV_VLD,388
59923383723631,RV_VLD,392
59923383723631,RV_VLD,396
59923383723631,RV_VLD,400
59923383723631,RV_VLD,404
59923383723631,RV_VLD,408
59923383723631,RV_VLD,412
59923383723631,RV_VLD,416
59923383723631,RV_VLD,420
59923383723631,RV_VLD,424
59923383723631,RV_VLD,428
59923383723631,RV_VLD,432
59923383723631,RV_VLD,436
59923383723631,RV_VLD,440
59923383723631,RV_VLD,444
59923383723631,RV_VLD,448
59923383723631,RV_VLD,452
59923383723631,RV_VLD,456
59923383723631,RV_VLD,460
59923383723631,RV_VLD,464
59923383723631,RV_VLD,468
59923383723631,RV_VLD,472
59923383723631,RV_VLD,476
59923383723631,RV_VLD,480
59923383723631,RV_VLD,484
59923383723631,RV_VLD,488
59923383723631,RV_VLD,492
59923383723631,RV_VLD,496
59923383723631,RV_VLD,500
59923383723631,RV_VLD,504
59923383723631,RV_VLD,508
59923383723632,RV_VLD,2304
59923383723632,RV_VLD,2308
59923383723632,RV_VLD,2312
59923383723632,RV_VLD,2316
59923383723632,RV_VLD,2320
59923383723632,RV_VLD,2324
59923383723632,RV_VLD,2328
59923383723632,RV_VLD,2332
59923383723632,RV_VLD,2336
59923383723632,RV_VLD,2340
59923383723632,RV_VLD,2344
59923383723632,RV_VLD,2348
59923383723632,RV_VLD,2352
59923383723632,RV_VLD,2356
59923383723632,RV_VLD,2360
59923383723632,RV_VLD,2364
59923383723632,RV_VLD,2368
59923383723632,RV_VLD,2372
59923383723632,RV_VLD,2376
59923383723632,RV_VLD,2380
59923383723632,RV_VLD,2384
59923383723632,RV_VLD,2388
59923383723632,RV_VLD,2392
59923383723632,RV_VLD,2396
59923383723632,RV_VLD,2400
59923383723632,RV_VLD,2404
59923383723632,RV_VLD,2408
59923383723632,RV_VLD,2412
59923383723632,RV_VLD,2416
59923383723632,RV_VLD,2420
59923383723632,RV_VLD,2424
59923383723632,RV_VLD,2428
59923383723632,RV_VLD,2432
59923383723632,RV_VLD,2436
59923383723632,RV_VLD,2440
59923383723632,RV_VLD,2444
59923383723632,RV_VLD,2448
59923383723632,RV_VLD,2452
59923383723632,RV_VLD,2456
59923383723632,RV_VLD,2460
59923383723632,RV_VLD,2464
59923383723632,RV_VLD,2468
59923383723632,RV_VLD,2472
59923383723632,RV_VLD,2476
59923383723632,RV_VLD,2480
59923383723632,RV_VLD,2484
59923383723632,RV_VLD,2488
59923383723632,RV_VLD,2492
59923383723632,RV_VLD,2496
59923383723632,RV_VLD,2500
59923383723632,RV_VLD,2504
59923383723632,RV_VLD,2508
59923383723632,RV_VLD,2512
59923383723632,RV_VLD,2516
59923383723632,RV_VLD,2520
59923383723632,RV_VLD,2524
59923383723632,RV_VLD,2528
59923383723632,RV_VLD,2532
59923383723632,RV_VLD,2536
59923383723632,RV_VLD,2540
59923383723632,RV_VLD,2544
59923383723632,RV_VLD,2548
59923383723632,RV_VLD,2552
59923383723632,RV_VLD,2556
58823872095859,RV_VST,1280
58823872095859,RV_VST,1284
58823872095859,RV_VST,1288
58823872095859,RV_VST,1292
58823872095859,RV_VST,1296
58823872095859,RV_VST,1300
58823872095859,RV_VST,1304
58823872095859,RV_VST,1308
58823872095859,RV_VST,1312
58823872095859,RV_VST,1316
58823872095859,RV_VST,1320
58823872095859,RV_VST,1324
58823872095859,RV_VST,1328
58823872095859,RV_VST,1332
58823872095859,RV_VST,1336
58823872095859,RV_VST,1340
58823872095859,RV_VST,1344
58823872095859,RV_VST,1348
58823872095859,RV_VST,1352
58823872095859,RV_VST,1356
58823872095859,RV_VST,1360
58823872095859,RV_VST,1364
58823872095859,RV_VST,1368
58823872095859,RV_VST,1372
58823872095859,RV_VST,1376
58823872095859,RV_VST,1380
58823872095859,RV_VST,1384
58823872095859,RV_VST,1388
58823872095859,RV_VST,1392
58823872095859,RV_VST,1396
58823872095859,RV_VST,1400
58823872095859,RV_VST,1404
58823872095859,RV_VST,1408
58823872095859,RV_VST,1412
58823872095859,RV_VST,1416
58823872095859,RV_VST,1420
58823872095859,RV_VST,1424
58823872095859,RV_VST,1428
58823872095859,RV_VST,1432
58823872095859,RV_VST,1436
58823872095859,RV_VST,1440
58823872095859,RV_VST,1444
58823872095859,RV_VST,1448
58823872095859,RV_VST,1452
58823872095859,RV_VST,1456
58823872095859,RV_VST,1460
58823872095859,RV_VST,1464
58823872095859,RV_VST,1468
58823872095859,RV_VST,1472
58823872095859,RV_VST,1476
58823872095859,RV_VST,1480
58823872095859,RV_VST,1484
58823872095859,RV_VST,1488
58823872095859,RV_VST,1492
58823872095859,RV_VST,1496
58823872095859,RV_VST,1500
58823872095859,RV_VST,1504
58823872095859,RV_VST,1508
58823872095859,RV_VST,1512
58823872095859,RV_VST,1516
58823872095859,RV_VST,1520
58823872095859,RV_VST,1524
58823872095859,RV_VST,1528
58823872095859,RV_VST,1532
60198261630595,RV_VLD,0
60198261630595,RV_VLD,4
60198261630595,RV_VLD,8
60198261630595,RV_VLD,12
60198261630595,RV_VLD,16
60198261630595,RV_VLD,20
60198261630595,RV_VLD,24
60198261630595,RV_VLD,28
60198261630595,RV_VLD,32
60198261630595,RV_VLD,36
60198261630595,RV_VLD,40
60198261630595,RV_VLD,44
60198261630595,RV_VLD,48
60198261630595,RV_VLD,52
60198261630595,RV_VLD,56
60198261630595,RV_VLD,60
60198261630595,RV_VLD,64
60198261630595,RV_VLD,68
60198261630595,RV_VLD,72
60198261630595,RV_VLD,76
60198261630595,RV_VLD,80
60198261630595,RV_VLD,84
60198261630595,RV_VLD,88
60198261630595,RV_VLD,92
60198261630595,RV_VLD,96
60198261630595,RV_VLD,100
60198261630595,RV_VLD,104
60198261630595,RV_VLD,108
60198261630595,RV_VLD,112
60198261630595,RV_VLD,116
60198261630595,RV_VLD,120
60198261630595,RV_VLD,124
60198261630595,RV_VLD,128
60198261630595,RV_VLD,132
60198261630595,RV_VLD,136
60198261630595,RV_VLD,140
60198261630595,RV_VLD,144
60198261630595,RV_VLD,148
60198261630595,RV_VLD,152
60198261630595,RV_VLD,156
60198261630595,RV_VLD,160
60198261630595,RV_VLD,164
60198261630595,RV_VLD,168
60198261630595,RV_VLD,172
60198261630595,RV_VLD,176
60198261630595,RV_VLD,180
60198261630595,RV_VLD,184
60198261630595,RV_VLD,188
60198261630595,RV_VLD,192
60198261630595,RV_VLD,196
60198261630595,RV_VLD,200
60198261630595,RV_VLD,204
60198261630595,RV_VLD,208
60198261630595,RV_VLD,212
60198261630595,RV_VLD,216
60198261630595,RV_VLD,220
60198261630595,RV_VLD,224
60198261630595,RV_VLD,228
60198261630595,RV_VLD,232
60198261630595,RV_VLD,236
60198261630595,RV_VLD,240
60198261630595,RV_VLD,244
60198261630595,RV_VLD,248
60198261630595,RV_VLD,252
59098750002822,RV_VST,2048
59098750002822,RV_VST,2052
59098750002822,RV_VST,2056
59098750002822,RV_VST,2060
59098750002822,RV_VST,2064
59098750002822,RV_VST,2068
59098750002822,RV_VST,2072
59098750002822,RV_VST,2076
59098750002822,RV_VST,2080
59098750002822,RV_VST,2084
59098750002822,RV_VST,2088
59098750002822,RV_VST,2092
59098750002822,RV_VST,2096
59098750002822,RV_VST,2100
59098750002822,RV_VST,2104
59098750002822,RV_VST,2108
59098750002822,RV_VST,2112
59098750002822,RV_VST,2116
59098750002822,RV_VST,2120
59098750002822,RV_VST,2124
59098750002822,RV_VST,2128
59098750002822,RV_VST,2132
59098750002822,RV_VST,2136
59098750002822,RV_VST,2140
59098750002822,RV_VST,2144
59098750002822,RV_VST,2148
59098750002822,RV_VST,2152
59098750002822,RV_VST,2156
59098750002822,RV_VST,2160
59098750002822,RV_VST,2164
59098750002822,RV_VST,2168
59098750002822,RV_VST,2172
59098750002822,RV_VST,2176
59098750002822,RV_VST,2180
59098750002822,RV_VST,2184
59098750002822,RV_VST,2188
59098750002822,RV_VST,2192
59098750002822,RV_VST,2196
59098750002822,RV_VST,2200
59098750002822,RV_VST,2204
59098750002822,RV_VST,2208
59098750002822,RV_VST,2212
59098750002822,RV_VST,2216
59098750002822,RV_VST,2220
59098750002822,RV_VST,2224
59098750002822,RV_VST,2228
59098750002822,RV_VST,2232
59098750002822,RV_VST,2236
59098750002822,RV_VST,2240
59098750002822,RV_VST,2244
59098750002822,RV_VST,2248
59098750002822,RV_VST,2252
59098750002822,RV_VST,2256
59098750002822,RV_VST,2260
59098750002822,RV_VST,2264
59098750002822,RV_VST,2268
59098750002822,RV_VST,2272
59098750002822,RV_VST,2276
59098750002822,RV_VST,2280
59098750002822,RV_VST,2284
59098750002822,RV_VST,2288
59098750002822,RV_VST,2292
59098750002822,RV_VST,2296
59098750002822,RV_VST,2300
60198261630600,RV_VLD,256
60198261630600,RV_VLD,260
60198261630600,RV_VLD,264
60198261630600,RV_VLD,268
60198261630600,RV_VLD,272
60198261630600,RV_VLD,276
60198261630600,RV_VLD,280
60198261630600,RV_VLD,284
60198261630600,RV_VLD,288
60198261630600,RV_VLD,292
60198261630600,RV_VLD,296
60198261630600,RV_VLD,300
60198261630600,RV_VLD,304
60198261630600,RV_VLD,308
60198261630600,RV_VLD,312
60198261630600,RV_VLD,316
60198261630600,RV_VLD,320
60198261630600,RV_VLD,324
60198261630600,RV_VLD,328
60198261630600,RV_VLD,332
60198261630600,RV_VLD,336
60198261630600,RV_VLD,340
60198261630600,RV_VLD,344
60198261630600,RV_VLD,348
60198261630600,RV_VLD,352
60198261630600,RV_VLD,356
60198261630600,RV_VLD,360
60198261630600,RV_VLD,364
60198261630600,RV_VLD,368
60198261630600,RV_VLD,372
60198261630600,RV_VLD,376
60198261630600,RV_VLD,380
60198261630600,RV_VLD,384
60198261630600,RV_VLD,388
60198261630600,RV_VLD,392
60198261630600,RV_VLD,396
60198261630600,RV_VLD,400
60198261630600,RV_VLD,404
60198261630600,RV_VLD,408
60198261630600,RV_VLD,412
60198261630600,RV_VLD,416
60198261630600,RV_VLD,420
60198261630600,RV_VLD,424
60198261630600,RV_VLD,428
60198261630600,RV_VLD,432
60198261630600,RV_VLD,436
60198261630600,RV_VLD,440
60198261630600,RV_VLD,444
60198261630600,RV_VLD,448
60198261630600,RV_VLD,452
60198261630600,RV_VLD,456
60198261630600,RV_VLD,460
60198261630600,RV_VLD,464
60198261630600,RV_VLD,468
60198261630600,RV_VLD,472
60198261630600,RV_VLD,476
60198261630600,RV_VLD,480
60198261630600,RV_VLD,484
60198261630600,RV_VLD,488
60198261630600,RV_VLD,492
60198261630600,RV_VLD,496
60198261630600,RV_VLD,500
60198261630600,RV_VLD,504
60198261630600,RV_VLD,508
59098750002827,RV_VST,2304
59098750002827,RV_VST,2308
59098750002827,RV_VST,2312
59098750002827,RV_VST,2316
59098750002827,RV_VST,2320
59098750002827,RV_VST,2324
59098750002827,RV_VST,2328
59098750002827,RV_VST,2332
59098750002827,RV_VST,2336
59098750002827,RV_VST,2340
59098750002827,RV_VST,2344
59098750002827,RV_VST,2348
59098750002827,RV_VST,2352
59098750002827,RV_VST,2356
59098750002827,RV_VST,2360
59098750002827,RV_VST,2364
59098750002827,RV_VST,2368
59098750002827,RV_VST,2372
59098750002827,RV_VST,2376
59098750002827,RV_VST,2380
59098750002827,RV_VST,2384
59098750002827,RV_VST,2388
59098750002827,RV_VST,2392
59098750002827,RV_VST,2396
59098750002827,RV_VST,2400
59098750002827,RV_VST,2404
59098750002827,RV_VST,2408
59098750002827,RV_VST,2412
59098750002827,RV_VST,2416
59098750002827,RV_VST,2420
59098750002827,RV_VST,2424
59098750002827,RV_VST,2428
59098750002827,RV_VST,2432
59098750002827,RV_VST,2436
59098750002827,RV_VST,2440
59098750002827,RV_VST,2444
59098750002827,RV_VST,2448
59098750002827,RV_VST,2452
59098750002827,RV_VST,2456
59098750002827,RV_VST,2460
59098750002827,RV_VST,2464
59098750002827,RV_VST,2468
59098750002827,RV_VST,2472
59098750002827,RV_VST,2476
59098750002827,RV_VST,2480
59098750002827,RV_VST,2484
59098750002827,RV_VST,2488
59098750002827,RV_VST,2492
59098750002827,RV_VST,2496
59098750002827,RV_VST,2500
59098750002827,RV_VST,2504
59098750002827,RV_VST,2508
59098750002827,RV_VST,2512
59098750002827,RV_VST,2516
59098750002827,RV_VST,2520
59098750002827,RV_VST,2524
59098750002827,RV_VST,2528
59098750002827,RV_VST,2532
59098750002827,RV_VST,2536
59098750002827,RV_VST,2540
59098750002827,RV_VST,2544
59098750002827,RV_VST,2548
59098750002827,RV_VST,2552
59098750002827,RV_VST,2556
60198261630626,RV_VLD,2048
60198261630626,RV_VLD,2052
60198261630626,RV_VLD,2056
60198261630626,RV_VLD,2060
60198261630626,RV_VLD,2064
60198261630626,RV_VLD,2068
60198261630626,RV_VLD,2072
60198261630626,RV_VLD,2076
60198261630626,RV_VLD,2080
60198261630626,RV_VLD,2084
60198261630626,RV_VLD,2088
60198261630626,RV_VLD,2092
60198261630626,RV_VLD,2096
60198261630626,RV_VLD,2100
60198261630626,RV_VLD,2104
60198261630626,RV_VLD,2108
60198261630626,RV_VLD,2112
60198261630626,RV_VLD,2116
60198261630626,RV_VLD,2120
60198261630626,RV_VLD,2124
60198261630626,RV_VLD,2128
60198261630626,RV_VLD,2132
60198261630626,RV_VLD,2136
60198261630626,RV_VLD,2140
60198261630626,RV_VLD,2144
60198261630626,RV_VLD,2148
60198261630626,RV_VLD,2152
60198261630626,RV_VLD,2156
60198261630626,RV_VLD,2160
60198261630626,RV_VLD,2164
60198261630626,RV_VLD,2168
60198261630626,RV_VLD,2172
60198261630626,RV_VLD,2176
60198261630626,RV_VLD,2180
60198261630626,RV_VLD,2184
60198261630626,RV_VLD,2188
60198261630626,RV_VLD,2192
60198261630626,RV_VLD,2196
60198261630626,RV_VLD,2200
60198261630626,RV_VLD,2204
60198261630626,RV_VLD,2208
60198261630626,RV_VLD,2212
60198261630626,RV_VLD,2216
60198261630626,RV_VLD,2220
60198261630626,RV_VLD,2224
60198261630626,RV_VLD,2228
60198261630626,RV_VLD,2232
60198261630626,RV_VLD,2236
60198261630626,RV_VLD,2240
60198261630626,RV_VLD,2244
60198261630626,RV_VLD,2248
60198261630626,RV_VLD,2252
60198261630626,RV_VLD,2256
60198261630626,RV_VLD,2260
60198261630626,RV_VLD,2264
60198261630626,RV_VLD,2268
60198261630626,RV_VLD,2272
60198261630626,RV_VLD,2276
60198261630626,RV_VLD,2280
60198261630626,RV_VLD,2284
60198261630626,RV_VLD,2288
60198261630626,RV_VLD,2292
60198261630626,RV_VLD,2296
60198261630626,RV_VLD,2300
59098750002856,RV_VST,2048
59098750002856,RV_VST,2052
59098750002856,RV_VST,2056
59098750002856,RV_VST,2060
59098750002856,RV_VST,2064
59098750002856,RV_VST,2068
59098750002856,RV_VST,2072
59098750002856,RV_VST,2076
59098750002856,RV_VST,2080
59098750002856,RV_VST,2084
59098750002856,RV_VST,2088
59098750002856,RV_VST,2092
59098750002856,RV_VST,2096
59098750002856,RV_VST,2100
59098750002856,RV_VST,2104
59098750002856,RV_VST,2108
59098750002856,RV_VST,2112
59098750002856,RV_VST,2116
59098750002856,RV_VST,2120
59098750002856,RV_VST,2124
59098750002856,RV_VST,2128
59098750002856,RV_VST,2132
59098750002856,RV_VST,2136
59098750002856,RV_VST,2140
59098750002856,RV_VST,2144
59098750002856,RV_VST,2148
59098750002856,RV_VST,2152
59098750002856,RV_VST,2156
59098750002856,RV_VST,2160
59098750002856,RV_VST,2164
59098750002856,RV_VST,2168
59098750002856,RV_VST,2172
59098750002856,RV_VST,2176
59098750002856,RV_VST,2180
59098750002856,RV_VST,2184
59098750002856,RV_VST,2188
59098750002856,RV_VST,2192
59098750002856,RV_VST,2196
59098750002856,RV_VST,2200
59098750002856,RV_VST,2204
59098750002856,RV_VST,2208
59098750002856,RV_VST,2212
59098750002856,RV_VST,2216
59098750002856,RV_VST,2220
59098750002856,RV_VST,2224
59098750002856,RV_VST,2228
59098750002856,RV_VST,2232
59098750002856,RV_VST,2236
59098750002856,RV_VST,2240
59098750002856,RV_VST,2244
59098750002856,RV_VST,2248
59098750002856,RV_VST,2252
59098750002856,RV_VST,2256
59098750002856,RV_VST,2260
59098750002856,RV_VST,2264
59098750002856,RV_VST,2268
59098750002856,RV_VST,2272
59098750002856,RV_VST,2276
59098750002856,RV_VST,2280
59098750002856,RV_VST,2284
59098750002856,RV_VST,2288
59098750002856,RV_VST,2292
59098750002856,RV_VST,2296
59098750002856,RV_VST,2300
60198261630634,RV_VLD,2304
60198261630634,RV_VLD,2308
60198261630634,RV_VLD,2312
60198261630634,RV_VLD,2316
60198261630634,RV_VLD,2320
60198261630634,RV_VLD,2324
60198261630634,RV_VLD,2328
60198261630634,RV_VLD,2332
60198261630634,RV_VLD,2336
60198261630634,RV_VLD,2340
60198261630634,RV_VLD,2344
60198261630634,RV_VLD,2348
60198261630634,RV_VLD,2352
60198261630634,RV_VLD,2356
60198261630634,RV_VLD,2360
60198261630634,RV_VLD,2364
60198261630634,RV_VLD,2368
60198261630634,RV_VLD,2372
60198261630634,RV_VLD,2376
60198261630634,RV_VLD,2380
60198261630634,RV_VLD,2384
60198261630634,RV_VLD,2388
60198261630634,RV_VLD,2392
60198261630634,RV_VLD,2396
60198261630634,RV_VLD,2400
60198261630634,RV_VLD,2404
60198261630634,RV_VLD,2408
60198261630634,RV_VLD,2412
60198261630634,RV_VLD,2416
60198261630634,RV_VLD,2420
60198261630634,RV_VLD,2424
60198261630634,RV_VLD,2428
60198261630634,RV_VLD,2432
60198261630634,RV_VLD,2436
60198261630634,RV_VLD,2440
60198261630634,RV_VLD,2444
60198261630634,RV_VLD,2448
60198261630634,RV_VLD,2452
60198261630634,RV_VLD,2456
60198261630634,RV_VLD,2460
60198261630634,RV_VLD,2464
60198261630634,RV_VLD,2468
60198261630634,RV_VLD,2472
60198261630634,RV_VLD,2476
60198261630634,RV_VLD,2480
60198261630634,RV_VLD,2484
60198261630634,RV_VLD,2488
60198261630634,RV_VLD,2492
60198261630634,RV_VLD,2496
60198261630634,RV_VLD,2500
60198261630634,RV_VLD,2504
60198261630634,RV_VLD,2508
60198261630634,RV_VLD,2512
60198261630634,RV_VLD,2516
60198261630634,RV_VLD,2520
60198261630634,RV_VLD,2524
60198261630634,RV_VLD,2528
60198261630634,RV_VLD,2532
60198261630634,RV_VLD,2536
60198261630634,RV_VLD,2540
60198261630634,RV_VLD,2544
60198261630634,RV_VLD,2548
60198261630634,RV_VLD,2552
60198261630634,RV_VLD,2556
59098750002862,RV_VST,2304
59098750002862,RV_VST,2308
59098750002862,RV_VST,2312
59098750002862,RV_VST,2316
59098750002862,RV_VST,2320
59098750002862,RV_VST,2324
59098750002862,RV_VST,2328
59098750002862,RV_VST,2332
59098750002862,RV_VST,2336
59098750002862,RV_VST,2340
59098750002862,RV_VST,2344
59098750002862,RV_VST,2348
59098750002862,RV_VST,2352
59098750002862,RV_VST,2356
59098750002862,RV_VST,2360
59098750002862,RV_VST,2364
59098750002862,RV_VST,2368
59098750002862,RV_VST,2372
59098750002862,RV_VST,2376
59098750002862,RV_VST,2380
59098750002862,RV_VST,2384
59098750002862,RV_VST,2388
59098750002862,RV_VST,2392
59098750002862,RV_VST,2396
59098750002862,RV_VST,2400
59098750002862,RV_VST,2404
59098750002862,RV_VST,2408
59098750002862,RV_VST,2412
59098750002862,RV_VST,2416
59098750002862,RV_VST,2420
59098750002862,RV_VST,2424
59098750002862,RV_VST,2428
59098750002862,RV_VST,2432
59098750002862,RV_VST,2436
59098750002862,RV_VST,2440
59098750002862,RV_VST,2444
59098750002862,RV_VST,2448
59098750002862,RV_VST,2452
59098750002862,RV_VST,2456
59098750002862,RV_VST,2460
59098750002862,RV_VST,2464
59098750002862,RV_VST,2468
59098750002862,RV_VST,2472
59098750002862,RV_VST,2476
59098750002862,RV_VST,2480
59098750002862,RV_VST,2484
59098750002862,RV_VST,2488
59098750002862,RV_VST,2492
59098750002862,RV_VST,2496
59098750002862,RV_VST,2500
59098750002862,RV_VST,2504
59098750002862,RV_VST,2508
59098750002862,RV_VST,2512
59098750002862,RV_VST,2516
59098750002862,RV_VST,2520
59098750002862,RV_VST,2524
59098750002862,RV_VST,2528
59098750002862,RV_VST,2532
59098750002862,RV_VST,2536
59098750002862,RV_VST,2540
59098750002862,RV_VST,2544
59098750002862,RV_VST,2548
59098750002862,RV_VST,2552
59098750002862,RV_VST,2556
60198261630649,RV_VLD,2048
60198261630649,RV_VLD,2052
60198261630649,RV_VLD,2056
60198261630649,RV_VLD,2060
60198261630649,RV_VLD,2064
60198261630649,RV_VLD,2068
60198261630649,RV_VLD,2072
60198261630649,RV_VLD,2076
60198261630649,RV_VLD,2080
60198261630649,RV_VLD,2084
60198261630649,RV_VLD,2088
60198261630649,RV_VLD,2092
60198261630649,RV_VLD,2096
60198261630649,RV_VLD,2100
60198261630649,RV_VLD,2104
60198261630649,RV_VLD,2108
60198261630649,RV_VLD,2112
60198261630649,RV_VLD,2116
60198261630649,RV_VLD,2120
60198261630649,RV_VLD,2124
60198261630649,RV_VLD,2128
60198261630649,RV_VLD,2132
60198261630649,RV_VLD,2136
60198261630649,RV_VLD,2140
60198261630649,RV_VLD,2144
60198261630649,RV_VLD,2148
60198261630649,RV_VLD,2152
60198261630649,RV_VLD,2156
60198261630649,RV_VLD,2160
60198261630649,RV_VLD,2164
60198261630649,RV_VLD,2168
60198261630649,RV_VLD,2172
60198261630649,RV_VLD,2176
60198261630649,RV_VLD,2180
60198261630649,RV_VLD,2184
60198261630649,RV_VLD,2188
60198261630649,RV_VLD,2192
60198261630649,RV_VLD,2196
60198261630649,RV_VLD,2200
60198261630649,RV_VLD,2204
60198261630649,RV_VLD,2208
60198261630649,RV_VLD,2212
60198261630649,RV_VLD,2216
60198261630649,RV_VLD,2220
60198261630649,RV_VLD,2224
60198261630649,RV_VLD,2228
60198261630649,RV_VLD,2232
60198261630649,RV_VLD,2236
60198261630649,RV_VLD,2240
60198261630649,RV_VLD,2244
60198261630649,RV_VLD,2248
60198261630649,RV_VLD,2252
60198261630649,RV_VLD,2256
60198261630649,RV_VLD,2260
60198261630649,RV_VLD,2264
60198261630649,RV_VLD,2268
60198261630649,RV_VLD,2272
60198261630649,RV_VLD,2276
60198261630649,RV_VLD,2280
60198261630649,RV_VLD,2284
60198261630649,RV_VLD,2288
60198261630649,RV_VLD,2292
60198261630649,RV_VLD,2296
60198261630649,RV_VLD,2300
60198261630650,RV_VLD,0
60198261630650,RV_VLD,4
60198261630650,RV_VLD,8
60198261630650,RV_VLD,12
60198261630650,RV_VLD,16
60198261630650,RV_VLD,20
60198261630650,RV_VLD,24
60198261630650,RV_VLD,28
60198261630650,RV_VLD,32
60198261630650,RV_VLD,36
60198261630650,RV_VLD,40
60198261630650,RV_VLD,44
60198261630650,RV_VLD,48
60198261630650,RV_VLD,52
60198261630650,RV_VLD,56
60198261630650,RV_VLD,60
60198261630650,RV_VLD,64
60198261630650,RV_VLD,68
60198261630650,RV_VLD,72
60198261630650,RV_VLD,76
60198261630650,RV_VLD,80
60198261630650,RV_VLD,84
60198261630650,RV_VLD,88
60198261630650,RV_VLD,92
60198261630650,RV_VLD,96
60198261630650,RV_VLD,100
60198261630650,RV_VLD,104
60198261630650,RV_VLD,108
60198261630650,RV_VLD,112
60198261630650,RV_VLD,116
60198261630650,RV_VLD,120
60198261630650,RV_VLD,124
60198261630650,RV_VLD,128
60198261630650,RV_VLD,132
60198261630650,RV_VLD,136
60198261630650,RV_VLD,140
60198261630650,RV_VLD,144
60198261630650,RV_VLD,148
60198261630650,RV_VLD,152
60198261630650,RV_VLD,156
60198261630650,RV_VLD,160
60198261630650,RV_VLD,164
60198261630650,RV_VLD,168
60198261630650,RV_VLD,172
60198261630650,RV_VLD,176
60198261630650,RV_VLD,180
60198261630650,RV_VLD,184
60198261630650,RV_VLD,188
60198261630650,RV_VLD,192
60198261630650,RV_VLD,196
60198261630650,RV_VLD,200
60198261630650,RV_VLD,204
60198261630650,RV_VLD,208
60198261630650,RV_VLD,212
60198261630650,RV_VLD,216
60198261630650,RV_VLD,220
60198261630650,RV_VLD,224
60198261630650,RV_VLD,228
60198261630650,RV_VLD,232
60198261630650,RV_VLD,236
60198261630650,RV_VLD,240
60198261630650,RV_VLD,244
60198261630650,RV_VLD,248
60198261630650,RV_VLD,252
59098750002877,RV_VST,2048
59098750002877,RV_VST,2052
59098750002877,RV_VST,2056
59098750002877,RV_VST,2060
59098750002877,RV_VST,2064
59098750002877,RV_VST,2068
59098750002877,RV_VST,2072
59098750002877,RV_VST,2076
59098750002877,RV_VST,2080
59098750002877,RV_VST,2084
59098750002877,RV_VST,2088
59098750002877,RV_VST,2092
59098750002877,RV_VST,2096
59098750002877,RV_VST,2100
59098750002877,RV_VST,2104
59098750002877,RV_VST,2108
59098750002877,RV_VST,2112
59098750002877,RV_VST,2116
59098750002877,RV_VST,2120
59098750002877,RV_VST,2124
59098750002877,RV_VST,2128
59098750002877,RV_VST,2132
59098750002877,RV_VST,2136
59098750002877,RV_VST,2140
59098750002877,RV_VST,2144
59098750002877,RV_VST,2148
59098750002877,RV_VST,2152
59098750002877,RV_VST,2156
59098750002877,RV_VST,2160
59098750002877,RV_VST,2164
59098750002877,RV_VST,2168
59098750002877,RV_VST,2172
59098750002877,RV_VST,2176
59098750002877,RV_VST,2180
59098750002877,RV_VST,2184
59098750002877,RV_VST,2188
59098750002877,RV_VST,2192
59098750002877,RV_VST,2196
59098750002877,RV_VST,2200
59098750002877,RV_VST,2204
59098750002877,RV_VST,2208
59098750002877,RV_VST,2212
59098750002877,RV_VST,2216
59098750002877,RV_VST,2220
59098750002877,RV_VST,2224
59098750002877,RV_VST,2228
59098750002877,RV_VST,2232
59098750002877,RV_VST,2236
59098750002877,RV_VST,2240
59098750002877,RV_VST,2244
59098750002877,RV_VST,2248
59098750002877,RV_VST,2252
59098750002877,RV_VST,2256
59098750002877,RV_VST,2260
59098750002877,RV_VST,2264
59098750002877,RV_VST,2268
59098750002877,RV_VST,2272
59098750002877,RV_VST,2276
59098750002877,RV_VST,2280
59098750002877,RV_VST,2284
59098750002877,RV_VST,2288
59098750002877,RV_VST,2292
59098750002877,RV_VST,2296
59098750002877,RV_VST,2300
60198261630655,RV_VLD,2304
60198261630655,RV_VLD,2308
60198261630655,RV_VLD,2312
60198261630655,RV_VLD,2316
60198261630655,RV_VLD,2320
60198261630655,RV_VLD,2324
60198261630655,RV_VLD,2328
60198261630655,RV_VLD,2332
60198261630655,RV_VLD,2336
60198261630655,RV_VLD,2340
60198261630655,RV_VLD,2344
60198261630655,RV_VLD,2348
60198261630655,RV_VLD,2352
60198261630655,RV_VLD,2356
60198261630655,RV_VLD,2360
60198261630655,RV_VLD,2364
60198261630655,RV_VLD,2368
60198261630655,RV_VLD,2372
60198261630655,RV_VLD,2376
60198261630655,RV_VLD,2380
60198261630655,RV_VLD,2384
60198261630655,RV_VLD,2388
60198261630655,RV_VLD,2392
60198261630655,RV_VLD,2396
60198261630655,RV_VLD,2400
60198261630655,RV_VLD,2404
60198261630655,RV_VLD,2408
60198261630655,RV_VLD,2412
60198261630655,RV_VLD,2416
60198261630655,RV_VLD,2420
60198261630655,RV_VLD,2424
60198261630655,RV_VLD,2428
60198261630655,RV_VLD,2432
60198261630655,RV_VLD,2436
60198261630655,RV_VLD,2440
60198261630655,RV_VLD,2444
60198261630655,RV_VLD,2448
60198261630655,RV_VLD,2452
60198261630655,RV_VLD,2456
60198261630655,RV_VLD,2460
60198261630655,RV_VLD,2464
60198261630655,RV_VLD,2468
60198261630655,RV_VLD,2472
60198261630655,RV_VLD,2476
60198261630655,RV_VLD,2480
60198261630655,RV_VLD,2484
60198261630655,RV_VLD,2488
60198261630655,RV_VLD,2492
60198261630655,RV_VLD,2496
60198261630655,RV_VLD,2500
60198261630655,RV_VLD,2504
60198261630655,RV_VLD,2508
60198261630655,RV_VLD,2512
60198261630655,RV_VLD,2516
60198261630655,RV_VLD,2520
60198261630655,RV_VLD,2524
60198261630655,RV_VLD,2528
60198261630655,RV_VLD,2532
60198261630655,RV_VLD,2536
60198261630655,RV_VLD,2540
60198261630655,RV_VLD,2544
60198261630655,RV_VLD,2548
60198261630655,RV_VLD,2552
60198261630655,RV_VLD,2556
60198261630656,RV_VLD,256
60198261630656,RV_VLD,260
60198261630656,RV_VLD,264
60198261630656,RV_VLD,268
60198261630656,RV_VLD,272
60198261630656,RV_VLD,276
60198261630656,RV_VLD,280
60198261630656,RV_VLD,284
60198261630656,RV_VLD,288
60198261630656,RV_VLD,292
60198261630656,RV_VLD,296
60198261630656,RV_VLD,300
60198261630656,RV_VLD,304
60198261630656,RV_VLD,308
60198261630656,RV_VLD,312
60198261630656,RV_VLD,316
60198261630656,RV_VLD,320
60198261630656,RV_VLD,324
60198261630656,RV_VLD,328
60198261630656,RV_VLD,332
60198261630656,RV_VLD,336
60198261630656,RV_VLD,340
60198261630656,RV_VLD,344
60198261630656,RV_VLD,348
60198261630656,RV_VLD,352
60198261630656,RV_VLD,356
60198261630656,RV_VLD,360
60198261630656,RV_VLD,364
60198261630656,RV_VLD,368
60198261630656,RV_VLD,372
60198261630656,RV_VLD,376
60198261630656,RV_VLD,380
60198261630656,RV_VLD,384
60198261630656,RV_VLD,388
60198261630656,RV_VLD,392
60198261630656,RV_VLD,396
60198261630656,RV_VLD,400
60198261630656,RV_VLD,404
60198261630656,RV_VLD,408
60198261630656,RV_VLD,412
60198261630656,RV_VLD,416
60198261630656,RV_VLD,420
60198261630656,RV_VLD,424
60198261630656,RV_VLD,428
60198261630656,RV_VLD,432
60198261630656,RV_VLD,436
60198261630656,RV_VLD,440
60198261630656,RV_VLD,444
60198261630656,RV_VLD,448
60198261630656,RV_VLD,452
60198261630656,RV_VLD,456
60198261630656,RV_VLD,460
60198261630656,RV_VLD,464
60198261630656,RV_VLD,468
60198261630656,RV_VLD,472
60198261630656,RV_VLD,476
60198261630656,RV_VLD,480
60198261630656,RV_VLD,484
60198261630656,RV_VLD,488
60198261630656,RV_VLD,492
60198261630656,RV_VLD,496
60198261630656,RV_VLD,500
60198261630656,RV_VLD,504
60198261630656,RV_VLD,508
59098750002883,RV_VST,2304
59098750002883,RV_VST,2308
59098750002883,RV_VST,2312
59098750002883,RV_VST,2316
59098750002883,RV_VST,2320
59098750002883,RV_VST,2324
59098750002883,RV_VST,2328
59098750002883,RV_VST,2332
59098750002883,RV_VST,2336
59098750002883,RV_VST,2340
59098750002883,RV_VST,2344
59098750002883,RV_VST,2348
59098750002883,RV_VST,2352
59098750002883,RV_VST,2356
59098750002883,RV_VST,2360
59098750002883,RV_VST,2364
59098750002883,RV_VST,2368
59098750002883,RV_VST,2372
59098750002883,RV_VST,2376
59098750002883,RV_VST,2380
59098750002883,RV_VST,2384
59098750002883,RV_VST,2388
59098750002883,RV_VST,2392
59098750002883,RV_VST,2396
59098750002883,RV_VST,2400
59098750002883,RV_VST,2404
59098750002883,RV_VST,2408
59098750002883,RV_VST,2412
59098750002883,RV_VST,2416
59098750002883,RV_VST,2420
59098750002883,RV_VST,2424
59098750002883,RV_VST,2428
59098750002883,RV_VST,2432
59098750002883,RV_VST,2436
59098750002883,RV_VST,2440
59098750002883,RV_VST,2444
59098750002883,RV_VST,2448
59098750002883,RV_VST,2452
59098750002883,RV_VST,2456
59098750002883,RV_VST,2460
59098750002883,RV_VST,2464
59098750002883,RV_VST,2468
59098750002883,RV_VST,2472
59098750002883,RV_VST,2476
59098750002883,RV_VST,2480
59098750002883,RV_VST,2484
59098750002883,RV_VST,2488
59098750002883,RV_VST,2492
59098750002883,RV_VST,2496
59098750002883,RV_VST,2500
59098750002883,RV_VST,2504
59098750002883,RV_VST,2508
59098750002883,RV_VST,2512
59098750002883,RV_VST,2516
59098750002883,RV_VST,2520
59098750002883,RV_VST,2524
59098750002883,RV_VST,2528
59098750002883,RV_VST,2532
59098750002883,RV_VST,2536
59098750002883,RV_VST,2540
59098750002883,RV_VST,2544
59098750002883,RV_VST,2548
59098750002883,RV_VST,2552
59098750002883,RV_VST,2556
60198261630670,RV_VLD,2048
60198261630670,RV_VLD,2052
60198261630670,RV_VLD,2056
60198261630670,RV_VLD,2060
60198261630670,RV_VLD,2064
60198261630670,RV_VLD,2068
60198261630670,RV_VLD,2072
60198261630670,RV_VLD,2076
60198261630670,RV_VLD,2080
60198261630670,RV_VLD,2084
60198261630670,RV_VLD,2088
60198261630670,RV_VLD,2092
60198261630670,RV_VLD,2096
60198261630670,RV_VLD,2100
60198261630670,RV_VLD,2104
60198261630670,RV_VLD,2108
60198261630670,RV_VLD,2112
60198261630670,RV_VLD,2116
60198261630670,RV_VLD,2120
60198261630670,RV_VLD,2124
60198261630670,RV_VLD,2128
60198261630670,RV_VLD,2132
60198261630670,RV_VLD,2136
60198261630670,RV_VLD,2140
60198261630670,RV_VLD,2144
60198261630670,RV_VLD,2148
60198261630670,RV_VLD,2152
60198261630670,RV_VLD,2156
60198261630670,RV_VLD,2160
60198261630670,RV_VLD,2164
60198261630670,RV_VLD,2168
60198261630670,RV_VLD,2172
60198261630670,RV_VLD,2176
60198261630670,RV_VLD,2180
60198261630670,RV_VLD,2184
60198261630670,RV_VLD,2188
60198261630670,RV_VLD,2192
60198261630670,RV_VLD,2196
60198261630670,RV_VLD,2200
60198261630670,RV_VLD,2204
60198261630670,RV_VLD,2208
60198261630670,RV_VLD,2212
60198261630670,RV_VLD,2216
60198261630670,RV_VLD,2220
60198261630670,RV_VLD,2224
60198261630670,RV_VLD,2228
60198261630670,RV_VLD,2232
60198261630670,RV_VLD,2236
60198261630670,RV_VLD,2240
60198261630670,RV_VLD,2244
60198261630670,RV_VLD,2248
60198261630670,RV_VLD,2252
60198261630670,RV_VLD,2256
60198261630670,RV_VLD,2260
60198261630670,RV_VLD,2264
60198261630670,RV_VLD,2268
60198261630670,RV_VLD,2272
60198261630670,RV_VLD,2276
60198261630670,RV_VLD,2280
60198261630670,RV_VLD,2284
60198261630670,RV_VLD,2288
60198261630670,RV_VLD,2292
60198261630670,RV_VLD,2296
60198261630670,RV_VLD,2300
59098750002898,RV_VST,2048
59098750002898,RV_VST,2052
59098750002898,RV_VST,2056
59098750002898,RV_VST,2060
59098750002898,RV_VST,2064
59098750002898,RV_VST,2068
59098750002898,RV_VST,2072
59098750002898,RV_VST,2076
59098750002898,RV_VST,2080
59098750002898,RV_VST,2084
59098750002898,RV_VST,2088
59098750002898,RV_VST,2092
59098750002898,RV_VST,2096
59098750002898,RV_VST,2100
59098750002898,RV_VST,2104
59098750002898,RV_VST,2108
59098750002898,RV_VST,2112
59098750002898,RV_VST,2116
59098750002898,RV_VST,2120
59098750002898,RV_VST,2124
59098750002898,RV_VST,2128
59098750002898,RV_VST,2132
59098750002898,RV_VST,2136
59098750002898,RV_VST,2140
59098750002898,RV_VST,2144
59098750002898,RV_VST,2148
59098750002898,RV_VST,2152
59098750002898,RV_VST,2156
59098750002898,RV_VST,2160
59098750002898,RV_VST,2164
59098750002898,RV_VST,2168
59098750002898,RV_VST,2172
59098750002898,RV_VST,2176
59098750002898,RV_VST,2180
59098750002898,RV_VST,2184
59098750002898,RV_VST,2188
59098750002898,RV_VST,2192
59098750002898,RV_VST,2196
59098750002898,RV_VST,2200
59098750002898,RV_VST,2204
59098750002898,RV_VST,2208
59098750002898,RV_VST,2212
59098750002898,RV_VST,2216
59098750002898,RV_VST,2220
59098750002898,RV_VST,2224
59098750002898,RV_VST,2228
59098750002898,RV_VST,2232
59098750002898,RV_VST,2236
59098750002898,RV_VST,2240
59098750002898,RV_VST,2244
59098750002898,RV_VST,2248
59098750002898,RV_VST,2252
59098750002898,RV_VST,2256
59098750002898,RV_VST,2260
59098750002898,RV_VST,2264
59098750002898,RV_VST,2268
59098750002898,RV_VST,2272
59098750002898,RV_VST,2276
59098750002898,RV_VST,2280
59098750002898,RV_VST,2284
59098750002898,RV_VST,2288
59098750002898,RV_VST,2292
59098750002898,RV_VST,2296
59098750002898,RV_VST,2300
60198261630676,RV_VLD,2304
60198261630676,RV_VLD,2308
60198261630676,RV_VLD,2312
60198261630676,RV_VLD,2316
60198261630676,RV_VLD,2320
60198261630676,RV_VLD,2324
60198261630676,RV_VLD,2328
60198261630676,RV_VLD,2332
60198261630676,RV_VLD,2336
60198261630676,RV_VLD,2340
60198261630676,RV_VLD,2344
60198261630676,RV_VLD,2348
60198261630676,RV_VLD,2352
60198261630676,RV_VLD,2356
60198261630676,RV_VLD,2360
60198261630676,RV_VLD,2364
60198261630676,RV_VLD,2368
60198261630676,RV_VLD,2372
60198261630676,RV_VLD,2376
60198261630676,RV_VLD,2380
60198261630676,RV_VLD,2384
60198261630676,RV_VLD,2388
60198261630676,RV_VLD,2392
60198261630676,RV_VLD,2396
60198261630676,RV_VLD,2400
60198261630676,RV_VLD,2404
60198261630676,RV_VLD,2408
60198261630676,RV_VLD,2412
60198261630676,RV_VLD,2416
60198261630676,RV_VLD,2420
60198261630676,RV_VLD,2424
60198261630676,RV_VLD,2428
60198261630676,RV_VLD,2432
60198261630676,RV_VLD,2436
60198261630676,RV_VLD,2440
60198261630676,RV_VLD,2444
60198261630676,RV_VLD,2448
60198261630676,RV_VLD,2452
60198261630676,RV_VLD,2456
60198261630676,RV_VLD,2460
60198261630676,RV_VLD,2464
60198261630676,RV_VLD,2468
60198261630676,RV_VLD,2472
60198261630676,RV_VLD,2476
60198261630676,RV_VLD,2480
60198261630676,RV_VLD,2484
60198261630676,RV_VLD,2488
60198261630676,RV_VLD,2492
60198261630676,RV_VLD,2496
60198261630676,RV_VLD,2500
60198261630676,RV_VLD,2504
60198261630676,RV_VLD,2508
60198261630676,RV_VLD,2512
60198261630676,RV_VLD,2516
60198261630676,RV_VLD,2520
60198261630676,RV_VLD,2524
60198261630676,RV_VLD,2528
60198261630676,RV_VLD,2532
60198261630676,RV_VLD,2536
60198261630676,RV_VLD,2540
60198261630676,RV_VLD,2544
60198261630676,RV_VLD,2548
60198261630676,RV_VLD,2552
60198261630676,RV_VLD,2556
59098750002904,RV_VST,2304
59098750002904,RV_VST,2308
59098750002904,RV_VST,2312
59098750002904,RV_VST,2316
59098750002904,RV_VST,2320
59098750002904,RV_VST,2324
59098750002904,RV_VST,2328
59098750002904,RV_VST,2332
59098750002904,RV_VST,2336
59098750002904,RV_VST,2340
59098750002904,RV_VST,2344
59098750002904,RV_VST,2348
59098750002904,RV_VST,2352
59098750002904,RV_VST,2356
59098750002904,RV_VST,2360
59098750002904,RV_VST,2364
59098750002904,RV_VST,2368
59098750002904,RV_VST,2372
59098750002904,RV_VST,2376
59098750002904,RV_VST,2380
59098750002904,RV_VST,2384
59098750002904,RV_VST,2388
59098750002904,RV_VST,2392
59098750002904,RV_VST,2396
59098750002904,RV_VST,2400
59098750002904,RV_VST,2404
59098750002904,RV_VST,2408
59098750002904,RV_VST,2412
59098750002904,RV_VST,2416
59098750002904,RV_VST,2420
59098750002904,RV_VST,2424
59098750002904,RV_VST,2428
59098750002904,RV_VST,2432
59098750002904,RV_VST,2436
59098750002904,RV_VST,2440
59098750002904,RV_VST,2444
59098750002904,RV_VST,2448
59098750002904,RV_VST,2452
59098750002904,RV_VST,2456
59098750002904,RV_VST,2460
59098750002904,RV_VST,2464
59098750002904,RV_VST,2468
59098750002904,RV_VST,2472
59098750002904,RV_VST,2476
59098750002904,RV_VST,2480
59098750002904,RV_VST,2484
59098750002904,RV_VST,2488
59098750002904,RV_VST,2492
59098750002904,RV_VST,2496
59098750002904,RV_VST,2500
59098750002904,RV_VST,2504
59098750002904,RV_VST,2508
59098750002904,RV_VST,2512
59098750002904,RV_VST,2516
59098750002904,RV_VST,2520
59098750002904,RV_VST,2524
59098750002904,RV_VST,2528
59098750002904,RV_VST,2532
59098750002904,RV_VST,2536
59098750002904,RV_VST,2540
59098750002904,RV_VST,2544
59098750002904,RV_VST,2548
59098750002904,RV_VST,2552
59098750002904,RV_VST,2556
60198261630691,RV_VLD,0
60198261630691,RV_VLD,4
60198261630691,RV_VLD,8
60198261630691,RV_VLD,12
60198261630691,RV_VLD,16
60198261630691,RV_VLD,20
60198261630691,RV_VLD,24
60198261630691,RV_VLD,28
60198261630691,RV_VLD,32
60198261630691,RV_VLD,36
60198261630691,RV_VLD,40
60198261630691,RV_VLD,44
60198261630691,RV_VLD,48
60198261630691,RV_VLD,52
60198261630691,RV_VLD,56
60198261630691,RV_VLD,60
60198261630691,RV_VLD,64
60198261630691,RV_VLD,68
60198261630691,RV_VLD,72
60198261630691,RV_VLD,76
60198261630691,RV_VLD,80
60198261630691,RV_VLD,84
60198261630691,RV_VLD,88
60198261630691,RV_VLD,92
60198261630691,RV_VLD,96
60198261630691,RV_VLD,100
60198261630691,RV_VLD,104
60198261630691,RV_VLD,108
60198261630691,RV_VLD,112
60198261630691,RV_VLD,116
60198261630691,RV_VLD,120
60198261630691,RV_VLD,124
60198261630691,RV_VLD,128
60198261630691,RV_VLD,132
60198261630691,RV_VLD,136
60198261630691,RV_VLD,140
60198261630691,RV_VLD,144
60198261630691,RV_VLD,148
60198261630691,RV_VLD,152
60198261630691,RV_VLD,156
60198261630691,RV_VLD,160
60198261630691,RV_VLD,164
60198261630691,RV_VLD,168
60198261630691,RV_VLD,172
60198261630691,RV_VLD,176
60198261630691,RV_VLD,180
60198261630691,RV_VLD,184
60198261630691,RV_VLD,188
60198261630691,RV_VLD,192
60198261630691,RV_VLD,196
60198261630691,RV_VLD,200
60198261630691,RV_VLD,204
60198261630691,RV_VLD,208
60198261630691,RV_VLD,212
60198261630691,RV_VLD,216
60198261630691,RV_VLD,220
60198261630691,RV_VLD,224
60198261630691,RV_VLD,228
60198261630691,RV_VLD,232
60198261630691,RV_VLD,236
60198261630691,RV_VLD,240
60198261630691,RV_VLD,244
60198261630691,RV_VLD,248
60198261630691,RV_VLD,252
60198261630692,RV_VLD,2048
60198261630692,RV_VLD,2052
60198261630692,RV_VLD,2056
60198261630692,RV_VLD,2060
60198261630692,RV_VLD,2064
60198261630692,RV_VLD,2068
60198261630692,RV_VLD,2072
60198261630692,RV_VLD,2076
60198261630692,RV_VLD,2080
60198261630692,RV_VLD,2084
60198261630692,RV_VLD,2088
60198261630692,RV_VLD,2092
60198261630692,RV_VLD,2096
60198261630692,RV_VLD,2100
60198261630692,RV_VLD,2104
60198261630692,RV_VLD,2108
60198261630692,RV_VLD,2112
60198261630692,RV_VLD,2116
60198261630692,RV_VLD,2120
60198261630692,RV_VLD,2124
60198261630692,RV_VLD,2128
60198261630692,RV_VLD,2132
60198261630692,RV_VLD,2136
60198261630692,RV_VLD,2140
60198261630692,RV_VLD,2144
60198261630692,RV_VLD,2148
60198261630692,RV_VLD,2152
60198261630692,RV_VLD,2156
60198261630692,RV_VLD,2160
60198261630692,RV_VLD,2164
60198261630692,RV_VLD,2168
60198261630692,RV_VLD,2172
60198261630692,RV_VLD,2176
60198261630692,RV_VLD,2180
60198261630692,RV_VLD,2184
60198261630692,RV_VLD,2188
60198261630692,RV_VLD,2192
60198261630692,RV_VLD,2196
60198261630692,RV_VLD,2200
60198261630692,RV_VLD,2204
60198261630692,RV_VLD,2208
60198261630692,RV_VLD,2212
60198261630692,RV_VLD,2216
60198261630692,RV_VLD,2220
60198261630692,RV_VLD,2224
60198261630692,RV_VLD,2228
60198261630692,RV_VLD,2232
60198261630692,RV_VLD,2236
60198261630692,RV_VLD,2240
60198261630692,RV_VLD,2244
60198261630692,RV_VLD,2248
60198261630692,RV_VLD,2252
60198261630692,RV_VLD,2256
60198261630692,RV_VLD,2260
60198261630692,RV_VLD,2264
60198261630692,RV_VLD,2268
60198261630692,RV_VLD,2272
60198261630692,RV_VLD,2276
60198261630692,RV_VLD,2280
60198261630692,RV_VLD,2284
60198261630692,RV_VLD,2288
60198261630692,RV_VLD,2292
60198261630692,RV_VLD,2296
60198261630692,RV_VLD,2300
59098750002919,RV_VST,2048
59098750002919,RV_VST,2052
59098750002919,RV_VST,2056
59098750002919,RV_VST,2060
59098750002919,RV_VST,2064
59098750002919,RV_VST,2068
59098750002919,RV_VST,2072
59098750002919,RV_VST,2076
59098750002919,RV_VST,2080
59098750002919,RV_VST,2084
59098750002919,RV_VST,2088
59098750002919,RV_VST,2092
59098750002919,RV_VST,2096
59098750002919,RV_VST,2100
59098750002919,RV_VST,2104
59098750002919,RV_VST,2108
59098750002919,RV_VST,2112
59098750002919,RV_VST,2116
59098750002919,RV_VST,2120
59098750002919,RV_VST,2124
59098750002919,RV_VST,2128
59098750002919,RV_VST,2132
59098750002919,RV_VST,2136
59098750002919,RV_VST,2140
59098750002919,RV_VST,2144
59098750002919,RV_VST,2148
59098750002919,RV_VST,2152
59098750002919,RV_VST,2156
59098750002919,RV_VST,2160
59098750002919,RV_VST,2164
59098750002919,RV_VST,2168
59098750002919,RV_VST,2172
59098750002919,RV_VST,2176
59098750002919,RV_VST,2180
59098750002919,RV_VST,2184
59098750002919,RV_VST,2188
59098750002919,RV_VST,2192
59098750002919,RV_VST,2196
59098750002919,RV_VST,2200
59098750002919,RV_VST,2204
59098750002919,RV_VST,2208
59098750002919,RV_VST,2212
59098750002919,RV_VST,2216
59098750002919,RV_VST,2220
59098750002919,RV_VST,2224
59098750002919,RV_VST,2228
59098750002919,RV_VST,2232
59098750002919,RV_VST,2236
59098750002919,RV_VST,2240
59098750002919,RV_VST,2244
59098750002919,RV_VST,2248
59098750002919,RV_VST,2252
59098750002919,RV_VST,2256
59098750002919,RV_VST,2260
59098750002919,RV_VST,2264
59098750002919,RV_VST,2268
59098750002919,RV_VST,2272
59098750002919,RV_VST,2276
59098750002919,RV_VST,2280
59098750002919,RV_VST,2284
59098750002919,RV_VST,2288
59098750002919,RV_VST,2292
59098750002919,RV_VST,2296
59098750002919,RV_VST,2300
60198261630697,RV_VLD,256
60198261630697,RV_VLD,260
60198261630697,RV_VLD,264
60198261630697,RV_VLD,268
60198261630697,RV_VLD,272
60198261630697,RV_VLD,276
60198261630697,RV_VLD,280
60198261630697,RV_VLD,284
60198261630697,RV_VLD,288
60198261630697,RV_VLD,292
60198261630697,RV_VLD,296
60198261630697,RV_VLD,300
60198261630697,RV_VLD,304
60198261630697,RV_VLD,308
60198261630697,RV_VLD,312
60198261630697,RV_VLD,316
60198261630697,RV_VLD,320
60198261630697,RV_VLD,324
60198261630697,RV_VLD,328
60198261630697,RV_VLD,332
60198261630697,RV_VLD,336
60198261630697,RV_VLD,340
60198261630697,RV_VLD,344
60198261630697,RV_VLD,348
60198261630697,RV_VLD,352
60198261630697,RV_VLD,356
60198261630697,RV_VLD,360
60198261630697,RV_VLD,364
60198261630697,RV_VLD,368
60198261630697,RV_VLD,372
60198261630697,RV_VLD,376
60198261630697,RV_VLD,380
60198261630697,RV_VLD,384
60198261630697,RV_VLD,388
60198261630697,RV_VLD,392
60198261630697,RV_VLD,396
60198261630697,RV_VLD,400
60198261630697,RV_VLD,404
60198261630697,RV_VLD,408
60198261630697,RV_VLD,412
60198261630697,RV_VLD,416
60198261630697,RV_VLD,420
60198261630697,RV_VLD,424
60198261630697,RV_VLD,428
60198261630697,RV_VLD,432
60198261630697,RV_VLD,436
60198261630697,RV_VLD,440
60198261630697,RV_VLD,444
60198261630697,RV_VLD,448
60198261630697,RV_VLD,452
60198261630697,RV_VLD,456
60198261630697,RV_VLD,460
60198261630697,RV_VLD,464
60198261630697,RV_VLD,468
60198261630697,RV_VLD,472
60198261630697,RV_VLD,476
60198261630697,RV_VLD,480
60198261630697,RV_VLD,484
60198261630697,RV_VLD,488
60198261630697,RV_VLD,492
60198261630697,RV_VLD,496
60198261630697,RV_VLD,500
60198261630697,RV_VLD,504
60198261630697,RV_VLD,508
60198261630698,RV_VLD,2304
60198261630698,RV_VLD,2308
60198261630698,RV_VLD,2312
60198261630698,RV_VLD,2316
60198261630698,RV_VLD,2320
60198261630698,RV_VLD,2324
60198261630698,RV_VLD,2328
60198261630698,RV_VLD,2332
60198261630698,RV_VLD,2336
60198261630698,RV_VLD,2340
60198261630698,RV_VLD,2344
60198261630698,RV_VLD,2348
60198261630698,RV_VLD,2352
60198261630698,RV_VLD,2356
60198261630698,RV_VLD,2360
60198261630698,RV_VLD,2364
60198261630698,RV_VLD,2368
60198261630698,RV_VLD,2372
60198261630698,RV_VLD,2376
60198261630698,RV_VLD,2380
60198261630698,RV_VLD,2384
60198261630698,RV_VLD,2388
60198261630698,RV_VLD,2392
60198261630698,RV_VLD,2396
60198261630698,RV_VLD,2400
60198261630698,RV_VLD,2404
60198261630698,RV_VLD,2408
60198261630698,RV_VLD,2412
60198261630698,RV_VLD,2416
60198261630698,RV_VLD,2420
60198261630698,RV_VLD,2424
60198261630698,RV_VLD,2428
60198261630698,RV_VLD,2432
60198261630698,RV_VLD,2436
60198261630698,RV_VLD,2440
60198261630698,RV_VLD,2444
60198261630698,RV_VLD,2448
60198261630698,RV_VLD,2452
60198261630698,RV_VLD,2456
60198261630698,RV_VLD,2460
60198261630698,RV_VLD,2464
60198261630698,RV_VLD,2468
60198261630698,RV_VLD,2472
60198261630698,RV_VLD,2476
60198261630698,RV_VLD,2480
60198261630698,RV_VLD,2484
60198261630698,RV_VLD,2488
60198261630698,RV_VLD,2492
60198261630698,RV_VLD,2496
60198261630698,RV_VLD,2500
60198261630698,RV_VLD,2504
60198261630698,RV_VLD,2508
60198261630698,RV_VLD,2512
60198261630698,RV_VLD,2516
60198261630698,RV_VLD,2520
60198261630698,RV_VLD,2524
60198261630698,RV_VLD,2528
60198261630698,RV_VLD,2532
60198261630698,RV_VLD,2536
60198261630698,RV_VLD,2540
60198261630698,RV_VLD,2544
60198261630698,RV_VLD,2548
60198261630698,RV_VLD,2552
60198261630698,RV_VLD,2556
59098750002925,RV_VST,2304
59098750002925,RV_VST,2308
59098750002925,RV_VST,2312
59098750002925,RV_VST,2316
59098750002925,RV_VST,2320
59098750002925,RV_VST,2324
59098750002925,RV_VST,2328
59098750002925,RV_VST,2332
59098750002925,RV_VST,2336
59098750002925,RV_VST,2340
59098750002925,RV_VST,2344
59098750002925,RV_VST,2348
59098750002925,RV_VST,2352
59098750002925,RV_VST,2356
59098750002925,RV_VST,2360
59098750002925,RV_VST,2364
59098750002925,RV_VST,2368
59098750002925,RV_VST,2372
59098750002925,RV_VST,2376
59098750002925,RV_VST,2380
59098750002925,RV_VST,2384
59098750002925,RV_VST,2388
59098750002925,RV_VST,2392
59098750002925,RV_VST,2396
59098750002925,RV_VST,2400
59098750002925,RV_VST,2404
59098750002925,RV_VST,2408
59098750002925,RV_VST,2412
59098750002925,RV_VST,2416
59098750002925,RV_VST,2420
59098750002925,RV_VST,2424
59098750002925,RV_VST,2428
59098750002925,RV_VST,2432
59098750002925,RV_VST,2436
59098750002925,RV_VST,2440
59098750002925,RV_VST,2444
59098750002925,RV_VST,2448
59098750002925,RV_VST,2452
59098750002925,RV_VST,2456
59098750002925,RV_VST,2460
59098750002925,RV_VST,2464
59098750002925,RV_VST,2468
59098750002925,RV_VST,2472
59098750002925,RV_VST,2476
59098750002925,RV_VST,2480
59098750002925,RV_VST,2484
59098750002925,RV_VST,2488
59098750002925,RV_VST,2492
59098750002925,RV_VST,2496
59098750002925,RV_VST,2500
59098750002925,RV_VST,2504
59098750002925,RV_VST,2508
59098750002925,RV_VST,2512
59098750002925,RV_VST,2516
59098750002925,RV_VST,2520
59098750002925,RV_VST,2524
59098750002925,RV_VST,2528
59098750002925,RV_VST,2532
59098750002925,RV_VST,2536
59098750002925,RV_VST,2540
59098750002925,RV_VST,2544
59098750002925,RV_VST,2548
59098750002925,RV_VST,2552
59098750002925,RV_VST,2556
60198261630729,RV_VLD,0
60198261630729,RV_VLD,4
60198261630729,RV_VLD,8
60198261630729,RV_VLD,12
60198261630729,RV_VLD,16
60198261630729,RV_VLD,20
60198261630729,RV_VLD,24
60198261630729,RV_VLD,28
60198261630729,RV_VLD,32
60198261630729,RV_VLD,36
60198261630729,RV_VLD,40
60198261630729,RV_VLD,44
60198261630729,RV_VLD,48
60198261630729,RV_VLD,52
60198261630729,RV_VLD,56
60198261630729,RV_VLD,60
60198261630729,RV_VLD,64
60198261630729,RV_VLD,68
60198261630729,RV_VLD,72
60198261630729,RV_VLD,76
60198261630729,RV_VLD,80
60198261630729,RV_VLD,84
60198261630729,RV_VLD,88
60198261630729,RV_VLD,92
60198261630729,RV_VLD,96
60198261630729,RV_VLD,100
60198261630729,RV_VLD,104
60198261630729,RV_VLD,108
60198261630729,RV_VLD,112
60198261630729,RV_VLD,116
60198261630729,RV_VLD,120
60198261630729,RV_VLD,124
60198261630729,RV_VLD,128
60198261630729,RV_VLD,132
60198261630729,RV_VLD,136
60198261630729,RV_VLD,140
60198261630729,RV_VLD,144
60198261630729,RV_VLD,148
60198261630729,RV_VLD,152
60198261630729,RV_VLD,156
60198261630729,RV_VLD,160
60198261630729,RV_VLD,164
60198261630729,RV_VLD,168
60198261630729,RV_VLD,172
60198261630729,RV_VLD,176
60198261630729,RV_VLD,180
60198261630729,RV_VLD,184
60198261630729,RV_VLD,188
60198261630729,RV_VLD,192
60198261630729,RV_VLD,196
60198261630729,RV_VLD,200
60198261630729,RV_VLD,204
60198261630729,RV_VLD,208
60198261630729,RV_VLD,212
60198261630729,RV_VLD,216
60198261630729,RV_VLD,220
60198261630729,RV_VLD,224
60198261630729,RV_VLD,228
60198261630729,RV_VLD,232
60198261630729,RV_VLD,236
60198261630729,RV_VLD,240
60198261630729,RV_VLD,244
60198261630729,RV_VLD,248
60198261630729,RV_VLD,252
60198261630730,RV_VLD,2048
60198261630730,RV_VLD,2052
60198261630730,RV_VLD,2056
60198261630730,RV_VLD,2060
60198261630730,RV_VLD,2064
60198261630730,RV_VLD,2068
60198261630730,RV_VLD,2072
60198261630730,RV_VLD,2076
60198261630730,RV_VLD,2080
60198261630730,RV_VLD,2084
60198261630730,RV_VLD,2088
60198261630730,RV_VLD,2092
60198261630730,RV_VLD,2096
60198261630730,RV_VLD,2100
60198261630730,RV_VLD,2104
60198261630730,RV_VLD,2108
60198261630730,RV_VLD,2112
60198261630730,RV_VLD,2116
60198261630730,RV_VLD,2120
60198261630730,RV_VLD,2124
60198261630730,RV_VLD,2128
60198261630730,RV_VLD,2132
60198261630730,RV_VLD,2136
60198261630730,RV_VLD,2140
60198261630730,RV_VLD,2144
60198261630730,RV_VLD,2148
60198261630730,RV_VLD,2152
60198261630730,RV_VLD,2156
60198261630730,RV_VLD,2160
60198261630730,RV_VLD,2164
60198261630730,RV_VLD,2168
60198261630730,RV_VLD,2172
60198261630730,RV_VLD,2176
60198261630730,RV_VLD,2180
60198261630730,RV_VLD,2184
60198261630730,RV_VLD,2188
60198261630730,RV_VLD,2192
60198261630730,RV_VLD,2196
60198261630730,RV_VLD,2200
60198261630730,RV_VLD,2204
60198261630730,RV_VLD,2208
60198261630730,RV_VLD,2212
60198261630730,RV_VLD,2216
60198261630730,RV_VLD,2220
60198261630730,RV_VLD,2224
60198261630730,RV_VLD,2228
60198261630730,RV_VLD,2232
60198261630730,RV_VLD,2236
60198261630730,RV_VLD,2240
60198261630730,RV_VLD,2244
60198261630730,RV_VLD,2248
60198261630730,RV_VLD,2252
60198261630730,RV_VLD,2256
60198261630730,RV_VLD,2260
60198261630730,RV_VLD,2264
60198261630730,RV_VLD,2268
60198261630730,RV_VLD,2272
60198261630730,RV_VLD,2276
60198261630730,RV_VLD,2280
60198261630730,RV_VLD,2284
60198261630730,RV_VLD,2288
60198261630730,RV_VLD,2292
60198261630730,RV_VLD,2296
60198261630730,RV_VLD,2300
59098750002957,RV_VST,1024
59098750002957,RV_VST,1028
59098750002957,RV_VST,1032
59098750002957,RV_VST,1036
59098750002957,RV_VST,1040
59098750002957,RV_VST,1044
59098750002957,RV_VST,1048
59098750002957,RV_VST,1052
59098750002957,RV_VST,1056
59098750002957,RV_VST,1060
59098750002957,RV_VST,1064
59098750002957,RV_VST,1068
59098750002957,RV_VST,1072
59098750002957,RV_VST,1076
59098750002957,RV_VST,1080
59098750002957,RV_VST,1084
59098750002957,RV_VST,1088
59098750002957,RV_VST,1092
59098750002957,RV_VST,1096
59098750002957,RV_VST,1100
59098750002957,RV_VST,1104
59098750002957,RV_VST,1108
59098750002957,RV_VST,1112
59098750002957,RV_VST,1116
59098750002957,RV_VST,1120
59098750002957,RV_VST,1124
59098750002957,RV_VST,1128
59098750002957,RV_VST,1132
59098750002957,RV_VST,1136
59098750002957,RV_VST,1140
59098750002957,RV_VST,1144
59098750002957,RV_VST,1148
59098750002957,RV_VST,1152
59098750002957,RV_VST,1156
59098750002957,RV_VST,1160
59098750002957,RV_VST,1164
59098750002957,RV_VST,1168
59098750002957,RV_VST,1172
59098750002957,RV_VST,1176
59098750002957,RV_VST,1180
59098750002957,RV_VST,1184
59098750002957,RV_VST,1188
59098750002957,RV_VST,1192
59098750002957,RV_VST,1196
59098750002957,RV_VST,1200
59098750002957,RV_VST,1204
59098750002957,RV_VST,1208
59098750002957,RV_VST,1212
59098750002957,RV_VST,1216
59098750002957,RV_VST,1220
59098750002957,RV_VST,1224
59098750002957,RV_VST,1228
59098750002957,RV_VST,1232
59098750002957,RV_VST,1236
59098750002957,RV_VST,1240
59098750002957,RV_VST,1244
59098750002957,RV_VST,1248
59098750002957,RV_VST,1252
59098750002957,RV_VST,1256
59098750002957,RV_VST,1260
59098750002957,RV_VST,1264
59098750002957,RV_VST,1268
59098750002957,RV_VST,1272
59098750002957,RV_VST,1276
60198261630735,RV_VLD,256
60198261630735,RV_VLD,260
60198261630735,RV_VLD,264
60198261630735,RV_VLD,268
60198261630735,RV_VLD,272
60198261630735,RV_VLD,276
60198261630735,RV_VLD,280
60198261630735,RV_VLD,284
60198261630735,RV_VLD,288
60198261630735,RV_VLD,292
60198261630735,RV_VLD,296
60198261630735,RV_VLD,300
60198261630735,RV_VLD,304
60198261630735,RV_VLD,308
60198261630735,RV_VLD,312
60198261630735,RV_VLD,316
60198261630735,RV_VLD,320
60198261630735,RV_VLD,324
60198261630735,RV_VLD,328
60198261630735,RV_VLD,332
60198261630735,RV_VLD,336
60198261630735,RV_VLD,340
60198261630735,RV_VLD,344
60198261630735,RV_VLD,348
60198261630735,RV_VLD,352
60198261630735,RV_VLD,356
60198261630735,RV_VLD,360
60198261630735,RV_VLD,364
60198261630735,RV_VLD,368
60198261630735,RV_VLD,372
60198261630735,RV_VLD,376
60198261630735,RV_VLD,380
60198261630735,RV_VLD,384
60198261630735,RV_VLD,388
60198261630735,RV_VLD,392
60198261630735,RV_VLD,396
60198261630735,RV_VLD,400
60198261630735,RV_VLD,404
60198261630735,RV_VLD,408
60198261630735,RV_VLD,412
60198261630735,RV_VLD,416
60198261630735,RV_VLD,420
60198261630735,RV_VLD,424
60198261630735,RV_VLD,428
60198261630735,RV_VLD,432
60198261630735,RV_VLD,436
60198261630735,RV_VLD,440
60198261630735,RV_VLD,444
60198261630735,RV_VLD,448
60198261630735,RV_VLD,452
60198261630735,RV_VLD,456
60198261630735,RV_VLD,460
60198261630735,RV_VLD,464
60198261630735,RV_VLD,468
60198261630735,RV_VLD,472
60198261630735,RV_VLD,476
60198261630735,RV_VLD,480
60198261630735,RV_VLD,484
60198261630735,RV_VLD,488
60198261630735,RV_VLD,492
60198261630735,RV_VLD,496
60198261630735,RV_VLD,500
60198261630735,RV_VLD,504
60198261630735,RV_VLD,508
60198261630736,RV_VLD,2304
60198261630736,RV_VLD,2308
60198261630736,RV_VLD,2312
60198261630736,RV_VLD,2316
60198261630736,RV_VLD,2320
60198261630736,RV_VLD,2324
60198261630736,RV_VLD,2328
60198261630736,RV_VLD,2332
60198261630736,RV_VLD,2336
60198261630736,RV_VLD,2340
60198261630736,RV_VLD,2344
60198261630736,RV_VLD,2348
60198261630736,RV_VLD,2352
60198261630736,RV_VLD,2356
60198261630736,RV_VLD,2360
60198261630736,RV_VLD,2364
60198261630736,RV_VLD,2368
60198261630736,RV_VLD,2372
60198261630736,RV_VLD,2376
60198261630736,RV_VLD,2380
60198261630736,RV_VLD,2384
60198261630736,RV_VLD,2388
60198261630736,RV_VLD,2392
60198261630736,RV_VLD,2396
60198261630736,RV_VLD,2400
60198261630736,RV_VLD,2404
60198261630736,RV_VLD,2408
60198261630736,RV_VLD,2412
60198261630736,RV_VLD,2416
60198261630736,RV_VLD,2420
60198261630736,RV_VLD,2424
60198261630736,RV_VLD,2428
60198261630736,RV_VLD,2432
60198261630736,RV_VLD,2436
60198261630736,RV_VLD,2440
60198261630736,RV_VLD,2444
60198261630736,RV_VLD,2448
60198261630736,RV_VLD,2452
60198261630736,RV_VLD,2456
60198261630736,RV_VLD,2460
60198261630736,RV_VLD,2464
60198261630736,RV_VLD,2468
60198261630736,RV_VLD,2472
60198261630736,RV_VLD,2476
60198261630736,RV_VLD,2480
60198261630736,RV_VLD,2484
60198261630736,RV_VLD,2488
60198261630736,RV_VLD,2492
60198261630736,RV_VLD,2496
60198261630736,RV_VLD,2500
60198261630736,RV_VLD,2504
60198261630736,RV_VLD,2508
60198261630736,RV_VLD,2512
60198261630736,RV_VLD,2516
60198261630736,RV_VLD,2520
60198261630736,RV_VLD,2524
60198261630736,RV_VLD,2528
60198261630736,RV_VLD,2532
60198261630736,RV_VLD,2536
60198261630736,RV_VLD,2540
60198261630736,RV_VLD,2544
60198261630736,RV_VLD,2548
60198261630736,RV_VLD,2552
60198261630736,RV_VLD,2556
59098750002963,RV_VST,1280
59098750002963,RV_VST,1284
59098750002963,RV_VST,1288
59098750002963,RV_VST,1292
59098750002963,RV_VST,1296
59098750002963,RV_VST,1300
59098750002963,RV_VST,1304
59098750002963,RV_VST,1308
59098750002963,RV_VST,1312
59098750002963,RV_VST,1316
59098750002963,RV_VST,1320
59098750002963,RV_VST,1324
59098750002963,RV_VST,1328
59098750002963,RV_VST,1332
59098750002963,RV_VST,1336
59098750002963,RV_VST,1340
59098750002963,RV_VST,1344
59098750002963,RV_VST,1348
59098750002963,RV_VST,1352
59098750002963,RV_VST,1356
59098750002963,RV_VST,1360
59098750002963,RV_VST,1364
59098750002963,RV_VST,1368
59098750002963,RV_VST,1372
59098750002963,RV_VST,1376
59098750002963,RV_VST,1380
59098750002963,RV_VST,1384
59098750002963,RV_VST,1388
59098750002963,RV_VST,1392
59098750002963,RV_VST,1396
59098750002963,RV_VST,1400
59098750002963,RV_VST,1404
59098750002963,RV_VST,1408
59098750002963,RV_VST,1412
59098750002963,RV_VST,1416
59098750002963,RV_VST,1420
59098750002963,RV_VST,1424
59098750002963,RV_VST,1428
59098750002963,RV_VST,1432
59098750002963,RV_VST,1436
59098750002963,RV_VST,1440
59098750002963,RV_VST,1444
59098750002963,RV_VST,1448
59098750002963,RV_VST,1452
59098750002963,RV_VST,1456
59098750002963,RV_VST,1460
59098750002963,RV_VST,1464
59098750002963,RV_VST,1468
59098750002963,RV_VST,1472
59098750002963,RV_VST,1476
59098750002963,RV_VST,1480
59098750002963,RV_VST,1484
59098750002963,RV_VST,1488
59098750002963,RV_VST,1492
59098750002963,RV_VST,1496
59098750002963,RV_VST,1500
59098750002963,RV_VST,1504
59098750002963,RV_VST,1508
59098750002963,RV_VST,1512
59098750002963,RV_VST,1516
59098750002963,RV_VST,1520
59098750002963,RV_VST,1524
59098750002963,RV_VST,1528
59098750002963,RV_VST,1532
,,1536
,,1540
,,1544
,,1548
,,1552
,,1556
,,1560
,,1564
,,1568
,,1572
,,1576
,,1580
,,1584
,,1588
,,1592
,,1596
,,1600
,,1604
,,1608
,,1612
,,1616
,,1620
,,1624
,,1628
,,1632
,,1636
,,1640
,,1644
,,1648
,,1652
,,1656
,,1660
,,1664
,,1668
,,1672
,,1676
,,1680
,,1684
,,1688
,,1692
,,1696
,,1700
,,1704
,,1708
,,1712
,,1716
,,1720
,,1724
,,1728
,,1732
,,1736
,,1740
,,1744
,,1748
,,1752
,,1756
,,1760
,,1764
,,1768
,,1772
,,1776
,,1780
,,1784
,,1788
,,1792
,,1796
,,1800
,,1804
,,1808
,,1812
,,1816
,,1820
,,1824
,,1828
,,1832
,,1836
,,1840
,,1844
,,1848
,,1852
,,1856
,,1860
,,1864
,,1868
,,1872
,,1876
,,1880
,,1884
,,1888
,,1892
,,1896
,,1900
,,1904
,,1908
,,1912
,,1916
,,1920
,,1924
,,1928
,,1932
,,1936
,,1940
,,1944
,,1948
,,1952
,,1956
,,1960
,,1964
,,1968
,,1972
,,1976
,,1980
,,1984
,,1988
,,1992
,,1996
,,2000
,,2004
,,2008
,,2012
,,2016
,,2020
,,2024
,,2028
,,2032
,,2036
,,2040
,,2044
,,1536
,,1024
,,1028
,,1032
,,1036
,,1040
,,1044
,,1048
,,1052
,,1056
,,1060
,,1064
,,1068
,,1072
,,1076
,,1080
,,1084
,,1088
,,1092
,,1096
,,1100
,,1104
,,1108
,,1112
,,1116
,,1120
,,1124
,,1128
,,1132
,,1136
,,1140
,,1144
,,1148
,,1152
,,1156
,,1160
,,1164
,,1168
,,1172
,,1176
,,1180
,,1184
,,1188
,,1192
,,1196
,,1200
,,1204
,,1208
,,1212
,,1216
,,1220
,,1224
,,1228
,,1232
,,1236
,,1240
,,1244
,,1248
,,1252
,,1256
,,1260
,,1264
,,1268
,,1272
,,1276
,,1280
,,1284
,,1288
,,1292
,,1296
,,1300
,,1304
,,1308
,,1312
,,1316
,,1320
,,1324
,,1328
,,1332
,,1336
,,1340
,,1344
,,1348
,,1352
,,1356
,,1360
,,1364
,,1368
,,1372
,,1376
,,1380
,,1384
,,1388
,,1392
,,1396
,,1400
,,1404
,,1408
,,1412
,,1416
,,1420
,,1424
,,1428
,,1432
,,1436
,,1440
,,1444
,,1448
,,1452
,,1456
,,1460
,,1464
,,1468
,,1472
,,1476
,,1480
,,1484
,,1488
,,1492
,,1496
,,1500
,,1504
,,1508
,,1512
,,1516
,,1520
,,1524
,,1528
,,1532
,,1024
,,1536
,,1540
,,1544
,,1548
,,1552
,,1556
,,1560
,,1564
,,1568
,,1572
,,1576
,,1580
,,1584
,,1588
,,1592
,,1596
,,1600
,,1604
,,1608
,,1612
,,1616
,,1620
,,1624
,,1628
,,1632
,,1636
,,1640
,,1644
,,1648
,,1652
,,1656
,,1660
,,1664
,,1668
,,1672
,,1676
,,1680
,,1684
,,1688
,,1692
,,1696
,,1700
,,1704
,,1708
,,1712
,,1716
,,1720
,,1724
,,1728
,,1732
,,1736
,,1740
,,1744
,,1748
,,1752
,,1756
,,1760
,,1764
,,1768
,,1772
,,1776
,,1780
,,1784
,,1788
,,1792
,,1796
,,1800
,,1804
,,1808
,,1812
,,1816
,,1820
,,1824
,,1828
,,1832
,,1836
,,1840
,,1844
,,1848
,,1852
,,1856
,,1860
,,1864
,,1868
,,1872
,,1876
,,1880
,,1884
,,1888
,,1892
,,1896
,,1900
,,1904
,,1908
,,1912
,,1916
,,1920
,,1924
,,1928
,,1932
,,1936
,,1940
,,1944
,,1948
,,1952
,,1956
,,1960
,,1964
,,1968
,,1972
,,1976
,,1980
,,1984
,,1988
,,1992
,,1996
,,2000
,,2004
,,2008
,,2012
,,2016
,,2020
,,2024
,,2028
,,2032
,,2036
,,2040
,,2044
,,1536
,,1024
,,1028
,,1032
,,1036
,,1040
,,1044
,,1048
,,1052
,,1056
,,1060
,,1064
,,1068
,,1072
,,1076
,,1080
,,1084
,,1088
,,1092
,,1096
,,1100
,,1104
,,1108
,,1112
,,1116
,,1120
,,1124
,,1128
,,1132
,,1136
,,1140
,,1144
,,1148
,,1152
,,1156
,,1160
,,1164
,,1168
,,1172
,,1176
,,1180
,,1184
,,1188
,,1192
,,1196
,,1200
,,1204
,,1208
,,1212
,,1216
,,1220
,,1224
,,1228
,,1232
,,1236
,,1240
,,1244
,,1248
,,1252
,,1256
,,1260
,,1264
,,1268
,,1272
,,1276
,,1280
,,1284
,,1288
,,1292
,,1296
,,1300
,,1304
,,1308
,,1312
,,1316
,,1320
,,1324
,,1328
,,1332
,,1336
,,1340
,,1344
,,1348
,,1352
,,1356
,,1360
,,1364
,,1368
,,1372
,,1376
,,1380
,,1384
,,1388
,,1392
,,1396
,,1400
,,1404
,,1408
,,1412
,,1416
,,1420
,,1424
,,1428
,,1432
,,1436
,,1440
,,1444
,,1448
,,1452
,,1456
,,1460
,,1464
,,1468
,,1472
,,1476
,,1480
,,1484
,,1488
,,1492
,,1496
,,1500
,,1504
,,1508
,,1512
,,1516
,,1520
,,1524
,,1528
,,1532
,,1024
,,512
,,516
,,520
,,524
,,528
,,532
,,536
,,540
,,544
,,548
,,552
,,556
,,560
,,564
,,568
,,572
,,576
,,580
,,584
,,588
,,592
,,596
,,600
,,604
,,608
,,612
,,616
,,620
,,624
,,628
,,632
,,636
,,640
,,644
,,648
,,652
,,656
,,660
,,664
,,668
,,672
,,676
,,680
,,684
,,688
,,692
,,696
,,700
,,704
,,708
,,712
,,716
,,720
,,724
,,728
,,732
,,736
,,740
,,744
,,748
,,752
,,756
,,760
,,764
,,768
,,772
,,776
,,780
,,784
,,788
,,792
,,796
,,800
,,804
,,808
,,812
,,816
,,820
,,824
,,828
,,832
,,836
,,840
,,844
,,848
,,852
,,856
,,860
,,864
,,868
,,872
,,876
,,880
,,884
,,888
,,892
,,896
,,900
,,904
,,908
,,912
,,916
,,920
,,924
,,928
,,932
,,936
,,940
,,944
,,948
,,952
,,956
,,960
,,964
,,968
,,972
,,976
,,980
,,984
,,988
,,992
,,996
,,1000
,,1004
,,1008
,,1012
,,1016
,,1020
59923383723933,RV_VLD,512
59923383723933,RV_VLD,516
59923383723933,RV_VLD,520
59923383723933,RV_VLD,524
59923383723933,RV_VLD,528
59923383723933,RV_VLD,532
59923383723933,RV_VLD,536
59923383723933,RV_VLD,540
59923383723933,RV_VLD,544
59923383723933,RV_VLD,548
59923383723933,RV_VLD,552
59923383723933,RV_VLD,556
59923383723933,RV_VLD,560
59923383723933,RV_VLD,564
59923383723933,RV_VLD,568
59923383723933,RV_VLD,572
59923383723933,RV_VLD,576
59923383723933,RV_VLD,580
59923383723933,RV_VLD,584
59923383723933,RV_VLD,588
59923383723933,RV_VLD,592
59923383723933,RV_VLD,596
59923383723933,RV_VLD,600
59923383723933,RV_VLD,604
59923383723933,RV_VLD,608
59923383723933,RV_VLD,612
59923383723933,RV_VLD,616
59923383723933,RV_VLD,620
59923383723933,RV_VLD,624
59923383723933,RV_VLD,628
59923383723933,RV_VLD,632
59923383723933,RV_VLD,636
59923383723933,RV_VLD,640
59923383723933,RV_VLD,644
59923383723933,RV_VLD,648
59923383723933,RV_VLD,652
59923383723933,RV_VLD,656
59923383723933,RV_VLD,660
59923383723933,RV_VLD,664
59923383723933,RV_VLD,668
59923383723933,RV_VLD,672
59923383723933,RV_VLD,676
59923383723933,RV_VLD,680
59923383723933,RV_VLD,684
59923383723933,RV_VLD,688
59923383723933,RV_VLD,692
59923383723933,RV_VLD,696
59923383723933,RV_VLD,700
59923383723933,RV_VLD,704
59923383723933,RV_VLD,708
59923383723933,RV_VLD,712
59923383723933,RV_VLD,716
59923383723933,RV_VLD,720
59923383723933,RV_VLD,724
59923383723933,RV_VLD,728
59923383723933,RV_VLD,732
59923383723933,RV_VLD,736
59923383723933,RV_VLD,740
59923383723933,RV_VLD,744
59923383723933,RV_VLD,748
59923383723933,RV_VLD,752
59923383723933,RV_VLD,756
59923383723933,RV_VLD,760
59923383723933,RV_VLD,764
58823872096160,RV_VST,2048
58823872096160,RV_VST,2052
58823872096160,RV_VST,2056
58823872096160,RV_VST,2060
58823872096160,RV_VST,2064
58823872096160,RV_VST,2068
58823872096160,RV_VST,2072
58823872096160,RV_VST,2076
58823872096160,RV_VST,2080
58823872096160,RV_VST,2084
58823872096160,RV_VST,2088
58823872096160,RV_VST,2092
58823872096160,RV_VST,2096
58823872096160,RV_VST,2100
58823872096160,RV_VST,2104
58823872096160,RV_VST,2108
58823872096160,RV_VST,2112
58823872096160,RV_VST,2116
58823872096160,RV_VST,2120
58823872096160,RV_VST,2124
58823872096160,RV_VST,2128
58823872096160,RV_VST,2132
58823872096160,RV_VST,2136
58823872096160,RV_VST,2140
58823872096160,RV_VST,2144
58823872096160,RV_VST,2148
58823872096160,RV_VST,2152
58823872096160,RV_VST,2156
58823872096160,RV_VST,2160
58823872096160,RV_VST,2164
58823872096160,RV_VST,2168
58823872096160,RV_VST,2172
58823872096160,RV_VST,2176
58823872096160,RV_VST,2180
58823872096160,RV_VST,2184
58823872096160,RV_VST,2188
58823872096160,RV_VST,2192
58823872096160,RV_VST,2196
58823872096160,RV_VST,2200
58823872096160,RV_VST,2204
58823872096160,RV_VST,2208
58823872096160,RV_VST,2212
58823872096160,RV_VST,2216
58823872096160,RV_VST,2220
58823872096160,RV_VST,2224
58823872096160,RV_VST,2228
58823872096160,RV_VST,2232
58823872096160,RV_VST,2236
58823872096160,RV_VST,2240
58823872096160,RV_VST,2244
58823872096160,RV_VST,2248
58823872096160,RV_VST,2252
58823872096160,RV_VST,2256
58823872096160,RV_VST,2260
58823872096160,RV_VST,2264
58823872096160,RV_VST,2268
58823872096160,RV_VST,2272
58823872096160,RV_VST,2276
58823872096160,RV_VST,2280
58823872096160,RV_VST,2284
58823872096160,RV_VST,2288
58823872096160,RV_VST,2292
58823872096160,RV_VST,2296
58823872096160,RV_VST,2300
59923383723937,RV_VLD,768
59923383723937,RV_VLD,772
59923383723937,RV_VLD,776
59923383723937,RV_VLD,780
59923383723937,RV_VLD,784
59923383723937,RV_VLD,788
59923383723937,RV_VLD,792
59923383723937,RV_VLD,796
59923383723937,RV_VLD,800
59923383723937,RV_VLD,804
59923383723937,RV_VLD,808
59923383723937,RV_VLD,812
59923383723937,RV_VLD,816
59923383723937,RV_VLD,820
59923383723937,RV_VLD,824
59923383723937,RV_VLD,828
59923383723937,RV_VLD,832
59923383723937,RV_VLD,836
59923383723937,RV_VLD,840
59923383723937,RV_VLD,844
59923383723937,RV_VLD,848
59923383723937,RV_VLD,852
59923383723937,RV_VLD,856
59923383723937,RV_VLD,860
59923383723937,RV_VLD,864
59923383723937,RV_VLD,868
59923383723937,RV_VLD,872
59923383723937,RV_VLD,876
59923383723937,RV_VLD,880
59923383723937,RV_VLD,884
59923383723937,RV_VLD,888
59923383723937,RV_VLD,892
59923383723937,RV_VLD,896
59923383723937,RV_VLD,900
59923383723937,RV_VLD,904
59923383723937,RV_VLD,908
59923383723937,RV_VLD,912
59923383723937,RV_VLD,916
59923383723937,RV_VLD,920
59923383723937,RV_VLD,924
59923383723937,RV_VLD,928
59923383723937,RV_VLD,932
59923383723937,RV_VLD,936
59923383723937,RV_VLD,940
59923383723937,RV_VLD,944
59923383723937,RV_VLD,948
59923383723937,RV_VLD,952
59923383723937,RV_VLD,956
59923383723937,RV_VLD,960
59923383723937,RV_VLD,964
59923383723937,RV_VLD,968
59923383723937,RV_VLD,972
59923383723937,RV_VLD,976
59923383723937,RV_VLD,980
59923383723937,RV_VLD,984
59923383723937,RV_VLD,988
59923383723937,RV_VLD,992
59923383723937,RV_VLD,996
59923383723937,RV_VLD,1000
59923383723937,RV_VLD,1004
59923383723937,RV_VLD,1008
59923383723937,RV_VLD,1012
59923383723937,RV_VLD,1016
59923383723937,RV_VLD,1020
58823872096164,RV_VST,2304
58823872096164,RV_VST,2308
58823872096164,RV_VST,2312
58823872096164,RV_VST,2316
58823872096164,RV_VST,2320
58823872096164,RV_VST,2324
58823872096164,RV_VST,2328
58823872096164,RV_VST,2332
58823872096164,RV_VST,2336
58823872096164,RV_VST,2340
58823872096164,RV_VST,2344
58823872096164,RV_VST,2348
58823872096164,RV_VST,2352
58823872096164,RV_VST,2356
58823872096164,RV_VST,2360
58823872096164,RV_VST,2364
58823872096164,RV_VST,2368
58823872096164,RV_VST,2372
58823872096164,RV_VST,2376
58823872096164,RV_VST,2380
58823872096164,RV_VST,2384
58823872096164,RV_VST,2388
58823872096164,RV_VST,2392
58823872096164,RV_VST,2396
58823872096164,RV_VST,2400
58823872096164,RV_VST,2404
58823872096164,RV_VST,2408
58823872096164,RV_VST,2412
58823872096164,RV_VST,2416
58823872096164,RV_VST,2420
58823872096164,RV_VST,2424
58823872096164,RV_VST,2428
58823872096164,RV_VST,2432
58823872096164,RV_VST,2436
58823872096164,RV_VST,2440
58823872096164,RV_VST,2444
58823872096164,RV_VST,2448
58823872096164,RV_VST,2452
58823872096164,RV_VST,2456
58823872096164,RV_VST,2460
58823872096164,RV_VST,2464
58823872096164,RV_VST,2468
58823872096164,RV_VST,2472
58823872096164,RV_VST,2476
58823872096164,RV_VST,2480
58823872096164,RV_VST,2484
58823872096164,RV_VST,2488
58823872096164,RV_VST,2492
58823872096164,RV_VST,2496
58823872096164,RV_VST,2500
58823872096164,RV_VST,2504
58823872096164,RV_VST,2508
58823872096164,RV_VST,2512
58823872096164,RV_VST,2516
58823872096164,RV_VST,2520
58823872096164,RV_VST,2524
58823872096164,RV_VST,2528
58823872096164,RV_VST,2532
58823872096164,RV_VST,2536
58823872096164,RV_VST,2540
58823872096164,RV_VST,2544
58823872096164,RV_VST,2548
58823872096164,RV_VST,2552
58823872096164,RV_VST,2556
59923383723944,RV_VLD,2048
59923383723944,RV_VLD,2052
59923383723944,RV_VLD,2056
59923383723944,RV_VLD,2060
59923383723944,RV_VLD,2064
59923383723944,RV_VLD,2068
59923383723944,RV_VLD,2072
59923383723944,RV_VLD,2076
59923383723944,RV_VLD,2080
59923383723944,RV_VLD,2084
59923383723944,RV_VLD,2088
59923383723944,RV_VLD,2092
59923383723944,RV_VLD,2096
59923383723944,RV_VLD,2100
59923383723944,RV_VLD,2104
59923383723944,RV_VLD,2108
59923383723944,RV_VLD,2112
59923383723944,RV_VLD,2116
59923383723944,RV_VLD,2120
59923383723944,RV_VLD,2124
59923383723944,RV_VLD,2128
59923383723944,RV_VLD,2132
59923383723944,RV_VLD,2136
59923383723944,RV_VLD,2140
59923383723944,RV_VLD,2144
59923383723944,RV_VLD,2148
59923383723944,RV_VLD,2152
59923383723944,RV_VLD,2156
59923383723944,RV_VLD,2160
59923383723944,RV_VLD,2164
59923383723944,RV_VLD,2168
59923383723944,RV_VLD,2172
59923383723944,RV_VLD,2176
59923383723944,RV_VLD,2180
59923383723944,RV_VLD,2184
59923383723944,RV_VLD,2188
59923383723944,RV_VLD,2192
59923383723944,RV_VLD,2196
59923383723944,RV_VLD,2200
59923383723944,RV_VLD,2204
59923383723944,RV_VLD,2208
59923383723944,RV_VLD,2212
59923383723944,RV_VLD,2216
59923383723944,RV_VLD,2220
59923383723944,RV_VLD,2224
59923383723944,RV_VLD,2228
59923383723944,RV_VLD,2232
59923383723944,RV_VLD,2236
59923383723944,RV_VLD,2240
59923383723944,RV_VLD,2244
59923383723944,RV_VLD,2248
59923383723944,RV_VLD,2252
59923383723944,RV_VLD,2256
59923383723944,RV_VLD,2260
59923383723944,RV_VLD,2264
59923383723944,RV_VLD,2268
59923383723944,RV_VLD,2272
59923383723944,RV_VLD,2276
59923383723944,RV_VLD,2280
59923383723944,RV_VLD,2284
59923383723944,RV_VLD,2288
59923383723944,RV_VLD,2292
59923383723944,RV_VLD,2296
59923383723944,RV_VLD,2300
58823872096172,RV_VST,2048
58823872096172,RV_VST,2052
58823872096172,RV_VST,2056
58823872096172,RV_VST,2060
58823872096172,RV_VST,2064
58823872096172,RV_VST,2068
58823872096172,RV_VST,2072
58823872096172,RV_VST,2076
58823872096172,RV_VST,2080
58823872096172,RV_VST,2084
58823872096172,RV_VST,2088
58823872096172,RV_VST,2092
58823872096172,RV_VST,2096
58823872096172,RV_VST,2100
58823872096172,RV_VST,2104
58823872096172,RV_VST,2108
58823872096172,RV_VST,2112
58823872096172,RV_VST,2116
58823872096172,RV_VST,2120
58823872096172,RV_VST,2124
58823872096172,RV_VST,2128
58823872096172,RV_VST,2132
58823872096172,RV_VST,2136
58823872096172,RV_VST,2140
58823872096172,RV_VST,2144
58823872096172,RV_VST,2148
58823872096172,RV_VST,2152
58823872096172,RV_VST,2156
58823872096172,RV_VST,2160
58823872096172,RV_VST,2164
58823872096172,RV_VST,2168
58823872096172,RV_VST,2172
58823872096172,RV_VST,2176
58823872096172,RV_VST,2180
58823872096172,RV_VST,2184
58823872096172,RV_VST,2188
58823872096172,RV_VST,2192
58823872096172,RV_VST,2196
58823872096172,RV_VST,2200
58823872096172,RV_VST,2204
58823872096172,RV_VST,2208
58823872096172,RV_VST,2212
58823872096172,RV_VST,2216
58823872096172,RV_VST,2220
58823872096172,RV_VST,2224
58823872096172,RV_VST,2228
58823872096172,RV_VST,2232
58823872096172,RV_VST,2236
58823872096172,RV_VST,2240
58823872096172,RV_VST,2244
58823872096172,RV_VST,2248
58823872096172,RV_VST,2252
58823872096172,RV_VST,2256
58823872096172,RV_VST,2260
58823872096172,RV_VST,2264
58823872096172,RV_VST,2268
58823872096172,RV_VST,2272
58823872096172,RV_VST,2276
58823872096172,RV_VST,2280
58823872096172,RV_VST,2284
58823872096172,RV_VST,2288
58823872096172,RV_VST,2292
58823872096172,RV_VST,2296
58823872096172,RV_VST,2300
59923383723949,RV_VLD,2304
59923383723949,RV_VLD,2308
59923383723949,RV_VLD,2312
59923383723949,RV_VLD,2316
59923383723949,RV_VLD,2320
59923383723949,RV_VLD,2324
59923383723949,RV_VLD,2328
59923383723949,RV_VLD,2332
59923383723949,RV_VLD,2336
59923383723949,RV_VLD,2340
59923383723949,RV_VLD,2344
59923383723949,RV_VLD,2348
59923383723949,RV_VLD,2352
59923383723949,RV_VLD,2356
59923383723949,RV_VLD,2360
59923383723949,RV_VLD,2364
59923383723949,RV_VLD,2368
59923383723949,RV_VLD,2372
59923383723949,RV_VLD,2376
59923383723949,RV_VLD,2380
59923383723949,RV_VLD,2384
59923383723949,RV_VLD,2388
59923383723949,RV_VLD,2392
59923383723949,RV_VLD,2396
59923383723949,RV_VLD,2400
59923383723949,RV_VLD,2404
59923383723949,RV_VLD,2408
59923383723949,RV_VLD,2412
59923383723949,RV_VLD,2416
59923383723949,RV_VLD,2420
59923383723949,RV_VLD,2424
59923383723949,RV_VLD,2428
59923383723949,RV_VLD,2432
59923383723949,RV_VLD,2436
59923383723949,RV_VLD,2440
59923383723949,RV_VLD,2444
59923383723949,RV_VLD,2448
59923383723949,RV_VLD,2452
59923383723949,RV_VLD,2456
59923383723949,RV_VLD,2460
59923383723949,RV_VLD,2464
59923383723949,RV_VLD,2468
59923383723949,RV_VLD,2472
59923383723949,RV_VLD,2476
59923383723949,RV_VLD,2480
59923383723949,RV_VLD,2484
59923383723949,RV_VLD,2488
59923383723949,RV_VLD,2492
59923383723949,RV_VLD,2496
59923383723949,RV_VLD,2500
59923383723949,RV_VLD,2504
59923383723949,RV_VLD,2508
59923383723949,RV_VLD,2512
59923383723949,RV_VLD,2516
59923383723949,RV_VLD,2520
59923383723949,RV_VLD,2524
59923383723949,RV_VLD,2528
59923383723949,RV_VLD,2532
59923383723949,RV_VLD,2536
59923383723949,RV_VLD,2540
59923383723949,RV_VLD,2544
59923383723949,RV_VLD,2548
59923383723949,RV_VLD,2552
59923383723949,RV_VLD,2556
58823872096177,RV_VST,2304
58823872096177,RV_VST,2308
58823872096177,RV_VST,2312
58823872096177,RV_VST,2316
58823872096177,RV_VST,2320
58823872096177,RV_VST,2324
58823872096177,RV_VST,2328
58823872096177,RV_VST,2332
58823872096177,RV_VST,2336
58823872096177,RV_VST,2340
58823872096177,RV_VST,2344
58823872096177,RV_VST,2348
58823872096177,RV_VST,2352
58823872096177,RV_VST,2356
58823872096177,RV_VST,2360
58823872096177,RV_VST,2364
58823872096177,RV_VST,2368
58823872096177,RV_VST,2372
58823872096177,RV_VST,2376
58823872096177,RV_VST,2380
58823872096177,RV_VST,2384
58823872096177,RV_VST,2388
58823872096177,RV_VST,2392
58823872096177,RV_VST,2396
58823872096177,RV_VST,2400
58823872096177,RV_VST,2404
58823872096177,RV_VST,2408
58823872096177,RV_VST,2412
58823872096177,RV_VST,2416
58823872096177,RV_VST,2420
58823872096177,RV_VST,2424
58823872096177,RV_VST,2428
58823872096177,RV_VST,2432
58823872096177,RV_VST,2436
58823872096177,RV_VST,2440
58823872096177,RV_VST,2444
58823872096177,RV_VST,2448
58823872096177,RV_VST,2452
58823872096177,RV_VST,2456
58823872096177,RV_VST,2460
58823872096177,RV_VST,2464
58823872096177,RV_VST,2468
58823872096177,RV_VST,2472
58823872096177,RV_VST,2476
58823872096177,RV_VST,2480
58823872096177,RV_VST,2484
58823872096177,RV_VST,2488
58823872096177,RV_VST,2492
58823872096177,RV_VST,2496
58823872096177,RV_VST,2500
58823872096177,RV_VST,2504
58823872096177,RV_VST,2508
58823872096177,RV_VST,2512
58823872096177,RV_VST,2516
58823872096177,RV_VST,2520
58823872096177,RV_VST,2524
58823872096177,RV_VST,2528
58823872096177,RV_VST,2532
58823872096177,RV_VST,2536
58823872096177,RV_VST,2540
58823872096177,RV_VST,2544
58823872096177,RV_VST,2548
58823872096177,RV_VST,2552
58823872096177,RV_VST,2556
59923383723957,RV_VLD,2048
59923383723957,RV_VLD,2052
59923383723957,RV_VLD,2056
59923383723957,RV_VLD,2060
59923383723957,RV_VLD,2064
59923383723957,RV_VLD,2068
59923383723957,RV_VLD,2072
59923383723957,RV_VLD,2076
59923383723957,RV_VLD,2080
59923383723957,RV_VLD,2084
59923383723957,RV_VLD,2088
59923383723957,RV_VLD,2092
59923383723957,RV_VLD,2096
59923383723957,RV_VLD,2100
59923383723957,RV_VLD,2104
59923383723957,RV_VLD,2108
59923383723957,RV_VLD,2112
59923383723957,RV_VLD,2116
59923383723957,RV_VLD,2120
59923383723957,RV_VLD,2124
59923383723957,RV_VLD,2128
59923383723957,RV_VLD,2132
59923383723957,RV_VLD,2136
59923383723957,RV_VLD,2140
59923383723957,RV_VLD,2144
59923383723957,RV_VLD,2148
59923383723957,RV_VLD,2152
59923383723957,RV_VLD,2156
59923383723957,RV_VLD,2160
59923383723957,RV_VLD,2164
59923383723957,RV_VLD,2168
59923383723957,RV_VLD,2172
59923383723957,RV_VLD,2176
59923383723957,RV_VLD,2180
59923383723957,RV_VLD,2184
59923383723957,RV_VLD,2188
59923383723957,RV_VLD,2192
59923383723957,RV_VLD,2196
59923383723957,RV_VLD,2200
59923383723957,RV_VLD,2204
59923383723957,RV_VLD,2208
59923383723957,RV_VLD,2212
59923383723957,RV_VLD,2216
59923383723957,RV_VLD,2220
59923383723957,RV_VLD,2224
59923383723957,RV_VLD,2228
59923383723957,RV_VLD,2232
59923383723957,RV_VLD,2236
59923383723957,RV_VLD,2240
59923383723957,RV_VLD,2244
59923383723957,RV_VLD,2248
59923383723957,RV_VLD,2252
59923383723957,RV_VLD,2256
59923383723957,RV_VLD,2260
59923383723957,RV_VLD,2264
59923383723957,RV_VLD,2268
59923383723957,RV_VLD,2272
59923383723957,RV_VLD,2276
59923383723957,RV_VLD,2280
59923383723957,RV_VLD,2284
59923383723957,RV_VLD,2288
59923383723957,RV_VLD,2292
59923383723957,RV_VLD,2296
59923383723957,RV_VLD,2300
59923383723958,RV_VLD,512
59923383723958,RV_VLD,516
59923383723958,RV_VLD,520
59923383723958,RV_VLD,524
59923383723958,RV_VLD,528
59923383723958,RV_VLD,532
59923383723958,RV_VLD,536
59923383723958,RV_VLD,540
59923383723958,RV_VLD,544
59923383723958,RV_VLD,548
59923383723958,RV_VLD,552
59923383723958,RV_VLD,556
59923383723958,RV_VLD,560
59923383723958,RV_VLD,564
59923383723958,RV_VLD,568
59923383723958,RV_VLD,572
59923383723958,RV_VLD,576
59923383723958,RV_VLD,580
59923383723958,RV_VLD,584
59923383723958,RV_VLD,588
59923383723958,RV_VLD,592
59923383723958,RV_VLD,596
59923383723958,RV_VLD,600
59923383723958,RV_VLD,604
59923383723958,RV_VLD,608
59923383723958,RV_VLD,612
59923383723958,RV_VLD,616
59923383723958,RV_VLD,620
59923383723958,RV_VLD,624
59923383723958,RV_VLD,628
59923383723958,RV_VLD,632
59923383723958,RV_VLD,636
59923383723958,RV_VLD,640
59923383723958,RV_VLD,644
59923383723958,RV_VLD,648
59923383723958,RV_VLD,652
59923383723958,RV_VLD,656
59923383723958,RV_VLD,660
59923383723958,RV_VLD,664
59923383723958,RV_VLD,668
59923383723958,RV_VLD,672
59923383723958,RV_VLD,676
59923383723958,RV_VLD,680
59923383723958,RV_VLD,684
59923383723958,RV_VLD,688
59923383723958,RV_VLD,692
59923383723958,RV_VLD,696
59923383723958,RV_VLD,700
59923383723958,RV_VLD,704
59923383723958,RV_VLD,708
59923383723958,RV_VLD,712
59923383723958,RV_VLD,716
59923383723958,RV_VLD,720
59923383723958,RV_VLD,724
59923383723958,RV_VLD,728
59923383723958,RV_VLD,732
59923383723958,RV_VLD,736
59923383723958,RV_VLD,740
59923383723958,RV_VLD,744
59923383723958,RV_VLD,748
59923383723958,RV_VLD,752
59923383723958,RV_VLD,756
59923383723958,RV_VLD,760
59923383723958,RV_VLD,764
58823872096185,RV_VST,2048
58823872096185,RV_VST,2052
58823872096185,RV_VST,2056
58823872096185,RV_VST,2060
58823872096185,RV_VST,2064
58823872096185,RV_VST,2068
58823872096185,RV_VST,2072
58823872096185,RV_VST,2076
58823872096185,RV_VST,2080
58823872096185,RV_VST,2084
58823872096185,RV_VST,2088
58823872096185,RV_VST,2092
58823872096185,RV_VST,2096
58823872096185,RV_VST,2100
58823872096185,RV_VST,2104
58823872096185,RV_VST,2108
58823872096185,RV_VST,2112
58823872096185,RV_VST,2116
58823872096185,RV_VST,2120
58823872096185,RV_VST,2124
58823872096185,RV_VST,2128
58823872096185,RV_VST,2132
58823872096185,RV_VST,2136
58823872096185,RV_VST,2140
58823872096185,RV_VST,2144
58823872096185,RV_VST,2148
58823872096185,RV_VST,2152
58823872096185,RV_VST,2156
58823872096185,RV_VST,2160
58823872096185,RV_VST,2164
58823872096185,RV_VST,2168
58823872096185,RV_VST,2172
58823872096185,RV_VST,2176
58823872096185,RV_VST,2180
58823872096185,RV_VST,2184
58823872096185,RV_VST,2188
58823872096185,RV_VST,2192
58823872096185,RV_VST,2196
58823872096185,RV_VST,2200
58823872096185,RV_VST,2204
58823872096185,RV_VST,2208
58823872096185,RV_VST,2212
58823872096185,RV_VST,2216
58823872096185,RV_VST,2220
58823872096185,RV_VST,2224
58823872096185,RV_VST,2228
58823872096185,RV_VST,2232
58823872096185,RV_VST,2236
58823872096185,RV_VST,2240
58823872096185,RV_VST,2244
58823872096185,RV_VST,2248
58823872096185,RV_VST,2252
58823872096185,RV_VST,2256
58823872096185,RV_VST,2260
58823872096185,RV_VST,2264
58823872096185,RV_VST,2268
58823872096185,RV_VST,2272
58823872096185,RV_VST,2276
58823872096185,RV_VST,2280
58823872096185,RV_VST,2284
58823872096185,RV_VST,2288
58823872096185,RV_VST,2292
58823872096185,RV_VST,2296
58823872096185,RV_VST,2300
59923383723962,RV_VLD,2304
59923383723962,RV_VLD,2308
59923383723962,RV_VLD,2312
59923383723962,RV_VLD,2316
59923383723962,RV_VLD,2320
59923383723962,RV_VLD,2324
59923383723962,RV_VLD,2328
59923383723962,RV_VLD,2332
59923383723962,RV_VLD,2336
59923383723962,RV_VLD,2340
59923383723962,RV_VLD,2344
59923383723962,RV_VLD,2348
59923383723962,RV_VLD,2352
59923383723962,RV_VLD,2356
59923383723962,RV_VLD,2360
59923383723962,RV_VLD,2364
59923383723962,RV_VLD,2368
59923383723962,RV_VLD,2372
59923383723962,RV_VLD,2376
59923383723962,RV_VLD,2380
59923383723962,RV_VLD,2384
59923383723962,RV_VLD,2388
59923383723962,RV_VLD,2392
59923383723962,RV_VLD,2396
59923383723962,RV_VLD,2400
59923383723962,RV_VLD,2404
59923383723962,RV_VLD,2408
59923383723962,RV_VLD,2412
59923383723962,RV_VLD,2416
59923383723962,RV_VLD,2420
59923383723962,RV_VLD,2424
59923383723962,RV_VLD,2428
59923383723962,RV_VLD,2432
59923383723962,RV_VLD,2436
59923383723962,RV_VLD,2440
59923383723962,RV_VLD,2444
59923383723962,RV_VLD,2448
59923383723962,RV_VLD,2452
59923383723962,RV_VLD,2456
59923383723962,RV_VLD,2460
59923383723962,RV_VLD,2464
59923383723962,RV_VLD,2468
59923383723962,RV_VLD,2472
59923383723962,RV_VLD,2476
59923383723962,RV_VLD,2480
59923383723962,RV_VLD,2484
59923383723962,RV_VLD,2488
59923383723962,RV_VLD,2492
59923383723962,RV_VLD,2496
59923383723962,RV_VLD,2500
59923383723962,RV_VLD,2504
59923383723962,RV_VLD,2508
59923383723962,RV_VLD,2512
59923383723962,RV_VLD,2516
59923383723962,RV_VLD,2520
59923383723962,RV_VLD,2524
59923383723962,RV_VLD,2528
59923383723962,RV_VLD,2532
59923383723962,RV_VLD,2536
59923383723962,RV_VLD,2540
59923383723962,RV_VLD,2544
59923383723962,RV_VLD,2548
59923383723962,RV_VLD,2552
59923383723962,RV_VLD,2556
59923383723963,RV_VLD,768
59923383723963,RV_VLD,772
59923383723963,RV_VLD,776
59923383723963,RV_VLD,780
59923383723963,RV_VLD,784
59923383723963,RV_VLD,788
59923383723963,RV_VLD,792
59923383723963,RV_VLD,796
59923383723963,RV_VLD,800
59923383723963,RV_VLD,804
59923383723963,RV_VLD,808
59923383723963,RV_VLD,812
59923383723963,RV_VLD,816
59923383723963,RV_VLD,820
59923383723963,RV_VLD,824
59923383723963,RV_VLD,828
59923383723963,RV_VLD,832
59923383723963,RV_VLD,836
59923383723963,RV_VLD,840
59923383723963,RV_VLD,844
59923383723963,RV_VLD,848
59923383723963,RV_VLD,852
59923383723963,RV_VLD,856
59923383723963,RV_VLD,860
59923383723963,RV_VLD,864
59923383723963,RV_VLD,868
59923383723963,RV_VLD,872
59923383723963,RV_VLD,876
59923383723963,RV_VLD,880
59923383723963,RV_VLD,884
59923383723963,RV_VLD,888
59923383723963,RV_VLD,892
59923383723963,RV_VLD,896
59923383723963,RV_VLD,900
59923383723963,RV_VLD,904
59923383723963,RV_VLD,908
59923383723963,RV_VLD,912
59923383723963,RV_VLD,916
59923383723963,RV_VLD,920
59923383723963,RV_VLD,924
59923383723963,RV_VLD,928
59923383723963,RV_VLD,932
59923383723963,RV_VLD,936
59923383723963,RV_VLD,940
59923383723963,RV_VLD,944
59923383723963,RV_VLD,948
59923383723963,RV_VLD,952
59923383723963,RV_VLD,956
59923383723963,RV_VLD,960
59923383723963,RV_VLD,964
59923383723963,RV_VLD,968
59923383723963,RV_VLD,972
59923383723963,RV_VLD,976
59923383723963,RV_VLD,980
59923383723963,RV_VLD,984
59923383723963,RV_VLD,988
59923383723963,RV_VLD,992
59923383723963,RV_VLD,996
59923383723963,RV_VLD,1000
59923383723963,RV_VLD,1004
59923383723963,RV_VLD,1008
59923383723963,RV_VLD,1012
59923383723963,RV_VLD,1016
59923383723963,RV_VLD,1020
58823872096190,RV_VST,2304
58823872096190,RV_VST,2308
58823872096190,RV_VST,2312
58823872096190,RV_VST,2316
58823872096190,RV_VST,2320
58823872096190,RV_VST,2324
58823872096190,RV_VST,2328
58823872096190,RV_VST,2332
58823872096190,RV_VST,2336
58823872096190,RV_VST,2340
58823872096190,RV_VST,2344
58823872096190,RV_VST,2348
58823872096190,RV_VST,2352
58823872096190,RV_VST,2356
58823872096190,RV_VST,2360
58823872096190,RV_VST,2364
58823872096190,RV_VST,2368
58823872096190,RV_VST,2372
58823872096190,RV_VST,2376
58823872096190,RV_VST,2380
58823872096190,RV_VST,2384
58823872096190,RV_VST,2388
58823872096190,RV_VST,2392
58823872096190,RV_VST,2396
58823872096190,RV_VST,2400
58823872096190,RV_VST,2404
58823872096190,RV_VST,2408
58823872096190,RV_VST,2412
58823872096190,RV_VST,2416
58823872096190,RV_VST,2420
58823872096190,RV_VST,2424
58823872096190,RV_VST,2428
58823872096190,RV_VST,2432
58823872096190,RV_VST,2436
58823872096190,RV_VST,2440
58823872096190,RV_VST,2444
58823872096190,RV_VST,2448
58823872096190,RV_VST,2452
58823872096190,RV_VST,2456
58823872096190,RV_VST,2460
58823872096190,RV_VST,2464
58823872096190,RV_VST,2468
58823872096190,RV_VST,2472
58823872096190,RV_VST,2476
58823872096190,RV_VST,2480
58823872096190,RV_VST,2484
58823872096190,RV_VST,2488
58823872096190,RV_VST,2492
58823872096190,RV_VST,2496
58823872096190,RV_VST,2500
58823872096190,RV_VST,2504
58823872096190,RV_VST,2508
58823872096190,RV_VST,2512
58823872096190,RV_VST,2516
58823872096190,RV_VST,2520
58823872096190,RV_VST,2524
58823872096190,RV_VST,2528
58823872096190,RV_VST,2532
58823872096190,RV_VST,2536
58823872096190,RV_VST,2540
58823872096190,RV_VST,2544
58823872096190,RV_VST,2548
58823872096190,RV_VST,2552
58823872096190,RV_VST,2556
59923383723970,RV_VLD,2048
59923383723970,RV_VLD,2052
59923383723970,RV_VLD,2056
59923383723970,RV_VLD,2060
59923383723970,RV_VLD,2064
59923383723970,RV_VLD,2068
59923383723970,RV_VLD,2072
59923383723970,RV_VLD,2076
59923383723970,RV_VLD,2080
59923383723970,RV_VLD,2084
59923383723970,RV_VLD,2088
59923383723970,RV_VLD,2092
59923383723970,RV_VLD,2096
59923383723970,RV_VLD,2100
59923383723970,RV_VLD,2104
59923383723970,RV_VLD,2108
59923383723970,RV_VLD,2112
59923383723970,RV_VLD,2116
59923383723970,RV_VLD,2120
59923383723970,RV_VLD,2124
59923383723970,RV_VLD,2128
59923383723970,RV_VLD,2132
59923383723970,RV_VLD,2136
59923383723970,RV_VLD,2140
59923383723970,RV_VLD,2144
59923383723970,RV_VLD,2148
59923383723970,RV_VLD,2152
59923383723970,RV_VLD,2156
59923383723970,RV_VLD,2160
59923383723970,RV_VLD,2164
59923383723970,RV_VLD,2168
59923383723970,RV_VLD,2172
59923383723970,RV_VLD,2176
59923383723970,RV_VLD,2180
59923383723970,RV_VLD,2184
59923383723970,RV_VLD,2188
59923383723970,RV_VLD,2192
59923383723970,RV_VLD,2196
59923383723970,RV_VLD,2200
59923383723970,RV_VLD,2204
59923383723970,RV_VLD,2208
59923383723970,RV_VLD,2212
59923383723970,RV_VLD,2216
59923383723970,RV_VLD,2220
59923383723970,RV_VLD,2224
59923383723970,RV_VLD,2228
59923383723970,RV_VLD,2232
59923383723970,RV_VLD,2236
59923383723970,RV_VLD,2240
59923383723970,RV_VLD,2244
59923383723970,RV_VLD,2248
59923383723970,RV_VLD,2252
59923383723970,RV_VLD,2256
59923383723970,RV_VLD,2260
59923383723970,RV_VLD,2264
59923383723970,RV_VLD,2268
59923383723970,RV_VLD,2272
59923383723970,RV_VLD,2276
59923383723970,RV_VLD,2280
59923383723970,RV_VLD,2284
59923383723970,RV_VLD,2288
59923383723970,RV_VLD,2292
59923383723970,RV_VLD,2296
59923383723970,RV_VLD,2300
58823872096198,RV_VST,2048
58823872096198,RV_VST,2052
58823872096198,RV_VST,2056
58823872096198,RV_VST,2060
58823872096198,RV_VST,2064
58823872096198,RV_VST,2068
58823872096198,RV_VST,2072
58823872096198,RV_VST,2076
58823872096198,RV_VST,2080
58823872096198,RV_VST,2084
58823872096198,RV_VST,2088
58823872096198,RV_VST,2092
58823872096198,RV_VST,2096
58823872096198,RV_VST,2100
58823872096198,RV_VST,2104
58823872096198,RV_VST,2108
58823872096198,RV_VST,2112
58823872096198,RV_VST,2116
58823872096198,RV_VST,2120
58823872096198,RV_VST,2124
58823872096198,RV_VST,2128
58823872096198,RV_VST,2132
58823872096198,RV_VST,2136
58823872096198,RV_VST,2140
58823872096198,RV_VST,2144
58823872096198,RV_VST,2148
58823872096198,RV_VST,2152
58823872096198,RV_VST,2156
58823872096198,RV_VST,2160
58823872096198,RV_VST,2164
58823872096198,RV_VST,2168
58823872096198,RV_VST,2172
58823872096198,RV_VST,2176
58823872096198,RV_VST,2180
58823872096198,RV_VST,2184
58823872096198,RV_VST,2188
58823872096198,RV_VST,2192
58823872096198,RV_VST,2196
58823872096198,RV_VST,2200
58823872096198,RV_VST,2204
58823872096198,RV_VST,2208
58823872096198,RV_VST,2212
58823872096198,RV_VST,2216
58823872096198,RV_VST,2220
58823872096198,RV_VST,2224
58823872096198,RV_VST,2228
58823872096198,RV_VST,2232
58823872096198,RV_VST,2236
58823872096198,RV_VST,2240
58823872096198,RV_VST,2244
58823872096198,RV_VST,2248
58823872096198,RV_VST,2252
58823872096198,RV_VST,2256
58823872096198,RV_VST,2260
58823872096198,RV_VST,2264
58823872096198,RV_VST,2268
58823872096198,RV_VST,2272
58823872096198,RV_VST,2276
58823872096198,RV_VST,2280
58823872096198,RV_VST,2284
58823872096198,RV_VST,2288
58823872096198,RV_VST,2292
58823872096198,RV_VST,2296
58823872096198,RV_VST,2300
59923383723975,RV_VLD,2304
59923383723975,RV_VLD,2308
59923383723975,RV_VLD,2312
59923383723975,RV_VLD,2316
59923383723975,RV_VLD,2320
59923383723975,RV_VLD,2324
59923383723975,RV_VLD,2328
59923383723975,RV_VLD,2332
59923383723975,RV_VLD,2336
59923383723975,RV_VLD,2340
59923383723975,RV_VLD,2344
59923383723975,RV_VLD,2348
59923383723975,RV_VLD,2352
59923383723975,RV_VLD,2356
59923383723975,RV_VLD,2360
59923383723975,RV_VLD,2364
59923383723975,RV_VLD,2368
59923383723975,RV_VLD,2372
59923383723975,RV_VLD,2376
59923383723975,RV_VLD,2380
59923383723975,RV_VLD,2384
59923383723975,RV_VLD,2388
59923383723975,RV_VLD,2392
59923383723975,RV_VLD,2396
59923383723975,RV_VLD,2400
59923383723975,RV_VLD,2404
59923383723975,RV_VLD,2408
59923383723975,RV_VLD,2412
59923383723975,RV_VLD,2416
59923383723975,RV_VLD,2420
59923383723975,RV_VLD,2424
59923383723975,RV_VLD,2428
59923383723975,RV_VLD,2432
59923383723975,RV_VLD,2436
59923383723975,RV_VLD,2440
59923383723975,RV_VLD,2444
59923383723975,RV_VLD,2448
59923383723975,RV_VLD,2452
59923383723975,RV_VLD,2456
59923383723975,RV_VLD,2460
59923383723975,RV_VLD,2464
59923383723975,RV_VLD,2468
59923383723975,RV_VLD,2472
59923383723975,RV_VLD,2476
59923383723975,RV_VLD,2480
59923383723975,RV_VLD,2484
59923383723975,RV_VLD,2488
59923383723975,RV_VLD,2492
59923383723975,RV_VLD,2496
59923383723975,RV_VLD,2500
59923383723975,RV_VLD,2504
59923383723975,RV_VLD,2508
59923383723975,RV_VLD,2512
59923383723975,RV_VLD,2516
59923383723975,RV_VLD,2520
59923383723975,RV_VLD,2524
59923383723975,RV_VLD,2528
59923383723975,RV_VLD,2532
59923383723975,RV_VLD,2536
59923383723975,RV_VLD,2540
59923383723975,RV_VLD,2544
59923383723975,RV_VLD,2548
59923383723975,RV_VLD,2552
59923383723975,RV_VLD,2556
58823872096203,RV_VST,2304
58823872096203,RV_VST,2308
58823872096203,RV_VST,2312
58823872096203,RV_VST,2316
58823872096203,RV_VST,2320
58823872096203,RV_VST,2324
58823872096203,RV_VST,2328
58823872096203,RV_VST,2332
58823872096203,RV_VST,2336
58823872096203,RV_VST,2340
58823872096203,RV_VST,2344
58823872096203,RV_VST,2348
58823872096203,RV_VST,2352
58823872096203,RV_VST,2356
58823872096203,RV_VST,2360
58823872096203,RV_VST,2364
58823872096203,RV_VST,2368
58823872096203,RV_VST,2372
58823872096203,RV_VST,2376
58823872096203,RV_VST,2380
58823872096203,RV_VST,2384
58823872096203,RV_VST,2388
58823872096203,RV_VST,2392
58823872096203,RV_VST,2396
58823872096203,RV_VST,2400
58823872096203,RV_VST,2404
58823872096203,RV_VST,2408
58823872096203,RV_VST,2412
58823872096203,RV_VST,2416
58823872096203,RV_VST,2420
58823872096203,RV_VST,2424
58823872096203,RV_VST,2428
58823872096203,RV_VST,2432
58823872096203,RV_VST,2436
58823872096203,RV_VST,2440
58823872096203,RV_VST,2444
58823872096203,RV_VST,2448
58823872096203,RV_VST,2452
58823872096203,RV_VST,2456
58823872096203,RV_VST,2460
58823872096203,RV_VST,2464
58823872096203,RV_VST,2468
58823872096203,RV_VST,2472
58823872096203,RV_VST,2476
58823872096203,RV_VST,2480
58823872096203,RV_VST,2484
58823872096203,RV_VST,2488
58823872096203,RV_VST,2492
58823872096203,RV_VST,2496
58823872096203,RV_VST,2500
58823872096203,RV_VST,2504
58823872096203,RV_VST,2508
58823872096203,RV_VST,2512
58823872096203,RV_VST,2516
58823872096203,RV_VST,2520
58823872096203,RV_VST,2524
58823872096203,RV_VST,2528
58823872096203,RV_VST,2532
58823872096203,RV_VST,2536
58823872096203,RV_VST,2540
58823872096203,RV_VST,2544
58823872096203,RV_VST,2548
58823872096203,RV_VST,2552
58823872096203,RV_VST,2556
59923383723983,RV_VLD,512
59923383723983,RV_VLD,516
59923383723983,RV_VLD,520
59923383723983,RV_VLD,524
59923383723983,RV_VLD,528
59923383723983,RV_VLD,532
59923383723983,RV_VLD,536
59923383723983,RV_VLD,540
59923383723983,RV_VLD,544
59923383723983,RV_VLD,548
59923383723983,RV_VLD,552
59923383723983,RV_VLD,556
59923383723983,RV_VLD,560
59923383723983,RV_VLD,564
59923383723983,RV_VLD,568
59923383723983,RV_VLD,572
59923383723983,RV_VLD,576
59923383723983,RV_VLD,580
59923383723983,RV_VLD,584
59923383723983,RV_VLD,588
59923383723983,RV_VLD,592
59923383723983,RV_VLD,596
59923383723983,RV_VLD,600
59923383723983,RV_VLD,604
59923383723983,RV_VLD,608
59923383723983,RV_VLD,612
59923383723983,RV_VLD,616
59923383723983,RV_VLD,620
59923383723983,RV_VLD,624
59923383723983,RV_VLD,628
59923383723983,RV_VLD,632
59923383723983,RV_VLD,636
59923383723983,RV_VLD,640
59923383723983,RV_VLD,644
59923383723983,RV_VLD,648
59923383723983,RV_VLD,652
59923383723983,RV_VLD,656
59923383723983,RV_VLD,660
59923383723983,RV_VLD,664
59923383723983,RV_VLD,668
59923383723983,RV_VLD,672
59923383723983,RV_VLD,676
59923383723983,RV_VLD,680
59923383723983,RV_VLD,684
59923383723983,RV_VLD,688
59923383723983,RV_VLD,692
59923383723983,RV_VLD,696
59923383723983,RV_VLD,700
59923383723983,RV_VLD,704
59923383723983,RV_VLD,708
59923383723983,RV_VLD,712
59923383723983,RV_VLD,716
59923383723983,RV_VLD,720
59923383723983,RV_VLD,724
59923383723983,RV_VLD,728
59923383723983,RV_VLD,732
59923383723983,RV_VLD,736
59923383723983,RV_VLD,740
59923383723983,RV_VLD,744
59923383723983,RV_VLD,748
59923383723983,RV_VLD,752
59923383723983,RV_VLD,756
59923383723983,RV_VLD,760
59923383723983,RV_VLD,764
59923383723984,RV_VLD,2048
59923383723984,RV_VLD,2052
59923383723984,RV_VLD,2056
59923383723984,RV_VLD,2060
59923383723984,RV_VLD,2064
59923383723984,RV_VLD,2068
59923383723984,RV_VLD,2072
59923383723984,RV_VLD,2076
59923383723984,RV_VLD,2080
59923383723984,RV_VLD,2084
59923383723984,RV_VLD,2088
59923383723984,RV_VLD,2092
59923383723984,RV_VLD,2096
59923383723984,RV_VLD,2100
59923383723984,RV_VLD,2104
59923383723984,RV_VLD,2108
59923383723984,RV_VLD,2112
59923383723984,RV_VLD,2116
59923383723984,RV_VLD,2120
59923383723984,RV_VLD,2124
59923383723984,RV_VLD,2128
59923383723984,RV_VLD,2132
59923383723984,RV_VLD,2136
59923383723984,RV_VLD,2140
59923383723984,RV_VLD,2144
59923383723984,RV_VLD,2148
59923383723984,RV_VLD,2152
59923383723984,RV_VLD,2156
59923383723984,RV_VLD,2160
59923383723984,RV_VLD,2164
59923383723984,RV_VLD,2168
59923383723984,RV_VLD,2172
59923383723984,RV_VLD,2176
59923383723984,RV_VLD,2180
59923383723984,RV_VLD,2184
59923383723984,RV_VLD,2188
59923383723984,RV_VLD,2192
59923383723984,RV_VLD,2196
59923383723984,RV_VLD,2200
59923383723984,RV_VLD,2204
59923383723984,RV_VLD,2208
59923383723984,RV_VLD,2212
59923383723984,RV_VLD,2216
59923383723984,RV_VLD,2220
59923383723984,RV_VLD,2224
59923383723984,RV_VLD,2228
59923383723984,RV_VLD,2232
59923383723984,RV_VLD,2236
59923383723984,RV_VLD,2240
59923383723984,RV_VLD,2244
59923383723984,RV_VLD,2248
59923383723984,RV_VLD,2252
59923383723984,RV_VLD,2256
59923383723984,RV_VLD,2260
59923383723984,RV_VLD,2264
59923383723984,RV_VLD,2268
59923383723984,RV_VLD,2272
59923383723984,RV_VLD,2276
59923383723984,RV_VLD,2280
59923383723984,RV_VLD,2284
59923383723984,RV_VLD,2288
59923383723984,RV_VLD,2292
59923383723984,RV_VLD,2296
59923383723984,RV_VLD,2300
58823872096211,RV_VST,2048
58823872096211,RV_VST,2052
58823872096211,RV_VST,2056
58823872096211,RV_VST,2060
58823872096211,RV_VST,2064
58823872096211,RV_VST,2068
58823872096211,RV_VST,2072
58823872096211,RV_VST,2076
58823872096211,RV_VST,2080
58823872096211,RV_VST,2084
58823872096211,RV_VST,2088
58823872096211,RV_VST,2092
58823872096211,RV_VST,2096
58823872096211,RV_VST,2100
58823872096211,RV_VST,2104
58823872096211,RV_VST,2108
58823872096211,RV_VST,2112
58823872096211,RV_VST,2116
58823872096211,RV_VST,2120
58823872096211,RV_VST,2124
58823872096211,RV_VST,2128
58823872096211,RV_VST,2132
58823872096211,RV_VST,2136
58823872096211,RV_VST,2140
58823872096211,RV_VST,2144
58823872096211,RV_VST,2148
58823872096211,RV_VST,2152
58823872096211,RV_VST,2156
58823872096211,RV_VST,2160
58823872096211,RV_VST,2164
58823872096211,RV_VST,2168
58823872096211,RV_VST,2172
58823872096211,RV_VST,2176
58823872096211,RV_VST,2180
58823872096211,RV_VST,2184
58823872096211,RV_VST,2188
58823872096211,RV_VST,2192
58823872096211,RV_VST,2196
58823872096211,RV_VST,2200
58823872096211,RV_VST,2204
58823872096211,RV_VST,2208
58823872096211,RV_VST,2212
58823872096211,RV_VST,2216
58823872096211,RV_VST,2220
58823872096211,RV_VST,2224
58823872096211,RV_VST,2228
58823872096211,RV_VST,2232
58823872096211,RV_VST,2236
58823872096211,RV_VST,2240
58823872096211,RV_VST,2244
58823872096211,RV_VST,2248
58823872096211,RV_VST,2252
58823872096211,RV_VST,2256
58823872096211,RV_VST,2260
58823872096211,RV_VST,2264
58823872096211,RV_VST,2268
58823872096211,RV_VST,2272
58823872096211,RV_VST,2276
58823872096211,RV_VST,2280
58823872096211,RV_VST,2284
58823872096211,RV_VST,2288
58823872096211,RV_VST,2292
58823872096211,RV_VST,2296
58823872096211,RV_VST,2300
59923383723988,RV_VLD,768
59923383723988,RV_VLD,772
59923383723988,RV_VLD,776
59923383723988,RV_VLD,780
59923383723988,RV_VLD,784
59923383723988,RV_VLD,788
59923383723988,RV_VLD,792
59923383723988,RV_VLD,796
59923383723988,RV_VLD,800
59923383723988,RV_VLD,804
59923383723988,RV_VLD,808
59923383723988,RV_VLD,812
59923383723988,RV_VLD,816
59923383723988,RV_VLD,820
59923383723988,RV_VLD,824
59923383723988,RV_VLD,828
59923383723988,RV_VLD,832
59923383723988,RV_VLD,836
59923383723988,RV_VLD,840
59923383723988,RV_VLD,844
59923383723988,RV_VLD,848
59923383723988,RV_VLD,852
59923383723988,RV_VLD,856
59923383723988,RV_VLD,860
59923383723988,RV_VLD,864
59923383723988,RV_VLD,868
59923383723988,RV_VLD,872
59923383723988,RV_VLD,876
59923383723988,RV_VLD,880
59923383723988,RV_VLD,884
59923383723988,RV_VLD,888
59923383723988,RV_VLD,892
59923383723988,RV_VLD,896
59923383723988,RV_VLD,900
59923383723988,RV_VLD,904
59923383723988,RV_VLD,908
59923383723988,RV_VLD,912
59923383723988,RV_VLD,916
59923383723988,RV_VLD,920
59923383723988,RV_VLD,924
59923383723988,RV_VLD,928
59923383723988,RV_VLD,932
59923383723988,RV_VLD,936
59923383723988,RV_VLD,940
59923383723988,RV_VLD,944
59923383723988,RV_VLD,948
59923383723988,RV_VLD,952
59923383723988,RV_VLD,956
59923383723988,RV_VLD,960
59923383723988,RV_VLD,964
59923383723988,RV_VLD,968
59923383723988,RV_VLD,972
59923383723988,RV_VLD,976
59923383723988,RV_VLD,980
59923383723988,RV_VLD,984
59923383723988,RV_VLD,988
59923383723988,RV_VLD,992
59923383723988,RV_VLD,996
59923383723988,RV_VLD,1000
59923383723988,RV_VLD,1004
59923383723988,RV_VLD,1008
59923383723988,RV_VLD,1012
59923383723988,RV_VLD,1016
59923383723988,RV_VLD,1020
59923383723989,RV_VLD,2304
59923383723989,RV_VLD,2308
59923383723989,RV_VLD,2312
59923383723989,RV_VLD,2316
59923383723989,RV_VLD,2320
59923383723989,RV_VLD,2324
59923383723989,RV_VLD,2328
59923383723989,RV_VLD,2332
59923383723989,RV_VLD,2336
59923383723989,RV_VLD,2340
59923383723989,RV_VLD,2344
59923383723989,RV_VLD,2348
59923383723989,RV_VLD,2352
59923383723989,RV_VLD,2356
59923383723989,RV_VLD,2360
59923383723989,RV_VLD,2364
59923383723989,RV_VLD,2368
59923383723989,RV_VLD,2372
59923383723989,RV_VLD,2376
59923383723989,RV_VLD,2380
59923383723989,RV_VLD,2384
59923383723989,RV_VLD,2388
59923383723989,RV_VLD,2392
59923383723989,RV_VLD,2396
59923383723989,RV_VLD,2400
59923383723989,RV_VLD,2404
59923383723989,RV_VLD,2408
59923383723989,RV_VLD,2412
59923383723989,RV_VLD,2416
59923383723989,RV_VLD,2420
59923383723989,RV_VLD,2424
59923383723989,RV_VLD,2428
59923383723989,RV_VLD,2432
59923383723989,RV_VLD,2436
59923383723989,RV_VLD,2440
59923383723989,RV_VLD,2444
59923383723989,RV_VLD,2448
59923383723989,RV_VLD,2452
59923383723989,RV_VLD,2456
59923383723989,RV_VLD,2460
59923383723989,RV_VLD,2464
59923383723989,RV_VLD,2468
59923383723989,RV_VLD,2472
59923383723989,RV_VLD,2476
59923383723989,RV_VLD,2480
59923383723989,RV_VLD,2484
59923383723989,RV_VLD,2488
59923383723989,RV_VLD,2492
59923383723989,RV_VLD,2496
59923383723989,RV_VLD,2500
59923383723989,RV_VLD,2504
59923383723989,RV_VLD,2508
59923383723989,RV_VLD,2512
59923383723989,RV_VLD,2516
59923383723989,RV_VLD,2520
59923383723989,RV_VLD,2524
59923383723989,RV_VLD,2528
59923383723989,RV_VLD,2532
59923383723989,RV_VLD,2536
59923383723989,RV_VLD,2540
59923383723989,RV_VLD,2544
59923383723989,RV_VLD,2548
59923383723989,RV_VLD,2552
59923383723989,RV_VLD,2556
58823872096216,RV_VST,2304
58823872096216,RV_VST,2308
58823872096216,RV_VST,2312
58823872096216,RV_VST,2316
58823872096216,RV_VST,2320
58823872096216,RV_VST,2324
58823872096216,RV_VST,2328
58823872096216,RV_VST,2332
58823872096216,RV_VST,2336
58823872096216,RV_VST,2340
58823872096216,RV_VST,2344
58823872096216,RV_VST,2348
58823872096216,RV_VST,2352
58823872096216,RV_VST,2356
58823872096216,RV_VST,2360
58823872096216,RV_VST,2364
58823872096216,RV_VST,2368
58823872096216,RV_VST,2372
58823872096216,RV_VST,2376
58823872096216,RV_VST,2380
58823872096216,RV_VST,2384
58823872096216,RV_VST,2388
58823872096216,RV_VST,2392
58823872096216,RV_VST,2396
58823872096216,RV_VST,2400
58823872096216,RV_VST,2404
58823872096216,RV_VST,2408
58823872096216,RV_VST,2412
58823872096216,RV_VST,2416
58823872096216,RV_VST,2420
58823872096216,RV_VST,2424
58823872096216,RV_VST,2428
58823872096216,RV_VST,2432
58823872096216,RV_VST,2436
58823872096216,RV_VST,2440
58823872096216,RV_VST,2444
58823872096216,RV_VST,2448
58823872096216,RV_VST,2452
58823872096216,RV_VST,2456
58823872096216,RV_VST,2460
58823872096216,RV_VST,2464
58823872096216,RV_VST,2468
58823872096216,RV_VST,2472
58823872096216,RV_VST,2476
58823872096216,RV_VST,2480
58823872096216,RV_VST,2484
58823872096216,RV_VST,2488
58823872096216,RV_VST,2492
58823872096216,RV_VST,2496
58823872096216,RV_VST,2500
58823872096216,RV_VST,2504
58823872096216,RV_VST,2508
58823872096216,RV_VST,2512
58823872096216,RV_VST,2516
58823872096216,RV_VST,2520
58823872096216,RV_VST,2524
58823872096216,RV_VST,2528
58823872096216,RV_VST,2532
58823872096216,RV_VST,2536
58823872096216,RV_VST,2540
58823872096216,RV_VST,2544
58823872096216,RV_VST,2548
58823872096216,RV_VST,2552
58823872096216,RV_VST,2556
,,512
,,516
,,520
,,524
,,528
,,532
,,536
,,540
,,544
,,548
,,552
,,556
,,560
,,564
,,568
,,572
,,576
,,580
,,584
,,588
,,592
,,596
,,600
,,604
,,608
,,612
,,616
,,620
,,624
,,628
,,632
,,636
,,640
,,644
,,648
,,652
,,656
,,660
,,664
,,668
,,672
,,676
,,680
,,684
,,688
,,692
,,696
,,700
,,704
,,708
,,712
,,716
,,720
,,724
,,728
,,732
,,736
,,740
,,744
,,748
,,752
,,756
,,760
,,764
,,768
,,772
,,776
,,780
,,784
,,788
,,792
,,796
,,800
,,804
,,808
,,812
,,816
,,820
,,824
,,828
,,832
,,836
,,840
,,844
,,848
,,852
,,856
,,860
,,864
,,868
,,872
,,876
,,880
,,884
,,888
,,892
,,896
,,900
,,904
,,908
,,912
,,916
,,920
,,924
,,928
,,932
,,936
,,940
,,944
,,948
,,952
,,956
,,960
,,964
,,968
,,972
,,976
,,980
,,984
,,988
,,992
,,996
,,1000
,,1004
,,1008
,,1012
,,1016
,,1020
59923383723997,RV_VLD,512
59923383723997,RV_VLD,516
59923383723997,RV_VLD,520
59923383723997,RV_VLD,524
59923383723997,RV_VLD,528
59923383723997,RV_VLD,532
59923383723997,RV_VLD,536
59923383723997,RV_VLD,540
59923383723997,RV_VLD,544
59923383723997,RV_VLD,548
59923383723997,RV_VLD,552
59923383723997,RV_VLD,556
59923383723997,RV_VLD,560
59923383723997,RV_VLD,564
59923383723997,RV_VLD,568
59923383723997,RV_VLD,572
59923383723997,RV_VLD,576
59923383723997,RV_VLD,580
59923383723997,RV_VLD,584
59923383723997,RV_VLD,588
59923383723997,RV_VLD,592
59923383723997,RV_VLD,596
59923383723997,RV_VLD,600
59923383723997,RV_VLD,604
59923383723997,RV_VLD,608
59923383723997,RV_VLD,612
59923383723997,RV_VLD,616
59923383723997,RV_VLD,620
59923383723997,RV_VLD,624
59923383723997,RV_VLD,628
59923383723997,RV_VLD,632
59923383723997,RV_VLD,636
59923383723997,RV_VLD,640
59923383723997,RV_VLD,644
59923383723997,RV_VLD,648
59923383723997,RV_VLD,652
59923383723997,RV_VLD,656
59923383723997,RV_VLD,660
59923383723997,RV_VLD,664
59923383723997,RV_VLD,668
59923383723997,RV_VLD,672
59923383723997,RV_VLD,676
59923383723997,RV_VLD,680
59923383723997,RV_VLD,684
59923383723997,RV_VLD,688
59923383723997,RV_VLD,692
59923383723997,RV_VLD,696
59923383723997,RV_VLD,700
59923383723997,RV_VLD,704
59923383723997,RV_VLD,708
59923383723997,RV_VLD,712
59923383723997,RV_VLD,716
59923383723997,RV_VLD,720
59923383723997,RV_VLD,724
59923383723997,RV_VLD,728
59923383723997,RV_VLD,732
59923383723997,RV_VLD,736
59923383723997,RV_VLD,740
59923383723997,RV_VLD,744
59923383723997,RV_VLD,748
59923383723997,RV_VLD,752
59923383723997,RV_VLD,756
59923383723997,RV_VLD,760
59923383723997,RV_VLD,764
59923383723998,RV_VLD,2048
59923383723998,RV_VLD,2052
59923383723998,RV_VLD,2056
59923383723998,RV_VLD,2060
59923383723998,RV_VLD,2064
59923383723998,RV_VLD,2068
59923383723998,RV_VLD,2072
59923383723998,RV_VLD,2076
59923383723998,RV_VLD,2080
59923383723998,RV_VLD,2084
59923383723998,RV_VLD,2088
59923383723998,RV_VLD,2092
59923383723998,RV_VLD,2096
59923383723998,RV_VLD,2100
59923383723998,RV_VLD,2104
59923383723998,RV_VLD,2108
59923383723998,RV_VLD,2112
59923383723998,RV_VLD,2116
59923383723998,RV_VLD,2120
59923383723998,RV_VLD,2124
59923383723998,RV_VLD,2128
59923383723998,RV_VLD,2132
59923383723998,RV_VLD,2136
59923383723998,RV_VLD,2140
59923383723998,RV_VLD,2144
59923383723998,RV_VLD,2148
59923383723998,RV_VLD,2152
59923383723998,RV_VLD,2156
59923383723998,RV_VLD,2160
59923383723998,RV_VLD,2164
59923383723998,RV_VLD,2168
59923383723998,RV_VLD,2172
59923383723998,RV_VLD,2176
59923383723998,RV_VLD,2180
59923383723998,RV_VLD,2184
59923383723998,RV_VLD,2188
59923383723998,RV_VLD,2192
59923383723998,RV_VLD,2196
59923383723998,RV_VLD,2200
59923383723998,RV_VLD,2204
59923383723998,RV_VLD,2208
59923383723998,RV_VLD,2212
59923383723998,RV_VLD,2216
59923383723998,RV_VLD,2220
59923383723998,RV_VLD,2224
59923383723998,RV_VLD,2228
59923383723998,RV_VLD,2232
59923383723998,RV_VLD,2236
59923383723998,RV_VLD,2240
59923383723998,RV_VLD,2244
59923383723998,RV_VLD,2248
59923383723998,RV_VLD,2252
59923383723998,RV_VLD,2256
59923383723998,RV_VLD,2260
59923383723998,RV_VLD,2264
59923383723998,RV_VLD,2268
59923383723998,RV_VLD,2272
59923383723998,RV_VLD,2276
59923383723998,RV_VLD,2280
59923383723998,RV_VLD,2284
59923383723998,RV_VLD,2288
59923383723998,RV_VLD,2292
59923383723998,RV_VLD,2296
59923383723998,RV_VLD,2300
58823872096225,RV_VST,1536
58823872096225,RV_VST,1540
58823872096225,RV_VST,1544
58823872096225,RV_VST,1548
58823872096225,RV_VST,1552
58823872096225,RV_VST,1556
58823872096225,RV_VST,1560
58823872096225,RV_VST,1564
58823872096225,RV_VST,1568
58823872096225,RV_VST,1572
58823872096225,RV_VST,1576
58823872096225,RV_VST,1580
58823872096225,RV_VST,1584
58823872096225,RV_VST,1588
58823872096225,RV_VST,1592
58823872096225,RV_VST,1596
58823872096225,RV_VST,1600
58823872096225,RV_VST,1604
58823872096225,RV_VST,1608
58823872096225,RV_VST,1612
58823872096225,RV_VST,1616
58823872096225,RV_VST,1620
58823872096225,RV_VST,1624
58823872096225,RV_VST,1628
58823872096225,RV_VST,1632
58823872096225,RV_VST,1636
58823872096225,RV_VST,1640
58823872096225,RV_VST,1644
58823872096225,RV_VST,1648
58823872096225,RV_VST,1652
58823872096225,RV_VST,1656
58823872096225,RV_VST,1660
58823872096225,RV_VST,1664
58823872096225,RV_VST,1668
58823872096225,RV_VST,1672
58823872096225,RV_VST,1676
58823872096225,RV_VST,1680
58823872096225,RV_VST,1684
58823872096225,RV_VST,1688
58823872096225,RV_VST,1692
58823872096225,RV_VST,1696
58823872096225,RV_VST,1700
58823872096225,RV_VST,1704
58823872096225,RV_VST,1708
58823872096225,RV_VST,1712
58823872096225,RV_VST,1716
58823872096225,RV_VST,1720
58823872096225,RV_VST,1724
58823872096225,RV_VST,1728
58823872096225,RV_VST,1732
58823872096225,RV_VST,1736
58823872096225,RV_VST,1740
58823872096225,RV_VST,1744
58823872096225,RV_VST,1748
58823872096225,RV_VST,1752
58823872096225,RV_VST,1756
58823872096225,RV_VST,1760
58823872096225,RV_VST,1764
58823872096225,RV_VST,1768
58823872096225,RV_VST,1772
58823872096225,RV_VST,1776
58823872096225,RV_VST,1780
58823872096225,RV_VST,1784
58823872096225,RV_VST,1788
59923383724002,RV_VLD,768
59923383724002,RV_VLD,772
59923383724002,RV_VLD,776
59923383724002,RV_VLD,780
59923383724002,RV_VLD,784
59923383724002,RV_VLD,788
59923383724002,RV_VLD,792
59923383724002,RV_VLD,796
59923383724002,RV_VLD,800
59923383724002,RV_VLD,804
59923383724002,RV_VLD,808
59923383724002,RV_VLD,812
59923383724002,RV_VLD,816
59923383724002,RV_VLD,820
59923383724002,RV_VLD,824
59923383724002,RV_VLD,828
59923383724002,RV_VLD,832
59923383724002,RV_VLD,836
59923383724002,RV_VLD,840
59923383724002,RV_VLD,844
59923383724002,RV_VLD,848
59923383724002,RV_VLD,852
59923383724002,RV_VLD,856
59923383724002,RV_VLD,860
59923383724002,RV_VLD,864
59923383724002,RV_VLD,868
59923383724002,RV_VLD,872
59923383724002,RV_VLD,876
59923383724002,RV_VLD,880
59923383724002,RV_VLD,884
59923383724002,RV_VLD,888
59923383724002,RV_VLD,892
59923383724002,RV_VLD,896
59923383724002,RV_VLD,900
59923383724002,RV_VLD,904
59923383724002,RV_VLD,908
59923383724002,RV_VLD,912
59923383724002,RV_VLD,916
59923383724002,RV_VLD,920
59923383724002,RV_VLD,924
59923383724002,RV_VLD,928
59923383724002,RV_VLD,932
59923383724002,RV_VLD,936
59923383724002,RV_VLD,940
59923383724002,RV_VLD,944
59923383724002,RV_VLD,948
59923383724002,RV_VLD,952
59923383724002,RV_VLD,956
59923383724002,RV_VLD,960
59923383724002,RV_VLD,964
59923383724002,RV_VLD,968
59923383724002,RV_VLD,972
59923383724002,RV_VLD,976
59923383724002,RV_VLD,980
59923383724002,RV_VLD,984
59923383724002,RV_VLD,988
59923383724002,RV_VLD,992
59923383724002,RV_VLD,996
59923383724002,RV_VLD,1000
59923383724002,RV_VLD,1004
59923383724002,RV_VLD,1008
59923383724002,RV_VLD,1012
59923383724002,RV_VLD,1016
59923383724002,RV_VLD,1020
59923383724003,RV_VLD,2304
59923383724003,RV_VLD,2308
59923383724003,RV_VLD,2312
59923383724003,RV_VLD,2316
59923383724003,RV_VLD,2320
59923383724003,RV_VLD,2324
59923383724003,RV_VLD,2328
59923383724003,RV_VLD,2332
59923383724003,RV_VLD,2336
59923383724003,RV_VLD,2340
59923383724003,RV_VLD,2344
59923383724003,RV_VLD,2348
59923383724003,RV_VLD,2352
59923383724003,RV_VLD,2356
59923383724003,RV_VLD,2360
59923383724003,RV_VLD,2364
59923383724003,RV_VLD,2368
59923383724003,RV_VLD,2372
59923383724003,RV_VLD,2376
59923383724003,RV_VLD,2380
59923383724003,RV_VLD,2384
59923383724003,RV_VLD,2388
59923383724003,RV_VLD,2392
59923383724003,RV_VLD,2396
59923383724003,RV_VLD,2400
59923383724003,RV_VLD,2404
59923383724003,RV_VLD,2408
59923383724003,RV_VLD,2412
59923383724003,RV_VLD,2416
59923383724003,RV_VLD,2420
59923383724003,RV_VLD,2424
59923383724003,RV_VLD,2428
59923383724003,RV_VLD,2432
59923383724003,RV_VLD,2436
59923383724003,RV_VLD,2440
59923383724003,RV_VLD,2444
59923383724003,RV_VLD,2448
59923383724003,RV_VLD,2452
59923383724003,RV_VLD,2456
59923383724003,RV_VLD,2460
59923383724003,RV_VLD,2464
59923383724003,RV_VLD,2468
59923383724003,RV_VLD,2472
59923383724003,RV_VLD,2476
59923383724003,RV_VLD,2480
59923383724003,RV_VLD,2484
59923383724003,RV_VLD,2488
59923383724003,RV_VLD,2492
59923383724003,RV_VLD,2496
59923383724003,RV_VLD,2500
59923383724003,RV_VLD,2504
59923383724003,RV_VLD,2508
59923383724003,RV_VLD,2512
59923383724003,RV_VLD,2516
59923383724003,RV_VLD,2520
59923383724003,RV_VLD,2524
59923383724003,RV_VLD,2528
59923383724003,RV_VLD,2532
59923383724003,RV_VLD,2536
59923383724003,RV_VLD,2540
59923383724003,RV_VLD,2544
59923383724003,RV_VLD,2548
59923383724003,RV_VLD,2552
59923383724003,RV_VLD,2556
58823872096230,RV_VST,1792
58823872096230,RV_VST,1796
58823872096230,RV_VST,1800
58823872096230,RV_VST,1804
58823872096230,RV_VST,1808
58823872096230,RV_VST,1812
58823872096230,RV_VST,1816
58823872096230,RV_VST,1820
58823872096230,RV_VST,1824
58823872096230,RV_VST,1828
58823872096230,RV_VST,1832
58823872096230,RV_VST,1836
58823872096230,RV_VST,1840
58823872096230,RV_VST,1844
58823872096230,RV_VST,1848
58823872096230,RV_VST,1852
58823872096230,RV_VST,1856
58823872096230,RV_VST,1860
58823872096230,RV_VST,1864
58823872096230,RV_VST,1868
58823872096230,RV_VST,1872
58823872096230,RV_VST,1876
58823872096230,RV_VST,1880
58823872096230,RV_VST,1884
58823872096230,RV_VST,1888
58823872096230,RV_VST,1892
58823872096230,RV_VST,1896
58823872096230,RV_VST,1900
58823872096230,RV_VST,1904
58823872096230,RV_VST,1908
58823872096230,RV_VST,1912
58823872096230,RV_VST,1916
58823872096230,RV_VST,1920
58823872096230,RV_VST,1924
58823872096230,RV_VST,1928
58823872096230,RV_VST,1932
58823872096230,RV_VST,1936
58823872096230,RV_VST,1940
58823872096230,RV_VST,1944
58823872096230,RV_VST,1948
58823872096230,RV_VST,1952
58823872096230,RV_VST,1956
58823872096230,RV_VST,1960
58823872096230,RV_VST,1964
58823872096230,RV_VST,1968
58823872096230,RV_VST,1972
58823872096230,RV_VST,1976
58823872096230,RV_VST,1980
58823872096230,RV_VST,1984
58823872096230,RV_VST,1988
58823872096230,RV_VST,1992
58823872096230,RV_VST,1996
58823872096230,RV_VST,2000
58823872096230,RV_VST,2004
58823872096230,RV_VST,2008
58823872096230,RV_VST,2012
58823872096230,RV_VST,2016
58823872096230,RV_VST,2020
58823872096230,RV_VST,2024
58823872096230,RV_VST,2028
58823872096230,RV_VST,2032
58823872096230,RV_VST,2036
58823872096230,RV_VST,2040
58823872096230,RV_VST,2044
60198261630965,RV_VLD,512
60198261630965,RV_VLD,516
60198261630965,RV_VLD,520
60198261630965,RV_VLD,524
60198261630965,RV_VLD,528
60198261630965,RV_VLD,532
60198261630965,RV_VLD,536
60198261630965,RV_VLD,540
60198261630965,RV_VLD,544
60198261630965,RV_VLD,548
60198261630965,RV_VLD,552
60198261630965,RV_VLD,556
60198261630965,RV_VLD,560
60198261630965,RV_VLD,564
60198261630965,RV_VLD,568
60198261630965,RV_VLD,572
60198261630965,RV_VLD,576
60198261630965,RV_VLD,580
60198261630965,RV_VLD,584
60198261630965,RV_VLD,588
60198261630965,RV_VLD,592
60198261630965,RV_VLD,596
60198261630965,RV_VLD,600
60198261630965,RV_VLD,604
60198261630965,RV_VLD,608
60198261630965,RV_VLD,612
60198261630965,RV_VLD,616
60198261630965,RV_VLD,620
60198261630965,RV_VLD,624
60198261630965,RV_VLD,628
60198261630965,RV_VLD,632
60198261630965,RV_VLD,636
60198261630965,RV_VLD,640
60198261630965,RV_VLD,644
60198261630965,RV_VLD,648
60198261630965,RV_VLD,652
60198261630965,RV_VLD,656
60198261630965,RV_VLD,660
60198261630965,RV_VLD,664
60198261630965,RV_VLD,668
60198261630965,RV_VLD,672
60198261630965,RV_VLD,676
60198261630965,RV_VLD,680
60198261630965,RV_VLD,684
60198261630965,RV_VLD,688
60198261630965,RV_VLD,692
60198261630965,RV_VLD,696
60198261630965,RV_VLD,700
60198261630965,RV_VLD,704
60198261630965,RV_VLD,708
60198261630965,RV_VLD,712
60198261630965,RV_VLD,716
60198261630965,RV_VLD,720
60198261630965,RV_VLD,724
60198261630965,RV_VLD,728
60198261630965,RV_VLD,732
60198261630965,RV_VLD,736
60198261630965,RV_VLD,740
60198261630965,RV_VLD,744
60198261630965,RV_VLD,748
60198261630965,RV_VLD,752
60198261630965,RV_VLD,756
60198261630965,RV_VLD,760
60198261630965,RV_VLD,764
59098750003192,RV_VST,2048
59098750003192,RV_VST,2052
59098750003192,RV_VST,2056
59098750003192,RV_VST,2060
59098750003192,RV_VST,2064
59098750003192,RV_VST,2068
59098750003192,RV_VST,2072
59098750003192,RV_VST,2076
59098750003192,RV_VST,2080
59098750003192,RV_VST,2084
59098750003192,RV_VST,2088
59098750003192,RV_VST,2092
59098750003192,RV_VST,2096
59098750003192,RV_VST,2100
59098750003192,RV_VST,2104
59098750003192,RV_VST,2108
59098750003192,RV_VST,2112
59098750003192,RV_VST,2116
59098750003192,RV_VST,2120
59098750003192,RV_VST,2124
59098750003192,RV_VST,2128
59098750003192,RV_VST,2132
59098750003192,RV_VST,2136
59098750003192,RV_VST,2140
59098750003192,RV_VST,2144
59098750003192,RV_VST,2148
59098750003192,RV_VST,2152
59098750003192,RV_VST,2156
59098750003192,RV_VST,2160
59098750003192,RV_VST,2164
59098750003192,RV_VST,2168
59098750003192,RV_VST,2172
59098750003192,RV_VST,2176
59098750003192,RV_VST,2180
59098750003192,RV_VST,2184
59098750003192,RV_VST,2188
59098750003192,RV_VST,2192
59098750003192,RV_VST,2196
59098750003192,RV_VST,2200
59098750003192,RV_VST,2204
59098750003192,RV_VST,2208
59098750003192,RV_VST,2212
59098750003192,RV_VST,2216
59098750003192,RV_VST,2220
59098750003192,RV_VST,2224
59098750003192,RV_VST,2228
59098750003192,RV_VST,2232
59098750003192,RV_VST,2236
59098750003192,RV_VST,2240
59098750003192,RV_VST,2244
59098750003192,RV_VST,2248
59098750003192,RV_VST,2252
59098750003192,RV_VST,2256
59098750003192,RV_VST,2260
59098750003192,RV_VST,2264
59098750003192,RV_VST,2268
59098750003192,RV_VST,2272
59098750003192,RV_VST,2276
59098750003192,RV_VST,2280
59098750003192,RV_VST,2284
59098750003192,RV_VST,2288
59098750003192,RV_VST,2292
59098750003192,RV_VST,2296
59098750003192,RV_VST,2300
60198261630970,RV_VLD,768
60198261630970,RV_VLD,772
60198261630970,RV_VLD,776
60198261630970,RV_VLD,780
60198261630970,RV_VLD,784
60198261630970,RV_VLD,788
60198261630970,RV_VLD,792
60198261630970,RV_VLD,796
60198261630970,RV_VLD,800
60198261630970,RV_VLD,804
60198261630970,RV_VLD,808
60198261630970,RV_VLD,812
60198261630970,RV_VLD,816
60198261630970,RV_VLD,820
60198261630970,RV_VLD,824
60198261630970,RV_VLD,828
60198261630970,RV_VLD,832
60198261630970,RV_VLD,836
60198261630970,RV_VLD,840
60198261630970,RV_VLD,844
60198261630970,RV_VLD,848
60198261630970,RV_VLD,852
60198261630970,RV_VLD,856
60198261630970,RV_VLD,860
60198261630970,RV_VLD,864
60198261630970,RV_VLD,868
60198261630970,RV_VLD,872
60198261630970,RV_VLD,876
60198261630970,RV_VLD,880
60198261630970,RV_VLD,884
60198261630970,RV_VLD,888
60198261630970,RV_VLD,892
60198261630970,RV_VLD,896
60198261630970,RV_VLD,900
60198261630970,RV_VLD,904
60198261630970,RV_VLD,908
60198261630970,RV_VLD,912
60198261630970,RV_VLD,916
60198261630970,RV_VLD,920
60198261630970,RV_VLD,924
60198261630970,RV_VLD,928
60198261630970,RV_VLD,932
60198261630970,RV_VLD,936
60198261630970,RV_VLD,940
60198261630970,RV_VLD,944
60198261630970,RV_VLD,948
60198261630970,RV_VLD,952
60198261630970,RV_VLD,956
60198261630970,RV_VLD,960
60198261630970,RV_VLD,964
60198261630970,RV_VLD,968
60198261630970,RV_VLD,972
60198261630970,RV_VLD,976
60198261630970,RV_VLD,980
60198261630970,RV_VLD,984
60198261630970,RV_VLD,988
60198261630970,RV_VLD,992
60198261630970,RV_VLD,996
60198261630970,RV_VLD,1000
60198261630970,RV_VLD,1004
60198261630970,RV_VLD,1008
60198261630970,RV_VLD,1012
60198261630970,RV_VLD,1016
60198261630970,RV_VLD,1020
59098750003197,RV_VST,2304
59098750003197,RV_VST,2308
59098750003197,RV_VST,2312
59098750003197,RV_VST,2316
59098750003197,RV_VST,2320
59098750003197,RV_VST,2324
59098750003197,RV_VST,2328
59098750003197,RV_VST,2332
59098750003197,RV_VST,2336
59098750003197,RV_VST,2340
59098750003197,RV_VST,2344
59098750003197,RV_VST,2348
59098750003197,RV_VST,2352
59098750003197,RV_VST,2356
59098750003197,RV_VST,2360
59098750003197,RV_VST,2364
59098750003197,RV_VST,2368
59098750003197,RV_VST,2372
59098750003197,RV_VST,2376
59098750003197,RV_VST,2380
59098750003197,RV_VST,2384
59098750003197,RV_VST,2388
59098750003197,RV_VST,2392
59098750003197,RV_VST,2396
59098750003197,RV_VST,2400
59098750003197,RV_VST,2404
59098750003197,RV_VST,2408
59098750003197,RV_VST,2412
59098750003197,RV_VST,2416
59098750003197,RV_VST,2420
59098750003197,RV_VST,2424
59098750003197,RV_VST,2428
59098750003197,RV_VST,2432
59098750003197,RV_VST,2436
59098750003197,RV_VST,2440
59098750003197,RV_VST,2444
59098750003197,RV_VST,2448
59098750003197,RV_VST,2452
59098750003197,RV_VST,2456
59098750003197,RV_VST,2460
59098750003197,RV_VST,2464
59098750003197,RV_VST,2468
59098750003197,RV_VST,2472
59098750003197,RV_VST,2476
59098750003197,RV_VST,2480
59098750003197,RV_VST,2484
59098750003197,RV_VST,2488
59098750003197,RV_VST,2492
59098750003197,RV_VST,2496
59098750003197,RV_VST,2500
59098750003197,RV_VST,2504
59098750003197,RV_VST,2508
59098750003197,RV_VST,2512
59098750003197,RV_VST,2516
59098750003197,RV_VST,2520
59098750003197,RV_VST,2524
59098750003197,RV_VST,2528
59098750003197,RV_VST,2532
59098750003197,RV_VST,2536
59098750003197,RV_VST,2540
59098750003197,RV_VST,2544
59098750003197,RV_VST,2548
59098750003197,RV_VST,2552
59098750003197,RV_VST,2556
60198261630984,RV_VLD,2048
60198261630984,RV_VLD,2052
60198261630984,RV_VLD,2056
60198261630984,RV_VLD,2060
60198261630984,RV_VLD,2064
60198261630984,RV_VLD,2068
60198261630984,RV_VLD,2072
60198261630984,RV_VLD,2076
60198261630984,RV_VLD,2080
60198261630984,RV_VLD,2084
60198261630984,RV_VLD,2088
60198261630984,RV_VLD,2092
60198261630984,RV_VLD,2096
60198261630984,RV_VLD,2100
60198261630984,RV_VLD,2104
60198261630984,RV_VLD,2108
60198261630984,RV_VLD,2112
60198261630984,RV_VLD,2116
60198261630984,RV_VLD,2120
60198261630984,RV_VLD,2124
60198261630984,RV_VLD,2128
60198261630984,RV_VLD,2132
60198261630984,RV_VLD,2136
60198261630984,RV_VLD,2140
60198261630984,RV_VLD,2144
60198261630984,RV_VLD,2148
60198261630984,RV_VLD,2152
60198261630984,RV_VLD,2156
60198261630984,RV_VLD,2160
60198261630984,RV_VLD,2164
60198261630984,RV_VLD,2168
60198261630984,RV_VLD,2172
60198261630984,RV_VLD,2176
60198261630984,RV_VLD,2180
60198261630984,RV_VLD,2184
60198261630984,RV_VLD,2188
60198261630984,RV_VLD,2192
60198261630984,RV_VLD,2196
60198261630984,RV_VLD,2200
60198261630984,RV_VLD,2204
60198261630984,RV_VLD,2208
60198261630984,RV_VLD,2212
60198261630984,RV_VLD,2216
60198261630984,RV_VLD,2220
60198261630984,RV_VLD,2224
60198261630984,RV_VLD,2228
60198261630984,RV_VLD,2232
60198261630984,RV_VLD,2236
60198261630984,RV_VLD,2240
60198261630984,RV_VLD,2244
60198261630984,RV_VLD,2248
60198261630984,RV_VLD,2252
60198261630984,RV_VLD,2256
60198261630984,RV_VLD,2260
60198261630984,RV_VLD,2264
60198261630984,RV_VLD,2268
60198261630984,RV_VLD,2272
60198261630984,RV_VLD,2276
60198261630984,RV_VLD,2280
60198261630984,RV_VLD,2284
60198261630984,RV_VLD,2288
60198261630984,RV_VLD,2292
60198261630984,RV_VLD,2296
60198261630984,RV_VLD,2300
59098750003212,RV_VST,2048
59098750003212,RV_VST,2052
59098750003212,RV_VST,2056
59098750003212,RV_VST,2060
59098750003212,RV_VST,2064
59098750003212,RV_VST,2068
59098750003212,RV_VST,2072
59098750003212,RV_VST,2076
59098750003212,RV_VST,2080
59098750003212,RV_VST,2084
59098750003212,RV_VST,2088
59098750003212,RV_VST,2092
59098750003212,RV_VST,2096
59098750003212,RV_VST,2100
59098750003212,RV_VST,2104
59098750003212,RV_VST,2108
59098750003212,RV_VST,2112
59098750003212,RV_VST,2116
59098750003212,RV_VST,2120
59098750003212,RV_VST,2124
59098750003212,RV_VST,2128
59098750003212,RV_VST,2132
59098750003212,RV_VST,2136
59098750003212,RV_VST,2140
59098750003212,RV_VST,2144
59098750003212,RV_VST,2148
59098750003212,RV_VST,2152
59098750003212,RV_VST,2156
59098750003212,RV_VST,2160
59098750003212,RV_VST,2164
59098750003212,RV_VST,2168
59098750003212,RV_VST,2172
59098750003212,RV_VST,2176
59098750003212,RV_VST,2180
59098750003212,RV_VST,2184
59098750003212,RV_VST,2188
59098750003212,RV_VST,2192
59098750003212,RV_VST,2196
59098750003212,RV_VST,2200
59098750003212,RV_VST,2204
59098750003212,RV_VST,2208
59098750003212,RV_VST,2212
59098750003212,RV_VST,2216
59098750003212,RV_VST,2220
59098750003212,RV_VST,2224
59098750003212,RV_VST,2228
59098750003212,RV_VST,2232
59098750003212,RV_VST,2236
59098750003212,RV_VST,2240
59098750003212,RV_VST,2244
59098750003212,RV_VST,2248
59098750003212,RV_VST,2252
59098750003212,RV_VST,2256
59098750003212,RV_VST,2260
59098750003212,RV_VST,2264
59098750003212,RV_VST,2268
59098750003212,RV_VST,2272
59098750003212,RV_VST,2276
59098750003212,RV_VST,2280
59098750003212,RV_VST,2284
59098750003212,RV_VST,2288
59098750003212,RV_VST,2292
59098750003212,RV_VST,2296
59098750003212,RV_VST,2300
60198261630990,RV_VLD,2304
60198261630990,RV_VLD,2308
60198261630990,RV_VLD,2312
60198261630990,RV_VLD,2316
60198261630990,RV_VLD,2320
60198261630990,RV_VLD,2324
60198261630990,RV_VLD,2328
60198261630990,RV_VLD,2332
60198261630990,RV_VLD,2336
60198261630990,RV_VLD,2340
60198261630990,RV_VLD,2344
60198261630990,RV_VLD,2348
60198261630990,RV_VLD,2352
60198261630990,RV_VLD,2356
60198261630990,RV_VLD,2360
60198261630990,RV_VLD,2364
60198261630990,RV_VLD,2368
60198261630990,RV_VLD,2372
60198261630990,RV_VLD,2376
60198261630990,RV_VLD,2380
60198261630990,RV_VLD,2384
60198261630990,RV_VLD,2388
60198261630990,RV_VLD,2392
60198261630990,RV_VLD,2396
60198261630990,RV_VLD,2400
60198261630990,RV_VLD,2404
60198261630990,RV_VLD,2408
60198261630990,RV_VLD,2412
60198261630990,RV_VLD,2416
60198261630990,RV_VLD,2420
60198261630990,RV_VLD,2424
60198261630990,RV_VLD,2428
60198261630990,RV_VLD,2432
60198261630990,RV_VLD,2436
60198261630990,RV_VLD,2440
60198261630990,RV_VLD,2444
60198261630990,RV_VLD,2448
60198261630990,RV_VLD,2452
60198261630990,RV_VLD,2456
60198261630990,RV_VLD,2460
60198261630990,RV_VLD,2464
60198261630990,RV_VLD,2468
60198261630990,RV_VLD,2472
60198261630990,RV_VLD,2476
60198261630990,RV_VLD,2480
60198261630990,RV_VLD,2484
60198261630990,RV_VLD,2488
60198261630990,RV_VLD,2492
60198261630990,RV_VLD,2496
60198261630990,RV_VLD,2500
60198261630990,RV_VLD,2504
60198261630990,RV_VLD,2508
60198261630990,RV_VLD,2512
60198261630990,RV_VLD,2516
60198261630990,RV_VLD,2520
60198261630990,RV_VLD,2524
60198261630990,RV_VLD,2528
60198261630990,RV_VLD,2532
60198261630990,RV_VLD,2536
60198261630990,RV_VLD,2540
60198261630990,RV_VLD,2544
60198261630990,RV_VLD,2548
60198261630990,RV_VLD,2552
60198261630990,RV_VLD,2556
59098750003218,RV_VST,2304
59098750003218,RV_VST,2308
59098750003218,RV_VST,2312
59098750003218,RV_VST,2316
59098750003218,RV_VST,2320
59098750003218,RV_VST,2324
59098750003218,RV_VST,2328
59098750003218,RV_VST,2332
59098750003218,RV_VST,2336
59098750003218,RV_VST,2340
59098750003218,RV_VST,2344
59098750003218,RV_VST,2348
59098750003218,RV_VST,2352
59098750003218,RV_VST,2356
59098750003218,RV_VST,2360
59098750003218,RV_VST,2364
59098750003218,RV_VST,2368
59098750003218,RV_VST,2372
59098750003218,RV_VST,2376
59098750003218,RV_VST,2380
59098750003218,RV_VST,2384
59098750003218,RV_VST,2388
59098750003218,RV_VST,2392
59098750003218,RV_VST,2396
59098750003218,RV_VST,2400
59098750003218,RV_VST,2404
59098750003218,RV_VST,2408
59098750003218,RV_VST,2412
59098750003218,RV_VST,2416
59098750003218,RV_VST,2420
59098750003218,RV_VST,2424
59098750003218,RV_VST,2428
59098750003218,RV_VST,2432
59098750003218,RV_VST,2436
59098750003218,RV_VST,2440
59098750003218,RV_VST,2444
59098750003218,RV_VST,2448
59098750003218,RV_VST,2452
59098750003218,RV_VST,2456
59098750003218,RV_VST,2460
59098750003218,RV_VST,2464
59098750003218,RV_VST,2468
59098750003218,RV_VST,2472
59098750003218,RV_VST,2476
59098750003218,RV_VST,2480
59098750003218,RV_VST,2484
59098750003218,RV_VST,2488
59098750003218,RV_VST,2492
59098750003218,RV_VST,2496
59098750003218,RV_VST,2500
59098750003218,RV_VST,2504
59098750003218,RV_VST,2508
59098750003218,RV_VST,2512
59098750003218,RV_VST,2516
59098750003218,RV_VST,2520
59098750003218,RV_VST,2524
59098750003218,RV_VST,2528
59098750003218,RV_VST,2532
59098750003218,RV_VST,2536
59098750003218,RV_VST,2540
59098750003218,RV_VST,2544
59098750003218,RV_VST,2548
59098750003218,RV_VST,2552
59098750003218,RV_VST,2556
60198261631005,RV_VLD,2048
60198261631005,RV_VLD,2052
60198261631005,RV_VLD,2056
60198261631005,RV_VLD,2060
60198261631005,RV_VLD,2064
60198261631005,RV_VLD,2068
60198261631005,RV_VLD,2072
60198261631005,RV_VLD,2076
60198261631005,RV_VLD,2080
60198261631005,RV_VLD,2084
60198261631005,RV_VLD,2088
60198261631005,RV_VLD,2092
60198261631005,RV_VLD,2096
60198261631005,RV_VLD,2100
60198261631005,RV_VLD,2104
60198261631005,RV_VLD,2108
60198261631005,RV_VLD,2112
60198261631005,RV_VLD,2116
60198261631005,RV_VLD,2120
60198261631005,RV_VLD,2124
60198261631005,RV_VLD,2128
60198261631005,RV_VLD,2132
60198261631005,RV_VLD,2136
60198261631005,RV_VLD,2140
60198261631005,RV_VLD,2144
60198261631005,RV_VLD,2148
60198261631005,RV_VLD,2152
60198261631005,RV_VLD,2156
60198261631005,RV_VLD,2160
60198261631005,RV_VLD,2164
60198261631005,RV_VLD,2168
60198261631005,RV_VLD,2172
60198261631005,RV_VLD,2176
60198261631005,RV_VLD,2180
60198261631005,RV_VLD,2184
60198261631005,RV_VLD,2188
60198261631005,RV_VLD,2192
60198261631005,RV_VLD,2196
60198261631005,RV_VLD,2200
60198261631005,RV_VLD,2204
60198261631005,RV_VLD,2208
60198261631005,RV_VLD,2212
60198261631005,RV_VLD,2216
60198261631005,RV_VLD,2220
60198261631005,RV_VLD,2224
60198261631005,RV_VLD,2228
60198261631005,RV_VLD,2232
60198261631005,RV_VLD,2236
60198261631005,RV_VLD,2240
60198261631005,RV_VLD,2244
60198261631005,RV_VLD,2248
60198261631005,RV_VLD,2252
60198261631005,RV_VLD,2256
60198261631005,RV_VLD,2260
60198261631005,RV_VLD,2264
60198261631005,RV_VLD,2268
60198261631005,RV_VLD,2272
60198261631005,RV_VLD,2276
60198261631005,RV_VLD,2280
60198261631005,RV_VLD,2284
60198261631005,RV_VLD,2288
60198261631005,RV_VLD,2292
60198261631005,RV_VLD,2296
60198261631005,RV_VLD,2300
60198261631006,RV_VLD,512
60198261631006,RV_VLD,516
60198261631006,RV_VLD,520
60198261631006,RV_VLD,524
60198261631006,RV_VLD,528
60198261631006,RV_VLD,532
60198261631006,RV_VLD,536
60198261631006,RV_VLD,540
60198261631006,RV_VLD,544
60198261631006,RV_VLD,548
60198261631006,RV_VLD,552
60198261631006,RV_VLD,556
60198261631006,RV_VLD,560
60198261631006,RV_VLD,564
60198261631006,RV_VLD,568
60198261631006,RV_VLD,572
60198261631006,RV_VLD,576
60198261631006,RV_VLD,580
60198261631006,RV_VLD,584
60198261631006,RV_VLD,588
60198261631006,RV_VLD,592
60198261631006,RV_VLD,596
60198261631006,RV_VLD,600
60198261631006,RV_VLD,604
60198261631006,RV_VLD,608
60198261631006,RV_VLD,612
60198261631006,RV_VLD,616
60198261631006,RV_VLD,620
60198261631006,RV_VLD,624
60198261631006,RV_VLD,628
60198261631006,RV_VLD,632
60198261631006,RV_VLD,636
60198261631006,RV_VLD,640
60198261631006,RV_VLD,644
60198261631006,RV_VLD,648
60198261631006,RV_VLD,652
60198261631006,RV_VLD,656
60198261631006,RV_VLD,660
60198261631006,RV_VLD,664
60198261631006,RV_VLD,668
60198261631006,RV_VLD,672
60198261631006,RV_VLD,676
60198261631006,RV_VLD,680
60198261631006,RV_VLD,684
60198261631006,RV_VLD,688
60198261631006,RV_VLD,692
60198261631006,RV_VLD,696
60198261631006,RV_VLD,700
60198261631006,RV_VLD,704
60198261631006,RV_VLD,708
60198261631006,RV_VLD,712
60198261631006,RV_VLD,716
60198261631006,RV_VLD,720
60198261631006,RV_VLD,724
60198261631006,RV_VLD,728
60198261631006,RV_VLD,732
60198261631006,RV_VLD,736
60198261631006,RV_VLD,740
60198261631006,RV_VLD,744
60198261631006,RV_VLD,748
60198261631006,RV_VLD,752
60198261631006,RV_VLD,756
60198261631006,RV_VLD,760
60198261631006,RV_VLD,764
59098750003233,RV_VST,2048
59098750003233,RV_VST,2052
59098750003233,RV_VST,2056
59098750003233,RV_VST,2060
59098750003233,RV_VST,2064
59098750003233,RV_VST,2068
59098750003233,RV_VST,2072
59098750003233,RV_VST,2076
59098750003233,RV_VST,2080
59098750003233,RV_VST,2084
59098750003233,RV_VST,2088
59098750003233,RV_VST,2092
59098750003233,RV_VST,2096
59098750003233,RV_VST,2100
59098750003233,RV_VST,2104
59098750003233,RV_VST,2108
59098750003233,RV_VST,2112
59098750003233,RV_VST,2116
59098750003233,RV_VST,2120
59098750003233,RV_VST,2124
59098750003233,RV_VST,2128
59098750003233,RV_VST,2132
59098750003233,RV_VST,2136
59098750003233,RV_VST,2140
59098750003233,RV_VST,2144
59098750003233,RV_VST,2148
59098750003233,RV_VST,2152
59098750003233,RV_VST,2156
59098750003233,RV_VST,2160
59098750003233,RV_VST,2164
59098750003233,RV_VST,2168
59098750003233,RV_VST,2172
59098750003233,RV_VST,2176
59098750003233,RV_VST,2180
59098750003233,RV_VST,2184
59098750003233,RV_VST,2188
59098750003233,RV_VST,2192
59098750003233,RV_VST,2196
59098750003233,RV_VST,2200
59098750003233,RV_VST,2204
59098750003233,RV_VST,2208
59098750003233,RV_VST,2212
59098750003233,RV_VST,2216
59098750003233,RV_VST,2220
59098750003233,RV_VST,2224
59098750003233,RV_VST,2228
59098750003233,RV_VST,2232
59098750003233,RV_VST,2236
59098750003233,RV_VST,2240
59098750003233,RV_VST,2244
59098750003233,RV_VST,2248
59098750003233,RV_VST,2252
59098750003233,RV_VST,2256
59098750003233,RV_VST,2260
59098750003233,RV_VST,2264
59098750003233,RV_VST,2268
59098750003233,RV_VST,2272
59098750003233,RV_VST,2276
59098750003233,RV_VST,2280
59098750003233,RV_VST,2284
59098750003233,RV_VST,2288
59098750003233,RV_VST,2292
59098750003233,RV_VST,2296
59098750003233,RV_VST,2300
60198261631011,RV_VLD,2304
60198261631011,RV_VLD,2308
60198261631011,RV_VLD,2312
60198261631011,RV_VLD,2316
60198261631011,RV_VLD,2320
60198261631011,RV_VLD,2324
60198261631011,RV_VLD,2328
60198261631011,RV_VLD,2332
60198261631011,RV_VLD,2336
60198261631011,RV_VLD,2340
60198261631011,RV_VLD,2344
60198261631011,RV_VLD,2348
60198261631011,RV_VLD,2352
60198261631011,RV_VLD,2356
60198261631011,RV_VLD,2360
60198261631011,RV_VLD,2364
60198261631011,RV_VLD,2368
60198261631011,RV_VLD,2372
60198261631011,RV_VLD,2376
60198261631011,RV_VLD,2380
60198261631011,RV_VLD,2384
60198261631011,RV_VLD,2388
60198261631011,RV_VLD,2392
60198261631011,RV_VLD,2396
60198261631011,RV_VLD,2400
60198261631011,RV_VLD,2404
60198261631011,RV_VLD,2408
60198261631011,RV_VLD,2412
60198261631011,RV_VLD,2416
60198261631011,RV_VLD,2420
60198261631011,RV_VLD,2424
60198261631011,RV_VLD,2428
60198261631011,RV_VLD,2432
60198261631011,RV_VLD,2436
60198261631011,RV_VLD,2440
60198261631011,RV_VLD,2444
60198261631011,RV_VLD,2448
60198261631011,RV_VLD,2452
60198261631011,RV_VLD,2456
60198261631011,RV_VLD,2460
60198261631011,RV_VLD,2464
60198261631011,RV_VLD,2468
60198261631011,RV_VLD,2472
60198261631011,RV_VLD,2476
60198261631011,RV_VLD,2480
60198261631011,RV_VLD,2484
60198261631011,RV_VLD,2488
60198261631011,RV_VLD,2492
60198261631011,RV_VLD,2496
60198261631011,RV_VLD,2500
60198261631011,RV_VLD,2504
60198261631011,RV_VLD,2508
60198261631011,RV_VLD,2512
60198261631011,RV_VLD,2516
60198261631011,RV_VLD,2520
60198261631011,RV_VLD,2524
60198261631011,RV_VLD,2528
60198261631011,RV_VLD,2532
60198261631011,RV_VLD,2536
60198261631011,RV_VLD,2540
60198261631011,RV_VLD,2544
60198261631011,RV_VLD,2548
60198261631011,RV_VLD,2552
60198261631011,RV_VLD,2556
60198261631012,RV_VLD,768
60198261631012,RV_VLD,772
60198261631012,RV_VLD,776
60198261631012,RV_VLD,780
60198261631012,RV_VLD,784
60198261631012,RV_VLD,788
60198261631012,RV_VLD,792
60198261631012,RV_VLD,796
60198261631012,RV_VLD,800
60198261631012,RV_VLD,804
60198261631012,RV_VLD,808
60198261631012,RV_VLD,812
60198261631012,RV_VLD,816
60198261631012,RV_VLD,820
60198261631012,RV_VLD,824
60198261631012,RV_VLD,828
60198261631012,RV_VLD,832
60198261631012,RV_VLD,836
60198261631012,RV_VLD,840
60198261631012,RV_VLD,844
60198261631012,RV_VLD,848
60198261631012,RV_VLD,852
60198261631012,RV_VLD,856
60198261631012,RV_VLD,860
60198261631012,RV_VLD,864
60198261631012,RV_VLD,868
60198261631012,RV_VLD,872
60198261631012,RV_VLD,876
60198261631012,RV_VLD,880
60198261631012,RV_VLD,884
60198261631012,RV_VLD,888
60198261631012,RV_VLD,892
60198261631012,RV_VLD,896
60198261631012,RV_VLD,900
60198261631012,RV_VLD,904
60198261631012,RV_VLD,908
60198261631012,RV_VLD,912
60198261631012,RV_VLD,916
60198261631012,RV_VLD,920
60198261631012,RV_VLD,924
60198261631012,RV_VLD,928
60198261631012,RV_VLD,932
60198261631012,RV_VLD,936
60198261631012,RV_VLD,940
60198261631012,RV_VLD,944
60198261631012,RV_VLD,948
60198261631012,RV_VLD,952
60198261631012,RV_VLD,956
60198261631012,RV_VLD,960
60198261631012,RV_VLD,964
60198261631012,RV_VLD,968
60198261631012,RV_VLD,972
60198261631012,RV_VLD,976
60198261631012,RV_VLD,980
60198261631012,RV_VLD,984
60198261631012,RV_VLD,988
60198261631012,RV_VLD,992
60198261631012,RV_VLD,996
60198261631012,RV_VLD,1000
60198261631012,RV_VLD,1004
60198261631012,RV_VLD,1008
60198261631012,RV_VLD,1012
60198261631012,RV_VLD,1016
60198261631012,RV_VLD,1020
59098750003239,RV_VST,2304
59098750003239,RV_VST,2308
59098750003239,RV_VST,2312
59098750003239,RV_VST,2316
59098750003239,RV_VST,2320
59098750003239,RV_VST,2324
59098750003239,RV_VST,2328
59098750003239,RV_VST,2332
59098750003239,RV_VST,2336
59098750003239,RV_VST,2340
59098750003239,RV_VST,2344
59098750003239,RV_VST,2348
59098750003239,RV_VST,2352
59098750003239,RV_VST,2356
59098750003239,RV_VST,2360
59098750003239,RV_VST,2364
59098750003239,RV_VST,2368
59098750003239,RV_VST,2372
59098750003239,RV_VST,2376
59098750003239,RV_VST,2380
59098750003239,RV_VST,2384
59098750003239,RV_VST,2388
59098750003239,RV_VST,2392
59098750003239,RV_VST,2396
59098750003239,RV_VST,2400
59098750003239,RV_VST,2404
59098750003239,RV_VST,2408
59098750003239,RV_VST,2412
59098750003239,RV_VST,2416
59098750003239,RV_VST,2420
59098750003239,RV_VST,2424
59098750003239,RV_VST,2428
59098750003239,RV_VST,2432
59098750003239,RV_VST,2436
59098750003239,RV_VST,2440
59098750003239,RV_VST,2444
59098750003239,RV_VST,2448
59098750003239,RV_VST,2452
59098750003239,RV_VST,2456
59098750003239,RV_VST,2460
59098750003239,RV_VST,2464
59098750003239,RV_VST,2468
59098750003239,RV_VST,2472
59098750003239,RV_VST,2476
59098750003239,RV_VST,2480
59098750003239,RV_VST,2484
59098750003239,RV_VST,2488
59098750003239,RV_VST,2492
59098750003239,RV_VST,2496
59098750003239,RV_VST,2500
59098750003239,RV_VST,2504
59098750003239,RV_VST,2508
59098750003239,RV_VST,2512
59098750003239,RV_VST,2516
59098750003239,RV_VST,2520
59098750003239,RV_VST,2524
59098750003239,RV_VST,2528
59098750003239,RV_VST,2532
59098750003239,RV_VST,2536
59098750003239,RV_VST,2540
59098750003239,RV_VST,2544
59098750003239,RV_VST,2548
59098750003239,RV_VST,2552
59098750003239,RV_VST,2556
60198261631026,RV_VLD,2048
60198261631026,RV_VLD,2052
60198261631026,RV_VLD,2056
60198261631026,RV_VLD,2060
60198261631026,RV_VLD,2064
60198261631026,RV_VLD,2068
60198261631026,RV_VLD,2072
60198261631026,RV_VLD,2076
60198261631026,RV_VLD,2080
60198261631026,RV_VLD,2084
60198261631026,RV_VLD,2088
60198261631026,RV_VLD,2092
60198261631026,RV_VLD,2096
60198261631026,RV_VLD,2100
60198261631026,RV_VLD,2104
60198261631026,RV_VLD,2108
60198261631026,RV_VLD,2112
60198261631026,RV_VLD,2116
60198261631026,RV_VLD,2120
60198261631026,RV_VLD,2124
60198261631026,RV_VLD,2128
60198261631026,RV_VLD,2132
60198261631026,RV_VLD,2136
60198261631026,RV_VLD,2140
60198261631026,RV_VLD,2144
60198261631026,RV_VLD,2148
60198261631026,RV_VLD,2152
60198261631026,RV_VLD,2156
60198261631026,RV_VLD,2160
60198261631026,RV_VLD,2164
60198261631026,RV_VLD,2168
60198261631026,RV_VLD,2172
60198261631026,RV_VLD,2176
60198261631026,RV_VLD,2180
60198261631026,RV_VLD,2184
60198261631026,RV_VLD,2188
60198261631026,RV_VLD,2192
60198261631026,RV_VLD,2196
60198261631026,RV_VLD,2200
60198261631026,RV_VLD,2204
60198261631026,RV_VLD,2208
60198261631026,RV_VLD,2212
60198261631026,RV_VLD,2216
60198261631026,RV_VLD,2220
60198261631026,RV_VLD,2224
60198261631026,RV_VLD,2228
60198261631026,RV_VLD,2232
60198261631026,RV_VLD,2236
60198261631026,RV_VLD,2240
60198261631026,RV_VLD,2244
60198261631026,RV_VLD,2248
60198261631026,RV_VLD,2252
60198261631026,RV_VLD,2256
60198261631026,RV_VLD,2260
60198261631026,RV_VLD,2264
60198261631026,RV_VLD,2268
60198261631026,RV_VLD,2272
60198261631026,RV_VLD,2276
60198261631026,RV_VLD,2280
60198261631026,RV_VLD,2284
60198261631026,RV_VLD,2288
60198261631026,RV_VLD,2292
60198261631026,RV_VLD,2296
60198261631026,RV_VLD,2300
59098750003254,RV_VST,2048
59098750003254,RV_VST,2052
59098750003254,RV_VST,2056
59098750003254,RV_VST,2060
59098750003254,RV_VST,2064
59098750003254,RV_VST,2068
59098750003254,RV_VST,2072
59098750003254,RV_VST,2076
59098750003254,RV_VST,2080
59098750003254,RV_VST,2084
59098750003254,RV_VST,2088
59098750003254,RV_VST,2092
59098750003254,RV_VST,2096
59098750003254,RV_VST,2100
59098750003254,RV_VST,2104
59098750003254,RV_VST,2108
59098750003254,RV_VST,2112
59098750003254,RV_VST,2116
59098750003254,RV_VST,2120
59098750003254,RV_VST,2124
59098750003254,RV_VST,2128
59098750003254,RV_VST,2132
59098750003254,RV_VST,2136
59098750003254,RV_VST,2140
59098750003254,RV_VST,2144
59098750003254,RV_VST,2148
59098750003254,RV_VST,2152
59098750003254,RV_VST,2156
59098750003254,RV_VST,2160
59098750003254,RV_VST,2164
59098750003254,RV_VST,2168
59098750003254,RV_VST,2172
59098750003254,RV_VST,2176
59098750003254,RV_VST,2180
59098750003254,RV_VST,2184
59098750003254,RV_VST,2188
59098750003254,RV_VST,2192
59098750003254,RV_VST,2196
59098750003254,RV_VST,2200
59098750003254,RV_VST,2204
59098750003254,RV_VST,2208
59098750003254,RV_VST,2212
59098750003254,RV_VST,2216
59098750003254,RV_VST,2220
59098750003254,RV_VST,2224
59098750003254,RV_VST,2228
59098750003254,RV_VST,2232
59098750003254,RV_VST,2236
59098750003254,RV_VST,2240
59098750003254,RV_VST,2244
59098750003254,RV_VST,2248
59098750003254,RV_VST,2252
59098750003254,RV_VST,2256
59098750003254,RV_VST,2260
59098750003254,RV_VST,2264
59098750003254,RV_VST,2268
59098750003254,RV_VST,2272
59098750003254,RV_VST,2276
59098750003254,RV_VST,2280
59098750003254,RV_VST,2284
59098750003254,RV_VST,2288
59098750003254,RV_VST,2292
59098750003254,RV_VST,2296
59098750003254,RV_VST,2300
60198261631032,RV_VLD,2304
60198261631032,RV_VLD,2308
60198261631032,RV_VLD,2312
60198261631032,RV_VLD,2316
60198261631032,RV_VLD,2320
60198261631032,RV_VLD,2324
60198261631032,RV_VLD,2328
60198261631032,RV_VLD,2332
60198261631032,RV_VLD,2336
60198261631032,RV_VLD,2340
60198261631032,RV_VLD,2344
60198261631032,RV_VLD,2348
60198261631032,RV_VLD,2352
60198261631032,RV_VLD,2356
60198261631032,RV_VLD,2360
60198261631032,RV_VLD,2364
60198261631032,RV_VLD,2368
60198261631032,RV_VLD,2372
60198261631032,RV_VLD,2376
60198261631032,RV_VLD,2380
60198261631032,RV_VLD,2384
60198261631032,RV_VLD,2388
60198261631032,RV_VLD,2392
60198261631032,RV_VLD,2396
60198261631032,RV_VLD,2400
60198261631032,RV_VLD,2404
60198261631032,RV_VLD,2408
60198261631032,RV_VLD,2412
60198261631032,RV_VLD,2416
60198261631032,RV_VLD,2420
60198261631032,RV_VLD,2424
60198261631032,RV_VLD,2428
60198261631032,RV_VLD,2432
60198261631032,RV_VLD,2436
60198261631032,RV_VLD,2440
60198261631032,RV_VLD,2444
60198261631032,RV_VLD,2448
60198261631032,RV_VLD,2452
60198261631032,RV_VLD,2456
60198261631032,RV_VLD,2460
60198261631032,RV_VLD,2464
60198261631032,RV_VLD,2468
60198261631032,RV_VLD,2472
60198261631032,RV_VLD,2476
60198261631032,RV_VLD,2480
60198261631032,RV_VLD,2484
60198261631032,RV_VLD,2488
60198261631032,RV_VLD,2492
60198261631032,RV_VLD,2496
60198261631032,RV_VLD,2500
60198261631032,RV_VLD,2504
60198261631032,RV_VLD,2508
60198261631032,RV_VLD,2512
60198261631032,RV_VLD,2516
60198261631032,RV_VLD,2520
60198261631032,RV_VLD,2524
60198261631032,RV_VLD,2528
60198261631032,RV_VLD,2532
60198261631032,RV_VLD,2536
60198261631032,RV_VLD,2540
60198261631032,RV_VLD,2544
60198261631032,RV_VLD,2548
60198261631032,RV_VLD,2552
60198261631032,RV_VLD,2556
59098750003260,RV_VST,2304
59098750003260,RV_VST,2308
59098750003260,RV_VST,2312
59098750003260,RV_VST,2316
59098750003260,RV_VST,2320
59098750003260,RV_VST,2324
59098750003260,RV_VST,2328
59098750003260,RV_VST,2332
59098750003260,RV_VST,2336
59098750003260,RV_VST,2340
59098750003260,RV_VST,2344
59098750003260,RV_VST,2348
59098750003260,RV_VST,2352
59098750003260,RV_VST,2356
59098750003260,RV_VST,2360
59098750003260,RV_VST,2364
59098750003260,RV_VST,2368
59098750003260,RV_VST,2372
59098750003260,RV_VST,2376
59098750003260,RV_VST,2380
59098750003260,RV_VST,2384
59098750003260,RV_VST,2388
59098750003260,RV_VST,2392
59098750003260,RV_VST,2396
59098750003260,RV_VST,2400
59098750003260,RV_VST,2404
59098750003260,RV_VST,2408
59098750003260,RV_VST,2412
59098750003260,RV_VST,2416
59098750003260,RV_VST,2420
59098750003260,RV_VST,2424
59098750003260,RV_VST,2428
59098750003260,RV_VST,2432
59098750003260,RV_VST,2436
59098750003260,RV_VST,2440
59098750003260,RV_VST,2444
59098750003260,RV_VST,2448
59098750003260,RV_VST,2452
59098750003260,RV_VST,2456
59098750003260,RV_VST,2460
59098750003260,RV_VST,2464
59098750003260,RV_VST,2468
59098750003260,RV_VST,2472
59098750003260,RV_VST,2476
59098750003260,RV_VST,2480
59098750003260,RV_VST,2484
59098750003260,RV_VST,2488
59098750003260,RV_VST,2492
59098750003260,RV_VST,2496
59098750003260,RV_VST,2500
59098750003260,RV_VST,2504
59098750003260,RV_VST,2508
59098750003260,RV_VST,2512
59098750003260,RV_VST,2516
59098750003260,RV_VST,2520
59098750003260,RV_VST,2524
59098750003260,RV_VST,2528
59098750003260,RV_VST,2532
59098750003260,RV_VST,2536
59098750003260,RV_VST,2540
59098750003260,RV_VST,2544
59098750003260,RV_VST,2548
59098750003260,RV_VST,2552
59098750003260,RV_VST,2556
60198261631047,RV_VLD,512
60198261631047,RV_VLD,516
60198261631047,RV_VLD,520
60198261631047,RV_VLD,524
60198261631047,RV_VLD,528
60198261631047,RV_VLD,532
60198261631047,RV_VLD,536
60198261631047,RV_VLD,540
60198261631047,RV_VLD,544
60198261631047,RV_VLD,548
60198261631047,RV_VLD,552
60198261631047,RV_VLD,556
60198261631047,RV_VLD,560
60198261631047,RV_VLD,564
60198261631047,RV_VLD,568
60198261631047,RV_VLD,572
60198261631047,RV_VLD,576
60198261631047,RV_VLD,580
60198261631047,RV_VLD,584
60198261631047,RV_VLD,588
60198261631047,RV_VLD,592
60198261631047,RV_VLD,596
60198261631047,RV_VLD,600
60198261631047,RV_VLD,604
60198261631047,RV_VLD,608
60198261631047,RV_VLD,612
60198261631047,RV_VLD,616
60198261631047,RV_VLD,620
60198261631047,RV_VLD,624
60198261631047,RV_VLD,628
60198261631047,RV_VLD,632
60198261631047,RV_VLD,636
60198261631047,RV_VLD,640
60198261631047,RV_VLD,644
60198261631047,RV_VLD,648
60198261631047,RV_VLD,652
60198261631047,RV_VLD,656
60198261631047,RV_VLD,660
60198261631047,RV_VLD,664
60198261631047,RV_VLD,668
60198261631047,RV_VLD,672
60198261631047,RV_VLD,676
60198261631047,RV_VLD,680
60198261631047,RV_VLD,684
60198261631047,RV_VLD,688
60198261631047,RV_VLD,692
60198261631047,RV_VLD,696
60198261631047,RV_VLD,700
60198261631047,RV_VLD,704
60198261631047,RV_VLD,708
60198261631047,RV_VLD,712
60198261631047,RV_VLD,716
60198261631047,RV_VLD,720
60198261631047,RV_VLD,724
60198261631047,RV_VLD,728
60198261631047,RV_VLD,732
60198261631047,RV_VLD,736
60198261631047,RV_VLD,740
60198261631047,RV_VLD,744
60198261631047,RV_VLD,748
60198261631047,RV_VLD,752
60198261631047,RV_VLD,756
60198261631047,RV_VLD,760
60198261631047,RV_VLD,764
60198261631048,RV_VLD,2048
60198261631048,RV_VLD,2052
60198261631048,RV_VLD,2056
60198261631048,RV_VLD,2060
60198261631048,RV_VLD,2064
60198261631048,RV_VLD,2068
60198261631048,RV_VLD,2072
60198261631048,RV_VLD,2076
60198261631048,RV_VLD,2080
60198261631048,RV_VLD,2084
60198261631048,RV_VLD,2088
60198261631048,RV_VLD,2092
60198261631048,RV_VLD,2096
60198261631048,RV_VLD,2100
60198261631048,RV_VLD,2104
60198261631048,RV_VLD,2108
60198261631048,RV_VLD,2112
60198261631048,RV_VLD,2116
60198261631048,RV_VLD,2120
60198261631048,RV_VLD,2124
60198261631048,RV_VLD,2128
60198261631048,RV_VLD,2132
60198261631048,RV_VLD,2136
60198261631048,RV_VLD,2140
60198261631048,RV_VLD,2144
60198261631048,RV_VLD,2148
60198261631048,RV_VLD,2152
60198261631048,RV_VLD,2156
60198261631048,RV_VLD,2160
60198261631048,RV_VLD,2164
60198261631048,RV_VLD,2168
60198261631048,RV_VLD,2172
60198261631048,RV_VLD,2176
60198261631048,RV_VLD,2180
60198261631048,RV_VLD,2184
60198261631048,RV_VLD,2188
60198261631048,RV_VLD,2192
60198261631048,RV_VLD,2196
60198261631048,RV_VLD,2200
60198261631048,RV_VLD,2204
60198261631048,RV_VLD,2208
60198261631048,RV_VLD,2212
60198261631048,RV_VLD,2216
60198261631048,RV_VLD,2220
60198261631048,RV_VLD,2224
60198261631048,RV_VLD,2228
60198261631048,RV_VLD,2232
60198261631048,RV_VLD,2236
60198261631048,RV_VLD,2240
60198261631048,RV_VLD,2244
60198261631048,RV_VLD,2248
60198261631048,RV_VLD,2252
60198261631048,RV_VLD,2256
60198261631048,RV_VLD,2260
60198261631048,RV_VLD,2264
60198261631048,RV_VLD,2268
60198261631048,RV_VLD,2272
60198261631048,RV_VLD,2276
60198261631048,RV_VLD,2280
60198261631048,RV_VLD,2284
60198261631048,RV_VLD,2288
60198261631048,RV_VLD,2292
60198261631048,RV_VLD,2296
60198261631048,RV_VLD,2300
59098750003275,RV_VST,2048
59098750003275,RV_VST,2052
59098750003275,RV_VST,2056
59098750003275,RV_VST,2060
59098750003275,RV_VST,2064
59098750003275,RV_VST,2068
59098750003275,RV_VST,2072
59098750003275,RV_VST,2076
59098750003275,RV_VST,2080
59098750003275,RV_VST,2084
59098750003275,RV_VST,2088
59098750003275,RV_VST,2092
59098750003275,RV_VST,2096
59098750003275,RV_VST,2100
59098750003275,RV_VST,2104
59098750003275,RV_VST,2108
59098750003275,RV_VST,2112
59098750003275,RV_VST,2116
59098750003275,RV_VST,2120
59098750003275,RV_VST,2124
59098750003275,RV_VST,2128
59098750003275,RV_VST,2132
59098750003275,RV_VST,2136
59098750003275,RV_VST,2140
59098750003275,RV_VST,2144
59098750003275,RV_VST,2148
59098750003275,RV_VST,2152
59098750003275,RV_VST,2156
59098750003275,RV_VST,2160
59098750003275,RV_VST,2164
59098750003275,RV_VST,2168
59098750003275,RV_VST,2172
59098750003275,RV_VST,2176
59098750003275,RV_VST,2180
59098750003275,RV_VST,2184
59098750003275,RV_VST,2188
59098750003275,RV_VST,2192
59098750003275,RV_VST,2196
59098750003275,RV_VST,2200
59098750003275,RV_VST,2204
59098750003275,RV_VST,2208
59098750003275,RV_VST,2212
59098750003275,RV_VST,2216
59098750003275,RV_VST,2220
59098750003275,RV_VST,2224
59098750003275,RV_VST,2228
59098750003275,RV_VST,2232
59098750003275,RV_VST,2236
59098750003275,RV_VST,2240
59098750003275,RV_VST,2244
59098750003275,RV_VST,2248
59098750003275,RV_VST,2252
59098750003275,RV_VST,2256
59098750003275,RV_VST,2260
59098750003275,RV_VST,2264
59098750003275,RV_VST,2268
59098750003275,RV_VST,2272
59098750003275,RV_VST,2276
59098750003275,RV_VST,2280
59098750003275,RV_VST,2284
59098750003275,RV_VST,2288
59098750003275,RV_VST,2292
59098750003275,RV_VST,2296
59098750003275,RV_VST,2300
60198261631053,RV_VLD,768
60198261631053,RV_VLD,772
60198261631053,RV_VLD,776
60198261631053,RV_VLD,780
60198261631053,RV_VLD,784
60198261631053,RV_VLD,788
60198261631053,RV_VLD,792
60198261631053,RV_VLD,796
60198261631053,RV_VLD,800
60198261631053,RV_VLD,804
60198261631053,RV_VLD,808
60198261631053,RV_VLD,812
60198261631053,RV_VLD,816
60198261631053,RV_VLD,820
60198261631053,RV_VLD,824
60198261631053,RV_VLD,828
60198261631053,RV_VLD,832
60198261631053,RV_VLD,836
60198261631053,RV_VLD,840
60198261631053,RV_VLD,844
60198261631053,RV_VLD,848
60198261631053,RV_VLD,852
60198261631053,RV_VLD,856
60198261631053,RV_VLD,860
60198261631053,RV_VLD,864
60198261631053,RV_VLD,868
60198261631053,RV_VLD,872
60198261631053,RV_VLD,876
60198261631053,RV_VLD,880
60198261631053,RV_VLD,884
60198261631053,RV_VLD,888
60198261631053,RV_VLD,892
60198261631053,RV_VLD,896
60198261631053,RV_VLD,900
60198261631053,RV_VLD,904
60198261631053,RV_VLD,908
60198261631053,RV_VLD,912
60198261631053,RV_VLD,916
60198261631053,RV_VLD,920
60198261631053,RV_VLD,924
60198261631053,RV_VLD,928
60198261631053,RV_VLD,932
60198261631053,RV_VLD,936
60198261631053,RV_VLD,940
60198261631053,RV_VLD,944
60198261631053,RV_VLD,948
60198261631053,RV_VLD,952
60198261631053,RV_VLD,956
60198261631053,RV_VLD,960
60198261631053,RV_VLD,964
60198261631053,RV_VLD,968
60198261631053,RV_VLD,972
60198261631053,RV_VLD,976
60198261631053,RV_VLD,980
60198261631053,RV_VLD,984
60198261631053,RV_VLD,988
60198261631053,RV_VLD,992
60198261631053,RV_VLD,996
60198261631053,RV_VLD,1000
60198261631053,RV_VLD,1004
60198261631053,RV_VLD,1008
60198261631053,RV_VLD,1012
60198261631053,RV_VLD,1016
60198261631053,RV_VLD,1020
60198261631054,RV_VLD,2304
60198261631054,RV_VLD,2308
60198261631054,RV_VLD,2312
60198261631054,RV_VLD,2316
60198261631054,RV_VLD,2320
60198261631054,RV_VLD,2324
60198261631054,RV_VLD,2328
60198261631054,RV_VLD,2332
60198261631054,RV_VLD,2336
60198261631054,RV_VLD,2340
60198261631054,RV_VLD,2344
60198261631054,RV_VLD,2348
60198261631054,RV_VLD,2352
60198261631054,RV_VLD,2356
60198261631054,RV_VLD,2360
60198261631054,RV_VLD,2364
60198261631054,RV_VLD,2368
60198261631054,RV_VLD,2372
60198261631054,RV_VLD,2376
60198261631054,RV_VLD,2380
60198261631054,RV_VLD,2384
60198261631054,RV_VLD,2388
60198261631054,RV_VLD,2392
60198261631054,RV_VLD,2396
60198261631054,RV_VLD,2400
60198261631054,RV_VLD,2404
60198261631054,RV_VLD,2408
60198261631054,RV_VLD,2412
60198261631054,RV_VLD,2416
60198261631054,RV_VLD,2420
60198261631054,RV_VLD,2424
60198261631054,RV_VLD,2428
60198261631054,RV_VLD,2432
60198261631054,RV_VLD,2436
60198261631054,RV_VLD,2440
60198261631054,RV_VLD,2444
60198261631054,RV_VLD,2448
60198261631054,RV_VLD,2452
60198261631054,RV_VLD,2456
60198261631054,RV_VLD,2460
60198261631054,RV_VLD,2464
60198261631054,RV_VLD,2468
60198261631054,RV_VLD,2472
60198261631054,RV_VLD,2476
60198261631054,RV_VLD,2480
60198261631054,RV_VLD,2484
60198261631054,RV_VLD,2488
60198261631054,RV_VLD,2492
60198261631054,RV_VLD,2496
60198261631054,RV_VLD,2500
60198261631054,RV_VLD,2504
60198261631054,RV_VLD,2508
60198261631054,RV_VLD,2512
60198261631054,RV_VLD,2516
60198261631054,RV_VLD,2520
60198261631054,RV_VLD,2524
60198261631054,RV_VLD,2528
60198261631054,RV_VLD,2532
60198261631054,RV_VLD,2536
60198261631054,RV_VLD,2540
60198261631054,RV_VLD,2544
60198261631054,RV_VLD,2548
60198261631054,RV_VLD,2552
60198261631054,RV_VLD,2556
59098750003281,RV_VST,2304
59098750003281,RV_VST,2308
59098750003281,RV_VST,2312
59098750003281,RV_VST,2316
59098750003281,RV_VST,2320
59098750003281,RV_VST,2324
59098750003281,RV_VST,2328
59098750003281,RV_VST,2332
59098750003281,RV_VST,2336
59098750003281,RV_VST,2340
59098750003281,RV_VST,2344
59098750003281,RV_VST,2348
59098750003281,RV_VST,2352
59098750003281,RV_VST,2356
59098750003281,RV_VST,2360
59098750003281,RV_VST,2364
59098750003281,RV_VST,2368
59098750003281,RV_VST,2372
59098750003281,RV_VST,2376
59098750003281,RV_VST,2380
59098750003281,RV_VST,2384
59098750003281,RV_VST,2388
59098750003281,RV_VST,2392
59098750003281,RV_VST,2396
59098750003281,RV_VST,2400
59098750003281,RV_VST,2404
59098750003281,RV_VST,2408
59098750003281,RV_VST,2412
59098750003281,RV_VST,2416
59098750003281,RV_VST,2420
59098750003281,RV_VST,2424
59098750003281,RV_VST,2428
59098750003281,RV_VST,2432
59098750003281,RV_VST,2436
59098750003281,RV_VST,2440
59098750003281,RV_VST,2444
59098750003281,RV_VST,2448
59098750003281,RV_VST,2452
59098750003281,RV_VST,2456
59098750003281,RV_VST,2460
59098750003281,RV_VST,2464
59098750003281,RV_VST,2468
59098750003281,RV_VST,2472
59098750003281,RV_VST,2476
59098750003281,RV_VST,2480
59098750003281,RV_VST,2484
59098750003281,RV_VST,2488
59098750003281,RV_VST,2492
59098750003281,RV_VST,2496
59098750003281,RV_VST,2500
59098750003281,RV_VST,2504
59098750003281,RV_VST,2508
59098750003281,RV_VST,2512
59098750003281,RV_VST,2516
59098750003281,RV_VST,2520
59098750003281,RV_VST,2524
59098750003281,RV_VST,2528
59098750003281,RV_VST,2532
59098750003281,RV_VST,2536
59098750003281,RV_VST,2540
59098750003281,RV_VST,2544
59098750003281,RV_VST,2548
59098750003281,RV_VST,2552
59098750003281,RV_VST,2556
60198261631085,RV_VLD,512
60198261631085,RV_VLD,516
60198261631085,RV_VLD,520
60198261631085,RV_VLD,524
60198261631085,RV_VLD,528
60198261631085,RV_VLD,532
60198261631085,RV_VLD,536
60198261631085,RV_VLD,540
60198261631085,RV_VLD,544
60198261631085,RV_VLD,548
60198261631085,RV_VLD,552
60198261631085,RV_VLD,556
60198261631085,RV_VLD,560
60198261631085,RV_VLD,564
60198261631085,RV_VLD,568
60198261631085,RV_VLD,572
60198261631085,RV_VLD,576
60198261631085,RV_VLD,580
60198261631085,RV_VLD,584
60198261631085,RV_VLD,588
60198261631085,RV_VLD,592
60198261631085,RV_VLD,596
60198261631085,RV_VLD,600
60198261631085,RV_VLD,604
60198261631085,RV_VLD,608
60198261631085,RV_VLD,612
60198261631085,RV_VLD,616
60198261631085,RV_VLD,620
60198261631085,RV_VLD,624
60198261631085,RV_VLD,628
60198261631085,RV_VLD,632
60198261631085,RV_VLD,636
60198261631085,RV_VLD,640
60198261631085,RV_VLD,644
60198261631085,RV_VLD,648
60198261631085,RV_VLD,652
60198261631085,RV_VLD,656
60198261631085,RV_VLD,660
60198261631085,RV_VLD,664
60198261631085,RV_VLD,668
60198261631085,RV_VLD,672
60198261631085,RV_VLD,676
60198261631085,RV_VLD,680
60198261631085,RV_VLD,684
60198261631085,RV_VLD,688
60198261631085,RV_VLD,692
60198261631085,RV_VLD,696
60198261631085,RV_VLD,700
60198261631085,RV_VLD,704
60198261631085,RV_VLD,708
60198261631085,RV_VLD,712
60198261631085,RV_VLD,716
60198261631085,RV_VLD,720
60198261631085,RV_VLD,724
60198261631085,RV_VLD,728
60198261631085,RV_VLD,732
60198261631085,RV_VLD,736
60198261631085,RV_VLD,740
60198261631085,RV_VLD,744
60198261631085,RV_VLD,748
60198261631085,RV_VLD,752
60198261631085,RV_VLD,756
60198261631085,RV_VLD,760
60198261631085,RV_VLD,764
60198261631086,RV_VLD,2048
60198261631086,RV_VLD,2052
60198261631086,RV_VLD,2056
60198261631086,RV_VLD,2060
60198261631086,RV_VLD,2064
60198261631086,RV_VLD,2068
60198261631086,RV_VLD,2072
60198261631086,RV_VLD,2076
60198261631086,RV_VLD,2080
60198261631086,RV_VLD,2084
60198261631086,RV_VLD,2088
60198261631086,RV_VLD,2092
60198261631086,RV_VLD,2096
60198261631086,RV_VLD,2100
60198261631086,RV_VLD,2104
60198261631086,RV_VLD,2108
60198261631086,RV_VLD,2112
60198261631086,RV_VLD,2116
60198261631086,RV_VLD,2120
60198261631086,RV_VLD,2124
60198261631086,RV_VLD,2128
60198261631086,RV_VLD,2132
60198261631086,RV_VLD,2136
60198261631086,RV_VLD,2140
60198261631086,RV_VLD,2144
60198261631086,RV_VLD,2148
60198261631086,RV_VLD,2152
60198261631086,RV_VLD,2156
60198261631086,RV_VLD,2160
60198261631086,RV_VLD,2164
60198261631086,RV_VLD,2168
60198261631086,RV_VLD,2172
60198261631086,RV_VLD,2176
60198261631086,RV_VLD,2180
60198261631086,RV_VLD,2184
60198261631086,RV_VLD,2188
60198261631086,RV_VLD,2192
60198261631086,RV_VLD,2196
60198261631086,RV_VLD,2200
60198261631086,RV_VLD,2204
60198261631086,RV_VLD,2208
60198261631086,RV_VLD,2212
60198261631086,RV_VLD,2216
60198261631086,RV_VLD,2220
60198261631086,RV_VLD,2224
60198261631086,RV_VLD,2228
60198261631086,RV_VLD,2232
60198261631086,RV_VLD,2236
60198261631086,RV_VLD,2240
60198261631086,RV_VLD,2244
60198261631086,RV_VLD,2248
60198261631086,RV_VLD,2252
60198261631086,RV_VLD,2256
60198261631086,RV_VLD,2260
60198261631086,RV_VLD,2264
60198261631086,RV_VLD,2268
60198261631086,RV_VLD,2272
60198261631086,RV_VLD,2276
60198261631086,RV_VLD,2280
60198261631086,RV_VLD,2284
60198261631086,RV_VLD,2288
60198261631086,RV_VLD,2292
60198261631086,RV_VLD,2296
60198261631086,RV_VLD,2300
59098750003313,RV_VST,1536
59098750003313,RV_VST,1540
59098750003313,RV_VST,1544
59098750003313,RV_VST,1548
59098750003313,RV_VST,1552
59098750003313,RV_VST,1556
59098750003313,RV_VST,1560
59098750003313,RV_VST,1564
59098750003313,RV_VST,1568
59098750003313,RV_VST,1572
59098750003313,RV_VST,1576
59098750003313,RV_VST,1580
59098750003313,RV_VST,1584
59098750003313,RV_VST,1588
59098750003313,RV_VST,1592
59098750003313,RV_VST,1596
59098750003313,RV_VST,1600
59098750003313,RV_VST,1604
59098750003313,RV_VST,1608
59098750003313,RV_VST,1612
59098750003313,RV_VST,1616
59098750003313,RV_VST,1620
59098750003313,RV_VST,1624
59098750003313,RV_VST,1628
59098750003313,RV_VST,1632
59098750003313,RV_VST,1636
59098750003313,RV_VST,1640
59098750003313,RV_VST,1644
59098750003313,RV_VST,1648
59098750003313,RV_VST,1652
59098750003313,RV_VST,1656
59098750003313,RV_VST,1660
59098750003313,RV_VST,1664
59098750003313,RV_VST,1668
59098750003313,RV_VST,1672
59098750003313,RV_VST,1676
59098750003313,RV_VST,1680
59098750003313,RV_VST,1684
59098750003313,RV_VST,1688
59098750003313,RV_VST,1692
59098750003313,RV_VST,1696
59098750003313,RV_VST,1700
59098750003313,RV_VST,1704
59098750003313,RV_VST,1708
59098750003313,RV_VST,1712
59098750003313,RV_VST,1716
59098750003313,RV_VST,1720
59098750003313,RV_VST,1724
59098750003313,RV_VST,1728
59098750003313,RV_VST,1732
59098750003313,RV_VST,1736
59098750003313,RV_VST,1740
59098750003313,RV_VST,1744
59098750003313,RV_VST,1748
59098750003313,RV_VST,1752
59098750003313,RV_VST,1756
59098750003313,RV_VST,1760
59098750003313,RV_VST,1764
59098750003313,RV_VST,1768
59098750003313,RV_VST,1772
59098750003313,RV_VST,1776
59098750003313,RV_VST,1780
59098750003313,RV_VST,1784
59098750003313,RV_VST,1788
60198261631091,RV_VLD,768
60198261631091,RV_VLD,772
60198261631091,RV_VLD,776
60198261631091,RV_VLD,780
60198261631091,RV_VLD,784
60198261631091,RV_VLD,788
60198261631091,RV_VLD,792
60198261631091,RV_VLD,796
60198261631091,RV_VLD,800
60198261631091,RV_VLD,804
60198261631091,RV_VLD,808
60198261631091,RV_VLD,812
60198261631091,RV_VLD,816
60198261631091,RV_VLD,820
60198261631091,RV_VLD,824
60198261631091,RV_VLD,828
60198261631091,RV_VLD,832
60198261631091,RV_VLD,836
60198261631091,RV_VLD,840
60198261631091,RV_VLD,844
60198261631091,RV_VLD,848
60198261631091,RV_VLD,852
60198261631091,RV_VLD,856
60198261631091,RV_VLD,860
60198261631091,RV_VLD,864
60198261631091,RV_VLD,868
60198261631091,RV_VLD,872
60198261631091,RV_VLD,876
60198261631091,RV_VLD,880
60198261631091,RV_VLD,884
60198261631091,RV_VLD,888
60198261631091,RV_VLD,892
60198261631091,RV_VLD,896
60198261631091,RV_VLD,900
60198261631091,RV_VLD,904
60198261631091,RV_VLD,908
60198261631091,RV_VLD,912
60198261631091,RV_VLD,916
60198261631091,RV_VLD,920
60198261631091,RV_VLD,924
60198261631091,RV_VLD,928
60198261631091,RV_VLD,932
60198261631091,RV_VLD,936
60198261631091,RV_VLD,940
60198261631091,RV_VLD,944
60198261631091,RV_VLD,948
60198261631091,RV_VLD,952
60198261631091,RV_VLD,956
60198261631091,RV_VLD,960
60198261631091,RV_VLD,964
60198261631091,RV_VLD,968
60198261631091,RV_VLD,972
60198261631091,RV_VLD,976
60198261631091,RV_VLD,980
60198261631091,RV_VLD,984
60198261631091,RV_VLD,988
60198261631091,RV_VLD,992
60198261631091,RV_VLD,996
60198261631091,RV_VLD,1000
60198261631091,RV_VLD,1004
60198261631091,RV_VLD,1008
60198261631091,RV_VLD,1012
60198261631091,RV_VLD,1016
60198261631091,RV_VLD,1020
60198261631092,RV_VLD,2304
60198261631092,RV_VLD,2308
60198261631092,RV_VLD,2312
60198261631092,RV_VLD,2316
60198261631092,RV_VLD,2320
60198261631092,RV_VLD,2324
60198261631092,RV_VLD,2328
60198261631092,RV_VLD,2332
60198261631092,RV_VLD,2336
60198261631092,RV_VLD,2340
60198261631092,RV_VLD,2344
60198261631092,RV_VLD,2348
60198261631092,RV_VLD,2352
60198261631092,RV_VLD,2356
60198261631092,RV_VLD,2360
60198261631092,RV_VLD,2364
60198261631092,RV_VLD,2368
60198261631092,RV_VLD,2372
60198261631092,RV_VLD,2376
60198261631092,RV_VLD,2380
60198261631092,RV_VLD,2384
60198261631092,RV_VLD,2388
60198261631092,RV_VLD,2392
60198261631092,RV_VLD,2396
60198261631092,RV_VLD,2400
60198261631092,RV_VLD,2404
60198261631092,RV_VLD,2408
60198261631092,RV_VLD,2412
60198261631092,RV_VLD,2416
60198261631092,RV_VLD,2420
60198261631092,RV_VLD,2424
60198261631092,RV_VLD,2428
60198261631092,RV_VLD,2432
60198261631092,RV_VLD,2436
60198261631092,RV_VLD,2440
60198261631092,RV_VLD,2444
60198261631092,RV_VLD,2448
60198261631092,RV_VLD,2452
60198261631092,RV_VLD,2456
60198261631092,RV_VLD,2460
60198261631092,RV_VLD,2464
60198261631092,RV_VLD,2468
60198261631092,RV_VLD,2472
60198261631092,RV_VLD,2476
60198261631092,RV_VLD,2480
60198261631092,RV_VLD,2484
60198261631092,RV_VLD,2488
60198261631092,RV_VLD,2492
60198261631092,RV_VLD,2496
60198261631092,RV_VLD,2500
60198261631092,RV_VLD,2504
60198261631092,RV_VLD,2508
60198261631092,RV_VLD,2512
60198261631092,RV_VLD,2516
60198261631092,RV_VLD,2520
60198261631092,RV_VLD,2524
60198261631092,RV_VLD,2528
60198261631092,RV_VLD,2532
60198261631092,RV_VLD,2536
60198261631092,RV_VLD,2540
60198261631092,RV_VLD,2544
60198261631092,RV_VLD,2548
60198261631092,RV_VLD,2552
60198261631092,RV_VLD,2556
59098750003319,RV_VST,1792
59098750003319,RV_VST,1796
59098750003319,RV_VST,1800
59098750003319,RV_VST,1804
59098750003319,RV_VST,1808
59098750003319,RV_VST,1812
59098750003319,RV_VST,1816
59098750003319,RV_VST,1820
59098750003319,RV_VST,1824
59098750003319,RV_VST,1828
59098750003319,RV_VST,1832
59098750003319,RV_VST,1836
59098750003319,RV_VST,1840
59098750003319,RV_VST,1844
59098750003319,RV_VST,1848
59098750003319,RV_VST,1852
59098750003319,RV_VST,1856
59098750003319,RV_VST,1860
59098750003319,RV_VST,1864
59098750003319,RV_VST,1868
59098750003319,RV_VST,1872
59098750003319,RV_VST,1876
59098750003319,RV_VST,1880
59098750003319,RV_VST,1884
59098750003319,RV_VST,1888
59098750003319,RV_VST,1892
59098750003319,RV_VST,1896
59098750003319,RV_VST,1900
59098750003319,RV_VST,1904
59098750003319,RV_VST,1908
59098750003319,RV_VST,1912
59098750003319,RV_VST,1916
59098750003319,RV_VST,1920
59098750003319,RV_VST,1924
59098750003319,RV_VST,1928
59098750003319,RV_VST,1932
59098750003319,RV_VST,1936
59098750003319,RV_VST,1940
59098750003319,RV_VST,1944
59098750003319,RV_VST,1948
59098750003319,RV_VST,1952
59098750003319,RV_VST,1956
59098750003319,RV_VST,1960
59098750003319,RV_VST,1964
59098750003319,RV_VST,1968
59098750003319,RV_VST,1972
59098750003319,RV_VST,1976
59098750003319,RV_VST,1980
59098750003319,RV_VST,1984
59098750003319,RV_VST,1988
59098750003319,RV_VST,1992
59098750003319,RV_VST,1996
59098750003319,RV_VST,2000
59098750003319,RV_VST,2004
59098750003319,RV_VST,2008
59098750003319,RV_VST,2012
59098750003319,RV_VST,2016
59098750003319,RV_VST,2020
59098750003319,RV_VST,2024
59098750003319,RV_VST,2028
59098750003319,RV_VST,2032
59098750003319,RV_VST,2036
59098750003319,RV_VST,2040
59098750003319,RV_VST,2044
,,1536
,,1540
,,1544
,,1548
,,1552
,,1556
,,1560
,,1564
,,1568
,,1572
,,1576
,,1580
,,1584
,,1588
,,1592
,,1596
,,1600
,,1604
,,1608
,,1612
,,1616
,,1620
,,1624
,,1628
,,1632
,,1636
,,1640
,,1644
,,1648
,,1652
,,1656
,,1660
,,1664
,,1668
,,1672
,,1676
,,1680
,,1684
,,1688
,,1692
,,1696
,,1700
,,1704
,,1708
,,1712
,,1716
,,1720
,,1724
,,1728
,,1732
,,1736
,,1740
,,1744
,,1748
,,1752
,,1756
,,1760
,,1764
,,1768
,,1772
,,1776
,,1780
,,1784
,,1788
,,1792
,,1796
,,1800
,,1804
,,1808
,,1812
,,1816
,,1820
,,1824
,,1828
,,1832
,,1836
,,1840
,,1844
,,1848
,,1852
,,1856
,,1860
,,1864
,,1868
,,1872
,,1876
,,1880
,,1884
,,1888
,,1892
,,1896
,,1900
,,1904
,,1908
,,1912
,,1916
,,1920
,,1924
,,1928
,,1932
,,1936
,,1940
,,1944
,,1948
,,1952
,,1956
,,1960
,,1964
,,1968
,,1972
,,1976
,,1980
,,1984
,,1988
,,1992
,,1996
,,2000
,,2004
,,2008
,,2012
,,2016
,,2020
,,2024
,,2028
,,2032
,,2036
,,2040
,,2044
,,1536
,,1536
,,1540
,,1544
,,1548
,,1552
,,1556
,,1560
,,1564
,,1568
,,1572
,,1576
,,1580
,,1584
,,1588
,,1592
,,1596
,,1600
,,1604
,,1608
,,1612
,,1616
,,1620
,,1624
,,1628
,,1632
,,1636
,,1640
,,1644
,,1648
,,1652
,,1656
,,1660
,,1664
,,1668
,,1672
,,1676
,,1680
,,1684
,,1688
,,1692
,,1696
,,1700
,,1704
,,1708
,,1712
,,1716
,,1720
,,1724
,,1728
,,1732
,,1736
,,1740
,,1744
,,1748
,,1752
,,1756
,,1760
,,1764
,,1768
,,1772
,,1776
,,1780
,,1784
,,1788
,,1792
,,1796
,,1800
,,1804
,,1808
,,1812
,,1816
,,1820
,,1824
,,1828
,,1832
,,1836
,,1840
,,1844
,,1848
,,1852
,,1856
,,1860
,,1864
,,1868
,,1872
,,1876
,,1880
,,1884
,,1888
,,1892
,,1896
,,1900
,,1904
,,1908
,,1912
,,1916
,,1920
,,1924
,,1928
,,1932
,,1936
,,1940
,,1944
,,1948
,,1952
,,1956
,,1960
,,1964
,,1968
,,1972
,,1976
,,1980
,,1984
,,1988
,,1992
,,1996
,,2000
,,2004
,,2008
,,2012
,,2016
,,2020
,,2024
,,2028
,,2032
,,2036
,,2040
,,2044
,,1536
