CoreId,CoreTypeId,VfId,MetricId,MetricName,MetricDelta
0,2,3,1,c_stat_ub_ldu_busy,10
0,2,4,1,c_stat_ub_ldu_busy,3
0,2,5,1,c_stat_ub_ldu_busy,10
0,2,6,1,c_stat_ub_ldu_busy,3
0,2,7,1,c_stat_ub_ldu_busy,10
0,2,8,1,c_stat_ub_ldu_busy,3
0,2,9,1,c_stat_ub_ldu_busy,10
0,2,10,1,c_stat_ub_ldu_busy,3
0,2,11,1,c_stat_ub_ldu_busy,10
0,2,12,1,c_stat_ub_ldu_busy,3
0,2,13,1,c_stat_ub_ldu_busy,10
0,2,14,1,c_stat_ub_ldu_busy,3
0,2,15,1,c_stat_ub_ldu_busy,10
0,2,16,1,c_stat_ub_ldu_busy,3
0,2,17,1,c_stat_ub_ldu_busy,10
0,2,18,1,c_stat_ub_ldu_busy,3
0,2,3,2,c_stat_ub_stu_busy,10
0,2,4,2,c_stat_ub_stu_busy,2
0,2,5,2,c_stat_ub_stu_busy,10
0,2,6,2,c_stat_ub_stu_busy,2
0,2,7,2,c_stat_ub_stu_busy,10
0,2,8,2,c_stat_ub_stu_busy,2
0,2,9,2,c_stat_ub_stu_busy,10
0,2,10,2,c_stat_ub_stu_busy,2
0,2,11,2,c_stat_ub_stu_busy,10
0,2,12,2,c_stat_ub_stu_busy,2
0,2,13,2,c_stat_ub_stu_busy,10
0,2,14,2,c_stat_ub_stu_busy,2
0,2,15,2,c_stat_ub_stu_busy,10
0,2,16,2,c_stat_ub_stu_busy,2
0,2,17,2,c_stat_ub_stu_busy,10
0,2,18,2,c_stat_ub_stu_busy,2
0,2,3,3,c_stat_ub_gsu_busy,0
0,2,4,3,c_stat_ub_gsu_busy,0
0,2,5,3,c_stat_ub_gsu_busy,0
0,2,6,3,c_stat_ub_gsu_busy,0
0,2,7,3,c_stat_ub_gsu_busy,0
0,2,8,3,c_stat_ub_gsu_busy,0
0,2,9,3,c_stat_ub_gsu_busy,0
0,2,10,3,c_stat_ub_gsu_busy,0
0,2,11,3,c_stat_ub_gsu_busy,0
0,2,12,3,c_stat_ub_gsu_busy,0
0,2,13,3,c_stat_ub_gsu_busy,0
0,2,14,3,c_stat_ub_gsu_busy,0
0,2,15,3,c_stat_ub_gsu_busy,0
0,2,16,3,c_stat_ub_gsu_busy,0
0,2,17,3,c_stat_ub_gsu_busy,0
0,2,18,3,c_stat_ub_gsu_busy,0
0,2,3,4,c_stat_ub_lsu_busy,20
0,2,4,4,c_stat_ub_lsu_busy,5
0,2,5,4,c_stat_ub_lsu_busy,20
0,2,6,4,c_stat_ub_lsu_busy,5
0,2,7,4,c_stat_ub_lsu_busy,20
0,2,8,4,c_stat_ub_lsu_busy,5
0,2,9,4,c_stat_ub_lsu_busy,20
0,2,10,4,c_stat_ub_lsu_busy,5
0,2,11,4,c_stat_ub_lsu_busy,20
0,2,12,4,c_stat_ub_lsu_busy,5
0,2,13,4,c_stat_ub_lsu_busy,20
0,2,14,4,c_stat_ub_lsu_busy,5
0,2,15,4,c_stat_ub_lsu_busy,20
0,2,16,4,c_stat_ub_lsu_busy,5
0,2,17,4,c_stat_ub_lsu_busy,20
0,2,18,4,c_stat_ub_lsu_busy,5
0,2,3,5,c_stat_ub_vec_busy,20
0,2,4,5,c_stat_ub_vec_busy,5
0,2,5,5,c_stat_ub_vec_busy,20
0,2,6,5,c_stat_ub_vec_busy,5
0,2,7,5,c_stat_ub_vec_busy,20
0,2,8,5,c_stat_ub_vec_busy,5
0,2,9,5,c_stat_ub_vec_busy,20
0,2,10,5,c_stat_ub_vec_busy,5
0,2,11,5,c_stat_ub_vec_busy,20
0,2,12,5,c_stat_ub_vec_busy,5
0,2,13,5,c_stat_ub_vec_busy,20
0,2,14,5,c_stat_ub_vec_busy,5
0,2,15,5,c_stat_ub_vec_busy,20
0,2,16,5,c_stat_ub_vec_busy,5
0,2,17,5,c_stat_ub_vec_busy,20
0,2,18,5,c_stat_ub_vec_busy,5
0,2,3,6,c_stat_ldu_blocked,2
0,2,4,6,c_stat_ldu_blocked,1
0,2,5,6,c_stat_ldu_blocked,2
0,2,6,6,c_stat_ldu_blocked,1
0,2,7,6,c_stat_ldu_blocked,2
0,2,8,6,c_stat_ldu_blocked,1
0,2,9,6,c_stat_ldu_blocked,2
0,2,10,6,c_stat_ldu_blocked,1
0,2,11,6,c_stat_ldu_blocked,2
0,2,12,6,c_stat_ldu_blocked,1
0,2,13,6,c_stat_ldu_blocked,2
0,2,14,6,c_stat_ldu_blocked,1
0,2,15,6,c_stat_ldu_blocked,2
0,2,16,6,c_stat_ldu_blocked,1
0,2,17,6,c_stat_ldu_blocked,2
0,2,18,6,c_stat_ldu_blocked,1
0,2,3,7,c_stat_stu_blocked,0
0,2,4,7,c_stat_stu_blocked,0
0,2,5,7,c_stat_stu_blocked,0
0,2,6,7,c_stat_stu_blocked,0
0,2,7,7,c_stat_stu_blocked,0
0,2,8,7,c_stat_stu_blocked,0
0,2,9,7,c_stat_stu_blocked,0
0,2,10,7,c_stat_stu_blocked,0
0,2,11,7,c_stat_stu_blocked,0
0,2,12,7,c_stat_stu_blocked,0
0,2,13,7,c_stat_stu_blocked,0
0,2,14,7,c_stat_stu_blocked,0
0,2,15,7,c_stat_stu_blocked,0
0,2,16,7,c_stat_stu_blocked,0
0,2,17,7,c_stat_stu_blocked,0
0,2,18,7,c_stat_stu_blocked,0
0,2,3,8,c_stat_ldu_grant_size,3584
0,2,4,8,c_stat_ldu_grant_size,1024
0,2,5,8,c_stat_ldu_grant_size,3584
0,2,6,8,c_stat_ldu_grant_size,1024
0,2,7,8,c_stat_ldu_grant_size,3584
0,2,8,8,c_stat_ldu_grant_size,1024
0,2,9,8,c_stat_ldu_grant_size,3584
0,2,10,8,c_stat_ldu_grant_size,1024
0,2,11,8,c_stat_ldu_grant_size,3584
0,2,12,8,c_stat_ldu_grant_size,1024
0,2,13,8,c_stat_ldu_grant_size,3584
0,2,14,8,c_stat_ldu_grant_size,1024
0,2,15,8,c_stat_ldu_grant_size,3584
0,2,16,8,c_stat_ldu_grant_size,1024
0,2,17,8,c_stat_ldu_grant_size,3584
0,2,18,8,c_stat_ldu_grant_size,1024
0,2,3,9,c_stat_stu_grant_size,2560
0,2,4,9,c_stat_stu_grant_size,512
0,2,5,9,c_stat_stu_grant_size,2560
0,2,6,9,c_stat_stu_grant_size,512
0,2,7,9,c_stat_stu_grant_size,2560
0,2,8,9,c_stat_stu_grant_size,512
0,2,9,9,c_stat_stu_grant_size,2560
0,2,10,9,c_stat_stu_grant_size,512
0,2,11,9,c_stat_stu_grant_size,2560
0,2,12,9,c_stat_stu_grant_size,512
0,2,13,9,c_stat_stu_grant_size,2560
0,2,14,9,c_stat_stu_grant_size,512
0,2,15,9,c_stat_stu_grant_size,2560
0,2,16,9,c_stat_stu_grant_size,512
0,2,17,9,c_stat_stu_grant_size,2560
0,2,18,9,c_stat_stu_grant_size,512
0,2,3,10,c_stat_gsu_grant_size,0
0,2,4,10,c_stat_gsu_grant_size,0
0,2,5,10,c_stat_gsu_grant_size,0
0,2,6,10,c_stat_gsu_grant_size,0
0,2,7,10,c_stat_gsu_grant_size,0
0,2,8,10,c_stat_gsu_grant_size,0
0,2,9,10,c_stat_gsu_grant_size,0
0,2,10,10,c_stat_gsu_grant_size,0
0,2,11,10,c_stat_gsu_grant_size,0
0,2,12,10,c_stat_gsu_grant_size,0
0,2,13,10,c_stat_gsu_grant_size,0
0,2,14,10,c_stat_gsu_grant_size,0
0,2,15,10,c_stat_gsu_grant_size,0
0,2,16,10,c_stat_gsu_grant_size,0
0,2,17,10,c_stat_gsu_grant_size,0
0,2,18,10,c_stat_gsu_grant_size,0
0,2,3,11,c_cycle_icache_miss,0
0,2,4,11,c_cycle_icache_miss,335
0,2,5,11,c_cycle_icache_miss,0
0,2,6,11,c_cycle_icache_miss,0
0,2,7,11,c_cycle_icache_miss,0
0,2,8,11,c_cycle_icache_miss,0
0,2,9,11,c_cycle_icache_miss,0
0,2,10,11,c_cycle_icache_miss,0
0,2,11,11,c_cycle_icache_miss,0
0,2,12,11,c_cycle_icache_miss,0
0,2,13,11,c_cycle_icache_miss,0
0,2,14,11,c_cycle_icache_miss,0
0,2,15,11,c_cycle_icache_miss,0
0,2,16,11,c_cycle_icache_miss,0
0,2,17,11,c_cycle_icache_miss,0
0,2,18,11,c_cycle_icache_miss,0
0,2,3,12,c_cycle_send_stall,125
0,2,4,12,c_cycle_send_stall,42
0,2,5,12,c_cycle_send_stall,24
0,2,6,12,c_cycle_send_stall,14
0,2,7,12,c_cycle_send_stall,13
0,2,8,12,c_cycle_send_stall,36
0,2,9,12,c_cycle_send_stall,24
0,2,10,12,c_cycle_send_stall,14
0,2,11,12,c_cycle_send_stall,13
0,2,12,12,c_cycle_send_stall,36
0,2,13,12,c_cycle_send_stall,24
0,2,14,12,c_cycle_send_stall,14
0,2,15,12,c_cycle_send_stall,13
0,2,16,12,c_cycle_send_stall,36
0,2,17,12,c_cycle_send_stall,24
0,2,18,12,c_cycle_send_stall,36
0,2,3,13,c_cycle_branch_wait_sreg,0
0,2,4,13,c_cycle_branch_wait_sreg,0
0,2,5,13,c_cycle_branch_wait_sreg,0
0,2,6,13,c_cycle_branch_wait_sreg,0
0,2,7,13,c_cycle_branch_wait_sreg,0
0,2,8,13,c_cycle_branch_wait_sreg,0
0,2,9,13,c_cycle_branch_wait_sreg,0
0,2,10,13,c_cycle_branch_wait_sreg,0
0,2,11,13,c_cycle_branch_wait_sreg,0
0,2,12,13,c_cycle_branch_wait_sreg,0
0,2,13,13,c_cycle_branch_wait_sreg,0
0,2,14,13,c_cycle_branch_wait_sreg,0
0,2,15,13,c_cycle_branch_wait_sreg,0
0,2,16,13,c_cycle_branch_wait_sreg,0
0,2,17,13,c_cycle_branch_wait_sreg,0
0,2,18,13,c_cycle_branch_wait_sreg,0
0,2,3,14,c_cycle_vloop_wait_sreg,0
0,2,4,14,c_cycle_vloop_wait_sreg,0
0,2,5,14,c_cycle_vloop_wait_sreg,0
0,2,6,14,c_cycle_vloop_wait_sreg,0
0,2,7,14,c_cycle_vloop_wait_sreg,0
0,2,8,14,c_cycle_vloop_wait_sreg,0
0,2,9,14,c_cycle_vloop_wait_sreg,0
0,2,10,14,c_cycle_vloop_wait_sreg,0
0,2,11,14,c_cycle_vloop_wait_sreg,0
0,2,12,14,c_cycle_vloop_wait_sreg,0
0,2,13,14,c_cycle_vloop_wait_sreg,0
0,2,14,14,c_cycle_vloop_wait_sreg,0
0,2,15,14,c_cycle_vloop_wait_sreg,0
0,2,16,14,c_cycle_vloop_wait_sreg,0
0,2,17,14,c_cycle_vloop_wait_sreg,0
0,2,18,14,c_cycle_vloop_wait_sreg,0
0,2,3,15,c_cycle_vloop_bmode_flush,0
0,2,4,15,c_cycle_vloop_bmode_flush,0
0,2,5,15,c_cycle_vloop_bmode_flush,0
0,2,6,15,c_cycle_vloop_bmode_flush,0
0,2,7,15,c_cycle_vloop_bmode_flush,0
0,2,8,15,c_cycle_vloop_bmode_flush,0
0,2,9,15,c_cycle_vloop_bmode_flush,0
0,2,10,15,c_cycle_vloop_bmode_flush,0
0,2,11,15,c_cycle_vloop_bmode_flush,0
0,2,12,15,c_cycle_vloop_bmode_flush,0
0,2,13,15,c_cycle_vloop_bmode_flush,0
0,2,14,15,c_cycle_vloop_bmode_flush,0
0,2,15,15,c_cycle_vloop_bmode_flush,0
0,2,16,15,c_cycle_vloop_bmode_flush,0
0,2,17,15,c_cycle_vloop_bmode_flush,0
0,2,18,15,c_cycle_vloop_bmode_flush,0
0,2,3,16,c_cycle_vloop_fetch_flush,6
0,2,4,16,c_cycle_vloop_fetch_flush,343
0,2,5,16,c_cycle_vloop_fetch_flush,12
0,2,6,16,c_cycle_vloop_fetch_flush,6
0,2,7,16,c_cycle_vloop_fetch_flush,6
0,2,8,16,c_cycle_vloop_fetch_flush,0
0,2,9,16,c_cycle_vloop_fetch_flush,12
0,2,10,16,c_cycle_vloop_fetch_flush,6
0,2,11,16,c_cycle_vloop_fetch_flush,6
0,2,12,16,c_cycle_vloop_fetch_flush,0
0,2,13,16,c_cycle_vloop_fetch_flush,12
0,2,14,16,c_cycle_vloop_fetch_flush,6
0,2,15,16,c_cycle_vloop_fetch_flush,6
0,2,16,16,c_cycle_vloop_fetch_flush,0
0,2,17,16,c_cycle_vloop_fetch_flush,12
0,2,18,16,c_cycle_vloop_fetch_flush,0
0,2,3,17,c_cycle_vloop_execution,10
0,2,4,17,c_cycle_vloop_execution,2
0,2,5,17,c_cycle_vloop_execution,12
0,2,6,17,c_cycle_vloop_execution,3
0,2,7,17,c_cycle_vloop_execution,9
0,2,8,17,c_cycle_vloop_execution,0
0,2,9,17,c_cycle_vloop_execution,12
0,2,10,17,c_cycle_vloop_execution,3
0,2,11,17,c_cycle_vloop_execution,9
0,2,12,17,c_cycle_vloop_execution,0
0,2,13,17,c_cycle_vloop_execution,12
0,2,14,17,c_cycle_vloop_execution,3
0,2,15,17,c_cycle_vloop_execution,9
0,2,16,17,c_cycle_vloop_execution,0
0,2,17,17,c_cycle_vloop_execution,12
0,2,18,17,c_cycle_vloop_execution,0
0,2,3,18,c_cycle_vloop_stall,16
0,2,4,18,c_cycle_vloop_stall,345
0,2,5,18,c_cycle_vloop_stall,24
0,2,6,18,c_cycle_vloop_stall,9
0,2,7,18,c_cycle_vloop_stall,15
0,2,8,18,c_cycle_vloop_stall,0
0,2,9,18,c_cycle_vloop_stall,24
0,2,10,18,c_cycle_vloop_stall,9
0,2,11,18,c_cycle_vloop_stall,15
0,2,12,18,c_cycle_vloop_stall,0
0,2,13,18,c_cycle_vloop_stall,24
0,2,14,18,c_cycle_vloop_stall,9
0,2,15,18,c_cycle_vloop_stall,15
0,2,16,18,c_cycle_vloop_stall,0
0,2,17,18,c_cycle_vloop_stall,24
0,2,18,18,c_cycle_vloop_stall,0
0,2,3,19,c_cycle_wait_sreg,0
0,2,4,19,c_cycle_wait_sreg,0
0,2,5,19,c_cycle_wait_sreg,0
0,2,6,19,c_cycle_wait_sreg,0
0,2,7,19,c_cycle_wait_sreg,0
0,2,8,19,c_cycle_wait_sreg,0
0,2,9,19,c_cycle_wait_sreg,0
0,2,10,19,c_cycle_wait_sreg,0
0,2,11,19,c_cycle_wait_sreg,0
0,2,12,19,c_cycle_wait_sreg,0
0,2,13,19,c_cycle_wait_sreg,0
0,2,14,19,c_cycle_wait_sreg,0
0,2,15,19,c_cycle_wait_sreg,0
0,2,16,19,c_cycle_wait_sreg,0
0,2,17,19,c_cycle_wait_sreg,0
0,2,18,19,c_cycle_wait_sreg,0
0,2,3,20,c_slot_idu_disp_total,65
0,2,4,20,c_slot_idu_disp_total,15
0,2,5,20,c_slot_idu_disp_total,65
0,2,6,20,c_slot_idu_disp_total,15
0,2,7,20,c_slot_idu_disp_total,65
0,2,8,20,c_slot_idu_disp_total,15
0,2,9,20,c_slot_idu_disp_total,65
0,2,10,20,c_slot_idu_disp_total,15
0,2,11,20,c_slot_idu_disp_total,65
0,2,12,20,c_slot_idu_disp_total,15
0,2,13,20,c_slot_idu_disp_total,65
0,2,14,20,c_slot_idu_disp_total,15
0,2,15,20,c_slot_idu_disp_total,65
0,2,16,20,c_slot_idu_disp_total,15
0,2,17,20,c_slot_idu_disp_total,65
0,2,18,20,c_slot_idu_disp_total,15
0,2,3,21,c_slot_idu_not_disp.asu_busy,0
0,2,4,21,c_slot_idu_not_disp.asu_busy,0
0,2,5,21,c_slot_idu_not_disp.asu_busy,0
0,2,6,21,c_slot_idu_not_disp.asu_busy,0
0,2,7,21,c_slot_idu_not_disp.asu_busy,0
0,2,8,21,c_slot_idu_not_disp.asu_busy,0
0,2,9,21,c_slot_idu_not_disp.asu_busy,0
0,2,10,21,c_slot_idu_not_disp.asu_busy,0
0,2,11,21,c_slot_idu_not_disp.asu_busy,0
0,2,12,21,c_slot_idu_not_disp.asu_busy,0
0,2,13,21,c_slot_idu_not_disp.asu_busy,0
0,2,14,21,c_slot_idu_not_disp.asu_busy,0
0,2,15,21,c_slot_idu_not_disp.asu_busy,0
0,2,16,21,c_slot_idu_not_disp.asu_busy,0
0,2,17,21,c_slot_idu_not_disp.asu_busy,0
0,2,18,21,c_slot_idu_not_disp.asu_busy,0
0,2,3,22,c_slot_idu_not_disp.vec_stall,0
0,2,4,22,c_slot_idu_not_disp.vec_stall,0
0,2,5,22,c_slot_idu_not_disp.vec_stall,0
0,2,6,22,c_slot_idu_not_disp.vec_stall,0
0,2,7,22,c_slot_idu_not_disp.vec_stall,0
0,2,8,22,c_slot_idu_not_disp.vec_stall,0
0,2,9,22,c_slot_idu_not_disp.vec_stall,0
0,2,10,22,c_slot_idu_not_disp.vec_stall,0
0,2,11,22,c_slot_idu_not_disp.vec_stall,0
0,2,12,22,c_slot_idu_not_disp.vec_stall,0
0,2,13,22,c_slot_idu_not_disp.vec_stall,0
0,2,14,22,c_slot_idu_not_disp.vec_stall,0
0,2,15,22,c_slot_idu_not_disp.vec_stall,0
0,2,16,22,c_slot_idu_not_disp.vec_stall,0
0,2,17,22,c_slot_idu_not_disp.vec_stall,0
0,2,18,22,c_slot_idu_not_disp.vec_stall,0
0,2,3,23,c_slot_idu_not_disp.fe_bound,1009
0,2,4,23,c_slot_idu_not_disp.fe_bound,2349
0,2,5,23,c_slot_idu_not_disp.fe_bound,1009
0,2,6,23,c_slot_idu_not_disp.fe_bound,207
0,2,7,23,c_slot_idu_not_disp.fe_bound,889
0,2,8,23,c_slot_idu_not_disp.fe_bound,207
0,2,9,23,c_slot_idu_not_disp.fe_bound,1009
0,2,10,23,c_slot_idu_not_disp.fe_bound,207
0,2,11,23,c_slot_idu_not_disp.fe_bound,889
0,2,12,23,c_slot_idu_not_disp.fe_bound,207
0,2,13,23,c_slot_idu_not_disp.fe_bound,1009
0,2,14,23,c_slot_idu_not_disp.fe_bound,207
0,2,15,23,c_slot_idu_not_disp.fe_bound,889
0,2,16,23,c_slot_idu_not_disp.fe_bound,207
0,2,17,23,c_slot_idu_not_disp.fe_bound,1009
0,2,18,23,c_slot_idu_not_disp.fe_bound,207
0,2,3,24,c_cycle_idu_not_disp.asu_busy,0
0,2,4,24,c_cycle_idu_not_disp.asu_busy,0
0,2,5,24,c_cycle_idu_not_disp.asu_busy,0
0,2,6,24,c_cycle_idu_not_disp.asu_busy,0
0,2,7,24,c_cycle_idu_not_disp.asu_busy,0
0,2,8,24,c_cycle_idu_not_disp.asu_busy,0
0,2,9,24,c_cycle_idu_not_disp.asu_busy,0
0,2,10,24,c_cycle_idu_not_disp.asu_busy,0
0,2,11,24,c_cycle_idu_not_disp.asu_busy,0
0,2,12,24,c_cycle_idu_not_disp.asu_busy,0
0,2,13,24,c_cycle_idu_not_disp.asu_busy,0
0,2,14,24,c_cycle_idu_not_disp.asu_busy,0
0,2,15,24,c_cycle_idu_not_disp.asu_busy,0
0,2,16,24,c_cycle_idu_not_disp.asu_busy,0
0,2,17,24,c_cycle_idu_not_disp.asu_busy,0
0,2,18,24,c_cycle_idu_not_disp.asu_busy,0
0,2,3,25,c_cycle_idu_not_disp.vec_stall,0
0,2,4,25,c_cycle_idu_not_disp.vec_stall,0
0,2,5,25,c_cycle_idu_not_disp.vec_stall,0
0,2,6,25,c_cycle_idu_not_disp.vec_stall,0
0,2,7,25,c_cycle_idu_not_disp.vec_stall,0
0,2,8,25,c_cycle_idu_not_disp.vec_stall,0
0,2,9,25,c_cycle_idu_not_disp.vec_stall,0
0,2,10,25,c_cycle_idu_not_disp.vec_stall,0
0,2,11,25,c_cycle_idu_not_disp.vec_stall,0
0,2,12,25,c_cycle_idu_not_disp.vec_stall,0
0,2,13,25,c_cycle_idu_not_disp.vec_stall,0
0,2,14,25,c_cycle_idu_not_disp.vec_stall,0
0,2,15,25,c_cycle_idu_not_disp.vec_stall,0
0,2,16,25,c_cycle_idu_not_disp.vec_stall,0
0,2,17,25,c_cycle_idu_not_disp.vec_stall,0
0,2,18,25,c_cycle_idu_not_disp.vec_stall,0
0,2,3,26,c_cycle_idu_not_disp.fe_bound,179
0,2,4,26,c_cycle_idu_not_disp.fe_bound,394
0,2,5,26,c_cycle_idu_not_disp.fe_bound,179
0,2,6,26,c_cycle_idu_not_disp.fe_bound,37
0,2,7,26,c_cycle_idu_not_disp.fe_bound,159
0,2,8,26,c_cycle_idu_not_disp.fe_bound,37
0,2,9,26,c_cycle_idu_not_disp.fe_bound,179
0,2,10,26,c_cycle_idu_not_disp.fe_bound,37
0,2,11,26,c_cycle_idu_not_disp.fe_bound,159
0,2,12,26,c_cycle_idu_not_disp.fe_bound,37
0,2,13,26,c_cycle_idu_not_disp.fe_bound,179
0,2,14,26,c_cycle_idu_not_disp.fe_bound,37
0,2,15,26,c_cycle_idu_not_disp.fe_bound,159
0,2,16,26,c_cycle_idu_not_disp.fe_bound,37
0,2,17,26,c_cycle_idu_not_disp.fe_bound,179
0,2,18,26,c_cycle_idu_not_disp.fe_bound,37
0,2,3,27,c_cycle_idu_fifo_empty,158
0,2,4,27,c_cycle_idu_fifo_empty,389
0,2,5,27,c_cycle_idu_fifo_empty,54
0,2,6,27,c_cycle_idu_fifo_empty,19
0,2,7,27,c_cycle_idu_fifo_empty,30
0,2,8,27,c_cycle_idu_fifo_empty,33
0,2,9,27,c_cycle_idu_fifo_empty,54
0,2,10,27,c_cycle_idu_fifo_empty,19
0,2,11,27,c_cycle_idu_fifo_empty,30
0,2,12,27,c_cycle_idu_fifo_empty,33
0,2,13,27,c_cycle_idu_fifo_empty,54
0,2,14,27,c_cycle_idu_fifo_empty,19
0,2,15,27,c_cycle_idu_fifo_empty,30
0,2,16,27,c_cycle_idu_fifo_empty,33
0,2,17,27,c_cycle_idu_fifo_empty,54
0,2,18,27,c_cycle_idu_fifo_empty,33
0,2,3,28,c_cycle_idu_fifo_stall,20
0,2,4,28,c_cycle_idu_fifo_stall,4
0,2,5,28,c_cycle_idu_fifo_stall,20
0,2,6,28,c_cycle_idu_fifo_stall,1
0,2,7,28,c_cycle_idu_fifo_stall,13
0,2,8,28,c_cycle_idu_fifo_stall,1
0,2,9,28,c_cycle_idu_fifo_stall,20
0,2,10,28,c_cycle_idu_fifo_stall,1
0,2,11,28,c_cycle_idu_fifo_stall,13
0,2,12,28,c_cycle_idu_fifo_stall,1
0,2,13,28,c_cycle_idu_fifo_stall,20
0,2,14,28,c_cycle_idu_fifo_stall,1
0,2,15,28,c_cycle_idu_fifo_stall,13
0,2,16,28,c_cycle_idu_fifo_stall,1
0,2,17,28,c_cycle_idu_fifo_stall,20
0,2,18,28,c_cycle_idu_fifo_stall,1
0,2,3,29,c_cycle_idu_sreg_stall,0
0,2,4,29,c_cycle_idu_sreg_stall,0
0,2,5,29,c_cycle_idu_sreg_stall,0
0,2,6,29,c_cycle_idu_sreg_stall,0
0,2,7,29,c_cycle_idu_sreg_stall,0
0,2,8,29,c_cycle_idu_sreg_stall,0
0,2,9,29,c_cycle_idu_sreg_stall,0
0,2,10,29,c_cycle_idu_sreg_stall,0
0,2,11,29,c_cycle_idu_sreg_stall,0
0,2,12,29,c_cycle_idu_sreg_stall,0
0,2,13,29,c_cycle_idu_sreg_stall,0
0,2,14,29,c_cycle_idu_sreg_stall,0
0,2,15,29,c_cycle_idu_sreg_stall,0
0,2,16,29,c_cycle_idu_sreg_stall,0
0,2,17,29,c_cycle_idu_sreg_stall,0
0,2,18,29,c_cycle_idu_sreg_stall,0
0,2,3,30,c_cycle_idu_instr_stall,1
0,2,4,30,c_cycle_idu_instr_stall,1
0,2,5,30,c_cycle_idu_instr_stall,1
0,2,6,30,c_cycle_idu_instr_stall,1
0,2,7,30,c_cycle_idu_instr_stall,6
0,2,8,30,c_cycle_idu_instr_stall,1
0,2,9,30,c_cycle_idu_instr_stall,1
0,2,10,30,c_cycle_idu_instr_stall,1
0,2,11,30,c_cycle_idu_instr_stall,6
0,2,12,30,c_cycle_idu_instr_stall,1
0,2,13,30,c_cycle_idu_instr_stall,1
0,2,14,30,c_cycle_idu_instr_stall,1
0,2,15,30,c_cycle_idu_instr_stall,6
0,2,16,30,c_cycle_idu_instr_stall,1
0,2,17,30,c_cycle_idu_instr_stall,1
0,2,18,30,c_cycle_idu_instr_stall,1
0,2,3,31,c_cycle_idu_instr_stall.vloop_iter,0
0,2,4,31,c_cycle_idu_instr_stall.vloop_iter,0
0,2,5,31,c_cycle_idu_instr_stall.vloop_iter,0
0,2,6,31,c_cycle_idu_instr_stall.vloop_iter,0
0,2,7,31,c_cycle_idu_instr_stall.vloop_iter,5
0,2,8,31,c_cycle_idu_instr_stall.vloop_iter,0
0,2,9,31,c_cycle_idu_instr_stall.vloop_iter,0
0,2,10,31,c_cycle_idu_instr_stall.vloop_iter,0
0,2,11,31,c_cycle_idu_instr_stall.vloop_iter,5
0,2,12,31,c_cycle_idu_instr_stall.vloop_iter,0
0,2,13,31,c_cycle_idu_instr_stall.vloop_iter,0
0,2,14,31,c_cycle_idu_instr_stall.vloop_iter,0
0,2,15,31,c_cycle_idu_instr_stall.vloop_iter,5
0,2,16,31,c_cycle_idu_instr_stall.vloop_iter,0
0,2,17,31,c_cycle_idu_instr_stall.vloop_iter,0
0,2,18,31,c_cycle_idu_instr_stall.vloop_iter,0
0,2,3,32,c_cycle_idu_instr_stall.uop_split,0
0,2,4,32,c_cycle_idu_instr_stall.uop_split,0
0,2,5,32,c_cycle_idu_instr_stall.uop_split,0
0,2,6,32,c_cycle_idu_instr_stall.uop_split,0
0,2,7,32,c_cycle_idu_instr_stall.uop_split,0
0,2,8,32,c_cycle_idu_instr_stall.uop_split,0
0,2,9,32,c_cycle_idu_instr_stall.uop_split,0
0,2,10,32,c_cycle_idu_instr_stall.uop_split,0
0,2,11,32,c_cycle_idu_instr_stall.uop_split,0
0,2,12,32,c_cycle_idu_instr_stall.uop_split,0
0,2,13,32,c_cycle_idu_instr_stall.uop_split,0
0,2,14,32,c_cycle_idu_instr_stall.uop_split,0
0,2,15,32,c_cycle_idu_instr_stall.uop_split,0
0,2,16,32,c_cycle_idu_instr_stall.uop_split,0
0,2,17,32,c_cycle_idu_instr_stall.uop_split,0
0,2,18,32,c_cycle_idu_instr_stall.uop_split,0
0,2,3,33,c_cycle_idu_ports_stall,0
0,2,4,33,c_cycle_idu_ports_stall,0
0,2,5,33,c_cycle_idu_ports_stall,0
0,2,6,33,c_cycle_idu_ports_stall,1
0,2,7,33,c_cycle_idu_ports_stall,1
0,2,8,33,c_cycle_idu_ports_stall,1
0,2,9,33,c_cycle_idu_ports_stall,0
0,2,10,33,c_cycle_idu_ports_stall,1
0,2,11,33,c_cycle_idu_ports_stall,1
0,2,12,33,c_cycle_idu_ports_stall,1
0,2,13,33,c_cycle_idu_ports_stall,0
0,2,14,33,c_cycle_idu_ports_stall,1
0,2,15,33,c_cycle_idu_ports_stall,1
0,2,16,33,c_cycle_idu_ports_stall,1
0,2,17,33,c_cycle_idu_ports_stall,0
0,2,18,33,c_cycle_idu_ports_stall,1
0,2,3,34,c_cycle_idu_ports_stall.asu,0
0,2,4,34,c_cycle_idu_ports_stall.asu,0
0,2,5,34,c_cycle_idu_ports_stall.asu,0
0,2,6,34,c_cycle_idu_ports_stall.asu,0
0,2,7,34,c_cycle_idu_ports_stall.asu,0
0,2,8,34,c_cycle_idu_ports_stall.asu,0
0,2,9,34,c_cycle_idu_ports_stall.asu,0
0,2,10,34,c_cycle_idu_ports_stall.asu,0
0,2,11,34,c_cycle_idu_ports_stall.asu,0
0,2,12,34,c_cycle_idu_ports_stall.asu,0
0,2,13,34,c_cycle_idu_ports_stall.asu,0
0,2,14,34,c_cycle_idu_ports_stall.asu,0
0,2,15,34,c_cycle_idu_ports_stall.asu,0
0,2,16,34,c_cycle_idu_ports_stall.asu,0
0,2,17,34,c_cycle_idu_ports_stall.asu,0
0,2,18,34,c_cycle_idu_ports_stall.asu,0
0,2,3,35,c_cycle_idu_ports_stall.vec,0
0,2,4,35,c_cycle_idu_ports_stall.vec,0
0,2,5,35,c_cycle_idu_ports_stall.vec,0
0,2,6,35,c_cycle_idu_ports_stall.vec,1
0,2,7,35,c_cycle_idu_ports_stall.vec,1
0,2,8,35,c_cycle_idu_ports_stall.vec,1
0,2,9,35,c_cycle_idu_ports_stall.vec,0
0,2,10,35,c_cycle_idu_ports_stall.vec,1
0,2,11,35,c_cycle_idu_ports_stall.vec,1
0,2,12,35,c_cycle_idu_ports_stall.vec,1
0,2,13,35,c_cycle_idu_ports_stall.vec,0
0,2,14,35,c_cycle_idu_ports_stall.vec,1
0,2,15,35,c_cycle_idu_ports_stall.vec,1
0,2,16,35,c_cycle_idu_ports_stall.vec,1
0,2,17,35,c_cycle_idu_ports_stall.vec,0
0,2,18,35,c_cycle_idu_ports_stall.vec,1
0,2,3,36,c_slot_idu_not_disp.asu_ld_busy,0
0,2,4,36,c_slot_idu_not_disp.asu_ld_busy,0
0,2,5,36,c_slot_idu_not_disp.asu_ld_busy,0
0,2,6,36,c_slot_idu_not_disp.asu_ld_busy,0
0,2,7,36,c_slot_idu_not_disp.asu_ld_busy,0
0,2,8,36,c_slot_idu_not_disp.asu_ld_busy,0
0,2,9,36,c_slot_idu_not_disp.asu_ld_busy,0
0,2,10,36,c_slot_idu_not_disp.asu_ld_busy,0
0,2,11,36,c_slot_idu_not_disp.asu_ld_busy,0
0,2,12,36,c_slot_idu_not_disp.asu_ld_busy,0
0,2,13,36,c_slot_idu_not_disp.asu_ld_busy,0
0,2,14,36,c_slot_idu_not_disp.asu_ld_busy,0
0,2,15,36,c_slot_idu_not_disp.asu_ld_busy,0
0,2,16,36,c_slot_idu_not_disp.asu_ld_busy,0
0,2,17,36,c_slot_idu_not_disp.asu_ld_busy,0
0,2,18,36,c_slot_idu_not_disp.asu_ld_busy,0
0,2,3,37,c_slot_idu_not_disp.asu_st_busy,0
0,2,4,37,c_slot_idu_not_disp.asu_st_busy,0
0,2,5,37,c_slot_idu_not_disp.asu_st_busy,0
0,2,6,37,c_slot_idu_not_disp.asu_st_busy,0
0,2,7,37,c_slot_idu_not_disp.asu_st_busy,0
0,2,8,37,c_slot_idu_not_disp.asu_st_busy,0
0,2,9,37,c_slot_idu_not_disp.asu_st_busy,0
0,2,10,37,c_slot_idu_not_disp.asu_st_busy,0
0,2,11,37,c_slot_idu_not_disp.asu_st_busy,0
0,2,12,37,c_slot_idu_not_disp.asu_st_busy,0
0,2,13,37,c_slot_idu_not_disp.asu_st_busy,0
0,2,14,37,c_slot_idu_not_disp.asu_st_busy,0
0,2,15,37,c_slot_idu_not_disp.asu_st_busy,0
0,2,16,37,c_slot_idu_not_disp.asu_st_busy,0
0,2,17,37,c_slot_idu_not_disp.asu_st_busy,0
0,2,18,37,c_slot_idu_not_disp.asu_st_busy,0
0,2,3,38,c_slot_idu_not_disp.asu_mem_bar,0
0,2,4,38,c_slot_idu_not_disp.asu_mem_bar,0
0,2,5,38,c_slot_idu_not_disp.asu_mem_bar,0
0,2,6,38,c_slot_idu_not_disp.asu_mem_bar,0
0,2,7,38,c_slot_idu_not_disp.asu_mem_bar,0
0,2,8,38,c_slot_idu_not_disp.asu_mem_bar,0
0,2,9,38,c_slot_idu_not_disp.asu_mem_bar,0
0,2,10,38,c_slot_idu_not_disp.asu_mem_bar,0
0,2,11,38,c_slot_idu_not_disp.asu_mem_bar,0
0,2,12,38,c_slot_idu_not_disp.asu_mem_bar,0
0,2,13,38,c_slot_idu_not_disp.asu_mem_bar,0
0,2,14,38,c_slot_idu_not_disp.asu_mem_bar,0
0,2,15,38,c_slot_idu_not_disp.asu_mem_bar,0
0,2,16,38,c_slot_idu_not_disp.asu_mem_bar,0
0,2,17,38,c_slot_idu_not_disp.asu_mem_bar,0
0,2,18,38,c_slot_idu_not_disp.asu_mem_bar,0
0,2,3,39,c_cycle_shq_stall,0
0,2,4,39,c_cycle_shq_stall,0
0,2,5,39,c_cycle_shq_stall,0
0,2,6,39,c_cycle_shq_stall,0
0,2,7,39,c_cycle_shq_stall,0
0,2,8,39,c_cycle_shq_stall,0
0,2,9,39,c_cycle_shq_stall,0
0,2,10,39,c_cycle_shq_stall,0
0,2,11,39,c_cycle_shq_stall,0
0,2,12,39,c_cycle_shq_stall,0
0,2,13,39,c_cycle_shq_stall,0
0,2,14,39,c_cycle_shq_stall,0
0,2,15,39,c_cycle_shq_stall,0
0,2,16,39,c_cycle_shq_stall,0
0,2,17,39,c_cycle_shq_stall,0
0,2,18,39,c_cycle_shq_stall,0
0,2,3,40,c_cycle_ldq_stall,0
0,2,4,40,c_cycle_ldq_stall,0
0,2,5,40,c_cycle_ldq_stall,0
0,2,6,40,c_cycle_ldq_stall,0
0,2,7,40,c_cycle_ldq_stall,0
0,2,8,40,c_cycle_ldq_stall,0
0,2,9,40,c_cycle_ldq_stall,0
0,2,10,40,c_cycle_ldq_stall,0
0,2,11,40,c_cycle_ldq_stall,0
0,2,12,40,c_cycle_ldq_stall,0
0,2,13,40,c_cycle_ldq_stall,0
0,2,14,40,c_cycle_ldq_stall,0
0,2,15,40,c_cycle_ldq_stall,0
0,2,16,40,c_cycle_ldq_stall,0
0,2,17,40,c_cycle_ldq_stall,0
0,2,18,40,c_cycle_ldq_stall,0
0,2,3,41,c_cycle_stq_stall,0
0,2,4,41,c_cycle_stq_stall,0
0,2,5,41,c_cycle_stq_stall,0
0,2,6,41,c_cycle_stq_stall,0
0,2,7,41,c_cycle_stq_stall,0
0,2,8,41,c_cycle_stq_stall,0
0,2,9,41,c_cycle_stq_stall,0
0,2,10,41,c_cycle_stq_stall,0
0,2,11,41,c_cycle_stq_stall,0
0,2,12,41,c_cycle_stq_stall,0
0,2,13,41,c_cycle_stq_stall,0
0,2,14,41,c_cycle_stq_stall,0
0,2,15,41,c_cycle_stq_stall,0
0,2,16,41,c_cycle_stq_stall,0
0,2,17,41,c_cycle_stq_stall,0
0,2,18,41,c_cycle_stq_stall,0
0,2,3,42,c_cycle_exq0_stall,0
0,2,4,42,c_cycle_exq0_stall,0
0,2,5,42,c_cycle_exq0_stall,0
0,2,6,42,c_cycle_exq0_stall,0
0,2,7,42,c_cycle_exq0_stall,0
0,2,8,42,c_cycle_exq0_stall,0
0,2,9,42,c_cycle_exq0_stall,0
0,2,10,42,c_cycle_exq0_stall,0
0,2,11,42,c_cycle_exq0_stall,0
0,2,12,42,c_cycle_exq0_stall,0
0,2,13,42,c_cycle_exq0_stall,0
0,2,14,42,c_cycle_exq0_stall,0
0,2,15,42,c_cycle_exq0_stall,0
0,2,16,42,c_cycle_exq0_stall,0
0,2,17,42,c_cycle_exq0_stall,0
0,2,18,42,c_cycle_exq0_stall,0
0,2,3,43,c_cycle_exq1_stall,0
0,2,4,43,c_cycle_exq1_stall,0
0,2,5,43,c_cycle_exq1_stall,0
0,2,6,43,c_cycle_exq1_stall,0
0,2,7,43,c_cycle_exq1_stall,0
0,2,8,43,c_cycle_exq1_stall,0
0,2,9,43,c_cycle_exq1_stall,0
0,2,10,43,c_cycle_exq1_stall,0
0,2,11,43,c_cycle_exq1_stall,0
0,2,12,43,c_cycle_exq1_stall,0
0,2,13,43,c_cycle_exq1_stall,0
0,2,14,43,c_cycle_exq1_stall,0
0,2,15,43,c_cycle_exq1_stall,0
0,2,16,43,c_cycle_exq1_stall,0
0,2,17,43,c_cycle_exq1_stall,0
0,2,18,43,c_cycle_exq1_stall,0
0,2,3,44,c_cycle_phy_reg_stall,0
0,2,4,44,c_cycle_phy_reg_stall,0
0,2,5,44,c_cycle_phy_reg_stall,0
0,2,6,44,c_cycle_phy_reg_stall,0
0,2,7,44,c_cycle_phy_reg_stall,0
0,2,8,44,c_cycle_phy_reg_stall,0
0,2,9,44,c_cycle_phy_reg_stall,0
0,2,10,44,c_cycle_phy_reg_stall,0
0,2,11,44,c_cycle_phy_reg_stall,0
0,2,12,44,c_cycle_phy_reg_stall,0
0,2,13,44,c_cycle_phy_reg_stall,0
0,2,14,44,c_cycle_phy_reg_stall,0
0,2,15,44,c_cycle_phy_reg_stall,0
0,2,16,44,c_cycle_phy_reg_stall,0
0,2,17,44,c_cycle_phy_reg_stall,0
0,2,18,44,c_cycle_phy_reg_stall,0
0,2,3,45,c_cycle_phy_preg_stall,0
0,2,4,45,c_cycle_phy_preg_stall,0
0,2,5,45,c_cycle_phy_preg_stall,0
0,2,6,45,c_cycle_phy_preg_stall,0
0,2,7,45,c_cycle_phy_preg_stall,0
0,2,8,45,c_cycle_phy_preg_stall,0
0,2,9,45,c_cycle_phy_preg_stall,0
0,2,10,45,c_cycle_phy_preg_stall,0
0,2,11,45,c_cycle_phy_preg_stall,0
0,2,12,45,c_cycle_phy_preg_stall,0
0,2,13,45,c_cycle_phy_preg_stall,0
0,2,14,45,c_cycle_phy_preg_stall,0
0,2,15,45,c_cycle_phy_preg_stall,0
0,2,16,45,c_cycle_phy_preg_stall,0
0,2,17,45,c_cycle_phy_preg_stall,0
0,2,18,45,c_cycle_phy_preg_stall,0
0,2,3,46,c_cycle_phy_vreg_stall,0
0,2,4,46,c_cycle_phy_vreg_stall,0
0,2,5,46,c_cycle_phy_vreg_stall,0
0,2,6,46,c_cycle_phy_vreg_stall,0
0,2,7,46,c_cycle_phy_vreg_stall,0
0,2,8,46,c_cycle_phy_vreg_stall,0
0,2,9,46,c_cycle_phy_vreg_stall,0
0,2,10,46,c_cycle_phy_vreg_stall,0
0,2,11,46,c_cycle_phy_vreg_stall,0
0,2,12,46,c_cycle_phy_vreg_stall,0
0,2,13,46,c_cycle_phy_vreg_stall,0
0,2,14,46,c_cycle_phy_vreg_stall,0
0,2,15,46,c_cycle_phy_vreg_stall,0
0,2,16,46,c_cycle_phy_vreg_stall,0
0,2,17,46,c_cycle_phy_vreg_stall,0
0,2,18,46,c_cycle_phy_vreg_stall,0
0,2,3,47,c_slot_idu_disp_rvecsu,10
0,2,4,47,c_slot_idu_disp_rvecsu,2
0,2,5,47,c_slot_idu_disp_rvecsu,10
0,2,6,47,c_slot_idu_disp_rvecsu,2
0,2,7,47,c_slot_idu_disp_rvecsu,10
0,2,8,47,c_slot_idu_disp_rvecsu,2
0,2,9,47,c_slot_idu_disp_rvecsu,10
0,2,10,47,c_slot_idu_disp_rvecsu,2
0,2,11,47,c_slot_idu_disp_rvecsu,10
0,2,12,47,c_slot_idu_disp_rvecsu,2
0,2,13,47,c_slot_idu_disp_rvecsu,10
0,2,14,47,c_slot_idu_disp_rvecsu,2
0,2,15,47,c_slot_idu_disp_rvecsu,10
0,2,16,47,c_slot_idu_disp_rvecsu,2
0,2,17,47,c_slot_idu_disp_rvecsu,10
0,2,18,47,c_slot_idu_disp_rvecsu,2
0,2,3,48,c_slot_idu_disp_rvecld,14
0,2,4,48,c_slot_idu_disp_rvecld,4
0,2,5,48,c_slot_idu_disp_rvecld,14
0,2,6,48,c_slot_idu_disp_rvecld,4
0,2,7,48,c_slot_idu_disp_rvecld,14
0,2,8,48,c_slot_idu_disp_rvecld,4
0,2,9,48,c_slot_idu_disp_rvecld,14
0,2,10,48,c_slot_idu_disp_rvecld,4
0,2,11,48,c_slot_idu_disp_rvecld,14
0,2,12,48,c_slot_idu_disp_rvecld,4
0,2,13,48,c_slot_idu_disp_rvecld,14
0,2,14,48,c_slot_idu_disp_rvecld,4
0,2,15,48,c_slot_idu_disp_rvecld,14
0,2,16,48,c_slot_idu_disp_rvecld,4
0,2,17,48,c_slot_idu_disp_rvecld,14
0,2,18,48,c_slot_idu_disp_rvecld,4
0,2,3,49,c_slot_idu_disp_rvecst,10
0,2,4,49,c_slot_idu_disp_rvecst,2
0,2,5,49,c_slot_idu_disp_rvecst,10
0,2,6,49,c_slot_idu_disp_rvecst,2
0,2,7,49,c_slot_idu_disp_rvecst,10
0,2,8,49,c_slot_idu_disp_rvecst,2
0,2,9,49,c_slot_idu_disp_rvecst,10
0,2,10,49,c_slot_idu_disp_rvecst,2
0,2,11,49,c_slot_idu_disp_rvecst,10
0,2,12,49,c_slot_idu_disp_rvecst,2
0,2,13,49,c_slot_idu_disp_rvecst,10
0,2,14,49,c_slot_idu_disp_rvecst,2
0,2,15,49,c_slot_idu_disp_rvecst,10
0,2,16,49,c_slot_idu_disp_rvecst,2
0,2,17,49,c_slot_idu_disp_rvecst,10
0,2,18,49,c_slot_idu_disp_rvecst,2
0,2,3,50,c_slot_idu_disp_rvecex,24
0,2,4,50,c_slot_idu_disp_rvecex,4
0,2,5,50,c_slot_idu_disp_rvecex,24
0,2,6,50,c_slot_idu_disp_rvecex,4
0,2,7,50,c_slot_idu_disp_rvecex,24
0,2,8,50,c_slot_idu_disp_rvecex,4
0,2,9,50,c_slot_idu_disp_rvecex,24
0,2,10,50,c_slot_idu_disp_rvecex,4
0,2,11,50,c_slot_idu_disp_rvecex,24
0,2,12,50,c_slot_idu_disp_rvecex,4
0,2,13,50,c_slot_idu_disp_rvecex,24
0,2,14,50,c_slot_idu_disp_rvecex,4
0,2,15,50,c_slot_idu_disp_rvecex,24
0,2,16,50,c_slot_idu_disp_rvecex,4
0,2,17,50,c_slot_idu_disp_rvecex,24
0,2,18,50,c_slot_idu_disp_rvecex,4
0,2,3,51,c_slot_idu_disp_rveclp,1
0,2,4,51,c_slot_idu_disp_rveclp,1
0,2,5,51,c_slot_idu_disp_rveclp,1
0,2,6,51,c_slot_idu_disp_rveclp,1
0,2,7,51,c_slot_idu_disp_rveclp,1
0,2,8,51,c_slot_idu_disp_rveclp,1
0,2,9,51,c_slot_idu_disp_rveclp,1
0,2,10,51,c_slot_idu_disp_rveclp,1
0,2,11,51,c_slot_idu_disp_rveclp,1
0,2,12,51,c_slot_idu_disp_rveclp,1
0,2,13,51,c_slot_idu_disp_rveclp,1
0,2,14,51,c_slot_idu_disp_rveclp,1
0,2,15,51,c_slot_idu_disp_rveclp,1
0,2,16,51,c_slot_idu_disp_rveclp,1
0,2,17,51,c_slot_idu_disp_rveclp,1
0,2,18,51,c_slot_idu_disp_rveclp,1
0,2,3,52,c_slot_idu_disp_rvecld_ld,14
0,2,4,52,c_slot_idu_disp_rvecld_ld,4
0,2,5,52,c_slot_idu_disp_rvecld_ld,14
0,2,6,52,c_slot_idu_disp_rvecld_ld,4
0,2,7,52,c_slot_idu_disp_rvecld_ld,14
0,2,8,52,c_slot_idu_disp_rvecld_ld,4
0,2,9,52,c_slot_idu_disp_rvecld_ld,14
0,2,10,52,c_slot_idu_disp_rvecld_ld,4
0,2,11,52,c_slot_idu_disp_rvecld_ld,14
0,2,12,52,c_slot_idu_disp_rvecld_ld,4
0,2,13,52,c_slot_idu_disp_rvecld_ld,14
0,2,14,52,c_slot_idu_disp_rvecld_ld,4
0,2,15,52,c_slot_idu_disp_rvecld_ld,14
0,2,16,52,c_slot_idu_disp_rvecld_ld,4
0,2,17,52,c_slot_idu_disp_rvecld_ld,14
0,2,18,52,c_slot_idu_disp_rvecld_ld,4
0,2,3,53,c_slot_idu_disp_rvecld_ga,0
0,2,4,53,c_slot_idu_disp_rvecld_ga,0
0,2,5,53,c_slot_idu_disp_rvecld_ga,0
0,2,6,53,c_slot_idu_disp_rvecld_ga,0
0,2,7,53,c_slot_idu_disp_rvecld_ga,0
0,2,8,53,c_slot_idu_disp_rvecld_ga,0
0,2,9,53,c_slot_idu_disp_rvecld_ga,0
0,2,10,53,c_slot_idu_disp_rvecld_ga,0
0,2,11,53,c_slot_idu_disp_rvecld_ga,0
0,2,12,53,c_slot_idu_disp_rvecld_ga,0
0,2,13,53,c_slot_idu_disp_rvecld_ga,0
0,2,14,53,c_slot_idu_disp_rvecld_ga,0
0,2,15,53,c_slot_idu_disp_rvecld_ga,0
0,2,16,53,c_slot_idu_disp_rvecld_ga,0
0,2,17,53,c_slot_idu_disp_rvecld_ga,0
0,2,18,53,c_slot_idu_disp_rvecld_ga,0
0,2,3,54,c_slot_idu_disp_rvecst_st,10
0,2,4,54,c_slot_idu_disp_rvecst_st,2
0,2,5,54,c_slot_idu_disp_rvecst_st,10
0,2,6,54,c_slot_idu_disp_rvecst_st,2
0,2,7,54,c_slot_idu_disp_rvecst_st,10
0,2,8,54,c_slot_idu_disp_rvecst_st,2
0,2,9,54,c_slot_idu_disp_rvecst_st,10
0,2,10,54,c_slot_idu_disp_rvecst_st,2
0,2,11,54,c_slot_idu_disp_rvecst_st,10
0,2,12,54,c_slot_idu_disp_rvecst_st,2
0,2,13,54,c_slot_idu_disp_rvecst_st,10
0,2,14,54,c_slot_idu_disp_rvecst_st,2
0,2,15,54,c_slot_idu_disp_rvecst_st,10
0,2,16,54,c_slot_idu_disp_rvecst_st,2
0,2,17,54,c_slot_idu_disp_rvecst_st,10
0,2,18,54,c_slot_idu_disp_rvecst_st,2
0,2,3,55,c_slot_idu_disp_rvecst_sc,0
0,2,4,55,c_slot_idu_disp_rvecst_sc,0
0,2,5,55,c_slot_idu_disp_rvecst_sc,0
0,2,6,55,c_slot_idu_disp_rvecst_sc,0
0,2,7,55,c_slot_idu_disp_rvecst_sc,0
0,2,8,55,c_slot_idu_disp_rvecst_sc,0
0,2,9,55,c_slot_idu_disp_rvecst_sc,0
0,2,10,55,c_slot_idu_disp_rvecst_sc,0
0,2,11,55,c_slot_idu_disp_rvecst_sc,0
0,2,12,55,c_slot_idu_disp_rvecst_sc,0
0,2,13,55,c_slot_idu_disp_rvecst_sc,0
0,2,14,55,c_slot_idu_disp_rvecst_sc,0
0,2,15,55,c_slot_idu_disp_rvecst_sc,0
0,2,16,55,c_slot_idu_disp_rvecst_sc,0
0,2,17,55,c_slot_idu_disp_rvecst_sc,0
0,2,18,55,c_slot_idu_disp_rvecst_sc,0
0,2,3,56,c_slot_idu_disp_rvec_3src,0
0,2,4,56,c_slot_idu_disp_rvec_3src,0
0,2,5,56,c_slot_idu_disp_rvec_3src,0
0,2,6,56,c_slot_idu_disp_rvec_3src,0
0,2,7,56,c_slot_idu_disp_rvec_3src,0
0,2,8,56,c_slot_idu_disp_rvec_3src,0
0,2,9,56,c_slot_idu_disp_rvec_3src,0
0,2,10,56,c_slot_idu_disp_rvec_3src,0
0,2,11,56,c_slot_idu_disp_rvec_3src,0
0,2,12,56,c_slot_idu_disp_rvec_3src,0
0,2,13,56,c_slot_idu_disp_rvec_3src,0
0,2,14,56,c_slot_idu_disp_rvec_3src,0
0,2,15,56,c_slot_idu_disp_rvec_3src,0
0,2,16,56,c_slot_idu_disp_rvec_3src,0
0,2,17,56,c_slot_idu_disp_rvec_3src,0
0,2,18,56,c_slot_idu_disp_rvec_3src,0
0,2,3,57,c_slot_idu_disp_rvec_2dst,0
0,2,4,57,c_slot_idu_disp_rvec_2dst,0
0,2,5,57,c_slot_idu_disp_rvec_2dst,0
0,2,6,57,c_slot_idu_disp_rvec_2dst,0
0,2,7,57,c_slot_idu_disp_rvec_2dst,0
0,2,8,57,c_slot_idu_disp_rvec_2dst,0
0,2,9,57,c_slot_idu_disp_rvec_2dst,0
0,2,10,57,c_slot_idu_disp_rvec_2dst,0
0,2,11,57,c_slot_idu_disp_rvec_2dst,0
0,2,12,57,c_slot_idu_disp_rvec_2dst,0
0,2,13,57,c_slot_idu_disp_rvec_2dst,0
0,2,14,57,c_slot_idu_disp_rvec_2dst,0
0,2,15,57,c_slot_idu_disp_rvec_2dst,0
0,2,16,57,c_slot_idu_disp_rvec_2dst,0
0,2,17,57,c_slot_idu_disp_rvec_2dst,0
0,2,18,57,c_slot_idu_disp_rvec_2dst,0
0,2,3,58,c_slot_idu_disp_rvecld_2dst,0
0,2,4,58,c_slot_idu_disp_rvecld_2dst,0
0,2,5,58,c_slot_idu_disp_rvecld_2dst,0
0,2,6,58,c_slot_idu_disp_rvecld_2dst,0
0,2,7,58,c_slot_idu_disp_rvecld_2dst,0
0,2,8,58,c_slot_idu_disp_rvecld_2dst,0
0,2,9,58,c_slot_idu_disp_rvecld_2dst,0
0,2,10,58,c_slot_idu_disp_rvecld_2dst,0
0,2,11,58,c_slot_idu_disp_rvecld_2dst,0
0,2,12,58,c_slot_idu_disp_rvecld_2dst,0
0,2,13,58,c_slot_idu_disp_rvecld_2dst,0
0,2,14,58,c_slot_idu_disp_rvecld_2dst,0
0,2,15,58,c_slot_idu_disp_rvecld_2dst,0
0,2,16,58,c_slot_idu_disp_rvecld_2dst,0
0,2,17,58,c_slot_idu_disp_rvecld_2dst,0
0,2,18,58,c_slot_idu_disp_rvecld_2dst,0
0,2,3,59,c_slot_idu_disp_rvecex_2dst,0
0,2,4,59,c_slot_idu_disp_rvecex_2dst,0
0,2,5,59,c_slot_idu_disp_rvecex_2dst,0
0,2,6,59,c_slot_idu_disp_rvecex_2dst,0
0,2,7,59,c_slot_idu_disp_rvecex_2dst,0
0,2,8,59,c_slot_idu_disp_rvecex_2dst,0
0,2,9,59,c_slot_idu_disp_rvecex_2dst,0
0,2,10,59,c_slot_idu_disp_rvecex_2dst,0
0,2,11,59,c_slot_idu_disp_rvecex_2dst,0
0,2,12,59,c_slot_idu_disp_rvecex_2dst,0
0,2,13,59,c_slot_idu_disp_rvecex_2dst,0
0,2,14,59,c_slot_idu_disp_rvecex_2dst,0
0,2,15,59,c_slot_idu_disp_rvecex_2dst,0
0,2,16,59,c_slot_idu_disp_rvecex_2dst,0
0,2,17,59,c_slot_idu_disp_rvecex_2dst,0
0,2,18,59,c_slot_idu_disp_rvecex_2dst,0
0,2,3,60,c_slot_idu_disp_rvecld_512,0
0,2,4,60,c_slot_idu_disp_rvecld_512,0
0,2,5,60,c_slot_idu_disp_rvecld_512,0
0,2,6,60,c_slot_idu_disp_rvecld_512,0
0,2,7,60,c_slot_idu_disp_rvecld_512,0
0,2,8,60,c_slot_idu_disp_rvecld_512,0
0,2,9,60,c_slot_idu_disp_rvecld_512,0
0,2,10,60,c_slot_idu_disp_rvecld_512,0
0,2,11,60,c_slot_idu_disp_rvecld_512,0
0,2,12,60,c_slot_idu_disp_rvecld_512,0
0,2,13,60,c_slot_idu_disp_rvecld_512,0
0,2,14,60,c_slot_idu_disp_rvecld_512,0
0,2,15,60,c_slot_idu_disp_rvecld_512,0
0,2,16,60,c_slot_idu_disp_rvecld_512,0
0,2,17,60,c_slot_idu_disp_rvecld_512,0
0,2,18,60,c_slot_idu_disp_rvecld_512,0
0,2,3,61,c_slot_idu_disp_rvecst_v2src,0
0,2,4,61,c_slot_idu_disp_rvecst_v2src,0
0,2,5,61,c_slot_idu_disp_rvecst_v2src,0
0,2,6,61,c_slot_idu_disp_rvecst_v2src,0
0,2,7,61,c_slot_idu_disp_rvecst_v2src,0
0,2,8,61,c_slot_idu_disp_rvecst_v2src,0
0,2,9,61,c_slot_idu_disp_rvecst_v2src,0
0,2,10,61,c_slot_idu_disp_rvecst_v2src,0
0,2,11,61,c_slot_idu_disp_rvecst_v2src,0
0,2,12,61,c_slot_idu_disp_rvecst_v2src,0
0,2,13,61,c_slot_idu_disp_rvecst_v2src,0
0,2,14,61,c_slot_idu_disp_rvecst_v2src,0
0,2,15,61,c_slot_idu_disp_rvecst_v2src,0
0,2,16,61,c_slot_idu_disp_rvecst_v2src,0
0,2,17,61,c_slot_idu_disp_rvecst_v2src,0
0,2,18,61,c_slot_idu_disp_rvecst_v2src,0
0,2,3,62,c_slot_idu_disp_rvecex_v1dst,14
0,2,4,62,c_slot_idu_disp_rvecex_v1dst,2
0,2,5,62,c_slot_idu_disp_rvecex_v1dst,14
0,2,6,62,c_slot_idu_disp_rvecex_v1dst,2
0,2,7,62,c_slot_idu_disp_rvecex_v1dst,14
0,2,8,62,c_slot_idu_disp_rvecex_v1dst,2
0,2,9,62,c_slot_idu_disp_rvecex_v1dst,14
0,2,10,62,c_slot_idu_disp_rvecex_v1dst,2
0,2,11,62,c_slot_idu_disp_rvecex_v1dst,14
0,2,12,62,c_slot_idu_disp_rvecex_v1dst,2
0,2,13,62,c_slot_idu_disp_rvecex_v1dst,14
0,2,14,62,c_slot_idu_disp_rvecex_v1dst,2
0,2,15,62,c_slot_idu_disp_rvecex_v1dst,14
0,2,16,62,c_slot_idu_disp_rvecex_v1dst,2
0,2,17,62,c_slot_idu_disp_rvecex_v1dst,14
0,2,18,62,c_slot_idu_disp_rvecex_v1dst,2
0,2,3,63,c_slot_idu_disp_rvecex_v2dst,0
0,2,4,63,c_slot_idu_disp_rvecex_v2dst,0
0,2,5,63,c_slot_idu_disp_rvecex_v2dst,0
0,2,6,63,c_slot_idu_disp_rvecex_v2dst,0
0,2,7,63,c_slot_idu_disp_rvecex_v2dst,0
0,2,8,63,c_slot_idu_disp_rvecex_v2dst,0
0,2,9,63,c_slot_idu_disp_rvecex_v2dst,0
0,2,10,63,c_slot_idu_disp_rvecex_v2dst,0
0,2,11,63,c_slot_idu_disp_rvecex_v2dst,0
0,2,12,63,c_slot_idu_disp_rvecex_v2dst,0
0,2,13,63,c_slot_idu_disp_rvecex_v2dst,0
0,2,14,63,c_slot_idu_disp_rvecex_v2dst,0
0,2,15,63,c_slot_idu_disp_rvecex_v2dst,0
0,2,16,63,c_slot_idu_disp_rvecex_v2dst,0
0,2,17,63,c_slot_idu_disp_rvecex_v2dst,0
0,2,18,63,c_slot_idu_disp_rvecex_v2dst,0
0,2,3,64,c_stat_ldq_busy,151
0,2,4,64,c_stat_ldq_busy,29
0,2,5,64,c_stat_ldq_busy,151
0,2,6,64,c_stat_ldq_busy,29
0,2,7,64,c_stat_ldq_busy,151
0,2,8,64,c_stat_ldq_busy,29
0,2,9,64,c_stat_ldq_busy,151
0,2,10,64,c_stat_ldq_busy,29
0,2,11,64,c_stat_ldq_busy,151
0,2,12,64,c_stat_ldq_busy,29
0,2,13,64,c_stat_ldq_busy,151
0,2,14,64,c_stat_ldq_busy,29
0,2,15,64,c_stat_ldq_busy,151
0,2,16,64,c_stat_ldq_busy,29
0,2,17,64,c_stat_ldq_busy,151
0,2,18,64,c_stat_ldq_busy,29
0,2,3,65,c_stat_shq_busy,151
0,2,4,65,c_stat_shq_busy,29
0,2,5,65,c_stat_shq_busy,151
0,2,6,65,c_stat_shq_busy,29
0,2,7,65,c_stat_shq_busy,151
0,2,8,65,c_stat_shq_busy,29
0,2,9,65,c_stat_shq_busy,151
0,2,10,65,c_stat_shq_busy,29
0,2,11,65,c_stat_shq_busy,151
0,2,12,65,c_stat_shq_busy,29
0,2,13,65,c_stat_shq_busy,151
0,2,14,65,c_stat_shq_busy,29
0,2,15,65,c_stat_shq_busy,151
0,2,16,65,c_stat_shq_busy,29
0,2,17,65,c_stat_shq_busy,151
0,2,18,65,c_stat_shq_busy,29
0,2,3,66,c_stat_stq_busy,0
0,2,4,66,c_stat_stq_busy,0
0,2,5,66,c_stat_stq_busy,0
0,2,6,66,c_stat_stq_busy,0
0,2,7,66,c_stat_stq_busy,0
0,2,8,66,c_stat_stq_busy,0
0,2,9,66,c_stat_stq_busy,0
0,2,10,66,c_stat_stq_busy,0
0,2,11,66,c_stat_stq_busy,0
0,2,12,66,c_stat_stq_busy,0
0,2,13,66,c_stat_stq_busy,0
0,2,14,66,c_stat_stq_busy,0
0,2,15,66,c_stat_stq_busy,0
0,2,16,66,c_stat_stq_busy,0
0,2,17,66,c_stat_stq_busy,0
0,2,18,66,c_stat_stq_busy,0
0,2,3,67,c_stat_exq0_busy,17
0,2,4,67,c_stat_exq0_busy,9
0,2,5,67,c_stat_exq0_busy,17
0,2,6,67,c_stat_exq0_busy,9
0,2,7,67,c_stat_exq0_busy,17
0,2,8,67,c_stat_exq0_busy,9
0,2,9,67,c_stat_exq0_busy,17
0,2,10,67,c_stat_exq0_busy,9
0,2,11,67,c_stat_exq0_busy,17
0,2,12,67,c_stat_exq0_busy,9
0,2,13,67,c_stat_exq0_busy,17
0,2,14,67,c_stat_exq0_busy,9
0,2,15,67,c_stat_exq0_busy,17
0,2,16,67,c_stat_exq0_busy,9
0,2,17,67,c_stat_exq0_busy,17
0,2,18,67,c_stat_exq0_busy,9
0,2,3,68,c_stat_exq1_busy,18
0,2,4,68,c_stat_exq1_busy,9
0,2,5,68,c_stat_exq1_busy,18
0,2,6,68,c_stat_exq1_busy,9
0,2,7,68,c_stat_exq1_busy,18
0,2,8,68,c_stat_exq1_busy,9
0,2,9,68,c_stat_exq1_busy,18
0,2,10,68,c_stat_exq1_busy,9
0,2,11,68,c_stat_exq1_busy,18
0,2,12,68,c_stat_exq1_busy,9
0,2,13,68,c_stat_exq1_busy,18
0,2,14,68,c_stat_exq1_busy,9
0,2,15,68,c_stat_exq1_busy,18
0,2,16,68,c_stat_exq1_busy,9
0,2,17,68,c_stat_exq1_busy,18
0,2,18,68,c_stat_exq1_busy,9
0,2,3,69,c_stat_vreg_busy,158
0,2,4,69,c_stat_vreg_busy,392
0,2,5,69,c_stat_vreg_busy,177
0,2,6,69,c_stat_vreg_busy,36
0,2,7,69,c_stat_vreg_busy,158
0,2,8,69,c_stat_vreg_busy,36
0,2,9,69,c_stat_vreg_busy,177
0,2,10,69,c_stat_vreg_busy,36
0,2,11,69,c_stat_vreg_busy,158
0,2,12,69,c_stat_vreg_busy,36
0,2,13,69,c_stat_vreg_busy,177
0,2,14,69,c_stat_vreg_busy,36
0,2,15,69,c_stat_vreg_busy,158
0,2,16,69,c_stat_vreg_busy,36
0,2,17,69,c_stat_vreg_busy,177
0,2,18,69,c_stat_vreg_busy,36
0,2,3,70,c_stat_preg_busy,158
0,2,4,70,c_stat_preg_busy,392
0,2,5,70,c_stat_preg_busy,177
0,2,6,70,c_stat_preg_busy,36
0,2,7,70,c_stat_preg_busy,158
0,2,8,70,c_stat_preg_busy,36
0,2,9,70,c_stat_preg_busy,177
0,2,10,70,c_stat_preg_busy,36
0,2,11,70,c_stat_preg_busy,158
0,2,12,70,c_stat_preg_busy,36
0,2,13,70,c_stat_preg_busy,177
0,2,14,70,c_stat_preg_busy,36
0,2,15,70,c_stat_preg_busy,158
0,2,16,70,c_stat_preg_busy,36
0,2,17,70,c_stat_preg_busy,177
0,2,18,70,c_stat_preg_busy,36
0,2,3,71,c_stat_ldq_used,1067
0,2,4,71,c_stat_ldq_used,65
0,2,5,71,c_stat_ldq_used,1067
0,2,6,71,c_stat_ldq_used,69
0,2,7,71,c_stat_ldq_used,1165
0,2,8,71,c_stat_ldq_used,69
0,2,9,71,c_stat_ldq_used,1067
0,2,10,71,c_stat_ldq_used,69
0,2,11,71,c_stat_ldq_used,1165
0,2,12,71,c_stat_ldq_used,69
0,2,13,71,c_stat_ldq_used,1067
0,2,14,71,c_stat_ldq_used,69
0,2,15,71,c_stat_ldq_used,1165
0,2,16,71,c_stat_ldq_used,69
0,2,17,71,c_stat_ldq_used,1067
0,2,18,71,c_stat_ldq_used,69
0,2,3,72,c_stat_shq_used,1623
0,2,4,72,c_stat_shq_used,85
0,2,5,72,c_stat_shq_used,1623
0,2,6,72,c_stat_shq_used,89
0,2,7,72,c_stat_shq_used,1764
0,2,8,72,c_stat_shq_used,89
0,2,9,72,c_stat_shq_used,1623
0,2,10,72,c_stat_shq_used,89
0,2,11,72,c_stat_shq_used,1764
0,2,12,72,c_stat_shq_used,89
0,2,13,72,c_stat_shq_used,1623
0,2,14,72,c_stat_shq_used,89
0,2,15,72,c_stat_shq_used,1764
0,2,16,72,c_stat_shq_used,89
0,2,17,72,c_stat_shq_used,1623
0,2,18,72,c_stat_shq_used,89
0,2,3,73,c_stat_stq_used,0
0,2,4,73,c_stat_stq_used,0
0,2,5,73,c_stat_stq_used,0
0,2,6,73,c_stat_stq_used,0
0,2,7,73,c_stat_stq_used,0
0,2,8,73,c_stat_stq_used,0
0,2,9,73,c_stat_stq_used,0
0,2,10,73,c_stat_stq_used,0
0,2,11,73,c_stat_stq_used,0
0,2,12,73,c_stat_stq_used,0
0,2,13,73,c_stat_stq_used,0
0,2,14,73,c_stat_stq_used,0
0,2,15,73,c_stat_stq_used,0
0,2,16,73,c_stat_stq_used,0
0,2,17,73,c_stat_stq_used,0
0,2,18,73,c_stat_stq_used,0
0,2,3,74,c_stat_exq0_used,17
0,2,4,74,c_stat_exq0_used,9
0,2,5,74,c_stat_exq0_used,17
0,2,6,74,c_stat_exq0_used,9
0,2,7,74,c_stat_exq0_used,17
0,2,8,74,c_stat_exq0_used,9
0,2,9,74,c_stat_exq0_used,17
0,2,10,74,c_stat_exq0_used,9
0,2,11,74,c_stat_exq0_used,17
0,2,12,74,c_stat_exq0_used,9
0,2,13,74,c_stat_exq0_used,17
0,2,14,74,c_stat_exq0_used,9
0,2,15,74,c_stat_exq0_used,17
0,2,16,74,c_stat_exq0_used,9
0,2,17,74,c_stat_exq0_used,17
0,2,18,74,c_stat_exq0_used,9
0,2,3,75,c_stat_exq1_used,18
0,2,4,75,c_stat_exq1_used,9
0,2,5,75,c_stat_exq1_used,18
0,2,6,75,c_stat_exq1_used,9
0,2,7,75,c_stat_exq1_used,18
0,2,8,75,c_stat_exq1_used,9
0,2,9,75,c_stat_exq1_used,18
0,2,10,75,c_stat_exq1_used,9
0,2,11,75,c_stat_exq1_used,18
0,2,12,75,c_stat_exq1_used,9
0,2,13,75,c_stat_exq1_used,18
0,2,14,75,c_stat_exq1_used,9
0,2,15,75,c_stat_exq1_used,18
0,2,16,75,c_stat_exq1_used,9
0,2,17,75,c_stat_exq1_used,18
0,2,18,75,c_stat_exq1_used,9
0,2,3,76,c_stat_vreg_used,1685
0,2,4,76,c_stat_vreg_used,847
0,2,5,76,c_stat_vreg_used,1723
0,2,6,76,c_stat_vreg_used,135
0,2,7,76,c_stat_vreg_used,1823
0,2,8,76,c_stat_vreg_used,135
0,2,9,76,c_stat_vreg_used,1723
0,2,10,76,c_stat_vreg_used,135
0,2,11,76,c_stat_vreg_used,1823
0,2,12,76,c_stat_vreg_used,135
0,2,13,76,c_stat_vreg_used,1723
0,2,14,76,c_stat_vreg_used,135
0,2,15,76,c_stat_vreg_used,1823
0,2,16,76,c_stat_vreg_used,135
0,2,17,76,c_stat_vreg_used,1723
0,2,18,76,c_stat_vreg_used,135
0,2,3,77,c_stat_preg_used,633
0,2,4,77,c_stat_preg_used,411
0,2,5,77,c_stat_preg_used,652
0,2,6,77,c_stat_preg_used,55
0,2,7,77,c_stat_preg_used,679
0,2,8,77,c_stat_preg_used,55
0,2,9,77,c_stat_preg_used,652
0,2,10,77,c_stat_preg_used,55
0,2,11,77,c_stat_preg_used,679
0,2,12,77,c_stat_preg_used,55
0,2,13,77,c_stat_preg_used,652
0,2,14,77,c_stat_preg_used,55
0,2,15,77,c_stat_preg_used,679
0,2,16,77,c_stat_preg_used,55
0,2,17,77,c_stat_preg_used,652
0,2,18,77,c_stat_preg_used,55
0,2,3,78,c_cycle_rvec_busy,179
0,2,4,78,c_cycle_rvec_busy,394
0,2,5,78,c_cycle_rvec_busy,179
0,2,6,78,c_cycle_rvec_busy,37
0,2,7,78,c_cycle_rvec_busy,159
0,2,8,78,c_cycle_rvec_busy,37
0,2,9,78,c_cycle_rvec_busy,179
0,2,10,78,c_cycle_rvec_busy,37
0,2,11,78,c_cycle_rvec_busy,159
0,2,12,78,c_cycle_rvec_busy,37
0,2,13,78,c_cycle_rvec_busy,179
0,2,14,78,c_cycle_rvec_busy,37
0,2,15,78,c_cycle_rvec_busy,159
0,2,16,78,c_cycle_rvec_busy,37
0,2,17,78,c_cycle_rvec_busy,179
0,2,18,78,c_cycle_rvec_busy,37
0,2,3,79,c_cycle_rvec_back_busy,148
0,2,4,79,c_cycle_rvec_back_busy,26
0,2,5,79,c_cycle_rvec_back_busy,148
0,2,6,79,c_cycle_rvec_back_busy,26
0,2,7,79,c_cycle_rvec_back_busy,148
0,2,8,79,c_cycle_rvec_back_busy,26
0,2,9,79,c_cycle_rvec_back_busy,148
0,2,10,79,c_cycle_rvec_back_busy,26
0,2,11,79,c_cycle_rvec_back_busy,148
0,2,12,79,c_cycle_rvec_back_busy,26
0,2,13,79,c_cycle_rvec_back_busy,148
0,2,14,79,c_cycle_rvec_back_busy,26
0,2,15,79,c_cycle_rvec_back_busy,148
0,2,16,79,c_cycle_rvec_back_busy,26
0,2,17,79,c_cycle_rvec_back_busy,148
0,2,18,79,c_cycle_rvec_back_busy,26
0,2,3,80,c_cycle_rvec_back_send,34
0,2,4,80,c_cycle_rvec_back_send,20
0,2,5,80,c_cycle_rvec_back_send,34
0,2,6,80,c_cycle_rvec_back_send,24
0,2,7,80,c_cycle_rvec_back_send,34
0,2,8,80,c_cycle_rvec_back_send,24
0,2,9,80,c_cycle_rvec_back_send,34
0,2,10,80,c_cycle_rvec_back_send,24
0,2,11,80,c_cycle_rvec_back_send,34
0,2,12,80,c_cycle_rvec_back_send,24
0,2,13,80,c_cycle_rvec_back_send,34
0,2,14,80,c_cycle_rvec_back_send,24
0,2,15,80,c_cycle_rvec_back_send,34
0,2,16,80,c_cycle_rvec_back_send,24
0,2,17,80,c_cycle_rvec_back_send,34
0,2,18,80,c_cycle_rvec_back_send,24
0,2,3,81,c_cycle_smembar_stall_vld,99
0,2,4,81,c_cycle_smembar_stall_vld,0
0,2,5,81,c_cycle_smembar_stall_vld,99
0,2,6,81,c_cycle_smembar_stall_vld,0
0,2,7,81,c_cycle_smembar_stall_vld,103
0,2,8,81,c_cycle_smembar_stall_vld,0
0,2,9,81,c_cycle_smembar_stall_vld,99
0,2,10,81,c_cycle_smembar_stall_vld,0
0,2,11,81,c_cycle_smembar_stall_vld,103
0,2,12,81,c_cycle_smembar_stall_vld,0
0,2,13,81,c_cycle_smembar_stall_vld,99
0,2,14,81,c_cycle_smembar_stall_vld,0
0,2,15,81,c_cycle_smembar_stall_vld,103
0,2,16,81,c_cycle_smembar_stall_vld,0
0,2,17,81,c_cycle_smembar_stall_vld,99
0,2,18,81,c_cycle_smembar_stall_vld,0
0,2,3,82,c_cycle_smembar_stall_vst,0
0,2,4,82,c_cycle_smembar_stall_vst,0
0,2,5,82,c_cycle_smembar_stall_vst,0
0,2,6,82,c_cycle_smembar_stall_vst,0
0,2,7,82,c_cycle_smembar_stall_vst,0
0,2,8,82,c_cycle_smembar_stall_vst,0
0,2,9,82,c_cycle_smembar_stall_vst,0
0,2,10,82,c_cycle_smembar_stall_vst,0
0,2,11,82,c_cycle_smembar_stall_vst,0
0,2,12,82,c_cycle_smembar_stall_vst,0
0,2,13,82,c_cycle_smembar_stall_vst,0
0,2,14,82,c_cycle_smembar_stall_vst,0
0,2,15,82,c_cycle_smembar_stall_vst,0
0,2,16,82,c_cycle_smembar_stall_vst,0
0,2,17,82,c_cycle_smembar_stall_vst,0
0,2,18,82,c_cycle_smembar_stall_vst,0
0,2,3,83,c_cycle_rvec_back_ex_ex_busy,121
0,2,4,83,c_cycle_rvec_back_ex_ex_busy,9
0,2,5,83,c_cycle_rvec_back_ex_ex_busy,121
0,2,6,83,c_cycle_rvec_back_ex_ex_busy,9
0,2,7,83,c_cycle_rvec_back_ex_ex_busy,121
0,2,8,83,c_cycle_rvec_back_ex_ex_busy,9
0,2,9,83,c_cycle_rvec_back_ex_ex_busy,121
0,2,10,83,c_cycle_rvec_back_ex_ex_busy,9
0,2,11,83,c_cycle_rvec_back_ex_ex_busy,121
0,2,12,83,c_cycle_rvec_back_ex_ex_busy,9
0,2,13,83,c_cycle_rvec_back_ex_ex_busy,121
0,2,14,83,c_cycle_rvec_back_ex_ex_busy,9
0,2,15,83,c_cycle_rvec_back_ex_ex_busy,121
0,2,16,83,c_cycle_rvec_back_ex_ex_busy,9
0,2,17,83,c_cycle_rvec_back_ex_ex_busy,121
0,2,18,83,c_cycle_rvec_back_ex_ex_busy,9
0,2,3,84,c_cycle_rvec_back_ld_ld_busy,108
0,2,4,84,c_cycle_rvec_back_ld_ld_busy,2
0,2,5,84,c_cycle_rvec_back_ld_ld_busy,108
0,2,6,84,c_cycle_rvec_back_ld_ld_busy,2
0,2,7,84,c_cycle_rvec_back_ld_ld_busy,113
0,2,8,84,c_cycle_rvec_back_ld_ld_busy,2
0,2,9,84,c_cycle_rvec_back_ld_ld_busy,108
0,2,10,84,c_cycle_rvec_back_ld_ld_busy,2
0,2,11,84,c_cycle_rvec_back_ld_ld_busy,113
0,2,12,84,c_cycle_rvec_back_ld_ld_busy,2
0,2,13,84,c_cycle_rvec_back_ld_ld_busy,108
0,2,14,84,c_cycle_rvec_back_ld_ld_busy,2
0,2,15,84,c_cycle_rvec_back_ld_ld_busy,113
0,2,16,84,c_cycle_rvec_back_ld_ld_busy,2
0,2,17,84,c_cycle_rvec_back_ld_ld_busy,108
0,2,18,84,c_cycle_rvec_back_ld_ld_busy,2
0,2,3,85,c_cycle_rvec_back_ld_ga_busy,0
0,2,4,85,c_cycle_rvec_back_ld_ga_busy,0
0,2,5,85,c_cycle_rvec_back_ld_ga_busy,0
0,2,6,85,c_cycle_rvec_back_ld_ga_busy,0
0,2,7,85,c_cycle_rvec_back_ld_ga_busy,0
0,2,8,85,c_cycle_rvec_back_ld_ga_busy,0
0,2,9,85,c_cycle_rvec_back_ld_ga_busy,0
0,2,10,85,c_cycle_rvec_back_ld_ga_busy,0
0,2,11,85,c_cycle_rvec_back_ld_ga_busy,0
0,2,12,85,c_cycle_rvec_back_ld_ga_busy,0
0,2,13,85,c_cycle_rvec_back_ld_ga_busy,0
0,2,14,85,c_cycle_rvec_back_ld_ga_busy,0
0,2,15,85,c_cycle_rvec_back_ld_ga_busy,0
0,2,16,85,c_cycle_rvec_back_ld_ga_busy,0
0,2,17,85,c_cycle_rvec_back_ld_ga_busy,0
0,2,18,85,c_cycle_rvec_back_ld_ga_busy,0
0,2,3,86,c_cycle_rvec_back_st_st_busy,136
0,2,4,86,c_cycle_rvec_back_st_st_busy,14
0,2,5,86,c_cycle_rvec_back_st_st_busy,136
0,2,6,86,c_cycle_rvec_back_st_st_busy,14
0,2,7,86,c_cycle_rvec_back_st_st_busy,136
0,2,8,86,c_cycle_rvec_back_st_st_busy,14
0,2,9,86,c_cycle_rvec_back_st_st_busy,136
0,2,10,86,c_cycle_rvec_back_st_st_busy,14
0,2,11,86,c_cycle_rvec_back_st_st_busy,136
0,2,12,86,c_cycle_rvec_back_st_st_busy,14
0,2,13,86,c_cycle_rvec_back_st_st_busy,136
0,2,14,86,c_cycle_rvec_back_st_st_busy,14
0,2,15,86,c_cycle_rvec_back_st_st_busy,136
0,2,16,86,c_cycle_rvec_back_st_st_busy,14
0,2,17,86,c_cycle_rvec_back_st_st_busy,136
0,2,18,86,c_cycle_rvec_back_st_st_busy,14
0,2,3,87,c_cycle_rvec_back_st_sc_busy,0
0,2,4,87,c_cycle_rvec_back_st_sc_busy,0
0,2,5,87,c_cycle_rvec_back_st_sc_busy,0
0,2,6,87,c_cycle_rvec_back_st_sc_busy,0
0,2,7,87,c_cycle_rvec_back_st_sc_busy,0
0,2,8,87,c_cycle_rvec_back_st_sc_busy,0
0,2,9,87,c_cycle_rvec_back_st_sc_busy,0
0,2,10,87,c_cycle_rvec_back_st_sc_busy,0
0,2,11,87,c_cycle_rvec_back_st_sc_busy,0
0,2,12,87,c_cycle_rvec_back_st_sc_busy,0
0,2,13,87,c_cycle_rvec_back_st_sc_busy,0
0,2,14,87,c_cycle_rvec_back_st_sc_busy,0
0,2,15,87,c_cycle_rvec_back_st_sc_busy,0
0,2,16,87,c_cycle_rvec_back_st_sc_busy,0
0,2,17,87,c_cycle_rvec_back_st_sc_busy,0
0,2,18,87,c_cycle_rvec_back_st_sc_busy,0
0,2,3,88,c_instr_exq0_fu_addconv,2
0,2,4,88,c_instr_exq0_fu_addconv,1
0,2,5,88,c_instr_exq0_fu_addconv,2
0,2,6,88,c_instr_exq0_fu_addconv,1
0,2,7,88,c_instr_exq0_fu_addconv,2
0,2,8,88,c_instr_exq0_fu_addconv,1
0,2,9,88,c_instr_exq0_fu_addconv,2
0,2,10,88,c_instr_exq0_fu_addconv,1
0,2,11,88,c_instr_exq0_fu_addconv,2
0,2,12,88,c_instr_exq0_fu_addconv,1
0,2,13,88,c_instr_exq0_fu_addconv,2
0,2,14,88,c_instr_exq0_fu_addconv,1
0,2,15,88,c_instr_exq0_fu_addconv,2
0,2,16,88,c_instr_exq0_fu_addconv,1
0,2,17,88,c_instr_exq0_fu_addconv,2
0,2,18,88,c_instr_exq0_fu_addconv,1
0,2,3,89,c_instr_exq0_fu_mul,3
0,2,4,89,c_instr_exq0_fu_mul,0
0,2,5,89,c_instr_exq0_fu_mul,3
0,2,6,89,c_instr_exq0_fu_mul,0
0,2,7,89,c_instr_exq0_fu_mul,3
0,2,8,89,c_instr_exq0_fu_mul,0
0,2,9,89,c_instr_exq0_fu_mul,3
0,2,10,89,c_instr_exq0_fu_mul,0
0,2,11,89,c_instr_exq0_fu_mul,3
0,2,12,89,c_instr_exq0_fu_mul,0
0,2,13,89,c_instr_exq0_fu_mul,3
0,2,14,89,c_instr_exq0_fu_mul,0
0,2,15,89,c_instr_exq0_fu_mul,3
0,2,16,89,c_instr_exq0_fu_mul,0
0,2,17,89,c_instr_exq0_fu_mul,3
0,2,18,89,c_instr_exq0_fu_mul,0
0,2,3,90,c_instr_exq0_fu_mov,5
0,2,4,90,c_instr_exq0_fu_mov,1
0,2,5,90,c_instr_exq0_fu_mov,5
0,2,6,90,c_instr_exq0_fu_mov,1
0,2,7,90,c_instr_exq0_fu_mov,5
0,2,8,90,c_instr_exq0_fu_mov,1
0,2,9,90,c_instr_exq0_fu_mov,5
0,2,10,90,c_instr_exq0_fu_mov,1
0,2,11,90,c_instr_exq0_fu_mov,5
0,2,12,90,c_instr_exq0_fu_mov,1
0,2,13,90,c_instr_exq0_fu_mov,5
0,2,14,90,c_instr_exq0_fu_mov,1
0,2,15,90,c_instr_exq0_fu_mov,5
0,2,16,90,c_instr_exq0_fu_mov,1
0,2,17,90,c_instr_exq0_fu_mov,5
0,2,18,90,c_instr_exq0_fu_mov,1
0,2,3,91,c_instr_exq0_fu_lut,0
0,2,4,91,c_instr_exq0_fu_lut,0
0,2,5,91,c_instr_exq0_fu_lut,0
0,2,6,91,c_instr_exq0_fu_lut,0
0,2,7,91,c_instr_exq0_fu_lut,0
0,2,8,91,c_instr_exq0_fu_lut,0
0,2,9,91,c_instr_exq0_fu_lut,0
0,2,10,91,c_instr_exq0_fu_lut,0
0,2,11,91,c_instr_exq0_fu_lut,0
0,2,12,91,c_instr_exq0_fu_lut,0
0,2,13,91,c_instr_exq0_fu_lut,0
0,2,14,91,c_instr_exq0_fu_lut,0
0,2,15,91,c_instr_exq0_fu_lut,0
0,2,16,91,c_instr_exq0_fu_lut,0
0,2,17,91,c_instr_exq0_fu_lut,0
0,2,18,91,c_instr_exq0_fu_lut,0
0,2,3,92,c_instr_exq0_fu_sfu,0
0,2,4,92,c_instr_exq0_fu_sfu,0
0,2,5,92,c_instr_exq0_fu_sfu,0
0,2,6,92,c_instr_exq0_fu_sfu,0
0,2,7,92,c_instr_exq0_fu_sfu,0
0,2,8,92,c_instr_exq0_fu_sfu,0
0,2,9,92,c_instr_exq0_fu_sfu,0
0,2,10,92,c_instr_exq0_fu_sfu,0
0,2,11,92,c_instr_exq0_fu_sfu,0
0,2,12,92,c_instr_exq0_fu_sfu,0
0,2,13,92,c_instr_exq0_fu_sfu,0
0,2,14,92,c_instr_exq0_fu_sfu,0
0,2,15,92,c_instr_exq0_fu_sfu,0
0,2,16,92,c_instr_exq0_fu_sfu,0
0,2,17,92,c_instr_exq0_fu_sfu,0
0,2,18,92,c_instr_exq0_fu_sfu,0
0,2,3,93,c_instr_exq0_fu_lnexp,2
0,2,4,93,c_instr_exq0_fu_lnexp,0
0,2,5,93,c_instr_exq0_fu_lnexp,2
0,2,6,93,c_instr_exq0_fu_lnexp,0
0,2,7,93,c_instr_exq0_fu_lnexp,2
0,2,8,93,c_instr_exq0_fu_lnexp,0
0,2,9,93,c_instr_exq0_fu_lnexp,2
0,2,10,93,c_instr_exq0_fu_lnexp,0
0,2,11,93,c_instr_exq0_fu_lnexp,2
0,2,12,93,c_instr_exq0_fu_lnexp,0
0,2,13,93,c_instr_exq0_fu_lnexp,2
0,2,14,93,c_instr_exq0_fu_lnexp,0
0,2,15,93,c_instr_exq0_fu_lnexp,2
0,2,16,93,c_instr_exq0_fu_lnexp,0
0,2,17,93,c_instr_exq0_fu_lnexp,2
0,2,18,93,c_instr_exq0_fu_lnexp,0
0,2,3,94,c_instr_exq0_fu_slide,0
0,2,4,94,c_instr_exq0_fu_slide,0
0,2,5,94,c_instr_exq0_fu_slide,0
0,2,6,94,c_instr_exq0_fu_slide,0
0,2,7,94,c_instr_exq0_fu_slide,0
0,2,8,94,c_instr_exq0_fu_slide,0
0,2,9,94,c_instr_exq0_fu_slide,0
0,2,10,94,c_instr_exq0_fu_slide,0
0,2,11,94,c_instr_exq0_fu_slide,0
0,2,12,94,c_instr_exq0_fu_slide,0
0,2,13,94,c_instr_exq0_fu_slide,0
0,2,14,94,c_instr_exq0_fu_slide,0
0,2,15,94,c_instr_exq0_fu_slide,0
0,2,16,94,c_instr_exq0_fu_slide,0
0,2,17,94,c_instr_exq0_fu_slide,0
0,2,18,94,c_instr_exq0_fu_slide,0
0,2,3,95,c_instr_exq1_fu_addconv,2
0,2,4,95,c_instr_exq1_fu_addconv,1
0,2,5,95,c_instr_exq1_fu_addconv,2
0,2,6,95,c_instr_exq1_fu_addconv,1
0,2,7,95,c_instr_exq1_fu_addconv,2
0,2,8,95,c_instr_exq1_fu_addconv,1
0,2,9,95,c_instr_exq1_fu_addconv,2
0,2,10,95,c_instr_exq1_fu_addconv,1
0,2,11,95,c_instr_exq1_fu_addconv,2
0,2,12,95,c_instr_exq1_fu_addconv,1
0,2,13,95,c_instr_exq1_fu_addconv,2
0,2,14,95,c_instr_exq1_fu_addconv,1
0,2,15,95,c_instr_exq1_fu_addconv,2
0,2,16,95,c_instr_exq1_fu_addconv,1
0,2,17,95,c_instr_exq1_fu_addconv,2
0,2,18,95,c_instr_exq1_fu_addconv,1
0,2,3,96,c_instr_exq1_fu_mul,3
0,2,4,96,c_instr_exq1_fu_mul,0
0,2,5,96,c_instr_exq1_fu_mul,3
0,2,6,96,c_instr_exq1_fu_mul,0
0,2,7,96,c_instr_exq1_fu_mul,3
0,2,8,96,c_instr_exq1_fu_mul,0
0,2,9,96,c_instr_exq1_fu_mul,3
0,2,10,96,c_instr_exq1_fu_mul,0
0,2,11,96,c_instr_exq1_fu_mul,3
0,2,12,96,c_instr_exq1_fu_mul,0
0,2,13,96,c_instr_exq1_fu_mul,3
0,2,14,96,c_instr_exq1_fu_mul,0
0,2,15,96,c_instr_exq1_fu_mul,3
0,2,16,96,c_instr_exq1_fu_mul,0
0,2,17,96,c_instr_exq1_fu_mul,3
0,2,18,96,c_instr_exq1_fu_mul,0
0,2,3,97,c_instr_exq1_fu_mov,5
0,2,4,97,c_instr_exq1_fu_mov,1
0,2,5,97,c_instr_exq1_fu_mov,5
0,2,6,97,c_instr_exq1_fu_mov,1
0,2,7,97,c_instr_exq1_fu_mov,5
0,2,8,97,c_instr_exq1_fu_mov,1
0,2,9,97,c_instr_exq1_fu_mov,5
0,2,10,97,c_instr_exq1_fu_mov,1
0,2,11,97,c_instr_exq1_fu_mov,5
0,2,12,97,c_instr_exq1_fu_mov,1
0,2,13,97,c_instr_exq1_fu_mov,5
0,2,14,97,c_instr_exq1_fu_mov,1
0,2,15,97,c_instr_exq1_fu_mov,5
0,2,16,97,c_instr_exq1_fu_mov,1
0,2,17,97,c_instr_exq1_fu_mov,5
0,2,18,97,c_instr_exq1_fu_mov,1
0,2,3,98,c_instr_exq1_fu_lut,0
0,2,4,98,c_instr_exq1_fu_lut,0
0,2,5,98,c_instr_exq1_fu_lut,0
0,2,6,98,c_instr_exq1_fu_lut,0
0,2,7,98,c_instr_exq1_fu_lut,0
0,2,8,98,c_instr_exq1_fu_lut,0
0,2,9,98,c_instr_exq1_fu_lut,0
0,2,10,98,c_instr_exq1_fu_lut,0
0,2,11,98,c_instr_exq1_fu_lut,0
0,2,12,98,c_instr_exq1_fu_lut,0
0,2,13,98,c_instr_exq1_fu_lut,0
0,2,14,98,c_instr_exq1_fu_lut,0
0,2,15,98,c_instr_exq1_fu_lut,0
0,2,16,98,c_instr_exq1_fu_lut,0
0,2,17,98,c_instr_exq1_fu_lut,0
0,2,18,98,c_instr_exq1_fu_lut,0
0,2,3,99,c_instr_exq1_fu_sfu,0
0,2,4,99,c_instr_exq1_fu_sfu,0
0,2,5,99,c_instr_exq1_fu_sfu,0
0,2,6,99,c_instr_exq1_fu_sfu,0
0,2,7,99,c_instr_exq1_fu_sfu,0
0,2,8,99,c_instr_exq1_fu_sfu,0
0,2,9,99,c_instr_exq1_fu_sfu,0
0,2,10,99,c_instr_exq1_fu_sfu,0
0,2,11,99,c_instr_exq1_fu_sfu,0
0,2,12,99,c_instr_exq1_fu_sfu,0
0,2,13,99,c_instr_exq1_fu_sfu,0
0,2,14,99,c_instr_exq1_fu_sfu,0
0,2,15,99,c_instr_exq1_fu_sfu,0
0,2,16,99,c_instr_exq1_fu_sfu,0
0,2,17,99,c_instr_exq1_fu_sfu,0
0,2,18,99,c_instr_exq1_fu_sfu,0
0,2,3,100,c_instr_exq1_fu_lnexp,2
0,2,4,100,c_instr_exq1_fu_lnexp,0
0,2,5,100,c_instr_exq1_fu_lnexp,2
0,2,6,100,c_instr_exq1_fu_lnexp,0
0,2,7,100,c_instr_exq1_fu_lnexp,2
0,2,8,100,c_instr_exq1_fu_lnexp,0
0,2,9,100,c_instr_exq1_fu_lnexp,2
0,2,10,100,c_instr_exq1_fu_lnexp,0
0,2,11,100,c_instr_exq1_fu_lnexp,2
0,2,12,100,c_instr_exq1_fu_lnexp,0
0,2,13,100,c_instr_exq1_fu_lnexp,2
0,2,14,100,c_instr_exq1_fu_lnexp,0
0,2,15,100,c_instr_exq1_fu_lnexp,2
0,2,16,100,c_instr_exq1_fu_lnexp,0
0,2,17,100,c_instr_exq1_fu_lnexp,2
0,2,18,100,c_instr_exq1_fu_lnexp,0
0,2,3,101,c_instr_exq1_fu_slide,0
0,2,4,101,c_instr_exq1_fu_slide,0
0,2,5,101,c_instr_exq1_fu_slide,0
0,2,6,101,c_instr_exq1_fu_slide,0
0,2,7,101,c_instr_exq1_fu_slide,0
0,2,8,101,c_instr_exq1_fu_slide,0
0,2,9,101,c_instr_exq1_fu_slide,0
0,2,10,101,c_instr_exq1_fu_slide,0
0,2,11,101,c_instr_exq1_fu_slide,0
0,2,12,101,c_instr_exq1_fu_slide,0
0,2,13,101,c_instr_exq1_fu_slide,0
0,2,14,101,c_instr_exq1_fu_slide,0
0,2,15,101,c_instr_exq1_fu_slide,0
0,2,16,101,c_instr_exq1_fu_slide,0
0,2,17,101,c_instr_exq1_fu_slide,0
0,2,18,101,c_instr_exq1_fu_slide,0
0,2,3,102,c_instr_exq_single,0
0,2,4,102,c_instr_exq_single,0
0,2,5,102,c_instr_exq_single,0
0,2,6,102,c_instr_exq_single,0
0,2,7,102,c_instr_exq_single,0
0,2,8,102,c_instr_exq_single,0
0,2,9,102,c_instr_exq_single,0
0,2,10,102,c_instr_exq_single,0
0,2,11,102,c_instr_exq_single,0
0,2,12,102,c_instr_exq_single,0
0,2,13,102,c_instr_exq_single,0
0,2,14,102,c_instr_exq_single,0
0,2,15,102,c_instr_exq_single,0
0,2,16,102,c_instr_exq_single,0
0,2,17,102,c_instr_exq_single,0
0,2,18,102,c_instr_exq_single,0
0,2,3,103,c_time_least_throughput,5
0,2,4,103,c_time_least_throughput,1
0,2,5,103,c_time_least_throughput,5
0,2,6,103,c_time_least_throughput,1
0,2,7,103,c_time_least_throughput,5
0,2,8,103,c_time_least_throughput,1
0,2,9,103,c_time_least_throughput,5
0,2,10,103,c_time_least_throughput,1
0,2,11,103,c_time_least_throughput,5
0,2,12,103,c_time_least_throughput,1
0,2,13,103,c_time_least_throughput,5
0,2,14,103,c_time_least_throughput,1
0,2,15,103,c_time_least_throughput,5
0,2,16,103,c_time_least_throughput,1
0,2,17,103,c_time_least_throughput,5
0,2,18,103,c_time_least_throughput,1
0,2,3,104,c_fly_exu0_fu_addconv,14
0,2,4,104,c_fly_exu0_fu_addconv,7
0,2,5,104,c_fly_exu0_fu_addconv,14
0,2,6,104,c_fly_exu0_fu_addconv,7
0,2,7,104,c_fly_exu0_fu_addconv,14
0,2,8,104,c_fly_exu0_fu_addconv,7
0,2,9,104,c_fly_exu0_fu_addconv,14
0,2,10,104,c_fly_exu0_fu_addconv,7
0,2,11,104,c_fly_exu0_fu_addconv,14
0,2,12,104,c_fly_exu0_fu_addconv,7
0,2,13,104,c_fly_exu0_fu_addconv,14
0,2,14,104,c_fly_exu0_fu_addconv,7
0,2,15,104,c_fly_exu0_fu_addconv,14
0,2,16,104,c_fly_exu0_fu_addconv,7
0,2,17,104,c_fly_exu0_fu_addconv,14
0,2,18,104,c_fly_exu0_fu_addconv,7
0,2,3,105,c_fly_exu0_fu_mul,24
0,2,4,105,c_fly_exu0_fu_mul,0
0,2,5,105,c_fly_exu0_fu_mul,24
0,2,6,105,c_fly_exu0_fu_mul,0
0,2,7,105,c_fly_exu0_fu_mul,24
0,2,8,105,c_fly_exu0_fu_mul,0
0,2,9,105,c_fly_exu0_fu_mul,24
0,2,10,105,c_fly_exu0_fu_mul,0
0,2,11,105,c_fly_exu0_fu_mul,24
0,2,12,105,c_fly_exu0_fu_mul,0
0,2,13,105,c_fly_exu0_fu_mul,24
0,2,14,105,c_fly_exu0_fu_mul,0
0,2,15,105,c_fly_exu0_fu_mul,24
0,2,16,105,c_fly_exu0_fu_mul,0
0,2,17,105,c_fly_exu0_fu_mul,24
0,2,18,105,c_fly_exu0_fu_mul,0
0,2,3,106,c_fly_exu0_fu_mov,30
0,2,4,106,c_fly_exu0_fu_mov,6
0,2,5,106,c_fly_exu0_fu_mov,30
0,2,6,106,c_fly_exu0_fu_mov,6
0,2,7,106,c_fly_exu0_fu_mov,30
0,2,8,106,c_fly_exu0_fu_mov,6
0,2,9,106,c_fly_exu0_fu_mov,30
0,2,10,106,c_fly_exu0_fu_mov,6
0,2,11,106,c_fly_exu0_fu_mov,30
0,2,12,106,c_fly_exu0_fu_mov,6
0,2,13,106,c_fly_exu0_fu_mov,30
0,2,14,106,c_fly_exu0_fu_mov,6
0,2,15,106,c_fly_exu0_fu_mov,30
0,2,16,106,c_fly_exu0_fu_mov,6
0,2,17,106,c_fly_exu0_fu_mov,30
0,2,18,106,c_fly_exu0_fu_mov,6
0,2,3,107,c_fly_exu0_fu_lut,0
0,2,4,107,c_fly_exu0_fu_lut,0
0,2,5,107,c_fly_exu0_fu_lut,0
0,2,6,107,c_fly_exu0_fu_lut,0
0,2,7,107,c_fly_exu0_fu_lut,0
0,2,8,107,c_fly_exu0_fu_lut,0
0,2,9,107,c_fly_exu0_fu_lut,0
0,2,10,107,c_fly_exu0_fu_lut,0
0,2,11,107,c_fly_exu0_fu_lut,0
0,2,12,107,c_fly_exu0_fu_lut,0
0,2,13,107,c_fly_exu0_fu_lut,0
0,2,14,107,c_fly_exu0_fu_lut,0
0,2,15,107,c_fly_exu0_fu_lut,0
0,2,16,107,c_fly_exu0_fu_lut,0
0,2,17,107,c_fly_exu0_fu_lut,0
0,2,18,107,c_fly_exu0_fu_lut,0
0,2,3,108,c_fly_exu0_fu_sfu,0
0,2,4,108,c_fly_exu0_fu_sfu,0
0,2,5,108,c_fly_exu0_fu_sfu,0
0,2,6,108,c_fly_exu0_fu_sfu,0
0,2,7,108,c_fly_exu0_fu_sfu,0
0,2,8,108,c_fly_exu0_fu_sfu,0
0,2,9,108,c_fly_exu0_fu_sfu,0
0,2,10,108,c_fly_exu0_fu_sfu,0
0,2,11,108,c_fly_exu0_fu_sfu,0
0,2,12,108,c_fly_exu0_fu_sfu,0
0,2,13,108,c_fly_exu0_fu_sfu,0
0,2,14,108,c_fly_exu0_fu_sfu,0
0,2,15,108,c_fly_exu0_fu_sfu,0
0,2,16,108,c_fly_exu0_fu_sfu,0
0,2,17,108,c_fly_exu0_fu_sfu,0
0,2,18,108,c_fly_exu0_fu_sfu,0
0,2,3,109,c_fly_exu0_fu_lnexp,33
0,2,4,109,c_fly_exu0_fu_lnexp,0
0,2,5,109,c_fly_exu0_fu_lnexp,33
0,2,6,109,c_fly_exu0_fu_lnexp,0
0,2,7,109,c_fly_exu0_fu_lnexp,33
0,2,8,109,c_fly_exu0_fu_lnexp,0
0,2,9,109,c_fly_exu0_fu_lnexp,33
0,2,10,109,c_fly_exu0_fu_lnexp,0
0,2,11,109,c_fly_exu0_fu_lnexp,33
0,2,12,109,c_fly_exu0_fu_lnexp,0
0,2,13,109,c_fly_exu0_fu_lnexp,33
0,2,14,109,c_fly_exu0_fu_lnexp,0
0,2,15,109,c_fly_exu0_fu_lnexp,33
0,2,16,109,c_fly_exu0_fu_lnexp,0
0,2,17,109,c_fly_exu0_fu_lnexp,33
0,2,18,109,c_fly_exu0_fu_lnexp,0
0,2,3,110,c_fly_exu0_fu_slide,0
0,2,4,110,c_fly_exu0_fu_slide,0
0,2,5,110,c_fly_exu0_fu_slide,0
0,2,6,110,c_fly_exu0_fu_slide,0
0,2,7,110,c_fly_exu0_fu_slide,0
0,2,8,110,c_fly_exu0_fu_slide,0
0,2,9,110,c_fly_exu0_fu_slide,0
0,2,10,110,c_fly_exu0_fu_slide,0
0,2,11,110,c_fly_exu0_fu_slide,0
0,2,12,110,c_fly_exu0_fu_slide,0
0,2,13,110,c_fly_exu0_fu_slide,0
0,2,14,110,c_fly_exu0_fu_slide,0
0,2,15,110,c_fly_exu0_fu_slide,0
0,2,16,110,c_fly_exu0_fu_slide,0
0,2,17,110,c_fly_exu0_fu_slide,0
0,2,18,110,c_fly_exu0_fu_slide,0
0,2,3,111,c_fly_exu1_fu_addconv,14
0,2,4,111,c_fly_exu1_fu_addconv,7
0,2,5,111,c_fly_exu1_fu_addconv,14
0,2,6,111,c_fly_exu1_fu_addconv,7
0,2,7,111,c_fly_exu1_fu_addconv,14
0,2,8,111,c_fly_exu1_fu_addconv,7
0,2,9,111,c_fly_exu1_fu_addconv,14
0,2,10,111,c_fly_exu1_fu_addconv,7
0,2,11,111,c_fly_exu1_fu_addconv,14
0,2,12,111,c_fly_exu1_fu_addconv,7
0,2,13,111,c_fly_exu1_fu_addconv,14
0,2,14,111,c_fly_exu1_fu_addconv,7
0,2,15,111,c_fly_exu1_fu_addconv,14
0,2,16,111,c_fly_exu1_fu_addconv,7
0,2,17,111,c_fly_exu1_fu_addconv,14
0,2,18,111,c_fly_exu1_fu_addconv,7
0,2,3,112,c_fly_exu1_fu_mul,24
0,2,4,112,c_fly_exu1_fu_mul,0
0,2,5,112,c_fly_exu1_fu_mul,24
0,2,6,112,c_fly_exu1_fu_mul,0
0,2,7,112,c_fly_exu1_fu_mul,24
0,2,8,112,c_fly_exu1_fu_mul,0
0,2,9,112,c_fly_exu1_fu_mul,24
0,2,10,112,c_fly_exu1_fu_mul,0
0,2,11,112,c_fly_exu1_fu_mul,24
0,2,12,112,c_fly_exu1_fu_mul,0
0,2,13,112,c_fly_exu1_fu_mul,24
0,2,14,112,c_fly_exu1_fu_mul,0
0,2,15,112,c_fly_exu1_fu_mul,24
0,2,16,112,c_fly_exu1_fu_mul,0
0,2,17,112,c_fly_exu1_fu_mul,24
0,2,18,112,c_fly_exu1_fu_mul,0
0,2,3,113,c_fly_exu1_fu_mov,30
0,2,4,113,c_fly_exu1_fu_mov,6
0,2,5,113,c_fly_exu1_fu_mov,30
0,2,6,113,c_fly_exu1_fu_mov,6
0,2,7,113,c_fly_exu1_fu_mov,30
0,2,8,113,c_fly_exu1_fu_mov,6
0,2,9,113,c_fly_exu1_fu_mov,30
0,2,10,113,c_fly_exu1_fu_mov,6
0,2,11,113,c_fly_exu1_fu_mov,30
0,2,12,113,c_fly_exu1_fu_mov,6
0,2,13,113,c_fly_exu1_fu_mov,30
0,2,14,113,c_fly_exu1_fu_mov,6
0,2,15,113,c_fly_exu1_fu_mov,30
0,2,16,113,c_fly_exu1_fu_mov,6
0,2,17,113,c_fly_exu1_fu_mov,30
0,2,18,113,c_fly_exu1_fu_mov,6
0,2,3,114,c_fly_exu1_fu_lut,0
0,2,4,114,c_fly_exu1_fu_lut,0
0,2,5,114,c_fly_exu1_fu_lut,0
0,2,6,114,c_fly_exu1_fu_lut,0
0,2,7,114,c_fly_exu1_fu_lut,0
0,2,8,114,c_fly_exu1_fu_lut,0
0,2,9,114,c_fly_exu1_fu_lut,0
0,2,10,114,c_fly_exu1_fu_lut,0
0,2,11,114,c_fly_exu1_fu_lut,0
0,2,12,114,c_fly_exu1_fu_lut,0
0,2,13,114,c_fly_exu1_fu_lut,0
0,2,14,114,c_fly_exu1_fu_lut,0
0,2,15,114,c_fly_exu1_fu_lut,0
0,2,16,114,c_fly_exu1_fu_lut,0
0,2,17,114,c_fly_exu1_fu_lut,0
0,2,18,114,c_fly_exu1_fu_lut,0
0,2,3,115,c_fly_exu1_fu_sfu,0
0,2,4,115,c_fly_exu1_fu_sfu,0
0,2,5,115,c_fly_exu1_fu_sfu,0
0,2,6,115,c_fly_exu1_fu_sfu,0
0,2,7,115,c_fly_exu1_fu_sfu,0
0,2,8,115,c_fly_exu1_fu_sfu,0
0,2,9,115,c_fly_exu1_fu_sfu,0
0,2,10,115,c_fly_exu1_fu_sfu,0
0,2,11,115,c_fly_exu1_fu_sfu,0
0,2,12,115,c_fly_exu1_fu_sfu,0
0,2,13,115,c_fly_exu1_fu_sfu,0
0,2,14,115,c_fly_exu1_fu_sfu,0
0,2,15,115,c_fly_exu1_fu_sfu,0
0,2,16,115,c_fly_exu1_fu_sfu,0
0,2,17,115,c_fly_exu1_fu_sfu,0
0,2,18,115,c_fly_exu1_fu_sfu,0
0,2,3,116,c_fly_exu1_fu_lnexp,33
0,2,4,116,c_fly_exu1_fu_lnexp,0
0,2,5,116,c_fly_exu1_fu_lnexp,33
0,2,6,116,c_fly_exu1_fu_lnexp,0
0,2,7,116,c_fly_exu1_fu_lnexp,33
0,2,8,116,c_fly_exu1_fu_lnexp,0
0,2,9,116,c_fly_exu1_fu_lnexp,33
0,2,10,116,c_fly_exu1_fu_lnexp,0
0,2,11,116,c_fly_exu1_fu_lnexp,33
0,2,12,116,c_fly_exu1_fu_lnexp,0
0,2,13,116,c_fly_exu1_fu_lnexp,33
0,2,14,116,c_fly_exu1_fu_lnexp,0
0,2,15,116,c_fly_exu1_fu_lnexp,33
0,2,16,116,c_fly_exu1_fu_lnexp,0
0,2,17,116,c_fly_exu1_fu_lnexp,33
0,2,18,116,c_fly_exu1_fu_lnexp,0
0,2,3,117,c_fly_exu1_fu_slide,0
0,2,4,117,c_fly_exu1_fu_slide,0
0,2,5,117,c_fly_exu1_fu_slide,0
0,2,6,117,c_fly_exu1_fu_slide,0
0,2,7,117,c_fly_exu1_fu_slide,0
0,2,8,117,c_fly_exu1_fu_slide,0
0,2,9,117,c_fly_exu1_fu_slide,0
0,2,10,117,c_fly_exu1_fu_slide,0
0,2,11,117,c_fly_exu1_fu_slide,0
0,2,12,117,c_fly_exu1_fu_slide,0
0,2,13,117,c_fly_exu1_fu_slide,0
0,2,14,117,c_fly_exu1_fu_slide,0
0,2,15,117,c_fly_exu1_fu_slide,0
0,2,16,117,c_fly_exu1_fu_slide,0
0,2,17,117,c_fly_exu1_fu_slide,0
0,2,18,117,c_fly_exu1_fu_slide,0
0,2,3,118,c_busy_exu0_fu_addconv,14
0,2,4,118,c_busy_exu0_fu_addconv,7
0,2,5,118,c_busy_exu0_fu_addconv,14
0,2,6,118,c_busy_exu0_fu_addconv,7
0,2,7,118,c_busy_exu0_fu_addconv,14
0,2,8,118,c_busy_exu0_fu_addconv,7
0,2,9,118,c_busy_exu0_fu_addconv,14
0,2,10,118,c_busy_exu0_fu_addconv,7
0,2,11,118,c_busy_exu0_fu_addconv,14
0,2,12,118,c_busy_exu0_fu_addconv,7
0,2,13,118,c_busy_exu0_fu_addconv,14
0,2,14,118,c_busy_exu0_fu_addconv,7
0,2,15,118,c_busy_exu0_fu_addconv,14
0,2,16,118,c_busy_exu0_fu_addconv,7
0,2,17,118,c_busy_exu0_fu_addconv,14
0,2,18,118,c_busy_exu0_fu_addconv,7
0,2,3,119,c_busy_exu0_fu_mul,24
0,2,4,119,c_busy_exu0_fu_mul,0
0,2,5,119,c_busy_exu0_fu_mul,24
0,2,6,119,c_busy_exu0_fu_mul,0
0,2,7,119,c_busy_exu0_fu_mul,24
0,2,8,119,c_busy_exu0_fu_mul,0
0,2,9,119,c_busy_exu0_fu_mul,24
0,2,10,119,c_busy_exu0_fu_mul,0
0,2,11,119,c_busy_exu0_fu_mul,24
0,2,12,119,c_busy_exu0_fu_mul,0
0,2,13,119,c_busy_exu0_fu_mul,24
0,2,14,119,c_busy_exu0_fu_mul,0
0,2,15,119,c_busy_exu0_fu_mul,24
0,2,16,119,c_busy_exu0_fu_mul,0
0,2,17,119,c_busy_exu0_fu_mul,24
0,2,18,119,c_busy_exu0_fu_mul,0
0,2,3,120,c_busy_exu0_fu_mov,30
0,2,4,120,c_busy_exu0_fu_mov,6
0,2,5,120,c_busy_exu0_fu_mov,30
0,2,6,120,c_busy_exu0_fu_mov,6
0,2,7,120,c_busy_exu0_fu_mov,27
0,2,8,120,c_busy_exu0_fu_mov,6
0,2,9,120,c_busy_exu0_fu_mov,30
0,2,10,120,c_busy_exu0_fu_mov,6
0,2,11,120,c_busy_exu0_fu_mov,27
0,2,12,120,c_busy_exu0_fu_mov,6
0,2,13,120,c_busy_exu0_fu_mov,30
0,2,14,120,c_busy_exu0_fu_mov,6
0,2,15,120,c_busy_exu0_fu_mov,27
0,2,16,120,c_busy_exu0_fu_mov,6
0,2,17,120,c_busy_exu0_fu_mov,30
0,2,18,120,c_busy_exu0_fu_mov,6
0,2,3,121,c_busy_exu0_fu_lut,0
0,2,4,121,c_busy_exu0_fu_lut,0
0,2,5,121,c_busy_exu0_fu_lut,0
0,2,6,121,c_busy_exu0_fu_lut,0
0,2,7,121,c_busy_exu0_fu_lut,0
0,2,8,121,c_busy_exu0_fu_lut,0
0,2,9,121,c_busy_exu0_fu_lut,0
0,2,10,121,c_busy_exu0_fu_lut,0
0,2,11,121,c_busy_exu0_fu_lut,0
0,2,12,121,c_busy_exu0_fu_lut,0
0,2,13,121,c_busy_exu0_fu_lut,0
0,2,14,121,c_busy_exu0_fu_lut,0
0,2,15,121,c_busy_exu0_fu_lut,0
0,2,16,121,c_busy_exu0_fu_lut,0
0,2,17,121,c_busy_exu0_fu_lut,0
0,2,18,121,c_busy_exu0_fu_lut,0
0,2,3,122,c_busy_exu0_fu_sfu,0
0,2,4,122,c_busy_exu0_fu_sfu,0
0,2,5,122,c_busy_exu0_fu_sfu,0
0,2,6,122,c_busy_exu0_fu_sfu,0
0,2,7,122,c_busy_exu0_fu_sfu,0
0,2,8,122,c_busy_exu0_fu_sfu,0
0,2,9,122,c_busy_exu0_fu_sfu,0
0,2,10,122,c_busy_exu0_fu_sfu,0
0,2,11,122,c_busy_exu0_fu_sfu,0
0,2,12,122,c_busy_exu0_fu_sfu,0
0,2,13,122,c_busy_exu0_fu_sfu,0
0,2,14,122,c_busy_exu0_fu_sfu,0
0,2,15,122,c_busy_exu0_fu_sfu,0
0,2,16,122,c_busy_exu0_fu_sfu,0
0,2,17,122,c_busy_exu0_fu_sfu,0
0,2,18,122,c_busy_exu0_fu_sfu,0
0,2,3,123,c_busy_exu0_fu_lnexp,33
0,2,4,123,c_busy_exu0_fu_lnexp,0
0,2,5,123,c_busy_exu0_fu_lnexp,33
0,2,6,123,c_busy_exu0_fu_lnexp,0
0,2,7,123,c_busy_exu0_fu_lnexp,33
0,2,8,123,c_busy_exu0_fu_lnexp,0
0,2,9,123,c_busy_exu0_fu_lnexp,33
0,2,10,123,c_busy_exu0_fu_lnexp,0
0,2,11,123,c_busy_exu0_fu_lnexp,33
0,2,12,123,c_busy_exu0_fu_lnexp,0
0,2,13,123,c_busy_exu0_fu_lnexp,33
0,2,14,123,c_busy_exu0_fu_lnexp,0
0,2,15,123,c_busy_exu0_fu_lnexp,33
0,2,16,123,c_busy_exu0_fu_lnexp,0
0,2,17,123,c_busy_exu0_fu_lnexp,33
0,2,18,123,c_busy_exu0_fu_lnexp,0
0,2,3,124,c_busy_exu0_fu_slide,0
0,2,4,124,c_busy_exu0_fu_slide,0
0,2,5,124,c_busy_exu0_fu_slide,0
0,2,6,124,c_busy_exu0_fu_slide,0
0,2,7,124,c_busy_exu0_fu_slide,0
0,2,8,124,c_busy_exu0_fu_slide,0
0,2,9,124,c_busy_exu0_fu_slide,0
0,2,10,124,c_busy_exu0_fu_slide,0
0,2,11,124,c_busy_exu0_fu_slide,0
0,2,12,124,c_busy_exu0_fu_slide,0
0,2,13,124,c_busy_exu0_fu_slide,0
0,2,14,124,c_busy_exu0_fu_slide,0
0,2,15,124,c_busy_exu0_fu_slide,0
0,2,16,124,c_busy_exu0_fu_slide,0
0,2,17,124,c_busy_exu0_fu_slide,0
0,2,18,124,c_busy_exu0_fu_slide,0
0,2,3,125,c_busy_exu1_fu_addconv,14
0,2,4,125,c_busy_exu1_fu_addconv,7
0,2,5,125,c_busy_exu1_fu_addconv,14
0,2,6,125,c_busy_exu1_fu_addconv,7
0,2,7,125,c_busy_exu1_fu_addconv,14
0,2,8,125,c_busy_exu1_fu_addconv,7
0,2,9,125,c_busy_exu1_fu_addconv,14
0,2,10,125,c_busy_exu1_fu_addconv,7
0,2,11,125,c_busy_exu1_fu_addconv,14
0,2,12,125,c_busy_exu1_fu_addconv,7
0,2,13,125,c_busy_exu1_fu_addconv,14
0,2,14,125,c_busy_exu1_fu_addconv,7
0,2,15,125,c_busy_exu1_fu_addconv,14
0,2,16,125,c_busy_exu1_fu_addconv,7
0,2,17,125,c_busy_exu1_fu_addconv,14
0,2,18,125,c_busy_exu1_fu_addconv,7
0,2,3,126,c_busy_exu1_fu_mul,24
0,2,4,126,c_busy_exu1_fu_mul,0
0,2,5,126,c_busy_exu1_fu_mul,24
0,2,6,126,c_busy_exu1_fu_mul,0
0,2,7,126,c_busy_exu1_fu_mul,24
0,2,8,126,c_busy_exu1_fu_mul,0
0,2,9,126,c_busy_exu1_fu_mul,24
0,2,10,126,c_busy_exu1_fu_mul,0
0,2,11,126,c_busy_exu1_fu_mul,24
0,2,12,126,c_busy_exu1_fu_mul,0
0,2,13,126,c_busy_exu1_fu_mul,24
0,2,14,126,c_busy_exu1_fu_mul,0
0,2,15,126,c_busy_exu1_fu_mul,24
0,2,16,126,c_busy_exu1_fu_mul,0
0,2,17,126,c_busy_exu1_fu_mul,24
0,2,18,126,c_busy_exu1_fu_mul,0
0,2,3,127,c_busy_exu1_fu_mov,30
0,2,4,127,c_busy_exu1_fu_mov,6
0,2,5,127,c_busy_exu1_fu_mov,30
0,2,6,127,c_busy_exu1_fu_mov,6
0,2,7,127,c_busy_exu1_fu_mov,27
0,2,8,127,c_busy_exu1_fu_mov,6
0,2,9,127,c_busy_exu1_fu_mov,30
0,2,10,127,c_busy_exu1_fu_mov,6
0,2,11,127,c_busy_exu1_fu_mov,27
0,2,12,127,c_busy_exu1_fu_mov,6
0,2,13,127,c_busy_exu1_fu_mov,30
0,2,14,127,c_busy_exu1_fu_mov,6
0,2,15,127,c_busy_exu1_fu_mov,27
0,2,16,127,c_busy_exu1_fu_mov,6
0,2,17,127,c_busy_exu1_fu_mov,30
0,2,18,127,c_busy_exu1_fu_mov,6
0,2,3,128,c_busy_exu1_fu_lut,0
0,2,4,128,c_busy_exu1_fu_lut,0
0,2,5,128,c_busy_exu1_fu_lut,0
0,2,6,128,c_busy_exu1_fu_lut,0
0,2,7,128,c_busy_exu1_fu_lut,0
0,2,8,128,c_busy_exu1_fu_lut,0
0,2,9,128,c_busy_exu1_fu_lut,0
0,2,10,128,c_busy_exu1_fu_lut,0
0,2,11,128,c_busy_exu1_fu_lut,0
0,2,12,128,c_busy_exu1_fu_lut,0
0,2,13,128,c_busy_exu1_fu_lut,0
0,2,14,128,c_busy_exu1_fu_lut,0
0,2,15,128,c_busy_exu1_fu_lut,0
0,2,16,128,c_busy_exu1_fu_lut,0
0,2,17,128,c_busy_exu1_fu_lut,0
0,2,18,128,c_busy_exu1_fu_lut,0
0,2,3,129,c_busy_exu1_fu_sfu,0
0,2,4,129,c_busy_exu1_fu_sfu,0
0,2,5,129,c_busy_exu1_fu_sfu,0
0,2,6,129,c_busy_exu1_fu_sfu,0
0,2,7,129,c_busy_exu1_fu_sfu,0
0,2,8,129,c_busy_exu1_fu_sfu,0
0,2,9,129,c_busy_exu1_fu_sfu,0
0,2,10,129,c_busy_exu1_fu_sfu,0
0,2,11,129,c_busy_exu1_fu_sfu,0
0,2,12,129,c_busy_exu1_fu_sfu,0
0,2,13,129,c_busy_exu1_fu_sfu,0
0,2,14,129,c_busy_exu1_fu_sfu,0
0,2,15,129,c_busy_exu1_fu_sfu,0
0,2,16,129,c_busy_exu1_fu_sfu,0
0,2,17,129,c_busy_exu1_fu_sfu,0
0,2,18,129,c_busy_exu1_fu_sfu,0
0,2,3,130,c_busy_exu1_fu_lnexp,33
0,2,4,130,c_busy_exu1_fu_lnexp,0
0,2,5,130,c_busy_exu1_fu_lnexp,33
0,2,6,130,c_busy_exu1_fu_lnexp,0
0,2,7,130,c_busy_exu1_fu_lnexp,33
0,2,8,130,c_busy_exu1_fu_lnexp,0
0,2,9,130,c_busy_exu1_fu_lnexp,33
0,2,10,130,c_busy_exu1_fu_lnexp,0
0,2,11,130,c_busy_exu1_fu_lnexp,33
0,2,12,130,c_busy_exu1_fu_lnexp,0
0,2,13,130,c_busy_exu1_fu_lnexp,33
0,2,14,130,c_busy_exu1_fu_lnexp,0
0,2,15,130,c_busy_exu1_fu_lnexp,33
0,2,16,130,c_busy_exu1_fu_lnexp,0
0,2,17,130,c_busy_exu1_fu_lnexp,33
0,2,18,130,c_busy_exu1_fu_lnexp,0
0,2,3,131,c_busy_exu1_fu_slide,0
0,2,4,131,c_busy_exu1_fu_slide,0
0,2,5,131,c_busy_exu1_fu_slide,0
0,2,6,131,c_busy_exu1_fu_slide,0
0,2,7,131,c_busy_exu1_fu_slide,0
0,2,8,131,c_busy_exu1_fu_slide,0
0,2,9,131,c_busy_exu1_fu_slide,0
0,2,10,131,c_busy_exu1_fu_slide,0
0,2,11,131,c_busy_exu1_fu_slide,0
0,2,12,131,c_busy_exu1_fu_slide,0
0,2,13,131,c_busy_exu1_fu_slide,0
0,2,14,131,c_busy_exu1_fu_slide,0
0,2,15,131,c_busy_exu1_fu_slide,0
0,2,16,131,c_busy_exu1_fu_slide,0
0,2,17,131,c_busy_exu1_fu_slide,0
0,2,18,131,c_busy_exu1_fu_slide,0
0,2,3,132,c_exq0_empty,167
0,2,4,132,c_exq0_empty,392
0,2,5,132,c_exq0_empty,167
0,2,6,132,c_exq0_empty,35
0,2,7,132,c_exq0_empty,147
0,2,8,132,c_exq0_empty,35
0,2,9,132,c_exq0_empty,167
0,2,10,132,c_exq0_empty,35
0,2,11,132,c_exq0_empty,147
0,2,12,132,c_exq0_empty,35
0,2,13,132,c_exq0_empty,167
0,2,14,132,c_exq0_empty,35
0,2,15,132,c_exq0_empty,147
0,2,16,132,c_exq0_empty,35
0,2,17,132,c_exq0_empty,167
0,2,18,132,c_exq0_empty,35
0,2,3,133,c_exq1_empty,167
0,2,4,133,c_exq1_empty,392
0,2,5,133,c_exq1_empty,167
0,2,6,133,c_exq1_empty,35
0,2,7,133,c_exq1_empty,147
0,2,8,133,c_exq1_empty,35
0,2,9,133,c_exq1_empty,167
0,2,10,133,c_exq1_empty,35
0,2,11,133,c_exq1_empty,147
0,2,12,133,c_exq1_empty,35
0,2,13,133,c_exq1_empty,167
0,2,14,133,c_exq1_empty,35
0,2,15,133,c_exq1_empty,147
0,2,16,133,c_exq1_empty,35
0,2,17,133,c_exq1_empty,167
0,2,18,133,c_exq1_empty,35
0,2,3,134,c_cycle_exq0_dst_regport_cflt,0
0,2,4,134,c_cycle_exq0_dst_regport_cflt,0
0,2,5,134,c_cycle_exq0_dst_regport_cflt,0
0,2,6,134,c_cycle_exq0_dst_regport_cflt,0
0,2,7,134,c_cycle_exq0_dst_regport_cflt,0
0,2,8,134,c_cycle_exq0_dst_regport_cflt,0
0,2,9,134,c_cycle_exq0_dst_regport_cflt,0
0,2,10,134,c_cycle_exq0_dst_regport_cflt,0
0,2,11,134,c_cycle_exq0_dst_regport_cflt,0
0,2,12,134,c_cycle_exq0_dst_regport_cflt,0
0,2,13,134,c_cycle_exq0_dst_regport_cflt,0
0,2,14,134,c_cycle_exq0_dst_regport_cflt,0
0,2,15,134,c_cycle_exq0_dst_regport_cflt,0
0,2,16,134,c_cycle_exq0_dst_regport_cflt,0
0,2,17,134,c_cycle_exq0_dst_regport_cflt,0
0,2,18,134,c_cycle_exq0_dst_regport_cflt,0
0,2,3,135,c_cycle_exq1_dst_regport_cflt,0
0,2,4,135,c_cycle_exq1_dst_regport_cflt,0
0,2,5,135,c_cycle_exq1_dst_regport_cflt,0
0,2,6,135,c_cycle_exq1_dst_regport_cflt,0
0,2,7,135,c_cycle_exq1_dst_regport_cflt,0
0,2,8,135,c_cycle_exq1_dst_regport_cflt,0
0,2,9,135,c_cycle_exq1_dst_regport_cflt,0
0,2,10,135,c_cycle_exq1_dst_regport_cflt,0
0,2,11,135,c_cycle_exq1_dst_regport_cflt,0
0,2,12,135,c_cycle_exq1_dst_regport_cflt,0
0,2,13,135,c_cycle_exq1_dst_regport_cflt,0
0,2,14,135,c_cycle_exq1_dst_regport_cflt,0
0,2,15,135,c_cycle_exq1_dst_regport_cflt,0
0,2,16,135,c_cycle_exq1_dst_regport_cflt,0
0,2,17,135,c_cycle_exq1_dst_regport_cflt,0
0,2,18,135,c_cycle_exq1_dst_regport_cflt,0
0,2,3,136,c_cycle_exq0_valu_cflt,0
0,2,4,136,c_cycle_exq0_valu_cflt,0
0,2,5,136,c_cycle_exq0_valu_cflt,0
0,2,6,136,c_cycle_exq0_valu_cflt,0
0,2,7,136,c_cycle_exq0_valu_cflt,0
0,2,8,136,c_cycle_exq0_valu_cflt,0
0,2,9,136,c_cycle_exq0_valu_cflt,0
0,2,10,136,c_cycle_exq0_valu_cflt,0
0,2,11,136,c_cycle_exq0_valu_cflt,0
0,2,12,136,c_cycle_exq0_valu_cflt,0
0,2,13,136,c_cycle_exq0_valu_cflt,0
0,2,14,136,c_cycle_exq0_valu_cflt,0
0,2,15,136,c_cycle_exq0_valu_cflt,0
0,2,16,136,c_cycle_exq0_valu_cflt,0
0,2,17,136,c_cycle_exq0_valu_cflt,0
0,2,18,136,c_cycle_exq0_valu_cflt,0
0,2,3,137,c_cycle_exq1_valu_cflt,0
0,2,4,137,c_cycle_exq1_valu_cflt,0
0,2,5,137,c_cycle_exq1_valu_cflt,0
0,2,6,137,c_cycle_exq1_valu_cflt,0
0,2,7,137,c_cycle_exq1_valu_cflt,0
0,2,8,137,c_cycle_exq1_valu_cflt,0
0,2,9,137,c_cycle_exq1_valu_cflt,0
0,2,10,137,c_cycle_exq1_valu_cflt,0
0,2,11,137,c_cycle_exq1_valu_cflt,0
0,2,12,137,c_cycle_exq1_valu_cflt,0
0,2,13,137,c_cycle_exq1_valu_cflt,0
0,2,14,137,c_cycle_exq1_valu_cflt,0
0,2,15,137,c_cycle_exq1_valu_cflt,0
0,2,16,137,c_cycle_exq1_valu_cflt,0
0,2,17,137,c_cycle_exq1_valu_cflt,0
0,2,18,137,c_cycle_exq1_valu_cflt,0
0,2,3,138,c_cycle_exq0_valu_cflt_thrput,0
0,2,4,138,c_cycle_exq0_valu_cflt_thrput,0
0,2,5,138,c_cycle_exq0_valu_cflt_thrput,0
0,2,6,138,c_cycle_exq0_valu_cflt_thrput,0
0,2,7,138,c_cycle_exq0_valu_cflt_thrput,0
0,2,8,138,c_cycle_exq0_valu_cflt_thrput,0
0,2,9,138,c_cycle_exq0_valu_cflt_thrput,0
0,2,10,138,c_cycle_exq0_valu_cflt_thrput,0
0,2,11,138,c_cycle_exq0_valu_cflt_thrput,0
0,2,12,138,c_cycle_exq0_valu_cflt_thrput,0
0,2,13,138,c_cycle_exq0_valu_cflt_thrput,0
0,2,14,138,c_cycle_exq0_valu_cflt_thrput,0
0,2,15,138,c_cycle_exq0_valu_cflt_thrput,0
0,2,16,138,c_cycle_exq0_valu_cflt_thrput,0
0,2,17,138,c_cycle_exq0_valu_cflt_thrput,0
0,2,18,138,c_cycle_exq0_valu_cflt_thrput,0
0,2,3,139,c_cycle_exq1_valu_cflt_thrput,0
0,2,4,139,c_cycle_exq1_valu_cflt_thrput,0
0,2,5,139,c_cycle_exq1_valu_cflt_thrput,0
0,2,6,139,c_cycle_exq1_valu_cflt_thrput,0
0,2,7,139,c_cycle_exq1_valu_cflt_thrput,0
0,2,8,139,c_cycle_exq1_valu_cflt_thrput,0
0,2,9,139,c_cycle_exq1_valu_cflt_thrput,0
0,2,10,139,c_cycle_exq1_valu_cflt_thrput,0
0,2,11,139,c_cycle_exq1_valu_cflt_thrput,0
0,2,12,139,c_cycle_exq1_valu_cflt_thrput,0
0,2,13,139,c_cycle_exq1_valu_cflt_thrput,0
0,2,14,139,c_cycle_exq1_valu_cflt_thrput,0
0,2,15,139,c_cycle_exq1_valu_cflt_thrput,0
0,2,16,139,c_cycle_exq1_valu_cflt_thrput,0
0,2,17,139,c_cycle_exq1_valu_cflt_thrput,0
0,2,18,139,c_cycle_exq1_valu_cflt_thrput,0
0,2,3,140,c_cycle_exq0_valu_cflt_resc,0
0,2,4,140,c_cycle_exq0_valu_cflt_resc,0
0,2,5,140,c_cycle_exq0_valu_cflt_resc,0
0,2,6,140,c_cycle_exq0_valu_cflt_resc,0
0,2,7,140,c_cycle_exq0_valu_cflt_resc,0
0,2,8,140,c_cycle_exq0_valu_cflt_resc,0
0,2,9,140,c_cycle_exq0_valu_cflt_resc,0
0,2,10,140,c_cycle_exq0_valu_cflt_resc,0
0,2,11,140,c_cycle_exq0_valu_cflt_resc,0
0,2,12,140,c_cycle_exq0_valu_cflt_resc,0
0,2,13,140,c_cycle_exq0_valu_cflt_resc,0
0,2,14,140,c_cycle_exq0_valu_cflt_resc,0
0,2,15,140,c_cycle_exq0_valu_cflt_resc,0
0,2,16,140,c_cycle_exq0_valu_cflt_resc,0
0,2,17,140,c_cycle_exq0_valu_cflt_resc,0
0,2,18,140,c_cycle_exq0_valu_cflt_resc,0
0,2,3,141,c_cycle_exq1_valu_cflt_resc,0
0,2,4,141,c_cycle_exq1_valu_cflt_resc,0
0,2,5,141,c_cycle_exq1_valu_cflt_resc,0
0,2,6,141,c_cycle_exq1_valu_cflt_resc,0
0,2,7,141,c_cycle_exq1_valu_cflt_resc,0
0,2,8,141,c_cycle_exq1_valu_cflt_resc,0
0,2,9,141,c_cycle_exq1_valu_cflt_resc,0
0,2,10,141,c_cycle_exq1_valu_cflt_resc,0
0,2,11,141,c_cycle_exq1_valu_cflt_resc,0
0,2,12,141,c_cycle_exq1_valu_cflt_resc,0
0,2,13,141,c_cycle_exq1_valu_cflt_resc,0
0,2,14,141,c_cycle_exq1_valu_cflt_resc,0
0,2,15,141,c_cycle_exq1_valu_cflt_resc,0
0,2,16,141,c_cycle_exq1_valu_cflt_resc,0
0,2,17,141,c_cycle_exq1_valu_cflt_resc,0
0,2,18,141,c_cycle_exq1_valu_cflt_resc,0
0,2,3,142,c_cycle_exq0_src_not_ready_all,0
0,2,4,142,c_cycle_exq0_src_not_ready_all,0
0,2,5,142,c_cycle_exq0_src_not_ready_all,0
0,2,6,142,c_cycle_exq0_src_not_ready_all,0
0,2,7,142,c_cycle_exq0_src_not_ready_all,0
0,2,8,142,c_cycle_exq0_src_not_ready_all,0
0,2,9,142,c_cycle_exq0_src_not_ready_all,0
0,2,10,142,c_cycle_exq0_src_not_ready_all,0
0,2,11,142,c_cycle_exq0_src_not_ready_all,0
0,2,12,142,c_cycle_exq0_src_not_ready_all,0
0,2,13,142,c_cycle_exq0_src_not_ready_all,0
0,2,14,142,c_cycle_exq0_src_not_ready_all,0
0,2,15,142,c_cycle_exq0_src_not_ready_all,0
0,2,16,142,c_cycle_exq0_src_not_ready_all,0
0,2,17,142,c_cycle_exq0_src_not_ready_all,0
0,2,18,142,c_cycle_exq0_src_not_ready_all,0
0,2,3,143,c_cycle_exq1_src_not_ready_all,0
0,2,4,143,c_cycle_exq1_src_not_ready_all,0
0,2,5,143,c_cycle_exq1_src_not_ready_all,0
0,2,6,143,c_cycle_exq1_src_not_ready_all,0
0,2,7,143,c_cycle_exq1_src_not_ready_all,0
0,2,8,143,c_cycle_exq1_src_not_ready_all,0
0,2,9,143,c_cycle_exq1_src_not_ready_all,0
0,2,10,143,c_cycle_exq1_src_not_ready_all,0
0,2,11,143,c_cycle_exq1_src_not_ready_all,0
0,2,12,143,c_cycle_exq1_src_not_ready_all,0
0,2,13,143,c_cycle_exq1_src_not_ready_all,0
0,2,14,143,c_cycle_exq1_src_not_ready_all,0
0,2,15,143,c_cycle_exq1_src_not_ready_all,0
0,2,16,143,c_cycle_exq1_src_not_ready_all,0
0,2,17,143,c_cycle_exq1_src_not_ready_all,0
0,2,18,143,c_cycle_exq1_src_not_ready_all,0
0,2,3,144,c_busy_ex_instr,20
0,2,4,144,c_busy_ex_instr,4
0,2,5,144,c_busy_ex_instr,20
0,2,6,144,c_busy_ex_instr,4
0,2,7,144,c_busy_ex_instr,20
0,2,8,144,c_busy_ex_instr,4
0,2,9,144,c_busy_ex_instr,20
0,2,10,144,c_busy_ex_instr,4
0,2,11,144,c_busy_ex_instr,20
0,2,12,144,c_busy_ex_instr,4
0,2,13,144,c_busy_ex_instr,20
0,2,14,144,c_busy_ex_instr,4
0,2,15,144,c_busy_ex_instr,20
0,2,16,144,c_busy_ex_instr,4
0,2,17,144,c_busy_ex_instr,20
0,2,18,144,c_busy_ex_instr,4
0,2,3,145,c_cycle_stq_st_src_not_ready_all,0
0,2,4,145,c_cycle_stq_st_src_not_ready_all,0
0,2,5,145,c_cycle_stq_st_src_not_ready_all,0
0,2,6,145,c_cycle_stq_st_src_not_ready_all,0
0,2,7,145,c_cycle_stq_st_src_not_ready_all,0
0,2,8,145,c_cycle_stq_st_src_not_ready_all,0
0,2,9,145,c_cycle_stq_st_src_not_ready_all,0
0,2,10,145,c_cycle_stq_st_src_not_ready_all,0
0,2,11,145,c_cycle_stq_st_src_not_ready_all,0
0,2,12,145,c_cycle_stq_st_src_not_ready_all,0
0,2,13,145,c_cycle_stq_st_src_not_ready_all,0
0,2,14,145,c_cycle_stq_st_src_not_ready_all,0
0,2,15,145,c_cycle_stq_st_src_not_ready_all,0
0,2,16,145,c_cycle_stq_st_src_not_ready_all,0
0,2,17,145,c_cycle_stq_st_src_not_ready_all,0
0,2,18,145,c_cycle_stq_st_src_not_ready_all,0
0,2,3,146,c_cycle_stq_sc_src_not_ready_all,0
0,2,4,146,c_cycle_stq_sc_src_not_ready_all,0
0,2,5,146,c_cycle_stq_sc_src_not_ready_all,0
0,2,6,146,c_cycle_stq_sc_src_not_ready_all,0
0,2,7,146,c_cycle_stq_sc_src_not_ready_all,0
0,2,8,146,c_cycle_stq_sc_src_not_ready_all,0
0,2,9,146,c_cycle_stq_sc_src_not_ready_all,0
0,2,10,146,c_cycle_stq_sc_src_not_ready_all,0
0,2,11,146,c_cycle_stq_sc_src_not_ready_all,0
0,2,12,146,c_cycle_stq_sc_src_not_ready_all,0
0,2,13,146,c_cycle_stq_sc_src_not_ready_all,0
0,2,14,146,c_cycle_stq_sc_src_not_ready_all,0
0,2,15,146,c_cycle_stq_sc_src_not_ready_all,0
0,2,16,146,c_cycle_stq_sc_src_not_ready_all,0
0,2,17,146,c_cycle_stq_sc_src_not_ready_all,0
0,2,18,146,c_cycle_stq_sc_src_not_ready_all,0
0,2,3,147,c_cycle_stq_ga_src_not_ready_all,0
0,2,4,147,c_cycle_stq_ga_src_not_ready_all,0
0,2,5,147,c_cycle_stq_ga_src_not_ready_all,0
0,2,6,147,c_cycle_stq_ga_src_not_ready_all,0
0,2,7,147,c_cycle_stq_ga_src_not_ready_all,0
0,2,8,147,c_cycle_stq_ga_src_not_ready_all,0
0,2,9,147,c_cycle_stq_ga_src_not_ready_all,0
0,2,10,147,c_cycle_stq_ga_src_not_ready_all,0
0,2,11,147,c_cycle_stq_ga_src_not_ready_all,0
0,2,12,147,c_cycle_stq_ga_src_not_ready_all,0
0,2,13,147,c_cycle_stq_ga_src_not_ready_all,0
0,2,14,147,c_cycle_stq_ga_src_not_ready_all,0
0,2,15,147,c_cycle_stq_ga_src_not_ready_all,0
0,2,16,147,c_cycle_stq_ga_src_not_ready_all,0
0,2,17,147,c_cycle_stq_ga_src_not_ready_all,0
0,2,18,147,c_cycle_stq_ga_src_not_ready_all,0
0,2,3,148,c_cycle_shq_st_src_not_ready_all,126
0,2,4,148,c_cycle_shq_st_src_not_ready_all,12
0,2,5,148,c_cycle_shq_st_src_not_ready_all,126
0,2,6,148,c_cycle_shq_st_src_not_ready_all,12
0,2,7,148,c_cycle_shq_st_src_not_ready_all,126
0,2,8,148,c_cycle_shq_st_src_not_ready_all,12
0,2,9,148,c_cycle_shq_st_src_not_ready_all,126
0,2,10,148,c_cycle_shq_st_src_not_ready_all,12
0,2,11,148,c_cycle_shq_st_src_not_ready_all,126
0,2,12,148,c_cycle_shq_st_src_not_ready_all,12
0,2,13,148,c_cycle_shq_st_src_not_ready_all,126
0,2,14,148,c_cycle_shq_st_src_not_ready_all,12
0,2,15,148,c_cycle_shq_st_src_not_ready_all,126
0,2,16,148,c_cycle_shq_st_src_not_ready_all,12
0,2,17,148,c_cycle_shq_st_src_not_ready_all,126
0,2,18,148,c_cycle_shq_st_src_not_ready_all,12
0,2,3,149,c_cycle_shq_sc_src_not_ready_all,0
0,2,4,149,c_cycle_shq_sc_src_not_ready_all,0
0,2,5,149,c_cycle_shq_sc_src_not_ready_all,0
0,2,6,149,c_cycle_shq_sc_src_not_ready_all,0
0,2,7,149,c_cycle_shq_sc_src_not_ready_all,0
0,2,8,149,c_cycle_shq_sc_src_not_ready_all,0
0,2,9,149,c_cycle_shq_sc_src_not_ready_all,0
0,2,10,149,c_cycle_shq_sc_src_not_ready_all,0
0,2,11,149,c_cycle_shq_sc_src_not_ready_all,0
0,2,12,149,c_cycle_shq_sc_src_not_ready_all,0
0,2,13,149,c_cycle_shq_sc_src_not_ready_all,0
0,2,14,149,c_cycle_shq_sc_src_not_ready_all,0
0,2,15,149,c_cycle_shq_sc_src_not_ready_all,0
0,2,16,149,c_cycle_shq_sc_src_not_ready_all,0
0,2,17,149,c_cycle_shq_sc_src_not_ready_all,0
0,2,18,149,c_cycle_shq_sc_src_not_ready_all,0
0,2,3,150,c_cycle_shq_ga_src_not_ready_all,0
0,2,4,150,c_cycle_shq_ga_src_not_ready_all,0
0,2,5,150,c_cycle_shq_ga_src_not_ready_all,0
0,2,6,150,c_cycle_shq_ga_src_not_ready_all,0
0,2,7,150,c_cycle_shq_ga_src_not_ready_all,0
0,2,8,150,c_cycle_shq_ga_src_not_ready_all,0
0,2,9,150,c_cycle_shq_ga_src_not_ready_all,0
0,2,10,150,c_cycle_shq_ga_src_not_ready_all,0
0,2,11,150,c_cycle_shq_ga_src_not_ready_all,0
0,2,12,150,c_cycle_shq_ga_src_not_ready_all,0
0,2,13,150,c_cycle_shq_ga_src_not_ready_all,0
0,2,14,150,c_cycle_shq_ga_src_not_ready_all,0
0,2,15,150,c_cycle_shq_ga_src_not_ready_all,0
0,2,16,150,c_cycle_shq_ga_src_not_ready_all,0
0,2,17,150,c_cycle_shq_ga_src_not_ready_all,0
0,2,18,150,c_cycle_shq_ga_src_not_ready_all,0
0,2,3,151,c_cycle_shq_avail_exq0_empty,105
0,2,4,151,c_cycle_shq_avail_exq0_empty,5
0,2,5,151,c_cycle_shq_avail_exq0_empty,105
0,2,6,151,c_cycle_shq_avail_exq0_empty,5
0,2,7,151,c_cycle_shq_avail_exq0_empty,107
0,2,8,151,c_cycle_shq_avail_exq0_empty,5
0,2,9,151,c_cycle_shq_avail_exq0_empty,105
0,2,10,151,c_cycle_shq_avail_exq0_empty,5
0,2,11,151,c_cycle_shq_avail_exq0_empty,107
0,2,12,151,c_cycle_shq_avail_exq0_empty,5
0,2,13,151,c_cycle_shq_avail_exq0_empty,105
0,2,14,151,c_cycle_shq_avail_exq0_empty,5
0,2,15,151,c_cycle_shq_avail_exq0_empty,107
0,2,16,151,c_cycle_shq_avail_exq0_empty,5
0,2,17,151,c_cycle_shq_avail_exq0_empty,105
0,2,18,151,c_cycle_shq_avail_exq0_empty,5
0,2,3,152,c_cycle_shq_avail_exq1_empty,105
0,2,4,152,c_cycle_shq_avail_exq1_empty,5
0,2,5,152,c_cycle_shq_avail_exq1_empty,105
0,2,6,152,c_cycle_shq_avail_exq1_empty,5
0,2,7,152,c_cycle_shq_avail_exq1_empty,107
0,2,8,152,c_cycle_shq_avail_exq1_empty,5
0,2,9,152,c_cycle_shq_avail_exq1_empty,105
0,2,10,152,c_cycle_shq_avail_exq1_empty,5
0,2,11,152,c_cycle_shq_avail_exq1_empty,107
0,2,12,152,c_cycle_shq_avail_exq1_empty,5
0,2,13,152,c_cycle_shq_avail_exq1_empty,105
0,2,14,152,c_cycle_shq_avail_exq1_empty,5
0,2,15,152,c_cycle_shq_avail_exq1_empty,107
0,2,16,152,c_cycle_shq_avail_exq1_empty,5
0,2,17,152,c_cycle_shq_avail_exq1_empty,105
0,2,18,152,c_cycle_shq_avail_exq1_empty,5
0,2,3,153,c_cycle_shq_ex_src_bound_by_ld,89
0,2,4,153,c_cycle_shq_ex_src_bound_by_ld,5
0,2,5,153,c_cycle_shq_ex_src_bound_by_ld,89
0,2,6,153,c_cycle_shq_ex_src_bound_by_ld,5
0,2,7,153,c_cycle_shq_ex_src_bound_by_ld,89
0,2,8,153,c_cycle_shq_ex_src_bound_by_ld,5
0,2,9,153,c_cycle_shq_ex_src_bound_by_ld,89
0,2,10,153,c_cycle_shq_ex_src_bound_by_ld,5
0,2,11,153,c_cycle_shq_ex_src_bound_by_ld,89
0,2,12,153,c_cycle_shq_ex_src_bound_by_ld,5
0,2,13,153,c_cycle_shq_ex_src_bound_by_ld,89
0,2,14,153,c_cycle_shq_ex_src_bound_by_ld,5
0,2,15,153,c_cycle_shq_ex_src_bound_by_ld,89
0,2,16,153,c_cycle_shq_ex_src_bound_by_ld,5
0,2,17,153,c_cycle_shq_ex_src_bound_by_ld,89
0,2,18,153,c_cycle_shq_ex_src_bound_by_ld,5
0,2,3,154,c_busy_ub_instr,107
0,2,4,154,c_busy_ub_instr,4
0,2,5,154,c_busy_ub_instr,107
0,2,6,154,c_busy_ub_instr,4
0,2,7,154,c_busy_ub_instr,112
0,2,8,154,c_busy_ub_instr,4
0,2,9,154,c_busy_ub_instr,107
0,2,10,154,c_busy_ub_instr,4
0,2,11,154,c_busy_ub_instr,112
0,2,12,154,c_busy_ub_instr,4
0,2,13,154,c_busy_ub_instr,107
0,2,14,154,c_busy_ub_instr,4
0,2,15,154,c_busy_ub_instr,112
0,2,16,154,c_busy_ub_instr,4
0,2,17,154,c_busy_ub_instr,107
0,2,18,154,c_busy_ub_instr,4
0,2,3,155,c_cycle_ex0_stall_by_membar,0
0,2,4,155,c_cycle_ex0_stall_by_membar,0
0,2,5,155,c_cycle_ex0_stall_by_membar,0
0,2,6,155,c_cycle_ex0_stall_by_membar,0
0,2,7,155,c_cycle_ex0_stall_by_membar,0
0,2,8,155,c_cycle_ex0_stall_by_membar,0
0,2,9,155,c_cycle_ex0_stall_by_membar,0
0,2,10,155,c_cycle_ex0_stall_by_membar,0
0,2,11,155,c_cycle_ex0_stall_by_membar,0
0,2,12,155,c_cycle_ex0_stall_by_membar,0
0,2,13,155,c_cycle_ex0_stall_by_membar,0
0,2,14,155,c_cycle_ex0_stall_by_membar,0
0,2,15,155,c_cycle_ex0_stall_by_membar,0
0,2,16,155,c_cycle_ex0_stall_by_membar,0
0,2,17,155,c_cycle_ex0_stall_by_membar,0
0,2,18,155,c_cycle_ex0_stall_by_membar,0
0,2,3,156,c_cycle_ex1_stall_by_membar,0
0,2,4,156,c_cycle_ex1_stall_by_membar,0
0,2,5,156,c_cycle_ex1_stall_by_membar,0
0,2,6,156,c_cycle_ex1_stall_by_membar,0
0,2,7,156,c_cycle_ex1_stall_by_membar,0
0,2,8,156,c_cycle_ex1_stall_by_membar,0
0,2,9,156,c_cycle_ex1_stall_by_membar,0
0,2,10,156,c_cycle_ex1_stall_by_membar,0
0,2,11,156,c_cycle_ex1_stall_by_membar,0
0,2,12,156,c_cycle_ex1_stall_by_membar,0
0,2,13,156,c_cycle_ex1_stall_by_membar,0
0,2,14,156,c_cycle_ex1_stall_by_membar,0
0,2,15,156,c_cycle_ex1_stall_by_membar,0
0,2,16,156,c_cycle_ex1_stall_by_membar,0
0,2,17,156,c_cycle_ex1_stall_by_membar,0
0,2,18,156,c_cycle_ex1_stall_by_membar,0
0,2,3,157,c_shq_busy,136
0,2,4,157,c_shq_busy,14
0,2,5,157,c_shq_busy,136
0,2,6,157,c_shq_busy,14
0,2,7,157,c_shq_busy,136
0,2,8,157,c_shq_busy,14
0,2,9,157,c_shq_busy,136
0,2,10,157,c_shq_busy,14
0,2,11,157,c_shq_busy,136
0,2,12,157,c_shq_busy,14
0,2,13,157,c_shq_busy,136
0,2,14,157,c_shq_busy,14
0,2,15,157,c_shq_busy,136
0,2,16,157,c_shq_busy,14
0,2,17,157,c_shq_busy,136
0,2,18,157,c_shq_busy,14
0,2,3,158,c_shq_ex0_busy,117
0,2,4,158,c_shq_ex0_busy,7
0,2,5,158,c_shq_ex0_busy,117
0,2,6,158,c_shq_ex0_busy,7
0,2,7,158,c_shq_ex0_busy,119
0,2,8,158,c_shq_ex0_busy,7
0,2,9,158,c_shq_ex0_busy,117
0,2,10,158,c_shq_ex0_busy,7
0,2,11,158,c_shq_ex0_busy,119
0,2,12,158,c_shq_ex0_busy,7
0,2,13,158,c_shq_ex0_busy,117
0,2,14,158,c_shq_ex0_busy,7
0,2,15,158,c_shq_ex0_busy,119
0,2,16,158,c_shq_ex0_busy,7
0,2,17,158,c_shq_ex0_busy,117
0,2,18,158,c_shq_ex0_busy,7
0,2,3,159,c_shq_ex1_busy,117
0,2,4,159,c_shq_ex1_busy,7
0,2,5,159,c_shq_ex1_busy,117
0,2,6,159,c_shq_ex1_busy,7
0,2,7,159,c_shq_ex1_busy,119
0,2,8,159,c_shq_ex1_busy,7
0,2,9,159,c_shq_ex1_busy,117
0,2,10,159,c_shq_ex1_busy,7
0,2,11,159,c_shq_ex1_busy,119
0,2,12,159,c_shq_ex1_busy,7
0,2,13,159,c_shq_ex1_busy,117
0,2,14,159,c_shq_ex1_busy,7
0,2,15,159,c_shq_ex1_busy,119
0,2,16,159,c_shq_ex1_busy,7
0,2,17,159,c_shq_ex1_busy,117
0,2,18,159,c_shq_ex1_busy,7
0,2,3,160,c_shq_ex_busy,119
0,2,4,160,c_shq_ex_busy,8
0,2,5,160,c_shq_ex_busy,119
0,2,6,160,c_shq_ex_busy,8
0,2,7,160,c_shq_ex_busy,120
0,2,8,160,c_shq_ex_busy,8
0,2,9,160,c_shq_ex_busy,119
0,2,10,160,c_shq_ex_busy,8
0,2,11,160,c_shq_ex_busy,120
0,2,12,160,c_shq_ex_busy,8
0,2,13,160,c_shq_ex_busy,119
0,2,14,160,c_shq_ex_busy,8
0,2,15,160,c_shq_ex_busy,120
0,2,16,160,c_shq_ex_busy,8
0,2,17,160,c_shq_ex_busy,119
0,2,18,160,c_shq_ex_busy,8
0,2,3,161,c_shq_ex0_issue_eq1,12
0,2,4,161,c_shq_ex0_issue_eq1,2
0,2,5,161,c_shq_ex0_issue_eq1,12
0,2,6,161,c_shq_ex0_issue_eq1,2
0,2,7,161,c_shq_ex0_issue_eq1,12
0,2,8,161,c_shq_ex0_issue_eq1,2
0,2,9,161,c_shq_ex0_issue_eq1,12
0,2,10,161,c_shq_ex0_issue_eq1,2
0,2,11,161,c_shq_ex0_issue_eq1,12
0,2,12,161,c_shq_ex0_issue_eq1,2
0,2,13,161,c_shq_ex0_issue_eq1,12
0,2,14,161,c_shq_ex0_issue_eq1,2
0,2,15,161,c_shq_ex0_issue_eq1,12
0,2,16,161,c_shq_ex0_issue_eq1,2
0,2,17,161,c_shq_ex0_issue_eq1,12
0,2,18,161,c_shq_ex0_issue_eq1,2
0,2,3,162,c_shq_ex1_issue_eq1,12
0,2,4,162,c_shq_ex1_issue_eq1,2
0,2,5,162,c_shq_ex1_issue_eq1,12
0,2,6,162,c_shq_ex1_issue_eq1,2
0,2,7,162,c_shq_ex1_issue_eq1,12
0,2,8,162,c_shq_ex1_issue_eq1,2
0,2,9,162,c_shq_ex1_issue_eq1,12
0,2,10,162,c_shq_ex1_issue_eq1,2
0,2,11,162,c_shq_ex1_issue_eq1,12
0,2,12,162,c_shq_ex1_issue_eq1,2
0,2,13,162,c_shq_ex1_issue_eq1,12
0,2,14,162,c_shq_ex1_issue_eq1,2
0,2,15,162,c_shq_ex1_issue_eq1,12
0,2,16,162,c_shq_ex1_issue_eq1,2
0,2,17,162,c_shq_ex1_issue_eq1,12
0,2,18,162,c_shq_ex1_issue_eq1,2
0,2,3,163,c_shq_ex_issue_eq1,16
0,2,4,163,c_shq_ex_issue_eq1,4
0,2,5,163,c_shq_ex_issue_eq1,16
0,2,6,163,c_shq_ex_issue_eq1,4
0,2,7,163,c_shq_ex_issue_eq1,16
0,2,8,163,c_shq_ex_issue_eq1,4
0,2,9,163,c_shq_ex_issue_eq1,16
0,2,10,163,c_shq_ex_issue_eq1,4
0,2,11,163,c_shq_ex_issue_eq1,16
0,2,12,163,c_shq_ex_issue_eq1,4
0,2,13,163,c_shq_ex_issue_eq1,16
0,2,14,163,c_shq_ex_issue_eq1,4
0,2,15,163,c_shq_ex_issue_eq1,16
0,2,16,163,c_shq_ex_issue_eq1,4
0,2,17,163,c_shq_ex_issue_eq1,16
0,2,18,163,c_shq_ex_issue_eq1,4
0,2,3,164,c_shq_ex_issue_eq2,4
0,2,4,164,c_shq_ex_issue_eq2,0
0,2,5,164,c_shq_ex_issue_eq2,4
0,2,6,164,c_shq_ex_issue_eq2,0
0,2,7,164,c_shq_ex_issue_eq2,4
0,2,8,164,c_shq_ex_issue_eq2,0
0,2,9,164,c_shq_ex_issue_eq2,4
0,2,10,164,c_shq_ex_issue_eq2,0
0,2,11,164,c_shq_ex_issue_eq2,4
0,2,12,164,c_shq_ex_issue_eq2,0
0,2,13,164,c_shq_ex_issue_eq2,4
0,2,14,164,c_shq_ex_issue_eq2,0
0,2,15,164,c_shq_ex_issue_eq2,4
0,2,16,164,c_shq_ex_issue_eq2,0
0,2,17,164,c_shq_ex_issue_eq2,4
0,2,18,164,c_shq_ex_issue_eq2,0
0,2,3,165,c_shq_st_busy,136
0,2,4,165,c_shq_st_busy,14
0,2,5,165,c_shq_st_busy,136
0,2,6,165,c_shq_st_busy,14
0,2,7,165,c_shq_st_busy,136
0,2,8,165,c_shq_st_busy,14
0,2,9,165,c_shq_st_busy,136
0,2,10,165,c_shq_st_busy,14
0,2,11,165,c_shq_st_busy,136
0,2,12,165,c_shq_st_busy,14
0,2,13,165,c_shq_st_busy,136
0,2,14,165,c_shq_st_busy,14
0,2,15,165,c_shq_st_busy,136
0,2,16,165,c_shq_st_busy,14
0,2,17,165,c_shq_st_busy,136
0,2,18,165,c_shq_st_busy,14
0,2,3,166,c_shq_st_issue_eq0,126
0,2,4,166,c_shq_st_issue_eq0,12
0,2,5,166,c_shq_st_issue_eq0,126
0,2,6,166,c_shq_st_issue_eq0,12
0,2,7,166,c_shq_st_issue_eq0,126
0,2,8,166,c_shq_st_issue_eq0,12
0,2,9,166,c_shq_st_issue_eq0,126
0,2,10,166,c_shq_st_issue_eq0,12
0,2,11,166,c_shq_st_issue_eq0,126
0,2,12,166,c_shq_st_issue_eq0,12
0,2,13,166,c_shq_st_issue_eq0,126
0,2,14,166,c_shq_st_issue_eq0,12
0,2,15,166,c_shq_st_issue_eq0,126
0,2,16,166,c_shq_st_issue_eq0,12
0,2,17,166,c_shq_st_issue_eq0,126
0,2,18,166,c_shq_st_issue_eq0,12
0,2,3,167,c_shq_st_issue_eq1,10
0,2,4,167,c_shq_st_issue_eq1,2
0,2,5,167,c_shq_st_issue_eq1,10
0,2,6,167,c_shq_st_issue_eq1,2
0,2,7,167,c_shq_st_issue_eq1,10
0,2,8,167,c_shq_st_issue_eq1,2
0,2,9,167,c_shq_st_issue_eq1,10
0,2,10,167,c_shq_st_issue_eq1,2
0,2,11,167,c_shq_st_issue_eq1,10
0,2,12,167,c_shq_st_issue_eq1,2
0,2,13,167,c_shq_st_issue_eq1,10
0,2,14,167,c_shq_st_issue_eq1,2
0,2,15,167,c_shq_st_issue_eq1,10
0,2,16,167,c_shq_st_issue_eq1,2
0,2,17,167,c_shq_st_issue_eq1,10
0,2,18,167,c_shq_st_issue_eq1,2
0,2,3,168,c_shq_sc_busy,0
0,2,4,168,c_shq_sc_busy,0
0,2,5,168,c_shq_sc_busy,0
0,2,6,168,c_shq_sc_busy,0
0,2,7,168,c_shq_sc_busy,0
0,2,8,168,c_shq_sc_busy,0
0,2,9,168,c_shq_sc_busy,0
0,2,10,168,c_shq_sc_busy,0
0,2,11,168,c_shq_sc_busy,0
0,2,12,168,c_shq_sc_busy,0
0,2,13,168,c_shq_sc_busy,0
0,2,14,168,c_shq_sc_busy,0
0,2,15,168,c_shq_sc_busy,0
0,2,16,168,c_shq_sc_busy,0
0,2,17,168,c_shq_sc_busy,0
0,2,18,168,c_shq_sc_busy,0
0,2,3,169,c_shq_sc_issue_eq0,0
0,2,4,169,c_shq_sc_issue_eq0,0
0,2,5,169,c_shq_sc_issue_eq0,0
0,2,6,169,c_shq_sc_issue_eq0,0
0,2,7,169,c_shq_sc_issue_eq0,0
0,2,8,169,c_shq_sc_issue_eq0,0
0,2,9,169,c_shq_sc_issue_eq0,0
0,2,10,169,c_shq_sc_issue_eq0,0
0,2,11,169,c_shq_sc_issue_eq0,0
0,2,12,169,c_shq_sc_issue_eq0,0
0,2,13,169,c_shq_sc_issue_eq0,0
0,2,14,169,c_shq_sc_issue_eq0,0
0,2,15,169,c_shq_sc_issue_eq0,0
0,2,16,169,c_shq_sc_issue_eq0,0
0,2,17,169,c_shq_sc_issue_eq0,0
0,2,18,169,c_shq_sc_issue_eq0,0
0,2,3,170,c_shq_sc_issue_eq1,0
0,2,4,170,c_shq_sc_issue_eq1,0
0,2,5,170,c_shq_sc_issue_eq1,0
0,2,6,170,c_shq_sc_issue_eq1,0
0,2,7,170,c_shq_sc_issue_eq1,0
0,2,8,170,c_shq_sc_issue_eq1,0
0,2,9,170,c_shq_sc_issue_eq1,0
0,2,10,170,c_shq_sc_issue_eq1,0
0,2,11,170,c_shq_sc_issue_eq1,0
0,2,12,170,c_shq_sc_issue_eq1,0
0,2,13,170,c_shq_sc_issue_eq1,0
0,2,14,170,c_shq_sc_issue_eq1,0
0,2,15,170,c_shq_sc_issue_eq1,0
0,2,16,170,c_shq_sc_issue_eq1,0
0,2,17,170,c_shq_sc_issue_eq1,0
0,2,18,170,c_shq_sc_issue_eq1,0
0,2,3,171,c_shq_st_stall.membar,0
0,2,4,171,c_shq_st_stall.membar,0
0,2,5,171,c_shq_st_stall.membar,0
0,2,6,171,c_shq_st_stall.membar,0
0,2,7,171,c_shq_st_stall.membar,0
0,2,8,171,c_shq_st_stall.membar,0
0,2,9,171,c_shq_st_stall.membar,0
0,2,10,171,c_shq_st_stall.membar,0
0,2,11,171,c_shq_st_stall.membar,0
0,2,12,171,c_shq_st_stall.membar,0
0,2,13,171,c_shq_st_stall.membar,0
0,2,14,171,c_shq_st_stall.membar,0
0,2,15,171,c_shq_st_stall.membar,0
0,2,16,171,c_shq_st_stall.membar,0
0,2,17,171,c_shq_st_stall.membar,0
0,2,18,171,c_shq_st_stall.membar,0
0,2,3,172,c_shq_sc_stall.membar,0
0,2,4,172,c_shq_sc_stall.membar,0
0,2,5,172,c_shq_sc_stall.membar,0
0,2,6,172,c_shq_sc_stall.membar,0
0,2,7,172,c_shq_sc_stall.membar,0
0,2,8,172,c_shq_sc_stall.membar,0
0,2,9,172,c_shq_sc_stall.membar,0
0,2,10,172,c_shq_sc_stall.membar,0
0,2,11,172,c_shq_sc_stall.membar,0
0,2,12,172,c_shq_sc_stall.membar,0
0,2,13,172,c_shq_sc_stall.membar,0
0,2,14,172,c_shq_sc_stall.membar,0
0,2,15,172,c_shq_sc_stall.membar,0
0,2,16,172,c_shq_sc_stall.membar,0
0,2,17,172,c_shq_sc_stall.membar,0
0,2,18,172,c_shq_sc_stall.membar,0
0,2,3,173,c_shq_st_sc_stall.membar,0
0,2,4,173,c_shq_st_sc_stall.membar,0
0,2,5,173,c_shq_st_sc_stall.membar,0
0,2,6,173,c_shq_st_sc_stall.membar,0
0,2,7,173,c_shq_st_sc_stall.membar,0
0,2,8,173,c_shq_st_sc_stall.membar,0
0,2,9,173,c_shq_st_sc_stall.membar,0
0,2,10,173,c_shq_st_sc_stall.membar,0
0,2,11,173,c_shq_st_sc_stall.membar,0
0,2,12,173,c_shq_st_sc_stall.membar,0
0,2,13,173,c_shq_st_sc_stall.membar,0
0,2,14,173,c_shq_st_sc_stall.membar,0
0,2,15,173,c_shq_st_sc_stall.membar,0
0,2,16,173,c_shq_st_sc_stall.membar,0
0,2,17,173,c_shq_st_sc_stall.membar,0
0,2,18,173,c_shq_st_sc_stall.membar,0
0,2,3,174,c_shq_st_stall.fu_cflt,0
0,2,4,174,c_shq_st_stall.fu_cflt,0
0,2,5,174,c_shq_st_stall.fu_cflt,0
0,2,6,174,c_shq_st_stall.fu_cflt,0
0,2,7,174,c_shq_st_stall.fu_cflt,0
0,2,8,174,c_shq_st_stall.fu_cflt,0
0,2,9,174,c_shq_st_stall.fu_cflt,0
0,2,10,174,c_shq_st_stall.fu_cflt,0
0,2,11,174,c_shq_st_stall.fu_cflt,0
0,2,12,174,c_shq_st_stall.fu_cflt,0
0,2,13,174,c_shq_st_stall.fu_cflt,0
0,2,14,174,c_shq_st_stall.fu_cflt,0
0,2,15,174,c_shq_st_stall.fu_cflt,0
0,2,16,174,c_shq_st_stall.fu_cflt,0
0,2,17,174,c_shq_st_stall.fu_cflt,0
0,2,18,174,c_shq_st_stall.fu_cflt,0
0,2,3,175,c_shq_sc_stall.fu_cflt,0
0,2,4,175,c_shq_sc_stall.fu_cflt,0
0,2,5,175,c_shq_sc_stall.fu_cflt,0
0,2,6,175,c_shq_sc_stall.fu_cflt,0
0,2,7,175,c_shq_sc_stall.fu_cflt,0
0,2,8,175,c_shq_sc_stall.fu_cflt,0
0,2,9,175,c_shq_sc_stall.fu_cflt,0
0,2,10,175,c_shq_sc_stall.fu_cflt,0
0,2,11,175,c_shq_sc_stall.fu_cflt,0
0,2,12,175,c_shq_sc_stall.fu_cflt,0
0,2,13,175,c_shq_sc_stall.fu_cflt,0
0,2,14,175,c_shq_sc_stall.fu_cflt,0
0,2,15,175,c_shq_sc_stall.fu_cflt,0
0,2,16,175,c_shq_sc_stall.fu_cflt,0
0,2,17,175,c_shq_sc_stall.fu_cflt,0
0,2,18,175,c_shq_sc_stall.fu_cflt,0
0,2,3,176,c_shq_st_sc_stall.fu_cflt,0
0,2,4,176,c_shq_st_sc_stall.fu_cflt,0
0,2,5,176,c_shq_st_sc_stall.fu_cflt,0
0,2,6,176,c_shq_st_sc_stall.fu_cflt,0
0,2,7,176,c_shq_st_sc_stall.fu_cflt,0
0,2,8,176,c_shq_st_sc_stall.fu_cflt,0
0,2,9,176,c_shq_st_sc_stall.fu_cflt,0
0,2,10,176,c_shq_st_sc_stall.fu_cflt,0
0,2,11,176,c_shq_st_sc_stall.fu_cflt,0
0,2,12,176,c_shq_st_sc_stall.fu_cflt,0
0,2,13,176,c_shq_st_sc_stall.fu_cflt,0
0,2,14,176,c_shq_st_sc_stall.fu_cflt,0
0,2,15,176,c_shq_st_sc_stall.fu_cflt,0
0,2,16,176,c_shq_st_sc_stall.fu_cflt,0
0,2,17,176,c_shq_st_sc_stall.fu_cflt,0
0,2,18,176,c_shq_st_sc_stall.fu_cflt,0
0,2,3,177,c_shq_ga_busy,0
0,2,4,177,c_shq_ga_busy,0
0,2,5,177,c_shq_ga_busy,0
0,2,6,177,c_shq_ga_busy,0
0,2,7,177,c_shq_ga_busy,0
0,2,8,177,c_shq_ga_busy,0
0,2,9,177,c_shq_ga_busy,0
0,2,10,177,c_shq_ga_busy,0
0,2,11,177,c_shq_ga_busy,0
0,2,12,177,c_shq_ga_busy,0
0,2,13,177,c_shq_ga_busy,0
0,2,14,177,c_shq_ga_busy,0
0,2,15,177,c_shq_ga_busy,0
0,2,16,177,c_shq_ga_busy,0
0,2,17,177,c_shq_ga_busy,0
0,2,18,177,c_shq_ga_busy,0
0,2,3,178,c_shq_ga_issue_eq0,0
0,2,4,178,c_shq_ga_issue_eq0,0
0,2,5,178,c_shq_ga_issue_eq0,0
0,2,6,178,c_shq_ga_issue_eq0,0
0,2,7,178,c_shq_ga_issue_eq0,0
0,2,8,178,c_shq_ga_issue_eq0,0
0,2,9,178,c_shq_ga_issue_eq0,0
0,2,10,178,c_shq_ga_issue_eq0,0
0,2,11,178,c_shq_ga_issue_eq0,0
0,2,12,178,c_shq_ga_issue_eq0,0
0,2,13,178,c_shq_ga_issue_eq0,0
0,2,14,178,c_shq_ga_issue_eq0,0
0,2,15,178,c_shq_ga_issue_eq0,0
0,2,16,178,c_shq_ga_issue_eq0,0
0,2,17,178,c_shq_ga_issue_eq0,0
0,2,18,178,c_shq_ga_issue_eq0,0
0,2,3,179,c_shq_ga_issue_eq1,0
0,2,4,179,c_shq_ga_issue_eq1,0
0,2,5,179,c_shq_ga_issue_eq1,0
0,2,6,179,c_shq_ga_issue_eq1,0
0,2,7,179,c_shq_ga_issue_eq1,0
0,2,8,179,c_shq_ga_issue_eq1,0
0,2,9,179,c_shq_ga_issue_eq1,0
0,2,10,179,c_shq_ga_issue_eq1,0
0,2,11,179,c_shq_ga_issue_eq1,0
0,2,12,179,c_shq_ga_issue_eq1,0
0,2,13,179,c_shq_ga_issue_eq1,0
0,2,14,179,c_shq_ga_issue_eq1,0
0,2,15,179,c_shq_ga_issue_eq1,0
0,2,16,179,c_shq_ga_issue_eq1,0
0,2,17,179,c_shq_ga_issue_eq1,0
0,2,18,179,c_shq_ga_issue_eq1,0
0,2,3,180,c_shq_ga_stall.membar,0
0,2,4,180,c_shq_ga_stall.membar,0
0,2,5,180,c_shq_ga_stall.membar,0
0,2,6,180,c_shq_ga_stall.membar,0
0,2,7,180,c_shq_ga_stall.membar,0
0,2,8,180,c_shq_ga_stall.membar,0
0,2,9,180,c_shq_ga_stall.membar,0
0,2,10,180,c_shq_ga_stall.membar,0
0,2,11,180,c_shq_ga_stall.membar,0
0,2,12,180,c_shq_ga_stall.membar,0
0,2,13,180,c_shq_ga_stall.membar,0
0,2,14,180,c_shq_ga_stall.membar,0
0,2,15,180,c_shq_ga_stall.membar,0
0,2,16,180,c_shq_ga_stall.membar,0
0,2,17,180,c_shq_ga_stall.membar,0
0,2,18,180,c_shq_ga_stall.membar,0
0,2,3,181,c_shq_ga_stall.fu_cflt,0
0,2,4,181,c_shq_ga_stall.fu_cflt,0
0,2,5,181,c_shq_ga_stall.fu_cflt,0
0,2,6,181,c_shq_ga_stall.fu_cflt,0
0,2,7,181,c_shq_ga_stall.fu_cflt,0
0,2,8,181,c_shq_ga_stall.fu_cflt,0
0,2,9,181,c_shq_ga_stall.fu_cflt,0
0,2,10,181,c_shq_ga_stall.fu_cflt,0
0,2,11,181,c_shq_ga_stall.fu_cflt,0
0,2,12,181,c_shq_ga_stall.fu_cflt,0
0,2,13,181,c_shq_ga_stall.fu_cflt,0
0,2,14,181,c_shq_ga_stall.fu_cflt,0
0,2,15,181,c_shq_ga_stall.fu_cflt,0
0,2,16,181,c_shq_ga_stall.fu_cflt,0
0,2,17,181,c_shq_ga_stall.fu_cflt,0
0,2,18,181,c_shq_ga_stall.fu_cflt,0
0,2,3,182,c_exq0_busy,12
0,2,4,182,c_exq0_busy,2
0,2,5,182,c_exq0_busy,12
0,2,6,182,c_exq0_busy,2
0,2,7,182,c_exq0_busy,12
0,2,8,182,c_exq0_busy,2
0,2,9,182,c_exq0_busy,12
0,2,10,182,c_exq0_busy,2
0,2,11,182,c_exq0_busy,12
0,2,12,182,c_exq0_busy,2
0,2,13,182,c_exq0_busy,12
0,2,14,182,c_exq0_busy,2
0,2,15,182,c_exq0_busy,12
0,2,16,182,c_exq0_busy,2
0,2,17,182,c_exq0_busy,12
0,2,18,182,c_exq0_busy,2
0,2,3,183,c_exq1_busy,12
0,2,4,183,c_exq1_busy,2
0,2,5,183,c_exq1_busy,12
0,2,6,183,c_exq1_busy,2
0,2,7,183,c_exq1_busy,12
0,2,8,183,c_exq1_busy,2
0,2,9,183,c_exq1_busy,12
0,2,10,183,c_exq1_busy,2
0,2,11,183,c_exq1_busy,12
0,2,12,183,c_exq1_busy,2
0,2,13,183,c_exq1_busy,12
0,2,14,183,c_exq1_busy,2
0,2,15,183,c_exq1_busy,12
0,2,16,183,c_exq1_busy,2
0,2,17,183,c_exq1_busy,12
0,2,18,183,c_exq1_busy,2
0,2,3,184,c_exq_busy,20
0,2,4,184,c_exq_busy,4
0,2,5,184,c_exq_busy,20
0,2,6,184,c_exq_busy,4
0,2,7,184,c_exq_busy,20
0,2,8,184,c_exq_busy,4
0,2,9,184,c_exq_busy,20
0,2,10,184,c_exq_busy,4
0,2,11,184,c_exq_busy,20
0,2,12,184,c_exq_busy,4
0,2,13,184,c_exq_busy,20
0,2,14,184,c_exq_busy,4
0,2,15,184,c_exq_busy,20
0,2,16,184,c_exq_busy,4
0,2,17,184,c_exq_busy,20
0,2,18,184,c_exq_busy,4
0,2,3,185,c_exq0_issue_eq0,0
0,2,4,185,c_exq0_issue_eq0,0
0,2,5,185,c_exq0_issue_eq0,0
0,2,6,185,c_exq0_issue_eq0,0
0,2,7,185,c_exq0_issue_eq0,0
0,2,8,185,c_exq0_issue_eq0,0
0,2,9,185,c_exq0_issue_eq0,0
0,2,10,185,c_exq0_issue_eq0,0
0,2,11,185,c_exq0_issue_eq0,0
0,2,12,185,c_exq0_issue_eq0,0
0,2,13,185,c_exq0_issue_eq0,0
0,2,14,185,c_exq0_issue_eq0,0
0,2,15,185,c_exq0_issue_eq0,0
0,2,16,185,c_exq0_issue_eq0,0
0,2,17,185,c_exq0_issue_eq0,0
0,2,18,185,c_exq0_issue_eq0,0
0,2,3,186,c_exq1_issue_eq0,0
0,2,4,186,c_exq1_issue_eq0,0
0,2,5,186,c_exq1_issue_eq0,0
0,2,6,186,c_exq1_issue_eq0,0
0,2,7,186,c_exq1_issue_eq0,0
0,2,8,186,c_exq1_issue_eq0,0
0,2,9,186,c_exq1_issue_eq0,0
0,2,10,186,c_exq1_issue_eq0,0
0,2,11,186,c_exq1_issue_eq0,0
0,2,12,186,c_exq1_issue_eq0,0
0,2,13,186,c_exq1_issue_eq0,0
0,2,14,186,c_exq1_issue_eq0,0
0,2,15,186,c_exq1_issue_eq0,0
0,2,16,186,c_exq1_issue_eq0,0
0,2,17,186,c_exq1_issue_eq0,0
0,2,18,186,c_exq1_issue_eq0,0
0,2,3,187,c_exq0_issue_eq1,12
0,2,4,187,c_exq0_issue_eq1,2
0,2,5,187,c_exq0_issue_eq1,12
0,2,6,187,c_exq0_issue_eq1,2
0,2,7,187,c_exq0_issue_eq1,12
0,2,8,187,c_exq0_issue_eq1,2
0,2,9,187,c_exq0_issue_eq1,12
0,2,10,187,c_exq0_issue_eq1,2
0,2,11,187,c_exq0_issue_eq1,12
0,2,12,187,c_exq0_issue_eq1,2
0,2,13,187,c_exq0_issue_eq1,12
0,2,14,187,c_exq0_issue_eq1,2
0,2,15,187,c_exq0_issue_eq1,12
0,2,16,187,c_exq0_issue_eq1,2
0,2,17,187,c_exq0_issue_eq1,12
0,2,18,187,c_exq0_issue_eq1,2
0,2,3,188,c_exq1_issue_eq1,12
0,2,4,188,c_exq1_issue_eq1,2
0,2,5,188,c_exq1_issue_eq1,12
0,2,6,188,c_exq1_issue_eq1,2
0,2,7,188,c_exq1_issue_eq1,12
0,2,8,188,c_exq1_issue_eq1,2
0,2,9,188,c_exq1_issue_eq1,12
0,2,10,188,c_exq1_issue_eq1,2
0,2,11,188,c_exq1_issue_eq1,12
0,2,12,188,c_exq1_issue_eq1,2
0,2,13,188,c_exq1_issue_eq1,12
0,2,14,188,c_exq1_issue_eq1,2
0,2,15,188,c_exq1_issue_eq1,12
0,2,16,188,c_exq1_issue_eq1,2
0,2,17,188,c_exq1_issue_eq1,12
0,2,18,188,c_exq1_issue_eq1,2
0,2,3,189,c_exq_issue_eq0,0
0,2,4,189,c_exq_issue_eq0,0
0,2,5,189,c_exq_issue_eq0,0
0,2,6,189,c_exq_issue_eq0,0
0,2,7,189,c_exq_issue_eq0,0
0,2,8,189,c_exq_issue_eq0,0
0,2,9,189,c_exq_issue_eq0,0
0,2,10,189,c_exq_issue_eq0,0
0,2,11,189,c_exq_issue_eq0,0
0,2,12,189,c_exq_issue_eq0,0
0,2,13,189,c_exq_issue_eq0,0
0,2,14,189,c_exq_issue_eq0,0
0,2,15,189,c_exq_issue_eq0,0
0,2,16,189,c_exq_issue_eq0,0
0,2,17,189,c_exq_issue_eq0,0
0,2,18,189,c_exq_issue_eq0,0
0,2,3,190,c_exq_issue_eq1,0
0,2,4,190,c_exq_issue_eq1,0
0,2,5,190,c_exq_issue_eq1,0
0,2,6,190,c_exq_issue_eq1,0
0,2,7,190,c_exq_issue_eq1,0
0,2,8,190,c_exq_issue_eq1,0
0,2,9,190,c_exq_issue_eq1,0
0,2,10,190,c_exq_issue_eq1,0
0,2,11,190,c_exq_issue_eq1,0
0,2,12,190,c_exq_issue_eq1,0
0,2,13,190,c_exq_issue_eq1,0
0,2,14,190,c_exq_issue_eq1,0
0,2,15,190,c_exq_issue_eq1,0
0,2,16,190,c_exq_issue_eq1,0
0,2,17,190,c_exq_issue_eq1,0
0,2,18,190,c_exq_issue_eq1,0
0,2,3,191,c_exq0_has_ge2_exq1_has_eq0,0
0,2,4,191,c_exq0_has_ge2_exq1_has_eq0,0
0,2,5,191,c_exq0_has_ge2_exq1_has_eq0,0
0,2,6,191,c_exq0_has_ge2_exq1_has_eq0,0
0,2,7,191,c_exq0_has_ge2_exq1_has_eq0,0
0,2,8,191,c_exq0_has_ge2_exq1_has_eq0,0
0,2,9,191,c_exq0_has_ge2_exq1_has_eq0,0
0,2,10,191,c_exq0_has_ge2_exq1_has_eq0,0
0,2,11,191,c_exq0_has_ge2_exq1_has_eq0,0
0,2,12,191,c_exq0_has_ge2_exq1_has_eq0,0
0,2,13,191,c_exq0_has_ge2_exq1_has_eq0,0
0,2,14,191,c_exq0_has_ge2_exq1_has_eq0,0
0,2,15,191,c_exq0_has_ge2_exq1_has_eq0,0
0,2,16,191,c_exq0_has_ge2_exq1_has_eq0,0
0,2,17,191,c_exq0_has_ge2_exq1_has_eq0,0
0,2,18,191,c_exq0_has_ge2_exq1_has_eq0,0
0,2,3,192,c_exq1_has_ge2_exq0_has_eq0,0
0,2,4,192,c_exq1_has_ge2_exq0_has_eq0,0
0,2,5,192,c_exq1_has_ge2_exq0_has_eq0,0
0,2,6,192,c_exq1_has_ge2_exq0_has_eq0,0
0,2,7,192,c_exq1_has_ge2_exq0_has_eq0,0
0,2,8,192,c_exq1_has_ge2_exq0_has_eq0,0
0,2,9,192,c_exq1_has_ge2_exq0_has_eq0,0
0,2,10,192,c_exq1_has_ge2_exq0_has_eq0,0
0,2,11,192,c_exq1_has_ge2_exq0_has_eq0,0
0,2,12,192,c_exq1_has_ge2_exq0_has_eq0,0
0,2,13,192,c_exq1_has_ge2_exq0_has_eq0,0
0,2,14,192,c_exq1_has_ge2_exq0_has_eq0,0
0,2,15,192,c_exq1_has_ge2_exq0_has_eq0,0
0,2,16,192,c_exq1_has_ge2_exq0_has_eq0,0
0,2,17,192,c_exq1_has_ge2_exq0_has_eq0,0
0,2,18,192,c_exq1_has_ge2_exq0_has_eq0,0
0,2,3,193,c_ldq_ld_busy,108
0,2,4,193,c_ldq_ld_busy,2
0,2,5,193,c_ldq_ld_busy,108
0,2,6,193,c_ldq_ld_busy,2
0,2,7,193,c_ldq_ld_busy,113
0,2,8,193,c_ldq_ld_busy,2
0,2,9,193,c_ldq_ld_busy,108
0,2,10,193,c_ldq_ld_busy,2
0,2,11,193,c_ldq_ld_busy,113
0,2,12,193,c_ldq_ld_busy,2
0,2,13,193,c_ldq_ld_busy,108
0,2,14,193,c_ldq_ld_busy,2
0,2,15,193,c_ldq_ld_busy,113
0,2,16,193,c_ldq_ld_busy,2
0,2,17,193,c_ldq_ld_busy,108
0,2,18,193,c_ldq_ld_busy,2
0,2,3,194,c_ldq_ld_issue_eq0,96
0,2,4,194,c_ldq_ld_issue_eq0,0
0,2,5,194,c_ldq_ld_issue_eq0,96
0,2,6,194,c_ldq_ld_issue_eq0,0
0,2,7,194,c_ldq_ld_issue_eq0,101
0,2,8,194,c_ldq_ld_issue_eq0,0
0,2,9,194,c_ldq_ld_issue_eq0,96
0,2,10,194,c_ldq_ld_issue_eq0,0
0,2,11,194,c_ldq_ld_issue_eq0,101
0,2,12,194,c_ldq_ld_issue_eq0,0
0,2,13,194,c_ldq_ld_issue_eq0,96
0,2,14,194,c_ldq_ld_issue_eq0,0
0,2,15,194,c_ldq_ld_issue_eq0,101
0,2,16,194,c_ldq_ld_issue_eq0,0
0,2,17,194,c_ldq_ld_issue_eq0,96
0,2,18,194,c_ldq_ld_issue_eq0,0
0,2,3,195,c_ldq_ld_issue_eq1,7
0,2,4,195,c_ldq_ld_issue_eq1,0
0,2,5,195,c_ldq_ld_issue_eq1,7
0,2,6,195,c_ldq_ld_issue_eq1,0
0,2,7,195,c_ldq_ld_issue_eq1,7
0,2,8,195,c_ldq_ld_issue_eq1,0
0,2,9,195,c_ldq_ld_issue_eq1,7
0,2,10,195,c_ldq_ld_issue_eq1,0
0,2,11,195,c_ldq_ld_issue_eq1,7
0,2,12,195,c_ldq_ld_issue_eq1,0
0,2,13,195,c_ldq_ld_issue_eq1,7
0,2,14,195,c_ldq_ld_issue_eq1,0
0,2,15,195,c_ldq_ld_issue_eq1,7
0,2,16,195,c_ldq_ld_issue_eq1,0
0,2,17,195,c_ldq_ld_issue_eq1,7
0,2,18,195,c_ldq_ld_issue_eq1,0
0,2,3,196,c_ldq_ld_issue_eq2,2
0,2,4,196,c_ldq_ld_issue_eq2,2
0,2,5,196,c_ldq_ld_issue_eq2,2
0,2,6,196,c_ldq_ld_issue_eq2,2
0,2,7,196,c_ldq_ld_issue_eq2,2
0,2,8,196,c_ldq_ld_issue_eq2,2
0,2,9,196,c_ldq_ld_issue_eq2,2
0,2,10,196,c_ldq_ld_issue_eq2,2
0,2,11,196,c_ldq_ld_issue_eq2,2
0,2,12,196,c_ldq_ld_issue_eq2,2
0,2,13,196,c_ldq_ld_issue_eq2,2
0,2,14,196,c_ldq_ld_issue_eq2,2
0,2,15,196,c_ldq_ld_issue_eq2,2
0,2,16,196,c_ldq_ld_issue_eq2,2
0,2,17,196,c_ldq_ld_issue_eq2,2
0,2,18,196,c_ldq_ld_issue_eq2,2
0,2,3,197,c_ldq_ld_stall.membar,96
0,2,4,197,c_ldq_ld_stall.membar,0
0,2,5,197,c_ldq_ld_stall.membar,96
0,2,6,197,c_ldq_ld_stall.membar,0
0,2,7,197,c_ldq_ld_stall.membar,101
0,2,8,197,c_ldq_ld_stall.membar,0
0,2,9,197,c_ldq_ld_stall.membar,96
0,2,10,197,c_ldq_ld_stall.membar,0
0,2,11,197,c_ldq_ld_stall.membar,101
0,2,12,197,c_ldq_ld_stall.membar,0
0,2,13,197,c_ldq_ld_stall.membar,96
0,2,14,197,c_ldq_ld_stall.membar,0
0,2,15,197,c_ldq_ld_stall.membar,101
0,2,16,197,c_ldq_ld_stall.membar,0
0,2,17,197,c_ldq_ld_stall.membar,96
0,2,18,197,c_ldq_ld_stall.membar,0
0,2,3,198,c_ldq_ld_stall.fu_cflt,0
0,2,4,198,c_ldq_ld_stall.fu_cflt,0
0,2,5,198,c_ldq_ld_stall.fu_cflt,0
0,2,6,198,c_ldq_ld_stall.fu_cflt,0
0,2,7,198,c_ldq_ld_stall.fu_cflt,0
0,2,8,198,c_ldq_ld_stall.fu_cflt,0
0,2,9,198,c_ldq_ld_stall.fu_cflt,0
0,2,10,198,c_ldq_ld_stall.fu_cflt,0
0,2,11,198,c_ldq_ld_stall.fu_cflt,0
0,2,12,198,c_ldq_ld_stall.fu_cflt,0
0,2,13,198,c_ldq_ld_stall.fu_cflt,0
0,2,14,198,c_ldq_ld_stall.fu_cflt,0
0,2,15,198,c_ldq_ld_stall.fu_cflt,0
0,2,16,198,c_ldq_ld_stall.fu_cflt,0
0,2,17,198,c_ldq_ld_stall.fu_cflt,0
0,2,18,198,c_ldq_ld_stall.fu_cflt,0
0,2,3,199,c_stq_st_busy,0
0,2,4,199,c_stq_st_busy,0
0,2,5,199,c_stq_st_busy,0
0,2,6,199,c_stq_st_busy,0
0,2,7,199,c_stq_st_busy,0
0,2,8,199,c_stq_st_busy,0
0,2,9,199,c_stq_st_busy,0
0,2,10,199,c_stq_st_busy,0
0,2,11,199,c_stq_st_busy,0
0,2,12,199,c_stq_st_busy,0
0,2,13,199,c_stq_st_busy,0
0,2,14,199,c_stq_st_busy,0
0,2,15,199,c_stq_st_busy,0
0,2,16,199,c_stq_st_busy,0
0,2,17,199,c_stq_st_busy,0
0,2,18,199,c_stq_st_busy,0
0,2,3,200,c_stq_st_issue_eq0,0
0,2,4,200,c_stq_st_issue_eq0,0
0,2,5,200,c_stq_st_issue_eq0,0
0,2,6,200,c_stq_st_issue_eq0,0
0,2,7,200,c_stq_st_issue_eq0,0
0,2,8,200,c_stq_st_issue_eq0,0
0,2,9,200,c_stq_st_issue_eq0,0
0,2,10,200,c_stq_st_issue_eq0,0
0,2,11,200,c_stq_st_issue_eq0,0
0,2,12,200,c_stq_st_issue_eq0,0
0,2,13,200,c_stq_st_issue_eq0,0
0,2,14,200,c_stq_st_issue_eq0,0
0,2,15,200,c_stq_st_issue_eq0,0
0,2,16,200,c_stq_st_issue_eq0,0
0,2,17,200,c_stq_st_issue_eq0,0
0,2,18,200,c_stq_st_issue_eq0,0
0,2,3,201,c_stq_st_issue_eq1,0
0,2,4,201,c_stq_st_issue_eq1,0
0,2,5,201,c_stq_st_issue_eq1,0
0,2,6,201,c_stq_st_issue_eq1,0
0,2,7,201,c_stq_st_issue_eq1,0
0,2,8,201,c_stq_st_issue_eq1,0
0,2,9,201,c_stq_st_issue_eq1,0
0,2,10,201,c_stq_st_issue_eq1,0
0,2,11,201,c_stq_st_issue_eq1,0
0,2,12,201,c_stq_st_issue_eq1,0
0,2,13,201,c_stq_st_issue_eq1,0
0,2,14,201,c_stq_st_issue_eq1,0
0,2,15,201,c_stq_st_issue_eq1,0
0,2,16,201,c_stq_st_issue_eq1,0
0,2,17,201,c_stq_st_issue_eq1,0
0,2,18,201,c_stq_st_issue_eq1,0
0,2,3,202,c_stq_sc_busy,0
0,2,4,202,c_stq_sc_busy,0
0,2,5,202,c_stq_sc_busy,0
0,2,6,202,c_stq_sc_busy,0
0,2,7,202,c_stq_sc_busy,0
0,2,8,202,c_stq_sc_busy,0
0,2,9,202,c_stq_sc_busy,0
0,2,10,202,c_stq_sc_busy,0
0,2,11,202,c_stq_sc_busy,0
0,2,12,202,c_stq_sc_busy,0
0,2,13,202,c_stq_sc_busy,0
0,2,14,202,c_stq_sc_busy,0
0,2,15,202,c_stq_sc_busy,0
0,2,16,202,c_stq_sc_busy,0
0,2,17,202,c_stq_sc_busy,0
0,2,18,202,c_stq_sc_busy,0
0,2,3,203,c_stq_sc_issue_eq0,0
0,2,4,203,c_stq_sc_issue_eq0,0
0,2,5,203,c_stq_sc_issue_eq0,0
0,2,6,203,c_stq_sc_issue_eq0,0
0,2,7,203,c_stq_sc_issue_eq0,0
0,2,8,203,c_stq_sc_issue_eq0,0
0,2,9,203,c_stq_sc_issue_eq0,0
0,2,10,203,c_stq_sc_issue_eq0,0
0,2,11,203,c_stq_sc_issue_eq0,0
0,2,12,203,c_stq_sc_issue_eq0,0
0,2,13,203,c_stq_sc_issue_eq0,0
0,2,14,203,c_stq_sc_issue_eq0,0
0,2,15,203,c_stq_sc_issue_eq0,0
0,2,16,203,c_stq_sc_issue_eq0,0
0,2,17,203,c_stq_sc_issue_eq0,0
0,2,18,203,c_stq_sc_issue_eq0,0
0,2,3,204,c_stq_sc_issue_eq1,0
0,2,4,204,c_stq_sc_issue_eq1,0
0,2,5,204,c_stq_sc_issue_eq1,0
0,2,6,204,c_stq_sc_issue_eq1,0
0,2,7,204,c_stq_sc_issue_eq1,0
0,2,8,204,c_stq_sc_issue_eq1,0
0,2,9,204,c_stq_sc_issue_eq1,0
0,2,10,204,c_stq_sc_issue_eq1,0
0,2,11,204,c_stq_sc_issue_eq1,0
0,2,12,204,c_stq_sc_issue_eq1,0
0,2,13,204,c_stq_sc_issue_eq1,0
0,2,14,204,c_stq_sc_issue_eq1,0
0,2,15,204,c_stq_sc_issue_eq1,0
0,2,16,204,c_stq_sc_issue_eq1,0
0,2,17,204,c_stq_sc_issue_eq1,0
0,2,18,204,c_stq_sc_issue_eq1,0
0,2,3,205,c_stq_ga_busy,0
0,2,4,205,c_stq_ga_busy,0
0,2,5,205,c_stq_ga_busy,0
0,2,6,205,c_stq_ga_busy,0
0,2,7,205,c_stq_ga_busy,0
0,2,8,205,c_stq_ga_busy,0
0,2,9,205,c_stq_ga_busy,0
0,2,10,205,c_stq_ga_busy,0
0,2,11,205,c_stq_ga_busy,0
0,2,12,205,c_stq_ga_busy,0
0,2,13,205,c_stq_ga_busy,0
0,2,14,205,c_stq_ga_busy,0
0,2,15,205,c_stq_ga_busy,0
0,2,16,205,c_stq_ga_busy,0
0,2,17,205,c_stq_ga_busy,0
0,2,18,205,c_stq_ga_busy,0
0,2,3,206,c_stq_ga_issue_eq0,0
0,2,4,206,c_stq_ga_issue_eq0,0
0,2,5,206,c_stq_ga_issue_eq0,0
0,2,6,206,c_stq_ga_issue_eq0,0
0,2,7,206,c_stq_ga_issue_eq0,0
0,2,8,206,c_stq_ga_issue_eq0,0
0,2,9,206,c_stq_ga_issue_eq0,0
0,2,10,206,c_stq_ga_issue_eq0,0
0,2,11,206,c_stq_ga_issue_eq0,0
0,2,12,206,c_stq_ga_issue_eq0,0
0,2,13,206,c_stq_ga_issue_eq0,0
0,2,14,206,c_stq_ga_issue_eq0,0
0,2,15,206,c_stq_ga_issue_eq0,0
0,2,16,206,c_stq_ga_issue_eq0,0
0,2,17,206,c_stq_ga_issue_eq0,0
0,2,18,206,c_stq_ga_issue_eq0,0
0,2,3,207,c_stq_ga_issue_eq1,0
0,2,4,207,c_stq_ga_issue_eq1,0
0,2,5,207,c_stq_ga_issue_eq1,0
0,2,6,207,c_stq_ga_issue_eq1,0
0,2,7,207,c_stq_ga_issue_eq1,0
0,2,8,207,c_stq_ga_issue_eq1,0
0,2,9,207,c_stq_ga_issue_eq1,0
0,2,10,207,c_stq_ga_issue_eq1,0
0,2,11,207,c_stq_ga_issue_eq1,0
0,2,12,207,c_stq_ga_issue_eq1,0
0,2,13,207,c_stq_ga_issue_eq1,0
0,2,14,207,c_stq_ga_issue_eq1,0
0,2,15,207,c_stq_ga_issue_eq1,0
0,2,16,207,c_stq_ga_issue_eq1,0
0,2,17,207,c_stq_ga_issue_eq1,0
0,2,18,207,c_stq_ga_issue_eq1,0
0,2,3,208,c_stq_st_stall.membar,0
0,2,4,208,c_stq_st_stall.membar,0
0,2,5,208,c_stq_st_stall.membar,0
0,2,6,208,c_stq_st_stall.membar,0
0,2,7,208,c_stq_st_stall.membar,0
0,2,8,208,c_stq_st_stall.membar,0
0,2,9,208,c_stq_st_stall.membar,0
0,2,10,208,c_stq_st_stall.membar,0
0,2,11,208,c_stq_st_stall.membar,0
0,2,12,208,c_stq_st_stall.membar,0
0,2,13,208,c_stq_st_stall.membar,0
0,2,14,208,c_stq_st_stall.membar,0
0,2,15,208,c_stq_st_stall.membar,0
0,2,16,208,c_stq_st_stall.membar,0
0,2,17,208,c_stq_st_stall.membar,0
0,2,18,208,c_stq_st_stall.membar,0
0,2,3,209,c_stq_sc_stall.membar,0
0,2,4,209,c_stq_sc_stall.membar,0
0,2,5,209,c_stq_sc_stall.membar,0
0,2,6,209,c_stq_sc_stall.membar,0
0,2,7,209,c_stq_sc_stall.membar,0
0,2,8,209,c_stq_sc_stall.membar,0
0,2,9,209,c_stq_sc_stall.membar,0
0,2,10,209,c_stq_sc_stall.membar,0
0,2,11,209,c_stq_sc_stall.membar,0
0,2,12,209,c_stq_sc_stall.membar,0
0,2,13,209,c_stq_sc_stall.membar,0
0,2,14,209,c_stq_sc_stall.membar,0
0,2,15,209,c_stq_sc_stall.membar,0
0,2,16,209,c_stq_sc_stall.membar,0
0,2,17,209,c_stq_sc_stall.membar,0
0,2,18,209,c_stq_sc_stall.membar,0
0,2,3,210,c_stq_st_sc_stall.membar,0
0,2,4,210,c_stq_st_sc_stall.membar,0
0,2,5,210,c_stq_st_sc_stall.membar,0
0,2,6,210,c_stq_st_sc_stall.membar,0
0,2,7,210,c_stq_st_sc_stall.membar,0
0,2,8,210,c_stq_st_sc_stall.membar,0
0,2,9,210,c_stq_st_sc_stall.membar,0
0,2,10,210,c_stq_st_sc_stall.membar,0
0,2,11,210,c_stq_st_sc_stall.membar,0
0,2,12,210,c_stq_st_sc_stall.membar,0
0,2,13,210,c_stq_st_sc_stall.membar,0
0,2,14,210,c_stq_st_sc_stall.membar,0
0,2,15,210,c_stq_st_sc_stall.membar,0
0,2,16,210,c_stq_st_sc_stall.membar,0
0,2,17,210,c_stq_st_sc_stall.membar,0
0,2,18,210,c_stq_st_sc_stall.membar,0
0,2,3,211,c_stq_ga_stall.membar,0
0,2,4,211,c_stq_ga_stall.membar,0
0,2,5,211,c_stq_ga_stall.membar,0
0,2,6,211,c_stq_ga_stall.membar,0
0,2,7,211,c_stq_ga_stall.membar,0
0,2,8,211,c_stq_ga_stall.membar,0
0,2,9,211,c_stq_ga_stall.membar,0
0,2,10,211,c_stq_ga_stall.membar,0
0,2,11,211,c_stq_ga_stall.membar,0
0,2,12,211,c_stq_ga_stall.membar,0
0,2,13,211,c_stq_ga_stall.membar,0
0,2,14,211,c_stq_ga_stall.membar,0
0,2,15,211,c_stq_ga_stall.membar,0
0,2,16,211,c_stq_ga_stall.membar,0
0,2,17,211,c_stq_ga_stall.membar,0
0,2,18,211,c_stq_ga_stall.membar,0
0,2,3,212,c_stq_st_stall.fu_cflt,0
0,2,4,212,c_stq_st_stall.fu_cflt,0
0,2,5,212,c_stq_st_stall.fu_cflt,0
0,2,6,212,c_stq_st_stall.fu_cflt,0
0,2,7,212,c_stq_st_stall.fu_cflt,0
0,2,8,212,c_stq_st_stall.fu_cflt,0
0,2,9,212,c_stq_st_stall.fu_cflt,0
0,2,10,212,c_stq_st_stall.fu_cflt,0
0,2,11,212,c_stq_st_stall.fu_cflt,0
0,2,12,212,c_stq_st_stall.fu_cflt,0
0,2,13,212,c_stq_st_stall.fu_cflt,0
0,2,14,212,c_stq_st_stall.fu_cflt,0
0,2,15,212,c_stq_st_stall.fu_cflt,0
0,2,16,212,c_stq_st_stall.fu_cflt,0
0,2,17,212,c_stq_st_stall.fu_cflt,0
0,2,18,212,c_stq_st_stall.fu_cflt,0
0,2,3,213,c_stq_sc_stall.fu_cflt,0
0,2,4,213,c_stq_sc_stall.fu_cflt,0
0,2,5,213,c_stq_sc_stall.fu_cflt,0
0,2,6,213,c_stq_sc_stall.fu_cflt,0
0,2,7,213,c_stq_sc_stall.fu_cflt,0
0,2,8,213,c_stq_sc_stall.fu_cflt,0
0,2,9,213,c_stq_sc_stall.fu_cflt,0
0,2,10,213,c_stq_sc_stall.fu_cflt,0
0,2,11,213,c_stq_sc_stall.fu_cflt,0
0,2,12,213,c_stq_sc_stall.fu_cflt,0
0,2,13,213,c_stq_sc_stall.fu_cflt,0
0,2,14,213,c_stq_sc_stall.fu_cflt,0
0,2,15,213,c_stq_sc_stall.fu_cflt,0
0,2,16,213,c_stq_sc_stall.fu_cflt,0
0,2,17,213,c_stq_sc_stall.fu_cflt,0
0,2,18,213,c_stq_sc_stall.fu_cflt,0
0,2,3,214,c_stq_st_sc_stall.fu_cflt,0
0,2,4,214,c_stq_st_sc_stall.fu_cflt,0
0,2,5,214,c_stq_st_sc_stall.fu_cflt,0
0,2,6,214,c_stq_st_sc_stall.fu_cflt,0
0,2,7,214,c_stq_st_sc_stall.fu_cflt,0
0,2,8,214,c_stq_st_sc_stall.fu_cflt,0
0,2,9,214,c_stq_st_sc_stall.fu_cflt,0
0,2,10,214,c_stq_st_sc_stall.fu_cflt,0
0,2,11,214,c_stq_st_sc_stall.fu_cflt,0
0,2,12,214,c_stq_st_sc_stall.fu_cflt,0
0,2,13,214,c_stq_st_sc_stall.fu_cflt,0
0,2,14,214,c_stq_st_sc_stall.fu_cflt,0
0,2,15,214,c_stq_st_sc_stall.fu_cflt,0
0,2,16,214,c_stq_st_sc_stall.fu_cflt,0
0,2,17,214,c_stq_st_sc_stall.fu_cflt,0
0,2,18,214,c_stq_st_sc_stall.fu_cflt,0
0,2,3,215,c_stq_ga_stall.fu_cflt,0
0,2,4,215,c_stq_ga_stall.fu_cflt,0
0,2,5,215,c_stq_ga_stall.fu_cflt,0
0,2,6,215,c_stq_ga_stall.fu_cflt,0
0,2,7,215,c_stq_ga_stall.fu_cflt,0
0,2,8,215,c_stq_ga_stall.fu_cflt,0
0,2,9,215,c_stq_ga_stall.fu_cflt,0
0,2,10,215,c_stq_ga_stall.fu_cflt,0
0,2,11,215,c_stq_ga_stall.fu_cflt,0
0,2,12,215,c_stq_ga_stall.fu_cflt,0
0,2,13,215,c_stq_ga_stall.fu_cflt,0
0,2,14,215,c_stq_ga_stall.fu_cflt,0
0,2,15,215,c_stq_ga_stall.fu_cflt,0
0,2,16,215,c_stq_ga_stall.fu_cflt,0
0,2,17,215,c_stq_ga_stall.fu_cflt,0
0,2,18,215,c_stq_ga_stall.fu_cflt,0
0,3,3,1,c_stat_ub_ldu_busy,10
0,3,4,1,c_stat_ub_ldu_busy,3
0,3,5,1,c_stat_ub_ldu_busy,10
0,3,6,1,c_stat_ub_ldu_busy,3
0,3,7,1,c_stat_ub_ldu_busy,10
0,3,8,1,c_stat_ub_ldu_busy,3
0,3,9,1,c_stat_ub_ldu_busy,10
0,3,10,1,c_stat_ub_ldu_busy,3
0,3,11,1,c_stat_ub_ldu_busy,10
0,3,12,1,c_stat_ub_ldu_busy,3
0,3,13,1,c_stat_ub_ldu_busy,10
0,3,14,1,c_stat_ub_ldu_busy,3
0,3,15,1,c_stat_ub_ldu_busy,10
0,3,16,1,c_stat_ub_ldu_busy,3
0,3,17,1,c_stat_ub_ldu_busy,10
0,3,18,1,c_stat_ub_ldu_busy,3
0,3,3,2,c_stat_ub_stu_busy,10
0,3,4,2,c_stat_ub_stu_busy,2
0,3,5,2,c_stat_ub_stu_busy,10
0,3,6,2,c_stat_ub_stu_busy,2
0,3,7,2,c_stat_ub_stu_busy,10
0,3,8,2,c_stat_ub_stu_busy,2
0,3,9,2,c_stat_ub_stu_busy,10
0,3,10,2,c_stat_ub_stu_busy,2
0,3,11,2,c_stat_ub_stu_busy,10
0,3,12,2,c_stat_ub_stu_busy,2
0,3,13,2,c_stat_ub_stu_busy,10
0,3,14,2,c_stat_ub_stu_busy,2
0,3,15,2,c_stat_ub_stu_busy,10
0,3,16,2,c_stat_ub_stu_busy,2
0,3,17,2,c_stat_ub_stu_busy,10
0,3,18,2,c_stat_ub_stu_busy,2
0,3,3,3,c_stat_ub_gsu_busy,0
0,3,4,3,c_stat_ub_gsu_busy,0
0,3,5,3,c_stat_ub_gsu_busy,0
0,3,6,3,c_stat_ub_gsu_busy,0
0,3,7,3,c_stat_ub_gsu_busy,0
0,3,8,3,c_stat_ub_gsu_busy,0
0,3,9,3,c_stat_ub_gsu_busy,0
0,3,10,3,c_stat_ub_gsu_busy,0
0,3,11,3,c_stat_ub_gsu_busy,0
0,3,12,3,c_stat_ub_gsu_busy,0
0,3,13,3,c_stat_ub_gsu_busy,0
0,3,14,3,c_stat_ub_gsu_busy,0
0,3,15,3,c_stat_ub_gsu_busy,0
0,3,16,3,c_stat_ub_gsu_busy,0
0,3,17,3,c_stat_ub_gsu_busy,0
0,3,18,3,c_stat_ub_gsu_busy,0
0,3,3,4,c_stat_ub_lsu_busy,20
0,3,4,4,c_stat_ub_lsu_busy,5
0,3,5,4,c_stat_ub_lsu_busy,20
0,3,6,4,c_stat_ub_lsu_busy,5
0,3,7,4,c_stat_ub_lsu_busy,20
0,3,8,4,c_stat_ub_lsu_busy,5
0,3,9,4,c_stat_ub_lsu_busy,20
0,3,10,4,c_stat_ub_lsu_busy,5
0,3,11,4,c_stat_ub_lsu_busy,20
0,3,12,4,c_stat_ub_lsu_busy,5
0,3,13,4,c_stat_ub_lsu_busy,20
0,3,14,4,c_stat_ub_lsu_busy,5
0,3,15,4,c_stat_ub_lsu_busy,20
0,3,16,4,c_stat_ub_lsu_busy,5
0,3,17,4,c_stat_ub_lsu_busy,20
0,3,18,4,c_stat_ub_lsu_busy,5
0,3,3,5,c_stat_ub_vec_busy,20
0,3,4,5,c_stat_ub_vec_busy,5
0,3,5,5,c_stat_ub_vec_busy,20
0,3,6,5,c_stat_ub_vec_busy,5
0,3,7,5,c_stat_ub_vec_busy,20
0,3,8,5,c_stat_ub_vec_busy,5
0,3,9,5,c_stat_ub_vec_busy,20
0,3,10,5,c_stat_ub_vec_busy,5
0,3,11,5,c_stat_ub_vec_busy,20
0,3,12,5,c_stat_ub_vec_busy,5
0,3,13,5,c_stat_ub_vec_busy,20
0,3,14,5,c_stat_ub_vec_busy,5
0,3,15,5,c_stat_ub_vec_busy,20
0,3,16,5,c_stat_ub_vec_busy,5
0,3,17,5,c_stat_ub_vec_busy,20
0,3,18,5,c_stat_ub_vec_busy,5
0,3,3,6,c_stat_ldu_blocked,2
0,3,4,6,c_stat_ldu_blocked,1
0,3,5,6,c_stat_ldu_blocked,2
0,3,6,6,c_stat_ldu_blocked,1
0,3,7,6,c_stat_ldu_blocked,2
0,3,8,6,c_stat_ldu_blocked,1
0,3,9,6,c_stat_ldu_blocked,2
0,3,10,6,c_stat_ldu_blocked,1
0,3,11,6,c_stat_ldu_blocked,2
0,3,12,6,c_stat_ldu_blocked,1
0,3,13,6,c_stat_ldu_blocked,2
0,3,14,6,c_stat_ldu_blocked,1
0,3,15,6,c_stat_ldu_blocked,2
0,3,16,6,c_stat_ldu_blocked,1
0,3,17,6,c_stat_ldu_blocked,2
0,3,18,6,c_stat_ldu_blocked,1
0,3,3,7,c_stat_stu_blocked,0
0,3,4,7,c_stat_stu_blocked,0
0,3,5,7,c_stat_stu_blocked,0
0,3,6,7,c_stat_stu_blocked,0
0,3,7,7,c_stat_stu_blocked,0
0,3,8,7,c_stat_stu_blocked,0
0,3,9,7,c_stat_stu_blocked,0
0,3,10,7,c_stat_stu_blocked,0
0,3,11,7,c_stat_stu_blocked,0
0,3,12,7,c_stat_stu_blocked,0
0,3,13,7,c_stat_stu_blocked,0
0,3,14,7,c_stat_stu_blocked,0
0,3,15,7,c_stat_stu_blocked,0
0,3,16,7,c_stat_stu_blocked,0
0,3,17,7,c_stat_stu_blocked,0
0,3,18,7,c_stat_stu_blocked,0
0,3,3,8,c_stat_ldu_grant_size,3584
0,3,4,8,c_stat_ldu_grant_size,1024
0,3,5,8,c_stat_ldu_grant_size,3584
0,3,6,8,c_stat_ldu_grant_size,1024
0,3,7,8,c_stat_ldu_grant_size,3584
0,3,8,8,c_stat_ldu_grant_size,1024
0,3,9,8,c_stat_ldu_grant_size,3584
0,3,10,8,c_stat_ldu_grant_size,1024
0,3,11,8,c_stat_ldu_grant_size,3584
0,3,12,8,c_stat_ldu_grant_size,1024
0,3,13,8,c_stat_ldu_grant_size,3584
0,3,14,8,c_stat_ldu_grant_size,1024
0,3,15,8,c_stat_ldu_grant_size,3584
0,3,16,8,c_stat_ldu_grant_size,1024
0,3,17,8,c_stat_ldu_grant_size,3584
0,3,18,8,c_stat_ldu_grant_size,1024
0,3,3,9,c_stat_stu_grant_size,2560
0,3,4,9,c_stat_stu_grant_size,512
0,3,5,9,c_stat_stu_grant_size,2560
0,3,6,9,c_stat_stu_grant_size,512
0,3,7,9,c_stat_stu_grant_size,2560
0,3,8,9,c_stat_stu_grant_size,512
0,3,9,9,c_stat_stu_grant_size,2560
0,3,10,9,c_stat_stu_grant_size,512
0,3,11,9,c_stat_stu_grant_size,2560
0,3,12,9,c_stat_stu_grant_size,512
0,3,13,9,c_stat_stu_grant_size,2560
0,3,14,9,c_stat_stu_grant_size,512
0,3,15,9,c_stat_stu_grant_size,2560
0,3,16,9,c_stat_stu_grant_size,512
0,3,17,9,c_stat_stu_grant_size,2560
0,3,18,9,c_stat_stu_grant_size,512
0,3,3,10,c_stat_gsu_grant_size,0
0,3,4,10,c_stat_gsu_grant_size,0
0,3,5,10,c_stat_gsu_grant_size,0
0,3,6,10,c_stat_gsu_grant_size,0
0,3,7,10,c_stat_gsu_grant_size,0
0,3,8,10,c_stat_gsu_grant_size,0
0,3,9,10,c_stat_gsu_grant_size,0
0,3,10,10,c_stat_gsu_grant_size,0
0,3,11,10,c_stat_gsu_grant_size,0
0,3,12,10,c_stat_gsu_grant_size,0
0,3,13,10,c_stat_gsu_grant_size,0
0,3,14,10,c_stat_gsu_grant_size,0
0,3,15,10,c_stat_gsu_grant_size,0
0,3,16,10,c_stat_gsu_grant_size,0
0,3,17,10,c_stat_gsu_grant_size,0
0,3,18,10,c_stat_gsu_grant_size,0
0,3,3,11,c_cycle_icache_miss,0
0,3,4,11,c_cycle_icache_miss,306
0,3,5,11,c_cycle_icache_miss,0
0,3,6,11,c_cycle_icache_miss,0
0,3,7,11,c_cycle_icache_miss,0
0,3,8,11,c_cycle_icache_miss,0
0,3,9,11,c_cycle_icache_miss,0
0,3,10,11,c_cycle_icache_miss,0
0,3,11,11,c_cycle_icache_miss,0
0,3,12,11,c_cycle_icache_miss,0
0,3,13,11,c_cycle_icache_miss,0
0,3,14,11,c_cycle_icache_miss,0
0,3,15,11,c_cycle_icache_miss,0
0,3,16,11,c_cycle_icache_miss,0
0,3,17,11,c_cycle_icache_miss,0
0,3,18,11,c_cycle_icache_miss,0
0,3,3,12,c_cycle_send_stall,125
0,3,4,12,c_cycle_send_stall,42
0,3,5,12,c_cycle_send_stall,24
0,3,6,12,c_cycle_send_stall,20
0,3,7,12,c_cycle_send_stall,13
0,3,8,12,c_cycle_send_stall,36
0,3,9,12,c_cycle_send_stall,31
0,3,10,12,c_cycle_send_stall,22
0,3,11,12,c_cycle_send_stall,13
0,3,12,12,c_cycle_send_stall,36
0,3,13,12,c_cycle_send_stall,24
0,3,14,12,c_cycle_send_stall,14
0,3,15,12,c_cycle_send_stall,13
0,3,16,12,c_cycle_send_stall,36
0,3,17,12,c_cycle_send_stall,29
0,3,18,12,c_cycle_send_stall,36
0,3,3,13,c_cycle_branch_wait_sreg,0
0,3,4,13,c_cycle_branch_wait_sreg,0
0,3,5,13,c_cycle_branch_wait_sreg,0
0,3,6,13,c_cycle_branch_wait_sreg,0
0,3,7,13,c_cycle_branch_wait_sreg,0
0,3,8,13,c_cycle_branch_wait_sreg,0
0,3,9,13,c_cycle_branch_wait_sreg,0
0,3,10,13,c_cycle_branch_wait_sreg,0
0,3,11,13,c_cycle_branch_wait_sreg,0
0,3,12,13,c_cycle_branch_wait_sreg,0
0,3,13,13,c_cycle_branch_wait_sreg,0
0,3,14,13,c_cycle_branch_wait_sreg,0
0,3,15,13,c_cycle_branch_wait_sreg,0
0,3,16,13,c_cycle_branch_wait_sreg,0
0,3,17,13,c_cycle_branch_wait_sreg,0
0,3,18,13,c_cycle_branch_wait_sreg,0
0,3,3,14,c_cycle_vloop_wait_sreg,0
0,3,4,14,c_cycle_vloop_wait_sreg,0
0,3,5,14,c_cycle_vloop_wait_sreg,0
0,3,6,14,c_cycle_vloop_wait_sreg,0
0,3,7,14,c_cycle_vloop_wait_sreg,0
0,3,8,14,c_cycle_vloop_wait_sreg,0
0,3,9,14,c_cycle_vloop_wait_sreg,0
0,3,10,14,c_cycle_vloop_wait_sreg,0
0,3,11,14,c_cycle_vloop_wait_sreg,0
0,3,12,14,c_cycle_vloop_wait_sreg,0
0,3,13,14,c_cycle_vloop_wait_sreg,0
0,3,14,14,c_cycle_vloop_wait_sreg,0
0,3,15,14,c_cycle_vloop_wait_sreg,0
0,3,16,14,c_cycle_vloop_wait_sreg,0
0,3,17,14,c_cycle_vloop_wait_sreg,0
0,3,18,14,c_cycle_vloop_wait_sreg,0
0,3,3,15,c_cycle_vloop_bmode_flush,0
0,3,4,15,c_cycle_vloop_bmode_flush,0
0,3,5,15,c_cycle_vloop_bmode_flush,0
0,3,6,15,c_cycle_vloop_bmode_flush,0
0,3,7,15,c_cycle_vloop_bmode_flush,0
0,3,8,15,c_cycle_vloop_bmode_flush,0
0,3,9,15,c_cycle_vloop_bmode_flush,0
0,3,10,15,c_cycle_vloop_bmode_flush,0
0,3,11,15,c_cycle_vloop_bmode_flush,0
0,3,12,15,c_cycle_vloop_bmode_flush,0
0,3,13,15,c_cycle_vloop_bmode_flush,0
0,3,14,15,c_cycle_vloop_bmode_flush,0
0,3,15,15,c_cycle_vloop_bmode_flush,0
0,3,16,15,c_cycle_vloop_bmode_flush,0
0,3,17,15,c_cycle_vloop_bmode_flush,0
0,3,18,15,c_cycle_vloop_bmode_flush,0
0,3,3,16,c_cycle_vloop_fetch_flush,6
0,3,4,16,c_cycle_vloop_fetch_flush,314
0,3,5,16,c_cycle_vloop_fetch_flush,12
0,3,6,16,c_cycle_vloop_fetch_flush,6
0,3,7,16,c_cycle_vloop_fetch_flush,6
0,3,8,16,c_cycle_vloop_fetch_flush,0
0,3,9,16,c_cycle_vloop_fetch_flush,12
0,3,10,16,c_cycle_vloop_fetch_flush,6
0,3,11,16,c_cycle_vloop_fetch_flush,6
0,3,12,16,c_cycle_vloop_fetch_flush,0
0,3,13,16,c_cycle_vloop_fetch_flush,12
0,3,14,16,c_cycle_vloop_fetch_flush,6
0,3,15,16,c_cycle_vloop_fetch_flush,6
0,3,16,16,c_cycle_vloop_fetch_flush,0
0,3,17,16,c_cycle_vloop_fetch_flush,12
0,3,18,16,c_cycle_vloop_fetch_flush,0
0,3,3,17,c_cycle_vloop_execution,10
0,3,4,17,c_cycle_vloop_execution,2
0,3,5,17,c_cycle_vloop_execution,12
0,3,6,17,c_cycle_vloop_execution,3
0,3,7,17,c_cycle_vloop_execution,9
0,3,8,17,c_cycle_vloop_execution,0
0,3,9,17,c_cycle_vloop_execution,12
0,3,10,17,c_cycle_vloop_execution,2
0,3,11,17,c_cycle_vloop_execution,10
0,3,12,17,c_cycle_vloop_execution,0
0,3,13,17,c_cycle_vloop_execution,12
0,3,14,17,c_cycle_vloop_execution,3
0,3,15,17,c_cycle_vloop_execution,9
0,3,16,17,c_cycle_vloop_execution,0
0,3,17,17,c_cycle_vloop_execution,12
0,3,18,17,c_cycle_vloop_execution,0
0,3,3,18,c_cycle_vloop_stall,16
0,3,4,18,c_cycle_vloop_stall,316
0,3,5,18,c_cycle_vloop_stall,24
0,3,6,18,c_cycle_vloop_stall,9
0,3,7,18,c_cycle_vloop_stall,15
0,3,8,18,c_cycle_vloop_stall,0
0,3,9,18,c_cycle_vloop_stall,24
0,3,10,18,c_cycle_vloop_stall,8
0,3,11,18,c_cycle_vloop_stall,16
0,3,12,18,c_cycle_vloop_stall,0
0,3,13,18,c_cycle_vloop_stall,24
0,3,14,18,c_cycle_vloop_stall,9
0,3,15,18,c_cycle_vloop_stall,15
0,3,16,18,c_cycle_vloop_stall,0
0,3,17,18,c_cycle_vloop_stall,24
0,3,18,18,c_cycle_vloop_stall,0
0,3,3,19,c_cycle_wait_sreg,0
0,3,4,19,c_cycle_wait_sreg,0
0,3,5,19,c_cycle_wait_sreg,0
0,3,6,19,c_cycle_wait_sreg,0
0,3,7,19,c_cycle_wait_sreg,0
0,3,8,19,c_cycle_wait_sreg,0
0,3,9,19,c_cycle_wait_sreg,0
0,3,10,19,c_cycle_wait_sreg,0
0,3,11,19,c_cycle_wait_sreg,0
0,3,12,19,c_cycle_wait_sreg,0
0,3,13,19,c_cycle_wait_sreg,0
0,3,14,19,c_cycle_wait_sreg,0
0,3,15,19,c_cycle_wait_sreg,0
0,3,16,19,c_cycle_wait_sreg,0
0,3,17,19,c_cycle_wait_sreg,0
0,3,18,19,c_cycle_wait_sreg,0
0,3,3,20,c_slot_idu_disp_total,65
0,3,4,20,c_slot_idu_disp_total,15
0,3,5,20,c_slot_idu_disp_total,65
0,3,6,20,c_slot_idu_disp_total,15
0,3,7,20,c_slot_idu_disp_total,65
0,3,8,20,c_slot_idu_disp_total,15
0,3,9,20,c_slot_idu_disp_total,65
0,3,10,20,c_slot_idu_disp_total,15
0,3,11,20,c_slot_idu_disp_total,65
0,3,12,20,c_slot_idu_disp_total,15
0,3,13,20,c_slot_idu_disp_total,65
0,3,14,20,c_slot_idu_disp_total,15
0,3,15,20,c_slot_idu_disp_total,65
0,3,16,20,c_slot_idu_disp_total,15
0,3,17,20,c_slot_idu_disp_total,65
0,3,18,20,c_slot_idu_disp_total,15
0,3,3,21,c_slot_idu_not_disp.asu_busy,0
0,3,4,21,c_slot_idu_not_disp.asu_busy,0
0,3,5,21,c_slot_idu_not_disp.asu_busy,0
0,3,6,21,c_slot_idu_not_disp.asu_busy,0
0,3,7,21,c_slot_idu_not_disp.asu_busy,0
0,3,8,21,c_slot_idu_not_disp.asu_busy,0
0,3,9,21,c_slot_idu_not_disp.asu_busy,0
0,3,10,21,c_slot_idu_not_disp.asu_busy,0
0,3,11,21,c_slot_idu_not_disp.asu_busy,0
0,3,12,21,c_slot_idu_not_disp.asu_busy,0
0,3,13,21,c_slot_idu_not_disp.asu_busy,0
0,3,14,21,c_slot_idu_not_disp.asu_busy,0
0,3,15,21,c_slot_idu_not_disp.asu_busy,0
0,3,16,21,c_slot_idu_not_disp.asu_busy,0
0,3,17,21,c_slot_idu_not_disp.asu_busy,0
0,3,18,21,c_slot_idu_not_disp.asu_busy,0
0,3,3,22,c_slot_idu_not_disp.vec_stall,0
0,3,4,22,c_slot_idu_not_disp.vec_stall,0
0,3,5,22,c_slot_idu_not_disp.vec_stall,0
0,3,6,22,c_slot_idu_not_disp.vec_stall,0
0,3,7,22,c_slot_idu_not_disp.vec_stall,0
0,3,8,22,c_slot_idu_not_disp.vec_stall,0
0,3,9,22,c_slot_idu_not_disp.vec_stall,0
0,3,10,22,c_slot_idu_not_disp.vec_stall,0
0,3,11,22,c_slot_idu_not_disp.vec_stall,0
0,3,12,22,c_slot_idu_not_disp.vec_stall,0
0,3,13,22,c_slot_idu_not_disp.vec_stall,0
0,3,14,22,c_slot_idu_not_disp.vec_stall,0
0,3,15,22,c_slot_idu_not_disp.vec_stall,0
0,3,16,22,c_slot_idu_not_disp.vec_stall,0
0,3,17,22,c_slot_idu_not_disp.vec_stall,0
0,3,18,22,c_slot_idu_not_disp.vec_stall,0
0,3,3,23,c_slot_idu_not_disp.fe_bound,1009
0,3,4,23,c_slot_idu_not_disp.fe_bound,2175
0,3,5,23,c_slot_idu_not_disp.fe_bound,1009
0,3,6,23,c_slot_idu_not_disp.fe_bound,207
0,3,7,23,c_slot_idu_not_disp.fe_bound,889
0,3,8,23,c_slot_idu_not_disp.fe_bound,207
0,3,9,23,c_slot_idu_not_disp.fe_bound,1045
0,3,10,23,c_slot_idu_not_disp.fe_bound,207
0,3,11,23,c_slot_idu_not_disp.fe_bound,889
0,3,12,23,c_slot_idu_not_disp.fe_bound,207
0,3,13,23,c_slot_idu_not_disp.fe_bound,1009
0,3,14,23,c_slot_idu_not_disp.fe_bound,207
0,3,15,23,c_slot_idu_not_disp.fe_bound,889
0,3,16,23,c_slot_idu_not_disp.fe_bound,207
0,3,17,23,c_slot_idu_not_disp.fe_bound,1033
0,3,18,23,c_slot_idu_not_disp.fe_bound,207
0,3,3,24,c_cycle_idu_not_disp.asu_busy,0
0,3,4,24,c_cycle_idu_not_disp.asu_busy,0
0,3,5,24,c_cycle_idu_not_disp.asu_busy,0
0,3,6,24,c_cycle_idu_not_disp.asu_busy,0
0,3,7,24,c_cycle_idu_not_disp.asu_busy,0
0,3,8,24,c_cycle_idu_not_disp.asu_busy,0
0,3,9,24,c_cycle_idu_not_disp.asu_busy,0
0,3,10,24,c_cycle_idu_not_disp.asu_busy,0
0,3,11,24,c_cycle_idu_not_disp.asu_busy,0
0,3,12,24,c_cycle_idu_not_disp.asu_busy,0
0,3,13,24,c_cycle_idu_not_disp.asu_busy,0
0,3,14,24,c_cycle_idu_not_disp.asu_busy,0
0,3,15,24,c_cycle_idu_not_disp.asu_busy,0
0,3,16,24,c_cycle_idu_not_disp.asu_busy,0
0,3,17,24,c_cycle_idu_not_disp.asu_busy,0
0,3,18,24,c_cycle_idu_not_disp.asu_busy,0
0,3,3,25,c_cycle_idu_not_disp.vec_stall,0
0,3,4,25,c_cycle_idu_not_disp.vec_stall,0
0,3,5,25,c_cycle_idu_not_disp.vec_stall,0
0,3,6,25,c_cycle_idu_not_disp.vec_stall,0
0,3,7,25,c_cycle_idu_not_disp.vec_stall,0
0,3,8,25,c_cycle_idu_not_disp.vec_stall,0
0,3,9,25,c_cycle_idu_not_disp.vec_stall,0
0,3,10,25,c_cycle_idu_not_disp.vec_stall,0
0,3,11,25,c_cycle_idu_not_disp.vec_stall,0
0,3,12,25,c_cycle_idu_not_disp.vec_stall,0
0,3,13,25,c_cycle_idu_not_disp.vec_stall,0
0,3,14,25,c_cycle_idu_not_disp.vec_stall,0
0,3,15,25,c_cycle_idu_not_disp.vec_stall,0
0,3,16,25,c_cycle_idu_not_disp.vec_stall,0
0,3,17,25,c_cycle_idu_not_disp.vec_stall,0
0,3,18,25,c_cycle_idu_not_disp.vec_stall,0
0,3,3,26,c_cycle_idu_not_disp.fe_bound,179
0,3,4,26,c_cycle_idu_not_disp.fe_bound,365
0,3,5,26,c_cycle_idu_not_disp.fe_bound,179
0,3,6,26,c_cycle_idu_not_disp.fe_bound,37
0,3,7,26,c_cycle_idu_not_disp.fe_bound,159
0,3,8,26,c_cycle_idu_not_disp.fe_bound,37
0,3,9,26,c_cycle_idu_not_disp.fe_bound,185
0,3,10,26,c_cycle_idu_not_disp.fe_bound,37
0,3,11,26,c_cycle_idu_not_disp.fe_bound,159
0,3,12,26,c_cycle_idu_not_disp.fe_bound,37
0,3,13,26,c_cycle_idu_not_disp.fe_bound,179
0,3,14,26,c_cycle_idu_not_disp.fe_bound,37
0,3,15,26,c_cycle_idu_not_disp.fe_bound,159
0,3,16,26,c_cycle_idu_not_disp.fe_bound,37
0,3,17,26,c_cycle_idu_not_disp.fe_bound,183
0,3,18,26,c_cycle_idu_not_disp.fe_bound,37
0,3,3,27,c_cycle_idu_fifo_empty,158
0,3,4,27,c_cycle_idu_fifo_empty,360
0,3,5,27,c_cycle_idu_fifo_empty,54
0,3,6,27,c_cycle_idu_fifo_empty,24
0,3,7,27,c_cycle_idu_fifo_empty,30
0,3,8,27,c_cycle_idu_fifo_empty,33
0,3,9,27,c_cycle_idu_fifo_empty,60
0,3,10,27,c_cycle_idu_fifo_empty,26
0,3,11,27,c_cycle_idu_fifo_empty,30
0,3,12,27,c_cycle_idu_fifo_empty,33
0,3,13,27,c_cycle_idu_fifo_empty,54
0,3,14,27,c_cycle_idu_fifo_empty,19
0,3,15,27,c_cycle_idu_fifo_empty,30
0,3,16,27,c_cycle_idu_fifo_empty,33
0,3,17,27,c_cycle_idu_fifo_empty,58
0,3,18,27,c_cycle_idu_fifo_empty,33
0,3,3,28,c_cycle_idu_fifo_stall,20
0,3,4,28,c_cycle_idu_fifo_stall,4
0,3,5,28,c_cycle_idu_fifo_stall,20
0,3,6,28,c_cycle_idu_fifo_stall,1
0,3,7,28,c_cycle_idu_fifo_stall,13
0,3,8,28,c_cycle_idu_fifo_stall,1
0,3,9,28,c_cycle_idu_fifo_stall,20
0,3,10,28,c_cycle_idu_fifo_stall,1
0,3,11,28,c_cycle_idu_fifo_stall,13
0,3,12,28,c_cycle_idu_fifo_stall,1
0,3,13,28,c_cycle_idu_fifo_stall,20
0,3,14,28,c_cycle_idu_fifo_stall,1
0,3,15,28,c_cycle_idu_fifo_stall,13
0,3,16,28,c_cycle_idu_fifo_stall,1
0,3,17,28,c_cycle_idu_fifo_stall,20
0,3,18,28,c_cycle_idu_fifo_stall,1
0,3,3,29,c_cycle_idu_sreg_stall,0
0,3,4,29,c_cycle_idu_sreg_stall,0
0,3,5,29,c_cycle_idu_sreg_stall,0
0,3,6,29,c_cycle_idu_sreg_stall,0
0,3,7,29,c_cycle_idu_sreg_stall,0
0,3,8,29,c_cycle_idu_sreg_stall,0
0,3,9,29,c_cycle_idu_sreg_stall,0
0,3,10,29,c_cycle_idu_sreg_stall,0
0,3,11,29,c_cycle_idu_sreg_stall,0
0,3,12,29,c_cycle_idu_sreg_stall,0
0,3,13,29,c_cycle_idu_sreg_stall,0
0,3,14,29,c_cycle_idu_sreg_stall,0
0,3,15,29,c_cycle_idu_sreg_stall,0
0,3,16,29,c_cycle_idu_sreg_stall,0
0,3,17,29,c_cycle_idu_sreg_stall,0
0,3,18,29,c_cycle_idu_sreg_stall,0
0,3,3,30,c_cycle_idu_instr_stall,1
0,3,4,30,c_cycle_idu_instr_stall,1
0,3,5,30,c_cycle_idu_instr_stall,1
0,3,6,30,c_cycle_idu_instr_stall,1
0,3,7,30,c_cycle_idu_instr_stall,6
0,3,8,30,c_cycle_idu_instr_stall,1
0,3,9,30,c_cycle_idu_instr_stall,1
0,3,10,30,c_cycle_idu_instr_stall,1
0,3,11,30,c_cycle_idu_instr_stall,6
0,3,12,30,c_cycle_idu_instr_stall,1
0,3,13,30,c_cycle_idu_instr_stall,1
0,3,14,30,c_cycle_idu_instr_stall,1
0,3,15,30,c_cycle_idu_instr_stall,6
0,3,16,30,c_cycle_idu_instr_stall,1
0,3,17,30,c_cycle_idu_instr_stall,1
0,3,18,30,c_cycle_idu_instr_stall,1
0,3,3,31,c_cycle_idu_instr_stall.vloop_iter,0
0,3,4,31,c_cycle_idu_instr_stall.vloop_iter,0
0,3,5,31,c_cycle_idu_instr_stall.vloop_iter,0
0,3,6,31,c_cycle_idu_instr_stall.vloop_iter,0
0,3,7,31,c_cycle_idu_instr_stall.vloop_iter,5
0,3,8,31,c_cycle_idu_instr_stall.vloop_iter,0
0,3,9,31,c_cycle_idu_instr_stall.vloop_iter,0
0,3,10,31,c_cycle_idu_instr_stall.vloop_iter,0
0,3,11,31,c_cycle_idu_instr_stall.vloop_iter,5
0,3,12,31,c_cycle_idu_instr_stall.vloop_iter,0
0,3,13,31,c_cycle_idu_instr_stall.vloop_iter,0
0,3,14,31,c_cycle_idu_instr_stall.vloop_iter,0
0,3,15,31,c_cycle_idu_instr_stall.vloop_iter,5
0,3,16,31,c_cycle_idu_instr_stall.vloop_iter,0
0,3,17,31,c_cycle_idu_instr_stall.vloop_iter,0
0,3,18,31,c_cycle_idu_instr_stall.vloop_iter,0
0,3,3,32,c_cycle_idu_instr_stall.uop_split,0
0,3,4,32,c_cycle_idu_instr_stall.uop_split,0
0,3,5,32,c_cycle_idu_instr_stall.uop_split,0
0,3,6,32,c_cycle_idu_instr_stall.uop_split,0
0,3,7,32,c_cycle_idu_instr_stall.uop_split,0
0,3,8,32,c_cycle_idu_instr_stall.uop_split,0
0,3,9,32,c_cycle_idu_instr_stall.uop_split,0
0,3,10,32,c_cycle_idu_instr_stall.uop_split,0
0,3,11,32,c_cycle_idu_instr_stall.uop_split,0
0,3,12,32,c_cycle_idu_instr_stall.uop_split,0
0,3,13,32,c_cycle_idu_instr_stall.uop_split,0
0,3,14,32,c_cycle_idu_instr_stall.uop_split,0
0,3,15,32,c_cycle_idu_instr_stall.uop_split,0
0,3,16,32,c_cycle_idu_instr_stall.uop_split,0
0,3,17,32,c_cycle_idu_instr_stall.uop_split,0
0,3,18,32,c_cycle_idu_instr_stall.uop_split,0
0,3,3,33,c_cycle_idu_ports_stall,0
0,3,4,33,c_cycle_idu_ports_stall,0
0,3,5,33,c_cycle_idu_ports_stall,0
0,3,6,33,c_cycle_idu_ports_stall,1
0,3,7,33,c_cycle_idu_ports_stall,1
0,3,8,33,c_cycle_idu_ports_stall,1
0,3,9,33,c_cycle_idu_ports_stall,0
0,3,10,33,c_cycle_idu_ports_stall,1
0,3,11,33,c_cycle_idu_ports_stall,1
0,3,12,33,c_cycle_idu_ports_stall,1
0,3,13,33,c_cycle_idu_ports_stall,0
0,3,14,33,c_cycle_idu_ports_stall,1
0,3,15,33,c_cycle_idu_ports_stall,1
0,3,16,33,c_cycle_idu_ports_stall,1
0,3,17,33,c_cycle_idu_ports_stall,0
0,3,18,33,c_cycle_idu_ports_stall,1
0,3,3,34,c_cycle_idu_ports_stall.asu,0
0,3,4,34,c_cycle_idu_ports_stall.asu,0
0,3,5,34,c_cycle_idu_ports_stall.asu,0
0,3,6,34,c_cycle_idu_ports_stall.asu,0
0,3,7,34,c_cycle_idu_ports_stall.asu,0
0,3,8,34,c_cycle_idu_ports_stall.asu,0
0,3,9,34,c_cycle_idu_ports_stall.asu,0
0,3,10,34,c_cycle_idu_ports_stall.asu,0
0,3,11,34,c_cycle_idu_ports_stall.asu,0
0,3,12,34,c_cycle_idu_ports_stall.asu,0
0,3,13,34,c_cycle_idu_ports_stall.asu,0
0,3,14,34,c_cycle_idu_ports_stall.asu,0
0,3,15,34,c_cycle_idu_ports_stall.asu,0
0,3,16,34,c_cycle_idu_ports_stall.asu,0
0,3,17,34,c_cycle_idu_ports_stall.asu,0
0,3,18,34,c_cycle_idu_ports_stall.asu,0
0,3,3,35,c_cycle_idu_ports_stall.vec,0
0,3,4,35,c_cycle_idu_ports_stall.vec,0
0,3,5,35,c_cycle_idu_ports_stall.vec,0
0,3,6,35,c_cycle_idu_ports_stall.vec,1
0,3,7,35,c_cycle_idu_ports_stall.vec,1
0,3,8,35,c_cycle_idu_ports_stall.vec,1
0,3,9,35,c_cycle_idu_ports_stall.vec,0
0,3,10,35,c_cycle_idu_ports_stall.vec,1
0,3,11,35,c_cycle_idu_ports_stall.vec,1
0,3,12,35,c_cycle_idu_ports_stall.vec,1
0,3,13,35,c_cycle_idu_ports_stall.vec,0
0,3,14,35,c_cycle_idu_ports_stall.vec,1
0,3,15,35,c_cycle_idu_ports_stall.vec,1
0,3,16,35,c_cycle_idu_ports_stall.vec,1
0,3,17,35,c_cycle_idu_ports_stall.vec,0
0,3,18,35,c_cycle_idu_ports_stall.vec,1
0,3,3,36,c_slot_idu_not_disp.asu_ld_busy,0
0,3,4,36,c_slot_idu_not_disp.asu_ld_busy,0
0,3,5,36,c_slot_idu_not_disp.asu_ld_busy,0
0,3,6,36,c_slot_idu_not_disp.asu_ld_busy,0
0,3,7,36,c_slot_idu_not_disp.asu_ld_busy,0
0,3,8,36,c_slot_idu_not_disp.asu_ld_busy,0
0,3,9,36,c_slot_idu_not_disp.asu_ld_busy,0
0,3,10,36,c_slot_idu_not_disp.asu_ld_busy,0
0,3,11,36,c_slot_idu_not_disp.asu_ld_busy,0
0,3,12,36,c_slot_idu_not_disp.asu_ld_busy,0
0,3,13,36,c_slot_idu_not_disp.asu_ld_busy,0
0,3,14,36,c_slot_idu_not_disp.asu_ld_busy,0
0,3,15,36,c_slot_idu_not_disp.asu_ld_busy,0
0,3,16,36,c_slot_idu_not_disp.asu_ld_busy,0
0,3,17,36,c_slot_idu_not_disp.asu_ld_busy,0
0,3,18,36,c_slot_idu_not_disp.asu_ld_busy,0
0,3,3,37,c_slot_idu_not_disp.asu_st_busy,0
0,3,4,37,c_slot_idu_not_disp.asu_st_busy,0
0,3,5,37,c_slot_idu_not_disp.asu_st_busy,0
0,3,6,37,c_slot_idu_not_disp.asu_st_busy,0
0,3,7,37,c_slot_idu_not_disp.asu_st_busy,0
0,3,8,37,c_slot_idu_not_disp.asu_st_busy,0
0,3,9,37,c_slot_idu_not_disp.asu_st_busy,0
0,3,10,37,c_slot_idu_not_disp.asu_st_busy,0
0,3,11,37,c_slot_idu_not_disp.asu_st_busy,0
0,3,12,37,c_slot_idu_not_disp.asu_st_busy,0
0,3,13,37,c_slot_idu_not_disp.asu_st_busy,0
0,3,14,37,c_slot_idu_not_disp.asu_st_busy,0
0,3,15,37,c_slot_idu_not_disp.asu_st_busy,0
0,3,16,37,c_slot_idu_not_disp.asu_st_busy,0
0,3,17,37,c_slot_idu_not_disp.asu_st_busy,0
0,3,18,37,c_slot_idu_not_disp.asu_st_busy,0
0,3,3,38,c_slot_idu_not_disp.asu_mem_bar,0
0,3,4,38,c_slot_idu_not_disp.asu_mem_bar,0
0,3,5,38,c_slot_idu_not_disp.asu_mem_bar,0
0,3,6,38,c_slot_idu_not_disp.asu_mem_bar,0
0,3,7,38,c_slot_idu_not_disp.asu_mem_bar,0
0,3,8,38,c_slot_idu_not_disp.asu_mem_bar,0
0,3,9,38,c_slot_idu_not_disp.asu_mem_bar,0
0,3,10,38,c_slot_idu_not_disp.asu_mem_bar,0
0,3,11,38,c_slot_idu_not_disp.asu_mem_bar,0
0,3,12,38,c_slot_idu_not_disp.asu_mem_bar,0
0,3,13,38,c_slot_idu_not_disp.asu_mem_bar,0
0,3,14,38,c_slot_idu_not_disp.asu_mem_bar,0
0,3,15,38,c_slot_idu_not_disp.asu_mem_bar,0
0,3,16,38,c_slot_idu_not_disp.asu_mem_bar,0
0,3,17,38,c_slot_idu_not_disp.asu_mem_bar,0
0,3,18,38,c_slot_idu_not_disp.asu_mem_bar,0
0,3,3,39,c_cycle_shq_stall,0
0,3,4,39,c_cycle_shq_stall,0
0,3,5,39,c_cycle_shq_stall,0
0,3,6,39,c_cycle_shq_stall,0
0,3,7,39,c_cycle_shq_stall,0
0,3,8,39,c_cycle_shq_stall,0
0,3,9,39,c_cycle_shq_stall,0
0,3,10,39,c_cycle_shq_stall,0
0,3,11,39,c_cycle_shq_stall,0
0,3,12,39,c_cycle_shq_stall,0
0,3,13,39,c_cycle_shq_stall,0
0,3,14,39,c_cycle_shq_stall,0
0,3,15,39,c_cycle_shq_stall,0
0,3,16,39,c_cycle_shq_stall,0
0,3,17,39,c_cycle_shq_stall,0
0,3,18,39,c_cycle_shq_stall,0
0,3,3,40,c_cycle_ldq_stall,0
0,3,4,40,c_cycle_ldq_stall,0
0,3,5,40,c_cycle_ldq_stall,0
0,3,6,40,c_cycle_ldq_stall,0
0,3,7,40,c_cycle_ldq_stall,0
0,3,8,40,c_cycle_ldq_stall,0
0,3,9,40,c_cycle_ldq_stall,0
0,3,10,40,c_cycle_ldq_stall,0
0,3,11,40,c_cycle_ldq_stall,0
0,3,12,40,c_cycle_ldq_stall,0
0,3,13,40,c_cycle_ldq_stall,0
0,3,14,40,c_cycle_ldq_stall,0
0,3,15,40,c_cycle_ldq_stall,0
0,3,16,40,c_cycle_ldq_stall,0
0,3,17,40,c_cycle_ldq_stall,0
0,3,18,40,c_cycle_ldq_stall,0
0,3,3,41,c_cycle_stq_stall,0
0,3,4,41,c_cycle_stq_stall,0
0,3,5,41,c_cycle_stq_stall,0
0,3,6,41,c_cycle_stq_stall,0
0,3,7,41,c_cycle_stq_stall,0
0,3,8,41,c_cycle_stq_stall,0
0,3,9,41,c_cycle_stq_stall,0
0,3,10,41,c_cycle_stq_stall,0
0,3,11,41,c_cycle_stq_stall,0
0,3,12,41,c_cycle_stq_stall,0
0,3,13,41,c_cycle_stq_stall,0
0,3,14,41,c_cycle_stq_stall,0
0,3,15,41,c_cycle_stq_stall,0
0,3,16,41,c_cycle_stq_stall,0
0,3,17,41,c_cycle_stq_stall,0
0,3,18,41,c_cycle_stq_stall,0
0,3,3,42,c_cycle_exq0_stall,0
0,3,4,42,c_cycle_exq0_stall,0
0,3,5,42,c_cycle_exq0_stall,0
0,3,6,42,c_cycle_exq0_stall,0
0,3,7,42,c_cycle_exq0_stall,0
0,3,8,42,c_cycle_exq0_stall,0
0,3,9,42,c_cycle_exq0_stall,0
0,3,10,42,c_cycle_exq0_stall,0
0,3,11,42,c_cycle_exq0_stall,0
0,3,12,42,c_cycle_exq0_stall,0
0,3,13,42,c_cycle_exq0_stall,0
0,3,14,42,c_cycle_exq0_stall,0
0,3,15,42,c_cycle_exq0_stall,0
0,3,16,42,c_cycle_exq0_stall,0
0,3,17,42,c_cycle_exq0_stall,0
0,3,18,42,c_cycle_exq0_stall,0
0,3,3,43,c_cycle_exq1_stall,0
0,3,4,43,c_cycle_exq1_stall,0
0,3,5,43,c_cycle_exq1_stall,0
0,3,6,43,c_cycle_exq1_stall,0
0,3,7,43,c_cycle_exq1_stall,0
0,3,8,43,c_cycle_exq1_stall,0
0,3,9,43,c_cycle_exq1_stall,0
0,3,10,43,c_cycle_exq1_stall,0
0,3,11,43,c_cycle_exq1_stall,0
0,3,12,43,c_cycle_exq1_stall,0
0,3,13,43,c_cycle_exq1_stall,0
0,3,14,43,c_cycle_exq1_stall,0
0,3,15,43,c_cycle_exq1_stall,0
0,3,16,43,c_cycle_exq1_stall,0
0,3,17,43,c_cycle_exq1_stall,0
0,3,18,43,c_cycle_exq1_stall,0
0,3,3,44,c_cycle_phy_reg_stall,0
0,3,4,44,c_cycle_phy_reg_stall,0
0,3,5,44,c_cycle_phy_reg_stall,0
0,3,6,44,c_cycle_phy_reg_stall,0
0,3,7,44,c_cycle_phy_reg_stall,0
0,3,8,44,c_cycle_phy_reg_stall,0
0,3,9,44,c_cycle_phy_reg_stall,0
0,3,10,44,c_cycle_phy_reg_stall,0
0,3,11,44,c_cycle_phy_reg_stall,0
0,3,12,44,c_cycle_phy_reg_stall,0
0,3,13,44,c_cycle_phy_reg_stall,0
0,3,14,44,c_cycle_phy_reg_stall,0
0,3,15,44,c_cycle_phy_reg_stall,0
0,3,16,44,c_cycle_phy_reg_stall,0
0,3,17,44,c_cycle_phy_reg_stall,0
0,3,18,44,c_cycle_phy_reg_stall,0
0,3,3,45,c_cycle_phy_preg_stall,0
0,3,4,45,c_cycle_phy_preg_stall,0
0,3,5,45,c_cycle_phy_preg_stall,0
0,3,6,45,c_cycle_phy_preg_stall,0
0,3,7,45,c_cycle_phy_preg_stall,0
0,3,8,45,c_cycle_phy_preg_stall,0
0,3,9,45,c_cycle_phy_preg_stall,0
0,3,10,45,c_cycle_phy_preg_stall,0
0,3,11,45,c_cycle_phy_preg_stall,0
0,3,12,45,c_cycle_phy_preg_stall,0
0,3,13,45,c_cycle_phy_preg_stall,0
0,3,14,45,c_cycle_phy_preg_stall,0
0,3,15,45,c_cycle_phy_preg_stall,0
0,3,16,45,c_cycle_phy_preg_stall,0
0,3,17,45,c_cycle_phy_preg_stall,0
0,3,18,45,c_cycle_phy_preg_stall,0
0,3,3,46,c_cycle_phy_vreg_stall,0
0,3,4,46,c_cycle_phy_vreg_stall,0
0,3,5,46,c_cycle_phy_vreg_stall,0
0,3,6,46,c_cycle_phy_vreg_stall,0
0,3,7,46,c_cycle_phy_vreg_stall,0
0,3,8,46,c_cycle_phy_vreg_stall,0
0,3,9,46,c_cycle_phy_vreg_stall,0
0,3,10,46,c_cycle_phy_vreg_stall,0
0,3,11,46,c_cycle_phy_vreg_stall,0
0,3,12,46,c_cycle_phy_vreg_stall,0
0,3,13,46,c_cycle_phy_vreg_stall,0
0,3,14,46,c_cycle_phy_vreg_stall,0
0,3,15,46,c_cycle_phy_vreg_stall,0
0,3,16,46,c_cycle_phy_vreg_stall,0
0,3,17,46,c_cycle_phy_vreg_stall,0
0,3,18,46,c_cycle_phy_vreg_stall,0
0,3,3,47,c_slot_idu_disp_rvecsu,10
0,3,4,47,c_slot_idu_disp_rvecsu,2
0,3,5,47,c_slot_idu_disp_rvecsu,10
0,3,6,47,c_slot_idu_disp_rvecsu,2
0,3,7,47,c_slot_idu_disp_rvecsu,10
0,3,8,47,c_slot_idu_disp_rvecsu,2
0,3,9,47,c_slot_idu_disp_rvecsu,10
0,3,10,47,c_slot_idu_disp_rvecsu,2
0,3,11,47,c_slot_idu_disp_rvecsu,10
0,3,12,47,c_slot_idu_disp_rvecsu,2
0,3,13,47,c_slot_idu_disp_rvecsu,10
0,3,14,47,c_slot_idu_disp_rvecsu,2
0,3,15,47,c_slot_idu_disp_rvecsu,10
0,3,16,47,c_slot_idu_disp_rvecsu,2
0,3,17,47,c_slot_idu_disp_rvecsu,10
0,3,18,47,c_slot_idu_disp_rvecsu,2
0,3,3,48,c_slot_idu_disp_rvecld,14
0,3,4,48,c_slot_idu_disp_rvecld,4
0,3,5,48,c_slot_idu_disp_rvecld,14
0,3,6,48,c_slot_idu_disp_rvecld,4
0,3,7,48,c_slot_idu_disp_rvecld,14
0,3,8,48,c_slot_idu_disp_rvecld,4
0,3,9,48,c_slot_idu_disp_rvecld,14
0,3,10,48,c_slot_idu_disp_rvecld,4
0,3,11,48,c_slot_idu_disp_rvecld,14
0,3,12,48,c_slot_idu_disp_rvecld,4
0,3,13,48,c_slot_idu_disp_rvecld,14
0,3,14,48,c_slot_idu_disp_rvecld,4
0,3,15,48,c_slot_idu_disp_rvecld,14
0,3,16,48,c_slot_idu_disp_rvecld,4
0,3,17,48,c_slot_idu_disp_rvecld,14
0,3,18,48,c_slot_idu_disp_rvecld,4
0,3,3,49,c_slot_idu_disp_rvecst,10
0,3,4,49,c_slot_idu_disp_rvecst,2
0,3,5,49,c_slot_idu_disp_rvecst,10
0,3,6,49,c_slot_idu_disp_rvecst,2
0,3,7,49,c_slot_idu_disp_rvecst,10
0,3,8,49,c_slot_idu_disp_rvecst,2
0,3,9,49,c_slot_idu_disp_rvecst,10
0,3,10,49,c_slot_idu_disp_rvecst,2
0,3,11,49,c_slot_idu_disp_rvecst,10
0,3,12,49,c_slot_idu_disp_rvecst,2
0,3,13,49,c_slot_idu_disp_rvecst,10
0,3,14,49,c_slot_idu_disp_rvecst,2
0,3,15,49,c_slot_idu_disp_rvecst,10
0,3,16,49,c_slot_idu_disp_rvecst,2
0,3,17,49,c_slot_idu_disp_rvecst,10
0,3,18,49,c_slot_idu_disp_rvecst,2
0,3,3,50,c_slot_idu_disp_rvecex,24
0,3,4,50,c_slot_idu_disp_rvecex,4
0,3,5,50,c_slot_idu_disp_rvecex,24
0,3,6,50,c_slot_idu_disp_rvecex,4
0,3,7,50,c_slot_idu_disp_rvecex,24
0,3,8,50,c_slot_idu_disp_rvecex,4
0,3,9,50,c_slot_idu_disp_rvecex,24
0,3,10,50,c_slot_idu_disp_rvecex,4
0,3,11,50,c_slot_idu_disp_rvecex,24
0,3,12,50,c_slot_idu_disp_rvecex,4
0,3,13,50,c_slot_idu_disp_rvecex,24
0,3,14,50,c_slot_idu_disp_rvecex,4
0,3,15,50,c_slot_idu_disp_rvecex,24
0,3,16,50,c_slot_idu_disp_rvecex,4
0,3,17,50,c_slot_idu_disp_rvecex,24
0,3,18,50,c_slot_idu_disp_rvecex,4
0,3,3,51,c_slot_idu_disp_rveclp,1
0,3,4,51,c_slot_idu_disp_rveclp,1
0,3,5,51,c_slot_idu_disp_rveclp,1
0,3,6,51,c_slot_idu_disp_rveclp,1
0,3,7,51,c_slot_idu_disp_rveclp,1
0,3,8,51,c_slot_idu_disp_rveclp,1
0,3,9,51,c_slot_idu_disp_rveclp,1
0,3,10,51,c_slot_idu_disp_rveclp,1
0,3,11,51,c_slot_idu_disp_rveclp,1
0,3,12,51,c_slot_idu_disp_rveclp,1
0,3,13,51,c_slot_idu_disp_rveclp,1
0,3,14,51,c_slot_idu_disp_rveclp,1
0,3,15,51,c_slot_idu_disp_rveclp,1
0,3,16,51,c_slot_idu_disp_rveclp,1
0,3,17,51,c_slot_idu_disp_rveclp,1
0,3,18,51,c_slot_idu_disp_rveclp,1
0,3,3,52,c_slot_idu_disp_rvecld_ld,14
0,3,4,52,c_slot_idu_disp_rvecld_ld,4
0,3,5,52,c_slot_idu_disp_rvecld_ld,14
0,3,6,52,c_slot_idu_disp_rvecld_ld,4
0,3,7,52,c_slot_idu_disp_rvecld_ld,14
0,3,8,52,c_slot_idu_disp_rvecld_ld,4
0,3,9,52,c_slot_idu_disp_rvecld_ld,14
0,3,10,52,c_slot_idu_disp_rvecld_ld,4
0,3,11,52,c_slot_idu_disp_rvecld_ld,14
0,3,12,52,c_slot_idu_disp_rvecld_ld,4
0,3,13,52,c_slot_idu_disp_rvecld_ld,14
0,3,14,52,c_slot_idu_disp_rvecld_ld,4
0,3,15,52,c_slot_idu_disp_rvecld_ld,14
0,3,16,52,c_slot_idu_disp_rvecld_ld,4
0,3,17,52,c_slot_idu_disp_rvecld_ld,14
0,3,18,52,c_slot_idu_disp_rvecld_ld,4
0,3,3,53,c_slot_idu_disp_rvecld_ga,0
0,3,4,53,c_slot_idu_disp_rvecld_ga,0
0,3,5,53,c_slot_idu_disp_rvecld_ga,0
0,3,6,53,c_slot_idu_disp_rvecld_ga,0
0,3,7,53,c_slot_idu_disp_rvecld_ga,0
0,3,8,53,c_slot_idu_disp_rvecld_ga,0
0,3,9,53,c_slot_idu_disp_rvecld_ga,0
0,3,10,53,c_slot_idu_disp_rvecld_ga,0
0,3,11,53,c_slot_idu_disp_rvecld_ga,0
0,3,12,53,c_slot_idu_disp_rvecld_ga,0
0,3,13,53,c_slot_idu_disp_rvecld_ga,0
0,3,14,53,c_slot_idu_disp_rvecld_ga,0
0,3,15,53,c_slot_idu_disp_rvecld_ga,0
0,3,16,53,c_slot_idu_disp_rvecld_ga,0
0,3,17,53,c_slot_idu_disp_rvecld_ga,0
0,3,18,53,c_slot_idu_disp_rvecld_ga,0
0,3,3,54,c_slot_idu_disp_rvecst_st,10
0,3,4,54,c_slot_idu_disp_rvecst_st,2
0,3,5,54,c_slot_idu_disp_rvecst_st,10
0,3,6,54,c_slot_idu_disp_rvecst_st,2
0,3,7,54,c_slot_idu_disp_rvecst_st,10
0,3,8,54,c_slot_idu_disp_rvecst_st,2
0,3,9,54,c_slot_idu_disp_rvecst_st,10
0,3,10,54,c_slot_idu_disp_rvecst_st,2
0,3,11,54,c_slot_idu_disp_rvecst_st,10
0,3,12,54,c_slot_idu_disp_rvecst_st,2
0,3,13,54,c_slot_idu_disp_rvecst_st,10
0,3,14,54,c_slot_idu_disp_rvecst_st,2
0,3,15,54,c_slot_idu_disp_rvecst_st,10
0,3,16,54,c_slot_idu_disp_rvecst_st,2
0,3,17,54,c_slot_idu_disp_rvecst_st,10
0,3,18,54,c_slot_idu_disp_rvecst_st,2
0,3,3,55,c_slot_idu_disp_rvecst_sc,0
0,3,4,55,c_slot_idu_disp_rvecst_sc,0
0,3,5,55,c_slot_idu_disp_rvecst_sc,0
0,3,6,55,c_slot_idu_disp_rvecst_sc,0
0,3,7,55,c_slot_idu_disp_rvecst_sc,0
0,3,8,55,c_slot_idu_disp_rvecst_sc,0
0,3,9,55,c_slot_idu_disp_rvecst_sc,0
0,3,10,55,c_slot_idu_disp_rvecst_sc,0
0,3,11,55,c_slot_idu_disp_rvecst_sc,0
0,3,12,55,c_slot_idu_disp_rvecst_sc,0
0,3,13,55,c_slot_idu_disp_rvecst_sc,0
0,3,14,55,c_slot_idu_disp_rvecst_sc,0
0,3,15,55,c_slot_idu_disp_rvecst_sc,0
0,3,16,55,c_slot_idu_disp_rvecst_sc,0
0,3,17,55,c_slot_idu_disp_rvecst_sc,0
0,3,18,55,c_slot_idu_disp_rvecst_sc,0
0,3,3,56,c_slot_idu_disp_rvec_3src,0
0,3,4,56,c_slot_idu_disp_rvec_3src,0
0,3,5,56,c_slot_idu_disp_rvec_3src,0
0,3,6,56,c_slot_idu_disp_rvec_3src,0
0,3,7,56,c_slot_idu_disp_rvec_3src,0
0,3,8,56,c_slot_idu_disp_rvec_3src,0
0,3,9,56,c_slot_idu_disp_rvec_3src,0
0,3,10,56,c_slot_idu_disp_rvec_3src,0
0,3,11,56,c_slot_idu_disp_rvec_3src,0
0,3,12,56,c_slot_idu_disp_rvec_3src,0
0,3,13,56,c_slot_idu_disp_rvec_3src,0
0,3,14,56,c_slot_idu_disp_rvec_3src,0
0,3,15,56,c_slot_idu_disp_rvec_3src,0
0,3,16,56,c_slot_idu_disp_rvec_3src,0
0,3,17,56,c_slot_idu_disp_rvec_3src,0
0,3,18,56,c_slot_idu_disp_rvec_3src,0
0,3,3,57,c_slot_idu_disp_rvec_2dst,0
0,3,4,57,c_slot_idu_disp_rvec_2dst,0
0,3,5,57,c_slot_idu_disp_rvec_2dst,0
0,3,6,57,c_slot_idu_disp_rvec_2dst,0
0,3,7,57,c_slot_idu_disp_rvec_2dst,0
0,3,8,57,c_slot_idu_disp_rvec_2dst,0
0,3,9,57,c_slot_idu_disp_rvec_2dst,0
0,3,10,57,c_slot_idu_disp_rvec_2dst,0
0,3,11,57,c_slot_idu_disp_rvec_2dst,0
0,3,12,57,c_slot_idu_disp_rvec_2dst,0
0,3,13,57,c_slot_idu_disp_rvec_2dst,0
0,3,14,57,c_slot_idu_disp_rvec_2dst,0
0,3,15,57,c_slot_idu_disp_rvec_2dst,0
0,3,16,57,c_slot_idu_disp_rvec_2dst,0
0,3,17,57,c_slot_idu_disp_rvec_2dst,0
0,3,18,57,c_slot_idu_disp_rvec_2dst,0
0,3,3,58,c_slot_idu_disp_rvecld_2dst,0
0,3,4,58,c_slot_idu_disp_rvecld_2dst,0
0,3,5,58,c_slot_idu_disp_rvecld_2dst,0
0,3,6,58,c_slot_idu_disp_rvecld_2dst,0
0,3,7,58,c_slot_idu_disp_rvecld_2dst,0
0,3,8,58,c_slot_idu_disp_rvecld_2dst,0
0,3,9,58,c_slot_idu_disp_rvecld_2dst,0
0,3,10,58,c_slot_idu_disp_rvecld_2dst,0
0,3,11,58,c_slot_idu_disp_rvecld_2dst,0
0,3,12,58,c_slot_idu_disp_rvecld_2dst,0
0,3,13,58,c_slot_idu_disp_rvecld_2dst,0
0,3,14,58,c_slot_idu_disp_rvecld_2dst,0
0,3,15,58,c_slot_idu_disp_rvecld_2dst,0
0,3,16,58,c_slot_idu_disp_rvecld_2dst,0
0,3,17,58,c_slot_idu_disp_rvecld_2dst,0
0,3,18,58,c_slot_idu_disp_rvecld_2dst,0
0,3,3,59,c_slot_idu_disp_rvecex_2dst,0
0,3,4,59,c_slot_idu_disp_rvecex_2dst,0
0,3,5,59,c_slot_idu_disp_rvecex_2dst,0
0,3,6,59,c_slot_idu_disp_rvecex_2dst,0
0,3,7,59,c_slot_idu_disp_rvecex_2dst,0
0,3,8,59,c_slot_idu_disp_rvecex_2dst,0
0,3,9,59,c_slot_idu_disp_rvecex_2dst,0
0,3,10,59,c_slot_idu_disp_rvecex_2dst,0
0,3,11,59,c_slot_idu_disp_rvecex_2dst,0
0,3,12,59,c_slot_idu_disp_rvecex_2dst,0
0,3,13,59,c_slot_idu_disp_rvecex_2dst,0
0,3,14,59,c_slot_idu_disp_rvecex_2dst,0
0,3,15,59,c_slot_idu_disp_rvecex_2dst,0
0,3,16,59,c_slot_idu_disp_rvecex_2dst,0
0,3,17,59,c_slot_idu_disp_rvecex_2dst,0
0,3,18,59,c_slot_idu_disp_rvecex_2dst,0
0,3,3,60,c_slot_idu_disp_rvecld_512,0
0,3,4,60,c_slot_idu_disp_rvecld_512,0
0,3,5,60,c_slot_idu_disp_rvecld_512,0
0,3,6,60,c_slot_idu_disp_rvecld_512,0
0,3,7,60,c_slot_idu_disp_rvecld_512,0
0,3,8,60,c_slot_idu_disp_rvecld_512,0
0,3,9,60,c_slot_idu_disp_rvecld_512,0
0,3,10,60,c_slot_idu_disp_rvecld_512,0
0,3,11,60,c_slot_idu_disp_rvecld_512,0
0,3,12,60,c_slot_idu_disp_rvecld_512,0
0,3,13,60,c_slot_idu_disp_rvecld_512,0
0,3,14,60,c_slot_idu_disp_rvecld_512,0
0,3,15,60,c_slot_idu_disp_rvecld_512,0
0,3,16,60,c_slot_idu_disp_rvecld_512,0
0,3,17,60,c_slot_idu_disp_rvecld_512,0
0,3,18,60,c_slot_idu_disp_rvecld_512,0
0,3,3,61,c_slot_idu_disp_rvecst_v2src,0
0,3,4,61,c_slot_idu_disp_rvecst_v2src,0
0,3,5,61,c_slot_idu_disp_rvecst_v2src,0
0,3,6,61,c_slot_idu_disp_rvecst_v2src,0
0,3,7,61,c_slot_idu_disp_rvecst_v2src,0
0,3,8,61,c_slot_idu_disp_rvecst_v2src,0
0,3,9,61,c_slot_idu_disp_rvecst_v2src,0
0,3,10,61,c_slot_idu_disp_rvecst_v2src,0
0,3,11,61,c_slot_idu_disp_rvecst_v2src,0
0,3,12,61,c_slot_idu_disp_rvecst_v2src,0
0,3,13,61,c_slot_idu_disp_rvecst_v2src,0
0,3,14,61,c_slot_idu_disp_rvecst_v2src,0
0,3,15,61,c_slot_idu_disp_rvecst_v2src,0
0,3,16,61,c_slot_idu_disp_rvecst_v2src,0
0,3,17,61,c_slot_idu_disp_rvecst_v2src,0
0,3,18,61,c_slot_idu_disp_rvecst_v2src,0
0,3,3,62,c_slot_idu_disp_rvecex_v1dst,14
0,3,4,62,c_slot_idu_disp_rvecex_v1dst,2
0,3,5,62,c_slot_idu_disp_rvecex_v1dst,14
0,3,6,62,c_slot_idu_disp_rvecex_v1dst,2
0,3,7,62,c_slot_idu_disp_rvecex_v1dst,14
0,3,8,62,c_slot_idu_disp_rvecex_v1dst,2
0,3,9,62,c_slot_idu_disp_rvecex_v1dst,14
0,3,10,62,c_slot_idu_disp_rvecex_v1dst,2
0,3,11,62,c_slot_idu_disp_rvecex_v1dst,14
0,3,12,62,c_slot_idu_disp_rvecex_v1dst,2
0,3,13,62,c_slot_idu_disp_rvecex_v1dst,14
0,3,14,62,c_slot_idu_disp_rvecex_v1dst,2
0,3,15,62,c_slot_idu_disp_rvecex_v1dst,14
0,3,16,62,c_slot_idu_disp_rvecex_v1dst,2
0,3,17,62,c_slot_idu_disp_rvecex_v1dst,14
0,3,18,62,c_slot_idu_disp_rvecex_v1dst,2
0,3,3,63,c_slot_idu_disp_rvecex_v2dst,0
0,3,4,63,c_slot_idu_disp_rvecex_v2dst,0
0,3,5,63,c_slot_idu_disp_rvecex_v2dst,0
0,3,6,63,c_slot_idu_disp_rvecex_v2dst,0
0,3,7,63,c_slot_idu_disp_rvecex_v2dst,0
0,3,8,63,c_slot_idu_disp_rvecex_v2dst,0
0,3,9,63,c_slot_idu_disp_rvecex_v2dst,0
0,3,10,63,c_slot_idu_disp_rvecex_v2dst,0
0,3,11,63,c_slot_idu_disp_rvecex_v2dst,0
0,3,12,63,c_slot_idu_disp_rvecex_v2dst,0
0,3,13,63,c_slot_idu_disp_rvecex_v2dst,0
0,3,14,63,c_slot_idu_disp_rvecex_v2dst,0
0,3,15,63,c_slot_idu_disp_rvecex_v2dst,0
0,3,16,63,c_slot_idu_disp_rvecex_v2dst,0
0,3,17,63,c_slot_idu_disp_rvecex_v2dst,0
0,3,18,63,c_slot_idu_disp_rvecex_v2dst,0
0,3,3,64,c_stat_ldq_busy,151
0,3,4,64,c_stat_ldq_busy,29
0,3,5,64,c_stat_ldq_busy,151
0,3,6,64,c_stat_ldq_busy,29
0,3,7,64,c_stat_ldq_busy,151
0,3,8,64,c_stat_ldq_busy,29
0,3,9,64,c_stat_ldq_busy,151
0,3,10,64,c_stat_ldq_busy,29
0,3,11,64,c_stat_ldq_busy,151
0,3,12,64,c_stat_ldq_busy,29
0,3,13,64,c_stat_ldq_busy,151
0,3,14,64,c_stat_ldq_busy,29
0,3,15,64,c_stat_ldq_busy,151
0,3,16,64,c_stat_ldq_busy,29
0,3,17,64,c_stat_ldq_busy,151
0,3,18,64,c_stat_ldq_busy,29
0,3,3,65,c_stat_shq_busy,151
0,3,4,65,c_stat_shq_busy,29
0,3,5,65,c_stat_shq_busy,151
0,3,6,65,c_stat_shq_busy,29
0,3,7,65,c_stat_shq_busy,151
0,3,8,65,c_stat_shq_busy,29
0,3,9,65,c_stat_shq_busy,151
0,3,10,65,c_stat_shq_busy,29
0,3,11,65,c_stat_shq_busy,151
0,3,12,65,c_stat_shq_busy,29
0,3,13,65,c_stat_shq_busy,151
0,3,14,65,c_stat_shq_busy,29
0,3,15,65,c_stat_shq_busy,151
0,3,16,65,c_stat_shq_busy,29
0,3,17,65,c_stat_shq_busy,151
0,3,18,65,c_stat_shq_busy,29
0,3,3,66,c_stat_stq_busy,0
0,3,4,66,c_stat_stq_busy,0
0,3,5,66,c_stat_stq_busy,0
0,3,6,66,c_stat_stq_busy,0
0,3,7,66,c_stat_stq_busy,0
0,3,8,66,c_stat_stq_busy,0
0,3,9,66,c_stat_stq_busy,0
0,3,10,66,c_stat_stq_busy,0
0,3,11,66,c_stat_stq_busy,0
0,3,12,66,c_stat_stq_busy,0
0,3,13,66,c_stat_stq_busy,0
0,3,14,66,c_stat_stq_busy,0
0,3,15,66,c_stat_stq_busy,0
0,3,16,66,c_stat_stq_busy,0
0,3,17,66,c_stat_stq_busy,0
0,3,18,66,c_stat_stq_busy,0
0,3,3,67,c_stat_exq0_busy,17
0,3,4,67,c_stat_exq0_busy,9
0,3,5,67,c_stat_exq0_busy,17
0,3,6,67,c_stat_exq0_busy,9
0,3,7,67,c_stat_exq0_busy,17
0,3,8,67,c_stat_exq0_busy,9
0,3,9,67,c_stat_exq0_busy,17
0,3,10,67,c_stat_exq0_busy,9
0,3,11,67,c_stat_exq0_busy,17
0,3,12,67,c_stat_exq0_busy,9
0,3,13,67,c_stat_exq0_busy,17
0,3,14,67,c_stat_exq0_busy,9
0,3,15,67,c_stat_exq0_busy,17
0,3,16,67,c_stat_exq0_busy,9
0,3,17,67,c_stat_exq0_busy,17
0,3,18,67,c_stat_exq0_busy,9
0,3,3,68,c_stat_exq1_busy,18
0,3,4,68,c_stat_exq1_busy,9
0,3,5,68,c_stat_exq1_busy,18
0,3,6,68,c_stat_exq1_busy,9
0,3,7,68,c_stat_exq1_busy,18
0,3,8,68,c_stat_exq1_busy,9
0,3,9,68,c_stat_exq1_busy,18
0,3,10,68,c_stat_exq1_busy,9
0,3,11,68,c_stat_exq1_busy,18
0,3,12,68,c_stat_exq1_busy,9
0,3,13,68,c_stat_exq1_busy,18
0,3,14,68,c_stat_exq1_busy,9
0,3,15,68,c_stat_exq1_busy,18
0,3,16,68,c_stat_exq1_busy,9
0,3,17,68,c_stat_exq1_busy,18
0,3,18,68,c_stat_exq1_busy,9
0,3,3,69,c_stat_vreg_busy,158
0,3,4,69,c_stat_vreg_busy,363
0,3,5,69,c_stat_vreg_busy,177
0,3,6,69,c_stat_vreg_busy,36
0,3,7,69,c_stat_vreg_busy,158
0,3,8,69,c_stat_vreg_busy,36
0,3,9,69,c_stat_vreg_busy,183
0,3,10,69,c_stat_vreg_busy,36
0,3,11,69,c_stat_vreg_busy,158
0,3,12,69,c_stat_vreg_busy,36
0,3,13,69,c_stat_vreg_busy,177
0,3,14,69,c_stat_vreg_busy,36
0,3,15,69,c_stat_vreg_busy,158
0,3,16,69,c_stat_vreg_busy,36
0,3,17,69,c_stat_vreg_busy,181
0,3,18,69,c_stat_vreg_busy,36
0,3,3,70,c_stat_preg_busy,158
0,3,4,70,c_stat_preg_busy,363
0,3,5,70,c_stat_preg_busy,177
0,3,6,70,c_stat_preg_busy,36
0,3,7,70,c_stat_preg_busy,158
0,3,8,70,c_stat_preg_busy,36
0,3,9,70,c_stat_preg_busy,183
0,3,10,70,c_stat_preg_busy,36
0,3,11,70,c_stat_preg_busy,158
0,3,12,70,c_stat_preg_busy,36
0,3,13,70,c_stat_preg_busy,177
0,3,14,70,c_stat_preg_busy,36
0,3,15,70,c_stat_preg_busy,158
0,3,16,70,c_stat_preg_busy,36
0,3,17,70,c_stat_preg_busy,181
0,3,18,70,c_stat_preg_busy,36
0,3,3,71,c_stat_ldq_used,1067
0,3,4,71,c_stat_ldq_used,65
0,3,5,71,c_stat_ldq_used,1067
0,3,6,71,c_stat_ldq_used,69
0,3,7,71,c_stat_ldq_used,1165
0,3,8,71,c_stat_ldq_used,69
0,3,9,71,c_stat_ldq_used,1067
0,3,10,71,c_stat_ldq_used,69
0,3,11,71,c_stat_ldq_used,1165
0,3,12,71,c_stat_ldq_used,69
0,3,13,71,c_stat_ldq_used,1067
0,3,14,71,c_stat_ldq_used,69
0,3,15,71,c_stat_ldq_used,1165
0,3,16,71,c_stat_ldq_used,69
0,3,17,71,c_stat_ldq_used,1067
0,3,18,71,c_stat_ldq_used,69
0,3,3,72,c_stat_shq_used,1623
0,3,4,72,c_stat_shq_used,85
0,3,5,72,c_stat_shq_used,1623
0,3,6,72,c_stat_shq_used,89
0,3,7,72,c_stat_shq_used,1764
0,3,8,72,c_stat_shq_used,89
0,3,9,72,c_stat_shq_used,1623
0,3,10,72,c_stat_shq_used,89
0,3,11,72,c_stat_shq_used,1764
0,3,12,72,c_stat_shq_used,89
0,3,13,72,c_stat_shq_used,1623
0,3,14,72,c_stat_shq_used,89
0,3,15,72,c_stat_shq_used,1764
0,3,16,72,c_stat_shq_used,89
0,3,17,72,c_stat_shq_used,1623
0,3,18,72,c_stat_shq_used,89
0,3,3,73,c_stat_stq_used,0
0,3,4,73,c_stat_stq_used,0
0,3,5,73,c_stat_stq_used,0
0,3,6,73,c_stat_stq_used,0
0,3,7,73,c_stat_stq_used,0
0,3,8,73,c_stat_stq_used,0
0,3,9,73,c_stat_stq_used,0
0,3,10,73,c_stat_stq_used,0
0,3,11,73,c_stat_stq_used,0
0,3,12,73,c_stat_stq_used,0
0,3,13,73,c_stat_stq_used,0
0,3,14,73,c_stat_stq_used,0
0,3,15,73,c_stat_stq_used,0
0,3,16,73,c_stat_stq_used,0
0,3,17,73,c_stat_stq_used,0
0,3,18,73,c_stat_stq_used,0
0,3,3,74,c_stat_exq0_used,17
0,3,4,74,c_stat_exq0_used,9
0,3,5,74,c_stat_exq0_used,17
0,3,6,74,c_stat_exq0_used,9
0,3,7,74,c_stat_exq0_used,17
0,3,8,74,c_stat_exq0_used,9
0,3,9,74,c_stat_exq0_used,17
0,3,10,74,c_stat_exq0_used,9
0,3,11,74,c_stat_exq0_used,17
0,3,12,74,c_stat_exq0_used,9
0,3,13,74,c_stat_exq0_used,17
0,3,14,74,c_stat_exq0_used,9
0,3,15,74,c_stat_exq0_used,17
0,3,16,74,c_stat_exq0_used,9
0,3,17,74,c_stat_exq0_used,17
0,3,18,74,c_stat_exq0_used,9
0,3,3,75,c_stat_exq1_used,18
0,3,4,75,c_stat_exq1_used,9
0,3,5,75,c_stat_exq1_used,18
0,3,6,75,c_stat_exq1_used,9
0,3,7,75,c_stat_exq1_used,18
0,3,8,75,c_stat_exq1_used,9
0,3,9,75,c_stat_exq1_used,18
0,3,10,75,c_stat_exq1_used,9
0,3,11,75,c_stat_exq1_used,18
0,3,12,75,c_stat_exq1_used,9
0,3,13,75,c_stat_exq1_used,18
0,3,14,75,c_stat_exq1_used,9
0,3,15,75,c_stat_exq1_used,18
0,3,16,75,c_stat_exq1_used,9
0,3,17,75,c_stat_exq1_used,18
0,3,18,75,c_stat_exq1_used,9
0,3,3,76,c_stat_vreg_used,1685
0,3,4,76,c_stat_vreg_used,789
0,3,5,76,c_stat_vreg_used,1723
0,3,6,76,c_stat_vreg_used,135
0,3,7,76,c_stat_vreg_used,1823
0,3,8,76,c_stat_vreg_used,135
0,3,9,76,c_stat_vreg_used,1735
0,3,10,76,c_stat_vreg_used,135
0,3,11,76,c_stat_vreg_used,1823
0,3,12,76,c_stat_vreg_used,135
0,3,13,76,c_stat_vreg_used,1723
0,3,14,76,c_stat_vreg_used,135
0,3,15,76,c_stat_vreg_used,1823
0,3,16,76,c_stat_vreg_used,135
0,3,17,76,c_stat_vreg_used,1731
0,3,18,76,c_stat_vreg_used,135
0,3,3,77,c_stat_preg_used,633
0,3,4,77,c_stat_preg_used,382
0,3,5,77,c_stat_preg_used,652
0,3,6,77,c_stat_preg_used,55
0,3,7,77,c_stat_preg_used,679
0,3,8,77,c_stat_preg_used,55
0,3,9,77,c_stat_preg_used,658
0,3,10,77,c_stat_preg_used,55
0,3,11,77,c_stat_preg_used,679
0,3,12,77,c_stat_preg_used,55
0,3,13,77,c_stat_preg_used,652
0,3,14,77,c_stat_preg_used,55
0,3,15,77,c_stat_preg_used,679
0,3,16,77,c_stat_preg_used,55
0,3,17,77,c_stat_preg_used,656
0,3,18,77,c_stat_preg_used,55
0,3,3,78,c_cycle_rvec_busy,179
0,3,4,78,c_cycle_rvec_busy,365
0,3,5,78,c_cycle_rvec_busy,179
0,3,6,78,c_cycle_rvec_busy,37
0,3,7,78,c_cycle_rvec_busy,159
0,3,8,78,c_cycle_rvec_busy,37
0,3,9,78,c_cycle_rvec_busy,185
0,3,10,78,c_cycle_rvec_busy,37
0,3,11,78,c_cycle_rvec_busy,159
0,3,12,78,c_cycle_rvec_busy,37
0,3,13,78,c_cycle_rvec_busy,179
0,3,14,78,c_cycle_rvec_busy,37
0,3,15,78,c_cycle_rvec_busy,159
0,3,16,78,c_cycle_rvec_busy,37
0,3,17,78,c_cycle_rvec_busy,183
0,3,18,78,c_cycle_rvec_busy,37
0,3,3,79,c_cycle_rvec_back_busy,148
0,3,4,79,c_cycle_rvec_back_busy,26
0,3,5,79,c_cycle_rvec_back_busy,148
0,3,6,79,c_cycle_rvec_back_busy,26
0,3,7,79,c_cycle_rvec_back_busy,148
0,3,8,79,c_cycle_rvec_back_busy,26
0,3,9,79,c_cycle_rvec_back_busy,148
0,3,10,79,c_cycle_rvec_back_busy,26
0,3,11,79,c_cycle_rvec_back_busy,148
0,3,12,79,c_cycle_rvec_back_busy,26
0,3,13,79,c_cycle_rvec_back_busy,148
0,3,14,79,c_cycle_rvec_back_busy,26
0,3,15,79,c_cycle_rvec_back_busy,148
0,3,16,79,c_cycle_rvec_back_busy,26
0,3,17,79,c_cycle_rvec_back_busy,148
0,3,18,79,c_cycle_rvec_back_busy,26
0,3,3,80,c_cycle_rvec_back_send,34
0,3,4,80,c_cycle_rvec_back_send,20
0,3,5,80,c_cycle_rvec_back_send,34
0,3,6,80,c_cycle_rvec_back_send,24
0,3,7,80,c_cycle_rvec_back_send,34
0,3,8,80,c_cycle_rvec_back_send,24
0,3,9,80,c_cycle_rvec_back_send,34
0,3,10,80,c_cycle_rvec_back_send,24
0,3,11,80,c_cycle_rvec_back_send,34
0,3,12,80,c_cycle_rvec_back_send,24
0,3,13,80,c_cycle_rvec_back_send,34
0,3,14,80,c_cycle_rvec_back_send,24
0,3,15,80,c_cycle_rvec_back_send,34
0,3,16,80,c_cycle_rvec_back_send,24
0,3,17,80,c_cycle_rvec_back_send,34
0,3,18,80,c_cycle_rvec_back_send,24
0,3,3,81,c_cycle_smembar_stall_vld,99
0,3,4,81,c_cycle_smembar_stall_vld,0
0,3,5,81,c_cycle_smembar_stall_vld,99
0,3,6,81,c_cycle_smembar_stall_vld,0
0,3,7,81,c_cycle_smembar_stall_vld,103
0,3,8,81,c_cycle_smembar_stall_vld,0
0,3,9,81,c_cycle_smembar_stall_vld,99
0,3,10,81,c_cycle_smembar_stall_vld,0
0,3,11,81,c_cycle_smembar_stall_vld,103
0,3,12,81,c_cycle_smembar_stall_vld,0
0,3,13,81,c_cycle_smembar_stall_vld,99
0,3,14,81,c_cycle_smembar_stall_vld,0
0,3,15,81,c_cycle_smembar_stall_vld,103
0,3,16,81,c_cycle_smembar_stall_vld,0
0,3,17,81,c_cycle_smembar_stall_vld,99
0,3,18,81,c_cycle_smembar_stall_vld,0
0,3,3,82,c_cycle_smembar_stall_vst,0
0,3,4,82,c_cycle_smembar_stall_vst,0
0,3,5,82,c_cycle_smembar_stall_vst,0
0,3,6,82,c_cycle_smembar_stall_vst,0
0,3,7,82,c_cycle_smembar_stall_vst,0
0,3,8,82,c_cycle_smembar_stall_vst,0
0,3,9,82,c_cycle_smembar_stall_vst,0
0,3,10,82,c_cycle_smembar_stall_vst,0
0,3,11,82,c_cycle_smembar_stall_vst,0
0,3,12,82,c_cycle_smembar_stall_vst,0
0,3,13,82,c_cycle_smembar_stall_vst,0
0,3,14,82,c_cycle_smembar_stall_vst,0
0,3,15,82,c_cycle_smembar_stall_vst,0
0,3,16,82,c_cycle_smembar_stall_vst,0
0,3,17,82,c_cycle_smembar_stall_vst,0
0,3,18,82,c_cycle_smembar_stall_vst,0
0,3,3,83,c_cycle_rvec_back_ex_ex_busy,121
0,3,4,83,c_cycle_rvec_back_ex_ex_busy,9
0,3,5,83,c_cycle_rvec_back_ex_ex_busy,121
0,3,6,83,c_cycle_rvec_back_ex_ex_busy,9
0,3,7,83,c_cycle_rvec_back_ex_ex_busy,121
0,3,8,83,c_cycle_rvec_back_ex_ex_busy,9
0,3,9,83,c_cycle_rvec_back_ex_ex_busy,121
0,3,10,83,c_cycle_rvec_back_ex_ex_busy,9
0,3,11,83,c_cycle_rvec_back_ex_ex_busy,121
0,3,12,83,c_cycle_rvec_back_ex_ex_busy,9
0,3,13,83,c_cycle_rvec_back_ex_ex_busy,121
0,3,14,83,c_cycle_rvec_back_ex_ex_busy,9
0,3,15,83,c_cycle_rvec_back_ex_ex_busy,121
0,3,16,83,c_cycle_rvec_back_ex_ex_busy,9
0,3,17,83,c_cycle_rvec_back_ex_ex_busy,121
0,3,18,83,c_cycle_rvec_back_ex_ex_busy,9
0,3,3,84,c_cycle_rvec_back_ld_ld_busy,108
0,3,4,84,c_cycle_rvec_back_ld_ld_busy,2
0,3,5,84,c_cycle_rvec_back_ld_ld_busy,108
0,3,6,84,c_cycle_rvec_back_ld_ld_busy,2
0,3,7,84,c_cycle_rvec_back_ld_ld_busy,113
0,3,8,84,c_cycle_rvec_back_ld_ld_busy,2
0,3,9,84,c_cycle_rvec_back_ld_ld_busy,108
0,3,10,84,c_cycle_rvec_back_ld_ld_busy,2
0,3,11,84,c_cycle_rvec_back_ld_ld_busy,113
0,3,12,84,c_cycle_rvec_back_ld_ld_busy,2
0,3,13,84,c_cycle_rvec_back_ld_ld_busy,108
0,3,14,84,c_cycle_rvec_back_ld_ld_busy,2
0,3,15,84,c_cycle_rvec_back_ld_ld_busy,113
0,3,16,84,c_cycle_rvec_back_ld_ld_busy,2
0,3,17,84,c_cycle_rvec_back_ld_ld_busy,108
0,3,18,84,c_cycle_rvec_back_ld_ld_busy,2
0,3,3,85,c_cycle_rvec_back_ld_ga_busy,0
0,3,4,85,c_cycle_rvec_back_ld_ga_busy,0
0,3,5,85,c_cycle_rvec_back_ld_ga_busy,0
0,3,6,85,c_cycle_rvec_back_ld_ga_busy,0
0,3,7,85,c_cycle_rvec_back_ld_ga_busy,0
0,3,8,85,c_cycle_rvec_back_ld_ga_busy,0
0,3,9,85,c_cycle_rvec_back_ld_ga_busy,0
0,3,10,85,c_cycle_rvec_back_ld_ga_busy,0
0,3,11,85,c_cycle_rvec_back_ld_ga_busy,0
0,3,12,85,c_cycle_rvec_back_ld_ga_busy,0
0,3,13,85,c_cycle_rvec_back_ld_ga_busy,0
0,3,14,85,c_cycle_rvec_back_ld_ga_busy,0
0,3,15,85,c_cycle_rvec_back_ld_ga_busy,0
0,3,16,85,c_cycle_rvec_back_ld_ga_busy,0
0,3,17,85,c_cycle_rvec_back_ld_ga_busy,0
0,3,18,85,c_cycle_rvec_back_ld_ga_busy,0
0,3,3,86,c_cycle_rvec_back_st_st_busy,136
0,3,4,86,c_cycle_rvec_back_st_st_busy,14
0,3,5,86,c_cycle_rvec_back_st_st_busy,136
0,3,6,86,c_cycle_rvec_back_st_st_busy,14
0,3,7,86,c_cycle_rvec_back_st_st_busy,136
0,3,8,86,c_cycle_rvec_back_st_st_busy,14
0,3,9,86,c_cycle_rvec_back_st_st_busy,136
0,3,10,86,c_cycle_rvec_back_st_st_busy,14
0,3,11,86,c_cycle_rvec_back_st_st_busy,136
0,3,12,86,c_cycle_rvec_back_st_st_busy,14
0,3,13,86,c_cycle_rvec_back_st_st_busy,136
0,3,14,86,c_cycle_rvec_back_st_st_busy,14
0,3,15,86,c_cycle_rvec_back_st_st_busy,136
0,3,16,86,c_cycle_rvec_back_st_st_busy,14
0,3,17,86,c_cycle_rvec_back_st_st_busy,136
0,3,18,86,c_cycle_rvec_back_st_st_busy,14
0,3,3,87,c_cycle_rvec_back_st_sc_busy,0
0,3,4,87,c_cycle_rvec_back_st_sc_busy,0
0,3,5,87,c_cycle_rvec_back_st_sc_busy,0
0,3,6,87,c_cycle_rvec_back_st_sc_busy,0
0,3,7,87,c_cycle_rvec_back_st_sc_busy,0
0,3,8,87,c_cycle_rvec_back_st_sc_busy,0
0,3,9,87,c_cycle_rvec_back_st_sc_busy,0
0,3,10,87,c_cycle_rvec_back_st_sc_busy,0
0,3,11,87,c_cycle_rvec_back_st_sc_busy,0
0,3,12,87,c_cycle_rvec_back_st_sc_busy,0
0,3,13,87,c_cycle_rvec_back_st_sc_busy,0
0,3,14,87,c_cycle_rvec_back_st_sc_busy,0
0,3,15,87,c_cycle_rvec_back_st_sc_busy,0
0,3,16,87,c_cycle_rvec_back_st_sc_busy,0
0,3,17,87,c_cycle_rvec_back_st_sc_busy,0
0,3,18,87,c_cycle_rvec_back_st_sc_busy,0
0,3,3,88,c_instr_exq0_fu_addconv,2
0,3,4,88,c_instr_exq0_fu_addconv,1
0,3,5,88,c_instr_exq0_fu_addconv,2
0,3,6,88,c_instr_exq0_fu_addconv,1
0,3,7,88,c_instr_exq0_fu_addconv,2
0,3,8,88,c_instr_exq0_fu_addconv,1
0,3,9,88,c_instr_exq0_fu_addconv,2
0,3,10,88,c_instr_exq0_fu_addconv,1
0,3,11,88,c_instr_exq0_fu_addconv,2
0,3,12,88,c_instr_exq0_fu_addconv,1
0,3,13,88,c_instr_exq0_fu_addconv,2
0,3,14,88,c_instr_exq0_fu_addconv,1
0,3,15,88,c_instr_exq0_fu_addconv,2
0,3,16,88,c_instr_exq0_fu_addconv,1
0,3,17,88,c_instr_exq0_fu_addconv,2
0,3,18,88,c_instr_exq0_fu_addconv,1
0,3,3,89,c_instr_exq0_fu_mul,3
0,3,4,89,c_instr_exq0_fu_mul,0
0,3,5,89,c_instr_exq0_fu_mul,3
0,3,6,89,c_instr_exq0_fu_mul,0
0,3,7,89,c_instr_exq0_fu_mul,3
0,3,8,89,c_instr_exq0_fu_mul,0
0,3,9,89,c_instr_exq0_fu_mul,3
0,3,10,89,c_instr_exq0_fu_mul,0
0,3,11,89,c_instr_exq0_fu_mul,3
0,3,12,89,c_instr_exq0_fu_mul,0
0,3,13,89,c_instr_exq0_fu_mul,3
0,3,14,89,c_instr_exq0_fu_mul,0
0,3,15,89,c_instr_exq0_fu_mul,3
0,3,16,89,c_instr_exq0_fu_mul,0
0,3,17,89,c_instr_exq0_fu_mul,3
0,3,18,89,c_instr_exq0_fu_mul,0
0,3,3,90,c_instr_exq0_fu_mov,5
0,3,4,90,c_instr_exq0_fu_mov,1
0,3,5,90,c_instr_exq0_fu_mov,5
0,3,6,90,c_instr_exq0_fu_mov,1
0,3,7,90,c_instr_exq0_fu_mov,5
0,3,8,90,c_instr_exq0_fu_mov,1
0,3,9,90,c_instr_exq0_fu_mov,5
0,3,10,90,c_instr_exq0_fu_mov,1
0,3,11,90,c_instr_exq0_fu_mov,5
0,3,12,90,c_instr_exq0_fu_mov,1
0,3,13,90,c_instr_exq0_fu_mov,5
0,3,14,90,c_instr_exq0_fu_mov,1
0,3,15,90,c_instr_exq0_fu_mov,5
0,3,16,90,c_instr_exq0_fu_mov,1
0,3,17,90,c_instr_exq0_fu_mov,5
0,3,18,90,c_instr_exq0_fu_mov,1
0,3,3,91,c_instr_exq0_fu_lut,0
0,3,4,91,c_instr_exq0_fu_lut,0
0,3,5,91,c_instr_exq0_fu_lut,0
0,3,6,91,c_instr_exq0_fu_lut,0
0,3,7,91,c_instr_exq0_fu_lut,0
0,3,8,91,c_instr_exq0_fu_lut,0
0,3,9,91,c_instr_exq0_fu_lut,0
0,3,10,91,c_instr_exq0_fu_lut,0
0,3,11,91,c_instr_exq0_fu_lut,0
0,3,12,91,c_instr_exq0_fu_lut,0
0,3,13,91,c_instr_exq0_fu_lut,0
0,3,14,91,c_instr_exq0_fu_lut,0
0,3,15,91,c_instr_exq0_fu_lut,0
0,3,16,91,c_instr_exq0_fu_lut,0
0,3,17,91,c_instr_exq0_fu_lut,0
0,3,18,91,c_instr_exq0_fu_lut,0
0,3,3,92,c_instr_exq0_fu_sfu,0
0,3,4,92,c_instr_exq0_fu_sfu,0
0,3,5,92,c_instr_exq0_fu_sfu,0
0,3,6,92,c_instr_exq0_fu_sfu,0
0,3,7,92,c_instr_exq0_fu_sfu,0
0,3,8,92,c_instr_exq0_fu_sfu,0
0,3,9,92,c_instr_exq0_fu_sfu,0
0,3,10,92,c_instr_exq0_fu_sfu,0
0,3,11,92,c_instr_exq0_fu_sfu,0
0,3,12,92,c_instr_exq0_fu_sfu,0
0,3,13,92,c_instr_exq0_fu_sfu,0
0,3,14,92,c_instr_exq0_fu_sfu,0
0,3,15,92,c_instr_exq0_fu_sfu,0
0,3,16,92,c_instr_exq0_fu_sfu,0
0,3,17,92,c_instr_exq0_fu_sfu,0
0,3,18,92,c_instr_exq0_fu_sfu,0
0,3,3,93,c_instr_exq0_fu_lnexp,2
0,3,4,93,c_instr_exq0_fu_lnexp,0
0,3,5,93,c_instr_exq0_fu_lnexp,2
0,3,6,93,c_instr_exq0_fu_lnexp,0
0,3,7,93,c_instr_exq0_fu_lnexp,2
0,3,8,93,c_instr_exq0_fu_lnexp,0
0,3,9,93,c_instr_exq0_fu_lnexp,2
0,3,10,93,c_instr_exq0_fu_lnexp,0
0,3,11,93,c_instr_exq0_fu_lnexp,2
0,3,12,93,c_instr_exq0_fu_lnexp,0
0,3,13,93,c_instr_exq0_fu_lnexp,2
0,3,14,93,c_instr_exq0_fu_lnexp,0
0,3,15,93,c_instr_exq0_fu_lnexp,2
0,3,16,93,c_instr_exq0_fu_lnexp,0
0,3,17,93,c_instr_exq0_fu_lnexp,2
0,3,18,93,c_instr_exq0_fu_lnexp,0
0,3,3,94,c_instr_exq0_fu_slide,0
0,3,4,94,c_instr_exq0_fu_slide,0
0,3,5,94,c_instr_exq0_fu_slide,0
0,3,6,94,c_instr_exq0_fu_slide,0
0,3,7,94,c_instr_exq0_fu_slide,0
0,3,8,94,c_instr_exq0_fu_slide,0
0,3,9,94,c_instr_exq0_fu_slide,0
0,3,10,94,c_instr_exq0_fu_slide,0
0,3,11,94,c_instr_exq0_fu_slide,0
0,3,12,94,c_instr_exq0_fu_slide,0
0,3,13,94,c_instr_exq0_fu_slide,0
0,3,14,94,c_instr_exq0_fu_slide,0
0,3,15,94,c_instr_exq0_fu_slide,0
0,3,16,94,c_instr_exq0_fu_slide,0
0,3,17,94,c_instr_exq0_fu_slide,0
0,3,18,94,c_instr_exq0_fu_slide,0
0,3,3,95,c_instr_exq1_fu_addconv,2
0,3,4,95,c_instr_exq1_fu_addconv,1
0,3,5,95,c_instr_exq1_fu_addconv,2
0,3,6,95,c_instr_exq1_fu_addconv,1
0,3,7,95,c_instr_exq1_fu_addconv,2
0,3,8,95,c_instr_exq1_fu_addconv,1
0,3,9,95,c_instr_exq1_fu_addconv,2
0,3,10,95,c_instr_exq1_fu_addconv,1
0,3,11,95,c_instr_exq1_fu_addconv,2
0,3,12,95,c_instr_exq1_fu_addconv,1
0,3,13,95,c_instr_exq1_fu_addconv,2
0,3,14,95,c_instr_exq1_fu_addconv,1
0,3,15,95,c_instr_exq1_fu_addconv,2
0,3,16,95,c_instr_exq1_fu_addconv,1
0,3,17,95,c_instr_exq1_fu_addconv,2
0,3,18,95,c_instr_exq1_fu_addconv,1
0,3,3,96,c_instr_exq1_fu_mul,3
0,3,4,96,c_instr_exq1_fu_mul,0
0,3,5,96,c_instr_exq1_fu_mul,3
0,3,6,96,c_instr_exq1_fu_mul,0
0,3,7,96,c_instr_exq1_fu_mul,3
0,3,8,96,c_instr_exq1_fu_mul,0
0,3,9,96,c_instr_exq1_fu_mul,3
0,3,10,96,c_instr_exq1_fu_mul,0
0,3,11,96,c_instr_exq1_fu_mul,3
0,3,12,96,c_instr_exq1_fu_mul,0
0,3,13,96,c_instr_exq1_fu_mul,3
0,3,14,96,c_instr_exq1_fu_mul,0
0,3,15,96,c_instr_exq1_fu_mul,3
0,3,16,96,c_instr_exq1_fu_mul,0
0,3,17,96,c_instr_exq1_fu_mul,3
0,3,18,96,c_instr_exq1_fu_mul,0
0,3,3,97,c_instr_exq1_fu_mov,5
0,3,4,97,c_instr_exq1_fu_mov,1
0,3,5,97,c_instr_exq1_fu_mov,5
0,3,6,97,c_instr_exq1_fu_mov,1
0,3,7,97,c_instr_exq1_fu_mov,5
0,3,8,97,c_instr_exq1_fu_mov,1
0,3,9,97,c_instr_exq1_fu_mov,5
0,3,10,97,c_instr_exq1_fu_mov,1
0,3,11,97,c_instr_exq1_fu_mov,5
0,3,12,97,c_instr_exq1_fu_mov,1
0,3,13,97,c_instr_exq1_fu_mov,5
0,3,14,97,c_instr_exq1_fu_mov,1
0,3,15,97,c_instr_exq1_fu_mov,5
0,3,16,97,c_instr_exq1_fu_mov,1
0,3,17,97,c_instr_exq1_fu_mov,5
0,3,18,97,c_instr_exq1_fu_mov,1
0,3,3,98,c_instr_exq1_fu_lut,0
0,3,4,98,c_instr_exq1_fu_lut,0
0,3,5,98,c_instr_exq1_fu_lut,0
0,3,6,98,c_instr_exq1_fu_lut,0
0,3,7,98,c_instr_exq1_fu_lut,0
0,3,8,98,c_instr_exq1_fu_lut,0
0,3,9,98,c_instr_exq1_fu_lut,0
0,3,10,98,c_instr_exq1_fu_lut,0
0,3,11,98,c_instr_exq1_fu_lut,0
0,3,12,98,c_instr_exq1_fu_lut,0
0,3,13,98,c_instr_exq1_fu_lut,0
0,3,14,98,c_instr_exq1_fu_lut,0
0,3,15,98,c_instr_exq1_fu_lut,0
0,3,16,98,c_instr_exq1_fu_lut,0
0,3,17,98,c_instr_exq1_fu_lut,0
0,3,18,98,c_instr_exq1_fu_lut,0
0,3,3,99,c_instr_exq1_fu_sfu,0
0,3,4,99,c_instr_exq1_fu_sfu,0
0,3,5,99,c_instr_exq1_fu_sfu,0
0,3,6,99,c_instr_exq1_fu_sfu,0
0,3,7,99,c_instr_exq1_fu_sfu,0
0,3,8,99,c_instr_exq1_fu_sfu,0
0,3,9,99,c_instr_exq1_fu_sfu,0
0,3,10,99,c_instr_exq1_fu_sfu,0
0,3,11,99,c_instr_exq1_fu_sfu,0
0,3,12,99,c_instr_exq1_fu_sfu,0
0,3,13,99,c_instr_exq1_fu_sfu,0
0,3,14,99,c_instr_exq1_fu_sfu,0
0,3,15,99,c_instr_exq1_fu_sfu,0
0,3,16,99,c_instr_exq1_fu_sfu,0
0,3,17,99,c_instr_exq1_fu_sfu,0
0,3,18,99,c_instr_exq1_fu_sfu,0
0,3,3,100,c_instr_exq1_fu_lnexp,2
0,3,4,100,c_instr_exq1_fu_lnexp,0
0,3,5,100,c_instr_exq1_fu_lnexp,2
0,3,6,100,c_instr_exq1_fu_lnexp,0
0,3,7,100,c_instr_exq1_fu_lnexp,2
0,3,8,100,c_instr_exq1_fu_lnexp,0
0,3,9,100,c_instr_exq1_fu_lnexp,2
0,3,10,100,c_instr_exq1_fu_lnexp,0
0,3,11,100,c_instr_exq1_fu_lnexp,2
0,3,12,100,c_instr_exq1_fu_lnexp,0
0,3,13,100,c_instr_exq1_fu_lnexp,2
0,3,14,100,c_instr_exq1_fu_lnexp,0
0,3,15,100,c_instr_exq1_fu_lnexp,2
0,3,16,100,c_instr_exq1_fu_lnexp,0
0,3,17,100,c_instr_exq1_fu_lnexp,2
0,3,18,100,c_instr_exq1_fu_lnexp,0
0,3,3,101,c_instr_exq1_fu_slide,0
0,3,4,101,c_instr_exq1_fu_slide,0
0,3,5,101,c_instr_exq1_fu_slide,0
0,3,6,101,c_instr_exq1_fu_slide,0
0,3,7,101,c_instr_exq1_fu_slide,0
0,3,8,101,c_instr_exq1_fu_slide,0
0,3,9,101,c_instr_exq1_fu_slide,0
0,3,10,101,c_instr_exq1_fu_slide,0
0,3,11,101,c_instr_exq1_fu_slide,0
0,3,12,101,c_instr_exq1_fu_slide,0
0,3,13,101,c_instr_exq1_fu_slide,0
0,3,14,101,c_instr_exq1_fu_slide,0
0,3,15,101,c_instr_exq1_fu_slide,0
0,3,16,101,c_instr_exq1_fu_slide,0
0,3,17,101,c_instr_exq1_fu_slide,0
0,3,18,101,c_instr_exq1_fu_slide,0
0,3,3,102,c_instr_exq_single,0
0,3,4,102,c_instr_exq_single,0
0,3,5,102,c_instr_exq_single,0
0,3,6,102,c_instr_exq_single,0
0,3,7,102,c_instr_exq_single,0
0,3,8,102,c_instr_exq_single,0
0,3,9,102,c_instr_exq_single,0
0,3,10,102,c_instr_exq_single,0
0,3,11,102,c_instr_exq_single,0
0,3,12,102,c_instr_exq_single,0
0,3,13,102,c_instr_exq_single,0
0,3,14,102,c_instr_exq_single,0
0,3,15,102,c_instr_exq_single,0
0,3,16,102,c_instr_exq_single,0
0,3,17,102,c_instr_exq_single,0
0,3,18,102,c_instr_exq_single,0
0,3,3,103,c_time_least_throughput,5
0,3,4,103,c_time_least_throughput,1
0,3,5,103,c_time_least_throughput,5
0,3,6,103,c_time_least_throughput,1
0,3,7,103,c_time_least_throughput,5
0,3,8,103,c_time_least_throughput,1
0,3,9,103,c_time_least_throughput,5
0,3,10,103,c_time_least_throughput,1
0,3,11,103,c_time_least_throughput,5
0,3,12,103,c_time_least_throughput,1
0,3,13,103,c_time_least_throughput,5
0,3,14,103,c_time_least_throughput,1
0,3,15,103,c_time_least_throughput,5
0,3,16,103,c_time_least_throughput,1
0,3,17,103,c_time_least_throughput,5
0,3,18,103,c_time_least_throughput,1
0,3,3,104,c_fly_exu0_fu_addconv,14
0,3,4,104,c_fly_exu0_fu_addconv,7
0,3,5,104,c_fly_exu0_fu_addconv,14
0,3,6,104,c_fly_exu0_fu_addconv,7
0,3,7,104,c_fly_exu0_fu_addconv,14
0,3,8,104,c_fly_exu0_fu_addconv,7
0,3,9,104,c_fly_exu0_fu_addconv,14
0,3,10,104,c_fly_exu0_fu_addconv,7
0,3,11,104,c_fly_exu0_fu_addconv,14
0,3,12,104,c_fly_exu0_fu_addconv,7
0,3,13,104,c_fly_exu0_fu_addconv,14
0,3,14,104,c_fly_exu0_fu_addconv,7
0,3,15,104,c_fly_exu0_fu_addconv,14
0,3,16,104,c_fly_exu0_fu_addconv,7
0,3,17,104,c_fly_exu0_fu_addconv,14
0,3,18,104,c_fly_exu0_fu_addconv,7
0,3,3,105,c_fly_exu0_fu_mul,24
0,3,4,105,c_fly_exu0_fu_mul,0
0,3,5,105,c_fly_exu0_fu_mul,24
0,3,6,105,c_fly_exu0_fu_mul,0
0,3,7,105,c_fly_exu0_fu_mul,24
0,3,8,105,c_fly_exu0_fu_mul,0
0,3,9,105,c_fly_exu0_fu_mul,24
0,3,10,105,c_fly_exu0_fu_mul,0
0,3,11,105,c_fly_exu0_fu_mul,24
0,3,12,105,c_fly_exu0_fu_mul,0
0,3,13,105,c_fly_exu0_fu_mul,24
0,3,14,105,c_fly_exu0_fu_mul,0
0,3,15,105,c_fly_exu0_fu_mul,24
0,3,16,105,c_fly_exu0_fu_mul,0
0,3,17,105,c_fly_exu0_fu_mul,24
0,3,18,105,c_fly_exu0_fu_mul,0
0,3,3,106,c_fly_exu0_fu_mov,30
0,3,4,106,c_fly_exu0_fu_mov,6
0,3,5,106,c_fly_exu0_fu_mov,30
0,3,6,106,c_fly_exu0_fu_mov,6
0,3,7,106,c_fly_exu0_fu_mov,30
0,3,8,106,c_fly_exu0_fu_mov,6
0,3,9,106,c_fly_exu0_fu_mov,30
0,3,10,106,c_fly_exu0_fu_mov,6
0,3,11,106,c_fly_exu0_fu_mov,30
0,3,12,106,c_fly_exu0_fu_mov,6
0,3,13,106,c_fly_exu0_fu_mov,30
0,3,14,106,c_fly_exu0_fu_mov,6
0,3,15,106,c_fly_exu0_fu_mov,30
0,3,16,106,c_fly_exu0_fu_mov,6
0,3,17,106,c_fly_exu0_fu_mov,30
0,3,18,106,c_fly_exu0_fu_mov,6
0,3,3,107,c_fly_exu0_fu_lut,0
0,3,4,107,c_fly_exu0_fu_lut,0
0,3,5,107,c_fly_exu0_fu_lut,0
0,3,6,107,c_fly_exu0_fu_lut,0
0,3,7,107,c_fly_exu0_fu_lut,0
0,3,8,107,c_fly_exu0_fu_lut,0
0,3,9,107,c_fly_exu0_fu_lut,0
0,3,10,107,c_fly_exu0_fu_lut,0
0,3,11,107,c_fly_exu0_fu_lut,0
0,3,12,107,c_fly_exu0_fu_lut,0
0,3,13,107,c_fly_exu0_fu_lut,0
0,3,14,107,c_fly_exu0_fu_lut,0
0,3,15,107,c_fly_exu0_fu_lut,0
0,3,16,107,c_fly_exu0_fu_lut,0
0,3,17,107,c_fly_exu0_fu_lut,0
0,3,18,107,c_fly_exu0_fu_lut,0
0,3,3,108,c_fly_exu0_fu_sfu,0
0,3,4,108,c_fly_exu0_fu_sfu,0
0,3,5,108,c_fly_exu0_fu_sfu,0
0,3,6,108,c_fly_exu0_fu_sfu,0
0,3,7,108,c_fly_exu0_fu_sfu,0
0,3,8,108,c_fly_exu0_fu_sfu,0
0,3,9,108,c_fly_exu0_fu_sfu,0
0,3,10,108,c_fly_exu0_fu_sfu,0
0,3,11,108,c_fly_exu0_fu_sfu,0
0,3,12,108,c_fly_exu0_fu_sfu,0
0,3,13,108,c_fly_exu0_fu_sfu,0
0,3,14,108,c_fly_exu0_fu_sfu,0
0,3,15,108,c_fly_exu0_fu_sfu,0
0,3,16,108,c_fly_exu0_fu_sfu,0
0,3,17,108,c_fly_exu0_fu_sfu,0
0,3,18,108,c_fly_exu0_fu_sfu,0
0,3,3,109,c_fly_exu0_fu_lnexp,33
0,3,4,109,c_fly_exu0_fu_lnexp,0
0,3,5,109,c_fly_exu0_fu_lnexp,33
0,3,6,109,c_fly_exu0_fu_lnexp,0
0,3,7,109,c_fly_exu0_fu_lnexp,33
0,3,8,109,c_fly_exu0_fu_lnexp,0
0,3,9,109,c_fly_exu0_fu_lnexp,33
0,3,10,109,c_fly_exu0_fu_lnexp,0
0,3,11,109,c_fly_exu0_fu_lnexp,33
0,3,12,109,c_fly_exu0_fu_lnexp,0
0,3,13,109,c_fly_exu0_fu_lnexp,33
0,3,14,109,c_fly_exu0_fu_lnexp,0
0,3,15,109,c_fly_exu0_fu_lnexp,33
0,3,16,109,c_fly_exu0_fu_lnexp,0
0,3,17,109,c_fly_exu0_fu_lnexp,33
0,3,18,109,c_fly_exu0_fu_lnexp,0
0,3,3,110,c_fly_exu0_fu_slide,0
0,3,4,110,c_fly_exu0_fu_slide,0
0,3,5,110,c_fly_exu0_fu_slide,0
0,3,6,110,c_fly_exu0_fu_slide,0
0,3,7,110,c_fly_exu0_fu_slide,0
0,3,8,110,c_fly_exu0_fu_slide,0
0,3,9,110,c_fly_exu0_fu_slide,0
0,3,10,110,c_fly_exu0_fu_slide,0
0,3,11,110,c_fly_exu0_fu_slide,0
0,3,12,110,c_fly_exu0_fu_slide,0
0,3,13,110,c_fly_exu0_fu_slide,0
0,3,14,110,c_fly_exu0_fu_slide,0
0,3,15,110,c_fly_exu0_fu_slide,0
0,3,16,110,c_fly_exu0_fu_slide,0
0,3,17,110,c_fly_exu0_fu_slide,0
0,3,18,110,c_fly_exu0_fu_slide,0
0,3,3,111,c_fly_exu1_fu_addconv,14
0,3,4,111,c_fly_exu1_fu_addconv,7
0,3,5,111,c_fly_exu1_fu_addconv,14
0,3,6,111,c_fly_exu1_fu_addconv,7
0,3,7,111,c_fly_exu1_fu_addconv,14
0,3,8,111,c_fly_exu1_fu_addconv,7
0,3,9,111,c_fly_exu1_fu_addconv,14
0,3,10,111,c_fly_exu1_fu_addconv,7
0,3,11,111,c_fly_exu1_fu_addconv,14
0,3,12,111,c_fly_exu1_fu_addconv,7
0,3,13,111,c_fly_exu1_fu_addconv,14
0,3,14,111,c_fly_exu1_fu_addconv,7
0,3,15,111,c_fly_exu1_fu_addconv,14
0,3,16,111,c_fly_exu1_fu_addconv,7
0,3,17,111,c_fly_exu1_fu_addconv,14
0,3,18,111,c_fly_exu1_fu_addconv,7
0,3,3,112,c_fly_exu1_fu_mul,24
0,3,4,112,c_fly_exu1_fu_mul,0
0,3,5,112,c_fly_exu1_fu_mul,24
0,3,6,112,c_fly_exu1_fu_mul,0
0,3,7,112,c_fly_exu1_fu_mul,24
0,3,8,112,c_fly_exu1_fu_mul,0
0,3,9,112,c_fly_exu1_fu_mul,24
0,3,10,112,c_fly_exu1_fu_mul,0
0,3,11,112,c_fly_exu1_fu_mul,24
0,3,12,112,c_fly_exu1_fu_mul,0
0,3,13,112,c_fly_exu1_fu_mul,24
0,3,14,112,c_fly_exu1_fu_mul,0
0,3,15,112,c_fly_exu1_fu_mul,24
0,3,16,112,c_fly_exu1_fu_mul,0
0,3,17,112,c_fly_exu1_fu_mul,24
0,3,18,112,c_fly_exu1_fu_mul,0
0,3,3,113,c_fly_exu1_fu_mov,30
0,3,4,113,c_fly_exu1_fu_mov,6
0,3,5,113,c_fly_exu1_fu_mov,30
0,3,6,113,c_fly_exu1_fu_mov,6
0,3,7,113,c_fly_exu1_fu_mov,30
0,3,8,113,c_fly_exu1_fu_mov,6
0,3,9,113,c_fly_exu1_fu_mov,30
0,3,10,113,c_fly_exu1_fu_mov,6
0,3,11,113,c_fly_exu1_fu_mov,30
0,3,12,113,c_fly_exu1_fu_mov,6
0,3,13,113,c_fly_exu1_fu_mov,30
0,3,14,113,c_fly_exu1_fu_mov,6
0,3,15,113,c_fly_exu1_fu_mov,30
0,3,16,113,c_fly_exu1_fu_mov,6
0,3,17,113,c_fly_exu1_fu_mov,30
0,3,18,113,c_fly_exu1_fu_mov,6
0,3,3,114,c_fly_exu1_fu_lut,0
0,3,4,114,c_fly_exu1_fu_lut,0
0,3,5,114,c_fly_exu1_fu_lut,0
0,3,6,114,c_fly_exu1_fu_lut,0
0,3,7,114,c_fly_exu1_fu_lut,0
0,3,8,114,c_fly_exu1_fu_lut,0
0,3,9,114,c_fly_exu1_fu_lut,0
0,3,10,114,c_fly_exu1_fu_lut,0
0,3,11,114,c_fly_exu1_fu_lut,0
0,3,12,114,c_fly_exu1_fu_lut,0
0,3,13,114,c_fly_exu1_fu_lut,0
0,3,14,114,c_fly_exu1_fu_lut,0
0,3,15,114,c_fly_exu1_fu_lut,0
0,3,16,114,c_fly_exu1_fu_lut,0
0,3,17,114,c_fly_exu1_fu_lut,0
0,3,18,114,c_fly_exu1_fu_lut,0
0,3,3,115,c_fly_exu1_fu_sfu,0
0,3,4,115,c_fly_exu1_fu_sfu,0
0,3,5,115,c_fly_exu1_fu_sfu,0
0,3,6,115,c_fly_exu1_fu_sfu,0
0,3,7,115,c_fly_exu1_fu_sfu,0
0,3,8,115,c_fly_exu1_fu_sfu,0
0,3,9,115,c_fly_exu1_fu_sfu,0
0,3,10,115,c_fly_exu1_fu_sfu,0
0,3,11,115,c_fly_exu1_fu_sfu,0
0,3,12,115,c_fly_exu1_fu_sfu,0
0,3,13,115,c_fly_exu1_fu_sfu,0
0,3,14,115,c_fly_exu1_fu_sfu,0
0,3,15,115,c_fly_exu1_fu_sfu,0
0,3,16,115,c_fly_exu1_fu_sfu,0
0,3,17,115,c_fly_exu1_fu_sfu,0
0,3,18,115,c_fly_exu1_fu_sfu,0
0,3,3,116,c_fly_exu1_fu_lnexp,33
0,3,4,116,c_fly_exu1_fu_lnexp,0
0,3,5,116,c_fly_exu1_fu_lnexp,33
0,3,6,116,c_fly_exu1_fu_lnexp,0
0,3,7,116,c_fly_exu1_fu_lnexp,33
0,3,8,116,c_fly_exu1_fu_lnexp,0
0,3,9,116,c_fly_exu1_fu_lnexp,33
0,3,10,116,c_fly_exu1_fu_lnexp,0
0,3,11,116,c_fly_exu1_fu_lnexp,33
0,3,12,116,c_fly_exu1_fu_lnexp,0
0,3,13,116,c_fly_exu1_fu_lnexp,33
0,3,14,116,c_fly_exu1_fu_lnexp,0
0,3,15,116,c_fly_exu1_fu_lnexp,33
0,3,16,116,c_fly_exu1_fu_lnexp,0
0,3,17,116,c_fly_exu1_fu_lnexp,33
0,3,18,116,c_fly_exu1_fu_lnexp,0
0,3,3,117,c_fly_exu1_fu_slide,0
0,3,4,117,c_fly_exu1_fu_slide,0
0,3,5,117,c_fly_exu1_fu_slide,0
0,3,6,117,c_fly_exu1_fu_slide,0
0,3,7,117,c_fly_exu1_fu_slide,0
0,3,8,117,c_fly_exu1_fu_slide,0
0,3,9,117,c_fly_exu1_fu_slide,0
0,3,10,117,c_fly_exu1_fu_slide,0
0,3,11,117,c_fly_exu1_fu_slide,0
0,3,12,117,c_fly_exu1_fu_slide,0
0,3,13,117,c_fly_exu1_fu_slide,0
0,3,14,117,c_fly_exu1_fu_slide,0
0,3,15,117,c_fly_exu1_fu_slide,0
0,3,16,117,c_fly_exu1_fu_slide,0
0,3,17,117,c_fly_exu1_fu_slide,0
0,3,18,117,c_fly_exu1_fu_slide,0
0,3,3,118,c_busy_exu0_fu_addconv,14
0,3,4,118,c_busy_exu0_fu_addconv,7
0,3,5,118,c_busy_exu0_fu_addconv,14
0,3,6,118,c_busy_exu0_fu_addconv,7
0,3,7,118,c_busy_exu0_fu_addconv,14
0,3,8,118,c_busy_exu0_fu_addconv,7
0,3,9,118,c_busy_exu0_fu_addconv,14
0,3,10,118,c_busy_exu0_fu_addconv,7
0,3,11,118,c_busy_exu0_fu_addconv,14
0,3,12,118,c_busy_exu0_fu_addconv,7
0,3,13,118,c_busy_exu0_fu_addconv,14
0,3,14,118,c_busy_exu0_fu_addconv,7
0,3,15,118,c_busy_exu0_fu_addconv,14
0,3,16,118,c_busy_exu0_fu_addconv,7
0,3,17,118,c_busy_exu0_fu_addconv,14
0,3,18,118,c_busy_exu0_fu_addconv,7
0,3,3,119,c_busy_exu0_fu_mul,24
0,3,4,119,c_busy_exu0_fu_mul,0
0,3,5,119,c_busy_exu0_fu_mul,24
0,3,6,119,c_busy_exu0_fu_mul,0
0,3,7,119,c_busy_exu0_fu_mul,24
0,3,8,119,c_busy_exu0_fu_mul,0
0,3,9,119,c_busy_exu0_fu_mul,24
0,3,10,119,c_busy_exu0_fu_mul,0
0,3,11,119,c_busy_exu0_fu_mul,24
0,3,12,119,c_busy_exu0_fu_mul,0
0,3,13,119,c_busy_exu0_fu_mul,24
0,3,14,119,c_busy_exu0_fu_mul,0
0,3,15,119,c_busy_exu0_fu_mul,24
0,3,16,119,c_busy_exu0_fu_mul,0
0,3,17,119,c_busy_exu0_fu_mul,24
0,3,18,119,c_busy_exu0_fu_mul,0
0,3,3,120,c_busy_exu0_fu_mov,30
0,3,4,120,c_busy_exu0_fu_mov,6
0,3,5,120,c_busy_exu0_fu_mov,30
0,3,6,120,c_busy_exu0_fu_mov,6
0,3,7,120,c_busy_exu0_fu_mov,27
0,3,8,120,c_busy_exu0_fu_mov,6
0,3,9,120,c_busy_exu0_fu_mov,30
0,3,10,120,c_busy_exu0_fu_mov,6
0,3,11,120,c_busy_exu0_fu_mov,27
0,3,12,120,c_busy_exu0_fu_mov,6
0,3,13,120,c_busy_exu0_fu_mov,30
0,3,14,120,c_busy_exu0_fu_mov,6
0,3,15,120,c_busy_exu0_fu_mov,27
0,3,16,120,c_busy_exu0_fu_mov,6
0,3,17,120,c_busy_exu0_fu_mov,30
0,3,18,120,c_busy_exu0_fu_mov,6
0,3,3,121,c_busy_exu0_fu_lut,0
0,3,4,121,c_busy_exu0_fu_lut,0
0,3,5,121,c_busy_exu0_fu_lut,0
0,3,6,121,c_busy_exu0_fu_lut,0
0,3,7,121,c_busy_exu0_fu_lut,0
0,3,8,121,c_busy_exu0_fu_lut,0
0,3,9,121,c_busy_exu0_fu_lut,0
0,3,10,121,c_busy_exu0_fu_lut,0
0,3,11,121,c_busy_exu0_fu_lut,0
0,3,12,121,c_busy_exu0_fu_lut,0
0,3,13,121,c_busy_exu0_fu_lut,0
0,3,14,121,c_busy_exu0_fu_lut,0
0,3,15,121,c_busy_exu0_fu_lut,0
0,3,16,121,c_busy_exu0_fu_lut,0
0,3,17,121,c_busy_exu0_fu_lut,0
0,3,18,121,c_busy_exu0_fu_lut,0
0,3,3,122,c_busy_exu0_fu_sfu,0
0,3,4,122,c_busy_exu0_fu_sfu,0
0,3,5,122,c_busy_exu0_fu_sfu,0
0,3,6,122,c_busy_exu0_fu_sfu,0
0,3,7,122,c_busy_exu0_fu_sfu,0
0,3,8,122,c_busy_exu0_fu_sfu,0
0,3,9,122,c_busy_exu0_fu_sfu,0
0,3,10,122,c_busy_exu0_fu_sfu,0
0,3,11,122,c_busy_exu0_fu_sfu,0
0,3,12,122,c_busy_exu0_fu_sfu,0
0,3,13,122,c_busy_exu0_fu_sfu,0
0,3,14,122,c_busy_exu0_fu_sfu,0
0,3,15,122,c_busy_exu0_fu_sfu,0
0,3,16,122,c_busy_exu0_fu_sfu,0
0,3,17,122,c_busy_exu0_fu_sfu,0
0,3,18,122,c_busy_exu0_fu_sfu,0
0,3,3,123,c_busy_exu0_fu_lnexp,33
0,3,4,123,c_busy_exu0_fu_lnexp,0
0,3,5,123,c_busy_exu0_fu_lnexp,33
0,3,6,123,c_busy_exu0_fu_lnexp,0
0,3,7,123,c_busy_exu0_fu_lnexp,33
0,3,8,123,c_busy_exu0_fu_lnexp,0
0,3,9,123,c_busy_exu0_fu_lnexp,33
0,3,10,123,c_busy_exu0_fu_lnexp,0
0,3,11,123,c_busy_exu0_fu_lnexp,33
0,3,12,123,c_busy_exu0_fu_lnexp,0
0,3,13,123,c_busy_exu0_fu_lnexp,33
0,3,14,123,c_busy_exu0_fu_lnexp,0
0,3,15,123,c_busy_exu0_fu_lnexp,33
0,3,16,123,c_busy_exu0_fu_lnexp,0
0,3,17,123,c_busy_exu0_fu_lnexp,33
0,3,18,123,c_busy_exu0_fu_lnexp,0
0,3,3,124,c_busy_exu0_fu_slide,0
0,3,4,124,c_busy_exu0_fu_slide,0
0,3,5,124,c_busy_exu0_fu_slide,0
0,3,6,124,c_busy_exu0_fu_slide,0
0,3,7,124,c_busy_exu0_fu_slide,0
0,3,8,124,c_busy_exu0_fu_slide,0
0,3,9,124,c_busy_exu0_fu_slide,0
0,3,10,124,c_busy_exu0_fu_slide,0
0,3,11,124,c_busy_exu0_fu_slide,0
0,3,12,124,c_busy_exu0_fu_slide,0
0,3,13,124,c_busy_exu0_fu_slide,0
0,3,14,124,c_busy_exu0_fu_slide,0
0,3,15,124,c_busy_exu0_fu_slide,0
0,3,16,124,c_busy_exu0_fu_slide,0
0,3,17,124,c_busy_exu0_fu_slide,0
0,3,18,124,c_busy_exu0_fu_slide,0
0,3,3,125,c_busy_exu1_fu_addconv,14
0,3,4,125,c_busy_exu1_fu_addconv,7
0,3,5,125,c_busy_exu1_fu_addconv,14
0,3,6,125,c_busy_exu1_fu_addconv,7
0,3,7,125,c_busy_exu1_fu_addconv,14
0,3,8,125,c_busy_exu1_fu_addconv,7
0,3,9,125,c_busy_exu1_fu_addconv,14
0,3,10,125,c_busy_exu1_fu_addconv,7
0,3,11,125,c_busy_exu1_fu_addconv,14
0,3,12,125,c_busy_exu1_fu_addconv,7
0,3,13,125,c_busy_exu1_fu_addconv,14
0,3,14,125,c_busy_exu1_fu_addconv,7
0,3,15,125,c_busy_exu1_fu_addconv,14
0,3,16,125,c_busy_exu1_fu_addconv,7
0,3,17,125,c_busy_exu1_fu_addconv,14
0,3,18,125,c_busy_exu1_fu_addconv,7
0,3,3,126,c_busy_exu1_fu_mul,24
0,3,4,126,c_busy_exu1_fu_mul,0
0,3,5,126,c_busy_exu1_fu_mul,24
0,3,6,126,c_busy_exu1_fu_mul,0
0,3,7,126,c_busy_exu1_fu_mul,24
0,3,8,126,c_busy_exu1_fu_mul,0
0,3,9,126,c_busy_exu1_fu_mul,24
0,3,10,126,c_busy_exu1_fu_mul,0
0,3,11,126,c_busy_exu1_fu_mul,24
0,3,12,126,c_busy_exu1_fu_mul,0
0,3,13,126,c_busy_exu1_fu_mul,24
0,3,14,126,c_busy_exu1_fu_mul,0
0,3,15,126,c_busy_exu1_fu_mul,24
0,3,16,126,c_busy_exu1_fu_mul,0
0,3,17,126,c_busy_exu1_fu_mul,24
0,3,18,126,c_busy_exu1_fu_mul,0
0,3,3,127,c_busy_exu1_fu_mov,30
0,3,4,127,c_busy_exu1_fu_mov,6
0,3,5,127,c_busy_exu1_fu_mov,30
0,3,6,127,c_busy_exu1_fu_mov,6
0,3,7,127,c_busy_exu1_fu_mov,27
0,3,8,127,c_busy_exu1_fu_mov,6
0,3,9,127,c_busy_exu1_fu_mov,30
0,3,10,127,c_busy_exu1_fu_mov,6
0,3,11,127,c_busy_exu1_fu_mov,27
0,3,12,127,c_busy_exu1_fu_mov,6
0,3,13,127,c_busy_exu1_fu_mov,30
0,3,14,127,c_busy_exu1_fu_mov,6
0,3,15,127,c_busy_exu1_fu_mov,27
0,3,16,127,c_busy_exu1_fu_mov,6
0,3,17,127,c_busy_exu1_fu_mov,30
0,3,18,127,c_busy_exu1_fu_mov,6
0,3,3,128,c_busy_exu1_fu_lut,0
0,3,4,128,c_busy_exu1_fu_lut,0
0,3,5,128,c_busy_exu1_fu_lut,0
0,3,6,128,c_busy_exu1_fu_lut,0
0,3,7,128,c_busy_exu1_fu_lut,0
0,3,8,128,c_busy_exu1_fu_lut,0
0,3,9,128,c_busy_exu1_fu_lut,0
0,3,10,128,c_busy_exu1_fu_lut,0
0,3,11,128,c_busy_exu1_fu_lut,0
0,3,12,128,c_busy_exu1_fu_lut,0
0,3,13,128,c_busy_exu1_fu_lut,0
0,3,14,128,c_busy_exu1_fu_lut,0
0,3,15,128,c_busy_exu1_fu_lut,0
0,3,16,128,c_busy_exu1_fu_lut,0
0,3,17,128,c_busy_exu1_fu_lut,0
0,3,18,128,c_busy_exu1_fu_lut,0
0,3,3,129,c_busy_exu1_fu_sfu,0
0,3,4,129,c_busy_exu1_fu_sfu,0
0,3,5,129,c_busy_exu1_fu_sfu,0
0,3,6,129,c_busy_exu1_fu_sfu,0
0,3,7,129,c_busy_exu1_fu_sfu,0
0,3,8,129,c_busy_exu1_fu_sfu,0
0,3,9,129,c_busy_exu1_fu_sfu,0
0,3,10,129,c_busy_exu1_fu_sfu,0
0,3,11,129,c_busy_exu1_fu_sfu,0
0,3,12,129,c_busy_exu1_fu_sfu,0
0,3,13,129,c_busy_exu1_fu_sfu,0
0,3,14,129,c_busy_exu1_fu_sfu,0
0,3,15,129,c_busy_exu1_fu_sfu,0
0,3,16,129,c_busy_exu1_fu_sfu,0
0,3,17,129,c_busy_exu1_fu_sfu,0
0,3,18,129,c_busy_exu1_fu_sfu,0
0,3,3,130,c_busy_exu1_fu_lnexp,33
0,3,4,130,c_busy_exu1_fu_lnexp,0
0,3,5,130,c_busy_exu1_fu_lnexp,33
0,3,6,130,c_busy_exu1_fu_lnexp,0
0,3,7,130,c_busy_exu1_fu_lnexp,33
0,3,8,130,c_busy_exu1_fu_lnexp,0
0,3,9,130,c_busy_exu1_fu_lnexp,33
0,3,10,130,c_busy_exu1_fu_lnexp,0
0,3,11,130,c_busy_exu1_fu_lnexp,33
0,3,12,130,c_busy_exu1_fu_lnexp,0
0,3,13,130,c_busy_exu1_fu_lnexp,33
0,3,14,130,c_busy_exu1_fu_lnexp,0
0,3,15,130,c_busy_exu1_fu_lnexp,33
0,3,16,130,c_busy_exu1_fu_lnexp,0
0,3,17,130,c_busy_exu1_fu_lnexp,33
0,3,18,130,c_busy_exu1_fu_lnexp,0
0,3,3,131,c_busy_exu1_fu_slide,0
0,3,4,131,c_busy_exu1_fu_slide,0
0,3,5,131,c_busy_exu1_fu_slide,0
0,3,6,131,c_busy_exu1_fu_slide,0
0,3,7,131,c_busy_exu1_fu_slide,0
0,3,8,131,c_busy_exu1_fu_slide,0
0,3,9,131,c_busy_exu1_fu_slide,0
0,3,10,131,c_busy_exu1_fu_slide,0
0,3,11,131,c_busy_exu1_fu_slide,0
0,3,12,131,c_busy_exu1_fu_slide,0
0,3,13,131,c_busy_exu1_fu_slide,0
0,3,14,131,c_busy_exu1_fu_slide,0
0,3,15,131,c_busy_exu1_fu_slide,0
0,3,16,131,c_busy_exu1_fu_slide,0
0,3,17,131,c_busy_exu1_fu_slide,0
0,3,18,131,c_busy_exu1_fu_slide,0
0,3,3,132,c_exq0_empty,167
0,3,4,132,c_exq0_empty,363
0,3,5,132,c_exq0_empty,167
0,3,6,132,c_exq0_empty,35
0,3,7,132,c_exq0_empty,147
0,3,8,132,c_exq0_empty,35
0,3,9,132,c_exq0_empty,173
0,3,10,132,c_exq0_empty,35
0,3,11,132,c_exq0_empty,147
0,3,12,132,c_exq0_empty,35
0,3,13,132,c_exq0_empty,167
0,3,14,132,c_exq0_empty,35
0,3,15,132,c_exq0_empty,147
0,3,16,132,c_exq0_empty,35
0,3,17,132,c_exq0_empty,171
0,3,18,132,c_exq0_empty,35
0,3,3,133,c_exq1_empty,167
0,3,4,133,c_exq1_empty,363
0,3,5,133,c_exq1_empty,167
0,3,6,133,c_exq1_empty,35
0,3,7,133,c_exq1_empty,147
0,3,8,133,c_exq1_empty,35
0,3,9,133,c_exq1_empty,173
0,3,10,133,c_exq1_empty,35
0,3,11,133,c_exq1_empty,147
0,3,12,133,c_exq1_empty,35
0,3,13,133,c_exq1_empty,167
0,3,14,133,c_exq1_empty,35
0,3,15,133,c_exq1_empty,147
0,3,16,133,c_exq1_empty,35
0,3,17,133,c_exq1_empty,171
0,3,18,133,c_exq1_empty,35
0,3,3,134,c_cycle_exq0_dst_regport_cflt,0
0,3,4,134,c_cycle_exq0_dst_regport_cflt,0
0,3,5,134,c_cycle_exq0_dst_regport_cflt,0
0,3,6,134,c_cycle_exq0_dst_regport_cflt,0
0,3,7,134,c_cycle_exq0_dst_regport_cflt,0
0,3,8,134,c_cycle_exq0_dst_regport_cflt,0
0,3,9,134,c_cycle_exq0_dst_regport_cflt,0
0,3,10,134,c_cycle_exq0_dst_regport_cflt,0
0,3,11,134,c_cycle_exq0_dst_regport_cflt,0
0,3,12,134,c_cycle_exq0_dst_regport_cflt,0
0,3,13,134,c_cycle_exq0_dst_regport_cflt,0
0,3,14,134,c_cycle_exq0_dst_regport_cflt,0
0,3,15,134,c_cycle_exq0_dst_regport_cflt,0
0,3,16,134,c_cycle_exq0_dst_regport_cflt,0
0,3,17,134,c_cycle_exq0_dst_regport_cflt,0
0,3,18,134,c_cycle_exq0_dst_regport_cflt,0
0,3,3,135,c_cycle_exq1_dst_regport_cflt,0
0,3,4,135,c_cycle_exq1_dst_regport_cflt,0
0,3,5,135,c_cycle_exq1_dst_regport_cflt,0
0,3,6,135,c_cycle_exq1_dst_regport_cflt,0
0,3,7,135,c_cycle_exq1_dst_regport_cflt,0
0,3,8,135,c_cycle_exq1_dst_regport_cflt,0
0,3,9,135,c_cycle_exq1_dst_regport_cflt,0
0,3,10,135,c_cycle_exq1_dst_regport_cflt,0
0,3,11,135,c_cycle_exq1_dst_regport_cflt,0
0,3,12,135,c_cycle_exq1_dst_regport_cflt,0
0,3,13,135,c_cycle_exq1_dst_regport_cflt,0
0,3,14,135,c_cycle_exq1_dst_regport_cflt,0
0,3,15,135,c_cycle_exq1_dst_regport_cflt,0
0,3,16,135,c_cycle_exq1_dst_regport_cflt,0
0,3,17,135,c_cycle_exq1_dst_regport_cflt,0
0,3,18,135,c_cycle_exq1_dst_regport_cflt,0
0,3,3,136,c_cycle_exq0_valu_cflt,0
0,3,4,136,c_cycle_exq0_valu_cflt,0
0,3,5,136,c_cycle_exq0_valu_cflt,0
0,3,6,136,c_cycle_exq0_valu_cflt,0
0,3,7,136,c_cycle_exq0_valu_cflt,0
0,3,8,136,c_cycle_exq0_valu_cflt,0
0,3,9,136,c_cycle_exq0_valu_cflt,0
0,3,10,136,c_cycle_exq0_valu_cflt,0
0,3,11,136,c_cycle_exq0_valu_cflt,0
0,3,12,136,c_cycle_exq0_valu_cflt,0
0,3,13,136,c_cycle_exq0_valu_cflt,0
0,3,14,136,c_cycle_exq0_valu_cflt,0
0,3,15,136,c_cycle_exq0_valu_cflt,0
0,3,16,136,c_cycle_exq0_valu_cflt,0
0,3,17,136,c_cycle_exq0_valu_cflt,0
0,3,18,136,c_cycle_exq0_valu_cflt,0
0,3,3,137,c_cycle_exq1_valu_cflt,0
0,3,4,137,c_cycle_exq1_valu_cflt,0
0,3,5,137,c_cycle_exq1_valu_cflt,0
0,3,6,137,c_cycle_exq1_valu_cflt,0
0,3,7,137,c_cycle_exq1_valu_cflt,0
0,3,8,137,c_cycle_exq1_valu_cflt,0
0,3,9,137,c_cycle_exq1_valu_cflt,0
0,3,10,137,c_cycle_exq1_valu_cflt,0
0,3,11,137,c_cycle_exq1_valu_cflt,0
0,3,12,137,c_cycle_exq1_valu_cflt,0
0,3,13,137,c_cycle_exq1_valu_cflt,0
0,3,14,137,c_cycle_exq1_valu_cflt,0
0,3,15,137,c_cycle_exq1_valu_cflt,0
0,3,16,137,c_cycle_exq1_valu_cflt,0
0,3,17,137,c_cycle_exq1_valu_cflt,0
0,3,18,137,c_cycle_exq1_valu_cflt,0
0,3,3,138,c_cycle_exq0_valu_cflt_thrput,0
0,3,4,138,c_cycle_exq0_valu_cflt_thrput,0
0,3,5,138,c_cycle_exq0_valu_cflt_thrput,0
0,3,6,138,c_cycle_exq0_valu_cflt_thrput,0
0,3,7,138,c_cycle_exq0_valu_cflt_thrput,0
0,3,8,138,c_cycle_exq0_valu_cflt_thrput,0
0,3,9,138,c_cycle_exq0_valu_cflt_thrput,0
0,3,10,138,c_cycle_exq0_valu_cflt_thrput,0
0,3,11,138,c_cycle_exq0_valu_cflt_thrput,0
0,3,12,138,c_cycle_exq0_valu_cflt_thrput,0
0,3,13,138,c_cycle_exq0_valu_cflt_thrput,0
0,3,14,138,c_cycle_exq0_valu_cflt_thrput,0
0,3,15,138,c_cycle_exq0_valu_cflt_thrput,0
0,3,16,138,c_cycle_exq0_valu_cflt_thrput,0
0,3,17,138,c_cycle_exq0_valu_cflt_thrput,0
0,3,18,138,c_cycle_exq0_valu_cflt_thrput,0
0,3,3,139,c_cycle_exq1_valu_cflt_thrput,0
0,3,4,139,c_cycle_exq1_valu_cflt_thrput,0
0,3,5,139,c_cycle_exq1_valu_cflt_thrput,0
0,3,6,139,c_cycle_exq1_valu_cflt_thrput,0
0,3,7,139,c_cycle_exq1_valu_cflt_thrput,0
0,3,8,139,c_cycle_exq1_valu_cflt_thrput,0
0,3,9,139,c_cycle_exq1_valu_cflt_thrput,0
0,3,10,139,c_cycle_exq1_valu_cflt_thrput,0
0,3,11,139,c_cycle_exq1_valu_cflt_thrput,0
0,3,12,139,c_cycle_exq1_valu_cflt_thrput,0
0,3,13,139,c_cycle_exq1_valu_cflt_thrput,0
0,3,14,139,c_cycle_exq1_valu_cflt_thrput,0
0,3,15,139,c_cycle_exq1_valu_cflt_thrput,0
0,3,16,139,c_cycle_exq1_valu_cflt_thrput,0
0,3,17,139,c_cycle_exq1_valu_cflt_thrput,0
0,3,18,139,c_cycle_exq1_valu_cflt_thrput,0
0,3,3,140,c_cycle_exq0_valu_cflt_resc,0
0,3,4,140,c_cycle_exq0_valu_cflt_resc,0
0,3,5,140,c_cycle_exq0_valu_cflt_resc,0
0,3,6,140,c_cycle_exq0_valu_cflt_resc,0
0,3,7,140,c_cycle_exq0_valu_cflt_resc,0
0,3,8,140,c_cycle_exq0_valu_cflt_resc,0
0,3,9,140,c_cycle_exq0_valu_cflt_resc,0
0,3,10,140,c_cycle_exq0_valu_cflt_resc,0
0,3,11,140,c_cycle_exq0_valu_cflt_resc,0
0,3,12,140,c_cycle_exq0_valu_cflt_resc,0
0,3,13,140,c_cycle_exq0_valu_cflt_resc,0
0,3,14,140,c_cycle_exq0_valu_cflt_resc,0
0,3,15,140,c_cycle_exq0_valu_cflt_resc,0
0,3,16,140,c_cycle_exq0_valu_cflt_resc,0
0,3,17,140,c_cycle_exq0_valu_cflt_resc,0
0,3,18,140,c_cycle_exq0_valu_cflt_resc,0
0,3,3,141,c_cycle_exq1_valu_cflt_resc,0
0,3,4,141,c_cycle_exq1_valu_cflt_resc,0
0,3,5,141,c_cycle_exq1_valu_cflt_resc,0
0,3,6,141,c_cycle_exq1_valu_cflt_resc,0
0,3,7,141,c_cycle_exq1_valu_cflt_resc,0
0,3,8,141,c_cycle_exq1_valu_cflt_resc,0
0,3,9,141,c_cycle_exq1_valu_cflt_resc,0
0,3,10,141,c_cycle_exq1_valu_cflt_resc,0
0,3,11,141,c_cycle_exq1_valu_cflt_resc,0
0,3,12,141,c_cycle_exq1_valu_cflt_resc,0
0,3,13,141,c_cycle_exq1_valu_cflt_resc,0
0,3,14,141,c_cycle_exq1_valu_cflt_resc,0
0,3,15,141,c_cycle_exq1_valu_cflt_resc,0
0,3,16,141,c_cycle_exq1_valu_cflt_resc,0
0,3,17,141,c_cycle_exq1_valu_cflt_resc,0
0,3,18,141,c_cycle_exq1_valu_cflt_resc,0
0,3,3,142,c_cycle_exq0_src_not_ready_all,0
0,3,4,142,c_cycle_exq0_src_not_ready_all,0
0,3,5,142,c_cycle_exq0_src_not_ready_all,0
0,3,6,142,c_cycle_exq0_src_not_ready_all,0
0,3,7,142,c_cycle_exq0_src_not_ready_all,0
0,3,8,142,c_cycle_exq0_src_not_ready_all,0
0,3,9,142,c_cycle_exq0_src_not_ready_all,0
0,3,10,142,c_cycle_exq0_src_not_ready_all,0
0,3,11,142,c_cycle_exq0_src_not_ready_all,0
0,3,12,142,c_cycle_exq0_src_not_ready_all,0
0,3,13,142,c_cycle_exq0_src_not_ready_all,0
0,3,14,142,c_cycle_exq0_src_not_ready_all,0
0,3,15,142,c_cycle_exq0_src_not_ready_all,0
0,3,16,142,c_cycle_exq0_src_not_ready_all,0
0,3,17,142,c_cycle_exq0_src_not_ready_all,0
0,3,18,142,c_cycle_exq0_src_not_ready_all,0
0,3,3,143,c_cycle_exq1_src_not_ready_all,0
0,3,4,143,c_cycle_exq1_src_not_ready_all,0
0,3,5,143,c_cycle_exq1_src_not_ready_all,0
0,3,6,143,c_cycle_exq1_src_not_ready_all,0
0,3,7,143,c_cycle_exq1_src_not_ready_all,0
0,3,8,143,c_cycle_exq1_src_not_ready_all,0
0,3,9,143,c_cycle_exq1_src_not_ready_all,0
0,3,10,143,c_cycle_exq1_src_not_ready_all,0
0,3,11,143,c_cycle_exq1_src_not_ready_all,0
0,3,12,143,c_cycle_exq1_src_not_ready_all,0
0,3,13,143,c_cycle_exq1_src_not_ready_all,0
0,3,14,143,c_cycle_exq1_src_not_ready_all,0
0,3,15,143,c_cycle_exq1_src_not_ready_all,0
0,3,16,143,c_cycle_exq1_src_not_ready_all,0
0,3,17,143,c_cycle_exq1_src_not_ready_all,0
0,3,18,143,c_cycle_exq1_src_not_ready_all,0
0,3,3,144,c_busy_ex_instr,20
0,3,4,144,c_busy_ex_instr,4
0,3,5,144,c_busy_ex_instr,20
0,3,6,144,c_busy_ex_instr,4
0,3,7,144,c_busy_ex_instr,20
0,3,8,144,c_busy_ex_instr,4
0,3,9,144,c_busy_ex_instr,20
0,3,10,144,c_busy_ex_instr,4
0,3,11,144,c_busy_ex_instr,20
0,3,12,144,c_busy_ex_instr,4
0,3,13,144,c_busy_ex_instr,20
0,3,14,144,c_busy_ex_instr,4
0,3,15,144,c_busy_ex_instr,20
0,3,16,144,c_busy_ex_instr,4
0,3,17,144,c_busy_ex_instr,20
0,3,18,144,c_busy_ex_instr,4
0,3,3,145,c_cycle_stq_st_src_not_ready_all,0
0,3,4,145,c_cycle_stq_st_src_not_ready_all,0
0,3,5,145,c_cycle_stq_st_src_not_ready_all,0
0,3,6,145,c_cycle_stq_st_src_not_ready_all,0
0,3,7,145,c_cycle_stq_st_src_not_ready_all,0
0,3,8,145,c_cycle_stq_st_src_not_ready_all,0
0,3,9,145,c_cycle_stq_st_src_not_ready_all,0
0,3,10,145,c_cycle_stq_st_src_not_ready_all,0
0,3,11,145,c_cycle_stq_st_src_not_ready_all,0
0,3,12,145,c_cycle_stq_st_src_not_ready_all,0
0,3,13,145,c_cycle_stq_st_src_not_ready_all,0
0,3,14,145,c_cycle_stq_st_src_not_ready_all,0
0,3,15,145,c_cycle_stq_st_src_not_ready_all,0
0,3,16,145,c_cycle_stq_st_src_not_ready_all,0
0,3,17,145,c_cycle_stq_st_src_not_ready_all,0
0,3,18,145,c_cycle_stq_st_src_not_ready_all,0
0,3,3,146,c_cycle_stq_sc_src_not_ready_all,0
0,3,4,146,c_cycle_stq_sc_src_not_ready_all,0
0,3,5,146,c_cycle_stq_sc_src_not_ready_all,0
0,3,6,146,c_cycle_stq_sc_src_not_ready_all,0
0,3,7,146,c_cycle_stq_sc_src_not_ready_all,0
0,3,8,146,c_cycle_stq_sc_src_not_ready_all,0
0,3,9,146,c_cycle_stq_sc_src_not_ready_all,0
0,3,10,146,c_cycle_stq_sc_src_not_ready_all,0
0,3,11,146,c_cycle_stq_sc_src_not_ready_all,0
0,3,12,146,c_cycle_stq_sc_src_not_ready_all,0
0,3,13,146,c_cycle_stq_sc_src_not_ready_all,0
0,3,14,146,c_cycle_stq_sc_src_not_ready_all,0
0,3,15,146,c_cycle_stq_sc_src_not_ready_all,0
0,3,16,146,c_cycle_stq_sc_src_not_ready_all,0
0,3,17,146,c_cycle_stq_sc_src_not_ready_all,0
0,3,18,146,c_cycle_stq_sc_src_not_ready_all,0
0,3,3,147,c_cycle_stq_ga_src_not_ready_all,0
0,3,4,147,c_cycle_stq_ga_src_not_ready_all,0
0,3,5,147,c_cycle_stq_ga_src_not_ready_all,0
0,3,6,147,c_cycle_stq_ga_src_not_ready_all,0
0,3,7,147,c_cycle_stq_ga_src_not_ready_all,0
0,3,8,147,c_cycle_stq_ga_src_not_ready_all,0
0,3,9,147,c_cycle_stq_ga_src_not_ready_all,0
0,3,10,147,c_cycle_stq_ga_src_not_ready_all,0
0,3,11,147,c_cycle_stq_ga_src_not_ready_all,0
0,3,12,147,c_cycle_stq_ga_src_not_ready_all,0
0,3,13,147,c_cycle_stq_ga_src_not_ready_all,0
0,3,14,147,c_cycle_stq_ga_src_not_ready_all,0
0,3,15,147,c_cycle_stq_ga_src_not_ready_all,0
0,3,16,147,c_cycle_stq_ga_src_not_ready_all,0
0,3,17,147,c_cycle_stq_ga_src_not_ready_all,0
0,3,18,147,c_cycle_stq_ga_src_not_ready_all,0
0,3,3,148,c_cycle_shq_st_src_not_ready_all,126
0,3,4,148,c_cycle_shq_st_src_not_ready_all,12
0,3,5,148,c_cycle_shq_st_src_not_ready_all,126
0,3,6,148,c_cycle_shq_st_src_not_ready_all,12
0,3,7,148,c_cycle_shq_st_src_not_ready_all,126
0,3,8,148,c_cycle_shq_st_src_not_ready_all,12
0,3,9,148,c_cycle_shq_st_src_not_ready_all,126
0,3,10,148,c_cycle_shq_st_src_not_ready_all,12
0,3,11,148,c_cycle_shq_st_src_not_ready_all,126
0,3,12,148,c_cycle_shq_st_src_not_ready_all,12
0,3,13,148,c_cycle_shq_st_src_not_ready_all,126
0,3,14,148,c_cycle_shq_st_src_not_ready_all,12
0,3,15,148,c_cycle_shq_st_src_not_ready_all,126
0,3,16,148,c_cycle_shq_st_src_not_ready_all,12
0,3,17,148,c_cycle_shq_st_src_not_ready_all,126
0,3,18,148,c_cycle_shq_st_src_not_ready_all,12
0,3,3,149,c_cycle_shq_sc_src_not_ready_all,0
0,3,4,149,c_cycle_shq_sc_src_not_ready_all,0
0,3,5,149,c_cycle_shq_sc_src_not_ready_all,0
0,3,6,149,c_cycle_shq_sc_src_not_ready_all,0
0,3,7,149,c_cycle_shq_sc_src_not_ready_all,0
0,3,8,149,c_cycle_shq_sc_src_not_ready_all,0
0,3,9,149,c_cycle_shq_sc_src_not_ready_all,0
0,3,10,149,c_cycle_shq_sc_src_not_ready_all,0
0,3,11,149,c_cycle_shq_sc_src_not_ready_all,0
0,3,12,149,c_cycle_shq_sc_src_not_ready_all,0
0,3,13,149,c_cycle_shq_sc_src_not_ready_all,0
0,3,14,149,c_cycle_shq_sc_src_not_ready_all,0
0,3,15,149,c_cycle_shq_sc_src_not_ready_all,0
0,3,16,149,c_cycle_shq_sc_src_not_ready_all,0
0,3,17,149,c_cycle_shq_sc_src_not_ready_all,0
0,3,18,149,c_cycle_shq_sc_src_not_ready_all,0
0,3,3,150,c_cycle_shq_ga_src_not_ready_all,0
0,3,4,150,c_cycle_shq_ga_src_not_ready_all,0
0,3,5,150,c_cycle_shq_ga_src_not_ready_all,0
0,3,6,150,c_cycle_shq_ga_src_not_ready_all,0
0,3,7,150,c_cycle_shq_ga_src_not_ready_all,0
0,3,8,150,c_cycle_shq_ga_src_not_ready_all,0
0,3,9,150,c_cycle_shq_ga_src_not_ready_all,0
0,3,10,150,c_cycle_shq_ga_src_not_ready_all,0
0,3,11,150,c_cycle_shq_ga_src_not_ready_all,0
0,3,12,150,c_cycle_shq_ga_src_not_ready_all,0
0,3,13,150,c_cycle_shq_ga_src_not_ready_all,0
0,3,14,150,c_cycle_shq_ga_src_not_ready_all,0
0,3,15,150,c_cycle_shq_ga_src_not_ready_all,0
0,3,16,150,c_cycle_shq_ga_src_not_ready_all,0
0,3,17,150,c_cycle_shq_ga_src_not_ready_all,0
0,3,18,150,c_cycle_shq_ga_src_not_ready_all,0
0,3,3,151,c_cycle_shq_avail_exq0_empty,105
0,3,4,151,c_cycle_shq_avail_exq0_empty,5
0,3,5,151,c_cycle_shq_avail_exq0_empty,105
0,3,6,151,c_cycle_shq_avail_exq0_empty,5
0,3,7,151,c_cycle_shq_avail_exq0_empty,107
0,3,8,151,c_cycle_shq_avail_exq0_empty,5
0,3,9,151,c_cycle_shq_avail_exq0_empty,105
0,3,10,151,c_cycle_shq_avail_exq0_empty,5
0,3,11,151,c_cycle_shq_avail_exq0_empty,107
0,3,12,151,c_cycle_shq_avail_exq0_empty,5
0,3,13,151,c_cycle_shq_avail_exq0_empty,105
0,3,14,151,c_cycle_shq_avail_exq0_empty,5
0,3,15,151,c_cycle_shq_avail_exq0_empty,107
0,3,16,151,c_cycle_shq_avail_exq0_empty,5
0,3,17,151,c_cycle_shq_avail_exq0_empty,105
0,3,18,151,c_cycle_shq_avail_exq0_empty,5
0,3,3,152,c_cycle_shq_avail_exq1_empty,105
0,3,4,152,c_cycle_shq_avail_exq1_empty,5
0,3,5,152,c_cycle_shq_avail_exq1_empty,105
0,3,6,152,c_cycle_shq_avail_exq1_empty,5
0,3,7,152,c_cycle_shq_avail_exq1_empty,107
0,3,8,152,c_cycle_shq_avail_exq1_empty,5
0,3,9,152,c_cycle_shq_avail_exq1_empty,105
0,3,10,152,c_cycle_shq_avail_exq1_empty,5
0,3,11,152,c_cycle_shq_avail_exq1_empty,107
0,3,12,152,c_cycle_shq_avail_exq1_empty,5
0,3,13,152,c_cycle_shq_avail_exq1_empty,105
0,3,14,152,c_cycle_shq_avail_exq1_empty,5
0,3,15,152,c_cycle_shq_avail_exq1_empty,107
0,3,16,152,c_cycle_shq_avail_exq1_empty,5
0,3,17,152,c_cycle_shq_avail_exq1_empty,105
0,3,18,152,c_cycle_shq_avail_exq1_empty,5
0,3,3,153,c_cycle_shq_ex_src_bound_by_ld,89
0,3,4,153,c_cycle_shq_ex_src_bound_by_ld,5
0,3,5,153,c_cycle_shq_ex_src_bound_by_ld,89
0,3,6,153,c_cycle_shq_ex_src_bound_by_ld,5
0,3,7,153,c_cycle_shq_ex_src_bound_by_ld,89
0,3,8,153,c_cycle_shq_ex_src_bound_by_ld,5
0,3,9,153,c_cycle_shq_ex_src_bound_by_ld,89
0,3,10,153,c_cycle_shq_ex_src_bound_by_ld,5
0,3,11,153,c_cycle_shq_ex_src_bound_by_ld,89
0,3,12,153,c_cycle_shq_ex_src_bound_by_ld,5
0,3,13,153,c_cycle_shq_ex_src_bound_by_ld,89
0,3,14,153,c_cycle_shq_ex_src_bound_by_ld,5
0,3,15,153,c_cycle_shq_ex_src_bound_by_ld,89
0,3,16,153,c_cycle_shq_ex_src_bound_by_ld,5
0,3,17,153,c_cycle_shq_ex_src_bound_by_ld,89
0,3,18,153,c_cycle_shq_ex_src_bound_by_ld,5
0,3,3,154,c_busy_ub_instr,107
0,3,4,154,c_busy_ub_instr,4
0,3,5,154,c_busy_ub_instr,107
0,3,6,154,c_busy_ub_instr,4
0,3,7,154,c_busy_ub_instr,112
0,3,8,154,c_busy_ub_instr,4
0,3,9,154,c_busy_ub_instr,107
0,3,10,154,c_busy_ub_instr,4
0,3,11,154,c_busy_ub_instr,112
0,3,12,154,c_busy_ub_instr,4
0,3,13,154,c_busy_ub_instr,107
0,3,14,154,c_busy_ub_instr,4
0,3,15,154,c_busy_ub_instr,112
0,3,16,154,c_busy_ub_instr,4
0,3,17,154,c_busy_ub_instr,107
0,3,18,154,c_busy_ub_instr,4
0,3,3,155,c_cycle_ex0_stall_by_membar,0
0,3,4,155,c_cycle_ex0_stall_by_membar,0
0,3,5,155,c_cycle_ex0_stall_by_membar,0
0,3,6,155,c_cycle_ex0_stall_by_membar,0
0,3,7,155,c_cycle_ex0_stall_by_membar,0
0,3,8,155,c_cycle_ex0_stall_by_membar,0
0,3,9,155,c_cycle_ex0_stall_by_membar,0
0,3,10,155,c_cycle_ex0_stall_by_membar,0
0,3,11,155,c_cycle_ex0_stall_by_membar,0
0,3,12,155,c_cycle_ex0_stall_by_membar,0
0,3,13,155,c_cycle_ex0_stall_by_membar,0
0,3,14,155,c_cycle_ex0_stall_by_membar,0
0,3,15,155,c_cycle_ex0_stall_by_membar,0
0,3,16,155,c_cycle_ex0_stall_by_membar,0
0,3,17,155,c_cycle_ex0_stall_by_membar,0
0,3,18,155,c_cycle_ex0_stall_by_membar,0
0,3,3,156,c_cycle_ex1_stall_by_membar,0
0,3,4,156,c_cycle_ex1_stall_by_membar,0
0,3,5,156,c_cycle_ex1_stall_by_membar,0
0,3,6,156,c_cycle_ex1_stall_by_membar,0
0,3,7,156,c_cycle_ex1_stall_by_membar,0
0,3,8,156,c_cycle_ex1_stall_by_membar,0
0,3,9,156,c_cycle_ex1_stall_by_membar,0
0,3,10,156,c_cycle_ex1_stall_by_membar,0
0,3,11,156,c_cycle_ex1_stall_by_membar,0
0,3,12,156,c_cycle_ex1_stall_by_membar,0
0,3,13,156,c_cycle_ex1_stall_by_membar,0
0,3,14,156,c_cycle_ex1_stall_by_membar,0
0,3,15,156,c_cycle_ex1_stall_by_membar,0
0,3,16,156,c_cycle_ex1_stall_by_membar,0
0,3,17,156,c_cycle_ex1_stall_by_membar,0
0,3,18,156,c_cycle_ex1_stall_by_membar,0
0,3,3,157,c_shq_busy,136
0,3,4,157,c_shq_busy,14
0,3,5,157,c_shq_busy,136
0,3,6,157,c_shq_busy,14
0,3,7,157,c_shq_busy,136
0,3,8,157,c_shq_busy,14
0,3,9,157,c_shq_busy,136
0,3,10,157,c_shq_busy,14
0,3,11,157,c_shq_busy,136
0,3,12,157,c_shq_busy,14
0,3,13,157,c_shq_busy,136
0,3,14,157,c_shq_busy,14
0,3,15,157,c_shq_busy,136
0,3,16,157,c_shq_busy,14
0,3,17,157,c_shq_busy,136
0,3,18,157,c_shq_busy,14
0,3,3,158,c_shq_ex0_busy,117
0,3,4,158,c_shq_ex0_busy,7
0,3,5,158,c_shq_ex0_busy,117
0,3,6,158,c_shq_ex0_busy,7
0,3,7,158,c_shq_ex0_busy,119
0,3,8,158,c_shq_ex0_busy,7
0,3,9,158,c_shq_ex0_busy,117
0,3,10,158,c_shq_ex0_busy,7
0,3,11,158,c_shq_ex0_busy,119
0,3,12,158,c_shq_ex0_busy,7
0,3,13,158,c_shq_ex0_busy,117
0,3,14,158,c_shq_ex0_busy,7
0,3,15,158,c_shq_ex0_busy,119
0,3,16,158,c_shq_ex0_busy,7
0,3,17,158,c_shq_ex0_busy,117
0,3,18,158,c_shq_ex0_busy,7
0,3,3,159,c_shq_ex1_busy,117
0,3,4,159,c_shq_ex1_busy,7
0,3,5,159,c_shq_ex1_busy,117
0,3,6,159,c_shq_ex1_busy,7
0,3,7,159,c_shq_ex1_busy,119
0,3,8,159,c_shq_ex1_busy,7
0,3,9,159,c_shq_ex1_busy,117
0,3,10,159,c_shq_ex1_busy,7
0,3,11,159,c_shq_ex1_busy,119
0,3,12,159,c_shq_ex1_busy,7
0,3,13,159,c_shq_ex1_busy,117
0,3,14,159,c_shq_ex1_busy,7
0,3,15,159,c_shq_ex1_busy,119
0,3,16,159,c_shq_ex1_busy,7
0,3,17,159,c_shq_ex1_busy,117
0,3,18,159,c_shq_ex1_busy,7
0,3,3,160,c_shq_ex_busy,119
0,3,4,160,c_shq_ex_busy,8
0,3,5,160,c_shq_ex_busy,119
0,3,6,160,c_shq_ex_busy,8
0,3,7,160,c_shq_ex_busy,120
0,3,8,160,c_shq_ex_busy,8
0,3,9,160,c_shq_ex_busy,119
0,3,10,160,c_shq_ex_busy,8
0,3,11,160,c_shq_ex_busy,120
0,3,12,160,c_shq_ex_busy,8
0,3,13,160,c_shq_ex_busy,119
0,3,14,160,c_shq_ex_busy,8
0,3,15,160,c_shq_ex_busy,120
0,3,16,160,c_shq_ex_busy,8
0,3,17,160,c_shq_ex_busy,119
0,3,18,160,c_shq_ex_busy,8
0,3,3,161,c_shq_ex0_issue_eq1,12
0,3,4,161,c_shq_ex0_issue_eq1,2
0,3,5,161,c_shq_ex0_issue_eq1,12
0,3,6,161,c_shq_ex0_issue_eq1,2
0,3,7,161,c_shq_ex0_issue_eq1,12
0,3,8,161,c_shq_ex0_issue_eq1,2
0,3,9,161,c_shq_ex0_issue_eq1,12
0,3,10,161,c_shq_ex0_issue_eq1,2
0,3,11,161,c_shq_ex0_issue_eq1,12
0,3,12,161,c_shq_ex0_issue_eq1,2
0,3,13,161,c_shq_ex0_issue_eq1,12
0,3,14,161,c_shq_ex0_issue_eq1,2
0,3,15,161,c_shq_ex0_issue_eq1,12
0,3,16,161,c_shq_ex0_issue_eq1,2
0,3,17,161,c_shq_ex0_issue_eq1,12
0,3,18,161,c_shq_ex0_issue_eq1,2
0,3,3,162,c_shq_ex1_issue_eq1,12
0,3,4,162,c_shq_ex1_issue_eq1,2
0,3,5,162,c_shq_ex1_issue_eq1,12
0,3,6,162,c_shq_ex1_issue_eq1,2
0,3,7,162,c_shq_ex1_issue_eq1,12
0,3,8,162,c_shq_ex1_issue_eq1,2
0,3,9,162,c_shq_ex1_issue_eq1,12
0,3,10,162,c_shq_ex1_issue_eq1,2
0,3,11,162,c_shq_ex1_issue_eq1,12
0,3,12,162,c_shq_ex1_issue_eq1,2
0,3,13,162,c_shq_ex1_issue_eq1,12
0,3,14,162,c_shq_ex1_issue_eq1,2
0,3,15,162,c_shq_ex1_issue_eq1,12
0,3,16,162,c_shq_ex1_issue_eq1,2
0,3,17,162,c_shq_ex1_issue_eq1,12
0,3,18,162,c_shq_ex1_issue_eq1,2
0,3,3,163,c_shq_ex_issue_eq1,16
0,3,4,163,c_shq_ex_issue_eq1,4
0,3,5,163,c_shq_ex_issue_eq1,16
0,3,6,163,c_shq_ex_issue_eq1,4
0,3,7,163,c_shq_ex_issue_eq1,16
0,3,8,163,c_shq_ex_issue_eq1,4
0,3,9,163,c_shq_ex_issue_eq1,16
0,3,10,163,c_shq_ex_issue_eq1,4
0,3,11,163,c_shq_ex_issue_eq1,16
0,3,12,163,c_shq_ex_issue_eq1,4
0,3,13,163,c_shq_ex_issue_eq1,16
0,3,14,163,c_shq_ex_issue_eq1,4
0,3,15,163,c_shq_ex_issue_eq1,16
0,3,16,163,c_shq_ex_issue_eq1,4
0,3,17,163,c_shq_ex_issue_eq1,16
0,3,18,163,c_shq_ex_issue_eq1,4
0,3,3,164,c_shq_ex_issue_eq2,4
0,3,4,164,c_shq_ex_issue_eq2,0
0,3,5,164,c_shq_ex_issue_eq2,4
0,3,6,164,c_shq_ex_issue_eq2,0
0,3,7,164,c_shq_ex_issue_eq2,4
0,3,8,164,c_shq_ex_issue_eq2,0
0,3,9,164,c_shq_ex_issue_eq2,4
0,3,10,164,c_shq_ex_issue_eq2,0
0,3,11,164,c_shq_ex_issue_eq2,4
0,3,12,164,c_shq_ex_issue_eq2,0
0,3,13,164,c_shq_ex_issue_eq2,4
0,3,14,164,c_shq_ex_issue_eq2,0
0,3,15,164,c_shq_ex_issue_eq2,4
0,3,16,164,c_shq_ex_issue_eq2,0
0,3,17,164,c_shq_ex_issue_eq2,4
0,3,18,164,c_shq_ex_issue_eq2,0
0,3,3,165,c_shq_st_busy,136
0,3,4,165,c_shq_st_busy,14
0,3,5,165,c_shq_st_busy,136
0,3,6,165,c_shq_st_busy,14
0,3,7,165,c_shq_st_busy,136
0,3,8,165,c_shq_st_busy,14
0,3,9,165,c_shq_st_busy,136
0,3,10,165,c_shq_st_busy,14
0,3,11,165,c_shq_st_busy,136
0,3,12,165,c_shq_st_busy,14
0,3,13,165,c_shq_st_busy,136
0,3,14,165,c_shq_st_busy,14
0,3,15,165,c_shq_st_busy,136
0,3,16,165,c_shq_st_busy,14
0,3,17,165,c_shq_st_busy,136
0,3,18,165,c_shq_st_busy,14
0,3,3,166,c_shq_st_issue_eq0,126
0,3,4,166,c_shq_st_issue_eq0,12
0,3,5,166,c_shq_st_issue_eq0,126
0,3,6,166,c_shq_st_issue_eq0,12
0,3,7,166,c_shq_st_issue_eq0,126
0,3,8,166,c_shq_st_issue_eq0,12
0,3,9,166,c_shq_st_issue_eq0,126
0,3,10,166,c_shq_st_issue_eq0,12
0,3,11,166,c_shq_st_issue_eq0,126
0,3,12,166,c_shq_st_issue_eq0,12
0,3,13,166,c_shq_st_issue_eq0,126
0,3,14,166,c_shq_st_issue_eq0,12
0,3,15,166,c_shq_st_issue_eq0,126
0,3,16,166,c_shq_st_issue_eq0,12
0,3,17,166,c_shq_st_issue_eq0,126
0,3,18,166,c_shq_st_issue_eq0,12
0,3,3,167,c_shq_st_issue_eq1,10
0,3,4,167,c_shq_st_issue_eq1,2
0,3,5,167,c_shq_st_issue_eq1,10
0,3,6,167,c_shq_st_issue_eq1,2
0,3,7,167,c_shq_st_issue_eq1,10
0,3,8,167,c_shq_st_issue_eq1,2
0,3,9,167,c_shq_st_issue_eq1,10
0,3,10,167,c_shq_st_issue_eq1,2
0,3,11,167,c_shq_st_issue_eq1,10
0,3,12,167,c_shq_st_issue_eq1,2
0,3,13,167,c_shq_st_issue_eq1,10
0,3,14,167,c_shq_st_issue_eq1,2
0,3,15,167,c_shq_st_issue_eq1,10
0,3,16,167,c_shq_st_issue_eq1,2
0,3,17,167,c_shq_st_issue_eq1,10
0,3,18,167,c_shq_st_issue_eq1,2
0,3,3,168,c_shq_sc_busy,0
0,3,4,168,c_shq_sc_busy,0
0,3,5,168,c_shq_sc_busy,0
0,3,6,168,c_shq_sc_busy,0
0,3,7,168,c_shq_sc_busy,0
0,3,8,168,c_shq_sc_busy,0
0,3,9,168,c_shq_sc_busy,0
0,3,10,168,c_shq_sc_busy,0
0,3,11,168,c_shq_sc_busy,0
0,3,12,168,c_shq_sc_busy,0
0,3,13,168,c_shq_sc_busy,0
0,3,14,168,c_shq_sc_busy,0
0,3,15,168,c_shq_sc_busy,0
0,3,16,168,c_shq_sc_busy,0
0,3,17,168,c_shq_sc_busy,0
0,3,18,168,c_shq_sc_busy,0
0,3,3,169,c_shq_sc_issue_eq0,0
0,3,4,169,c_shq_sc_issue_eq0,0
0,3,5,169,c_shq_sc_issue_eq0,0
0,3,6,169,c_shq_sc_issue_eq0,0
0,3,7,169,c_shq_sc_issue_eq0,0
0,3,8,169,c_shq_sc_issue_eq0,0
0,3,9,169,c_shq_sc_issue_eq0,0
0,3,10,169,c_shq_sc_issue_eq0,0
0,3,11,169,c_shq_sc_issue_eq0,0
0,3,12,169,c_shq_sc_issue_eq0,0
0,3,13,169,c_shq_sc_issue_eq0,0
0,3,14,169,c_shq_sc_issue_eq0,0
0,3,15,169,c_shq_sc_issue_eq0,0
0,3,16,169,c_shq_sc_issue_eq0,0
0,3,17,169,c_shq_sc_issue_eq0,0
0,3,18,169,c_shq_sc_issue_eq0,0
0,3,3,170,c_shq_sc_issue_eq1,0
0,3,4,170,c_shq_sc_issue_eq1,0
0,3,5,170,c_shq_sc_issue_eq1,0
0,3,6,170,c_shq_sc_issue_eq1,0
0,3,7,170,c_shq_sc_issue_eq1,0
0,3,8,170,c_shq_sc_issue_eq1,0
0,3,9,170,c_shq_sc_issue_eq1,0
0,3,10,170,c_shq_sc_issue_eq1,0
0,3,11,170,c_shq_sc_issue_eq1,0
0,3,12,170,c_shq_sc_issue_eq1,0
0,3,13,170,c_shq_sc_issue_eq1,0
0,3,14,170,c_shq_sc_issue_eq1,0
0,3,15,170,c_shq_sc_issue_eq1,0
0,3,16,170,c_shq_sc_issue_eq1,0
0,3,17,170,c_shq_sc_issue_eq1,0
0,3,18,170,c_shq_sc_issue_eq1,0
0,3,3,171,c_shq_st_stall.membar,0
0,3,4,171,c_shq_st_stall.membar,0
0,3,5,171,c_shq_st_stall.membar,0
0,3,6,171,c_shq_st_stall.membar,0
0,3,7,171,c_shq_st_stall.membar,0
0,3,8,171,c_shq_st_stall.membar,0
0,3,9,171,c_shq_st_stall.membar,0
0,3,10,171,c_shq_st_stall.membar,0
0,3,11,171,c_shq_st_stall.membar,0
0,3,12,171,c_shq_st_stall.membar,0
0,3,13,171,c_shq_st_stall.membar,0
0,3,14,171,c_shq_st_stall.membar,0
0,3,15,171,c_shq_st_stall.membar,0
0,3,16,171,c_shq_st_stall.membar,0
0,3,17,171,c_shq_st_stall.membar,0
0,3,18,171,c_shq_st_stall.membar,0
0,3,3,172,c_shq_sc_stall.membar,0
0,3,4,172,c_shq_sc_stall.membar,0
0,3,5,172,c_shq_sc_stall.membar,0
0,3,6,172,c_shq_sc_stall.membar,0
0,3,7,172,c_shq_sc_stall.membar,0
0,3,8,172,c_shq_sc_stall.membar,0
0,3,9,172,c_shq_sc_stall.membar,0
0,3,10,172,c_shq_sc_stall.membar,0
0,3,11,172,c_shq_sc_stall.membar,0
0,3,12,172,c_shq_sc_stall.membar,0
0,3,13,172,c_shq_sc_stall.membar,0
0,3,14,172,c_shq_sc_stall.membar,0
0,3,15,172,c_shq_sc_stall.membar,0
0,3,16,172,c_shq_sc_stall.membar,0
0,3,17,172,c_shq_sc_stall.membar,0
0,3,18,172,c_shq_sc_stall.membar,0
0,3,3,173,c_shq_st_sc_stall.membar,0
0,3,4,173,c_shq_st_sc_stall.membar,0
0,3,5,173,c_shq_st_sc_stall.membar,0
0,3,6,173,c_shq_st_sc_stall.membar,0
0,3,7,173,c_shq_st_sc_stall.membar,0
0,3,8,173,c_shq_st_sc_stall.membar,0
0,3,9,173,c_shq_st_sc_stall.membar,0
0,3,10,173,c_shq_st_sc_stall.membar,0
0,3,11,173,c_shq_st_sc_stall.membar,0
0,3,12,173,c_shq_st_sc_stall.membar,0
0,3,13,173,c_shq_st_sc_stall.membar,0
0,3,14,173,c_shq_st_sc_stall.membar,0
0,3,15,173,c_shq_st_sc_stall.membar,0
0,3,16,173,c_shq_st_sc_stall.membar,0
0,3,17,173,c_shq_st_sc_stall.membar,0
0,3,18,173,c_shq_st_sc_stall.membar,0
0,3,3,174,c_shq_st_stall.fu_cflt,0
0,3,4,174,c_shq_st_stall.fu_cflt,0
0,3,5,174,c_shq_st_stall.fu_cflt,0
0,3,6,174,c_shq_st_stall.fu_cflt,0
0,3,7,174,c_shq_st_stall.fu_cflt,0
0,3,8,174,c_shq_st_stall.fu_cflt,0
0,3,9,174,c_shq_st_stall.fu_cflt,0
0,3,10,174,c_shq_st_stall.fu_cflt,0
0,3,11,174,c_shq_st_stall.fu_cflt,0
0,3,12,174,c_shq_st_stall.fu_cflt,0
0,3,13,174,c_shq_st_stall.fu_cflt,0
0,3,14,174,c_shq_st_stall.fu_cflt,0
0,3,15,174,c_shq_st_stall.fu_cflt,0
0,3,16,174,c_shq_st_stall.fu_cflt,0
0,3,17,174,c_shq_st_stall.fu_cflt,0
0,3,18,174,c_shq_st_stall.fu_cflt,0
0,3,3,175,c_shq_sc_stall.fu_cflt,0
0,3,4,175,c_shq_sc_stall.fu_cflt,0
0,3,5,175,c_shq_sc_stall.fu_cflt,0
0,3,6,175,c_shq_sc_stall.fu_cflt,0
0,3,7,175,c_shq_sc_stall.fu_cflt,0
0,3,8,175,c_shq_sc_stall.fu_cflt,0
0,3,9,175,c_shq_sc_stall.fu_cflt,0
0,3,10,175,c_shq_sc_stall.fu_cflt,0
0,3,11,175,c_shq_sc_stall.fu_cflt,0
0,3,12,175,c_shq_sc_stall.fu_cflt,0
0,3,13,175,c_shq_sc_stall.fu_cflt,0
0,3,14,175,c_shq_sc_stall.fu_cflt,0
0,3,15,175,c_shq_sc_stall.fu_cflt,0
0,3,16,175,c_shq_sc_stall.fu_cflt,0
0,3,17,175,c_shq_sc_stall.fu_cflt,0
0,3,18,175,c_shq_sc_stall.fu_cflt,0
0,3,3,176,c_shq_st_sc_stall.fu_cflt,0
0,3,4,176,c_shq_st_sc_stall.fu_cflt,0
0,3,5,176,c_shq_st_sc_stall.fu_cflt,0
0,3,6,176,c_shq_st_sc_stall.fu_cflt,0
0,3,7,176,c_shq_st_sc_stall.fu_cflt,0
0,3,8,176,c_shq_st_sc_stall.fu_cflt,0
0,3,9,176,c_shq_st_sc_stall.fu_cflt,0
0,3,10,176,c_shq_st_sc_stall.fu_cflt,0
0,3,11,176,c_shq_st_sc_stall.fu_cflt,0
0,3,12,176,c_shq_st_sc_stall.fu_cflt,0
0,3,13,176,c_shq_st_sc_stall.fu_cflt,0
0,3,14,176,c_shq_st_sc_stall.fu_cflt,0
0,3,15,176,c_shq_st_sc_stall.fu_cflt,0
0,3,16,176,c_shq_st_sc_stall.fu_cflt,0
0,3,17,176,c_shq_st_sc_stall.fu_cflt,0
0,3,18,176,c_shq_st_sc_stall.fu_cflt,0
0,3,3,177,c_shq_ga_busy,0
0,3,4,177,c_shq_ga_busy,0
0,3,5,177,c_shq_ga_busy,0
0,3,6,177,c_shq_ga_busy,0
0,3,7,177,c_shq_ga_busy,0
0,3,8,177,c_shq_ga_busy,0
0,3,9,177,c_shq_ga_busy,0
0,3,10,177,c_shq_ga_busy,0
0,3,11,177,c_shq_ga_busy,0
0,3,12,177,c_shq_ga_busy,0
0,3,13,177,c_shq_ga_busy,0
0,3,14,177,c_shq_ga_busy,0
0,3,15,177,c_shq_ga_busy,0
0,3,16,177,c_shq_ga_busy,0
0,3,17,177,c_shq_ga_busy,0
0,3,18,177,c_shq_ga_busy,0
0,3,3,178,c_shq_ga_issue_eq0,0
0,3,4,178,c_shq_ga_issue_eq0,0
0,3,5,178,c_shq_ga_issue_eq0,0
0,3,6,178,c_shq_ga_issue_eq0,0
0,3,7,178,c_shq_ga_issue_eq0,0
0,3,8,178,c_shq_ga_issue_eq0,0
0,3,9,178,c_shq_ga_issue_eq0,0
0,3,10,178,c_shq_ga_issue_eq0,0
0,3,11,178,c_shq_ga_issue_eq0,0
0,3,12,178,c_shq_ga_issue_eq0,0
0,3,13,178,c_shq_ga_issue_eq0,0
0,3,14,178,c_shq_ga_issue_eq0,0
0,3,15,178,c_shq_ga_issue_eq0,0
0,3,16,178,c_shq_ga_issue_eq0,0
0,3,17,178,c_shq_ga_issue_eq0,0
0,3,18,178,c_shq_ga_issue_eq0,0
0,3,3,179,c_shq_ga_issue_eq1,0
0,3,4,179,c_shq_ga_issue_eq1,0
0,3,5,179,c_shq_ga_issue_eq1,0
0,3,6,179,c_shq_ga_issue_eq1,0
0,3,7,179,c_shq_ga_issue_eq1,0
0,3,8,179,c_shq_ga_issue_eq1,0
0,3,9,179,c_shq_ga_issue_eq1,0
0,3,10,179,c_shq_ga_issue_eq1,0
0,3,11,179,c_shq_ga_issue_eq1,0
0,3,12,179,c_shq_ga_issue_eq1,0
0,3,13,179,c_shq_ga_issue_eq1,0
0,3,14,179,c_shq_ga_issue_eq1,0
0,3,15,179,c_shq_ga_issue_eq1,0
0,3,16,179,c_shq_ga_issue_eq1,0
0,3,17,179,c_shq_ga_issue_eq1,0
0,3,18,179,c_shq_ga_issue_eq1,0
0,3,3,180,c_shq_ga_stall.membar,0
0,3,4,180,c_shq_ga_stall.membar,0
0,3,5,180,c_shq_ga_stall.membar,0
0,3,6,180,c_shq_ga_stall.membar,0
0,3,7,180,c_shq_ga_stall.membar,0
0,3,8,180,c_shq_ga_stall.membar,0
0,3,9,180,c_shq_ga_stall.membar,0
0,3,10,180,c_shq_ga_stall.membar,0
0,3,11,180,c_shq_ga_stall.membar,0
0,3,12,180,c_shq_ga_stall.membar,0
0,3,13,180,c_shq_ga_stall.membar,0
0,3,14,180,c_shq_ga_stall.membar,0
0,3,15,180,c_shq_ga_stall.membar,0
0,3,16,180,c_shq_ga_stall.membar,0
0,3,17,180,c_shq_ga_stall.membar,0
0,3,18,180,c_shq_ga_stall.membar,0
0,3,3,181,c_shq_ga_stall.fu_cflt,0
0,3,4,181,c_shq_ga_stall.fu_cflt,0
0,3,5,181,c_shq_ga_stall.fu_cflt,0
0,3,6,181,c_shq_ga_stall.fu_cflt,0
0,3,7,181,c_shq_ga_stall.fu_cflt,0
0,3,8,181,c_shq_ga_stall.fu_cflt,0
0,3,9,181,c_shq_ga_stall.fu_cflt,0
0,3,10,181,c_shq_ga_stall.fu_cflt,0
0,3,11,181,c_shq_ga_stall.fu_cflt,0
0,3,12,181,c_shq_ga_stall.fu_cflt,0
0,3,13,181,c_shq_ga_stall.fu_cflt,0
0,3,14,181,c_shq_ga_stall.fu_cflt,0
0,3,15,181,c_shq_ga_stall.fu_cflt,0
0,3,16,181,c_shq_ga_stall.fu_cflt,0
0,3,17,181,c_shq_ga_stall.fu_cflt,0
0,3,18,181,c_shq_ga_stall.fu_cflt,0
0,3,3,182,c_exq0_busy,12
0,3,4,182,c_exq0_busy,2
0,3,5,182,c_exq0_busy,12
0,3,6,182,c_exq0_busy,2
0,3,7,182,c_exq0_busy,12
0,3,8,182,c_exq0_busy,2
0,3,9,182,c_exq0_busy,12
0,3,10,182,c_exq0_busy,2
0,3,11,182,c_exq0_busy,12
0,3,12,182,c_exq0_busy,2
0,3,13,182,c_exq0_busy,12
0,3,14,182,c_exq0_busy,2
0,3,15,182,c_exq0_busy,12
0,3,16,182,c_exq0_busy,2
0,3,17,182,c_exq0_busy,12
0,3,18,182,c_exq0_busy,2
0,3,3,183,c_exq1_busy,12
0,3,4,183,c_exq1_busy,2
0,3,5,183,c_exq1_busy,12
0,3,6,183,c_exq1_busy,2
0,3,7,183,c_exq1_busy,12
0,3,8,183,c_exq1_busy,2
0,3,9,183,c_exq1_busy,12
0,3,10,183,c_exq1_busy,2
0,3,11,183,c_exq1_busy,12
0,3,12,183,c_exq1_busy,2
0,3,13,183,c_exq1_busy,12
0,3,14,183,c_exq1_busy,2
0,3,15,183,c_exq1_busy,12
0,3,16,183,c_exq1_busy,2
0,3,17,183,c_exq1_busy,12
0,3,18,183,c_exq1_busy,2
0,3,3,184,c_exq_busy,20
0,3,4,184,c_exq_busy,4
0,3,5,184,c_exq_busy,20
0,3,6,184,c_exq_busy,4
0,3,7,184,c_exq_busy,20
0,3,8,184,c_exq_busy,4
0,3,9,184,c_exq_busy,20
0,3,10,184,c_exq_busy,4
0,3,11,184,c_exq_busy,20
0,3,12,184,c_exq_busy,4
0,3,13,184,c_exq_busy,20
0,3,14,184,c_exq_busy,4
0,3,15,184,c_exq_busy,20
0,3,16,184,c_exq_busy,4
0,3,17,184,c_exq_busy,20
0,3,18,184,c_exq_busy,4
0,3,3,185,c_exq0_issue_eq0,0
0,3,4,185,c_exq0_issue_eq0,0
0,3,5,185,c_exq0_issue_eq0,0
0,3,6,185,c_exq0_issue_eq0,0
0,3,7,185,c_exq0_issue_eq0,0
0,3,8,185,c_exq0_issue_eq0,0
0,3,9,185,c_exq0_issue_eq0,0
0,3,10,185,c_exq0_issue_eq0,0
0,3,11,185,c_exq0_issue_eq0,0
0,3,12,185,c_exq0_issue_eq0,0
0,3,13,185,c_exq0_issue_eq0,0
0,3,14,185,c_exq0_issue_eq0,0
0,3,15,185,c_exq0_issue_eq0,0
0,3,16,185,c_exq0_issue_eq0,0
0,3,17,185,c_exq0_issue_eq0,0
0,3,18,185,c_exq0_issue_eq0,0
0,3,3,186,c_exq1_issue_eq0,0
0,3,4,186,c_exq1_issue_eq0,0
0,3,5,186,c_exq1_issue_eq0,0
0,3,6,186,c_exq1_issue_eq0,0
0,3,7,186,c_exq1_issue_eq0,0
0,3,8,186,c_exq1_issue_eq0,0
0,3,9,186,c_exq1_issue_eq0,0
0,3,10,186,c_exq1_issue_eq0,0
0,3,11,186,c_exq1_issue_eq0,0
0,3,12,186,c_exq1_issue_eq0,0
0,3,13,186,c_exq1_issue_eq0,0
0,3,14,186,c_exq1_issue_eq0,0
0,3,15,186,c_exq1_issue_eq0,0
0,3,16,186,c_exq1_issue_eq0,0
0,3,17,186,c_exq1_issue_eq0,0
0,3,18,186,c_exq1_issue_eq0,0
0,3,3,187,c_exq0_issue_eq1,12
0,3,4,187,c_exq0_issue_eq1,2
0,3,5,187,c_exq0_issue_eq1,12
0,3,6,187,c_exq0_issue_eq1,2
0,3,7,187,c_exq0_issue_eq1,12
0,3,8,187,c_exq0_issue_eq1,2
0,3,9,187,c_exq0_issue_eq1,12
0,3,10,187,c_exq0_issue_eq1,2
0,3,11,187,c_exq0_issue_eq1,12
0,3,12,187,c_exq0_issue_eq1,2
0,3,13,187,c_exq0_issue_eq1,12
0,3,14,187,c_exq0_issue_eq1,2
0,3,15,187,c_exq0_issue_eq1,12
0,3,16,187,c_exq0_issue_eq1,2
0,3,17,187,c_exq0_issue_eq1,12
0,3,18,187,c_exq0_issue_eq1,2
0,3,3,188,c_exq1_issue_eq1,12
0,3,4,188,c_exq1_issue_eq1,2
0,3,5,188,c_exq1_issue_eq1,12
0,3,6,188,c_exq1_issue_eq1,2
0,3,7,188,c_exq1_issue_eq1,12
0,3,8,188,c_exq1_issue_eq1,2
0,3,9,188,c_exq1_issue_eq1,12
0,3,10,188,c_exq1_issue_eq1,2
0,3,11,188,c_exq1_issue_eq1,12
0,3,12,188,c_exq1_issue_eq1,2
0,3,13,188,c_exq1_issue_eq1,12
0,3,14,188,c_exq1_issue_eq1,2
0,3,15,188,c_exq1_issue_eq1,12
0,3,16,188,c_exq1_issue_eq1,2
0,3,17,188,c_exq1_issue_eq1,12
0,3,18,188,c_exq1_issue_eq1,2
0,3,3,189,c_exq_issue_eq0,0
0,3,4,189,c_exq_issue_eq0,0
0,3,5,189,c_exq_issue_eq0,0
0,3,6,189,c_exq_issue_eq0,0
0,3,7,189,c_exq_issue_eq0,0
0,3,8,189,c_exq_issue_eq0,0
0,3,9,189,c_exq_issue_eq0,0
0,3,10,189,c_exq_issue_eq0,0
0,3,11,189,c_exq_issue_eq0,0
0,3,12,189,c_exq_issue_eq0,0
0,3,13,189,c_exq_issue_eq0,0
0,3,14,189,c_exq_issue_eq0,0
0,3,15,189,c_exq_issue_eq0,0
0,3,16,189,c_exq_issue_eq0,0
0,3,17,189,c_exq_issue_eq0,0
0,3,18,189,c_exq_issue_eq0,0
0,3,3,190,c_exq_issue_eq1,0
0,3,4,190,c_exq_issue_eq1,0
0,3,5,190,c_exq_issue_eq1,0
0,3,6,190,c_exq_issue_eq1,0
0,3,7,190,c_exq_issue_eq1,0
0,3,8,190,c_exq_issue_eq1,0
0,3,9,190,c_exq_issue_eq1,0
0,3,10,190,c_exq_issue_eq1,0
0,3,11,190,c_exq_issue_eq1,0
0,3,12,190,c_exq_issue_eq1,0
0,3,13,190,c_exq_issue_eq1,0
0,3,14,190,c_exq_issue_eq1,0
0,3,15,190,c_exq_issue_eq1,0
0,3,16,190,c_exq_issue_eq1,0
0,3,17,190,c_exq_issue_eq1,0
0,3,18,190,c_exq_issue_eq1,0
0,3,3,191,c_exq0_has_ge2_exq1_has_eq0,0
0,3,4,191,c_exq0_has_ge2_exq1_has_eq0,0
0,3,5,191,c_exq0_has_ge2_exq1_has_eq0,0
0,3,6,191,c_exq0_has_ge2_exq1_has_eq0,0
0,3,7,191,c_exq0_has_ge2_exq1_has_eq0,0
0,3,8,191,c_exq0_has_ge2_exq1_has_eq0,0
0,3,9,191,c_exq0_has_ge2_exq1_has_eq0,0
0,3,10,191,c_exq0_has_ge2_exq1_has_eq0,0
0,3,11,191,c_exq0_has_ge2_exq1_has_eq0,0
0,3,12,191,c_exq0_has_ge2_exq1_has_eq0,0
0,3,13,191,c_exq0_has_ge2_exq1_has_eq0,0
0,3,14,191,c_exq0_has_ge2_exq1_has_eq0,0
0,3,15,191,c_exq0_has_ge2_exq1_has_eq0,0
0,3,16,191,c_exq0_has_ge2_exq1_has_eq0,0
0,3,17,191,c_exq0_has_ge2_exq1_has_eq0,0
0,3,18,191,c_exq0_has_ge2_exq1_has_eq0,0
0,3,3,192,c_exq1_has_ge2_exq0_has_eq0,0
0,3,4,192,c_exq1_has_ge2_exq0_has_eq0,0
0,3,5,192,c_exq1_has_ge2_exq0_has_eq0,0
0,3,6,192,c_exq1_has_ge2_exq0_has_eq0,0
0,3,7,192,c_exq1_has_ge2_exq0_has_eq0,0
0,3,8,192,c_exq1_has_ge2_exq0_has_eq0,0
0,3,9,192,c_exq1_has_ge2_exq0_has_eq0,0
0,3,10,192,c_exq1_has_ge2_exq0_has_eq0,0
0,3,11,192,c_exq1_has_ge2_exq0_has_eq0,0
0,3,12,192,c_exq1_has_ge2_exq0_has_eq0,0
0,3,13,192,c_exq1_has_ge2_exq0_has_eq0,0
0,3,14,192,c_exq1_has_ge2_exq0_has_eq0,0
0,3,15,192,c_exq1_has_ge2_exq0_has_eq0,0
0,3,16,192,c_exq1_has_ge2_exq0_has_eq0,0
0,3,17,192,c_exq1_has_ge2_exq0_has_eq0,0
0,3,18,192,c_exq1_has_ge2_exq0_has_eq0,0
0,3,3,193,c_ldq_ld_busy,108
0,3,4,193,c_ldq_ld_busy,2
0,3,5,193,c_ldq_ld_busy,108
0,3,6,193,c_ldq_ld_busy,2
0,3,7,193,c_ldq_ld_busy,113
0,3,8,193,c_ldq_ld_busy,2
0,3,9,193,c_ldq_ld_busy,108
0,3,10,193,c_ldq_ld_busy,2
0,3,11,193,c_ldq_ld_busy,113
0,3,12,193,c_ldq_ld_busy,2
0,3,13,193,c_ldq_ld_busy,108
0,3,14,193,c_ldq_ld_busy,2
0,3,15,193,c_ldq_ld_busy,113
0,3,16,193,c_ldq_ld_busy,2
0,3,17,193,c_ldq_ld_busy,108
0,3,18,193,c_ldq_ld_busy,2
0,3,3,194,c_ldq_ld_issue_eq0,96
0,3,4,194,c_ldq_ld_issue_eq0,0
0,3,5,194,c_ldq_ld_issue_eq0,96
0,3,6,194,c_ldq_ld_issue_eq0,0
0,3,7,194,c_ldq_ld_issue_eq0,101
0,3,8,194,c_ldq_ld_issue_eq0,0
0,3,9,194,c_ldq_ld_issue_eq0,96
0,3,10,194,c_ldq_ld_issue_eq0,0
0,3,11,194,c_ldq_ld_issue_eq0,101
0,3,12,194,c_ldq_ld_issue_eq0,0
0,3,13,194,c_ldq_ld_issue_eq0,96
0,3,14,194,c_ldq_ld_issue_eq0,0
0,3,15,194,c_ldq_ld_issue_eq0,101
0,3,16,194,c_ldq_ld_issue_eq0,0
0,3,17,194,c_ldq_ld_issue_eq0,96
0,3,18,194,c_ldq_ld_issue_eq0,0
0,3,3,195,c_ldq_ld_issue_eq1,7
0,3,4,195,c_ldq_ld_issue_eq1,0
0,3,5,195,c_ldq_ld_issue_eq1,7
0,3,6,195,c_ldq_ld_issue_eq1,0
0,3,7,195,c_ldq_ld_issue_eq1,7
0,3,8,195,c_ldq_ld_issue_eq1,0
0,3,9,195,c_ldq_ld_issue_eq1,7
0,3,10,195,c_ldq_ld_issue_eq1,0
0,3,11,195,c_ldq_ld_issue_eq1,7
0,3,12,195,c_ldq_ld_issue_eq1,0
0,3,13,195,c_ldq_ld_issue_eq1,7
0,3,14,195,c_ldq_ld_issue_eq1,0
0,3,15,195,c_ldq_ld_issue_eq1,7
0,3,16,195,c_ldq_ld_issue_eq1,0
0,3,17,195,c_ldq_ld_issue_eq1,7
0,3,18,195,c_ldq_ld_issue_eq1,0
0,3,3,196,c_ldq_ld_issue_eq2,2
0,3,4,196,c_ldq_ld_issue_eq2,2
0,3,5,196,c_ldq_ld_issue_eq2,2
0,3,6,196,c_ldq_ld_issue_eq2,2
0,3,7,196,c_ldq_ld_issue_eq2,2
0,3,8,196,c_ldq_ld_issue_eq2,2
0,3,9,196,c_ldq_ld_issue_eq2,2
0,3,10,196,c_ldq_ld_issue_eq2,2
0,3,11,196,c_ldq_ld_issue_eq2,2
0,3,12,196,c_ldq_ld_issue_eq2,2
0,3,13,196,c_ldq_ld_issue_eq2,2
0,3,14,196,c_ldq_ld_issue_eq2,2
0,3,15,196,c_ldq_ld_issue_eq2,2
0,3,16,196,c_ldq_ld_issue_eq2,2
0,3,17,196,c_ldq_ld_issue_eq2,2
0,3,18,196,c_ldq_ld_issue_eq2,2
0,3,3,197,c_ldq_ld_stall.membar,96
0,3,4,197,c_ldq_ld_stall.membar,0
0,3,5,197,c_ldq_ld_stall.membar,96
0,3,6,197,c_ldq_ld_stall.membar,0
0,3,7,197,c_ldq_ld_stall.membar,101
0,3,8,197,c_ldq_ld_stall.membar,0
0,3,9,197,c_ldq_ld_stall.membar,96
0,3,10,197,c_ldq_ld_stall.membar,0
0,3,11,197,c_ldq_ld_stall.membar,101
0,3,12,197,c_ldq_ld_stall.membar,0
0,3,13,197,c_ldq_ld_stall.membar,96
0,3,14,197,c_ldq_ld_stall.membar,0
0,3,15,197,c_ldq_ld_stall.membar,101
0,3,16,197,c_ldq_ld_stall.membar,0
0,3,17,197,c_ldq_ld_stall.membar,96
0,3,18,197,c_ldq_ld_stall.membar,0
0,3,3,198,c_ldq_ld_stall.fu_cflt,0
0,3,4,198,c_ldq_ld_stall.fu_cflt,0
0,3,5,198,c_ldq_ld_stall.fu_cflt,0
0,3,6,198,c_ldq_ld_stall.fu_cflt,0
0,3,7,198,c_ldq_ld_stall.fu_cflt,0
0,3,8,198,c_ldq_ld_stall.fu_cflt,0
0,3,9,198,c_ldq_ld_stall.fu_cflt,0
0,3,10,198,c_ldq_ld_stall.fu_cflt,0
0,3,11,198,c_ldq_ld_stall.fu_cflt,0
0,3,12,198,c_ldq_ld_stall.fu_cflt,0
0,3,13,198,c_ldq_ld_stall.fu_cflt,0
0,3,14,198,c_ldq_ld_stall.fu_cflt,0
0,3,15,198,c_ldq_ld_stall.fu_cflt,0
0,3,16,198,c_ldq_ld_stall.fu_cflt,0
0,3,17,198,c_ldq_ld_stall.fu_cflt,0
0,3,18,198,c_ldq_ld_stall.fu_cflt,0
0,3,3,199,c_stq_st_busy,0
0,3,4,199,c_stq_st_busy,0
0,3,5,199,c_stq_st_busy,0
0,3,6,199,c_stq_st_busy,0
0,3,7,199,c_stq_st_busy,0
0,3,8,199,c_stq_st_busy,0
0,3,9,199,c_stq_st_busy,0
0,3,10,199,c_stq_st_busy,0
0,3,11,199,c_stq_st_busy,0
0,3,12,199,c_stq_st_busy,0
0,3,13,199,c_stq_st_busy,0
0,3,14,199,c_stq_st_busy,0
0,3,15,199,c_stq_st_busy,0
0,3,16,199,c_stq_st_busy,0
0,3,17,199,c_stq_st_busy,0
0,3,18,199,c_stq_st_busy,0
0,3,3,200,c_stq_st_issue_eq0,0
0,3,4,200,c_stq_st_issue_eq0,0
0,3,5,200,c_stq_st_issue_eq0,0
0,3,6,200,c_stq_st_issue_eq0,0
0,3,7,200,c_stq_st_issue_eq0,0
0,3,8,200,c_stq_st_issue_eq0,0
0,3,9,200,c_stq_st_issue_eq0,0
0,3,10,200,c_stq_st_issue_eq0,0
0,3,11,200,c_stq_st_issue_eq0,0
0,3,12,200,c_stq_st_issue_eq0,0
0,3,13,200,c_stq_st_issue_eq0,0
0,3,14,200,c_stq_st_issue_eq0,0
0,3,15,200,c_stq_st_issue_eq0,0
0,3,16,200,c_stq_st_issue_eq0,0
0,3,17,200,c_stq_st_issue_eq0,0
0,3,18,200,c_stq_st_issue_eq0,0
0,3,3,201,c_stq_st_issue_eq1,0
0,3,4,201,c_stq_st_issue_eq1,0
0,3,5,201,c_stq_st_issue_eq1,0
0,3,6,201,c_stq_st_issue_eq1,0
0,3,7,201,c_stq_st_issue_eq1,0
0,3,8,201,c_stq_st_issue_eq1,0
0,3,9,201,c_stq_st_issue_eq1,0
0,3,10,201,c_stq_st_issue_eq1,0
0,3,11,201,c_stq_st_issue_eq1,0
0,3,12,201,c_stq_st_issue_eq1,0
0,3,13,201,c_stq_st_issue_eq1,0
0,3,14,201,c_stq_st_issue_eq1,0
0,3,15,201,c_stq_st_issue_eq1,0
0,3,16,201,c_stq_st_issue_eq1,0
0,3,17,201,c_stq_st_issue_eq1,0
0,3,18,201,c_stq_st_issue_eq1,0
0,3,3,202,c_stq_sc_busy,0
0,3,4,202,c_stq_sc_busy,0
0,3,5,202,c_stq_sc_busy,0
0,3,6,202,c_stq_sc_busy,0
0,3,7,202,c_stq_sc_busy,0
0,3,8,202,c_stq_sc_busy,0
0,3,9,202,c_stq_sc_busy,0
0,3,10,202,c_stq_sc_busy,0
0,3,11,202,c_stq_sc_busy,0
0,3,12,202,c_stq_sc_busy,0
0,3,13,202,c_stq_sc_busy,0
0,3,14,202,c_stq_sc_busy,0
0,3,15,202,c_stq_sc_busy,0
0,3,16,202,c_stq_sc_busy,0
0,3,17,202,c_stq_sc_busy,0
0,3,18,202,c_stq_sc_busy,0
0,3,3,203,c_stq_sc_issue_eq0,0
0,3,4,203,c_stq_sc_issue_eq0,0
0,3,5,203,c_stq_sc_issue_eq0,0
0,3,6,203,c_stq_sc_issue_eq0,0
0,3,7,203,c_stq_sc_issue_eq0,0
0,3,8,203,c_stq_sc_issue_eq0,0
0,3,9,203,c_stq_sc_issue_eq0,0
0,3,10,203,c_stq_sc_issue_eq0,0
0,3,11,203,c_stq_sc_issue_eq0,0
0,3,12,203,c_stq_sc_issue_eq0,0
0,3,13,203,c_stq_sc_issue_eq0,0
0,3,14,203,c_stq_sc_issue_eq0,0
0,3,15,203,c_stq_sc_issue_eq0,0
0,3,16,203,c_stq_sc_issue_eq0,0
0,3,17,203,c_stq_sc_issue_eq0,0
0,3,18,203,c_stq_sc_issue_eq0,0
0,3,3,204,c_stq_sc_issue_eq1,0
0,3,4,204,c_stq_sc_issue_eq1,0
0,3,5,204,c_stq_sc_issue_eq1,0
0,3,6,204,c_stq_sc_issue_eq1,0
0,3,7,204,c_stq_sc_issue_eq1,0
0,3,8,204,c_stq_sc_issue_eq1,0
0,3,9,204,c_stq_sc_issue_eq1,0
0,3,10,204,c_stq_sc_issue_eq1,0
0,3,11,204,c_stq_sc_issue_eq1,0
0,3,12,204,c_stq_sc_issue_eq1,0
0,3,13,204,c_stq_sc_issue_eq1,0
0,3,14,204,c_stq_sc_issue_eq1,0
0,3,15,204,c_stq_sc_issue_eq1,0
0,3,16,204,c_stq_sc_issue_eq1,0
0,3,17,204,c_stq_sc_issue_eq1,0
0,3,18,204,c_stq_sc_issue_eq1,0
0,3,3,205,c_stq_ga_busy,0
0,3,4,205,c_stq_ga_busy,0
0,3,5,205,c_stq_ga_busy,0
0,3,6,205,c_stq_ga_busy,0
0,3,7,205,c_stq_ga_busy,0
0,3,8,205,c_stq_ga_busy,0
0,3,9,205,c_stq_ga_busy,0
0,3,10,205,c_stq_ga_busy,0
0,3,11,205,c_stq_ga_busy,0
0,3,12,205,c_stq_ga_busy,0
0,3,13,205,c_stq_ga_busy,0
0,3,14,205,c_stq_ga_busy,0
0,3,15,205,c_stq_ga_busy,0
0,3,16,205,c_stq_ga_busy,0
0,3,17,205,c_stq_ga_busy,0
0,3,18,205,c_stq_ga_busy,0
0,3,3,206,c_stq_ga_issue_eq0,0
0,3,4,206,c_stq_ga_issue_eq0,0
0,3,5,206,c_stq_ga_issue_eq0,0
0,3,6,206,c_stq_ga_issue_eq0,0
0,3,7,206,c_stq_ga_issue_eq0,0
0,3,8,206,c_stq_ga_issue_eq0,0
0,3,9,206,c_stq_ga_issue_eq0,0
0,3,10,206,c_stq_ga_issue_eq0,0
0,3,11,206,c_stq_ga_issue_eq0,0
0,3,12,206,c_stq_ga_issue_eq0,0
0,3,13,206,c_stq_ga_issue_eq0,0
0,3,14,206,c_stq_ga_issue_eq0,0
0,3,15,206,c_stq_ga_issue_eq0,0
0,3,16,206,c_stq_ga_issue_eq0,0
0,3,17,206,c_stq_ga_issue_eq0,0
0,3,18,206,c_stq_ga_issue_eq0,0
0,3,3,207,c_stq_ga_issue_eq1,0
0,3,4,207,c_stq_ga_issue_eq1,0
0,3,5,207,c_stq_ga_issue_eq1,0
0,3,6,207,c_stq_ga_issue_eq1,0
0,3,7,207,c_stq_ga_issue_eq1,0
0,3,8,207,c_stq_ga_issue_eq1,0
0,3,9,207,c_stq_ga_issue_eq1,0
0,3,10,207,c_stq_ga_issue_eq1,0
0,3,11,207,c_stq_ga_issue_eq1,0
0,3,12,207,c_stq_ga_issue_eq1,0
0,3,13,207,c_stq_ga_issue_eq1,0
0,3,14,207,c_stq_ga_issue_eq1,0
0,3,15,207,c_stq_ga_issue_eq1,0
0,3,16,207,c_stq_ga_issue_eq1,0
0,3,17,207,c_stq_ga_issue_eq1,0
0,3,18,207,c_stq_ga_issue_eq1,0
0,3,3,208,c_stq_st_stall.membar,0
0,3,4,208,c_stq_st_stall.membar,0
0,3,5,208,c_stq_st_stall.membar,0
0,3,6,208,c_stq_st_stall.membar,0
0,3,7,208,c_stq_st_stall.membar,0
0,3,8,208,c_stq_st_stall.membar,0
0,3,9,208,c_stq_st_stall.membar,0
0,3,10,208,c_stq_st_stall.membar,0
0,3,11,208,c_stq_st_stall.membar,0
0,3,12,208,c_stq_st_stall.membar,0
0,3,13,208,c_stq_st_stall.membar,0
0,3,14,208,c_stq_st_stall.membar,0
0,3,15,208,c_stq_st_stall.membar,0
0,3,16,208,c_stq_st_stall.membar,0
0,3,17,208,c_stq_st_stall.membar,0
0,3,18,208,c_stq_st_stall.membar,0
0,3,3,209,c_stq_sc_stall.membar,0
0,3,4,209,c_stq_sc_stall.membar,0
0,3,5,209,c_stq_sc_stall.membar,0
0,3,6,209,c_stq_sc_stall.membar,0
0,3,7,209,c_stq_sc_stall.membar,0
0,3,8,209,c_stq_sc_stall.membar,0
0,3,9,209,c_stq_sc_stall.membar,0
0,3,10,209,c_stq_sc_stall.membar,0
0,3,11,209,c_stq_sc_stall.membar,0
0,3,12,209,c_stq_sc_stall.membar,0
0,3,13,209,c_stq_sc_stall.membar,0
0,3,14,209,c_stq_sc_stall.membar,0
0,3,15,209,c_stq_sc_stall.membar,0
0,3,16,209,c_stq_sc_stall.membar,0
0,3,17,209,c_stq_sc_stall.membar,0
0,3,18,209,c_stq_sc_stall.membar,0
0,3,3,210,c_stq_st_sc_stall.membar,0
0,3,4,210,c_stq_st_sc_stall.membar,0
0,3,5,210,c_stq_st_sc_stall.membar,0
0,3,6,210,c_stq_st_sc_stall.membar,0
0,3,7,210,c_stq_st_sc_stall.membar,0
0,3,8,210,c_stq_st_sc_stall.membar,0
0,3,9,210,c_stq_st_sc_stall.membar,0
0,3,10,210,c_stq_st_sc_stall.membar,0
0,3,11,210,c_stq_st_sc_stall.membar,0
0,3,12,210,c_stq_st_sc_stall.membar,0
0,3,13,210,c_stq_st_sc_stall.membar,0
0,3,14,210,c_stq_st_sc_stall.membar,0
0,3,15,210,c_stq_st_sc_stall.membar,0
0,3,16,210,c_stq_st_sc_stall.membar,0
0,3,17,210,c_stq_st_sc_stall.membar,0
0,3,18,210,c_stq_st_sc_stall.membar,0
0,3,3,211,c_stq_ga_stall.membar,0
0,3,4,211,c_stq_ga_stall.membar,0
0,3,5,211,c_stq_ga_stall.membar,0
0,3,6,211,c_stq_ga_stall.membar,0
0,3,7,211,c_stq_ga_stall.membar,0
0,3,8,211,c_stq_ga_stall.membar,0
0,3,9,211,c_stq_ga_stall.membar,0
0,3,10,211,c_stq_ga_stall.membar,0
0,3,11,211,c_stq_ga_stall.membar,0
0,3,12,211,c_stq_ga_stall.membar,0
0,3,13,211,c_stq_ga_stall.membar,0
0,3,14,211,c_stq_ga_stall.membar,0
0,3,15,211,c_stq_ga_stall.membar,0
0,3,16,211,c_stq_ga_stall.membar,0
0,3,17,211,c_stq_ga_stall.membar,0
0,3,18,211,c_stq_ga_stall.membar,0
0,3,3,212,c_stq_st_stall.fu_cflt,0
0,3,4,212,c_stq_st_stall.fu_cflt,0
0,3,5,212,c_stq_st_stall.fu_cflt,0
0,3,6,212,c_stq_st_stall.fu_cflt,0
0,3,7,212,c_stq_st_stall.fu_cflt,0
0,3,8,212,c_stq_st_stall.fu_cflt,0
0,3,9,212,c_stq_st_stall.fu_cflt,0
0,3,10,212,c_stq_st_stall.fu_cflt,0
0,3,11,212,c_stq_st_stall.fu_cflt,0
0,3,12,212,c_stq_st_stall.fu_cflt,0
0,3,13,212,c_stq_st_stall.fu_cflt,0
0,3,14,212,c_stq_st_stall.fu_cflt,0
0,3,15,212,c_stq_st_stall.fu_cflt,0
0,3,16,212,c_stq_st_stall.fu_cflt,0
0,3,17,212,c_stq_st_stall.fu_cflt,0
0,3,18,212,c_stq_st_stall.fu_cflt,0
0,3,3,213,c_stq_sc_stall.fu_cflt,0
0,3,4,213,c_stq_sc_stall.fu_cflt,0
0,3,5,213,c_stq_sc_stall.fu_cflt,0
0,3,6,213,c_stq_sc_stall.fu_cflt,0
0,3,7,213,c_stq_sc_stall.fu_cflt,0
0,3,8,213,c_stq_sc_stall.fu_cflt,0
0,3,9,213,c_stq_sc_stall.fu_cflt,0
0,3,10,213,c_stq_sc_stall.fu_cflt,0
0,3,11,213,c_stq_sc_stall.fu_cflt,0
0,3,12,213,c_stq_sc_stall.fu_cflt,0
0,3,13,213,c_stq_sc_stall.fu_cflt,0
0,3,14,213,c_stq_sc_stall.fu_cflt,0
0,3,15,213,c_stq_sc_stall.fu_cflt,0
0,3,16,213,c_stq_sc_stall.fu_cflt,0
0,3,17,213,c_stq_sc_stall.fu_cflt,0
0,3,18,213,c_stq_sc_stall.fu_cflt,0
0,3,3,214,c_stq_st_sc_stall.fu_cflt,0
0,3,4,214,c_stq_st_sc_stall.fu_cflt,0
0,3,5,214,c_stq_st_sc_stall.fu_cflt,0
0,3,6,214,c_stq_st_sc_stall.fu_cflt,0
0,3,7,214,c_stq_st_sc_stall.fu_cflt,0
0,3,8,214,c_stq_st_sc_stall.fu_cflt,0
0,3,9,214,c_stq_st_sc_stall.fu_cflt,0
0,3,10,214,c_stq_st_sc_stall.fu_cflt,0
0,3,11,214,c_stq_st_sc_stall.fu_cflt,0
0,3,12,214,c_stq_st_sc_stall.fu_cflt,0
0,3,13,214,c_stq_st_sc_stall.fu_cflt,0
0,3,14,214,c_stq_st_sc_stall.fu_cflt,0
0,3,15,214,c_stq_st_sc_stall.fu_cflt,0
0,3,16,214,c_stq_st_sc_stall.fu_cflt,0
0,3,17,214,c_stq_st_sc_stall.fu_cflt,0
0,3,18,214,c_stq_st_sc_stall.fu_cflt,0
0,3,3,215,c_stq_ga_stall.fu_cflt,0
0,3,4,215,c_stq_ga_stall.fu_cflt,0
0,3,5,215,c_stq_ga_stall.fu_cflt,0
0,3,6,215,c_stq_ga_stall.fu_cflt,0
0,3,7,215,c_stq_ga_stall.fu_cflt,0
0,3,8,215,c_stq_ga_stall.fu_cflt,0
0,3,9,215,c_stq_ga_stall.fu_cflt,0
0,3,10,215,c_stq_ga_stall.fu_cflt,0
0,3,11,215,c_stq_ga_stall.fu_cflt,0
0,3,12,215,c_stq_ga_stall.fu_cflt,0
0,3,13,215,c_stq_ga_stall.fu_cflt,0
0,3,14,215,c_stq_ga_stall.fu_cflt,0
0,3,15,215,c_stq_ga_stall.fu_cflt,0
0,3,16,215,c_stq_ga_stall.fu_cflt,0
0,3,17,215,c_stq_ga_stall.fu_cflt,0
0,3,18,215,c_stq_ga_stall.fu_cflt,0
